x	y	clickSelects
-0.10120388345859	1.7649710953042	28
0.1133677210745	1.15218703973088	304
0.0104293760021901	0.703858738136818	304
-0.06140236215805	0.99300513240272	441
-0.0923089966553201	0.613420184707873	91
-0.0928897644795099	0.614114746971278	91
0.0827949434456099	0.351348125137152	7
0.08433154911069	0.353063396931639	7
0.0832282411926699	0.353813253690907	723
0.08389724920787	0.35308024748219	251
0.08389724920787	0.35308024748219	251
0.08389724920787	0.35308024748219	251
0.08389724920787	0.35308024748219	251
0.08433154911069	0.353063396931639	123
0.08409384551661	0.351201143085869	217
0.0832282411926699	0.353813253690907	217
0.08433154911069	0.353063396931639	1641
0.0834626177679601	0.350627556007068	104
0.08389724920787	0.35308024748219	104
0.08433154911069	0.353063396931639	104
0.0776308377785999	0.353254771284329	219
0.0836612084574	0.353796776180306	340
0.06141763872735	0.801055618991036	99
-0.0886029164092501	0.610961857710409	99
0.07129858619001	0.809074291634371	3
0.0132557232425701	1.51370465612822	441
-0.09277677301109	0.618051447663223	441
-0.0886029164092501	0.610961857710409	83
0.08433154911069	0.353063396931639	83
0.08433154911069	0.353063396931639	104
0.078740328104	0.354268648704258	140
0.08389724920787	0.35308024748219	155
0.08692119774658	0.34863993750454	252
0.078740328104	0.354268648704258	235
0.08433154911069	0.353063396931639	147
-0.0923089966553201	0.613420184707873	441
0.08433154911069	0.353063396931639	441
0.00597071346676992	0.708800590608696	91
0.0776308377785999	0.353254771284329	7
0.0827949434456099	0.351348125137152	7
0.0860442468296601	0.351212781854335	251
0.0860442468296601	0.351212781854335	251
0.07829726163104	0.352528986232316	123
0.0836612084574	0.353796776180306	104
0.08433154911069	0.353063396931639	88
0.0832282411926699	0.353813253690907	23
0.0836612084574	0.353796776180306	213
0.0780725558570901	0.355003538565994	632
0.08476551775475	0.350479641287103	219
0.0836612084574	0.353796776180306	219
0.0827949434456099	0.351348125137152	340
0.10726080866804	0.901447902382838	99
-0.09170049142043	1.25437320652871	3
0.0668199808158101	1.12687545528905	3
0.0864828896900201	0.351194977573717	950
0.0832282411926699	0.353813253690907	7
0.0836612084574	0.353796776180306	1558
0.0827949434456099	0.351348125137152	251
0.0832282411926699	0.353813253690907	251
0.08433154911069	0.353063396931639	6
0.08409384551661	0.351201143085869	123
0.08433154911069	0.353063396931639	1296
0.0834626177679601	0.350627556007068	219
0.0834626177679601	0.350627556007068	757
0.08433154911069	0.353063396931639	235
0.08389724920787	0.35308024748219	235
0.10612379225157	1.83730860511541	99
0.00620341445617001	1.07606039036584	99
-0.0407097905909799	1.49605883488802	3
0.00629567884194993	1.07115835410668	441
0.07355075495291	0.351767220057335	7
0.0836612084574	0.353796776180306	1558
0.08389724920787	0.35308024748219	723
0.0832282411926699	0.353813253690907	293
0.08433154911069	0.353063396931639	562
0.0832282411926699	0.353813253690907	562
0.0860442468296601	0.351212781854335	104
0.0832282411926699	0.353813253690907	88
0.0728842294822201	0.352484021879961	1123
0.0856052688821001	0.348790501536787	219
0.08433154911069	0.353063396931639	340
0.0827949434456099	0.351348125137152	32
0.0856052688821001	0.348790501536787	757
0.0836612084574	0.353796776180306	378
0.0799690931399	1.59058982240136	3
-0.1058681387198	1.45430675846481	3
0.0761996996015699	0.799490055272	304
0.00772811908816995	0.692892017896639	950
-0.09359867759413	0.612961886169683	950
0.11815852106188	0.889198713062027	91
0.0679584590901501	0.810917419847307	91
0.08389724920787	0.35308024748219	7
0.08433154911069	0.353063396931639	293
-0.08929532530804	0.611503303249929	562
0.078740328104	0.354268648704258	562
-0.09277677301109	0.618051447663223	1296
0.0832282411926699	0.353813253690907	23
0.0832282411926699	0.353813253690907	1481
0.08433154911069	0.353063396931639	632
0.0776308377785999	0.353254771284329	155
0.08433154911069	0.353063396931639	75
0.0836612084574	0.353796776180306	81
0.0834626177679601	0.350627556007068	81
0.08389724920787	0.35308024748219	130
0.08433154911069	0.353063396931639	757
-0.10235219210551	0.612917741253239	91
0.01024881889677	0.704655106482344	91
-0.0915607882511999	1.2431928330501	91
-0.10104877172973	0.616167841129993	91
-0.09219551471333	0.618497753906037	7
0.08433154911069	0.353063396931639	251
0.0791830561319999	0.352341346328956	123
0.08433154911069	0.353063396931639	123
-0.09219551471333	0.618497753906037	123
0.0832282411926699	0.353813253690907	123
0.0808859977810901	0.352395520307134	217
0.08389724920787	0.35308024748219	38
0.08409384551661	0.351201143085869	1296
0.078740328104	0.354268648704258	1481
0.08433154911069	0.353063396931639	213
0.08692119774658	0.34863993750454	81
0.07851393657289	0.353067612488471	342
0.0776308377785999	0.353254771284329	32
0.08389724920787	0.35308024748219	757
0.06452172271462	1.12170026899935	28
-0.00100151890810007	0.697123554401596	28
0.12333729683409	0.899688977191061	441
-0.0923089966553201	0.613420184707873	441
0.00956212242154009	1.06614306196617	441
0.0836612084574	0.353796776180306	1612
0.08133311970863	0.350488964511777	950
0.0791830561319999	0.352341346328956	91
0.08433154911069	0.353063396931639	7
0.0104293760021901	0.703858738136818	7
0.0581497324309299	0.79610088152585	7
0.07851393657289	0.353067612488471	251
0.0737223370926801	0.80191734477436	85
-0.08622067178286	1.21461248353324	85
0.00657677133893997	0.708596444931798	104
0.08389724920787	0.35308024748219	104
0.01085604485653	0.703292380877635	88
0.01236086606151	0.700301842815124	88
0.0832282411926699	0.353813253690907	88
0.0860442468296601	0.351212781854335	1123
0.08433154911069	0.353063396931639	155
0.0776308377785999	0.353254771284329	155
0.08433154911069	0.353063396931639	342
0.08409384551661	0.351201143085869	604
0.0780725558570901	0.355003538565994	32
0.0832282411926699	0.353813253690907	757
-0.10128961098693	1.45869560451353	3
-0.0965610047598	0.614270307458563	304
0.12138073725447	0.899061285148653	441
0.0832282411926699	0.353813253690907	7
-0.09277677301109	0.618051447663223	194
0.00922283178368	0.702227695371774	194
-0.09219551471333	0.618497753906037	251
0.0836612084574	0.353796776180306	251
0.08433154911069	0.353063396931639	251
0.0834626177679601	0.350627556007068	490
-0.08987726272824	0.611073422158008	85
-0.0985235320845901	0.61485941773147	6
0.08389724920787	0.35308024748219	1641
0.08389724920787	0.35308024748219	104
0.08433154911069	0.353063396931639	32
0.08433154911069	0.353063396931639	32
0.0827949434456099	0.351348125137152	32
0.08476551775475	0.350479641287103	1
0.09425898530944	1.78221932703629	99
0.0726560961815299	0.8123038614562	3
0.01254252321197	1.07544263100951	1612
0.08433154911069	0.353063396931639	83
-0.06600338763433	0.995722523650986	91
0.078740328104	0.354268648704258	7
0.12101701470219	0.893225966273119	7
0.0836612084574	0.353796776180306	251
0.10766668447042	0.905177215036181	217
0.0832282411926699	0.353813253690907	213
0.0832282411926699	0.353813253690907	140
0.00495235923083004	0.681391544640375	81
-0.10091292852141	0.611039951703031	81
0.08389724920787	0.35308024748219	636
0.0661660245001801	1.9757052211626	28
-0.0765204688710299	1.86355659503878	1084
0.0697394644826701	0.811763421183715	3
-0.09277677301109	0.618051447663223	7
0.00597071346676992	0.708800590608696	7
0.08433154911069	0.353063396931639	251
0.08476551775475	0.350479641287103	251
0.00645635824683	0.701593249342405	251
0.00970410137268995	0.698283297995914	251
0.0776308377785999	0.353254771284329	6
0.08389724920787	0.35308024748219	85
0.0776308377785999	0.353254771284329	1641
-0.0928897644795099	0.614114746971278	631
-0.0916145031643001	0.617793207028816	88
-0.0978339498415901	0.619225327990964	81
0.00903351477789993	0.703912965273071	81
0.0780725558570901	0.355003538565994	125
0.08389724920787	0.35308024748219	125
0.08389724920787	0.35308024748219	79
0.0791830561319999	0.352341346328956	147
-0.0696812077458	0.991951343072809	99
0.12268540336338	0.900461463899678	1084
0.00964130894818993	0.704860684831408	3
-0.0218488764515701	1.27890728554622	3
0.03971557058672	2.28797858633631	3
-0.09666612351855	0.620394339358533	441
0.07279398890256	0.811349190633235	441
-0.0599665247761001	0.993250987996257	91
-0.0246970795182699	1.30107162241403	194
0.0836612084574	0.353796776180306	85
-0.09724991215016	0.620538576333617	907
-0.0916145031643001	0.617793207028816	88
-0.10279962218554	0.612971392819203	260
0.0808859977810901	0.352395520307134	260
0.07851393657289	0.353067612488471	342
0.08389724920787	0.35308024748219	125
0.0776308377785999	0.353254771284329	147
0.0780725558570901	0.355003538565994	147
0.0387376350289801	2.29628224358484	28
0.10960511145983	1.19023218930139	28
-0.0985235320845901	0.61485941773147	99
0.08389724920787	0.35308024748219	99
0.08476551775475	0.350479641287103	935
0.0832282411926699	0.353813253690907	950
0.07573137555862	1.37835485513578	91
0.0676602116231699	1.14271118500715	91
0.01188055394411	0.695383546828136	7
-0.09301676632011	0.612817542355038	251
0.08409384551661	0.351201143085869	6
-0.10149670782146	0.610353653805488	247
0.08409384551661	0.351201143085869	6
0.0791830561319999	0.352341346328956	85
0.0834626177679601	0.350627556007068	85
0.0832282411926699	0.353813253690907	85
0.06762127472561	1.12924096609403	6
0.08409384551661	0.351201143085869	213
0.0776308377785999	0.353254771284329	162
0.078740328104	0.354268648704258	162
0.0836612084574	0.353796776180306	1467
0.08389724920787	0.35308024748219	219
0.00970410137268995	0.698283297995914	81
0.11701886753068	0.900158109955668	81
0.00778803870417999	0.704433316663311	125
0.0804385337646501	0.350678247521957	125
-0.000404193008850084	1.89275706340772	28
0.12209505624643	0.899823275230718	99
-0.0898851511066101	1.23886614567792	441
0.00790894270036002	0.706088714274295	304
0.0836612084574	0.353796776180306	622
0.06931342008199	1.96738058874957	91
0.11128773425338	0.90259640796405	91
0.00982624422466993	0.703564758730261	7
-0.10273009989993	1.45679913147151	7
0.08409384551661	0.351201143085869	251
0.08389724920787	0.35308024748219	85
0.0672539443762601	0.805792598220356	38
-0.0954843918628001	0.608329339319484	907
0.00856269940492993	1.08328438127284	81
0.08389724920787	0.35308024748219	881
0.08389724920787	0.35308024748219	32
0.08433154911069	0.353063396931639	147
0.11229997525676	1.17599426870711	28
0.11415303483963	0.904998036108144	1084
0.06655152533662	0.812138995887121	1084
0.11929023505637	0.911455355378966	99
-0.05556134850992	0.981671735032011	99
-0.0918536536952601	0.606933891915323	3
-0.09432018325055	0.613520052345093	3
0.0580688946791501	1.75766753678909	3
-0.08458292136169	1.22499242275125	441
0.08433154911069	0.353063396931639	427
-0.09143358885268	1.22921641699033	91
0.08476551775475	0.350479641287103	30
0.08692119774658	0.34863993750454	7
-0.0916145031643001	0.617793207028816	7
0.08433154911069	0.353063396931639	85
-0.10594675508811	0.611159868106512	85
0.0728842294822201	0.352484021879961	88
0.0791830561319999	0.352341346328956	213
0.0864828896900201	0.351194977573717	162
0.0780725558570901	0.355003538565994	632
0.08476551775475	0.350479641287103	219
-0.08802098097738	0.610270591097221	81
0.08433154911069	0.353063396931639	426
0.0836612084574	0.353796776180306	125
0.0827949434456099	0.351348125137152	74
0.08389724920787	0.35308024748219	147
0.07762151647199	0.792611665028203	3
0.11074362525014	1.83387434137366	3
0.00910126129976008	0.698000943691455	441
-0.09405204003525	0.611976336957259	441
0.078740328104	0.354268648704258	427
0.0836612084574	0.353796776180306	7
0.07851393657289	0.353067612488471	30
0.07427138860542	0.796917040602485	7
0.00970410137268995	0.698283297995914	7
0.0836612084574	0.353796776180306	251
-0.0909209163145599	0.611542143490278	251
0.08476551775475	0.350479641287103	251
0.0780725558570901	0.355003538565994	6
-0.0939400306304701	0.611976144068858	85
0.0832282411926699	0.353813253690907	519
0.08389724920787	0.35308024748219	1123
0.0780725558570901	0.355003538565994	125
0.0864828896900201	0.351194977573717	125
0.12322540687301	1.58308287360447	28
-0.09886139154839	1.42977046559723	28
-0.02279764281543	1.29833864965324	99
0.01483429543507	0.694439024366825	99
0.07731806910577	1.37814389753436	622
0.0384824270277	1.33673674985476	91
0.07829726163104	0.352528986232316	30
0.0728842294822201	0.352484021879961	30
0.0832282411926699	0.353813253690907	719
-0.0967729041327201	0.614408413911561	14
0.08433154911069	0.353063396931639	211
0.0864828896900201	0.351194977573717	85
0.0832282411926699	0.353813253690907	88
0.0836612084574	0.353796776180306	1762
-0.10104877172973	0.616167841129993	907
-0.0979397406198499	0.616143769579578	519
0.0864828896900201	0.351194977573717	519
0.0776308377785999	0.353254771284329	1123
0.0832282411926699	0.353813253690907	15
0.0864828896900201	0.351194977573717	219
0.06867929905533	0.811844251535795	81
-0.0967729041327201	0.614408413911561	426
0.0836612084574	0.353796776180306	81
0.0135050387804601	0.699569211636836	1251
0.0832282411926699	0.353813253690907	79
0.0832282411926699	0.353813253690907	79
0.0527863987873301	1.5546070949405	99
0.0153179267357999	0.697449713650545	83
0.12297119281783	0.887922411376743	91
-0.09219551471333	0.618497753906037	30
-0.09405204003525	0.611976336957259	30
0.0832282411926699	0.353813253690907	85
0.0776308377785999	0.353254771284329	1233
0.0832282411926699	0.353813253690907	907
0.0832282411926699	0.353813253690907	907
0.0834626177679601	0.350627556007068	519
0.08433154911069	0.353063396931639	519
0.0808859977810901	0.352395520307134	1123
0.0860442468296601	0.351212781854335	81
0.0836612084574	0.353796776180306	454
-0.0154768538021499	2.37449240843183	99
0.00838784053401009	1.53735901823357	99
-0.09340560633125	1.25080146758134	441
0.00790894270036002	0.706088714274295	30
0.0832282411926699	0.353813253690907	719
0.07244951711022	0.804380789831361	14
-0.0923089966553201	0.613420184707873	251
0.0780725558570901	0.355003538565994	247
0.07829726163104	0.352528986232316	85
-0.0886029164092501	0.610961857710409	88
0.0791830561319999	0.352341346328956	1233
0.0832282411926699	0.353813253690907	1762
0.0791830561319999	0.352341346328956	219
0.0832282411926699	0.353813253690907	775
0.0832282411926699	0.353813253690907	426
0.0836612084574	0.353796776180306	32
0.11609535386857	0.900736538001408	99
0.00669652446234004	0.707661196276393	441
0.11591045829535	0.907471414811221	83
0.00910126129976008	0.698000943691455	83
-0.0587552311608499	0.979992617364909	30
0.11609535386857	0.900736538001408	7
-0.0955300297405	1.24299102633668	14
-0.09724991215016	0.620538576333617	251
0.01055143678902	0.702426814420434	85
0.0864828896900201	0.351194977573717	85
0.08389724920787	0.35308024748219	85
-0.0973561980347199	0.615998685416403	1762
0.0780725558570901	0.355003538565994	1762
0.0834626177679601	0.350627556007068	260
0.08409384551661	0.351201143085869	88
0.08433154911069	0.353063396931639	162
0.08476551775475	0.350479641287103	1265
0.07851393657289	0.353067612488471	454
0.0609217619014499	1.96189600323637	441
-0.0237130980498199	1.29905097684384	441
0.12196244322014	0.892059991686003	441
-0.000131303880209988	1.53412171006881	83
0.07851393657289	0.353067612488471	7
0.00802918611457004	0.700047016677192	6
-0.09277677301109	0.618051447663223	85
-0.09347077887477	0.613680669788906	85
0.00585087559932007	0.702940541318399	88
-0.1016321504007	0.617205365338464	260
0.0836612084574	0.353796776180306	39
0.08476551775475	0.350479641287103	162
0.0834626177679601	0.350627556007068	1321
0.0860442468296601	0.351212781854335	1321
0.08389724920787	0.35308024748219	1321
0.0864828896900201	0.351194977573717	219
0.0836612084574	0.353796776180306	1418
0.0864828896900201	0.351194977573717	440
0.01030666125311	0.697605948569435	28
0.00679260239060997	1.07396029426878	99
-0.09740873644035	1.43751224735115	441
0.07851393657289	0.353067612488471	83
0.00694476786086007	1.0741274862758	1489
0.0727265763240099	0.80027627426747	30
-0.0904532195360801	0.611051409929825	14
0.0832282411926699	0.353813253690907	251
0.078740328104	0.354268648704258	251
0.0836612084574	0.353796776180306	88
0.0836612084574	0.353796776180306	260
0.08433154911069	0.353063396931639	88
0.08389724920787	0.35308024748219	88
0.08389724920787	0.35308024748219	162
0.08389724920787	0.35308024748219	162
0.0780725558570901	0.355003538565994	1321
0.07851393657289	0.353067612488471	75
0.0832282411926699	0.353813253690907	75
0.0836612084574	0.353796776180306	219
0.0860442468296601	0.351212781854335	32
-0.09857957994614	1.43740598403313	28
-0.0581556975487501	0.988364204562048	421
0.06797710482574	0.806812447310358	421
0.06425384599989	1.13702616505622	1075
0.10899199475009	0.896168933681307	83
-0.10032938741176	0.610023360808225	6
-0.1016321504007	0.617205365338464	85
0.0836612084574	0.353796776180306	85
-0.09208367458944	0.611803851881616	38
0.0780725558570901	0.355003538565994	481
0.0832282411926699	0.353813253690907	481
0.0832282411926699	0.353813253690907	519
0.08476551775475	0.350479641287103	140
-0.0925756457246401	0.607484812763164	1075
0.0776308377785999	0.353254771284329	83
-0.0886029164092501	0.610961857710409	83
0.01055143678902	0.702426814420434	30
0.07851393657289	0.353067612488471	30
0.0763363793363101	0.794186931039345	6
-0.0923089966553201	0.613420184707873	6
0.08476551775475	0.350479641287103	6
0.08409384551661	0.351201143085869	260
0.0836612084574	0.353796776180306	88
0.08433154911069	0.353063396931639	15
0.0791830561319999	0.352341346328956	140
0.08433154911069	0.353063396931639	143
0.0864828896900201	0.351194977573717	32
0.0860442468296601	0.351212781854335	125
0.0834626177679601	0.350627556007068	540
-0.06628112664727	0.981291679399876	28
0.00903351477789993	0.703912965273071	28
0.0691001387586001	0.813126108172922	99
0.00406370570471992	0.700904181245588	99
0.06817246449822	0.808632547591772	3
-0.0601845498372	0.983069495331744	3
0.07355075495291	0.351767220057335	1075
0.0362790082211699	1.32305997916226	83
0.0836612084574	0.353796776180306	46
0.0729317712420401	0.802844838682338	14
0.0832282411926699	0.353813253690907	39
0.0860442468296601	0.351212781854335	162
0.08433154911069	0.353063396931639	15
0.08433154911069	0.353063396931639	15
0.0836612084574	0.353796776180306	219
0.0832282411926699	0.353813253690907	482
0.0860442468296601	0.351212781854335	454
0.1136731466013	1.17599540360053	441
0.08433154911069	0.353063396931639	46
0.0780725558570901	0.355003538565994	46
-0.0965610047598	0.614270307458563	30
0.01097407831254	0.699184310345392	30
0.078740328104	0.354268648704258	14
0.08433154911069	0.353063396931639	6
0.00910126129976008	0.698000943691455	6
0.08389724920787	0.35308024748219	6
0.0836612084574	0.353796776180306	85
0.08409384551661	0.351201143085869	6
0.0860442468296601	0.351212781854335	260
-0.09045944769054	0.609381054965756	39
0.0860442468296601	0.351212781854335	39
0.078740328104	0.354268648704258	234
0.08433154911069	0.353063396931639	143
0.078740328104	0.354268648704258	143
-0.0573688284046601	0.986887291378597	99
-0.02479030651407	1.28155948733827	1075
0.08389724920787	0.35308024748219	46
0.0113669039191799	1.06328445054537	30
-0.09033990737278	0.609563942842024	85
0.078740328104	0.354268648704258	6
0.0836612084574	0.353796776180306	481
0.08692119774658	0.34863993750454	39
0.0836612084574	0.353796776180306	39
0.0836612084574	0.353796776180306	15
0.08409384551661	0.351201143085869	15
0.0832282411926699	0.353813253690907	15
0.08389724920787	0.35308024748219	15
-0.09277677301109	0.618051447663223	75
0.0780725558570901	0.355003538565994	32
0.08389724920787	0.35308024748219	539
0.0651671766986499	1.13326504268768	441
0.0990599126566201	1.19026538196671	83
-0.10293564661598	0.612225962321064	46
0.0147139121445801	0.699173586912727	917
0.08389724920787	0.35308024748219	30
0.0836612084574	0.353796776180306	30
0.0836612084574	0.353796776180306	14
0.0832282411926699	0.353813253690907	85
0.0832282411926699	0.353813253690907	88
0.08476551775475	0.350479641287103	73
0.0832282411926699	0.353813253690907	15
0.0780725558570901	0.355003538565994	234
0.078740328104	0.354268648704258	1
0.0245957359939699	2.1077410382909	3
-0.06148532500973	0.992628710012882	1075
0.0699665963163201	0.808772629690157	441
0.00982624422466993	0.703564758730261	46
0.11528582110494	1.17793599927663	83
0.01236086606151	0.700301842815124	30
0.0836612084574	0.353796776180306	14
0.0776308377785999	0.353254771284329	14
0.08433154911069	0.353063396931639	88
0.0864828896900201	0.351194977573717	88
0.0836612084574	0.353796776180306	38
0.0836612084574	0.353796776180306	260
0.078740328104	0.354268648704258	1372
0.0776308377785999	0.353254771284329	160
0.0832282411926699	0.353813253690907	160
0.12022212499243	1.16155800766019	28
-0.0573688284046601	0.986887291378597	28
0.06896099822992	0.804993413825163	28
0.07941304387055	1.37660886220765	99
0.11178789795635	0.904459619108785	58
0.078740328104	0.354268648704258	14
-0.0985235320845901	0.61485941773147	14
0.0733175942458999	0.794093140108729	14
0.0791830561319999	0.352341346328956	85
0.07851393657289	0.353067612488471	85
0.0836612084574	0.353796776180306	38
0.07851393657289	0.353067612488471	1088
0.08389724920787	0.35308024748219	234
0.08433154911069	0.353063396931639	234
0.0832282411926699	0.353813253690907	75
0.0791830561319999	0.352341346328956	540
0.0114262918382699	1.07709110685846	99
0.01254252321197	1.07544263100951	3
0.0727265763240099	0.80027627426747	441
-0.09432018325055	0.613520052345093	46
0.08433154911069	0.353063396931639	14
-0.0923089966553201	0.613420184707873	14
0.0780725558570901	0.355003538565994	14
0.08692119774658	0.34863993750454	88
0.078740328104	0.354268648704258	88
0.078740328104	0.354268648704258	88
0.0808859977810901	0.352395520307134	88
0.08389724920787	0.35308024748219	219
0.08476551775475	0.350479641287103	1325
0.0864828896900201	0.351194977573717	1
0.10689982592471	2.04467069366335	99
0.08409384551661	0.351201143085869	46
0.08433154911069	0.353063396931639	46
0.00608989044137998	0.706705714472606	14
0.0776308377785999	0.353254771284329	88
0.0791830561319999	0.352341346328956	88
0.0832282411926699	0.353813253690907	1088
0.0832282411926699	0.353813253690907	1088
0.0836612084574	0.353796776180306	73
0.0832282411926699	0.353813253690907	234
0.08433154911069	0.353063396931639	32
0.08389724920787	0.35308024748219	454
0.08433154911069	0.353063396931639	46
-0.09277677301109	0.618051447663223	46
-0.0965610047598	0.614270307458563	289
-0.0916145031643001	0.617793207028816	30
-0.0965610047598	0.614270307458563	14
-0.0916145031643001	0.617793207028816	984
0.0834626177679601	0.350627556007068	984
0.0804385337646501	0.350678247521957	1474
0.078740328104	0.354268648704258	88
-0.0978339498415901	0.619225327990964	88
0.0836612084574	0.353796776180306	88
0.0827949434456099	0.351348125137152	65
0.08433154911069	0.353063396931639	73
0.0776308377785999	0.353254771284329	1325
0.08409384551661	0.351201143085869	331
0.08389724920787	0.35308024748219	125
-0.02058375450564	1.27840963410033	83
-0.0916145031643001	0.617793207028816	289
-0.09347077887477	0.613680669788906	30
0.08433154911069	0.353063396931639	6
0.08476551775475	0.350479641287103	88
0.0834626177679601	0.350627556007068	88
0.0832282411926699	0.353813253690907	88
0.08389724920787	0.35308024748219	88
0.0832282411926699	0.353813253690907	202
0.0827949434456099	0.351348125137152	202
0.08389724920787	0.35308024748219	73
0.078740328104	0.354268648704258	73
0.0834626177679601	0.350627556007068	143
0.0780725558570901	0.355003538565994	75
0.08433154911069	0.353063396931639	330
-0.10653247164154	0.611343954195192	331
0.0836612084574	0.353796776180306	32
0.08389724920787	0.35308024748219	409
0.0827949434456099	0.351348125137152	454
-0.0269828309895199	1.30345927026411	28
0.06420636699885	0.802308714054559	99
0.0175427265896999	1.0530202198736	441
-0.0909209163145599	0.611542143490278	441
-0.09103373816986	0.615768971195047	441
-0.0594013798915301	0.979104300800655	441
0.00914981207332	0.696172422566795	441
-0.0978339498415901	0.619225327990964	348
0.078740328104	0.354268648704258	289
0.078740328104	0.354268648704258	289
0.0088323164013	1.07807682288829	268
0.0789935402004101	1.37461984319744	268
0.06735612183506	1.12557584965495	14
0.08476551775475	0.350479641287103	984
0.00490504628128008	1.08069841266601	6
0.0791830561319999	0.352341346328956	6
-0.09608258375009	0.618776512770065	536
0.07851393657289	0.353067612488471	1334
0.0856052688821001	0.348790501536787	1264
0.0836612084574	0.353796776180306	88
-0.10091292852141	0.611039951703031	88
0.08409384551661	0.351201143085869	1203
0.0827949434456099	0.351348125137152	234
0.078740328104	0.354268648704258	234
0.08389724920787	0.35308024748219	330
0.0864828896900201	0.351194977573717	1325
-0.10235219210551	0.612917741253239	1639
0.0832282411926699	0.353813253690907	331
0.08692119774658	0.34863993750454	331
0.08389724920787	0.35308024748219	540
0.10948884997507	1.63822592427621	99
0.0870290143292401	1.55864983090433	3
0.0347708527294099	1.33045204884661	3
0.0832282411926699	0.353813253690907	46
0.11823602028959	0.885665809062495	46
0.0698790721851601	0.813622165240879	268
-0.09301676632011	0.612817542355038	14
0.08409384551661	0.351201143085869	14
0.0832282411926699	0.353813253690907	14
0.00608989044137998	0.706705714472606	14
0.08389724920787	0.35308024748219	6
-0.09277677301109	0.618051447663223	88
-0.0973561980347199	0.615998685416403	1264
0.0836612084574	0.353796776180306	88
0.0836612084574	0.353796776180306	88
0.08409384551661	0.351201143085869	15
0.0832282411926699	0.353813253690907	234
0.0827949434456099	0.351348125137152	234
0.08476551775475	0.350479641287103	663
0.0832282411926699	0.353813253690907	331
0.08389724920787	0.35308024748219	32
0.08389724920787	0.35308024748219	409
0.08409384551661	0.351201143085869	665
-0.0163524348122901	1.72156146132787	99
-0.08660193760107	1.22272667068466	99
-0.01116240613858	1.68668313488416	441
0.12121769425244	0.894143182581328	441
0.0780725558570901	0.355003538565994	83
0.0579015781604999	1.13865592890632	46
0.10801363677772	1.191520562662	46
0.0744985790823101	0.802384111746821	14
0.08389724920787	0.35308024748219	6
0.0834626177679601	0.350627556007068	6
-0.10279962218554	0.612971392819203	536
-0.0917284752082601	0.611431331899186	6
0.00524511032474995	0.703145709867307	6
0.0832282411926699	0.353813253690907	1264
0.08389724920787	0.35308024748219	234
-0.09219551471333	0.618497753906037	330
0.07829726163104	0.352528986232316	663
0.0832282411926699	0.353813253690907	331
0.0832282411926699	0.353813253690907	331
0.08389724920787	0.35308024748219	348
-0.0937384342038099	0.613375843518545	348
-0.01343957646298	1.28338161122515	46
-0.10605039684816	1.63044830978949	46
0.0827949434456099	0.351348125137152	30
0.08389724920787	0.35308024748219	30
0.00211895916432003	0.705258444367387	14
0.0832282411926699	0.353813253690907	6
0.0659088688182401	0.813014179346868	536
0.08389724920787	0.35308024748219	1264
0.0836612084574	0.353796776180306	1264
0.0864828896900201	0.351194977573717	88
0.0832282411926699	0.353813253690907	88
-0.0965610047598	0.614270307458563	1743
0.08433154911069	0.353063396931639	1743
0.0832282411926699	0.353813253690907	88
0.0864828896900201	0.351194977573717	75
0.0827949434456099	0.351348125137152	330
0.07851393657289	0.353067612488471	330
-0.08987726272824	0.611073422158008	330
0.0836612084574	0.353796776180306	331
0.08476551775475	0.350479641287103	32
0.0836612084574	0.353796776180306	772
0.0791830561319999	0.352341346328956	1266
-0.10293564661598	0.612225962321064	1357
0.08389724920787	0.35308024748219	1357
0.0836612084574	0.353796776180306	5
0.0692391761443101	0.81387394370057	3
-0.1149653711789	1.81863108400962	58
-0.01883195650708	1.26785238315399	1075
0.00597071346676992	0.708800590608696	46
0.0605505949291201	1.14321539349113	862
0.07829726163104	0.352528986232316	6
-0.09219551471333	0.618497753906037	6
0.08389724920787	0.35308024748219	88
0.0776308377785999	0.353254771284329	234
-0.09277677301109	0.618051447663223	330
0.0827949434456099	0.351348125137152	330
0.08389724920787	0.35308024748219	331
0.08692119774658	0.34863993750454	32
0.0860442468296601	0.351212781854335	223
0.04661981675585	1.52344750557829	99
-0.09055124442043	1.24059204278902	99
0.0856052688821001	0.348790501536787	46
0.0144017668316301	0.687029467455913	46
0.0110322273452701	0.703172030450348	289
0.11572579311461	0.90996307586134	862
-0.09608258375009	0.618776512770065	801
0.01248398883909	0.694709120724282	619
0.0836612084574	0.353796776180306	6
-0.09219551471333	0.618497753906037	6
0.08433154911069	0.353063396931639	6
0.0832282411926699	0.353813253690907	6
0.0832282411926699	0.353813253690907	88
0.078740328104	0.354268648704258	1264
-0.09150217198866	0.612233890669978	88
0.0832282411926699	0.353813253690907	1088
0.0836612084574	0.353796776180306	836
0.08433154911069	0.353063396931639	15
0.08433154911069	0.353063396931639	330
0.0776308377785999	0.353254771284329	331
0.078740328104	0.354268648704258	333
0.0836612084574	0.353796776180306	331
0.0836612084574	0.353796776180306	409
-0.02761668658809	1.30368330984269	99
0.0644841903822699	0.812153909400141	1075
0.00798521354411008	1.52686499809557	46
-0.09359867759413	0.612961886169683	46
0.0832282411926699	0.353813253690907	30
-0.09208367458944	0.611803851881616	14
0.0827949434456099	0.351348125137152	269
0.08433154911069	0.353063396931639	536
-0.06061672864544	0.991521068807419	536
0.00536437249286004	0.707841359547392	6
0.0808859977810901	0.352395520307134	387
0.0836612084574	0.353796776180306	836
0.08433154911069	0.353063396931639	330
0.08133311970863	0.350488964511777	331
-0.0928897644795099	0.614114746971278	517
0.08476551775475	0.350479641287103	1035
0.0832282411926699	0.353813253690907	1035
-0.09666612351855	0.620394339358533	223
0.07279731602719	1.39260554862199	99
0.11608459738498	0.912997334676216	1075
0.0730991474651299	0.35193723773765	30
0.11139295091392	0.908284321336449	801
0.0832282411926699	0.353813253690907	269
0.08433154911069	0.353063396931639	269
0.0860442468296601	0.351212781854335	6
-0.0965610047598	0.614270307458563	335
0.0834626177679601	0.350627556007068	905
0.08433154911069	0.353063396931639	1264
-0.09432018325055	0.613520052345093	88
0.0791830561319999	0.352341346328956	88
0.0832282411926699	0.353813253690907	88
0.0836612084574	0.353796776180306	331
0.08692119774658	0.34863993750454	331
0.0836612084574	0.353796776180306	32
0.00284541649258996	0.704140949251989	441
0.0738620587246801	0.804119704321546	46
0.0147139121445801	0.699173586912727	801
0.00345470388112989	0.703270574873252	268
0.0780725558570901	0.355003538565994	6
0.0836612084574	0.353796776180306	6
-0.09324742134951	0.605890470768721	536
-0.0973561980347199	0.615998685416403	905
-0.09359867759413	0.612961886169683	88
-0.09219551471333	0.618497753906037	330
0.08389724920787	0.35308024748219	330
-0.08628226849271	0.600948907224952	330
0.0836612084574	0.353796776180306	331
-0.0917284752082601	0.611431331899186	331
-0.09539318363741	0.612542589853197	331
0.08433154911069	0.353063396931639	32
0.0832282411926699	0.353813253690907	409
0.0832282411926699	0.353813253690907	409
0.07851393657289	0.353067612488471	603
-0.00577946688062991	1.70470035132409	99
-0.11658182029298	1.81135638544003	3
-0.11563401078198	2.3047718053913	99
-0.0626435143086299	0.991222050549103	1075
0.08433154911069	0.353063396931639	46
0.07829726163104	0.352528986232316	289
0.01254252321197	1.07544263100951	268
0.0709847060840101	1.12508904839377	268
0.078740328104	0.354268648704258	14
-0.0916145031643001	0.617793207028816	6
0.0860442468296601	0.351212781854335	6
0.08389724920787	0.35308024748219	88
-0.1072487545146	0.607192855595729	583
0.08433154911069	0.353063396931639	88
0.08476551775475	0.350479641287103	330
0.08389724920787	0.35308024748219	32
0.0836612084574	0.353796776180306	32
0.0836612084574	0.353796776180306	409
0.0856052688821001	0.348790501536787	603
0.11579145521751	1.41471145232042	847
0.11714481573037	1.81956585133644	847
-0.0909209163145599	0.611542143490278	46
0.08389724920787	0.35308024748219	862
-0.0887136352348199	0.610811455530862	14
-0.09277677301109	0.618051447663223	536
0.08433154911069	0.353063396931639	335
0.0836612084574	0.353796776180306	1264
0.0827949434456099	0.351348125137152	88
0.08389724920787	0.35308024748219	1152
0.0832282411926699	0.353813253690907	555
0.0827949434456099	0.351348125137152	330
0.0834626177679601	0.350627556007068	331
0.0832282411926699	0.353813253690907	32
0.08476551775475	0.350479641287103	32
0.07305514281273	1.11158001317588	1694
-0.01545100548268	1.7152085183164	3
0.10685946165773	1.64389213657506	99
0.06462262395261	0.810982553155442	46
-0.10321429347299	1.45074402934846	46
-0.10032938741176	0.610023360808225	14
-0.0965610047598	0.614270307458563	14
0.00948121904635002	1.079712115028	14
-0.0651867911724799	0.991469216528065	14
0.08389724920787	0.35308024748219	14
0.08389724920787	0.35308024748219	6
0.08389724920787	0.35308024748219	57
0.0836612084574	0.353796776180306	88
0.0836612084574	0.353796776180306	344
0.0780725558570901	0.355003538565994	172
0.0864828896900201	0.351194977573717	330
0.0832282411926699	0.353813253690907	331
0.0836612084574	0.353796776180306	331
0.07829726163104	0.352528986232316	238
0.078740328104	0.354268648704258	333
0.08476551775475	0.350479641287103	331
0.0860442468296601	0.351212781854335	32
0.0776308377785999	0.353254771284329	32
0.08389724920787	0.35308024748219	409
0.0827949434456099	0.351348125137152	665
0.0832282411926699	0.353813253690907	52
0.0776308377785999	0.353254771284329	83
0.0827949434456099	0.351348125137152	268
0.0791830561319999	0.352341346328956	118
0.0101306892995701	0.699325566444301	6
0.0832282411926699	0.353813253690907	269
-0.10118599685218	0.608029686221264	59
-0.0978339498415901	0.619225327990964	6
0.11244121690697	0.904177657420309	6
-0.09277677301109	0.618051447663223	57
-0.09219551471333	0.618497753906037	57
0.0780725558570901	0.355003538565994	152
0.0827949434456099	0.351348125137152	331
0.0836612084574	0.353796776180306	603
0.0836612084574	0.353796776180306	603
0.0110322273452701	0.703172030450348	1694
0.0845481229740199	1.81087014095172	99
0.0720444036747501	1.37892383306378	99
0.00881972476003989	0.687260174590264	99
-0.11353101997419	1.82785536577993	58
-0.0980456887041801	0.609251142871117	441
0.00117376422070992	1.07961716110867	46
-0.0886029164092501	0.610961857710409	46
0.00517060066741992	0.701000419389435	83
0.00730287513802996	0.707456819805298	83
0.0836612084574	0.353796776180306	14
0.08476551775475	0.350479641287103	14
0.0864828896900201	0.351194977573717	14
0.07851393657289	0.353067612488471	118
0.0776308377785999	0.353254771284329	88
0.0808859977810901	0.352395520307134	405
0.0832282411926699	0.353813253690907	57
0.078740328104	0.354268648704258	152
0.078740328104	0.354268648704258	330
0.08389724920787	0.35308024748219	172
0.08389724920787	0.35308024748219	331
0.0832282411926699	0.353813253690907	331
0.0776308377785999	0.353254771284329	32
0.0791830561319999	0.352341346328956	665
0.11276058959333	1.18096271674513	422
0.11690911538307	0.903285064198476	58
0.0764387333730101	1.59380417984407	702
-0.09277677301109	0.618051447663223	702
0.00536437249286004	0.707841359547392	46
0.00748340034189998	0.685810145930756	46
0.06498779216156	0.804894974084012	46
-0.10708169692937	1.6351259042532	46
0.0856052688821001	0.348790501536787	14
0.0780725558570901	0.355003538565994	14
0.0827949434456099	0.351348125137152	703
0.0827949434456099	0.351348125137152	269
0.08433154911069	0.353063396931639	59
0.07851393657289	0.353067612488471	6
0.0832282411926699	0.353813253690907	88
0.08389724920787	0.35308024748219	88
0.0836612084574	0.353796776180306	405
0.0834626177679601	0.350627556007068	405
0.078740328104	0.354268648704258	88
0.08692119774658	0.34863993750454	57
0.08409384551661	0.351201143085869	172
0.0832282411926699	0.353813253690907	172
0.0780725558570901	0.355003538565994	331
0.0832282411926699	0.353813253690907	974
0.08409384551661	0.351201143085869	52
0.08433154911069	0.353063396931639	52
-0.01489856605506	1.71034814145941	99
0.0390213428706201	1.94022786578846	99
0.0657467664761899	1.13813037118074	702
0.01163479848231	0.701435816034759	46
-0.0928897644795099	0.614114746971278	83
-0.09208367458944	0.611803851881616	14
-0.09335827825194	0.616310037678989	14
0.08389724920787	0.35308024748219	703
-0.09208367458944	0.611803851881616	59
0.0832282411926699	0.353813253690907	88
0.0836612084574	0.353796776180306	88
0.08389724920787	0.35308024748219	57
0.0836612084574	0.353796776180306	57
0.08433154911069	0.353063396931639	15
0.0864828896900201	0.351194977573717	330
0.08389724920787	0.35308024748219	331
-0.09724991215016	0.620538576333617	331
-0.09724991215016	0.620538576333617	32
0.0864828896900201	0.351194977573717	32
0.0836612084574	0.353796776180306	52
0.0365905733371299	1.95206725722301	422
0.0739708267594399	1.61086104576563	422
0.0319154224984	1.33162930314	1694
-0.01606903321388	1.26399828832291	441
0.0860442468296601	0.351212781854335	6
0.0856052688821001	0.348790501536787	6
0.0836612084574	0.353796776180306	269
-0.0916145031643001	0.617793207028816	59
0.08389724920787	0.35308024748219	59
0.08433154911069	0.353063396931639	88
0.08433154911069	0.353063396931639	88
0.07051866024397	0.81225654073572	57
0.0730991474651299	0.35193723773765	57
0.08389724920787	0.35308024748219	57
-0.09666612351855	0.620394339358533	172
0.00200140820797001	0.698844656928281	331
0.078740328104	0.354268648704258	1369
0.01422942461042	0.694161104878627	847
0.0723108235702099	0.797030892043931	422
0.0732252329218099	0.804852636321753	99
-0.08743929287643	0.608294676926949	3
-0.0979397406198499	0.616143769579578	99
0.1212418452255	0.907249149323209	441
-0.09666612351855	0.620394339358533	441
0.08389724920787	0.35308024748219	441
0.0864828896900201	0.351194977573717	702
0.08389724920787	0.35308024748219	46
0.07742206137126	0.801496231551793	46
0.0860442468296601	0.351212781854335	6
0.078740328104	0.354268648704258	6
0.0832282411926699	0.353813253690907	269
0.0832282411926699	0.353813253690907	405
0.0780725558570901	0.355003538565994	57
-0.0924350917475301	0.611238788536847	57
0.0836612084574	0.353796776180306	32
0.0860442468296601	0.351212781854335	25
0.11499837729646	1.16529023943978	847
-0.0215270173809501	1.97865749918607	99
0.07536955435158	0.803194144973092	58
-0.06603373943955	0.990078757610551	1075
-0.0923089966553201	0.613420184707873	1075
-0.0587552311608499	0.979992617364909	441
-0.0887136352348199	0.610811455530862	46
0.08433154911069	0.353063396931639	46
0.08409384551661	0.351201143085869	14
0.0129634484088701	0.697244550840861	14
-0.0887136352348199	0.610811455530862	6
0.08433154911069	0.353063396931639	6
0.0791830561319999	0.352341346328956	269
0.07851393657289	0.353067612488471	269
0.0105099770755599	1.07384016801462	59
0.00090011479777008	0.702881072790161	6
-0.09033990737278	0.609563942842024	405
0.0673344972487999	0.808988001478087	57
0.07851393657289	0.353067612488471	57
0.0834626177679601	0.350627556007068	276
0.0864828896900201	0.351194977573717	344
0.078740328104	0.354268648704258	416
0.00223584330430993	0.703699252566211	172
0.0864828896900201	0.351194977573717	331
0.0836612084574	0.353796776180306	32
0.0836612084574	0.353796776180306	229
-0.0979116411507499	0.609718281368245	52
0.0728842294822201	0.352484021879961	52
0.08606972394573	1.58707006247473	99
-0.0621332455655901	0.994822077091375	1075
0.08409384551661	0.351201143085869	46
-0.05556134850992	0.981671735032011	46
0.01175800349477	0.702033602041528	46
-0.11548570425927	1.82050917921003	46
-0.06421580584326	0.99456559340536	14
0.0780725558570901	0.355003538565994	14
0.0832282411926699	0.353813253690907	118
0.0836612084574	0.353796776180306	233
0.07414117763174	0.792812452531884	59
-0.09219551471333	0.618497753906037	6
0.0832282411926699	0.353813253690907	503
0.08433154911069	0.353063396931639	6
0.078740328104	0.354268648704258	88
-0.09103373816986	0.615768971195047	405
0.08433154911069	0.353063396931639	57
0.0776308377785999	0.353254771284329	172
0.08409384551661	0.351201143085869	172
0.0776308377785999	0.353254771284329	331
0.0780725558570901	0.355003538565994	32
0.0827949434456099	0.351348125137152	509
0.0834626177679601	0.350627556007068	1
0.0504997712331301	2.11754955282147	847
-0.09925378054116	1.44808014950082	99
0.0861117510992699	1.58266790907315	58
-0.0207337202500699	1.29645518631758	702
0.0836612084574	0.353796776180306	83
0.00650691141718007	0.696066029983157	14
0.0762826093673299	0.79330876332464	14
0.07851393657289	0.353067612488471	118
0.08389724920787	0.35308024748219	118
0.0836612084574	0.353796776180306	118
0.08692119774658	0.34863993750454	57
0.0836612084574	0.353796776180306	331
0.0780725558570901	0.355003538565994	32
0.0788927514306199	1.57024228154208	99
-0.03851910467553	1.49379243555905	46
-0.0959769696768999	0.614124685638575	14
0.00753369231088996	1.07043863539616	14
0.0678205637737199	0.812520129201648	14
-0.09724991215016	0.620538576333617	14
-0.000274182868049921	0.690067220862845	14
-0.00629937472959008	0.680841896153574	14
0.078740328104	0.354268648704258	14
0.0834626177679601	0.350627556007068	14
0.0780725558570901	0.355003538565994	118
-0.09347077887477	0.613680669788906	269
0.0864828896900201	0.351194977573717	57
0.08433154911069	0.353063396931639	152
0.0860442468296601	0.351212781854335	152
0.0834626177679601	0.350627556007068	416
-0.00802234501205001	1.69080732209402	58
0.11841341327942	0.911110348361398	58
0.07033482558556	0.787939879468441	83
-0.0985235320845901	0.61485941773147	1329
0.0832282411926699	0.353813253690907	14
0.0836612084574	0.353796776180306	814
0.08476551775475	0.350479641287103	1795
0.0780725558570901	0.355003538565994	57
0.0832282411926699	0.353813253690907	276
0.0756949908662801	0.349938837333761	172
0.0836612084574	0.353796776180306	1
0.08427168126609	1.34881343037146	99
0.06468535781272	1.14493389006045	58
0.10504732718164	1.82641951050129	58
0.00284541649258996	0.704140949251989	46
0.078740328104	0.354268648704258	14
-0.09277677301109	0.618051447663223	14
-0.09463354815533	0.607728599592076	14
0.0836612084574	0.353796776180306	118
0.0752389339672299	0.350109548729761	59
0.0827949434456099	0.351348125137152	59
0.0836612084574	0.353796776180306	59
0.0832282411926699	0.353813253690907	6
0.0836612084574	0.353796776180306	404
0.0856052688821001	0.348790501536787	88
0.0832282411926699	0.353813253690907	1795
0.078740328104	0.354268648704258	88
0.08389724920787	0.35308024748219	276
0.08409384551661	0.351201143085869	152
-0.08987726272824	0.611073422158008	172
0.08433154911069	0.353063396931639	172
0.08476551775475	0.350479641287103	331
0.0791830561319999	0.352341346328956	409
-0.10580209721068	1.47283407837668	99
0.09940404557502	1.97926133709292	422
0.08040701024619	2.00524036180549	1694
0.10425632568319	1.63988230796852	99
0.0730860797128301	0.803649011004693	58
0.0461255977420201	1.55146653436794	58
0.0711754752232801	0.802923882021889	83
0.01248398883909	0.694709120724282	561
0.078740328104	0.354268648704258	14
-0.10235219210551	0.612917741253239	118
0.0860442468296601	0.351212781854335	118
0.08433154911069	0.353063396931639	59
0.08389724920787	0.35308024748219	59
0.0860442468296601	0.351212781854335	57
0.0834626177679601	0.350627556007068	57
0.08433154911069	0.353063396931639	276
0.08389724920787	0.35308024748219	35
0.07851393657289	0.353067612488471	409
0.0776308377785999	0.353254771284329	409
0.0832282411926699	0.353813253690907	25
0.0767811990455101	1.37130067968001	58
0.06921168293168	1.13967806188419	58
-0.11618399342377	1.99374640956955	58
-0.00838380428073005	1.24355372050808	58
0.10720029382161	1.1770245519433	46
0.08476551775475	0.350479641287103	83
-0.09033990737278	0.609563942842024	14
0.00669652446234004	0.707661196276393	14
0.00982624422466993	0.703564758730261	14
0.0832282411926699	0.353813253690907	118
0.0860442468296601	0.351212781854335	118
0.0827949434456099	0.351348125137152	59
-0.09347077887477	0.613680669788906	59
0.08389724920787	0.35308024748219	6
0.08433154911069	0.353063396931639	1602
0.0836612084574	0.353796776180306	276
0.0836612084574	0.353796776180306	1688
0.08409384551661	0.351201143085869	331
0.0832282411926699	0.353813253690907	331
0.078740328104	0.354268648704258	1
0.03047410503573	1.34156657344341	99
0.10618350916151	1.82838876744851	99
-0.10200527841559	1.47051883866881	422
0.06259797093915	0.808235471105153	422
-0.09219551471333	0.618497753906037	58
0.08476551775475	0.350479641287103	1075
0.11262027616054	0.908283363366973	58
0.03752164415353	1.33691193587001	58
-0.09219551471333	0.618497753906037	83
0.0135050387804601	0.699569211636836	46
0.0110322273452701	0.703172030450348	83
0.0780725558570901	0.355003538565994	14
0.0836612084574	0.353796776180306	14
0.0856052688821001	0.348790501536787	14
-0.0886029164092501	0.610961857710409	1329
0.00772811908816995	0.692892017896639	14
0.08389724920787	0.35308024748219	14
0.078740328104	0.354268648704258	14
0.0827949434456099	0.351348125137152	118
0.08389724920787	0.35308024748219	118
0.08433154911069	0.353063396931639	118
0.0832282411926699	0.353813253690907	118
0.0115815982820999	0.697842322721022	6
0.08433154911069	0.353063396931639	276
0.08389724920787	0.35308024748219	57
0.08433154911069	0.353063396931639	88
0.0832282411926699	0.353813253690907	152
0.08433154911069	0.353063396931639	152
-0.09335827825194	0.616310037678989	172
0.0776308377785999	0.353254771284329	172
0.0804385337646501	0.350678247521957	331
0.08433154911069	0.353063396931639	32
0.0780725558570901	0.355003538565994	1
-0.09103373816986	0.615768971195047	58
0.0832282411926699	0.353813253690907	46
0.0832282411926699	0.353813253690907	1329
0.11954094626665	0.89135487823057	14
-0.09347077887477	0.613680669788906	153
0.078740328104	0.354268648704258	118
0.0832282411926699	0.353813253690907	118
0.0780725558570901	0.355003538565994	233
0.0836612084574	0.353796776180306	59
0.08433154911069	0.353063396931639	233
-0.09335827825194	0.616310037678989	59
0.0836612084574	0.353796776180306	6
0.0836612084574	0.353796776180306	88
0.08409384551661	0.351201143085869	88
0.0780725558570901	0.355003538565994	88
0.0832282411926699	0.353813253690907	152
0.0728842294822201	0.352484021879961	152
0.0836612084574	0.353796776180306	489
0.0730991474651299	0.35193723773765	1
0.10989110051651	1.18713718517043	99
-0.02496101889723	1.88753297989914	58
0.0154554919205301	1.50643681429291	1075
0.00930485350332999	1.07168275560454	58
0.02024913604047	1.03361960544994	166
0.00781707283919997	0.69628453507925	166
-0.0965610047598	0.614270307458563	14
0.0860442468296601	0.351212781854335	118
0.078740328104	0.354268648704258	118
0.08476551775475	0.350479641287103	118
0.0832282411926699	0.353813253690907	233
0.0728842294822201	0.352484021879961	59
0.00585087559932007	0.702940541318399	59
0.00597071346676992	0.708800590608696	6
0.0860442468296601	0.351212781854335	88
0.0836612084574	0.353796776180306	88
0.08389724920787	0.35308024748219	88
0.0827949434456099	0.351348125137152	353
0.0860442468296601	0.351212781854335	733
0.08133311970863	0.350488964511777	152
0.08433154911069	0.353063396931639	35
0.0836612084574	0.353796776180306	1
-0.11558137656868	1.99891991765267	99
-0.0652132152584901	0.991683794622164	58
0.00566612011682	0.696663598252566	166
-0.02624666652256	1.29996049872398	166
0.07829726163104	0.352528986232316	14
0.0832282411926699	0.353813253690907	153
0.0728842294822201	0.352484021879961	59
0.0836612084574	0.353796776180306	59
0.08389724920787	0.35308024748219	59
0.00870750956470001	0.688034285528874	59
0.0808859977810901	0.352395520307134	404
0.0832282411926699	0.353813253690907	404
0.0780725558570901	0.355003538565994	57
0.0836612084574	0.353796776180306	1314
0.0804385337646501	0.350678247521957	152
0.08433154911069	0.353063396931639	172
0.0791830561319999	0.352341346328956	172
0.08433154911069	0.353063396931639	32
0.0856052688821001	0.348790501536787	489
0.08389724920787	0.35308024748219	205
0.01236086606151	0.700301842815124	58
-0.09103373816986	0.615768971195047	58
0.0708682102704099	0.804717980967143	166
-0.09666612351855	0.620394339358533	83
0.0141096162360199	0.699857347174248	14
0.078740328104	0.354268648704258	14
0.00669652446234004	0.707661196276393	14
0.0832282411926699	0.353813253690907	14
-0.0948096464441599	0.608230423465639	14
-0.0978339498415901	0.619225327990964	14
0.08476551775475	0.350479641287103	118
0.08433154911069	0.353063396931639	118
0.078740328104	0.354268648704258	118
0.0834626177679601	0.350627556007068	59
0.08409384551661	0.351201143085869	59
-0.0973561980347199	0.615998685416403	6
0.08389724920787	0.35308024748219	6
0.08389724920787	0.35308024748219	404
0.08476551775475	0.350479641287103	57
0.0864828896900201	0.351194977573717	152
0.0836612084574	0.353796776180306	172
0.08471412348557	1.33845271934303	58
0.01336891620595	1.06115667082899	58
0.00626224340594006	1.05915409872643	1075
0.00667540701870006	1.07277813576316	1075
-0.08668144496607	1.22110956577228	1075
-0.02188165286878	1.29403889651145	58
-0.09335827825194	0.616310037678989	166
0.0832282411926699	0.353813253690907	1239
-0.0917284752082601	0.611431331899186	14
0.08389724920787	0.35308024748219	4
0.08433154911069	0.353063396931639	59
-0.08918509936709	0.610532916346089	59
0.00528455604006006	0.693767935168829	59
0.0836612084574	0.353796776180306	59
0.08409384551661	0.351201143085869	88
0.0832282411926699	0.353813253690907	88
0.078740328104	0.354268648704258	353
0.0780725558570901	0.355003538565994	172
-0.0338006481070401	1.48289601306412	58
-0.0673057075625501	1.84608714534182	58
0.08389724920787	0.35308024748219	58
0.00578133942944992	0.701437381385898	166
-0.0980456887041801	0.609251142871117	4
0.08433154911069	0.353063396931639	4
0.08389724920787	0.35308024748219	118
0.08433154911069	0.353063396931639	59
-0.08987726272824	0.611073422158008	88
0.08476551775475	0.350479641287103	353
0.0860442468296601	0.351212781854335	57
0.0836612084574	0.353796776180306	1665
0.0856052688821001	0.348790501536787	734
0.11204588567203	0.906669690982861	58
0.11768930532401	0.897355611032285	83
0.11866366926753	0.896086610397676	166
0.01054514215389	1.06838512881558	166
0.0836612084574	0.353796776180306	83
-0.0979397406198499	0.616143769579578	14
0.00223584330430993	0.703699252566211	14
0.0832282411926699	0.353813253690907	4
-0.0924350917475301	0.611238788536847	59
0.0832282411926699	0.353813253690907	404
0.07851393657289	0.353067612488471	404
0.08409384551661	0.351201143085869	353
0.08389724920787	0.35308024748219	353
0.08389724920787	0.35308024748219	57
0.08433154911069	0.353063396931639	57
-0.10786449662607	1.94562825074652	99
-0.09432018325055	0.613520052345093	166
0.00597071346676992	0.708800590608696	14
0.0836612084574	0.353796776180306	14
0.0832282411926699	0.353813253690907	14
0.0112768381303601	0.695105327502923	14
0.078740328104	0.354268648704258	14
0.0864828896900201	0.351194977573717	4
0.0827949434456099	0.351348125137152	4
0.08389724920787	0.35308024748219	4
0.0780725558570901	0.355003538565994	59
0.08389724920787	0.35308024748219	59
0.08433154911069	0.353063396931639	59
0.07829726163104	0.352528986232316	793
0.0776308377785999	0.353254771284329	404
0.08433154911069	0.353063396931639	353
0.08409384551661	0.351201143085869	57
0.0832282411926699	0.353813253690907	152
0.08389724920787	0.35308024748219	152
0.07851393657289	0.353067612488471	172
0.07851393657289	0.353067612488471	734
0.078740328104	0.354268648704258	409
0.07829726163104	0.352528986232316	205
0.0677946441014201	1.14020659754584	58
0.06462262395261	0.810982553155442	58
0.08409384551661	0.351201143085869	14
-0.09150217198866	0.612233890669978	118
0.0832282411926699	0.353813253690907	59
0.078740328104	0.354268648704258	59
0.0836612084574	0.353796776180306	793
0.0780725558570901	0.355003538565994	6
0.078740328104	0.354268648704258	57
0.0776308377785999	0.353254771284329	152
0.08389724920787	0.35308024748219	172
0.0780725558570901	0.355003538565994	734
0.0834626177679601	0.350627556007068	734
0.0860442468296601	0.351212781854335	32
0.08433154911069	0.353063396931639	1
0.0740762945033799	0.809730839606873	742
-0.08696363322963	1.24459380306584	166
-0.0918536536952601	0.606933891915323	83
0.00702765900941005	1.08298845129661	14
-0.1016321504007	0.617205365338464	4
0.0834626177679601	0.350627556007068	132
0.0836612084574	0.353796776180306	793
0.08389724920787	0.35308024748219	6
0.0836612084574	0.353796776180306	172
0.0832282411926699	0.353813253690907	172
-0.02033782866755	1.86498023367184	58
0.07336427739782	0.801494826437121	83
0.10656446867393	1.19951869783769	166
0.078740328104	0.354268648704258	83
0.0780725558570901	0.355003538565994	1063
0.01806891395202	1.0461560262866	232
0.08433154911069	0.353063396931639	59
-0.09405204003525	0.611976336957259	6
0.08389724920787	0.35308024748219	353
0.0836612084574	0.353796776180306	353
0.0791830561319999	0.352341346328956	353
0.08389724920787	0.35308024748219	353
0.0836612084574	0.353796776180306	353
0.08433154911069	0.353063396931639	89
0.0832282411926699	0.353813253690907	89
0.08433154911069	0.353063396931639	172
0.0752389339672299	0.350109548729761	734
0.08133311970863	0.350488964511777	243
0.0728842294822201	0.352484021879961	1
0.0836612084574	0.353796776180306	1173
0.0113669039191799	1.06328445054537	83
0.00211895916432003	0.705258444367387	166
0.08476551775475	0.350479641287103	14
0.00994773219203005	0.701094669601042	14
-0.09608258375009	0.618776512770065	14
0.07829726163104	0.352528986232316	4
0.08389724920787	0.35308024748219	4
0.0111548604801599	0.702719053817204	59
0.0832282411926699	0.353813253690907	6
0.0832282411926699	0.353813253690907	152
0.078740328104	0.354268648704258	704
0.00345470388112989	0.703270574873252	99
0.04300113528774	1.57491862139911	58
0.0730860797128301	0.803649011004693	83
0.11841341327942	0.911110348361398	58
-0.09277677301109	0.618051447663223	166
-0.10045516758301	1.44273924854058	166
0.06526590177708	0.81265577983269	14
0.08389724920787	0.35308024748219	14
0.0808859977810901	0.352395520307134	132
0.0159216602391701	0.694408122115295	59
0.08409384551661	0.351201143085869	6
0.0860442468296601	0.351212781854335	227
0.0776308377785999	0.353254771284329	6
0.0827949434456099	0.351348125137152	111
0.0860442468296601	0.351212781854335	111
0.0836612084574	0.353796776180306	1
0.0776308377785999	0.353254771284329	704
-0.02116509931094	1.29644574719298	58
-0.0897675300462	0.608843198209312	83
-0.11847117278471	2.00740169110511	166
0.07851393657289	0.353067612488471	14
0.01188055394411	0.695383546828136	14
0.00272795289749994	0.704386332837361	14
0.08409384551661	0.351201143085869	4
0.08433154911069	0.353063396931639	393
0.0832282411926699	0.353813253690907	132
0.08389724920787	0.35308024748219	6
-0.09150217198866	0.612233890669978	227
0.0836612084574	0.353796776180306	353
0.08409384551661	0.351201143085869	89
0.07355075495291	0.351767220057335	89
-0.0985235320845901	0.61485941773147	172
0.0836612084574	0.353796776180306	111
0.0780725558570901	0.355003538565994	32
-0.10235219210551	0.612917741253239	243
0.0827949434456099	0.351348125137152	579
0.07664580796129	0.802689000540172	99
0.01146298706009	0.700521592009068	99
-0.0916145031643001	0.617793207028816	58
0.0697394644826701	0.811763421183715	99
-0.09033990737278	0.609563942842024	58
-0.06730605417126	0.994759257156134	58
-0.02561291416844	1.30178410800672	58
-0.0619947251411801	0.99162171270245	58
0.11585654090081	0.912971821823346	1239
0.08433154911069	0.353063396931639	14
0.0836612084574	0.353796776180306	14
0.00718254634096005	0.707225039828887	132
-0.08929532530804	0.611503303249929	59
0.08692119774658	0.34863993750454	227
0.0737223370926801	0.80191734477436	353
0.0730991474651299	0.35193723773765	172
-0.08612513420722	1.23912873764836	172
-0.0937384342038099	0.613375843518545	111
-0.09219551471333	0.618497753906037	32
0.08389724920787	0.35308024748219	579
0.0860442468296601	0.351212781854335	409
0.08476551775475	0.350479641287103	407
0.0110322273452701	0.703172030450348	58
0.11776231320353	0.91028730341368	58
0.0832282411926699	0.353813253690907	166
-0.06421580584326	0.99456559340536	166
0.0827949434456099	0.351348125137152	14
0.08476551775475	0.350479641287103	4
0.08692119774658	0.34863993750454	132
-0.08743929287643	0.608294676926949	132
0.00383478901740997	0.69521467945627	353
0.0864828896900201	0.351194977573717	172
0.07536955435158	0.803194144973092	111
0.0836612084574	0.353796776180306	111
0.08433154911069	0.353063396931639	1072
0.0808859977810901	0.352395520307134	243
0.0752389339672299	0.350109548729761	409
0.10782111529397	1.41562841166304	58
0.08238054491797	1.59822899960834	58
-0.0413235530815601	1.49052503114505	1239
0.0836612084574	0.353796776180306	83
0.0856052688821001	0.348790501536787	14
0.08389724920787	0.35308024748219	115
0.0836612084574	0.353796776180306	59
0.08389724920787	0.35308024748219	353
0.00467242219788	0.695502222757095	353
0.0864828896900201	0.351194977573717	89
0.0836612084574	0.353796776180306	1758
0.08389724920787	0.35308024748219	172
0.0728842294822201	0.352484021879961	172
-0.08929532530804	0.611503303249929	111
0.0827949434456099	0.351348125137152	111
0.0856052688821001	0.348790501536787	409
-0.10174684549675	1.45295865416506	99
-0.05556134850992	0.981671735032011	99
0.0726560961815299	0.8123038614562	99
0.0430551245650601	1.29408263279903	58
-0.09277677301109	0.618051447663223	58
0.0808859977810901	0.352395520307134	14
0.078740328104	0.354268648704258	115
0.08692119774658	0.34863993750454	4
0.07851393657289	0.353067612488471	132
0.0827949434456099	0.351348125137152	59
-0.0613462471250199	0.990758289758942	59
-0.09103373816986	0.615768971195047	353
0.00406370570471992	0.700904181245588	353
0.0129001795475701	0.698247325104614	111
0.08389724920787	0.35308024748219	32
0.0836612084574	0.353796776180306	243
0.08433154911069	0.353063396931639	806
0.0834626177679601	0.350627556007068	806
0.0599098782862799	2.06754993949675	99
0.0326014748755501	1.32310103057919	99
0.0808324871348301	0.788359957127704	58
-0.09219551471333	0.618497753906037	99
0.0832282411926699	0.353813253690907	99
-0.0934161790386401	1.23023312223589	1239
-0.04160562109856	2.05405546853419	14
0.08433154911069	0.353063396931639	4
0.01024881889677	0.704655106482344	227
0.0827949434456099	0.351348125137152	353
0.0781990332047899	0.793991472300488	353
0.0834626177679601	0.350627556007068	4
0.0836612084574	0.353796776180306	172
-0.09347077887477	0.613680669788906	863
0.08433154911069	0.353063396931639	172
-0.0594534287892801	0.994276966471868	35
0.08476551775475	0.350479641287103	806
0.00296221171974009	0.696442316739352	58
0.00953839682473001	1.07313443212801	58
-0.02781270704925	2.01109458573282	58
-0.09103373816986	0.615768971195047	83
0.0089165412399701	0.700877191465741	166
0.08389724920787	0.35308024748219	14
0.0692391761443101	0.81387394370057	14
0.08389724920787	0.35308024748219	14
0.08389724920787	0.35308024748219	14
0.0832282411926699	0.353813253690907	132
0.0740016722960399	0.801720635520109	227
0.0856052688821001	0.348790501536787	353
0.0836612084574	0.353796776180306	353
0.08389724920787	0.35308024748219	1507
0.0832282411926699	0.353813253690907	35
0.08389724920787	0.35308024748219	806
0.08476551775475	0.350479641287103	806
0.0832282411926699	0.353813253690907	973
0.0836612084574	0.353796776180306	1
0.08433154911069	0.353063396931639	205
0.0715735963095201	0.798913124998744	58
0.11572579311461	0.90996307586134	83
0.07473096751564	0.801963474401796	14
-0.0979397406198499	0.616143769579578	14
0.08433154911069	0.353063396931639	1053
0.08409384551661	0.351201143085869	132
0.08389724920787	0.35308024748219	132
0.08433154911069	0.353063396931639	227
0.0836612084574	0.353796776180306	1039
0.08433154911069	0.353063396931639	353
0.08133311970863	0.350488964511777	353
0.0836612084574	0.353796776180306	353
0.08389724920787	0.35308024748219	564
0.0836612084574	0.353796776180306	1302
0.0836612084574	0.353796776180306	205
-0.10873587408719	1.65042418248595	99
-0.03661575902026	1.4683340670182	407
0.08389724920787	0.35308024748219	166
-0.0916145031643001	0.617793207028816	166
0.08433154911069	0.353063396931639	166
0.01188055394411	0.695383546828136	166
-0.09666612351855	0.620394339358533	14
-0.0845969160095901	1.23206286895893	14
0.0780725558570901	0.355003538565994	14
-0.09219551471333	0.618497753906037	4
0.08433154911069	0.353063396931639	59
-0.0937384342038099	0.613375843518545	1039
0.0832282411926699	0.353813253690907	1039
0.078740328104	0.354268648704258	1039
0.08476551775475	0.350479641287103	353
0.08433154911069	0.353063396931639	353
0.08433154911069	0.353063396931639	4
0.08409384551661	0.351201143085869	4
0.0836612084574	0.353796776180306	353
0.0864828896900201	0.351194977573717	337
0.08389724920787	0.35308024748219	172
0.0832282411926699	0.353813253690907	172
0.0860442468296601	0.351212781854335	121
0.0780725558570901	0.355003538565994	35
0.078740328104	0.354268648704258	58
-0.11703889170019	1.63675377023707	83
0.06104111151643	2.32303533635418	14
0.0836612084574	0.353796776180306	14
-0.0886029164092501	0.610961857710409	14
0.0776308377785999	0.353254771284329	14
0.0834626177679601	0.350627556007068	14
0.01007218733284	1.06270287254461	458
0.06680352188728	1.13123980891405	1053
-0.0900081972962401	0.603129409107803	957
0.0700185772733399	0.810683475575259	957
0.08433154911069	0.353063396931639	4
0.11749910459815	0.900380925409639	132
0.0864828896900201	0.351194977573717	132
0.0827949434456099	0.351348125137152	573
-0.0973561980347199	0.615998685416403	573
0.0836612084574	0.353796776180306	353
0.08433154911069	0.353063396931639	353
0.0836612084574	0.353796776180306	353
0.08433154911069	0.353063396931639	57
0.0834626177679601	0.350627556007068	4
0.0780725558570901	0.355003538565994	1026
0.08389724920787	0.35308024748219	806
0.0827949434456099	0.351348125137152	205
-0.0870567399332001	1.23775420427727	99
0.12162352269117	2.38174545119971	58
0.0847002480183101	1.59161858011402	58
-0.0266989890409499	1.30297302885302	83
0.0153179267357999	0.697449713650545	1239
0.0761452801575799	0.80200184846212	14
-0.0923089966553201	0.613420184707873	132
0.07244951711022	0.804380789831361	132
0.0864828896900201	0.351194977573717	353
0.0776308377785999	0.353254771284329	4
-0.09724991215016	0.620538576333617	57
0.0832282411926699	0.353813253690907	1507
0.0836612084574	0.353796776180306	1507
0.08476551775475	0.350479641287103	172
0.0827949434456099	0.351348125137152	172
0.0827949434456099	0.351348125137152	172
0.08433154911069	0.353063396931639	172
0.0832282411926699	0.353813253690907	172
0.08389724920787	0.35308024748219	806
-0.0193504659482899	1.85342324720361	58
0.01055143678902	0.702426814420434	58
-0.10659115723803	1.46595666870568	166
0.00223783862760008	1.07465094133629	166
0.0677377633899201	1.1352563852445	646
-0.0195883832165999	1.28350072005811	646
-0.0640788723994301	0.993551767450433	14
0.01236086606151	0.700301842815124	458
0.078740328104	0.354268648704258	4
0.0110322273452701	0.703172030450348	132
-0.09714528908302	0.612995108958221	59
0.0727265763240099	0.80027627426747	59
0.0860442468296601	0.351212781854335	353
0.0804385337646501	0.350678247521957	353
0.08389724920787	0.35308024748219	353
0.08389724920787	0.35308024748219	57
0.078740328104	0.354268648704258	172
0.0860442468296601	0.351212781854335	172
0.078740328104	0.354268648704258	172
0.0827949434456099	0.351348125137152	172
0.0808859977810901	0.352395520307134	337
0.07851393657289	0.353067612488471	1076
0.078740328104	0.354268648704258	1
0.11164363294172	1.17246638549801	58
-0.0928897644795099	0.614114746971278	1419
-0.05671887263061	0.980918816011518	83
-0.08929532530804	0.611503303249929	646
0.08389724920787	0.35308024748219	67
0.0755064291855401	0.800775126662053	14
0.08433154911069	0.353063396931639	14
0.0864828896900201	0.351194977573717	4
0.08433154911069	0.353063396931639	4
0.08389724920787	0.35308024748219	152
0.0647162223228901	0.807484374025582	152
0.0836612084574	0.353796776180306	172
0.08433154911069	0.353063396931639	172
0.0834626177679601	0.350627556007068	337
0.0780725558570901	0.355003538565994	679
0.078740328104	0.354268648704258	564
0.08389724920787	0.35308024748219	564
0.08433154911069	0.353063396931639	111
0.00150967987600992	0.704814576786829	58
0.0360075244835101	1.34149455218708	58
0.08389724920787	0.35308024748219	166
0.11442358326964	1.16889893756131	166
0.08389724920787	0.35308024748219	14
0.0110116920826699	1.08061307633094	14
-0.08929532530804	0.611503303249929	132
-0.09724991215016	0.620538576333617	132
0.0780725558570901	0.355003538565994	227
0.0780725558570901	0.355003538565994	573
0.0832282411926699	0.353813253690907	353
0.08389724920787	0.35308024748219	353
0.0780725558570901	0.355003538565994	152
0.0836612084574	0.353796776180306	172
0.08409384551661	0.351201143085869	298
0.0832282411926699	0.353813253690907	564
0.0827949434456099	0.351348125137152	35
0.08433154911069	0.353063396931639	1066
0.0780725558570901	0.355003538565994	1040
0.0836612084574	0.353796776180306	697
0.0832282411926699	0.353813253690907	14
0.06655152533662	0.812138995887121	14
-0.09724991215016	0.620538576333617	4
-0.09219551471333	0.618497753906037	957
0.0834626177679601	0.350627556007068	4
-0.0928897644795099	0.614114746971278	132
0.0860442468296601	0.351212781854335	227
0.0860442468296601	0.351212781854335	573
0.08476551775475	0.350479641287103	4
0.08389724920787	0.35308024748219	353
0.08433154911069	0.353063396931639	353
0.07829726163104	0.352528986232316	172
0.0832282411926699	0.353813253690907	121
0.08692119774658	0.34863993750454	111
0.0783455105230899	1.93529313969564	99
0.04581361297082	1.56570439070985	99
0.02717442445986	2.18803751647878	58
-0.0904532195360801	0.611051409929825	166
-0.0643567329846599	0.989959427302103	646
0.0416912947241299	1.30637522803874	14
0.08389724920787	0.35308024748219	132
-0.08987726272824	0.611073422158008	227
-0.0886029164092501	0.610961857710409	353
0.08433154911069	0.353063396931639	119
0.08409384551661	0.351201143085869	119
0.0827949434456099	0.351348125137152	172
0.08476551775475	0.350479641287103	1158
0.0832282411926699	0.353813253690907	818
0.0791830561319999	0.352341346328956	121
0.0827949434456099	0.351348125137152	178
0.12066065387604	0.896635397945411	166
0.00572818702329991	1.07799534731266	67
-0.09103373816986	0.615768971195047	67
0.0734352962131299	0.811095792928754	14
0.0719506639657901	0.803389946649137	4
-0.0886029164092501	0.610961857710409	132
0.0808859977810901	0.352395520307134	4
0.0836612084574	0.353796776180306	210
0.08433154911069	0.353063396931639	573
0.0780725558570901	0.355003538565994	353
0.0130871430442201	0.693015145511418	353
0.08433154911069	0.353063396931639	353
0.0832282411926699	0.353813253690907	172
0.08389724920787	0.35308024748219	172
0.0836612084574	0.353796776180306	111
0.08433154911069	0.353063396931639	111
0.07851393657289	0.353067612488471	111
0.0860442468296601	0.351212781854335	212
0.0832282411926699	0.353813253690907	178
0.08409384551661	0.351201143085869	175
0.12298358873566	0.880063600625727	166
0.0776308377785999	0.353254771284329	166
-0.09241709540399	1.22632834806884	166
0.11507222685977	0.909152368291008	166
0.01898995445151	0.68360409319359	646
0.0724339853195399	0.352653927554354	67
-0.09549929264778	0.614358764173469	4
0.0711754752232801	0.802923882021889	4
-0.08802098097738	0.610270591097221	1717
-0.09724991215016	0.620538576333617	353
0.0836612084574	0.353796776180306	172
0.0834626177679601	0.350627556007068	337
0.0776308377785999	0.353254771284329	121
0.078740328104	0.354268648704258	121
0.0780725558570901	0.355003538565994	818
0.0836612084574	0.353796776180306	35
0.0860442468296601	0.351212781854335	511
0.0836612084574	0.353796776180306	175
0.0832282411926699	0.353813253690907	697
0.0864828896900201	0.351194977573717	205
0.0175994952935701	1.49471601207527	58
0.10593855684064	1.19980153799743	166
0.12203321691418	0.900260776259444	166
0.00597071346676992	0.708800590608696	4
0.07851393657289	0.353067612488471	210
0.0860442468296601	0.351212781854335	1717
-0.09219551471333	0.618497753906037	4
0.0864828896900201	0.351194977573717	121
0.0832282411926699	0.353813253690907	121
0.0860442468296601	0.351212781854335	121
0.0860442468296601	0.351212781854335	111
0.08433154911069	0.353063396931639	178
0.04661375940922	2.07126572035533	58
-0.0581093914284301	0.979756517816219	166
0.00578989091198001	1.07867054684356	166
0.07129858619001	0.809074291634371	166
0.08389724920787	0.35308024748219	67
0.0104890449850801	1.06527363079754	889
0.11507222685977	0.909152368291008	14
0.0789143178701599	0.790562965818323	4
0.0836612084574	0.353796776180306	132
0.0832282411926699	0.353813253690907	4
0.0864828896900201	0.351194977573717	119
0.0836612084574	0.353796776180306	172
0.08409384551661	0.351201143085869	121
0.08433154911069	0.353063396931639	35
0.08409384551661	0.351201143085869	35
0.0429738351862801	1.5776707065666	99
0.10808485634611	1.1971437873754	58
0.0836612084574	0.353796776180306	166
0.0827949434456099	0.351348125137152	67
0.078740328104	0.354268648704258	14
0.0832282411926699	0.353813253690907	132
0.08433154911069	0.353063396931639	132
0.0767838241344701	0.802229667271617	491
0.0832282411926699	0.353813253690907	190
0.08692119774658	0.34863993750454	296
0.08133311970863	0.350488964511777	111
0.06937811025242	0.809832541524569	111
0.0864828896900201	0.351194977573717	35
0.08389724920787	0.35308024748219	178
0.0834626177679601	0.350627556007068	205
0.08409384551661	0.351201143085869	49
-0.02308030578778	1.29531462677599	58
-0.0625454400496901	1.83698147688846	58
-0.09116300998176	1.25332617575331	166
0.0836612084574	0.353796776180306	67
-0.10235219210551	0.612917741253239	67
0.0791830561319999	0.352341346328956	4
0.0730991474651299	0.35193723773765	132
0.01151094134871	0.692895696582737	491
0.0791830561319999	0.352341346328956	353
0.0776308377785999	0.353254771284329	4
0.0776308377785999	0.353254771284329	172
-0.09219551471333	0.618497753906037	121
0.08389724920787	0.35308024748219	1381
0.0834626177679601	0.350627556007068	111
0.0832282411926699	0.353813253690907	111
0.0832282411926699	0.353813253690907	1134
0.08409384551661	0.351201143085869	1134
-0.04368300136953	2.14171202875077	587
-0.00259142641252996	1.67533356168398	58
0.00585087559932007	0.702940541318399	58
0.10603579997697	0.904088930951763	166
0.0145928615972399	0.693557531234659	166
0.0836612084574	0.353796776180306	67
-0.09103373816986	0.615768971195047	14
0.0864828896900201	0.351194977573717	22
0.08409384551661	0.351201143085869	132
0.08389724920787	0.35308024748219	132
0.08433154911069	0.353063396931639	210
0.0864828896900201	0.351194977573717	769
0.0724339853195399	0.352653927554354	572
0.07829726163104	0.352528986232316	121
0.08409384551661	0.351201143085869	178
0.0834626177679601	0.350627556007068	175
0.03822405209455	1.32841089977575	58
0.0836612084574	0.353796776180306	67
-0.09724991215016	0.620538576333617	67
-0.08987726272824	0.611073422158008	14
-0.08743929287643	0.608294676926949	4
0.0836612084574	0.353796776180306	1267
0.0832282411926699	0.353813253690907	132
0.08389724920787	0.35308024748219	132
0.0836612084574	0.353796776180306	309
-0.0928897644795099	0.614114746971278	1404
0.0836612084574	0.353796776180306	1404
0.08433154911069	0.353063396931639	4
-0.0887136352348199	0.610811455530862	4
0.0832282411926699	0.353813253690907	4
0.08433154911069	0.353063396931639	190
0.0780725558570901	0.355003538565994	121
0.08389724920787	0.35308024748219	1430
0.078740328104	0.354268648704258	1430
0.0860442468296601	0.351212781854335	869
-0.0979397406198499	0.616143769579578	58
-0.0860113894671	1.22592663521609	58
-0.0604582573280801	0.974376678150488	58
0.10292351661722	1.43499223898143	166
0.0776308377785999	0.353254771284329	67
0.03163140452239	1.35229886659317	14
0.0836612084574	0.353796776180306	533
0.00315201781153007	0.687814058339345	533
0.00851472738096004	0.703304563289465	4
0.01489471255927	1.0551125038548	491
-0.10215618857623	1.45432486826767	4
0.0864828896900201	0.351194977573717	769
-0.05362404548344	0.969193490001134	1358
0.08433154911069	0.353063396931639	1358
0.0832282411926699	0.353813253690907	190
0.07355075495291	0.351767220057335	121
0.07829726163104	0.352528986232316	111
0.08389724920787	0.35308024748219	121
0.08389724920787	0.35308024748219	35
-0.00172865151417989	0.698209856267404	49
-0.10667397789979	1.46043380348309	133
-0.0112588178728901	1.70939702596456	99
-0.0836295056124501	2.19656996741689	58
0.07851393657289	0.353067612488471	166
-0.0608881782881501	0.987598541737637	533
0.0860442468296601	0.351212781854335	533
0.0832282411926699	0.353813253690907	22
0.0836612084574	0.353796776180306	132
0.0776308377785999	0.353254771284329	4
0.08389724920787	0.35308024748219	769
0.0836612084574	0.353796776180306	1404
-0.0146424366142599	1.28517397632588	572
0.078740328104	0.354268648704258	121
0.0832282411926699	0.353813253690907	111
0.00182464991451003	1.0801066497345	111
0.0860442468296601	0.351212781854335	35
0.078740328104	0.354268648704258	991
0.0776308377785999	0.353254771284329	175
-0.07198371714806	0.982886367844837	34
-0.0887136352348199	0.610811455530862	166
0.01369657128847	1.52637764316145	166
0.0836612084574	0.353796776180306	1293
0.08389724920787	0.35308024748219	533
0.0827949434456099	0.351348125137152	4
0.0836612084574	0.353796776180306	22
0.0605213676538301	0.806848595703044	491
0.0832282411926699	0.353813253690907	1404
-0.08511678285429	0.600681856135888	1699
0.08389724920787	0.35308024748219	572
0.0860442468296601	0.351212781854335	4
0.08409384551661	0.351201143085869	1358
0.0780725558570901	0.355003538565994	190
0.08433154911069	0.353063396931639	111
0.08433154911069	0.353063396931639	111
0.08433154911069	0.353063396931639	111
0.08409384551661	0.351201143085869	111
0.0836612084574	0.353796776180306	111
0.0728842294822201	0.352484021879961	178
0.0836612084574	0.353796776180306	178
0.0791830561319999	0.352341346328956	49
0.0652540149943499	1.13517826762079	166
0.00192549965458011	0.69453165288635	67
0.0827949434456099	0.351348125137152	4
0.00669652446234004	0.707661196276393	4
-0.09277677301109	0.618051447663223	4
0.0776308377785999	0.353254771284329	4
0.02020004221219	0.675006683646802	4
-0.09549929264778	0.614358764173469	491
-0.1016321504007	0.617205365338464	4
0.08433154911069	0.353063396931639	4
0.08476551775475	0.350479641287103	37
0.0780725558570901	0.355003538565994	190
0.0834626177679601	0.350627556007068	296
0.0834626177679601	0.350627556007068	111
0.0856052688821001	0.348790501536787	111
0.078740328104	0.354268648704258	111
0.07851393657289	0.353067612488471	111
0.08433154911069	0.353063396931639	682
0.0860442468296601	0.351212781854335	682
0.0860442468296601	0.351212781854335	178
0.08476551775475	0.350479641287103	178
0.08389724920787	0.35308024748219	993
0.07355075495291	0.351767220057335	869
-0.0132868612853301	2.07024975388369	587
0.0732968316882501	0.81093634738419	67
-0.0687465676391099	0.991254799736568	67
0.12000932064796	0.897402083153953	67
-0.09666612351855	0.620394339358533	67
-0.09301676632011	0.612817542355038	4
0.0791830561319999	0.352341346328956	4
0.0860442468296601	0.351212781854335	1404
0.0860442468296601	0.351212781854335	4
0.0827949434456099	0.351348125137152	4
0.0836612084574	0.353796776180306	4
0.08389724920787	0.35308024748219	4
0.0791830561319999	0.352341346328956	1129
0.0827949434456099	0.351348125137152	111
-0.09724991215016	0.620538576333617	111
0.0832282411926699	0.353813253690907	111
0.0832282411926699	0.353813253690907	111
-0.10149670782146	0.610353653805488	111
0.0791830561319999	0.352341346328956	35
0.0832282411926699	0.353813253690907	178
0.0860442468296601	0.351212781854335	993
0.08433154911069	0.353063396931639	108
0.07851393657289	0.353067612488471	175
0.08389724920787	0.35308024748219	49
0.0832282411926699	0.353813253690907	49
-0.0587712358688399	0.9724740406517	14
0.00759358396377996	1.07573819730769	14
0.07113242633468	1.11898029099449	22
0.08389724920787	0.35308024748219	4
0.08433154911069	0.353063396931639	4
0.0864828896900201	0.351194977573717	4
0.0776308377785999	0.353254771284329	4
0.08389724920787	0.35308024748219	4
0.08433154911069	0.353063396931639	4
0.07829726163104	0.352528986232316	4
0.0832282411926699	0.353813253690907	190
0.0776308377785999	0.353254771284329	121
-0.09724991215016	0.620538576333617	111
0.0864828896900201	0.351194977573717	111
0.08409384551661	0.351201143085869	111
0.078740328104	0.354268648704258	35
0.0836612084574	0.353796776180306	108
0.08433154911069	0.353063396931639	108
-0.00984921229022007	1.68635972465359	587
0.0664113754195099	0.809450584648484	67
0.00830904136026001	0.699948141575859	4
0.0776308377785999	0.353254771284329	528
0.0791830561319999	0.352341346328956	528
0.0730991474651299	0.35193723773765	1010
0.08389724920787	0.35308024748219	1622
0.0836612084574	0.353796776180306	296
0.0832282411926699	0.353813253690907	111
0.08389724920787	0.35308024748219	871
0.0719506639657901	0.803389946649137	58
-0.0973276394124401	0.60870266550981	857
0.08433154911069	0.353063396931639	4
0.08389724920787	0.35308024748219	4
-0.09219551471333	0.618497753906037	4
0.08433154911069	0.353063396931639	190
0.08409384551661	0.351201143085869	296
0.0780725558570901	0.355003538565994	296
0.08389724920787	0.35308024748219	111
0.0864828896900201	0.351194977573717	111
0.0836612084574	0.353796776180306	159
0.0827949434456099	0.351348125137152	682
-0.000991206176210069	1.07338291271297	34
0.11787058095108	0.906630645474784	166
0.00669652446234004	0.707661196276393	67
-0.0916145031643001	0.617793207028816	67
0.08033021621322	0.785323913228793	14
0.00597071346676992	0.708800590608696	14
0.11572579311461	0.90996307586134	857
0.0860442468296601	0.351212781854335	22
0.0856052688821001	0.348790501536787	1194
0.0121888342516601	0.695118587613944	4
0.0832282411926699	0.353813253690907	4
-0.10149670782146	0.610353653805488	4
-0.0985235320845901	0.61485941773147	528
0.0776308377785999	0.353254771284329	1798
0.0836612084574	0.353796776180306	4
0.0832282411926699	0.353813253690907	676
0.0827949434456099	0.351348125137152	282
-0.09666612351855	0.620394339358533	282
0.08389724920787	0.35308024748219	111
0.08389724920787	0.35308024748219	49
-0.09277677301109	0.618051447663223	285
0.00922283178368	0.702227695371774	857
-0.0587552311608499	0.979992617364909	857
-0.09724991215016	0.620538576333617	4
0.078740328104	0.354268648704258	4
0.12081852125113	0.907604730113693	643
0.08433154911069	0.353063396931639	209
0.11312772445197	1.1632844444603	528
-0.09666612351855	0.620394339358533	528
0.08433154911069	0.353063396931639	1170
0.0860442468296601	0.351212781854335	282
0.0864828896900201	0.351194977573717	282
0.0832282411926699	0.353813253690907	296
0.08433154911069	0.353063396931639	296
0.00284541649258996	0.704140949251989	111
0.08476551775475	0.350479641287103	111
-0.01282991930789	1.6877454125906	58
0.0798382150107	1.37873666044631	58
0.03635403360203	1.34291278578937	34
0.0730860797128301	0.803649011004693	166
0.11954447540867	0.901784382497287	34
0.0746055246020601	1.10184188599361	34
0.08433154911069	0.353063396931639	166
0.0832282411926699	0.353813253690907	166
0.07829726163104	0.352528986232316	67
0.0780725558570901	0.355003538565994	67
0.08433154911069	0.353063396931639	67
0.0804385337646501	0.350678247521957	857
-0.10483868153844	1.45487995800791	659
-0.10104877172973	0.616167841129993	1798
0.0832282411926699	0.353813253690907	1798
0.00729105763926996	0.688710047794434	121
-0.0942222071736401	1.25146539160112	111
-0.0601845498372	0.983069495331744	111
0.0832282411926699	0.353813253690907	111
0.078740328104	0.354268648704258	682
0.0836612084574	0.353796776180306	620
0.078740328104	0.354268648704258	49
0.0665984381711999	1.13625553555574	99
0.08133311970863	0.350488964511777	99
0.0724339853195399	0.352653927554354	199
-0.09219551471333	0.618497753906037	633
0.0832282411926699	0.353813253690907	58
0.0730991474651299	0.35193723773765	58
0.08433154911069	0.353063396931639	58
0.08433154911069	0.353063396931639	58
-0.00147088868354994	1.07454803691045	58
0.0761996996015699	0.799490055272	34
-0.0866568953744899	1.22884001970872	34
0.0808859977810901	0.352395520307134	34
0.08433154911069	0.353063396931639	67
0.07309288420314	1.36943563130289	14
0.0776308377785999	0.353254771284329	285
0.0832282411926699	0.353813253690907	397
0.07851393657289	0.353067612488471	4
0.0832282411926699	0.353813253690907	1194
0.00718254634096005	0.707225039828887	643
0.0832282411926699	0.353813253690907	282
0.08692119774658	0.34863993750454	121
0.0827949434456099	0.351348125137152	121
0.0721523723139299	0.810491774150725	111
-0.0941808257504899	0.611687473244139	163
0.0860442468296601	0.351212781854335	1635
0.0832282411926699	0.353813253690907	682
0.0780725558570901	0.355003538565994	205
0.0836612084574	0.353796776180306	620
0.078740328104	0.354268648704258	99
-0.00111671246134004	0.696360949402348	58
-0.06544722694332	1.84285592334627	58
-0.0893830311435999	1.25198019469778	58
-0.0979397406198499	0.616143769579578	34
0.08409384551661	0.351201143085869	34
0.08433154911069	0.353063396931639	67
-0.05671887263061	0.980918816011518	323
0.01398913967898	0.6952585543999	4
0.11761771908822	0.909754976742252	111
-0.00161404069669002	0.697347433508917	159
0.00681561515538998	0.699328412873952	682
0.0791830561319999	0.352341346328956	17
0.08476551775475	0.350479641287103	205
0.11509253705328	0.907963742182277	133
0.04088293740552	1.32164675695964	99
0.08476551775475	0.350479641287103	58
-0.0965610047598	0.614270307458563	58
0.11412082887721	0.903869819774184	58
0.0781990332047899	0.793991472300488	166
0.0832282411926699	0.353813253690907	166
0.08433154911069	0.353063396931639	67
-0.0613462471250199	0.990758289758942	14
0.05854729763293	1.77709749039298	14
0.06729924881737	1.13871050555348	4
0.0282643426892499	1.73191939888858	659
0.0501202032164501	1.56598559939691	209
0.08389724920787	0.35308024748219	4
0.07851393657289	0.353067612488471	37
0.0740762945033799	0.809730839606873	111
0.0728842294822201	0.352484021879961	1635
0.0780725558570901	0.355003538565994	49
0.0352808363745201	1.32284715099671	58
0.0772834752442999	0.800951873092363	166
0.0698790721851601	0.813622165240879	166
-0.08987726272824	0.611073422158008	166
-0.0936451885107099	1.24816574599041	14
0.0864828896900201	0.351194977573717	397
0.0836612084574	0.353796776180306	22
0.08433154911069	0.353063396931639	22
-0.0887136352348199	0.610811455530862	1194
0.0864828896900201	0.351194977573717	4
0.0832282411926699	0.353813253690907	282
-0.09277677301109	0.618051447663223	111
-0.09043428063588	1.25330455919457	111
0.11721750082232	0.907997938441676	111
0.11996742494057	0.893165000498564	111
0.00425545243673997	1.08094445410639	159
0.08389724920787	0.35308024748219	159
0.0832282411926699	0.353813253690907	871
0.0836612084574	0.353796776180306	871
0.11408750396218	1.17016981231508	166
-0.0632394042593101	0.995242010220742	67
0.0791830561319999	0.352341346328956	67
0.00718254634096005	0.707225039828887	50
0.0864828896900201	0.351194977573717	22
-0.06456210632628	0.990026168619982	659
0.0836612084574	0.353796776180306	4
0.0827949434456099	0.351348125137152	1194
0.11804035871889	0.910308810203979	209
-0.0195883832165999	1.28350072005811	209
0.0780725558570901	0.355003538565994	4
0.08409384551661	0.351201143085869	282
0.0836612084574	0.353796776180306	282
0.0836612084574	0.353796776180306	1056
0.08409384551661	0.351201143085869	1056
0.00800909753094992	1.07727072149245	111
0.0156595873347101	1.06202371247251	111
-0.10359779281312	1.44786974531406	111
0.0702444964086699	0.803047615192327	159
-0.0978339498415901	0.619225327990964	133
-0.09666612351855	0.620394339358533	58
-0.09347077887477	0.613680669788906	34
0.02000181651855	1.49477504793881	166
-0.00573247744730998	1.70294496649915	376
0.0827949434456099	0.351348125137152	22
0.00863554644296993	0.698707429908332	22
0.0832282411926699	0.353813253690907	1618
-0.100662212638	1.46201515714572	4
0.11673679535265	0.913325384390806	4
-0.02109512954656	1.8611801790815	209
0.01147993183431	1.06254615106097	209
0.0780725558570901	0.355003538565994	4
0.0827949434456099	0.351348125137152	282
0.0724339853195399	0.352653927554354	282
0.0762437830633	1.37023495240071	111
0.12268540336338	0.900461463899678	111
0.0748088454534801	1.33951583717957	111
0.0834626177679601	0.350627556007068	682
0.11863914499553	0.910629204371075	17
-0.06614221735654	0.993325864732235	17
-0.10523114164128	0.605180047757792	17
-0.0666545642249401	0.995957739389221	58
0.00463906219179	0.702212512188985	34
0.07258810142012	0.804621964886105	166
0.08433154911069	0.353063396931639	67
-0.0965610047598	0.614270307458563	50
0.08389724920787	0.35308024748219	4
0.0827949434456099	0.351348125137152	4
0.08433154911069	0.353063396931639	22
-0.05953864931199	0.983969194868589	1618
0.0834626177679601	0.350627556007068	4
0.08476551775475	0.350479641287103	4
0.00768006014508993	1.07498040095459	111
0.06091207672862	1.13831077382933	111
0.0780725558570901	0.355003538565994	159
0.07829726163104	0.352528986232316	35
0.0827949434456099	0.351348125137152	98
-0.0949021690765199	0.612243556582767	49
0.0158433720114	0.684799074504268	133
0.0720823804409601	0.794513077198013	58
-0.09666612351855	0.620394339358533	58
0.0110322273452701	0.703172030450348	34
0.0836612084574	0.353796776180306	34
-0.0172619755402601	1.72442231041784	14
0.0753573650524599	0.802933163824456	50
-0.1072487545146	0.607192855595729	50
0.08433154911069	0.353063396931639	1113
-0.0032155970577199	1.6892391026574	659
-0.08929532530804	0.611503303249929	1097
0.07684184991488	0.798156656549894	4
-0.0626435143086299	0.991222050549103	209
0.0832282411926699	0.353813253690907	4
0.0836612084574	0.353796776180306	282
0.12084469936175	0.892702590317879	111
0.10646788461743	1.62644203919044	111
0.0732252329218099	0.804852636321753	159
0.08476551775475	0.350479641287103	35
0.0832282411926699	0.353813253690907	49
-0.06486441198571	0.992840459892522	49
-0.04345499844928	1.47499905328795	199
-0.0594534287892801	0.994276966471868	58
-0.0979397406198499	0.616143769579578	50
0.0832282411926699	0.353813253690907	50
0.08433154911069	0.353063396931639	50
-0.09219551471333	0.618497753906037	50
-0.09033990737278	0.609563942842024	50
0.0738620587246801	0.804119704321546	659
0.0678205637737199	0.812520129201648	4
0.11434851597228	0.908889904235439	4
0.0836612084574	0.353796776180306	209
-0.09335827825194	0.616310037678989	8
0.11585654090081	0.912971821823346	111
0.00800909753094992	1.07727072149245	111
0.0776308377785999	0.353254771284329	159
-0.10091292852141	0.611039951703031	17
0.0856052688821001	0.348790501536787	871
0.08389724920787	0.35308024748219	49
0.11103302021433	1.40868978843644	133
0.03882508426912	1.32634594867665	199
0.11021228247295	1.80402962852956	58
-0.06148532500973	0.992628710012882	34
0.0651268956102	0.812510353286056	166
0.078740328104	0.354268648704258	67
-0.09114819994458	0.606800383695446	67
0.0776308377785999	0.353254771284329	376
-0.0573764881988501	1.67237451478731	14
-0.0619947251411801	0.99162171270245	50
-0.09535451785993	1.24894104538383	50
0.0780725558570901	0.355003538565994	22
0.08433154911069	0.353063396931639	22
-0.09219551471333	0.618497753906037	141
0.08433154911069	0.353063396931639	4
0.0864828896900201	0.351194977573717	4
-0.0937384342038099	0.613375843518545	209
0.0780725558570901	0.355003538565994	4
0.01024881889677	0.704655106482344	121
0.00671225225654992	1.07776618147093	111
0.0754378354312499	1.37569609519902	111
0.08389724920787	0.35308024748219	159
0.0836612084574	0.353796776180306	35
0.00994773219203005	0.701094669601042	17
0.00639179151047009	0.700569334443177	49
-0.10328892674321	1.62414727257577	133
0.11815110038625	0.894718848312516	58
0.01440322605524	1.0536860364842	58
0.01783244740368	1.04432252436392	725
0.00778803870417999	0.704433316663311	34
0.07129858619001	0.809074291634371	34
-0.0985235320845901	0.61485941773147	166
0.00139270792753998	0.699703523200086	67
0.07851393657289	0.353067612488471	50
-0.0572515285120501	0.979116596105475	4
0.0836612084574	0.353796776180306	209
0.0780725558570901	0.355003538565994	4
0.08389724920787	0.35308024748219	282
0.00585087559932007	0.702940541318399	166
0.0836612084574	0.353796776180306	67
0.08433154911069	0.353063396931639	67
0.0111548604801599	0.702719053817204	141
0.00528455604006006	0.693767935168829	1097
0.0639790350853999	0.807651074050735	209
0.06915327432701	1.12914738670513	209
0.0864828896900201	0.351194977573717	4
0.0832282411926699	0.353813253690907	301
0.0832282411926699	0.353813253690907	121
-0.09208367458944	0.611803851881616	159
0.0790499849230699	0.783971318899253	17
0.0122950383074401	0.695623312564505	218
0.00742254242944007	0.70025276683322	49
0.0687373345139599	0.807758370656354	49
-0.09103373816986	0.615768971195047	99
-0.06356751069976	0.994969968215826	34
0.07851393657289	0.353067612488471	34
0.08389724920787	0.35308024748219	34
0.0864828896900201	0.351194977573717	166
0.1165084736568	0.912092529470267	50
-0.0937384342038099	0.613375843518545	50
0.08433154911069	0.353063396931639	22
0.01543888446973	0.693763276938058	209
0.11787058095108	0.906630645474784	209
0.0864828896900201	0.351194977573717	209
-0.0894260633456201	0.60160145806695	4
0.08692119774658	0.34863993750454	301
0.07829726163104	0.352528986232316	37
0.00657677133893997	0.708596444931798	8
-0.0972952740461099	1.25180173941687	8
-0.02938364780614	1.88802488472521	111
-0.01487061199414	1.27127686631452	159
0.0856052688821001	0.348790501536787	159
0.07040100942645	0.796343286854963	17
0.08476551775475	0.350479641287103	218
0.0836612084574	0.353796776180306	49
-0.0624105455339901	0.979453793139501	133
0.07037848270258	0.809168032416399	133
-0.02043391268962	1.2883150065098	199
-0.0484332652873301	2.49338522912206	58
0.0791830561319999	0.352341346328956	34
0.08433154911069	0.353063396931639	67
-0.0958003119637401	1.24643705175729	14
-0.08926091271931	1.24313176182038	50
0.08692119774658	0.34863993750454	50
0.0832282411926699	0.353813253690907	50
0.08409384551661	0.351201143085869	50
0.07051866024397	0.81225654073572	22
0.08409384551661	0.351201143085869	22
0.0730991474651299	0.35193723773765	192
0.0734352962131299	0.811095792928754	141
-0.09103373816986	0.615768971195047	1097
-0.0638882381789201	0.995474313782076	209
-0.0901933753748301	1.24563485800709	209
0.0780725558570901	0.355003538565994	4
0.08433154911069	0.353063396931639	282
-0.0978339498415901	0.619225327990964	17
0.08433154911069	0.353063396931639	98
-0.10104164231161	1.46822892979721	99
0.11130334482319	1.19675217152467	133
-0.00610249049193001	1.69496972117209	58
-0.0622718523816299	0.991915508716717	725
0.10330121693167	1.95080745408525	58
0.07527554458188	0.799267645962436	166
0.01188055394411	0.695383546828136	34
0.07851393657289	0.353067612488471	67
0.08389724920787	0.35308024748219	50
0.0827949434456099	0.351348125137152	50
0.0836612084574	0.353796776180306	22
0.078740328104	0.354268648704258	141
0.06946153176871	0.810657054209505	141
0.08409384551661	0.351201143085869	4
0.0864828896900201	0.351194977573717	1097
0.0780725558570901	0.355003538565994	209
0.0832282411926699	0.353813253690907	8
-0.09608258375009	0.618776512770065	8
-0.08987726272824	0.611073422158008	121
-0.06090189620787	0.978720090816708	111
0.00790894270036002	0.706088714274295	111
0.0791830561319999	0.352341346328956	17
0.08409384551661	0.351201143085869	49
-0.0474304113463799	1.4990749557338	99
-0.06250563884362	0.978144166800682	34
0.08409384551661	0.351201143085869	34
0.1139616853338	1.19054457291663	4
0.08476551775475	0.350479641287103	22
0.0780725558570901	0.355003538565994	141
0.0836612084574	0.353796776180306	301
0.08433154911069	0.353063396931639	282
0.0776308377785999	0.353254771284329	282
0.0856052688821001	0.348790501536787	8
0.078740328104	0.354268648704258	8
-0.0978339498415901	0.619225327990964	17
0.12221579828337	0.895632116740403	17
-0.09219551471333	0.618497753906037	358
0.0832282411926699	0.353813253690907	1257
-0.0229641516160299	1.29698130139108	133
0.00657677133893997	0.708596444931798	58
0.0159216602391701	0.694408122115295	34
0.0673344972487999	0.808988001478087	34
0.08476551775475	0.350479641287103	34
0.0832282411926699	0.353813253690907	34
0.0776308377785999	0.353254771284329	323
0.08389724920787	0.35308024748219	67
0.0836612084574	0.353796776180306	192
0.00200140820797001	0.698844656928281	141
0.08389724920787	0.35308024748219	1097
-0.0916145031643001	0.617793207028816	1097
0.06522451554552	0.799943240488578	209
0.12019296930838	0.89251583052508	77
-0.05678354020701	0.973544228844491	111
-0.08929532530804	0.611503303249929	358
0.00247526146873001	1.07912289735038	133
0.01542733010256	1.06369112182869	58
0.0710171936739401	0.804973220213675	199
-0.00995172515289999	1.68091415982713	58
-0.09301676632011	0.612817542355038	199
0.0698790721851601	0.813622165240879	58
0.07289617584526	1.12599884477398	58
0.0680749631595099	1.13695077811399	166
0.0746387612727899	0.800991151576137	166
-0.08987726272824	0.611073422158008	323
0.0827949434456099	0.351348125137152	67
-0.09666612351855	0.620394339358533	810
0.10966235311141	0.895827201142774	14
-0.09666612351855	0.620394339358533	50
-0.08743929287643	0.608294676926949	50
0.08389724920787	0.35308024748219	50
0.08476551775475	0.350479641287103	22
0.11798777791265	0.908627379216504	4
0.0832282411926699	0.353813253690907	1097
0.0715104461891301	0.808403036383753	4
0.00337126063938009	1.07896873781506	4
-0.08990476580674	1.22536527083595	4
-0.0942222071736401	1.25146539160112	209
0.08433154911069	0.353063396931639	4
0.0808859977810901	0.352395520307134	451
0.01055143678902	0.702426814420434	8
-0.0875831378056	1.21204625620729	8
0.0834898471190699	1.59474825131099	133
0.00627599110210997	0.69434003917161	660
0.0110322273452701	0.703172030450348	58
-0.08873757522219	1.24896429137986	58
0.0808859977810901	0.352395520307134	323
-0.08929532530804	0.611503303249929	67
0.0864828896900201	0.351194977573717	22
0.08433154911069	0.353063396931639	141
-0.0881321923137699	0.608833221359507	1097
-0.0403302588449901	1.48345698246745	4
-0.09266542431145	0.610111241064529	77
0.0802780336722499	1.37228337919432	121
-0.10157829356448	1.46473390183215	111
-0.0931569217555299	0.611795257048078	111
0.0836612084574	0.353796776180306	358
-0.09666612351855	0.620394339358533	58
-0.05889305757907	0.983734344161503	58
0.08433154911069	0.353063396931639	67
0.0724339853195399	0.352653927554354	810
0.08389724920787	0.35308024748219	4
-0.09301676632011	0.612817542355038	22
0.0286885600734199	1.3487326811783	141
0.0836612084574	0.353796776180306	1097
0.0700900635916999	0.805906657605684	4
0.0758702723418201	0.797106918265715	4
-0.09862952700683	0.610267802012261	359
0.08433154911069	0.353063396931639	224
0.00090011479777008	0.702881072790161	8
-0.11118729076688	1.44925678657587	8
0.00565546166282993	1.05746437908453	77
-0.09724991215016	0.620538576333617	111
0.01543888446973	0.693763276938058	358
0.08433154911069	0.353063396931639	358
-0.09335827825194	0.616310037678989	49
0.11964267921058	0.895033124239991	133
0.00475774818532004	0.705475647852926	14
0.0640471607850099	1.1451947624391	14
-0.09277677301109	0.618051447663223	50
0.08476551775475	0.350479641287103	22
0.0693702918939501	1.11817615100326	141
0.10344583264166	1.18472707898837	209
0.0644841903822699	0.812153909400141	209
0.1187119355355	1.17420288631623	77
0.10210206504409	1.19067921106515	111
0.0832282411926699	0.353813253690907	111
0.0811594224940899	1.59408348163604	587
-0.10884689263198	1.46314322734314	58
0.0684605052743901	0.81337810025322	34
-0.0174633554432999	1.29346248688569	166
0.01030666125311	0.697605948569435	67
0.0836612084574	0.353796776180306	4
0.08389724920787	0.35308024748219	22
0.0104293760021901	0.703858738136818	22
-0.09347077887477	0.613680669788906	141
0.0698790721851601	0.813622165240879	141
0.0732968316882501	0.81093634738419	141
0.0664423484159999	1.13272631458335	141
0.08389724920787	0.35308024748219	4
0.0673907564409999	0.809813111700291	209
0.11290122911492	0.910700891671631	4
0.08433154911069	0.353063396931639	301
0.08389724920787	0.35308024748219	282
0.0791830561319999	0.352341346328956	282
0.07851393657289	0.353067612488471	282
0.0832282411926699	0.353813253690907	8
0.12102896494999	0.882344685963575	8
-0.09335827825194	0.616310037678989	111
-0.0978339498415901	0.619225327990964	17
-0.0594013798915301	0.979104300800655	49
-0.0884963700737	1.25268733290832	58
0.0504765864943	2.13149381566412	323
0.078740328104	0.354268648704258	67
-0.11853248724402	2.30617244867702	14
0.01024881889677	0.704655106482344	4
0.07851393657289	0.353067612488471	287
0.0834626177679601	0.350627556007068	22
0.0836612084574	0.353796776180306	151
0.10880026858611	1.19065860212932	209
0.08433154911069	0.353063396931639	4
0.078740328104	0.354268648704258	282
0.0103662741100601	0.699390901551801	8
0.07021287512712	1.13090577805999	8
0.00708473921879005	1.05337061210169	77
0.00718254634096005	0.707225039828887	58
-0.1045019719375	1.44523338777933	389
0.0407256943891401	1.31667069545806	389
0.0832282411926699	0.353813253690907	34
0.0836612084574	0.353796776180306	166
0.12404693928237	0.895695824953416	166
-0.09862952700683	0.610267802012261	287
0.07133005990659	1.3930254132073	141
0.0662832648035001	1.96818582870978	141
-0.09277677301109	0.618051447663223	4
-0.01619936965915	1.29174260572426	635
0.00158748077647997	1.07715326735667	8
0.0798907462773599	1.59108720318473	111
-0.0680126242291901	0.976673964481747	111
-0.0608881782881501	0.987598541737637	111
0.08433154911069	0.353063396931639	111
0.00284541649258996	0.704140949251989	841
-0.09208367458944	0.611803851881616	841
0.0735825075762999	0.792514937421262	58
0.0791830561319999	0.352341346328956	199
-0.0909209163145599	0.611542143490278	411
-0.0580782787401299	0.974016523337087	58
-0.09208367458944	0.611803851881616	58
0.08433154911069	0.353063396931639	146
0.11738871572643	0.912444979843738	14
-0.0818282065054301	2.3358483587654	209
-0.0916145031643001	0.617793207028816	111
0.00849814080559996	0.696697714853545	17
0.0832282411926699	0.353813253690907	290
0.08389724920787	0.35308024748219	49
0.0864828896900201	0.351194977573717	49
0.11039585928209	0.907673322170311	49
-0.09608258375009	0.618776512770065	133
0.00851472738096004	0.703304563289465	133
0.0780725558570901	0.355003538565994	58
0.0166472180886299	0.689077272966174	58
0.0791830561319999	0.352341346328956	58
0.00566612011682	0.696663598252566	58
0.08409384551661	0.351201143085869	166
-0.06600338763433	0.995722523650986	67
0.08433154911069	0.353063396931639	67
0.08389724920787	0.35308024748219	67
0.0836612084574	0.353796776180306	287
-0.0980456887041801	0.609251142871117	4
0.0123774486917001	1.05856972181073	209
0.0832282411926699	0.353813253690907	209
0.08409384551661	0.351201143085869	379
0.0836612084574	0.353796776180306	282
0.0864828896900201	0.351194977573717	396
-0.06614221735654	0.993325864732235	77
0.078740328104	0.354268648704258	98
0.0776308377785999	0.353254771284329	98
0.11945968454131	0.88471779171307	133
0.0125765944985201	0.691209437832861	133
0.0836612084574	0.353796776180306	133
-0.0967729041327201	0.614408413911561	58
0.00211895916432003	0.705258444367387	58
0.0836612084574	0.353796776180306	58
0.07829726163104	0.352528986232316	69
0.08433154911069	0.353063396931639	34
0.116116178281	1.18377639929333	34
0.07829726163104	0.352528986232316	166
0.10620761972799	1.19799217594621	14
0.0780725558570901	0.355003538565994	22
0.0864828896900201	0.351194977573717	22
0.08433154911069	0.353063396931639	4
-0.10176897557832	0.611896361107614	209
0.0808859977810901	0.352395520307134	111
-0.0979116411507499	0.609718281368245	17
0.0832282411926699	0.353813253690907	98
0.01236086606151	0.700301842815124	587
-0.03963173113928	1.48401848772888	133
-0.10104877172973	0.616167841129993	58
0.0780725558570901	0.355003538565994	411
0.08409384551661	0.351201143085869	58
-0.10091292852141	0.611039951703031	58
0.0728842294822201	0.352484021879961	166
0.0836612084574	0.353796776180306	22
0.0836612084574	0.353796776180306	151
0.0864828896900201	0.351194977573717	141
-0.0619947251411801	0.99162171270245	141
-0.000375584428720099	1.66994205243133	141
-0.06838120205516	0.988212011835076	635
0.0864828896900201	0.351194977573717	209
0.0836612084574	0.353796776180306	9
0.078740328104	0.354268648704258	9
-0.0897675300462	0.608843198209312	111
0.08433154911069	0.353063396931639	17
0.0860442468296601	0.351212781854335	17
0.0730991474651299	0.35193723773765	290
0.0678205637737199	0.812520129201648	17
0.0728842294822201	0.352484021879961	17
0.0780725558570901	0.355003538565994	98
0.00223584330430993	0.703699252566211	58
-0.0707153692546001	1.85769363807007	58
-0.0897880423053099	1.25447605072706	58
0.06282788543333	1.14133186094494	389
-0.05131941702196	1.68089527433343	808
-0.0965610047598	0.614270307458563	141
0.0711754752232801	0.802923882021889	635
0.06027296877983	1.13457378700054	209
0.0832282411926699	0.353813253690907	4
0.0780725558570901	0.355003538565994	451
0.00994773219203005	0.701094669601042	9
0.0836612084574	0.353796776180306	9
0.0808859977810901	0.352395520307134	111
0.08476551775475	0.350479641287103	597
0.01248398883909	0.694709120724282	49
0.01151094134871	0.692895696582737	587
0.01163479848231	0.701435816034759	660
0.0732968316882501	0.81093634738419	58
-0.0621247244871801	0.977668301673066	199
0.0676825639852701	0.806586734770368	58
-0.09277677301109	0.618051447663223	69
-0.0632394042593101	0.995242010220742	389
0.0672539443762601	0.805792598220356	34
-0.0977298228438199	0.609081878236219	166
-0.08051898582107	2.18623075791978	67
0.00597071346676992	0.708800590608696	146
0.08476551775475	0.350479641287103	1690
0.11929023505637	0.911455355378966	808
0.0832282411926699	0.353813253690907	615
0.0864828896900201	0.351194977573717	22
0.0791830561319999	0.352341346328956	151
0.0115815982820999	0.697842322721022	151
0.0808859977810901	0.352395520307134	239
0.00664736362241003	1.91046511954724	141
0.11870577592232	0.8960289913189	635
-0.09523645674849	1.43562670136665	4
-0.0941808257504899	0.611687473244139	224
0.0827949434456099	0.351348125137152	224
-0.09903091165241	1.24744914937307	8
0.0778383527633	1.38248748349954	8
-0.1011793901628	1.24425532430197	77
0.1115716057453	1.19631209836655	111
0.0780725558570901	0.355003538565994	111
0.0832282411926699	0.353813253690907	111
0.0128668853799101	1.06664241956543	290
0.0791830561319999	0.352341346328956	290
0.12203321691418	0.900260776259444	17
0.0856052688821001	0.348790501536787	98
-0.00669121326599997	0.681655810799289	49
0.08476551775475	0.350479641287103	58
0.0832282411926699	0.353813253690907	58
0.0832282411926699	0.353813253690907	34
0.08476551775475	0.350479641287103	166
0.06370469851508	1.13431390199717	146
0.0780725558570901	0.355003538565994	146
0.07851393657289	0.353067612488471	146
0.00770125727019	0.697646288712108	4
0.08476551775475	0.350479641287103	239
-0.0909209163145599	0.611542143490278	1290
-0.0580177851477901	0.990591737631856	1290
-0.03771038875737	2.05648352713786	635
0.00830904136026001	0.699948141575859	209
-0.09277677301109	0.618051447663223	4
0.11266952112223	1.42164390537571	8
0.00345470388112989	0.703270574873252	290
0.0700185772733399	0.810683475575259	17
0.00748340034189998	0.685810145930756	49
-0.06686772940218	0.991566537580296	133
-0.08676987551219	1.23996663319031	133
0.05899804135025	2.32190677110826	58
0.00744200449034005	1.07237604882118	69
-0.09277677301109	0.618051447663223	67
0.0836612084574	0.353796776180306	67
0.01422942461042	0.694161104878627	146
0.08433154911069	0.353063396931639	146
0.0860442468296601	0.351212781854335	146
0.08433154911069	0.353063396931639	141
0.00578133942944992	0.701437381385898	141
0.01377667297274	1.06716671556605	141
-0.0753292698957999	2.17609790572194	635
0.0468857684559501	1.52641965090697	4
-0.09600116772874	1.25138817734238	209
-0.09055124442043	1.24059204278902	8
0.0725047963862999	1.3792053124554	8
0.10746857441273	1.17245503802177	8
0.0093758215031301	1.53567497817834	8
0.07829726163104	0.352528986232316	17
0.01278085238875	0.695655727906681	290
0.01097407831254	0.699184310345392	17
0.0832282411926699	0.353813253690907	98
0.11522147392265	1.18203634519253	34
-0.0601845498372	0.983069495331744	69
0.00247526146873001	1.07912289735038	34
0.11027914925369	1.40311593450207	34
0.04442575949877	1.56133449791013	67
0.0777815665941299	0.788246758194365	808
0.10782664260562	1.41826957400268	808
0.12120789369553	1.16035545854439	808
0.08433154911069	0.353063396931639	22
0.00608989044137998	0.706705714472606	239
0.0684605052743901	0.81337810025322	141
0.07969025458691	0.785123524681061	141
0.0110116920826699	1.08061307633094	141
0.078740328104	0.354268648704258	141
0.0832282411926699	0.353813253690907	301
0.06259797093915	0.808235471105153	8
0.11525649543051	0.905504548830044	8
0.00202975171662989	1.07060915479133	77
0.00922283178368	0.702227695371774	17
0.07851393657289	0.353067612488471	597
0.10379111653404	1.19334949668927	660
-0.0235242086202001	1.27986101321568	199
0.08133311970863	0.350488964511777	199
0.06679553005373	0.804373298328954	199
-0.0916145031643001	0.617793207028816	146
0.08433154911069	0.353063396931639	146
0.0130871430442201	0.693015145511418	192
-0.12179763051228	1.84246337755822	4
0.07829726163104	0.352528986232316	502
-0.04208638606782	1.49431674421845	8
0.01055143678902	0.702426814420434	17
0.11703204334706	0.908312684829938	808
0.0776308377785999	0.353254771284329	239
0.0129001795475701	0.698247325104614	141
0.0860442468296601	0.351212781854335	43
0.0711571578132599	1.94218851562278	77
0.0856052688821001	0.348790501536787	77
0.11673679535265	0.913325384390806	17
0.11616628552524	0.901664111444027	133
-0.0925756457246401	0.607484812763164	58
0.0728842294822201	0.352484021879961	58
0.0745773773340399	0.804123401046163	34
0.00505596293133004	0.697522068554393	166
0.0832282411926699	0.353813253690907	146
0.0832282411926699	0.353813253690907	146
-0.0916145031643001	0.617793207028816	146
0.08389724920787	0.35308024748219	22
0.0836612084574	0.353796776180306	22
0.07851393657289	0.353067612488471	22
0.08389724920787	0.35308024748219	22
0.0101306892995701	0.699325566444301	239
0.0832282411926699	0.353813253690907	239
0.01085604485653	0.703292380877635	239
-0.01736422044556	2.23802701681793	141
0.06540481057056	0.807850089877795	967
0.00667540701870006	1.07277813576316	967
0.0836612084574	0.353796776180306	92
0.0780725558570901	0.355003538565994	224
0.0780725558570901	0.355003538565994	473
0.0780725558570901	0.355003538565994	17
0.00657677133893997	0.708596444931798	17
0.0101306892995701	0.699325566444301	17
0.08389724920787	0.35308024748219	98
-0.0594534287892801	0.994276966471868	587
0.10669067160941	0.906115030953604	133
-0.09359867759413	0.612961886169683	58
-0.0189789152790301	1.29502271254098	58
0.10818994586478	1.17528040607619	199
0.0780725558570901	0.355003538565994	58
-0.0886029164092501	0.610961857710409	58
0.10588370158338	1.60188108065453	58
0.0832282411926699	0.353813253690907	34
0.08389724920787	0.35308024748219	34
0.08433154911069	0.353063396931639	1270
0.12352067232392	0.897014322381732	34
0.08433154911069	0.353063396931639	34
0.0827949434456099	0.351348125137152	166
0.0864828896900201	0.351194977573717	146
0.07355075495291	0.351767220057335	146
0.0175427265896999	1.0530202198736	69
0.00284541649258996	0.704140949251989	69
0.08409384551661	0.351201143085869	808
0.0832282411926699	0.353813253690907	22
0.0791830561319999	0.352341346328956	239
-0.09222864501344	2.34790723292792	141
0.08433154911069	0.353063396931639	141
0.08433154911069	0.353063396931639	141
0.0780725558570901	0.355003538565994	640
-0.05889305757907	0.983734344161503	967
0.07577070447444	0.795113249507528	967
0.0832282411926699	0.353813253690907	322
0.08433154911069	0.353063396931639	9
0.078740328104	0.354268648704258	224
0.0832282411926699	0.353813253690907	49
0.0832282411926699	0.353813253690907	49
0.07851393657289	0.353067612488471	58
0.078740328104	0.354268648704258	58
0.00444551931013004	0.697095666836392	58
-0.0924350917475301	0.611238788536847	58
0.12084820535552	0.898825401557483	58
0.07078957729415	2.36607409673816	58
-0.10536127829403	0.607856484008642	34
0.078740328104	0.354268648704258	146
-0.0916145031643001	0.617793207028816	808
0.0860442468296601	0.351212781854335	640
-0.10032394958676	1.46711884135134	967
0.0856052688821001	0.348790501536787	4
0.078740328104	0.354268648704258	502
-0.09347077887477	0.613680669788906	322
0.0110680561073	1.06384641730649	322
0.08476551775475	0.350479641287103	282
-0.0307253370118901	1.28198460421773	8
-0.09724991215016	0.620538576333617	111
0.0836612084574	0.353796776180306	111
-0.0864075317264399	1.23900595208313	17
0.08409384551661	0.351201143085869	98
0.07851393657289	0.353067612488471	578
0.0753573650524599	0.802933163824456	587
0.08476551775475	0.350479641287103	58
0.08433154911069	0.353063396931639	34
0.08409384551661	0.351201143085869	67
0.0804385337646501	0.350678247521957	69
-0.07108696068688	1.85933634923817	808
0.0780725558570901	0.355003538565994	141
0.11069184874193	1.41004801424226	967
0.08389724920787	0.35308024748219	92
0.08409384551661	0.351201143085869	322
0.08389724920787	0.35308024748219	1189
0.0834626177679601	0.350627556007068	111
0.0864828896900201	0.351194977573717	294
0.08389724920787	0.35308024748219	17
0.07851393657289	0.353067612488471	98
0.0864828896900201	0.351194977573717	98
0.0832282411926699	0.353813253690907	98
0.07355075495291	0.351767220057335	98
-0.0923089966553201	0.613420184707873	58
-0.09103373816986	0.615768971195047	58
0.0864828896900201	0.351194977573717	199
-0.09724991215016	0.620538576333617	58
0.0780725558570901	0.355003538565994	113
0.0832282411926699	0.353813253690907	146
0.08389724920787	0.35308024748219	67
0.08389724920787	0.35308024748219	67
0.0780725558570901	0.355003538565994	146
0.08476551775475	0.350479641287103	69
0.08433154911069	0.353063396931639	69
0.08389724920787	0.35308024748219	1323
0.078740328104	0.354268648704258	239
0.0836612084574	0.353796776180306	141
-0.10787062166689	1.65625189766956	8
-0.0858508153500199	2.34494375873865	8
-0.11126529154123	1.66018178099292	77
-0.10312149113529	1.45879088506598	77
0.0791830561319999	0.352341346328956	17
-0.0909209163145599	0.611542143490278	49
0.01743720011669	1.88111717763829	133
-0.0972952740461099	1.25180173941687	34
0.0800170172946599	1.3780550559053	34
0.00360558514700005	1.07983826988577	113
-0.0576027994724799	0.979783082067137	69
0.00952375714220999	0.700670918992634	151
0.08476551775475	0.350479641287103	239
0.0856052688821001	0.348790501536787	151
0.078740328104	0.354268648704258	151
0.00742254242944007	0.70025276683322	141
-0.09335827825194	0.616310037678989	141
-0.0286769093414101	2.3942917416218	141
0.08389724920787	0.35308024748219	141
0.0776308377785999	0.353254771284329	640
0.11954094626665	0.89135487823057	967
0.0834626177679601	0.350627556007068	92
0.0827949434456099	0.351348125137152	1456
-0.0965610047598	0.614270307458563	43
0.00982624422466993	0.703564758730261	8
-0.0593166330755801	0.99365619587135	8
-0.10572425606324	1.46204283931338	77
0.0713736985144999	0.811696597033964	17
0.0834626177679601	0.350627556007068	49
-0.0594013798915301	0.979104300800655	49
-0.10362781695756	1.47196108885018	133
0.11971478315579	0.909458904439469	58
-0.0443883345605001	1.50334685231972	58
0.0834626177679601	0.350627556007068	146
0.0655291871935599	1.13649017541388	808
-0.06486441198571	0.992840459892522	808
0.11378570978741	0.907181171644356	808
-0.0978339498415901	0.619225327990964	288
0.08476551775475	0.350479641287103	151
0.08106552048014	1.37164129210348	141
-0.0973611661457701	1.2523644589878	141
-0.11049513368811	1.65718779826777	141
0.11520433052951	0.912645678864215	967
-0.10263276459599	1.46922156471977	967
0.01024881889677	0.704655106482344	4
-0.09724991215016	0.620538576333617	4
0.0860442468296601	0.351212781854335	43
-0.09277677301109	0.618051447663223	77
-0.05953864931199	0.983969194868589	8
0.06389099737185	1.12912073836162	8
0.08476551775475	0.350479641287103	473
0.0659088688182401	0.813014179346868	17
0.0746387612727899	0.800991151576137	17
-0.09724991215016	0.620538576333617	49
0.11339794746465	0.899842024693509	49
0.10757749030396	0.904445481270748	58
0.08337587426298	1.35511093071515	58
0.11994104830714	0.911179565599904	58
0.0834626177679601	0.350627556007068	146
0.0832282411926699	0.353813253690907	146
-0.0973561980347199	0.615998685416403	288
-0.05745500654542	0.955121921010051	1323
-0.0173990641052	1.29837107580384	1323
-0.09432018325055	0.613520052345093	1323
0.0780725558570901	0.355003538565994	1323
-0.09277677301109	0.618051447663223	151
0.0724339853195399	0.352653927554354	141
0.0836612084574	0.353796776180306	502
-0.09724991215016	0.620538576333617	282
-0.09405204003525	0.611976336957259	17
0.0972267893249401	2.1509325363484	58
-0.09849084519304	1.44094916456851	58
0.11665176015493	1.17994429408639	612
-0.0153800035037199	1.28549588516213	146
-0.09724991215016	0.620538576333617	146
-0.09103373816986	0.615768971195047	146
-0.0509520525356699	2.32395634622035	747
0.08433154911069	0.353063396931639	151
0.0808859977810901	0.352395520307134	373
0.0710652596619901	1.13007048856185	141
0.0832282411926699	0.353813253690907	790
-0.04241918992608	1.50752952688524	77
0.07244951711022	0.804380789831361	17
0.0780725558570901	0.355003538565994	98
0.0860442468296601	0.351212781854335	98
0.0114807608060901	1.05737652515931	58
0.00645742577589004	2.41853647563386	58
0.0675274628718701	0.805308303642267	612
-0.09301676632011	0.612817542355038	146
-0.09266542431145	0.610111241064529	151
0.0827949434456099	0.351348125137152	373
0.0544727084832299	1.53858875929346	967
-0.10664328886097	1.45200636510997	967
0.11452298248616	1.1865178919316	967
0.0136900167883001	0.690029278490433	4
0.00608989044137998	0.706705714472606	967
0.0836612084574	0.353796776180306	92
-0.09335827825194	0.616310037678989	76
-0.0916145031643001	0.617793207028816	282
0.08389724920787	0.35308024748219	17
0.04421443730074	1.92390860115619	58
-0.00060120007233011	1.06802317210348	34
0.00759358396377996	1.07573819730769	146
0.1077267572183	1.19661956176084	146
-0.09103373816986	0.615768971195047	146
-0.0923089966553201	0.613420184707873	151
0.0791830561319999	0.352341346328956	151
0.0836612084574	0.353796776180306	141
-0.09219551471333	0.618497753906037	141
0.0827949434456099	0.351348125137152	373
0.0864828896900201	0.351194977573717	141
-0.0939400306304701	0.611976144068858	230
0.12211929784637	0.903700479169681	967
0.0780725558570901	0.355003538565994	967
0.0791830561319999	0.352341346328956	790
0.0780725558570901	0.355003538565994	222
0.0808859977810901	0.352395520307134	76
0.0864828896900201	0.351194977573717	77
0.0726560961815299	0.8123038614562	77
0.0638411745924301	0.810486363745398	77
-0.0954843918628001	0.608329339319484	17
0.11104966049278	1.18249058353626	58
0.000312795120700038	1.07452286834654	199
0.0710379195631301	0.797536781298208	69
-0.03024279821141	1.30222720226387	146
0.0134256761646401	1.06361166888472	146
-0.09219551471333	0.618497753906037	146
0.0769217244459	0.794500589295923	747
-0.0581487470379201	0.980266484048614	747
0.11358238249962	0.898820349327623	808
0.10920466658729	1.42629198395103	808
0.08409384551661	0.351201143085869	151
0.0740016722960399	0.801720635520109	141
0.0101306892995701	0.699325566444301	967
-0.10283357364698	1.45651108741415	967
0.07336427739782	0.801494826437121	967
0.0856052688821001	0.348790501536787	92
-0.00203644208434994	0.664083468813987	77
-0.0640788723994301	0.993551767450433	77
0.00711765859785007	0.695209264045555	77
-0.0979397406198499	0.616143769579578	17
-0.08929532530804	0.611503303249929	17
0.0832282411926699	0.353813253690907	49
-0.09150217198866	0.612233890669978	69
0.0827949434456099	0.351348125137152	69
0.0808859977810901	0.352395520307134	151
0.0780725558570901	0.355003538565994	141
0.08409384551661	0.351201143085869	141
0.078740328104	0.354268648704258	4
-0.0928897644795099	0.614114746971278	92
0.08389724920787	0.35308024748219	43
0.0726560961815299	0.8123038614562	36
0.0864828896900201	0.351194977573717	1243
0.00101583858806009	0.696853520331951	17
0.0836612084574	0.353796776180306	98
0.0730860797128301	0.803649011004693	69
-0.0909209163145599	0.611542143490278	34
0.07414117763174	0.792812452531884	69
0.0864828896900201	0.351194977573717	69
0.0836612084574	0.353796776180306	575
0.0834626177679601	0.350627556007068	1175
0.12138765091801	1.16293472527323	230
0.1124657226784	1.1924434211811	967
0.12066065387604	0.896635397945411	967
0.0780725558570901	0.355003538565994	790
-0.09277677301109	0.618051447663223	92
0.0827949434456099	0.351348125137152	76
0.08476551775475	0.350479641287103	76
-0.08802098097738	0.610270591097221	76
-0.0981837945611601	1.24010675430283	77
-0.1072487545146	0.607192855595729	17
0.08389724920787	0.35308024748219	36
-0.06421580584326	0.99456559340536	49
0.02036188849536	1.0399437200019	133
-0.0922786925733401	1.24032805429373	58
-0.0566792349235601	0.967249685389347	199
0.0731582576027201	0.80266023853835	199
0.00839324865968005	0.698624169541325	58
-0.09666612351855	0.620394339358533	69
-0.09159661688305	1.41416535475726	34
0.08389724920787	0.35308024748219	146
0.08389724920787	0.35308024748219	575
-0.0928897644795099	0.614114746971278	575
-0.09347077887477	0.613680669788906	575
0.0832282411926699	0.353813253690907	176
-0.08987726272824	0.611073422158008	230
0.03074865369159	1.34799468574988	230
-0.0226833103419499	1.29524765129187	967
-0.08929532530804	0.611503303249929	4
0.08433154911069	0.353063396931639	76
0.0711754752232801	0.802923882021889	1243
-0.06600338763433	0.995722523650986	1243
0.0832282411926699	0.353813253690907	17
0.06218617603136	1.14125258436581	284
-0.09666612351855	0.620394339358533	284
0.08433154911069	0.353063396931639	98
0.03944532771358	1.3227684016423	58
0.0111548604801599	0.702719053817204	34
-0.02129085111705	1.2773835752022	69
-0.0935756043945199	1.24901309233231	69
0.12185085110887	0.900087491292218	67
0.08389724920787	0.35308024748219	69
-0.0928897644795099	0.614114746971278	288
0.08476551775475	0.350479641287103	1175
-0.01742552926619	1.28675937362313	230
0.00313736787948993	1.06902552088322	230
0.0832282411926699	0.353813253690907	790
0.08389724920787	0.35308024748219	4
0.0856052688821001	0.348790501536787	76
0.00460034291338007	1.08222670065276	77
-0.06148532500973	0.992628710012882	77
-0.0687465676391099	0.991254799736568	77
0.0836612084574	0.353796776180306	782
0.0780725558570901	0.355003538565994	284
0.00964130894818993	0.704860684831408	49
0.0141096162360199	0.699857347174248	49
0.12276927180411	0.899814255159021	58
-0.05548685068909	0.967877797438034	58
-0.000505061194189915	0.691444862360106	199
0.08409384551661	0.351201143085869	141
0.08389724920787	0.35308024748219	230
0.0727265763240099	0.80027627426747	230
-0.0335199979465199	1.47401845046049	967
0.08389724920787	0.35308024748219	222
0.0776308377785999	0.353254771284329	76
0.08389724920787	0.35308024748219	76
0.0832282411926699	0.353813253690907	76
0.08433154911069	0.353063396931639	36
0.0836612084574	0.353796776180306	17
0.08389724920787	0.35308024748219	284
-0.0959769696768999	0.614124685638575	49
0.0758702723418201	0.797106918265715	58
0.11994104830714	0.911179565599904	58
0.0780725558570901	0.355003538565994	69
0.00639179151047009	0.700569334443177	146
0.01001587784596	1.05635532127706	146
0.08433154911069	0.353063396931639	146
0.0860442468296601	0.351212781854335	146
0.08389724920787	0.35308024748219	146
-0.09618985871708	0.610071653256099	146
-0.10523114164128	0.605180047757792	69
0.0194172662419301	1.72898611121581	288
0.1154569607883	0.90444022757137	288
-0.11614176558934	1.66789275483531	141
0.0832282411926699	0.353813253690907	141
0.0548840332798399	1.76721879718568	230
0.07536955435158	0.803194144973092	967
0.0864828896900201	0.351194977573717	790
0.0836612084574	0.353796776180306	76
-0.05824777438396	0.982364539481461	77
-0.09150217198866	0.612233890669978	77
0.00223584330430993	0.703699252566211	17
0.0258556543218	1.73104751634792	58
0.1124595141515	1.39062806146882	58
0.0170609421675201	1.48116245018268	189
0.00895979761194998	1.04935843107165	69
0.06799324549456	1.12360002850107	146
0.0692391761443101	0.81387394370057	146
-0.08500165324416	1.22118099794309	146
0.0112768381303601	0.695105327502923	146
-0.0931569217555299	0.611795257048078	146
-0.09266542431145	0.610111241064529	69
-0.09219551471333	0.618497753906037	1413
0.08389724920787	0.35308024748219	288
-0.09714528908302	0.612995108958221	141
0.08476551775475	0.350479641287103	141
-0.0594534287892801	0.994276966471868	141
0.10844189279369	1.17846146608682	141
0.0742152212924401	0.803420011756519	26
-0.09405204003525	0.611976336957259	230
0.078740328104	0.354268648704258	790
0.0836612084574	0.353796776180306	76
0.08409384551661	0.351201143085869	76
-0.09794273089061	1.24976842382476	77
0.11768472779068	0.905779087966254	77
0.0836612084574	0.353796776180306	77
-0.09033990737278	0.609563942842024	36
0.0827949434456099	0.351348125137152	36
-0.0306943675557601	2.38024088575585	146
-0.0978339498415901	0.619225327990964	146
0.08476551775475	0.350479641287103	69
0.08433154911069	0.353063396931639	575
0.11441836620155	0.907177898143052	141
-0.0362108511204999	1.49631473600819	141
0.00994773219203005	0.701094669601042	230
-0.0159667709770199	1.28180113787878	230
0.078740328104	0.354268648704258	593
0.0832282411926699	0.353813253690907	275
0.08409384551661	0.351201143085869	76
0.0808859977810901	0.352395520307134	76
-0.10221576715845	0.61649659017049	76
0.00982624422466993	0.703564758730261	77
0.0836612084574	0.353796776180306	49
0.10518368952317	2.34598327514892	58
0.0198516105352899	2.45960168094348	189
-0.10961371801993	1.62433655428625	1413
-0.0973561980347199	0.615998685416403	575
0.00730287513802996	0.707456819805298	141
-0.09219551471333	0.618497753906037	141
0.0832282411926699	0.353813253690907	176
-0.0599665247761001	0.993250987996257	967
0.08389724920787	0.35308024748219	593
-0.09277677301109	0.618051447663223	77
-0.09432018325055	0.613520052345093	77
0.08389724920787	0.35308024748219	77
0.0834626177679601	0.350627556007068	36
0.0832282411926699	0.353813253690907	942
0.0721523723139299	0.810491774150725	146
0.0624089767612701	1.13433321140413	141
-0.09277677301109	0.618051447663223	141
0.0864828896900201	0.351194977573717	141
0.0836612084574	0.353796776180306	176
-0.05953864931199	0.983969194868589	230
0.07201505187611	0.812557029821792	230
0.06867929905533	0.811844251535795	230
0.08476551775475	0.350479641287103	1677
0.0827949434456099	0.351348125137152	4
0.0832282411926699	0.353813253690907	43
-0.09266542431145	0.610111241064529	77
0.0834626177679601	0.350627556007068	1711
0.0836612084574	0.353796776180306	942
-0.0978339498415901	0.619225327990964	284
0.0836612084574	0.353796776180306	98
0.08409384551661	0.351201143085869	49
0.10664995776522	1.43253186595337	146
0.0745945463928499	0.797614838212837	288
0.0687373345139599	0.807758370656354	288
0.11804035871889	0.910308810203979	288
-0.0970917715594799	1.25180364388677	141
0.00736081115873999	1.0781295165083	141
-0.09208367458944	0.611803851881616	141
0.08433154911069	0.353063396931639	230
0.08409384551661	0.351201143085869	230
0.08433154911069	0.353063396931639	230
0.08433154911069	0.353063396931639	967
0.0780725558570901	0.355003538565994	4
0.07851393657289	0.353067612488471	790
0.0836612084574	0.353796776180306	634
0.0864828896900201	0.351194977573717	77
0.0864828896900201	0.351194977573717	77
0.0860442468296601	0.351212781854335	942
-0.0923089966553201	0.613420184707873	942
0.0719381285991101	0.806492135652093	146
-0.00725970982372992	1.68800978198553	146
0.00934374646025993	0.698452676811805	288
0.06854166841415	1.12956450887564	575
0.0128943212547401	1.0600373013289	141
0.0827949434456099	0.351348125137152	26
0.01055143678902	0.702426814420434	141
0.0836612084574	0.353796776180306	230
-0.08918509936709	0.610532916346089	967
-0.10176897557832	0.611896361107614	4
0.0827949434456099	0.351348125137152	790
0.08389724920787	0.35308024748219	137
-0.00234087859012999	0.698433528329488	176
0.0864828896900201	0.351194977573717	76
0.0834626177679601	0.350627556007068	77
0.0836612084574	0.353796776180306	77
0.07851393657289	0.353067612488471	98
0.0836612084574	0.353796776180306	98
0.0836612084574	0.353796776180306	1441
0.01175800349477	0.702033602041528	288
-0.0206168130069699	1.28499648464478	141
0.08433154911069	0.353063396931639	141
0.0791830561319999	0.352341346328956	141
-0.0916145031643001	0.617793207028816	26
0.0366264970104899	1.34241263891793	176
-0.09219551471333	0.618497753906037	967
0.0836612084574	0.353796776180306	230
-0.09608258375009	0.618776512770065	967
-0.09103373816986	0.615768971195047	77
0.08389724920787	0.35308024748219	77
0.08409384551661	0.351201143085869	77
0.08692119774658	0.34863993750454	128
0.08389724920787	0.35308024748219	98
0.00889039824101001	1.07524163441126	288
-0.10446807728954	1.46929095296654	141
0.1052971912296	1.42362985855351	141
0.0832282411926699	0.353813253690907	26
0.00982624422466993	0.703564758730261	230
0.01055143678902	0.702426814420434	230
-0.0886029164092501	0.610961857710409	967
0.07829726163104	0.352528986232316	790
0.078740328104	0.354268648704258	70
-0.09277677301109	0.618051447663223	76
0.0836612084574	0.353796776180306	98
0.08433154911069	0.353063396931639	98
0.00597071346676992	0.708800590608696	288
0.00778803870417999	0.704433316663311	288
0.00536437249286004	0.707841359547392	1485
-0.0965610047598	0.614270307458563	141
-0.09862952700683	0.610267802012261	141
-0.0581093914284301	0.979756517816219	26
-0.09219551471333	0.618497753906037	176
0.116846815646	0.904243602295641	967
0.08389724920787	0.35308024748219	70
0.0860442468296601	0.351212781854335	137
0.0836612084574	0.353796776180306	76
0.08389724920787	0.35308024748219	76
0.0827949434456099	0.351348125137152	77
0.08389724920787	0.35308024748219	77
0.0808859977810901	0.352395520307134	128
0.08409384551661	0.351201143085869	128
0.0856052688821001	0.348790501536787	942
0.08389724920787	0.35308024748219	284
0.078740328104	0.354268648704258	98
0.0832282411926699	0.353813253690907	98
0.0832282411926699	0.353813253690907	413
-0.09347077887477	0.613680669788906	34
0.0899166752265901	1.57241780287667	146
-0.0610161794225199	1.81678238509029	146
0.11804035871889	0.910308810203979	967
0.08433154911069	0.353063396931639	1048
0.0832282411926699	0.353813253690907	70
0.10568027040145	1.18673259890643	137
0.00903351477789993	0.703912965273071	187
-0.09103373816986	0.615768971195047	77
0.01055143678902	0.702426814420434	77
0.0864828896900201	0.351194977573717	128
-0.0666545642249401	0.995957739389221	58
0.0158922564033399	1.05183212860979	199
0.11294688567446	1.62613734190229	69
-0.08929532530804	0.611503303249929	69
0.0832282411926699	0.353813253690907	69
0.00736081115873999	1.0781295165083	4
0.0682975233859899	1.14186476877411	86
0.078740328104	0.354268648704258	151
0.0836612084574	0.353796776180306	141
-0.0621332455655901	0.994822077091375	141
0.07566523180278	1.11172586461573	176
0.01095072860127	1.05697262550703	967
0.07037848270258	0.809168032416399	967
0.08433154911069	0.353063396931639	1144
0.08133311970863	0.350488964511777	4
0.08409384551661	0.351201143085869	137
0.08389724920787	0.35308024748219	76
-0.1016321504007	0.617205365338464	634
0.00585087559932007	0.702940541318399	187
0.0856052688821001	0.348790501536787	187
0.00718254634096005	0.707225039828887	77
0.078740328104	0.354268648704258	128
-0.09359867759413	0.612961886169683	1653
0.0776308377785999	0.353254771284329	1441
-0.11504393321871	1.80807927230919	69
0.0860442468296601	0.351212781854335	69
0.0824308880886699	1.37221142460226	288
0.078740328104	0.354268648704258	141
0.0776308377785999	0.353254771284329	141
0.0836612084574	0.353796776180306	141
-0.0917284752082601	0.611431331899186	141
0.0728842294822201	0.352484021879961	1048
-0.0923089966553201	0.613420184707873	76
0.08433154911069	0.353063396931639	76
0.06674601747459	0.8064799336859	77
-0.0973561980347199	0.615998685416403	36
0.0836612084574	0.353796776180306	98
0.08389724920787	0.35308024748219	98
-0.08743929287643	0.608294676926949	146
-0.0672761361576799	1.85036623525477	146
0.04442575949877	1.56133449791013	146
0.0834626177679601	0.350627556007068	492
0.0466354858818001	1.56132843663345	4
0.11665176015493	1.17994429408639	26
0.0573609199246701	0.79907038088567	26
0.078740328104	0.354268648704258	1004
0.11104966049278	1.18249058353626	230
0.0832282411926699	0.353813253690907	176
0.01379366076577	0.68968800109405	187
0.0791830561319999	0.352341346328956	128
0.0804385337646501	0.350678247521957	128
-0.0904532195360801	0.611051409929825	1653
0.0780725558570901	0.355003538565994	380
0.05940869089747	1.13587367878665	58
0.0717020857303901	1.1280699687654	133
0.116846815646	0.904243602295641	58
0.0836612084574	0.353796776180306	189
0.08433154911069	0.353063396931639	69
-0.09335827825194	0.616310037678989	69
-0.0217687771079	1.29096736768015	146
-0.09724991215016	0.620538576333617	146
0.078740328104	0.354268648704258	146
-0.0923089966553201	0.613420184707873	146
0.0832282411926699	0.353813253690907	86
-0.11161394684332	1.63603172590967	1485
0.00851472738096004	0.703304563289465	141
0.00318994601770006	1.07106998341395	967
0.07851393657289	0.353067612488471	478
0.08433154911069	0.353063396931639	4
0.08389724920787	0.35308024748219	1144
0.0832282411926699	0.353813253690907	176
0.08389724920787	0.35308024748219	76
-0.0979116411507499	0.609718281368245	187
0.00463906219179	0.702212512188985	187
0.06865616424258	1.13559793514066	187
0.0836612084574	0.353796776180306	128
0.0661487103101901	0.80606054374925	189
0.0104293760021901	0.703858738136818	189
0.0349320042238701	1.33240338605828	146
0.08433154911069	0.353063396931639	69
0.08389724920787	0.35308024748219	141
0.08476551775475	0.350479641287103	141
-0.09150217198866	0.612233890669978	1004
0.08433154911069	0.353063396931639	1004
0.0724339853195399	0.352653927554354	230
0.03759120634463	1.33883320252041	230
-0.11984037430923	1.84077709987908	1287
0.00536437249286004	0.707841359547392	967
0.1170113078974	1.18155389237495	967
0.08389724920787	0.35308024748219	4
0.00994773219203005	0.701094669601042	187
0.10757749030396	0.904445481270748	187
-0.11085058018911	1.46526527087536	187
0.12059158495965	0.909801949625513	77
0.06438219237342	1.13604200967963	77
-0.09666612351855	0.620394339358533	128
0.0836612084574	0.353796776180306	413
0.08389724920787	0.35308024748219	413
0.0827949434456099	0.351348125137152	98
0.0836612084574	0.353796776180306	49
0.08389724920787	0.35308024748219	69
0.08389724920787	0.35308024748219	146
0.07851393657289	0.353067612488471	69
-0.0928897644795099	0.614114746971278	86
0.0836612084574	0.353796776180306	141
0.08389724920787	0.35308024748219	141
0.0836612084574	0.353796776180306	1004
0.11239297131	0.911562135735204	230
0.0836612084574	0.353796776180306	187
-0.0709823979539901	0.989167736957902	187
0.00982624422466993	0.703564758730261	77
0.08692119774658	0.34863993750454	128
0.0808859977810901	0.352395520307134	128
0.08476551775475	0.350479641287103	128
-0.01790864900473	1.29403965934889	86
0.0834626177679601	0.350627556007068	70
0.08389724920787	0.35308024748219	128
0.0780725558570901	0.355003538565994	36
0.0780725558570901	0.355003538565994	653
0.0110116920826699	1.08061307633094	189
0.12093396408329	1.15950965374958	69
0.0730860797128301	0.803649011004693	146
-0.10221576715845	0.61649659017049	86
0.0832282411926699	0.353813253690907	141
0.00160612144303007	1.54251975089583	26
0.0836612084574	0.353796776180306	176
0.0836612084574	0.353796776180306	176
0.0612737700539601	1.1422892672578	967
0.01368170155656	1.04907041605303	967
-0.08929532530804	0.611503303249929	76
0.08433154911069	0.353063396931639	76
0.01055143678902	0.702426814420434	77
0.01413354296309	1.06759731582797	77
0.00768006014508993	1.07498040095459	77
0.0832282411926699	0.353813253690907	128
0.0836612084574	0.353796776180306	653
-0.01033573422848	1.70417661058273	189
0.06346598387832	1.1398168022681	69
0.0775099405881701	1.38408582127633	69
0.11977320156253	1.39658736066048	69
-0.0634300190032899	0.995283185566827	146
0.0780725558570901	0.355003538565994	288
0.10801363677772	1.191520562662	151
0.00151335014506993	1.90235773312851	141
0.07664580796129	0.802689000540172	141
0.06526590177708	0.81265577983269	26
0.0153179267357999	0.697449713650545	230
0.08433154911069	0.353063396931639	230
0.000783722336390014	0.699274401656717	478
0.0776308377785999	0.353254771284329	70
0.0832282411926699	0.353813253690907	70
0.08476551775475	0.350479641287103	70
0.0836612084574	0.353796776180306	771
0.08389724920787	0.35308024748219	76
-0.06023909282591	0.986737604246045	76
0.0754210152596999	0.795595877456757	77
0.00608989044137998	0.706705714472606	706
-0.06963846889425	0.983520676107201	77
-0.08987726272824	0.611073422158008	77
-0.0916145031643001	0.617793207028816	77
0.08389724920787	0.35308024748219	128
0.0836612084574	0.353796776180306	128
0.0836612084574	0.353796776180306	380
0.07829726163104	0.352528986232316	413
0.04780216342377	2.13126450680817	69
0.10674257335528	1.19457168110409	146
0.10605850857311	1.43224480651315	69
0.00472763308826996	1.52369123041281	86
0.11768930532401	0.897355611032285	151
-0.0979397406198499	0.616143769579578	141
0.078740328104	0.354268648704258	26
0.00982624422466993	0.703564758730261	1469
0.0776308377785999	0.353254771284329	176
-0.08743929287643	0.608294676926949	176
0.08389724920787	0.35308024748219	176
0.08133311970863	0.350488964511777	70
0.08389724920787	0.35308024748219	70
-0.0916145031643001	0.617793207028816	70
0.08389724920787	0.35308024748219	70
0.0832282411926699	0.353813253690907	70
0.08389724920787	0.35308024748219	70
0.08692119774658	0.34863993750454	76
0.08433154911069	0.353063396931639	77
0.07829726163104	0.352528986232316	128
0.08433154911069	0.353063396931639	380
0.0856052688821001	0.348790501536787	1252
-0.0985235320845901	0.61485941773147	146
0.00572752468482007	1.0792930554404	4
0.11227682025207	0.903481854415593	4
0.06718031400025	0.810431726413051	86
-0.0373768986002501	1.49231718662352	86
-0.0965117172933101	1.44019153998166	86
-0.06600338763433	0.995722523650986	288
-0.0810241083783401	1.19523833448636	141
0.0836612084574	0.353796776180306	26
0.0780725558570901	0.355003538565994	176
0.0836612084574	0.353796776180306	176
0.0780725558570901	0.355003538565994	70
0.0832282411926699	0.353813253690907	70
0.0832282411926699	0.353813253690907	70
0.07851393657289	0.353067612488471	70
0.0834626177679601	0.350627556007068	70
0.08476551775475	0.350479641287103	70
0.0827949434456099	0.351348125137152	76
0.0827949434456099	0.351348125137152	959
0.07829726163104	0.352528986232316	77
0.0780725558570901	0.355003538565994	128
0.08433154911069	0.353063396931639	128
0.08409384551661	0.351201143085869	332
0.08476551775475	0.350479641287103	1252
-0.06408196113842	0.98149823008544	69
0.11653187089903	1.1763354316536	69
0.08409384551661	0.351201143085869	1469
-0.0947632109704	0.607778942148485	70
0.0836612084574	0.353796776180306	76
-0.0916145031643001	0.617793207028816	176
0.0832282411926699	0.353813253690907	187
0.0836612084574	0.353796776180306	706
0.0744985790823101	0.802384111746821	128
0.0832282411926699	0.353813253690907	128
0.0836612084574	0.353796776180306	128
0.0836612084574	0.353796776180306	380
0.0834626177679601	0.350627556007068	98
0.0780599921227001	0.79976258649218	86
0.00211895916432003	0.705258444367387	151
0.0698790721851601	0.813622165240879	141
0.0836612084574	0.353796776180306	141
0.07527554458188	0.799267645962436	151
0.0832282411926699	0.353813253690907	1469
0.0832282411926699	0.353813253690907	920
0.07829726163104	0.352528986232316	176
0.0808859977810901	0.352395520307134	176
0.0836612084574	0.353796776180306	176
0.07355075495291	0.351767220057335	1526
-0.0916145031643001	0.617793207028816	70
-0.10581702194651	0.605364380771137	70
-0.09277677301109	0.618051447663223	70
0.0827949434456099	0.351348125137152	70
-0.09666612351855	0.620394339358533	176
0.08433154911069	0.353063396931639	176
0.0836612084574	0.353796776180306	966
0.08692119774658	0.34863993750454	966
0.0832282411926699	0.353813253690907	706
0.0827949434456099	0.351348125137152	419
0.0827949434456099	0.351348125137152	36
-0.0957589183707599	1.25477437611448	307
0.00789473966182008	0.694108337238525	86
0.11554135732023	0.908129969017246	86
0.0692391761443101	0.81387394370057	141
0.01085604485653	0.703292380877635	141
0.0832282411926699	0.353813253690907	26
0.0827949434456099	0.351348125137152	176
0.08433154911069	0.353063396931639	920
0.07829726163104	0.352528986232316	1526
0.0836612084574	0.353796776180306	70
0.0834626177679601	0.350627556007068	187
0.08433154911069	0.353063396931639	838
0.0827949434456099	0.351348125137152	706
0.0832282411926699	0.353813253690907	128
0.0827949434456099	0.351348125137152	128
0.08389724920787	0.35308024748219	98
0.078740328104	0.354268648704258	49
-0.0959769696768999	0.614124685638575	146
0.0780725558570901	0.355003538565994	69
0.11637906519933	0.909683130031306	69
0.0832282411926699	0.353813253690907	4
0.08409384551661	0.351201143085869	4
0.11572579311461	0.90996307586134	288
0.0110116920826699	1.08061307633094	141
-0.09347077887477	0.613680669788906	141
0.0832282411926699	0.353813253690907	141
0.08476551775475	0.350479641287103	26
0.0827949434456099	0.351348125137152	176
0.0832282411926699	0.353813253690907	920
-0.0928897644795099	0.614114746971278	70
0.08433154911069	0.353063396931639	70
0.00657677133893997	0.708596444931798	176
0.0808859977810901	0.352395520307134	76
-0.09103373816986	0.615768971195047	76
0.0827949434456099	0.351348125137152	966
0.0860442468296601	0.351212781854335	40
0.0836612084574	0.353796776180306	77
0.0832282411926699	0.353813253690907	36
0.0780725558570901	0.355003538565994	630
0.0834626177679601	0.350627556007068	36
0.0860442468296601	0.351212781854335	1252
0.11852336730074	0.904103942709594	34
0.1115139440304	0.910047997286491	141
0.00824212735557994	1.07609897669877	141
0.00657677133893997	0.708596444931798	141
0.0728842294822201	0.352484021879961	26
-0.0909209163145599	0.611542143490278	176
0.0836612084574	0.353796776180306	1526
0.01777873787902	0.685926620933132	70
0.0836612084574	0.353796776180306	176
-0.08929532530804	0.611503303249929	966
0.0724339853195399	0.352653927554354	77
0.08433154911069	0.353063396931639	49
0.0740522152438801	1.11818039048166	307
-0.1053867426993	1.45910387920115	288
0.0683558247999301	1.12522735024313	141
0.0808859977810901	0.352395520307134	36
0.0860442468296601	0.351212781854335	49
-0.03703168790425	1.49893107883497	34
0.00964130894818993	0.704860684831408	146
0.12000932064796	0.897402083153953	141
0.0780725558570901	0.355003538565994	1469
0.0836612084574	0.353796776180306	176
0.0832282411926699	0.353813253690907	460
0.0860442468296601	0.351212781854335	901
0.0827949434456099	0.351348125137152	176
0.08433154911069	0.353063396931639	40
0.0834626177679601	0.350627556007068	966
0.08409384551661	0.351201143085869	1453
0.0836612084574	0.353796776180306	77
-0.0974620886589399	0.605406517466776	1107
0.0832282411926699	0.353813253690907	1469
0.078740328104	0.354268648704258	457
-0.10653247164154	0.611343954195192	766
0.08692119774658	0.34863993750454	70
0.0832282411926699	0.353813253690907	70
0.08433154911069	0.353063396931639	70
0.0133004489826001	0.690831830645001	70
0.08409384551661	0.351201143085869	70
-0.0909209163145599	0.611542143490278	70
0.0827949434456099	0.351348125137152	176
0.078740328104	0.354268648704258	40
0.0832282411926699	0.353813253690907	77
0.0836612084574	0.353796776180306	77
0.0836612084574	0.353796776180306	62
0.0864828896900201	0.351194977573717	36
0.07600783441522	0.803423407853947	69
0.0836612084574	0.353796776180306	307
0.06921168293168	1.13967806188419	141
0.11504645270234	1.16555066032766	141
0.10969445350308	1.18992963136844	141
0.0780725558570901	0.355003538565994	26
-0.09103373816986	0.615768971195047	546
0.0836612084574	0.353796776180306	460
0.0827949434456099	0.351348125137152	731
0.0104293760021901	0.703858738136818	70
0.08476551775475	0.350479641287103	36
0.08692119774658	0.34863993750454	981
0.0780725558570901	0.355003538565994	49
0.00970410137268995	0.698283297995914	199
-0.05620773393608	0.983045413890086	69
-0.0726357945171101	0.984948156141816	307
0.0804385337646501	0.350678247521957	307
0.11805666508146	0.903186172850707	307
0.0659088688182401	0.813014179346868	141
-0.0897880423053099	1.25447605072706	141
0.00970410137268995	0.698283297995914	141
0.0836612084574	0.353796776180306	26
0.07829726163104	0.352528986232316	191
0.0678205637737199	0.812520129201648	265
-0.0897675300462	0.608843198209312	176
-0.09219551471333	0.618497753906037	589
0.08433154911069	0.353063396931639	644
0.0836612084574	0.353796776180306	644
0.0836612084574	0.353796776180306	644
0.08433154911069	0.353063396931639	40
0.0827949434456099	0.351348125137152	1453
0.0864828896900201	0.351194977573717	36
0.08389724920787	0.35308024748219	49
0.01024881889677	0.704655106482344	69
-0.08678558901782	1.22814799743977	69
0.00790894270036002	0.706088714274295	151
-0.0897880423053099	1.25447605072706	141
0.0836612084574	0.353796776180306	26
0.0864828896900201	0.351194977573717	191
0.0728842294822201	0.352484021879961	176
0.0836612084574	0.353796776180306	884
0.08389724920787	0.35308024748219	176
0.078740328104	0.354268648704258	77
0.0832282411926699	0.353813253690907	1463
0.08389724920787	0.35308024748219	36
0.0836612084574	0.353796776180306	49
0.08389724920787	0.35308024748219	49
-0.0367341332918101	1.49354481722265	69
0.12104586357627	0.898205318865819	307
0.07279398890256	0.811349190633235	151
0.0832282411926699	0.353813253690907	176
0.0856052688821001	0.348790501536787	176
0.0832282411926699	0.353813253690907	176
0.08389724920787	0.35308024748219	176
0.08433154911069	0.353063396931639	40
0.0776308377785999	0.353254771284329	1421
0.0832282411926699	0.353813253690907	40
0.0776308377785999	0.353254771284329	36
0.07829726163104	0.352528986232316	240
0.0832282411926699	0.353813253690907	62
0.0834626177679601	0.350627556007068	49
0.0740657194426699	1.37651799915752	69
-0.09150217198866	0.612233890669978	1107
0.0836612084574	0.353796776180306	1107
-0.0198707695293301	1.29026266561338	191
0.0836612084574	0.353796776180306	176
0.0718776205548599	0.806568722051016	884
-0.0916145031643001	0.617793207028816	884
0.0133851366859401	0.695935558285364	176
0.0832282411926699	0.353813253690907	176
0.08476551775475	0.350479641287103	176
0.078740328104	0.354268648704258	36
0.08433154911069	0.353063396931639	240
0.0791830561319999	0.352341346328956	49
0.12362397221602	0.898077704985739	307
-0.0986218473096601	1.45885933285078	307
0.06392394647763	1.13902472531095	307
0.11971478315579	0.909458904439469	151
0.11999552897383	1.38459011691654	307
-0.0973561980347199	0.615998685416403	450
0.1182696268781	0.908878591434267	191
-0.0959769696768999	0.614124685638575	176
0.08433154911069	0.353063396931639	176
0.07829726163104	0.352528986232316	1421
0.0791830561319999	0.352341346328956	40
-0.0881321923137699	0.608833221359507	134
0.11875448964877	1.59225719773882	69
-0.06614221735654	0.993325864732235	69
-0.10045516758301	1.44273924854058	69
0.0776308377785999	0.353254771284329	307
0.0725180932388201	0.805221045178736	307
0.0170551297416399	0.686313877683988	141
0.0111803022336501	1.05779640527117	1107
0.0836612084574	0.353796776180306	176
0.08409384551661	0.351201143085869	321
0.08389724920787	0.35308024748219	321
0.08389724920787	0.35308024748219	710
0.07851393657289	0.353067612488471	77
0.0832282411926699	0.353813253690907	134
0.0836612084574	0.353796776180306	134
0.08476551775475	0.350479641287103	49
-0.06240897703722	0.993719719539714	58
-0.0169897849499101	1.29452868591381	189
0.1182696268781	0.908878591434267	69
0.08476551775475	0.350479641287103	450
0.0834626177679601	0.350627556007068	265
0.078740328104	0.354268648704258	176
0.08476551775475	0.350479641287103	438
0.0836612084574	0.353796776180306	176
0.0832282411926699	0.353813253690907	176
0.0776308377785999	0.353254771284329	321
0.0780725558570901	0.355003538565994	40
0.0827949434456099	0.351348125137152	40
0.0836612084574	0.353796776180306	981
0.0698790721851601	0.813622165240879	69
0.05093170285536	1.90793883618636	69
-0.02550574889851	2.2554897672383	34
-0.00450246147144995	0.664738498097569	307
0.0668775115475999	1.1423901402087	1107
0.11703759549285	0.896180138423348	450
0.0832282411926699	0.353813253690907	176
0.08409384551661	0.351201143085869	277
0.08433154911069	0.353063396931639	176
-0.08802098097738	0.610270591097221	321
0.0832282411926699	0.353813253690907	321
-0.09219551471333	0.618497753906037	40
0.0836612084574	0.353796776180306	590
0.0780725558570901	0.355003538565994	710
0.08433154911069	0.353063396931639	134
0.0780725558570901	0.355003538565994	981
0.0776308377785999	0.353254771284329	49
0.0679369784219399	1.14020778709225	69
0.12417266964574	0.89624490837636	307
-0.0520897676526499	1.67502349284373	307
0.11073973772136	0.908564566470634	141
0.0864828896900201	0.351194977573717	191
0.0780725558570901	0.355003538565994	438
0.078740328104	0.354268648704258	176
-0.0923089966553201	0.613420184707873	1205
0.0832282411926699	0.353813253690907	590
0.12094346777572	0.888140629667569	69
0.00490504628128008	1.08069841266601	69
0.00402087223432002	1.07872141043447	69
-0.0191213197928599	1.30257162828855	307
0.0346661419979499	1.33734369308058	307
-0.09190755147341	1.23374018484777	1107
-0.08929532530804	0.611503303249929	450
0.0684605052743901	0.81337810025322	265
0.0147139121445801	0.699173586912727	265
0.0827949434456099	0.351348125137152	438
0.078740328104	0.354268648704258	438
0.0827949434456099	0.351348125137152	438
0.01175800349477	0.702033602041528	1181
-0.09347077887477	0.613680669788906	975
0.0728842294822201	0.352484021879961	176
0.0834626177679601	0.350627556007068	1205
0.0860442468296601	0.351212781854335	40
0.07851393657289	0.353067612488471	40
0.0832282411926699	0.353813253690907	590
0.08433154911069	0.353063396931639	1434
0.0836612084574	0.353796776180306	40
0.0834626177679601	0.350627556007068	40
0.0836612084574	0.353796776180306	77
0.08389724920787	0.35308024748219	134
0.08389724920787	0.35308024748219	134
0.0836612084574	0.353796776180306	174
0.0832282411926699	0.353813253690907	40
0.08476551775475	0.350479641287103	520
0.0752389339672299	0.350109548729761	520
0.08692119774658	0.34863993750454	62
0.0864828896900201	0.351194977573717	62
-0.0252009361550001	1.86603222118709	69
-0.0180957071260699	1.2924388574636	69
-0.0820406241587099	1.21408480158728	69
0.06747502740196	0.801053305041892	307
-0.09219551471333	0.618497753906037	191
0.0776308377785999	0.353254771284329	207
0.0836612084574	0.353796776180306	975
0.0836612084574	0.353796776180306	176
0.08433154911069	0.353063396931639	40
0.0834626177679601	0.350627556007068	40
0.07829726163104	0.352528986232316	134
0.0832282411926699	0.353813253690907	134
0.08433154911069	0.353063396931639	1584
0.0776308377785999	0.353254771284329	49
0.07123683929394	0.806823392203345	69
-0.10176897557832	0.611896361107614	69
-0.0594013798915301	0.979104300800655	450
-0.0937384342038099	0.613375843518545	191
0.01542733010256	1.06369112182869	207
0.0836612084574	0.353796776180306	279
-0.06421580584326	0.99456559340536	176
0.08389724920787	0.35308024748219	279
0.07829726163104	0.352528986232316	1434
-0.09539318363741	0.612542589853197	40
0.08389724920787	0.35308024748219	134
0.0780725558570901	0.355003538565994	134
0.0780725558570901	0.355003538565994	40
0.0808859977810901	0.352395520307134	49
0.08842498660856	2.1998074714193	189
-0.10517870883554	1.64324839453457	69
-0.04279094799577	1.64675274187831	69
0.00669652446234004	0.707661196276393	307
0.00463906219179	0.702212512188985	1107
0.08389724920787	0.35308024748219	1181
0.0832282411926699	0.353813253690907	1181
0.08433154911069	0.353063396931639	176
0.08433154911069	0.353063396931639	279
0.0791830561319999	0.352341346328956	279
0.08389724920787	0.35308024748219	176
0.0864828896900201	0.351194977573717	1291
0.0836612084574	0.353796776180306	134
0.08433154911069	0.353063396931639	62
0.08389724920787	0.35308024748219	62
-0.0426963245422201	1.50407061425714	69
0.08005647030023	0.784593000481273	69
0.12417266964574	0.89624490837636	69
0.0112456000597301	1.07593746920929	307
-0.0643567329846599	0.989959427302103	307
0.0730860797128301	0.803649011004693	307
0.0791830561319999	0.352341346328956	1107
0.0860442468296601	0.351212781854335	207
0.0836612084574	0.353796776180306	207
0.0791830561319999	0.352341346328956	1181
0.0832282411926699	0.353813253690907	279
0.0836612084574	0.353796776180306	176
0.07829726163104	0.352528986232316	40
-0.10085099240443	1.3998751416068	69
0.11787058095108	0.906630645474784	307
0.0836612084574	0.353796776180306	279
0.08389724920787	0.35308024748219	279
0.08389724920787	0.35308024748219	279
0.08409384551661	0.351201143085869	279
0.08389724920787	0.35308024748219	215
0.08476551775475	0.350479641287103	40
0.08476551775475	0.350479641287103	40
0.08433154911069	0.353063396931639	40
0.0836612084574	0.353796776180306	1238
-0.10275003206749	1.46007880539986	307
0.0836612084574	0.353796776180306	26
-0.0666545642249401	0.995957739389221	26
0.00505596293133004	0.697522068554393	26
0.00333666131002008	0.702013761028711	191
-0.0948096464441599	0.608230423465639	207
-0.08569940160901	0.601354958601622	1181
0.11193960560183	0.901734607298535	1181
0.0856052688821001	0.348790501536787	176
0.08692119774658	0.34863993750454	40
0.08433154911069	0.353063396931639	40
0.08476551775475	0.350479641287103	870
0.0780725558570901	0.355003538565994	870
0.0791830561319999	0.352341346328956	684
0.0836612084574	0.353796776180306	40
0.08389724920787	0.35308024748219	49
0.078740328104	0.354268648704258	49
-0.09208367458944	0.611803851881616	69
-0.09277677301109	0.618051447663223	307
0.0836612084574	0.353796776180306	456
-0.08987726272824	0.611073422158008	26
-0.0650008754282501	0.985684378168416	191
0.12000932064796	0.897402083153953	82
0.0780725558570901	0.355003538565994	40
0.08433154911069	0.353063396931639	40
0.08433154911069	0.353063396931639	1121
0.0860442468296601	0.351212781854335	870
-0.09219551471333	0.618497753906037	1434
0.08433154911069	0.353063396931639	724
0.08433154911069	0.353063396931639	62
0.08389724920787	0.35308024748219	36
0.0832282411926699	0.353813253690907	49
-0.00602046908090004	1.23314301620467	906
-0.09277677301109	0.618051447663223	189
0.00790894270036002	0.706088714274295	307
0.08409384551661	0.351201143085869	307
0.01630633152177	1.05950587129183	1181
0.0832282411926699	0.353813253690907	176
0.0728842294822201	0.352484021879961	40
0.00333666131002008	0.702013761028711	306
0.0758702723418201	0.797106918265715	40
0.0832282411926699	0.353813253690907	40
0.0730991474651299	0.35193723773765	36
0.08409384551661	0.351201143085869	1183
0.09455114958639	1.78224678499679	906
0.11369694528766	0.911007846022319	307
0.08433154911069	0.353063396931639	456
0.0834626177679601	0.350627556007068	456
0.08433154911069	0.353063396931639	456
0.08692119774658	0.34863993750454	191
0.0648541290463001	0.80517799193837	279
0.0107042386985801	1.50840402265912	189
0.0739240990696699	2.35561446232744	189
0.0698790721851601	0.813622165240879	691
0.05150564539423	1.89709051937033	69
0.06885192146701	1.13412445595722	307
-0.02113586821892	1.29197741511192	307
0.0112768381303601	0.695105327502923	307
0.00765681190621992	1.05479592393474	26
0.10834412443736	1.42882364965826	191
0.08433154911069	0.353063396931639	191
0.07829726163104	0.352528986232316	279
0.08409384551661	0.351201143085869	279
0.08389724920787	0.35308024748219	402
0.08476551775475	0.350479641287103	329
0.0856052688821001	0.348790501536787	62
0.12209505624643	0.899823275230718	683
0.0835817560229499	1.36044406012436	69
0.11982589093156	0.898285412376259	307
0.0111548604801599	0.702719053817204	307
-0.10176897557832	0.611896361107614	456
-0.09740873644035	1.43751224735115	456
0.0066129635649701	1.07982065816716	26
-0.000505061194189915	0.691444862360106	26
0.078740328104	0.354268648704258	27
-0.08987726272824	0.611073422158008	27
0.0832282411926699	0.353813253690907	27
0.0836612084574	0.353796776180306	1574
0.07851393657289	0.353067612488471	40
0.07851393657289	0.353067612488471	40
0.078740328104	0.354268648704258	829
0.0827949434456099	0.351348125137152	62
0.00718254634096005	0.707225039828887	69
0.00467021056360006	1.07713003546738	69
-0.10908836011295	1.65087675857677	2
0.08409384551661	0.351201143085869	279
0.0776308377785999	0.353254771284329	55
0.0808859977810901	0.352395520307134	40
0.0836612084574	0.353796776180306	1399
0.0836612084574	0.353796776180306	40
0.08409384551661	0.351201143085869	62
-0.0538862198362899	1.68706887438732	69
-0.0970917715594799	1.25180364388677	69
0.00778803870417999	0.704433316663311	69
0.0291525601989	1.34492555257585	307
0.00910126129976008	0.698000943691455	191
0.0836612084574	0.353796776180306	207
0.0834626177679601	0.350627556007068	1096
0.078740328104	0.354268648704258	1574
0.0836612084574	0.353796776180306	40
0.078740328104	0.354268648704258	1424
0.08389724920787	0.35308024748219	40
0.07851393657289	0.353067612488471	1351
0.0836612084574	0.353796776180306	829
0.0791830561319999	0.352341346328956	62
0.11841341327942	0.911110348361398	69
-0.10545435816527	1.63611193317977	69
0.0066129635649701	1.07982065816716	26
-0.0886029164092501	0.610961857710409	26
-0.0923089966553201	0.613420184707873	26
-0.09219551471333	0.618497753906037	82
-0.1016321504007	0.617205365338464	207
0.0836612084574	0.353796776180306	207
0.08692119774658	0.34863993750454	207
0.0864828896900201	0.351194977573717	207
0.0836612084574	0.353796776180306	279
0.0860442468296601	0.351212781854335	176
0.0780725558570901	0.355003538565994	40
0.08389724920787	0.35308024748219	40
0.0724339853195399	0.352653927554354	40
0.07851393657289	0.353067612488471	1424
0.078740328104	0.354268648704258	36
0.0556470979058501	1.13900903923421	69
-0.09719217707295	1.44796447580751	26
-0.09724991215016	0.620538576333617	26
0.11224738231889	0.908125645417691	26
-0.09666612351855	0.620394339358533	207
0.0111548604801599	0.702719053817204	207
-0.09666612351855	0.620394339358533	207
-0.0979397406198499	0.616143769579578	305
0.08433154911069	0.353063396931639	40
0.0864828896900201	0.351194977573717	49
0.11368505242972	1.81942003013843	53
0.07010376875904	1.12636307950134	69
-0.02240192590765	1.28867277106271	69
-0.0975741881532799	1.45230021454677	307
0.0836612084574	0.353796776180306	26
0.0153179267357999	0.697449713650545	26
0.078740328104	0.354268648704258	279
0.0780725558570901	0.355003538565994	279
0.0836612084574	0.353796776180306	279
0.0791830561319999	0.352341346328956	305
0.0834626177679601	0.350627556007068	497
0.08433154911069	0.353063396931639	40
0.0834626177679601	0.350627556007068	55
0.08433154911069	0.353063396931639	452
0.08389724920787	0.35308024748219	329
0.07048538235091	1.13437182943003	189
0.11304509713781	0.911882975056399	53
0.05779434822761	1.7593009147185	53
0.11514795180372	1.18676192036176	69
0.07037848270258	0.809168032416399	69
-0.0638882381789201	0.995474313782076	26
0.08409384551661	0.351201143085869	207
0.0808859977810901	0.352395520307134	279
-0.09608258375009	0.618776512770065	1081
-0.0937384342038099	0.613375843518545	279
-0.0594013798915301	0.979104300800655	279
0.0860442468296601	0.351212781854335	305
0.08433154911069	0.353063396931639	497
0.0836612084574	0.353796776180306	40
0.08389724920787	0.35308024748219	591
0.078740328104	0.354268648704258	329
0.08433154911069	0.353063396931639	62
0.0832282411926699	0.353813253690907	62
0.0691001387586001	0.813126108172922	26
-0.02903723086832	1.29506882310288	26
0.07279398890256	0.811349190633235	26
-0.08743929287643	0.608294676926949	207
0.0791830561319999	0.352341346328956	279
-0.09277677301109	0.618051447663223	305
0.07851393657289	0.353067612488471	452
0.0864828896900201	0.351194977573717	36
0.08476551775475	0.350479641287103	329
0.08476551775475	0.350479641287103	329
0.0836612084574	0.353796776180306	62
0.07829726163104	0.352528986232316	62
0.11291037360567	1.18038458374021	53
-0.06329261488489	0.989509642701979	2
-0.10764072853502	1.64071153911813	2
0.078740328104	0.354268648704258	26
0.08433154911069	0.353063396931639	26
0.11525649543051	0.905504548830044	26
0.08389724920787	0.35308024748219	82
0.0836612084574	0.353796776180306	207
0.0756949908662801	0.349938837333761	279
0.08389724920787	0.35308024748219	902
0.078740328104	0.354268648704258	452
0.08433154911069	0.353063396931639	40
0.08389724920787	0.35308024748219	96
0.06867929905533	0.811844251535795	189
-0.0609670086117	0.982382827705097	69
0.00606342061958998	1.07614881456535	26
0.11711093608655	0.908291458631262	26
0.00994773219203005	0.701094669601042	456
0.07829726163104	0.352528986232316	207
0.08476551775475	0.350479641287103	497
0.0836612084574	0.353796776180306	40
0.0791830561319999	0.352341346328956	452
0.07829726163104	0.352528986232316	40
-0.09608258375009	0.618776512770065	40
0.08433154911069	0.353063396931639	954
0.0836612084574	0.353796776180306	329
0.0832282411926699	0.353813253690907	60
-0.02683916105476	1.30655438166381	69
0.01055143678902	0.702426814420434	69
-0.07328816952952	0.985195709453333	26
0.08389724920787	0.35308024748219	900
0.0832282411926699	0.353813253690907	900
0.0832282411926699	0.353813253690907	26
0.08433154911069	0.353063396931639	27
-0.09539318363741	0.612542589853197	279
0.0864828896900201	0.351194977573717	497
0.08389724920787	0.35308024748219	55
0.08409384551661	0.351201143085869	55
0.08433154911069	0.353063396931639	591
0.07829726163104	0.352528986232316	493
0.0864828896900201	0.351194977573717	493
-0.0973561980347199	0.615998685416403	691
0.0504208718128201	1.56013362646109	26
0.107653387269	1.18629042879298	456
0.0791830561319999	0.352341346328956	610
0.06655152533662	0.812138995887121	279
-0.0967729041327201	0.614408413911561	267
0.0864828896900201	0.351194977573717	305
0.0836612084574	0.353796776180306	55
0.08389724920787	0.35308024748219	184
0.0864828896900201	0.351194977573717	452
0.08389724920787	0.35308024748219	40
0.07829726163104	0.352528986232316	493
0.07355075495291	0.351767220057335	12
0.0864828896900201	0.351194977573717	242
0.0836612084574	0.353796776180306	242
0.0864828896900201	0.351194977573717	708
0.0788893430766999	1.37918271542824	53
0.0031255990894401	1.0766084287693	691
0.0141096162360199	0.699857347174248	26
0.01451810602768	0.689310510452457	82
-0.09347077887477	0.613680669788906	610
0.0836612084574	0.353796776180306	207
0.0808859977810901	0.352395520307134	27
0.01278085238875	0.695655727906681	279
-0.09549929264778	0.614358764173469	279
-0.09539318363741	0.612542589853197	497
0.0832282411926699	0.353813253690907	497
0.08433154911069	0.353063396931639	36
0.0836612084574	0.353796776180306	36
0.0780725558570901	0.355003538565994	537
0.08433154911069	0.353063396931639	60
0.0834626177679601	0.350627556007068	242
0.08433154911069	0.353063396931639	96
0.00802918611457004	0.700047016677192	189
0.0780725558570901	0.355003538565994	207
-0.09608258375009	0.618776512770065	27
0.01604319194433	0.692066891470276	279
-0.09862952700683	0.610267802012261	267
0.0836612084574	0.353796776180306	497
0.08433154911069	0.353063396931639	55
0.0724339853195399	0.352653927554354	55
0.0836612084574	0.353796776180306	184
0.08389724920787	0.35308024748219	40
0.0860442468296601	0.351212781854335	1324
0.0832282411926699	0.353813253690907	1695
0.08389724920787	0.35308024748219	537
0.0836612084574	0.353796776180306	96
0.0864828896900201	0.351194977573717	708
0.03225056864706	1.35069138805573	691
0.08389724920787	0.35308024748219	82
-0.09219551471333	0.618497753906037	610
0.00669652446234004	0.707661196276393	82
0.0836612084574	0.353796776180306	279
0.08409384551661	0.351201143085869	267
0.0147139121445801	0.699173586912727	176
0.08433154911069	0.353063396931639	176
-0.0977298228438199	0.609081878236219	55
0.08476551775475	0.350479641287103	55
0.0834626177679601	0.350627556007068	313
0.0834626177679601	0.350627556007068	313
-0.09335827825194	0.616310037678989	313
0.08389724920787	0.35308024748219	1695
0.08476551775475	0.350479641287103	36
0.0860442468296601	0.351212781854335	537
0.0808859977810901	0.352395520307134	82
0.0836612084574	0.353796776180306	207
-0.09103373816986	0.615768971195047	207
0.00585087559932007	0.702940541318399	207
0.0834626177679601	0.350627556007068	207
-0.10176897557832	0.611896361107614	279
-0.09347077887477	0.613680669788906	279
0.0836612084574	0.353796776180306	305
0.08409384551661	0.351201143085869	55
0.0808859977810901	0.352395520307134	184
0.0836612084574	0.353796776180306	1695
0.08433154911069	0.353063396931639	537
0.0834626177679601	0.350627556007068	12
0.08433154911069	0.353063396931639	96
0.01030666125311	0.697605948569435	82
-0.09666612351855	0.620394339358533	279
0.08433154911069	0.353063396931639	55
0.08409384551661	0.351201143085869	55
0.08433154911069	0.353063396931639	36
0.0776308377785999	0.353254771284329	1695
0.0860442468296601	0.351212781854335	537
0.08433154911069	0.353063396931639	12
0.08433154911069	0.353063396931639	96
0.11602730211109	1.18077484273548	691
0.00730287513802996	0.707456819805298	456
0.00597071346676992	0.708800590608696	2
0.08433154911069	0.353063396931639	2
0.08389724920787	0.35308024748219	279
0.078740328104	0.354268648704258	279
0.078740328104	0.354268648704258	279
0.08389724920787	0.35308024748219	279
0.0864828896900201	0.351194977573717	279
0.0864828896900201	0.351194977573717	267
0.0836612084574	0.353796776180306	267
-0.0881321923137699	0.608833221359507	55
0.0834626177679601	0.350627556007068	55
-0.09045944769054	0.609381054965756	184
0.0864828896900201	0.351194977573717	313
0.0791830561319999	0.352341346328956	537
0.07829726163104	0.352528986232316	96
0.08476551775475	0.350479641287103	526
-0.09301676632011	0.612817542355038	18
0.11408750396218	1.17016981231508	26
-0.0979397406198499	0.616143769579578	82
-0.0574638604395299	0.97839561785555	2
-0.0916145031643001	0.617793207028816	207
-0.0959769696768999	0.614124685638575	207
-0.09277677301109	0.618051447663223	279
0.0832282411926699	0.353813253690907	55
-0.0931569217555299	0.611795257048078	55
0.0836612084574	0.353796776180306	55
0.08409384551661	0.351201143085869	107
0.0728842294822201	0.352484021879961	184
0.078740328104	0.354268648704258	40
0.0836612084574	0.353796776180306	40
0.07851393657289	0.353067612488471	313
-0.10104877172973	0.616167841129993	36
0.07851393657289	0.353067612488471	1695
0.078740328104	0.354268648704258	60
0.10359163713042	2.15260062185236	691
0.04765494449173	1.54580203134128	2
0.11473121310153	1.39082627656756	78
0.00910126129976008	0.698000943691455	82
-0.0669311865828599	0.984475656268179	2
0.08433154911069	0.353063396931639	176
0.00524511032474995	0.703145709867307	36
0.08389724920787	0.35308024748219	60
0.0780725558570901	0.355003538565994	537
0.0834626177679601	0.350627556007068	96
0.08409384551661	0.351201143085869	18
-0.0035120780300999	1.69503273977682	69
0.0112483977234801	1.53105070646482	26
0.0360075244835101	1.34149455218708	26
0.00718254634096005	0.707225039828887	82
0.01248398883909	0.694709120724282	82
0.11821685896579	0.903796521367081	2
0.00854652282282009	1.06269148183247	82
0.0836612084574	0.353796776180306	207
0.0836612084574	0.353796776180306	346
0.08433154911069	0.353063396931639	279
0.0776308377785999	0.353254771284329	55
0.0780725558570901	0.355003538565994	228
0.0856052688821001	0.348790501536787	694
0.078740328104	0.354268648704258	537
0.08476551775475	0.350479641287103	96
0.0791830561319999	0.352341346328956	18
-0.06162448869379	0.988222502146455	576
-0.06733741975235	1.8682515588972	78
0.00766647658460995	0.693165209573209	78
0.10807604132982	1.40529784738277	26
0.07355075495291	0.351767220057335	26
0.11139295091392	0.908284321336449	26
-0.0216521279458599	1.30346269723205	900
0.06328468134961	0.800750836072293	2
0.08409384551661	0.351201143085869	207
-0.0965610047598	0.614270307458563	176
-0.09277677301109	0.618051447663223	267
-0.0928897644795099	0.614114746971278	267
0.0104293760021901	0.703858738136818	267
0.0832282411926699	0.353813253690907	228
0.0730991474651299	0.35193723773765	537
0.0780725558570901	0.355003538565994	18
0.0699665963163201	0.808772629690157	189
0.11392478185091	0.910159932900362	576
0.0089165412399701	0.700877191465741	691
0.08389724920787	0.35308024748219	78
-0.0588044075736101	0.992077247550857	78
0.0791830561319999	0.352341346328956	26
0.0659892185073501	1.13622802575347	456
-0.0381985061479	1.49139381039648	900
0.0832282411926699	0.353813253690907	669
0.10710080503394	1.19628104767595	2
0.0836612084574	0.353796776180306	207
0.00896459245824	1.06362748333552	27
-0.10032938741176	0.610023360808225	27
-0.09347077887477	0.613680669788906	176
0.0135050387804601	0.699569211636836	267
0.0780725558570901	0.355003538565994	55
-0.0916145031643001	0.617793207028816	467
0.0724339853195399	0.352653927554354	228
0.0836612084574	0.353796776180306	228
0.08433154911069	0.353063396931639	537
0.0836612084574	0.353796776180306	537
0.08433154911069	0.353063396931639	537
0.0836612084574	0.353796776180306	96
0.0832282411926699	0.353813253690907	96
-0.0927074071996199	1.2509157777623	691
0.0730860797128301	0.803649011004693	78
0.11814203988898	1.80708785727321	69
0.0724339853195399	0.352653927554354	207
0.0864828896900201	0.351194977573717	267
0.08433154911069	0.353063396931639	228
0.0808859977810901	0.352395520307134	19
-0.08929532530804	0.611503303249929	148
0.08389724920787	0.35308024748219	148
0.08389724920787	0.35308024748219	537
0.07851393657289	0.353067612488471	537
0.078740328104	0.354268648704258	12
0.08389724920787	0.35308024748219	96
0.11209740275567	1.18349746342444	2
0.11458398608735	1.40279103637635	69
0.00877679263284992	1.53469690655283	456
0.0827949434456099	0.351348125137152	82
0.08433154911069	0.353063396931639	207
-0.0916145031643001	0.617793207028816	207
0.08476551775475	0.350479641287103	207
0.0834626177679601	0.350627556007068	55
-0.0909209163145599	0.611542143490278	55
0.08389724920787	0.35308024748219	176
-0.09666612351855	0.620394339358533	228
0.08433154911069	0.353063396931639	1363
0.0836612084574	0.353796776180306	12
0.0836612084574	0.353796776180306	96
0.00820845132480996	1.63140182629608	691
0.01301632127458	1.5278263893448	26
-0.08802098097738	0.610270591097221	316
-0.09277677301109	0.618051447663223	26
0.0780725558570901	0.355003538565994	82
0.08389724920787	0.35308024748219	27
0.00657677133893997	0.708596444931798	117
-0.09277677301109	0.618051447663223	346
0.0836612084574	0.353796776180306	228
0.0832282411926699	0.353813253690907	19
0.08433154911069	0.353063396931639	148
0.0832282411926699	0.353813253690907	537
0.08433154911069	0.353063396931639	537
0.0827949434456099	0.351348125137152	12
0.0836612084574	0.353796776180306	12
0.0860442468296601	0.351212781854335	18
0.01097065093056	1.52887154538005	189
0.10942816642428	1.1827350582941	316
-0.0289341976369999	1.87627735204488	900
0.07829726163104	0.352528986232316	2
0.0808859977810901	0.352395520307134	207
0.07851393657289	0.353067612488471	176
0.0832282411926699	0.353813253690907	148
0.08389724920787	0.35308024748219	537
0.0836612084574	0.353796776180306	12
0.0836612084574	0.353796776180306	12
0.08692119774658	0.34863993750454	18
-0.08802098097738	0.610270591097221	53
0.06334112711774	1.13772188234715	53
-0.0241655190066301	1.29291974188287	425
-0.0257807540783199	1.29866533033866	425
-0.09143201568578	1.25753269129631	691
-0.10244341571938	1.45829835154193	2
0.0364401170664901	1.32599053758993	2
0.0104890449850801	1.06527363079754	26
0.078740328104	0.354268648704258	117
-0.09219551471333	0.618497753906037	267
-0.06600338763433	0.995722523650986	267
-0.09277677301109	0.618051447663223	267
0.08433154911069	0.353063396931639	188
0.0836612084574	0.353796776180306	176
0.0808859977810901	0.352395520307134	228
0.08389724920787	0.35308024748219	12
0.08389724920787	0.35308024748219	12
0.11776231320353	0.91028730341368	26
0.11525824873775	1.41424666958314	26
0.07851393657289	0.353067612488471	26
0.0832282411926699	0.353813253690907	82
0.08133311970863	0.350488964511777	117
-0.09549929264778	0.614358764173469	267
0.078740328104	0.354268648704258	267
0.0860442468296601	0.351212781854335	148
-0.10235219210551	0.612917741253239	537
0.07829726163104	0.352528986232316	537
0.0836612084574	0.353796776180306	537
0.08433154911069	0.353063396931639	537
0.0864828896900201	0.351194977573717	2
0.0780725558570901	0.355003538565994	2
0.0827949434456099	0.351348125137152	2
0.00415084031200008	0.700140127545044	117
-0.09347077887477	0.613680669788906	184
0.0864828896900201	0.351194977573717	184
0.0836612084574	0.353796776180306	537
0.0836612084574	0.353796776180306	18
0.0836612084574	0.353796776180306	18
0.0836612084574	0.353796776180306	18
0.08433154911069	0.353063396931639	18
0.08433154911069	0.353063396931639	18
-0.0235826171970499	2.39564912726196	189
-0.02314745099667	1.2972060093498	2
-0.02441420867733	1.29495551689566	220
0.07851393657289	0.353067612488471	1616
0.11554135732023	0.908129969017246	26
0.0836612084574	0.353796776180306	2
0.07258810142012	0.804621964886105	117
0.07829726163104	0.352528986232316	176
-0.09324742134951	0.605890470768721	55
0.08409384551661	0.351201143085869	176
0.08409384551661	0.351201143085869	184
0.08433154911069	0.353063396931639	711
0.08433154911069	0.353063396931639	711
0.0834626177679601	0.350627556007068	221
0.0808859977810901	0.352395520307134	221
-0.09666612351855	0.620394339358533	1604
0.0730991474651299	0.35193723773765	36
0.0791830561319999	0.352341346328956	537
0.0493369422240899	1.56651503393815	316
-0.06795080928848	1.6781280803415	316
-0.0972952740461099	1.25180173941687	26
0.06282788543333	1.14133186094494	220
-0.09335827825194	0.616310037678989	117
0.08409384551661	0.351201143085869	267
-0.10235219210551	0.612917741253239	55
0.0832282411926699	0.353813253690907	184
-0.09347077887477	0.613680669788906	1604
0.0836612084574	0.353796776180306	36
0.08476551775475	0.350479641287103	537
0.0836612084574	0.353796776180306	18
0.08133311970863	0.350488964511777	18
0.00648015766942001	1.07616551726368	220
0.0864828896900201	0.351194977573717	117
-0.0965610047598	0.614270307458563	176
0.07244951711022	0.804380789831361	55
0.0836612084574	0.353796776180306	55
-0.0916145031643001	0.617793207028816	711
-0.09219551471333	0.618497753906037	711
0.0832282411926699	0.353813253690907	221
0.0832282411926699	0.353813253690907	537
0.0836612084574	0.353796776180306	18
0.0836612084574	0.353796776180306	18
0.0133524303411201	1.52431522750318	189
-0.11716954684314	1.8279061466019	2
0.0832282411926699	0.353813253690907	2
0.0072631489836601	1.08240417352531	316
-0.01757144421483	1.2918076614123	316
0.12119876877024	0.89988833024278	220
0.11994104830714	0.911179565599904	2
0.0836612084574	0.353796776180306	267
0.0791830561319999	0.352341346328956	996
0.0827949434456099	0.351348125137152	176
0.08433154911069	0.353063396931639	184
0.0104293760021901	0.703858738136818	1179
-0.0954843918628001	0.608329339319484	711
-0.0666545642249401	0.995957739389221	221
0.0110322273452701	0.703172030450348	865
0.0776308377785999	0.353254771284329	12
0.0780725558570901	0.355003538565994	845
0.08389724920787	0.35308024748219	18
0.06461663746178	1.13718568451233	2
-0.09732411224134	1.42189108021474	26
-0.08929532530804	0.611503303249929	26
0.11863914499553	0.910629204371075	2
0.07134341986249	1.13124428544139	2
0.08389724920787	0.35308024748219	117
0.0724339853195399	0.352653927554354	55
0.08389724920787	0.35308024748219	996
0.07115794057697	0.8096547350148	1179
0.00211895916432003	0.705258444367387	1179
0.0761996996015699	0.799490055272	711
0.0832282411926699	0.353813253690907	250
0.11528255690216	0.901328630024462	136
0.08433154911069	0.353063396931639	865
0.08389724920787	0.35308024748219	36
0.0836612084574	0.353796776180306	12
-0.0923089966553201	0.613420184707873	12
0.0780725558570901	0.355003538565994	18
0.09083873213514	2.31218641239238	189
0.0653787683195799	1.12675696412293	220
0.11151329810145	1.1836973249061	220
-0.0937384342038099	0.613375843518545	26
0.08433154911069	0.353063396931639	117
0.08409384551661	0.351201143085869	267
0.0827949434456099	0.351348125137152	184
-0.08987726272824	0.611073422158008	184
0.0791830561319999	0.352341346328956	250
0.08476551775475	0.350479641287103	537
0.0864828896900201	0.351194977573717	18
0.09713109539802	1.96938778982237	316
0.07528876634375	1.3726259438138	316
0.0112768381303601	0.695105327502923	2
0.08389724920787	0.35308024748219	2
0.00223584330430993	0.703699252566211	2
-0.0979397406198499	0.616143769579578	2
0.0832282411926699	0.353813253690907	117
0.0836612084574	0.353796776180306	55
-0.0904532195360801	0.611051409929825	221
0.08409384551661	0.351201143085869	19
0.0827949434456099	0.351348125137152	19
-0.09359867759413	0.612961886169683	866
0.08433154911069	0.353063396931639	845
0.08476551775475	0.350479641287103	18
0.0864828896900201	0.351194977573717	18
-0.10913384894793	1.64272192942081	316
0.11821685896579	0.903796521367081	316
-0.06148532500973	0.992628710012882	78
0.03252391729038	1.35154091289585	220
0.0832282411926699	0.353813253690907	2
0.01248398883909	0.694709120724282	117
-0.09114819994458	0.606800383695446	117
0.08433154911069	0.353063396931639	267
0.0832282411926699	0.353813253690907	267
0.08389724920787	0.35308024748219	267
0.0110322273452701	0.703172030450348	267
0.08433154911069	0.353063396931639	221
0.0834626177679601	0.350627556007068	19
0.0864828896900201	0.351194977573717	865
0.08433154911069	0.353063396931639	866
0.08433154911069	0.353063396931639	537
0.08476551775475	0.350479641287103	12
0.08433154911069	0.353063396931639	18
0.08389724920787	0.35308024748219	18
0.0791830561319999	0.352341346328956	18
0.0864828896900201	0.351194977573717	18
-0.0490182122179199	1.65873723698352	2
0.0661611588651101	1.13773891098286	2
-0.09219551471333	0.618497753906037	2
0.12254153744243	0.897590532369442	2
0.00548297284298993	0.704347983654779	2
-0.09666612351855	0.620394339358533	117
0.08433154911069	0.353063396931639	117
0.078740328104	0.354268648704258	267
0.0141096162360199	0.699857347174248	267
0.0836612084574	0.353796776180306	176
-0.08929532530804	0.611503303249929	176
0.0832282411926699	0.353813253690907	326
-0.0916145031643001	0.617793207028816	176
-0.09666612351855	0.620394339358533	176
0.0804385337646501	0.350678247521957	176
0.08389724920787	0.35308024748219	1070
0.078740328104	0.354268648704258	18
0.0860442468296601	0.351212781854335	26
0.0836612084574	0.353796776180306	2
0.07851393657289	0.353067612488471	2
0.0808859977810901	0.352395520307134	2
-0.0916145031643001	0.617793207028816	2
0.0827949434456099	0.351348125137152	2
-0.09405204003525	0.611976336957259	2
0.00200140820797001	0.698844656928281	267
0.0827949434456099	0.351348125137152	267
0.08433154911069	0.353063396931639	221
-0.09219551471333	0.618497753906037	19
0.0836612084574	0.353796776180306	12
0.0836612084574	0.353796776180306	18
0.08476551775475	0.350479641287103	18
-0.1149996904079	1.99113999754231	164
0.0433335495232701	1.5696894956137	2
0.0864828896900201	0.351194977573717	220
0.0832282411926699	0.353813253690907	220
0.07355075495291	0.351767220057335	2
-0.0916145031643001	0.617793207028816	267
-0.10221576715845	0.61649659017049	78
-0.10307066538409	1.45916386347153	220
0.08476551775475	0.350479641287103	220
0.00475774818532004	0.705475647852926	2
0.0864828896900201	0.351194977573717	2
0.08476551775475	0.350479641287103	2
0.00934374646025993	0.698452676811805	117
-0.1016321504007	0.617205365338464	267
-0.0965610047598	0.614270307458563	267
0.0104293760021901	0.703858738136818	267
0.0836612084574	0.353796776180306	326
0.0836612084574	0.353796776180306	176
0.0834626177679601	0.350627556007068	1669
0.0808859977810901	0.352395520307134	221
-0.06148532500973	0.992628710012882	19
0.08433154911069	0.353063396931639	136
0.0827949434456099	0.351348125137152	36
0.0834626177679601	0.350627556007068	36
0.08389724920787	0.35308024748219	12
0.10781390839508	1.84181742414289	189
0.08389724920787	0.35308024748219	316
0.08409384551661	0.351201143085869	316
0.11776231320353	0.91028730341368	316
0.0780725558570901	0.355003538565994	220
0.0827949434456099	0.351348125137152	2
0.0692391761443101	0.81387394370057	2
0.0832282411926699	0.353813253690907	26
0.0808859977810901	0.352395520307134	2
0.0836612084574	0.353796776180306	2
0.00657677133893997	0.708596444931798	2
0.08476551775475	0.350479641287103	2
0.01451810602768	0.689310510452457	2
0.0832282411926699	0.353813253690907	117
-0.0916145031643001	0.617793207028816	267
0.0836612084574	0.353796776180306	1235
0.07258810142012	0.804621964886105	176
0.0832282411926699	0.353813253690907	326
0.07829726163104	0.352528986232316	177
0.0856052688821001	0.348790501536787	866
0.00889039824101001	1.07524163441126	189
0.01402964533296	1.52541924949635	189
0.0836612084574	0.353796776180306	220
0.0728842294822201	0.352484021879961	27
-0.09219551471333	0.618497753906037	267
-0.0887136352348199	0.610811455530862	176
0.0834626177679601	0.350627556007068	326
0.0832282411926699	0.353813253690907	1669
0.08433154911069	0.353063396931639	36
0.0791830561319999	0.352341346328956	12
0.0860442468296601	0.351212781854335	12
0.0720120111170299	1.11545521043469	327
0.0219978304369901	1.48992677645657	2
-0.09219551471333	0.618497753906037	2
0.08433154911069	0.353063396931639	231
0.00856269940492993	1.08328438127284	267
-0.1016321504007	0.617205365338464	176
0.00903351477789993	0.703912965273071	326
0.0864828896900201	0.351194977573717	326
0.0864828896900201	0.351194977573717	1753
0.078740328104	0.354268648704258	19
-0.09359867759413	0.612961886169683	1260
0.0832282411926699	0.353813253690907	18
0.0791830561319999	0.352341346328956	18
-0.03642205304466	1.47563118454492	53
-0.04063655337573	1.50193219886662	53
0.10800649786023	1.17825361288185	78
0.10336072927675	1.18530347970865	220
0.08389724920787	0.35308024748219	220
0.0122370896415001	0.698370043225513	2
0.0780725558570901	0.355003538565994	2
0.11304509713781	0.911882975056399	2
0.0780725558570901	0.355003538565994	27
0.0834626177679601	0.350627556007068	267
-0.09103373816986	0.615768971195047	176
0.0836612084574	0.353796776180306	176
0.0832282411926699	0.353813253690907	326
0.07829726163104	0.352528986232316	1753
0.0832282411926699	0.353813253690907	177
-0.0979397406198499	0.616143769579578	177
0.0836612084574	0.353796776180306	93
0.08692119774658	0.34863993750454	90
0.0834626177679601	0.350627556007068	748
0.1115139440304	0.910047997286491	53
0.00956898110927007	1.5201767422031	53
0.00849814080559996	0.696697714853545	220
0.078740328104	0.354268648704258	26
0.0791830561319999	0.352341346328956	2
0.07536955435158	0.803194144973092	27
-0.10091292852141	0.611039951703031	176
0.08389724920787	0.35308024748219	176
0.0832282411926699	0.353813253690907	545
0.07829726163104	0.352528986232316	90
0.0860442468296601	0.351212781854335	12
0.00123407202248993	2.15936373093423	189
0.0838010394943001	1.79522802939043	53
0.00711765859785007	0.695209264045555	2
0.01175800349477	0.702033602041528	220
0.00952375714220999	0.700670918992634	2
0.07851393657289	0.353067612488471	2
0.07829726163104	0.352528986232316	2
0.08133311970863	0.350488964511777	2
0.06867929905533	0.811844251535795	2
0.07851393657289	0.353067612488471	270
0.0836612084574	0.353796776180306	545
0.08433154911069	0.353063396931639	19
-0.0916145031643001	0.617793207028816	19
0.0791830561319999	0.352341346328956	177
0.0836612084574	0.353796776180306	12
-0.0181099622235299	1.69814336286423	2
0.0814672884119301	1.59195881780579	2
0.11457661810361	0.909286403962151	2
0.0756949908662801	0.349938837333761	220
0.00150967987600992	0.704814576786829	2
0.0832282411926699	0.353813253690907	2
-0.06679283532866	0.994991248723921	2
-0.09666612351855	0.620394339358533	408
0.07851393657289	0.353067612488471	177
0.07355075495291	0.351767220057335	93
0.0836612084574	0.353796776180306	90
0.0780725558570901	0.355003538565994	1218
0.0856052688821001	0.348790501536787	18
0.07851393657289	0.353067612488471	18
-0.11796805965551	2.00289195979053	53
0.08389724920787	0.35308024748219	2
-0.0611033528773299	0.974615141147256	26
-0.09666612351855	0.620394339358533	2
0.0761996996015699	0.799490055272	2
-0.09208367458944	0.611803851881616	408
0.0832282411926699	0.353813253690907	408
0.08433154911069	0.353063396931639	31
0.0827949434456099	0.351348125137152	31
0.08389724920787	0.35308024748219	545
0.08476551775475	0.350479641287103	499
0.08433154911069	0.353063396931639	19
0.0827949434456099	0.351348125137152	177
-0.0909209163145599	0.611542143490278	628
-0.0923089966553201	0.613420184707873	628
0.08409384551661	0.351201143085869	90
0.0856052688821001	0.348790501536787	18
-0.10166855292437	1.47142059731306	2
-0.00766066654191011	2.04271932991558	2
-0.03996688054218	1.50080666731138	2
-0.09549929264778	0.614358764173469	2
-0.06259086507528	0.993571525379102	2
0.01543888446973	0.693763276938058	267
0.0780725558570901	0.355003538565994	176
-0.08987726272824	0.611073422158008	852
0.00333666131002008	0.702013761028711	31
-0.0923089966553201	0.613420184707873	499
-0.10104877172973	0.616167841129993	499
0.0832282411926699	0.353813253690907	12
0.0834626177679601	0.350627556007068	18
0.08433154911069	0.353063396931639	18
0.06218791281972	0.610190936570602	53
-0.12439650343145	2.00639856889304	691
0.00650691141718007	0.696066029983157	231
0.00490504628128008	1.08069841266601	2
0.0780725558570901	0.355003538565994	2
-0.09335827825194	0.616310037678989	2
0.0133851366859401	0.695935558285364	2
0.01278085238875	0.695655727906681	176
0.0780725558570901	0.355003538565994	852
0.08692119774658	0.34863993750454	852
0.0724339853195399	0.352653927554354	31
0.08133311970863	0.350488964511777	545
0.0836612084574	0.353796776180306	177
0.0860442468296601	0.351212781854335	12
0.0780725558570901	0.355003538565994	18
0.08433154911069	0.353063396931639	18
0.01336891620595	1.06115667082899	53
0.11554135732023	0.908129969017246	2
-0.08960354477149	1.23817023917747	26
0.0683892894348299	1.38360086625866	2
-0.0959769696768999	0.614124685638575	26
0.08389724920787	0.35308024748219	31
0.0776308377785999	0.353254771284329	31
0.0832282411926699	0.353813253690907	177
0.08409384551661	0.351201143085869	177
0.0856052688821001	0.348790501536787	90
0.0836612084574	0.353796776180306	18
0.0836612084574	0.353796776180306	18
0.00657677133893997	0.708596444931798	53
0.08433154911069	0.353063396931639	176
0.0832282411926699	0.353813253690907	31
0.08433154911069	0.353063396931639	31
0.0834626177679601	0.350627556007068	31
0.0834626177679601	0.350627556007068	31
0.078740328104	0.354268648704258	499
0.0832282411926699	0.353813253690907	849
0.08433154911069	0.353063396931639	93
0.0860442468296601	0.351212781854335	18
-0.0581556975487501	0.988364204562048	327
0.078740328104	0.354268648704258	2
-0.0236473913625901	1.30597616186638	2
0.08389724920787	0.35308024748219	26
0.08389724920787	0.35308024748219	2
-0.0959769696768999	0.614124685638575	176
0.0110322273452701	0.703172030450348	176
0.01055143678902	0.702426814420434	408
0.0832282411926699	0.353813253690907	408
0.0827949434456099	0.351348125137152	31
0.0827949434456099	0.351348125137152	177
0.078740328104	0.354268648704258	12
-0.0871597405092499	1.21868247902185	53
0.10992849930186	1.18077378174945	2
0.11823963535149	0.899946392045942	2
0.08409384551661	0.351201143085869	2
0.0666915791868099	0.80985855392892	2
-0.0881321923137699	0.608833221359507	2
0.08389724920787	0.35308024748219	31
0.0834626177679601	0.350627556007068	177
0.08389724920787	0.35308024748219	12
0.0834626177679601	0.350627556007068	12
0.08433154911069	0.353063396931639	649
0.0832282411926699	0.353813253690907	96
-0.0916145031643001	0.617793207028816	26
0.00108948013129995	0.659595119892202	2
-0.0997460843100299	0.60617843293731	2
-0.08802098097738	0.610270591097221	431
-0.09277677301109	0.618051447663223	408
0.0133004489826001	0.690831830645001	31
0.0832282411926699	0.353813253690907	93
0.0864828896900201	0.351194977573717	96
0.03971787454419	1.32838925118886	53
0.0632064627403599	1.75722585352976	2
0.0150732234044499	1.06422397152103	26
-0.0709823979539901	0.989167736957902	2
-0.0923089966553201	0.613420184707873	2
0.08409384551661	0.351201143085869	150
-0.09277677301109	0.618051447663223	2
-0.09666612351855	0.620394339358533	2
0.0728842294822201	0.352484021879961	176
-0.0923089966553201	0.613420184707873	267
-0.09608258375009	0.618776512770065	31
0.078740328104	0.354268648704258	177
0.0834626177679601	0.350627556007068	177
0.0780725558570901	0.355003538565994	343
-0.08743929287643	0.608294676926949	18
0.0836612084574	0.353796776180306	18
0.1139616853338	1.19054457291663	53
0.0735736510171501	0.803675253187199	2
0.11267100918469	0.911419089744794	26
-0.0916145031643001	0.617793207028816	2
0.08389724920787	0.35308024748219	2
0.08389724920787	0.35308024748219	31
-0.11136320968049	1.65429443441596	31
0.07829726163104	0.352528986232316	93
-0.09347077887477	0.613680669788906	1640
0.00631309629380006	1.05932855136844	327
-0.09342845387536	1.43507365830279	443
0.07563876348418	1.37160239542	2
-0.11502362507226	2.14845680394498	2
0.08476551775475	0.350479641287103	26
-0.09724991215016	0.620538576333617	267
0.08433154911069	0.353063396931639	31
0.0780725558570901	0.355003538565994	31
0.01278085238875	0.695655727906681	31
0.0832282411926699	0.353813253690907	31
-0.09277677301109	0.618051447663223	177
0.0827949434456099	0.351348125137152	93
0.10907528457639	1.61402063011066	2
0.06398410092332	1.95032118736752	2
-0.06176031503538	0.992052638765404	2
0.08389724920787	0.35308024748219	2
0.07181264903156	0.804151632327123	150
-0.09405204003525	0.611976336957259	31
0.0832282411926699	0.353813253690907	408
0.08433154911069	0.353063396931639	31
0.0724339853195399	0.352653927554354	31
0.08409384551661	0.351201143085869	31
0.08389724920787	0.35308024748219	177
0.08433154911069	0.353063396931639	36
0.0832282411926699	0.353813253690907	93
0.0832282411926699	0.353813253690907	96
0.0083266998859699	1.08113475571421	1272
0.0402558762565199	1.32697101865223	2
-0.09608258375009	0.618776512770065	2
0.08476551775475	0.350479641287103	2
0.0836612084574	0.353796776180306	31
0.08389724920787	0.35308024748219	12
0.08409384551661	0.351201143085869	96
0.00333666131002008	0.702013761028711	53
0.0700072414941	1.11233263514088	164
-0.01611862745287	1.27406240964758	2
0.00777704322846007	1.51943467836092	2
0.0780725558570901	0.355003538565994	26
0.0832282411926699	0.353813253690907	2
-0.0608881782881501	0.987598541737637	31
-0.0666545642249401	0.995957739389221	31
0.00211895916432003	0.705258444367387	31
0.0728842294822201	0.352484021879961	2
-0.05660388768605	0.97949982847189	176
-0.09219551471333	0.618497753906037	31
0.11050975975232	0.909985806640968	31
0.08692119774658	0.34863993750454	110
0.0780725558570901	0.355003538565994	31
0.08476551775475	0.350479641287103	31
0.078740328104	0.354268648704258	752
0.11042416582805	1.18392815614878	53
0.0788893430766999	1.37918271542824	2
0.0836612084574	0.353796776180306	2
-0.0923089966553201	0.613420184707873	2
0.0860442468296601	0.351212781854335	2
0.0706587358335999	0.810430966720215	31
-0.09899590227802	1.24216519497282	2
0.078740328104	0.354268648704258	2
0.06881715404363	0.810301184832786	31
0.0836612084574	0.353796776180306	31
0.0791830561319999	0.352341346328956	31
-0.09724991215016	0.620538576333617	392
0.08433154911069	0.353063396931639	96
0.0122370896415001	0.698370043225513	164
0.0746387612727899	0.800991151576137	164
-0.0181427078387999	1.28837689823692	2
0.0112768381303601	0.695105327502923	2
0.08433154911069	0.353063396931639	2
-0.09103373816986	0.615768971195047	2
-0.09103373816986	0.615768971195047	2
0.0776308377785999	0.353254771284329	2
0.00994773219203005	0.701094669601042	31
-0.0978339498415901	0.619225327990964	31
0.0111548604801599	0.702719053817204	31
0.0836612084574	0.353796776180306	31
0.00982624422466993	0.703564758730261	1620
0.08433154911069	0.353063396931639	36
0.08409384551661	0.351201143085869	93
0.0827949434456099	0.351348125137152	93
0.08389724920787	0.35308024748219	93
0.08692119774658	0.34863993750454	12
-0.09277677301109	0.618051447663223	2
0.0495264264195501	1.54683103010304	26
0.08433154911069	0.353063396931639	2
0.07829726163104	0.352528986232316	2
0.07128890169692	1.12732557311044	2
0.0832282411926699	0.353813253690907	2
-0.06809501021023	0.994033244396924	150
0.0135050387804601	0.699569211636836	31
0.0762826093673299	0.79330876332464	176
0.0791830561319999	0.352341346328956	31
0.08476551775475	0.350479641287103	31
-0.0939400306304701	0.611976144068858	110
0.08389724920787	0.35308024748219	31
0.00802918611457004	0.700047016677192	1620
0.0860442468296601	0.351212781854335	12
0.0836612084574	0.353796776180306	96
0.08433154911069	0.353063396931639	96
0.078740328104	0.354268648704258	96
0.08433154911069	0.353063396931639	1378
0.08389724920787	0.35308024748219	352
-0.09219551471333	0.618497753906037	2
-0.0681701554144101	0.988773791850597	2
-0.0581093914284301	0.979756517816219	176
0.08476551775475	0.350479641287103	31
0.00982624422466993	0.703564758730261	31
0.0836612084574	0.353796776180306	31
0.078740328104	0.354268648704258	36
0.0836612084574	0.353796776180306	392
0.0836612084574	0.353796776180306	12
0.11971478315579	0.909458904439469	150
-0.10235219210551	0.612917741253239	2
0.0832282411926699	0.353813253690907	176
0.0832282411926699	0.353813253690907	31
0.078740328104	0.354268648704258	31
0.0836612084574	0.353796776180306	31
0.08389724920787	0.35308024748219	12
0.0836612084574	0.353796776180306	864
0.0836612084574	0.353796776180306	18
0.08614686150335	1.59349901132731	72
0.00538850216155007	1.53353716166532	2
0.12120845696106	1.39442497911063	2
0.00425545243673997	1.08094445410639	241
0.0755064291855401	0.800775126662053	2
-0.10838656007569	1.6618764424326	2
0.0836612084574	0.353796776180306	150
0.08389724920787	0.35308024748219	31
0.08433154911069	0.353063396931639	2
0.0104293760021901	0.703858738136818	110
0.0735092513815101	0.796253564073107	110
-0.06097743497847	0.982539303567543	1683
-0.0917284752082601	0.611431331899186	613
0.08389724920787	0.35308024748219	12
0.0512079313863001	1.89566120102374	2
0.07473096751564	0.801963474401796	2
0.11711093608655	0.908291458631262	2
0.0780725558570901	0.355003538565994	2
-0.09219551471333	0.618497753906037	2
0.07074935280261	0.807591237051435	2
0.0836612084574	0.353796776180306	2
0.078740328104	0.354268648704258	557
-0.09219551471333	0.618497753906037	110
0.08433154911069	0.353063396931639	31
0.0827949434456099	0.351348125137152	31
0.0780725558570901	0.355003538565994	31
0.0752389339672299	0.350109548729761	12
0.078740328104	0.354268648704258	12
0.08433154911069	0.353063396931639	12
0.0776308377785999	0.353254771284329	96
0.11429632230893	1.17298502374286	2
0.0482196176858301	1.89334408590256	2
0.0659088688182401	0.813014179346868	2
0.07851393657289	0.353067612488471	31
-0.0887136352348199	0.610811455530862	176
0.00475774818532004	0.705475647852926	557
0.0832282411926699	0.353813253690907	31
0.08389724920787	0.35308024748219	31
0.0834626177679601	0.350627556007068	36
0.0836612084574	0.353796776180306	12
0.08389724920787	0.35308024748219	96
-0.0400369173219299	1.50025436350105	691
0.08433154911069	0.353063396931639	2
0.11076545659454	1.19569031717612	880
-0.09277677301109	0.618051447663223	2
0.03689948408014	1.33717017509537	2
-0.0921139925733301	1.24902355848891	2
0.08389724920787	0.35308024748219	2
0.08433154911069	0.353063396931639	31
-0.0582832882501501	0.975062452072612	110
0.06370321550734	0.805415346030829	31
-0.10091292852141	0.611039951703031	237
-0.09301676632011	0.612817542355038	237
0.078740328104	0.354268648704258	36
0.0856052688821001	0.348790501536787	259
0.0728842294822201	0.352484021879961	1382
0.0836612084574	0.353796776180306	729
-0.02032315179164	1.29901395112904	164
0.01838448738209	0.68526196803979	2
-0.11014880232874	0.587950546085541	2
0.08476551775475	0.350479641287103	880
0.00657677133893997	0.708596444931798	2
0.06481196808354	1.11973304414589	2
-0.10494713240746	1.46338666770391	31
0.08433154911069	0.353063396931639	176
0.08389724920787	0.35308024748219	31
0.0731582576027201	0.80266023853835	31
-0.0600502235179099	0.984908474771393	110
0.06786807953968	0.348914337162727	237
0.08433154911069	0.353063396931639	237
0.12254153744243	0.897590532369442	72
0.07851393657289	0.353067612488471	241
-0.10046563096317	0.612230340900649	2
0.08433154911069	0.353063396931639	2
0.0836612084574	0.353796776180306	898
0.0836612084574	0.353796776180306	31
0.08433154911069	0.353063396931639	31
0.0832282411926699	0.353813253690907	584
-0.0887136352348199	0.610811455530862	237
-0.0964459118399299	1.24998302186424	729
0.12492492984709	0.894238339742084	2
0.00984676267530005	1.53442616092796	2
-0.01532239031184	1.26136122383428	2
-0.0277686490906299	1.29779814051892	2
0.10389312334093	1.1940167806832	150
0.0104293760021901	0.703858738136818	31
0.0776308377785999	0.353254771284329	31
0.08389724920787	0.35308024748219	584
0.0832282411926699	0.353813253690907	31
0.07355075495291	0.351767220057335	392
-0.0917284752082601	0.611431331899186	12
-0.02929327962597	1.89220186322993	164
0.0352667457784299	1.3206089556879	72
0.11674379237946	1.18044717335826	2
0.0073552769165901	2.25271390645368	2
0.08389724920787	0.35308024748219	2
0.0834626177679601	0.350627556007068	176
0.0832282411926699	0.353813253690907	584
0.00711765859785007	0.695209264045555	31
0.0732252329218099	0.804852636321753	31
-0.09405204003525	0.611976336957259	12
0.01030666125311	0.697605948569435	12
0.08433154911069	0.353063396931639	12
0.08389724920787	0.35308024748219	729
0.0759120224768	0.79641094312601	72
0.01085604485653	0.703292380877635	2
-0.09640608252383	1.2542408061314	2
-0.11065699475584	1.65400644850402	2
0.0834626177679601	0.350627556007068	2
0.0836612084574	0.353796776180306	31
0.0827949434456099	0.351348125137152	31
0.08433154911069	0.353063396931639	584
0.00736081115873999	1.0781295165083	1773
-0.09618985871708	0.610071653256099	36
0.0728842294822201	0.352484021879961	1382
-0.0984958814333801	0.609033528412683	729
-0.0984958814333801	0.609033528412683	729
-0.0906178438758001	1.23329176168058	150
-0.08548066008305	1.23703145233529	2
0.12286838194716	0.896818541705255	2
0.00614292710754993	1.07420932254847	31
-0.0916145031643001	0.617793207028816	2
0.00548297284298993	0.704347983654779	31
0.00802918611457004	0.700047016677192	110
-0.0973561980347199	0.615998685416403	36
0.0836612084574	0.353796776180306	352
-0.0928897644795099	0.614114746971278	671
0.11164363294172	1.17246638549801	241
0.10742220977806	1.41800766110368	2
0.0600908066424599	1.14057467488821	2
0.0393734206141501	1.3337573267377	2
0.0856052688821001	0.348790501536787	2
0.0836612084574	0.353796776180306	2
-0.08918509936709	0.610532916346089	176
0.08433154911069	0.353063396931639	31
0.0832282411926699	0.353813253690907	31
-0.0978339498415901	0.619225327990964	110
0.11497695482229	0.905954578093567	1773
0.00778803870417999	0.704433316663311	31
-0.0973561980347199	0.615998685416403	36
0.0111548604801599	0.702719053817204	12
-0.0985235320845901	0.61485941773147	12
0.0836612084574	0.353796776180306	12
0.07152876207915	2.48793322445162	2
0.08389724920787	0.35308024748219	31
0.078740328104	0.354268648704258	110
0.08409384551661	0.351201143085869	110
0.0832282411926699	0.353813253690907	584
0.0836612084574	0.353796776180306	110
0.122055002142	1.39008341079239	691
-0.0887136352348199	0.610811455530862	150
0.0832282411926699	0.353813253690907	150
0.08433154911069	0.353063396931639	176
0.0832282411926699	0.353813253690907	31
0.11674015602093	1.17984356570518	31
-0.0923089966553201	0.613420184707873	31
0.07074935280261	0.807591237051435	31
0.0756949908662801	0.349938837333761	31
0.0836612084574	0.353796776180306	36
-0.00328442652987992	1.9185249706261	2
-0.10925240091029	1.65731761474966	2
0.01425067961098	1.06164464848152	2
-0.0909209163145599	0.611542143490278	31
-0.0590309773429401	0.981676613538093	31
0.0832282411926699	0.353813253690907	110
-0.09724991215016	0.620538576333617	110
0.07664580796129	0.802689000540172	31
0.01151094134871	0.692895696582737	651
-0.10235219210551	0.612917741253239	12
0.0111548604801599	0.702719053817204	12
0.0864828896900201	0.351194977573717	96
0.0864828896900201	0.351194977573717	352
-0.00295339392686	0.697038675062265	691
-0.0382568711220399	1.50344513575879	2
0.10979537392954	1.4253705278933	2
0.0699665963163201	0.808772629690157	2
-0.06356751069976	0.994969968215826	2
0.07279398890256	0.811349190633235	31
0.01188055394411	0.695383546828136	31
-0.0939400306304701	0.611976144068858	584
-0.1016321504007	0.617205365338464	584
0.00657677133893997	0.708596444931798	110
0.0832282411926699	0.353813253690907	475
-0.10176897557832	0.611896361107614	12
0.0832282411926699	0.353813253690907	12
0.07829726163104	0.352528986232316	1376
0.07347472131554	1.11415865963962	2
0.0133851366859401	0.695935558285364	2
0.0692391761443101	0.81387394370057	2
-0.01975366267981	1.30487441482021	150
0.08409384551661	0.351201143085869	176
0.0834626177679601	0.350627556007068	31
-0.0916145031643001	0.617793207028816	31
0.0836612084574	0.353796776180306	31
0.08389724920787	0.35308024748219	36
0.08409384551661	0.351201143085869	96
0.00578989091198001	1.07867054684356	2
0.0836612084574	0.353796776180306	2
0.11192979300816	1.17210785200217	2
0.12081852125113	0.907604730113693	110
0.00792007875137002	1.06572029864398	31
0.0860442468296601	0.351212781854335	31
-0.09103373816986	0.615768971195047	12
0.08433154911069	0.353063396931639	639
0.0151954834113299	1.05938074069528	12
-0.11206837668221	1.65438168405781	2
0.03404781189232	1.33976526274239	2
-0.01964421379633	2.38776536943949	2
-0.0168654888787201	1.27142537408325	2
0.11787058095108	0.906630645474784	2
0.0707320358388701	0.809601766261789	2
-0.0229189702341801	1.29515319118862	2
0.0691001387586001	0.813126108172922	31
-0.09150217198866	0.612233890669978	31
-0.09103373816986	0.615768971195047	31
-0.09347077887477	0.613680669788906	31
0.0104293760021901	0.703858738136818	31
-0.0687465676391099	0.991254799736568	31
0.08476551775475	0.350479641287103	31
-0.0626435143086299	0.991222050549103	110
-0.0967729041327201	0.614408413911561	31
0.11425184699907	1.19061342052666	31
-0.09724991215016	0.620538576333617	36
0.07851393657289	0.353067612488471	475
0.0836612084574	0.353796776180306	31
0.0836612084574	0.353796776180306	31
-0.09335827825194	0.616310037678989	639
0.07851393657289	0.353067612488471	639
0.08389724920787	0.35308024748219	12
-0.09219551471333	0.618497753906037	729
0.00513398257068998	2.42017053777394	2
-0.10446807728954	1.46929095296654	150
-0.0918536536952601	0.606933891915323	31
0.0776308377785999	0.353254771284329	31
-0.0916145031643001	0.617793207028816	31
0.0780725558570901	0.355003538565994	110
0.0791830561319999	0.352341346328956	31
0.078740328104	0.354268648704258	31
-0.05749535102256	1.67695314622499	691
-0.09666612351855	0.620394339358533	2
0.0767838241344701	0.802229667271617	150
0.06937811025242	0.809832541524569	2
-0.08929532530804	0.611503303249929	2
0.00767731602603994	1.082743823245	31
0.00657677133893997	0.708596444931798	31
0.00910126129976008	0.698000943691455	31
0.0836612084574	0.353796776180306	110
0.08389724920787	0.35308024748219	110
-0.0928897644795099	0.614114746971278	110
0.0728842294822201	0.352484021879961	110
0.078740328104	0.354268648704258	377
0.08433154911069	0.353063396931639	96
0.0836612084574	0.353796776180306	691
0.07851393657289	0.353067612488471	686
0.0751347942478999	0.799505529763694	31
0.0336152508085601	1.32560895115272	31
0.0730860797128301	0.803649011004693	31
0.0791830561319999	0.352341346328956	617
0.0836612084574	0.353796776180306	36
0.0836612084574	0.353796776180306	31
0.08433154911069	0.353063396931639	377
0.08433154911069	0.353063396931639	12
0.08433154911069	0.353063396931639	96
-0.09993675506398	1.44028619021266	164
-0.10382469065399	1.79114736406142	2
0.0904002114770099	1.56993359496653	2
0.0195947564240899	2.2438048833859	2
0.0780725558570901	0.355003538565994	686
0.08433154911069	0.353063396931639	686
-0.0999526109473401	1.6185182620627	738
0.12370426472836	0.887432467639762	31
-0.0581093914284301	0.979756517816219	31
-0.0917284752082601	0.611431331899186	31
0.0834626177679601	0.350627556007068	31
0.11841341327942	0.911110348361398	31
-0.10149670782146	0.610353653805488	31
0.0836612084574	0.353796776180306	110
0.08389724920787	0.35308024748219	12
0.0827949434456099	0.351348125137152	498
0.0834626177679601	0.350627556007068	448
0.01024881889677	0.704655106482344	53
-0.05939651780834	1.83109683603539	2
0.0860442468296601	0.351212781854335	686
0.07536955435158	0.803194144973092	686
0.0776308377785999	0.353254771284329	150
-0.0887136352348199	0.610811455530862	161
0.0104293760021901	0.703858738136818	2
-0.0904532195360801	0.611051409929825	31
0.0364401170664901	1.32599053758993	31
0.00802918611457004	0.700047016677192	150
0.0808859977810901	0.352395520307134	110
0.0836612084574	0.353796776180306	110
0.0832282411926699	0.353813253690907	21
0.0834626177679601	0.350627556007068	31
0.0776308377785999	0.353254771284329	12
0.0834626177679601	0.350627556007068	1318
0.0827949434456099	0.351348125137152	498
0.0836612084574	0.353796776180306	95
0.0832282411926699	0.353813253690907	448
0.08692119774658	0.34863993750454	686
-0.0916145031643001	0.617793207028816	161
-0.09549929264778	0.614358764173469	2
0.07821979435566	1.37478224245411	150
0.0864828896900201	0.351194977573717	110
0.07829726163104	0.352528986232316	31
0.0150732234044499	1.06422397152103	31
0.0836612084574	0.353796776180306	12
0.08476551775475	0.350479641287103	374
0.08433154911069	0.353063396931639	374
0.078740328104	0.354268648704258	12
0.078740328104	0.354268648704258	96
0.08389724920787	0.35308024748219	96
0.0780725558570901	0.355003538565994	95
0.11014028394657	1.1978886383903	53
-0.09618985871708	0.610071653256099	691
0.08409384551661	0.351201143085869	738
0.00924162364653003	0.69598796323876	738
0.08409384551661	0.351201143085869	2
0.11954447540867	0.901784382497287	31
0.0104293760021901	0.703858738136818	150
-0.05866705328551	0.992786743996458	31
0.0836612084574	0.353796776180306	110
0.0780725558570901	0.355003538565994	110
0.0104293760021901	0.703858738136818	110
0.0780599921227001	0.79976258649218	31
0.0780725558570901	0.355003538565994	31
0.08389724920787	0.35308024748219	12
0.08409384551661	0.351201143085869	12
0.0832282411926699	0.353813253690907	374
0.0832282411926699	0.353813253690907	1318
0.08433154911069	0.353063396931639	1318
0.07829726163104	0.352528986232316	138
0.08389724920787	0.35308024748219	96
0.08947326305487	2.28864284165097	2
0.01188055394411	0.695383546828136	686
-0.0928897644795099	0.614114746971278	150
0.078740328104	0.354268648704258	150
0.0836612084574	0.353796776180306	453
0.0780725558570901	0.355003538565994	31
0.0780725558570901	0.355003538565994	12
0.08433154911069	0.353063396931639	12
0.0832282411926699	0.353813253690907	96
0.08389724920787	0.35308024748219	95
0.08476551775475	0.350479641287103	95
0.0836612084574	0.353796776180306	2
0.01055143678902	0.702426814420434	158
0.00671225225654992	1.07776618147093	31
0.0559285961256999	1.14066166996786	31
-0.0151541211911499	1.27350468658715	110
-0.0928897644795099	0.614114746971278	110
0.08133311970863	0.350488964511777	453
0.0864828896900201	0.351194977573717	453
0.0860442468296601	0.351212781854335	36
0.08409384551661	0.351201143085869	12
0.0832282411926699	0.353813253690907	12
0.0832282411926699	0.353813253690907	254
0.0690473201467901	1.943130905597	53
-0.10241566225042	1.4638058147126	53
-0.07771510001422	0.975478560613821	116
0.10599813650116	1.63735174962416	2
0.0832282411926699	0.353813253690907	398
-0.0590309773429401	0.981676613538093	161
-0.09724991215016	0.620538576333617	161
0.0676602116231699	1.14271118500715	150
0.00139270792753998	0.699703523200086	892
0.0832282411926699	0.353813253690907	31
0.01483429543507	0.694439024366825	36
-0.10104877172973	0.616167841129993	31
0.0864828896900201	0.351194977573717	12
0.0834626177679601	0.350627556007068	138
0.08409384551661	0.351201143085869	95
0.08433154911069	0.353063396931639	95
0.0860442468296601	0.351212781854335	398
-0.0590309773429401	0.981676613538093	150
-0.0900287549088099	1.25356044610882	150
0.11656769632667	1.17873236905675	150
0.0135050387804601	0.699569211636836	31
0.00694476786086007	1.0741274862758	31
-0.0916145031643001	0.617793207028816	110
0.0780725558570901	0.355003538565994	21
0.0780725558570901	0.355003538565994	21
0.0834626177679601	0.350627556007068	31
0.08433154911069	0.353063396931639	12
0.0808859977810901	0.352395520307134	12
0.08433154911069	0.353063396931639	254
0.0860442468296601	0.351212781854335	254
0.0776308377785999	0.353254771284329	254
0.08389724920787	0.35308024748219	95
0.0780725558570901	0.355003538565994	95
0.08389724920787	0.35308024748219	95
0.03861214188059	2.04328833800807	2
-0.08511678285429	0.600681856135888	150
0.11178789795635	0.904459619108785	110
-0.0594534287892801	0.994276966471868	110
0.0832282411926699	0.353813253690907	892
0.08433154911069	0.353063396931639	249
0.0864828896900201	0.351194977573717	12
0.08389724920787	0.35308024748219	12
-0.0923089966553201	0.613420184707873	12
0.0832282411926699	0.353813253690907	95
0.03411126184101	1.71768989673243	53
-0.09301676632011	0.612817542355038	691
0.00669652446234004	0.707661196276393	150
0.0836612084574	0.353796776180306	398
0.08476551775475	0.350479641287103	150
0.08389724920787	0.35308024748219	110
0.0832282411926699	0.353813253690907	249
0.0808859977810901	0.352395520307134	12
-0.09033990737278	0.609563942842024	1046
0.07851393657289	0.353067612488471	949
0.0836612084574	0.353796776180306	12
0.0832282411926699	0.353813253690907	254
0.0834626177679601	0.350627556007068	254
0.0834626177679601	0.350627556007068	95
0.078740328104	0.354268648704258	95
0.08389724920787	0.35308024748219	95
0.07851393657289	0.353067612488471	95
-0.0998757121312801	1.45777473165654	2
-0.09549929264778	0.614358764173469	559
0.11637906519933	0.909683130031306	807
0.11184039438033	1.19156558099364	158
0.0112456000597301	1.07593746920929	158
0.02888625388872	1.33428826158865	31
0.0683219348766699	0.806332983094999	31
0.0832282411926699	0.353813253690907	110
-0.09666612351855	0.620394339358533	31
0.07851393657289	0.353067612488471	12
0.0864828896900201	0.351194977573717	12
0.0836612084574	0.353796776180306	95
0.03300109095036	1.73050465886863	53
0.0334425871033	1.91829946167595	2
-0.09539318363741	0.612542589853197	398
0.0836612084574	0.353796776180306	150
-0.0916145031643001	0.617793207028816	161
0.08692119774658	0.34863993750454	807
0.02205806301591	1.48702252387289	158
-0.0882547259439199	1.24916784219186	31
0.0832282411926699	0.353813253690907	249
0.0780725558570901	0.355003538565994	12
0.08409384551661	0.351201143085869	12
0.0836612084574	0.353796776180306	469
0.0834626177679601	0.350627556007068	95
-0.05889305757907	0.983734344161503	164
0.0832282411926699	0.353813253690907	53
-0.000648878502020001	1.68446245915128	2
-0.09724991215016	0.620538576333617	150
0.0832282411926699	0.353813253690907	150
0.0680351835477899	0.81148666731755	150
0.0832282411926699	0.353813253690907	110
-0.09666612351855	0.620394339358533	892
0.0864828896900201	0.351194977573717	249
0.07040100942645	0.796343286854963	249
0.0730991474651299	0.35193723773765	249
-0.0909209163145599	0.611542143490278	31
0.08389724920787	0.35308024748219	254
0.08433154911069	0.353063396931639	254
0.0836612084574	0.353796776180306	254
0.08409384551661	0.351201143085869	12
0.0683532198143599	1.12291318658528	2
0.11841341327942	0.911110348361398	2
0.0834626177679601	0.350627556007068	150
-0.09405204003525	0.611976336957259	807
0.0776308377785999	0.353254771284329	150
0.0740016722960399	0.801720635520109	246
0.0836612084574	0.353796776180306	249
0.08476551775475	0.350479641287103	249
0.00903351477789993	0.703912965273071	371
0.0832282411926699	0.353813253690907	371
-0.09277677301109	0.618051447663223	31
-0.0909209163145599	0.611542143490278	31
0.0780725558570901	0.355003538565994	31
0.08409384551661	0.351201143085869	12
0.08476551775475	0.350479641287103	256
-0.0923089966553201	0.613420184707873	254
0.08433154911069	0.353063396931639	254
0.0743582895027499	0.799045825669341	164
-0.0245772833303199	1.27984045114494	53
0.11407132890453	1.18790976595375	2
0.07851393657289	0.353067612488471	150
0.0129001795475701	0.698247325104614	559
0.0104890449850801	1.06527363079754	158
-0.09439025408817	1.43011968305257	158
0.06562961562619	0.802750144082138	31
-0.0456150087246701	1.50708192169527	150
0.0684605052743901	0.81337810025322	246
-0.08929532530804	0.611503303249929	110
0.08433154911069	0.353063396931639	249
-0.0967729041327201	0.614408413911561	110
0.08389724920787	0.35308024748219	31
-0.0928897644795099	0.614114746971278	254
0.0834626177679601	0.350627556007068	95
-0.0973273293530801	1.22669749365645	53
-0.09209419524003	1.24288193738777	2
0.08389724920787	0.35308024748219	2
-0.0297166122865	1.45929110585398	158
0.01248398883909	0.694709120724282	246
-0.0916145031643001	0.617793207028816	110
0.0724339853195399	0.352653927554354	110
0.0827949434456099	0.351348125137152	110
0.0832282411926699	0.353813253690907	249
0.0808859977810901	0.352395520307134	249
0.08433154911069	0.353063396931639	110
-0.09277677301109	0.618051447663223	110
0.0832282411926699	0.353813253690907	31
0.0860442468296601	0.351212781854335	12
0.0684605052743901	0.81337810025322	12
0.0836612084574	0.353796776180306	12
0.08389724920787	0.35308024748219	12
0.0836612084574	0.353796776180306	24
0.07851393657289	0.353067612488471	1100
0.0103662741100601	0.699390901551801	150
0.0780725558570901	0.355003538565994	110
0.00851472738096004	0.703304563289465	110
0.08433154911069	0.353063396931639	31
0.0827949434456099	0.351348125137152	552
0.0780725558570901	0.355003538565994	552
0.0836612084574	0.353796776180306	12
0.08433154911069	0.353063396931639	138
0.08476551775475	0.350479641287103	12
0.0864828896900201	0.351194977573717	12
-0.09301676632011	0.612817542355038	1100
0.07289617584526	1.12599884477398	150
0.07742206137126	0.801496231551793	246
-0.05919621542012	0.969261107342221	246
0.00711765859785007	0.695209264045555	110
0.08409384551661	0.351201143085869	110
0.0832282411926699	0.353813253690907	110
0.0834626177679601	0.350627556007068	31
0.0856052688821001	0.348790501536787	31
0.08433154911069	0.353063396931639	12
0.0834626177679601	0.350627556007068	95
0.04421397324752	2.13922303061318	2
0.08476551775475	0.350479641287103	150
0.0791830561319999	0.352341346328956	158
0.0832282411926699	0.353813253690907	158
-0.0539940321791199	0.970569501911793	158
-0.0194680918575301	1.2987350853476	158
0.01030666125311	0.697605948569435	150
0.00444551931013004	0.697095666836392	150
0.0864828896900201	0.351194977573717	246
-0.09103373816986	0.615768971195047	110
0.0834626177679601	0.350627556007068	717
0.0836612084574	0.353796776180306	110
0.0692391761443101	0.81387394370057	110
0.0836612084574	0.353796776180306	12
0.0836612084574	0.353796776180306	12
0.06959975430076	0.802448634317466	53
0.0104293760021901	0.703858738136818	116
0.0980877553272299	1.76498644788604	2
0.01024881889677	0.704655106482344	2
-0.09347077887477	0.613680669788906	150
-0.11237813657827	1.63544926759353	110
0.0836612084574	0.353796776180306	21
0.08409384551661	0.351201143085869	110
0.08433154911069	0.353063396931639	31
0.078740328104	0.354268648704258	256
0.0780725558570901	0.355003538565994	256
-0.0923089966553201	0.613420184707873	95
0.07577070447444	0.795113249507528	164
0.08389724920787	0.35308024748219	1100
0.00272795289749994	0.704386332837361	158
0.0648541290463001	0.80517799193837	246
0.08433154911069	0.353063396931639	110
0.0832282411926699	0.353813253690907	21
-0.0916145031643001	0.617793207028816	552
0.0827949434456099	0.351348125137152	12
0.0836612084574	0.353796776180306	95
0.0832282411926699	0.353813253690907	24
0.1090560815107	1.61913238798452	116
-0.0967729041327201	0.614408413911561	116
0.0836612084574	0.353796776180306	2
0.0836612084574	0.353796776180306	1100
-0.10046563096317	0.612230340900649	1100
-0.10623385636416	1.65073354822319	246
-0.09347077887477	0.613680669788906	110
0.07664580796129	0.802689000540172	110
0.11787058095108	0.906630645474784	110
0.0864828896900201	0.351194977573717	12
0.08389724920787	0.35308024748219	95
0.0791830561319999	0.352341346328956	95
0.08409384551661	0.351201143085869	24
0.08389724920787	0.35308024748219	24
-0.0255045176240001	1.2847708472377	2
0.07829726163104	0.352528986232316	2
0.0804385337646501	0.350678247521957	2
0.0808859977810901	0.352395520307134	158
0.11994104830714	0.911179565599904	158
0.08409384551661	0.351201143085869	158
-0.02561291416844	1.30178410800672	158
-0.06949786121487	0.987393421506079	246
-0.10208072549458	0.60692038992468	246
0.0834626177679601	0.350627556007068	110
0.08389724920787	0.35308024748219	110
0.0776308377785999	0.353254771284329	31
0.0808859977810901	0.352395520307134	31
0.0836612084574	0.353796776180306	432
-0.0665163732801499	0.990735897440927	2
0.01175800349477	0.702033602041528	150
0.0104293760021901	0.703858738136818	150
-0.08802098097738	0.610270591097221	1100
-0.09426997571531	1.25787408905014	246
-0.0157294682454201	1.28589995298896	246
-0.0195781885909601	1.30045802138157	31
-0.0985235320845901	0.61485941773147	31
0.0834626177679601	0.350627556007068	103
-0.09219551471333	0.618497753906037	552
0.0836612084574	0.353796776180306	24
0.0692391761443101	0.81387394370057	150
-0.0917284752082601	0.611431331899186	158
-0.03444032764474	1.47984254413238	246
0.0141096162360199	0.699857347174248	110
0.0864828896900201	0.351194977573717	110
0.08389724920787	0.35308024748219	256
0.0730991474651299	0.35193723773765	256
-0.0916145031643001	0.617793207028816	12
0.0147139121445801	0.699173586912727	12
0.0836612084574	0.353796776180306	432
0.07426301571552	1.11239317979773	2
-0.0923089966553201	0.613420184707873	2
-0.0578556618566199	1.68273840885983	2
0.01236086606151	0.700301842815124	2
0.0114993848406499	1.50914932869766	158
-0.09272227816789	1.25793020476177	158
-0.000886999568390001	0.690291916470109	246
0.11768930532401	0.897355611032285	110
0.0836612084574	0.353796776180306	31
-0.09607944286977	0.596248067916739	31
0.0723108235702099	0.797030892043931	110
0.0780725558570901	0.355003538565994	110
0.00608989044137998	0.706705714472606	29
0.07851393657289	0.353067612488471	103
-0.09208367458944	0.611803851881616	12
-0.06356751069976	0.994969968215826	12
0.0780725558570901	0.355003538565994	851
0.08433154911069	0.353063396931639	24
0.11320817737351	2.38353711118405	53
-0.00497144774054004	1.68965639662995	2
0.0747929225719199	1.94122140211473	2
0.10571874631214	1.42395572987986	150
0.07477881859891	0.795853847611917	150
0.08433154911069	0.353063396931639	246
0.01175800349477	0.702033602041528	110
0.11656412668145	0.908278247618984	110
-0.0985235320845901	0.61485941773147	31
0.08389724920787	0.35308024748219	31
0.0836612084574	0.353796776180306	110
0.08433154911069	0.353063396931639	103
0.0836612084574	0.353796776180306	1124
0.0559285961256999	1.14066166996786	53
-0.10802504180474	1.62479349155467	2
0.00585087559932007	0.702940541318399	2
0.0349289947098801	1.32268809522878	2
-0.09301676632011	0.612817542355038	158
0.08476551775475	0.350479641287103	158
0.0780725558570901	0.355003538565994	150
-0.09067474671496	1.253766968867	246
0.0728842294822201	0.352484021879961	110
0.08433154911069	0.353063396931639	246
0.00736081115873999	1.0781295165083	110
0.0836612084574	0.353796776180306	12
-0.0622025353757001	0.971337160820228	12
0.0836612084574	0.353796776180306	158
0.0832282411926699	0.353813253690907	158
0.0780725558570901	0.355003538565994	12
0.08409384551661	0.351201143085869	12
0.08476551775475	0.350479641287103	142
-0.0310860916328599	2.03415630063033	2
0.12401565033567	1.96876323114535	2
0.10006371980071	2.17785611300766	2
0.0834490489416	2.32642921760541	2
0.11209062228256	1.18977549791468	150
0.11746514038448	2.01107042883612	158
0.11787132595663	0.897673318139545	150
0.0109089411691401	0.695901513001723	246
-0.09103373816986	0.615768971195047	103
0.08433154911069	0.353063396931639	658
0.0780725558570901	0.355003538565994	12
0.08389724920787	0.35308024748219	851
0.0836612084574	0.353796776180306	851
0.08389724920787	0.35308024748219	24
0.08389724920787	0.35308024748219	1124
0.10580706936152	1.4338830194064	53
0.0122370896415001	0.698370043225513	158
0.11608459738498	0.912997334676216	158
-0.04652239457579	1.50099427257305	158
0.0484798039980401	1.5714099567525	158
-0.0666545642249401	0.995957739389221	521
-0.08918509936709	0.610532916346089	31
0.0659088688182401	0.813014179346868	1657
-0.0916145031643001	0.617793207028816	1657
0.12146904773249	0.906235300419804	31
0.078740328104	0.354268648704258	31
0.08389724920787	0.35308024748219	31
0.0719506639657901	0.803389946649137	103
0.0827949434456099	0.351348125137152	103
0.0836612084574	0.353796776180306	12
0.08433154911069	0.353063396931639	12
0.07362209226496	1.37140519707135	2
0.00597071346676992	0.708800590608696	158
0.078740328104	0.354268648704258	110
0.0827949434456099	0.351348125137152	110
-0.0875509963502299	0.604228919114772	110
0.00681561515538998	0.699328412873952	110
0.0663154200789899	1.37734058758673	31
-0.02266728132911	1.3077753276423	31
0.05987622016841	1.52875455882874	31
0.043639922491	1.56461902227968	110
-0.02285401784563	1.30553227494238	1657
-0.08785093577823	1.24966473014268	1657
0.08476551775475	0.350479641287103	31
0.0616728815546099	0.799442851905829	103
-0.0973561980347199	0.615998685416403	103
0.00801516399590008	0.694057400064195	103
0.0804385337646501	0.350678247521957	12
0.0827949434456099	0.351348125137152	785
-0.06586463748977	0.991920280996924	1124
-0.0643528274057099	0.98607042861438	53
0.00272795289749994	0.704386332837361	2
0.00272795289749994	0.704386332837361	2
-0.0909209163145599	0.611542143490278	2
0.00108281399548993	2.02715450502624	246
-0.05766809801711	1.83406953884223	31
0.0864828896900201	0.351194977573717	12
-0.10666320141529	0.607008754817775	12
-0.09608258375009	0.618776512770065	785
0.0832282411926699	0.353813253690907	246
-0.09219551471333	0.618497753906037	246
0.12043925199078	1.79519714651057	31
0.08409384551661	0.351201143085869	29
-0.06259086507528	0.993571525379102	103
0.08433154911069	0.353063396931639	12
-0.0979397406198499	0.616143769579578	785
0.10845902293882	1.61974179946287	678
-0.0616129697101699	0.980279859291004	158
-0.09445876839145	1.2406071516294	158
-0.0712584938504699	1.98741175403828	150
0.0710379195631301	0.797536781298208	158
0.00730287513802996	0.707456819805298	150
0.07664580796129	0.802689000540172	246
0.01055143678902	0.702426814420434	110
-0.0197452125598701	1.27587648724101	31
0.0137177262350701	1.06279680671819	31
-0.09219551471333	0.618497753906037	110
0.01175800349477	0.702033602041528	31
0.0664113754195099	0.809450584648484	103
0.0864828896900201	0.351194977573717	658
-0.09724991215016	0.620538576333617	12
0.07829726163104	0.352528986232316	142
0.07829726163104	0.352528986232316	791
0.08409384551661	0.351201143085869	24
0.0870314779225501	1.58436303714855	53
0.12369768484618	1.84572779552431	2
0.03280431347421	1.33592907518731	158
0.12084469936175	0.892702590317879	158
0.07477883589901	0.793023741492143	158
0.11050975975232	0.909985806640968	246
0.07040100942645	0.796343286854963	110
-0.09277677301109	0.618051447663223	110
-0.0153800035037199	1.28549588516213	31
0.0648541290463001	0.80517799193837	31
0.10796675799811	0.898470390978228	31
0.0791830561319999	0.352341346328956	103
0.0836612084574	0.353796776180306	12
0.0827949434456099	0.351348125137152	658
0.08389724920787	0.35308024748219	12
0.08409384551661	0.351201143085869	142
0.0832282411926699	0.353813253690907	142
0.08433154911069	0.353063396931639	31
0.0780725558570901	0.355003538565994	103
0.0776308377785999	0.353254771284329	658
0.0836612084574	0.353796776180306	12
0.0692391761443101	0.81387394370057	785
0.00718254634096005	0.707225039828887	53
-0.09033990737278	0.609563942842024	2
0.0994184156926501	1.1879291332435	158
0.08389724920787	0.35308024748219	246
0.0791830561319999	0.352341346328956	110
0.0836612084574	0.353796776180306	110
-0.0814690462843799	1.21390517424465	31
0.11870984700087	0.901830374430952	31
0.0776308377785999	0.353254771284329	12
0.0150732234044499	1.06422397152103	53
0.0613062079564699	0.807348791716601	2
-0.0916145031643001	0.617793207028816	361
-0.0937384342038099	0.613375843518545	150
0.07851393657289	0.353067612488471	158
0.11566668321963	2.02389489620087	31
-0.00853884514243997	1.69241185519362	31
0.0756949908662801	0.349938837333761	12
-0.0887136352348199	0.610811455530862	2
0.11964117008254	1.77611773992096	361
0.00856269940492993	1.08328438127284	361
0.0079737031179199	1.06819805217508	361
0.0836612084574	0.353796776180306	158
-0.0967438760355701	0.604862895783727	158
0.0836612084574	0.353796776180306	246
0.08433154911069	0.353063396931639	110
0.08433154911069	0.353063396931639	31
-0.00515182029658989	1.70154033685508	31
0.00548297284298993	0.704347983654779	103
-0.09608258375009	0.618776512770065	12
0.0832282411926699	0.353813253690907	12
-0.000253996551579982	0.658843892972071	53
0.12189182931605	0.903333671771882	2
-0.0881321923137699	0.608833221359507	2
0.08389724920787	0.35308024748219	158
0.0832282411926699	0.353813253690907	158
0.08433154911069	0.353063396931639	110
0.08389724920787	0.35308024748219	31
0.0691001387586001	0.813126108172922	103
-0.0529392664499699	1.64805757070254	103
0.0832282411926699	0.353813253690907	12
-0.0396890112631401	1.50395527026524	53
-0.0918536536952601	0.606933891915323	53
0.0944375986024399	2.18937588642296	2
0.06937811025242	0.809832541524569	767
0.08923639072337	1.79292404789475	158
0.08476551775475	0.350479641287103	158
0.0776308377785999	0.353254771284329	150
-0.0916145031643001	0.617793207028816	127
0.08389724920787	0.35308024748219	31
-0.0928897644795099	0.614114746971278	16
0.08433154911069	0.353063396931639	658
0.0832282411926699	0.353813253690907	142
0.00778803870417999	0.704433316663311	2
-0.09103373816986	0.615768971195047	2
-0.06083771488684	0.988925906712619	361
0.00639179151047009	0.700569334443177	767
0.07515414407599	1.367395254711	767
-0.09150217198866	0.612233890669978	345
0.0836612084574	0.353796776180306	158
0.07829726163104	0.352528986232316	158
0.0767838241344701	0.802229667271617	31
-0.11927629630489	2.31825143877715	31
0.0603176899835201	1.76903351247843	31
0.01097407831254	0.699184310345392	103
0.0836612084574	0.353796776180306	785
0.0621895348780901	1.14159525257904	2
0.08433154911069	0.353063396931639	150
0.08389724920787	0.35308024748219	150
0.08389724920787	0.35308024748219	1450
-0.09143201568578	1.25753269129631	103
0.00756159549466995	1.05993986188319	103
0.0856052688821001	0.348790501536787	103
0.0832282411926699	0.353813253690907	142
0.0864828896900201	0.351194977573717	142
-0.09277677301109	0.618051447663223	785
0.0692391761443101	0.81387394370057	785
-0.0700472570336099	0.978878233518519	2
0.08409384551661	0.351201143085869	158
0.07851393657289	0.353067612488471	150
0.0864828896900201	0.351194977573717	150
0.08389724920787	0.35308024748219	150
0.078740328104	0.354268648704258	1450
-0.0622718523816299	0.991915508716717	2
-0.0937384342038099	0.613375843518545	2
0.00982624422466993	0.703564758730261	361
0.06259797093915	0.808235471105153	53
-0.0916145031643001	0.617793207028816	361
0.11841341327942	0.911110348361398	103
0.06352468229938	0.796793039942714	72
-0.08987726272824	0.611073422158008	53
0.0101298490311299	1.08008221673841	361
0.0743582895027499	0.799045825669341	361
0.0832282411926699	0.353813253690907	2
0.08389724920787	0.35308024748219	150
0.0776308377785999	0.353254771284329	339
0.0727603643186801	1.37528550102525	31
0.0453646420577301	1.91685844980195	31
0.08389724920787	0.35308024748219	16
0.078740328104	0.354268648704258	658
-0.09666612351855	0.620394339358533	72
0.11804035871889	0.910308810203979	53
0.01163479848231	0.701435816034759	53
-0.0967729041327201	0.614408413911561	295
0.0133851366859401	0.695935558285364	53
0.0776308377785999	0.353254771284329	2
-0.09277677301109	0.618051447663223	158
0.08389724920787	0.35308024748219	339
0.0836612084574	0.353796776180306	339
-0.0560716197540401	0.981816492548553	103
-0.06773164280879	0.983378969491087	53
-0.0916145031643001	0.617793207028816	295
0.0832282411926699	0.353813253690907	361
0.0791830561319999	0.352341346328956	53
0.11181537968079	0.905265577521827	31
0.08433154911069	0.353063396931639	1450
0.01085604485653	0.703292380877635	12
0.0832282411926699	0.353813253690907	142
0.00851472738096004	0.703304563289465	53
0.0584098799223201	1.13744725427321	2
-0.09608258375009	0.618776512770065	53
0.00436267663164003	1.07250591028341	2
-0.10221576715845	0.61649659017049	150
0.0832282411926699	0.353813253690907	150
0.00952375714220999	0.700670918992634	150
-0.0886029164092501	0.610961857710409	339
-0.0953450399487401	1.24294075777957	31
0.01055143678902	0.702426814420434	103
0.0348562037489899	1.33906879475369	103
0.078740328104	0.354268648704258	103
0.08433154911069	0.353063396931639	12
-0.06614221735654	0.993325864732235	53
-0.06991040251097	1.80937311788318	295
0.08433154911069	0.353063396931639	767
0.08389724920787	0.35308024748219	150
0.07851393657289	0.353067612488471	158
0.08433154911069	0.353063396931639	158
0.08433154911069	0.353063396931639	158
0.0776308377785999	0.353254771284329	339
0.07829726163104	0.352528986232316	339
0.08409384551661	0.351201143085869	712
0.08433154911069	0.353063396931639	142
-0.10508830749486	1.64249984914048	53
-0.03381797321689	1.4813709914054	508
-0.1072487545146	0.607192855595729	158
0.00681561515538998	0.699328412873952	339
0.08476551775475	0.350479641287103	712
0.0832282411926699	0.353813253690907	712
0.0836612084574	0.353796776180306	16
-0.09208367458944	0.611803851881616	16
0.06817246449822	0.808632547591772	103
0.0864828896900201	0.351194977573717	142
-0.09705351583596	1.2521920088156	53
0.00948121904635002	1.079712115028	53
0.11463008712506	0.906387155671792	295
0.0734352962131299	0.811095792928754	295
-0.09277677301109	0.618051447663223	150
0.08409384551661	0.351201143085869	158
0.01151094134871	0.692895696582737	339
0.0780725558570901	0.355003538565994	127
0.11776042346246	1.40442952788296	127
0.0834626177679601	0.350627556007068	16
0.0719506639657901	0.803389946649137	103
0.000480181197410001	1.06977178215278	103
-0.0959769696768999	0.614124685638575	103
0.08692119774658	0.34863993750454	103
-0.0597918191581699	1.67387631003325	53
-0.111019319719	1.98319257758017	2
0.11389778843756	1.18518144388509	158
0.12168079896823	0.882515655118451	150
-0.09163252588461	1.24145386523946	339
-0.08308429498846	1.18014893336746	31
0.0658048884201301	1.133564624935	31
-0.10293564661598	0.612225962321064	16
-0.04903707604894	1.67393791196345	150
0.10380709538574	1.19169731119599	158
0.00645635824683	0.701593249342405	150
0.11906423652623	0.910834174637277	150
0.11441836620155	0.907177898143052	150
0.0759120224768	0.79641094312601	150
0.00597071346676992	0.708800590608696	158
0.00150967987600992	0.704814576786829	150
-0.09511202317894	1.25383092621299	150
-0.09724991215016	0.620538576333617	127
-0.00161404069669002	0.697347433508917	339
-0.0549152721289701	0.979083696248285	31
-0.09277677301109	0.618051447663223	31
-0.05953864931199	0.983969194868589	103
0.06319784798156	0.807165191864733	103
-0.02916807125467	1.29898257759317	103
-0.0614772782839299	0.977443924414899	103
0.0856052688821001	0.348790501536787	142
0.0860442468296601	0.351212781854335	142
-0.0619947251411801	0.99162171270245	44
0.08433154911069	0.353063396931639	66
0.08068128389078	1.59744580932076	2
0.0842859570026599	1.33771307358532	2
-0.0477181400267399	1.63940484344209	150
0.0783162906349699	2.4524237518496	150
-0.09608258375009	0.618776512770065	150
0.00718254634096005	0.707225039828887	339
-0.0106892602100499	1.69880236174652	31
0.11470437629272	0.900334621168916	31
0.00711765859785007	0.695209264045555	31
0.0730860797128301	0.803649011004693	31
0.0661611588651101	1.13773891098286	31
0.0804385337646501	0.350678247521957	16
0.08389724920787	0.35308024748219	103
0.0780725558570901	0.355003538565994	103
0.08433154911069	0.353063396931639	94
0.0780725558570901	0.355003538565994	142
-0.0887136352348199	0.610811455530862	44
-0.09335827825194	0.616310037678989	44
0.10403803553338	2.23349228804002	53
-0.11331495834285	1.81381969718625	158
-0.0965610047598	0.614270307458563	150
0.0808859977810901	0.352395520307134	158
-0.09405204003525	0.611976336957259	150
0.0832282411926699	0.353813253690907	150
0.12101701470219	0.893225966273119	31
-0.09656369893862	1.23369685478706	31
0.0836612084574	0.353796776180306	16
0.00730287513802996	0.707456819805298	103
-0.0979397406198499	0.616143769579578	103
0.00982624422466993	0.703564758730261	103
0.0780725558570901	0.355003538565994	41
0.0832282411926699	0.353813253690907	103
0.0836612084574	0.353796776180306	142
-0.0629195262981399	0.994103525765876	295
-0.10475707088781	1.4575210393828	53
-0.00618692348144001	0.689849589867598	361
-0.1016321504007	0.617205365338464	150
0.01217628655736	0.694358086378163	339
0.10810724532767	1.4205357468305	16
0.10353351689472	1.19093549670988	31
0.11841341327942	0.911110348361398	103
0.0752389339672299	0.350109548729761	142
0.0780725558570901	0.355003538565994	44
0.12104272730691	1.7974356551288	53
-0.09714528908302	0.612995108958221	150
-0.0978339498415901	0.619225327990964	150
0.00982624422466993	0.703564758730261	339
-0.0967438760355701	0.604862895783727	16
0.0827949434456099	0.351348125137152	103
0.0832282411926699	0.353813253690907	142
0.08409384551661	0.351201143085869	142
0.0832282411926699	0.353813253690907	142
0.0827949434456099	0.351348125137152	44
-0.10108527316935	1.9082701855795	53
0.0668026702667801	1.38567140634155	53
0.0611531903638001	1.73047241635047	150
0.069548760222	0.793322021692157	150
0.07088882451993	0.80218399101681	16
-0.0923089966553201	0.613420184707873	16
0.11738871572643	0.912444979843738	103
0.08433154911069	0.353063396931639	103
0.07829726163104	0.352528986232316	142
0.09720225238141	1.42105095612039	53
0.11181783961859	1.63189085576569	53
0.06510442982571	1.75677160927766	361
-0.10398461264414	1.45989513993862	2
0.00679039188594	1.07924144849846	150
-0.1029188342567	1.63861150378736	127
-0.11657111212263	1.83443539552544	31
-0.08894332589621	1.23723658494472	103
0.00402087223432002	1.07872141043447	103
0.01067284116822	0.693813727081311	94
0.0832282411926699	0.353813253690907	1437
0.0308696171741301	2.08342936322644	53
-0.09150217198866	0.612233890669978	150
0.0776308377785999	0.353254771284329	339
0.0804463264061701	1.60633327441375	16
-0.05866705328551	0.992786743996458	16
0.0780725558570901	0.355003538565994	41
0.0860442468296601	0.351212781854335	142
0.0827949434456099	0.351348125137152	332
0.01230810295814	1.07761664175672	44
-0.0235861025589099	1.30552708708113	72
0.0691001387586001	0.813126108172922	295
-0.0973561980347199	0.615998685416403	53
-0.06614221735654	0.993325864732235	2
0.0832282411926699	0.353813253690907	150
0.07959805379142	1.37651685507365	31
0.0832282411926699	0.353813253690907	16
0.0836612084574	0.353796776180306	41
0.0647162223228901	0.807484374025582	53
-0.0578799657526601	0.982898386641192	53
0.11849931301895	0.900074022830298	2
0.00994773219203005	0.701094669601042	345
0.0832282411926699	0.353813253690907	150
0.11600962997649	0.896518837878767	150
-0.0931569217555299	0.611795257048078	150
-0.1072487545146	0.607192855595729	16
-0.10024149927139	1.45294271849826	94
0.0745945463928499	0.797614838212837	41
0.08409384551661	0.351201143085869	1017
0.00922283178368	0.702227695371774	94
0.07851393657289	0.353067612488471	44
0.00460034291338007	1.08222670065276	53
-0.0702350150897899	1.87248983878374	53
0.08295890645227	1.36186358360323	53
-0.00667324587563001	1.69655949123203	53
0.11467086923756	0.897629916058533	979
0.00863554644296993	0.698707429908332	345
0.01301883666908	0.690298337276473	150
-0.0967729041327201	0.614408413911561	150
-0.09347077887477	0.613680669788906	150
0.07826142522977	1.37474988908641	31
0.11026375997158	1.63164379836244	31
0.11798777791265	0.908627379216504	31
-0.0604638745822399	0.983475965263501	16
0.0856052688821001	0.348790501536787	41
0.08389724920787	0.35308024748219	41
-0.09608258375009	0.618776512770065	94
0.08433154911069	0.353063396931639	1017
0.0836612084574	0.353796776180306	41
0.0603586218941501	1.13939517895647	345
0.06616648026464	1.13448283804954	150
0.07756053230662	0.794715860858005	150
0.06425384599989	1.13702616505622	150
0.12251924691267	0.892525437745025	31
-0.0805848777678799	1.21199335305006	31
-0.10855805037459	1.46818379117006	16
0.07015072043117	1.12174612952307	94
-0.05620773393608	0.983045413890086	41
0.0683219348766699	0.806332983094999	41
0.08389724920787	0.35308024748219	94
0.08433154911069	0.353063396931639	44
-0.0666849250621899	0.989528850309721	150
0.02942855841974	1.33130943274137	150
-0.0634300190032899	0.995283185566827	150
0.01465968646357	1.06546127978318	150
0.12081852125113	0.907604730113693	1631
0.0648916424975201	1.13733092766235	31
0.0110944459039399	1.06120207560418	31
0.0141096162360199	0.699857347174248	41
0.01188055394411	0.695383546828136	41
0.0836612084574	0.353796776180306	41
0.0834626177679601	0.350627556007068	44
-0.10149670782146	0.610353653805488	150
0.11064971817428	1.17632224682333	345
0.11773284811673	1.17306649866635	150
0.00657677133893997	0.708596444931798	31
0.0737223370926801	0.80191734477436	31
0.08389724920787	0.35308024748219	127
0.11656681769971	0.891887142887209	16
0.12268540336338	0.900461463899678	16
0.0727265763240099	0.80027627426747	94
0.078740328104	0.354268648704258	103
0.0719506639657901	0.803389946649137	103
0.0836612084574	0.353796776180306	41
0.0832282411926699	0.353813253690907	135
0.00992290827288	1.5314630915004	53
0.07851393657289	0.353067612488471	150
0.0832282411926699	0.353813253690907	31
0.0836612084574	0.353796776180306	31
-0.0965610047598	0.614270307458563	16
0.0832282411926699	0.353813253690907	16
-0.09103373816986	0.615768971195047	103
0.0832282411926699	0.353813253690907	44
-0.0918536536952601	0.606933891915323	44
0.00718254634096005	0.707225039828887	53
-0.0687385428202001	1.99985490280329	53
0.01211266201948	0.687033007871913	2
0.08133311970863	0.350488964511777	2
0.08476551775475	0.350479641287103	150
0.0836612084574	0.353796776180306	872
0.11834072239969	0.897547779819093	872
0.0334237728525599	1.33450829963049	150
-0.0368230706524899	1.46996788571315	150
-0.09150217198866	0.612233890669978	41
0.0678205637737199	0.812520129201648	41
0.0832282411926699	0.353813253690907	94
0.1154226080862	0.888901428018883	53
0.11815852106188	0.889198713062027	53
0.0860442468296601	0.351212781854335	872
0.0732968316882501	0.81093634738419	872
-0.1195219814055	1.99226862262297	150
0.07829726163104	0.352528986232316	31
0.08433154911069	0.353063396931639	31
-0.0115466857041999	1.2708185668406	94
0.00912410713584011	1.07021393818733	94
0.08389724920787	0.35308024748219	41
-0.09277677301109	0.618051447663223	41
0.0141096162360199	0.699857347174248	13
-0.09405204003525	0.611976336957259	44
0.0691001387586001	0.813126108172922	44
-0.08743929287643	0.608294676926949	872
-0.10046563096317	0.612230340900649	872
0.03041783093591	1.73058968423805	150
0.0827949434456099	0.351348125137152	31
0.0129001795475701	0.698247325104614	16
0.0836612084574	0.353796776180306	16
0.08433154911069	0.353063396931639	44
-0.0214019090890401	1.29951729338033	150
0.0725614837929101	1.12356558972806	345
-0.07181531649749	0.988491339920698	31
0.07829726163104	0.352528986232316	16
0.00620341445617001	1.07606039036584	16
0.01543888446973	0.693763276938058	873
-0.09539318363741	0.612542589853197	94
-0.09219551471333	0.618497753906037	41
-0.09103373816986	0.615768971195047	41
0.0832282411926699	0.353813253690907	13
-0.09608258375009	0.618776512770065	44
-0.0745199926804601	2.17575849337158	2
0.0760532342554701	0.790617776013445	53
-0.10367077037747	1.46416641210297	872
-0.10693158345765	1.46118309678172	345
0.0651268956102	0.812510353286056	150
0.00403273096884993	0.699902803699811	31
0.08433154911069	0.353063396931639	31
0.0692391761443101	0.81387394370057	31
0.06343091561652	1.12216184329165	31
0.08389724920787	0.35308024748219	31
0.0832282411926699	0.353813253690907	16
0.00536437249286004	0.707841359547392	16
0.08476551775475	0.350479641287103	44
0.00718254634096005	0.707225039828887	53
0.00566612011682	0.696663598252566	150
0.01413354296309	1.06759731582797	872
0.0836612084574	0.353796776180306	31
0.00524511032474995	0.703145709867307	41
0.0832282411926699	0.353813253690907	41
0.08409384551661	0.351201143085869	641
0.0827949434456099	0.351348125137152	13
0.08476551775475	0.350479641287103	44
0.0728842294822201	0.352484021879961	44
-0.11344259872312	1.65995388086571	345
0.06946153176871	0.810657054209505	150
0.0728842294822201	0.352484021879961	31
-0.09219551471333	0.618497753906037	16
0.0141096162360199	0.699857347174248	873
0.0122950383074401	0.695623312564505	41
0.08389724920787	0.35308024748219	41
0.08409384551661	0.351201143085869	641
-0.0894260633456201	0.60160145806695	94
0.078740328104	0.354268648704258	94
0.08433154911069	0.353063396931639	44
0.0728842294822201	0.352484021879961	44
-0.0594013798915301	0.979104300800655	345
-0.0626435143086299	0.991222050549103	150
-0.07029187338272	0.981952358235323	150
0.0133851366859401	0.695935558285364	31
0.07471698403076	0.807132263379622	31
-0.0989218227125801	1.25178244539704	16
-0.08569940160901	0.601354958601622	16
0.0706587358335999	0.810430966720215	873
0.0664113754195099	0.809450584648484	873
0.0864828896900201	0.351194977573717	41
0.08433154911069	0.353063396931639	41
0.07851393657289	0.353067612488471	94
0.0860442468296601	0.351212781854335	44
0.0111548604801599	0.702719053817204	44
0.10664995776522	1.43253186595337	347
-0.0192672948050401	1.29131911320026	53
-0.10419688990814	1.62438529972334	345
-0.1016321504007	0.617205365338464	345
0.00284541649258996	0.704140949251989	150
0.0864828896900201	0.351194977573717	94
0.0685744564012301	1.14052324433163	94
-0.0916145031643001	0.617793207028816	41
0.0780725558570901	0.355003538565994	94
-0.0980456887041801	0.609251142871117	13
0.07829726163104	0.352528986232316	94
0.01201385474105	1.06192762057902	53
0.06929394344851	1.13533389623711	53
-0.06222688709255	0.984056497045922	53
0.0104293760021901	0.703858738136818	150
0.00953839682473001	1.07313443212801	345
0.00284541649258996	0.704140949251989	150
0.0104293760021901	0.703858738136818	150
0.07854843889744	1.37739357674142	150
0.0670226483349501	1.14239323643222	31
0.0133004489826001	0.690831830645001	94
-0.0959769696768999	0.614124685638575	345
0.0860442468296601	0.351212781854335	150
0.08476551775475	0.350479641287103	150
-0.10553766415474	1.6511754610754	31
0.08389724920787	0.35308024748219	13
-0.09219551471333	0.618497753906037	94
0.08433154911069	0.353063396931639	44
0.11459710821782	1.1846755837592	345
0.0586431217955901	1.5225651814147	345
-0.10876335752741	1.45788099063087	345
-0.09335827825194	0.616310037678989	150
-0.09618985871708	0.610071653256099	31
0.0165663906475	0.684412668597399	16
0.08409384551661	0.351201143085869	16
-0.0959769696768999	0.614124685638575	41
0.06370321550734	0.805415346030829	41
0.08433154911069	0.353063396931639	94
0.08433154911069	0.353063396931639	94
0.08433154911069	0.353063396931639	13
0.0827949434456099	0.351348125137152	44
-0.10095100463909	1.46661990046438	53
-0.11073275234973	1.46134893714482	361
0.11292188115644	1.41754349344552	150
0.10540968814562	2.14194620352888	345
-0.0666545642249401	0.995957739389221	150
-0.0236473913625901	1.30597616186638	31
-0.10686075065125	1.62600062786157	16
0.0827949434456099	0.351348125137152	16
0.08692119774658	0.34863993750454	963
0.10835462670168	1.19493008676977	41
0.0791830561319999	0.352341346328956	44
0.01301632127458	1.5278263893448	53
0.00536437249286004	0.707841359547392	53
0.0413577431469401	1.30811093740697	345
-0.0314277404360099	1.48066320593569	345
-0.05967601268248	0.983043525364343	31
-0.09666612351855	0.620394339358533	16
0.0832282411926699	0.353813253690907	16
0.0112768381303601	0.695105327502923	1698
0.00801516399590008	0.694057400064195	41
0.0860442468296601	0.351212781854335	44
-0.0141311162884199	1.71614623606405	345
-0.08914207218368	1.2542704139421	345
0.0170045989146299	1.50231429100479	345
0.0360924843818999	1.32685363336003	105
-0.10091292852141	0.611039951703031	31
0.08389724920787	0.35308024748219	31
0.07664580796129	0.802689000540172	1698
-0.08987726272824	0.611073422158008	94
0.07279398890256	0.811349190633235	94
0.0788372273954201	0.792289323308424	41
0.00922283178368	0.702227695371774	41
0.10744865294754	1.41021996661582	53
0.0103024909568099	1.51849705288466	345
0.0695713930406601	1.13654446766521	150
-0.11208738761507	1.8306348797495	31
0.0744985790823101	0.802384111746821	31
0.0804385337646501	0.350678247521957	16
0.00418166025713007	0.6960114477778	94
-0.0923089966553201	0.613420184707873	1792
0.00578133942944992	0.701437381385898	1792
0.00903351477789993	0.703912965273071	94
0.08389724920787	0.35308024748219	1059
0.0776308377785999	0.353254771284329	13
0.07553062850853	1.37481504842572	345
0.11889219425018	0.901476792516519	263
-0.0941808257504899	0.611687473244139	31
-0.09219551471333	0.618497753906037	41
0.0684605052743901	0.81337810025322	41
0.08433154911069	0.353063396931639	41
0.0834626177679601	0.350627556007068	94
0.08389724920787	0.35308024748219	94
0.0832282411926699	0.353813253690907	1059
0.08476551775475	0.350479641287103	13
0.08389724920787	0.35308024748219	13
0.0891051819303099	1.33435758005465	16
-0.09724991215016	0.620538576333617	94
0.0742152212924401	0.803420011756519	94
0.08389724920787	0.35308024748219	94
0.07527554458188	0.799267645962436	13
0.08389724920787	0.35308024748219	44
0.0351935404666901	1.34801942652588	53
0.12036503665614	0.893039119148709	345
0.00599008323919992	2.03750456131009	345
-0.10176897557832	0.611896361107614	263
0.0780725558570901	0.355003538565994	120
-0.09347077887477	0.613680669788906	120
-0.09608258375009	0.618776512770065	44
-0.0916145031643001	0.617793207028816	53
0.0973480108998199	2.1804324724989	53
0.0788926188768899	1.37580779585479	105
-0.0999855936802101	1.46134626423879	150
-0.0916145031643001	0.617793207028816	94
-0.0909209163145599	0.611542143490278	10
0.08409384551661	0.351201143085869	324
-0.09219551471333	0.618497753906037	94
-0.0916145031643001	0.617793207028816	94
0.08476551775475	0.350479641287103	94
-0.0928897644795099	0.614114746971278	94
0.0832282411926699	0.353813253690907	13
0.078740328104	0.354268648704258	345
0.0832282411926699	0.353813253690907	31
0.0104293760021901	0.703858738136818	94
0.0834626177679601	0.350627556007068	13
-0.09150217198866	0.612233890669978	44
0.078740328104	0.354268648704258	44
-0.02032315179164	1.29901395112904	53
0.0836612084574	0.353796776180306	31
-0.0916145031643001	0.617793207028816	94
0.0789143178701599	0.790562965818323	324
-0.09347077887477	0.613680669788906	324
0.0827949434456099	0.351348125137152	324
0.08133311970863	0.350488964511777	324
0.0832282411926699	0.353813253690907	755
0.0836612084574	0.353796776180306	94
0.08476551775475	0.350479641287103	94
0.0864828896900201	0.351194977573717	44
0.08389724920787	0.35308024748219	1214
-0.09618985871708	0.610071653256099	53
-0.0916145031643001	0.617793207028816	53
0.08409384551661	0.351201143085869	150
0.00627599110210997	0.69434003917161	345
-0.1139579503216	1.66882921951657	345
0.11420808655238	0.911496489097478	31
0.0864828896900201	0.351194977573717	31
-0.02193681028804	1.30778106485524	10
0.0864828896900201	0.351194977573717	324
-0.0967729041327201	0.614408413911561	324
0.0776308377785999	0.353254771284329	755
0.0836612084574	0.353796776180306	13
0.00669652446234004	0.707661196276393	53
-0.0978339498415901	0.619225327990964	150
0.0147139121445801	0.699173586912727	263
-0.0967729041327201	0.614408413911561	364
-0.0931569217555299	0.611795257048078	324
0.0832282411926699	0.353813253690907	13
0.08389724920787	0.35308024748219	44
0.0780725558570901	0.355003538565994	1214
-0.05889305757907	0.983734344161503	899
-0.09666612351855	0.620394339358533	345
0.1210187370105	0.89238479689815	345
0.12029321940821	0.892215777584022	105
0.08433154911069	0.353063396931639	31
0.00669652446234004	0.707661196276393	667
0.078740328104	0.354268648704258	44
0.07292223437722	1.11717664126584	899
0.0633998235126601	1.76151028807488	150
0.0791830561319999	0.352341346328956	364
0.11412082887721	0.903869819774184	44
0.0780725558570901	0.355003538565994	44
-0.09724991215016	0.620538576333617	94
0.07123683929394	0.806823392203345	53
0.00740062394030994	2.4062233485162	53
0.0836612084574	0.353796776180306	53
-0.11345847367854	1.81145340204554	345
0.06838918469134	0.788756631870565	150
-0.09347077887477	0.613680669788906	31
0.00536437249286004	0.707841359547392	364
-0.08676987551219	1.23996663319031	10
-0.0973561980347199	0.615998685416403	667
-0.0923089966553201	0.613420184707873	120
0.0836612084574	0.353796776180306	94
0.0780725558570901	0.355003538565994	13
0.0836612084574	0.353796776180306	1214
0.01045232243546	1.06446333912022	345
-0.0622718523816299	0.991915508716717	345
-0.10104877172973	0.616167841129993	345
0.10770778920712	1.6368077003868	105
0.0864828896900201	0.351194977573717	31
-0.0965610047598	0.614270307458563	1554
-0.02193681028804	1.30778106485524	94
-0.00111671246134004	0.696360949402348	94
-0.10176897557832	0.611896361107614	44
-0.0881321923137699	0.608833221359507	53
-0.0973561980347199	0.615998685416403	150
0.00657677133893997	0.708596444931798	345
-0.0581093914284301	0.979756517816219	899
0.00736081115873999	1.0781295165083	150
-0.0665626576832601	1.85495831151425	150
0.0827949434456099	0.351348125137152	31
0.12203321691418	0.900260776259444	31
-0.09724991215016	0.620538576333617	263
0.08433154911069	0.353063396931639	1130
-0.0959769696768999	0.614124685638575	10
0.0780725558570901	0.355003538565994	755
0.0112768381303601	0.695105327502923	120
0.08389724920787	0.35308024748219	44
0.0834626177679601	0.350627556007068	44
0.08433154911069	0.353063396931639	44
0.01136587710673	1.51418595359465	53
-0.10236438094615	0.60118421410965	150
-0.0973561980347199	0.615998685416403	345
-0.08987726272824	0.611073422158008	345
-0.07684196324988	1.85806668114697	105
0.0808859977810901	0.352395520307134	985
-0.09103373816986	0.615768971195047	94
0.0864828896900201	0.351194977573717	44
0.01283910105078	0.692386346556702	53
0.07536955435158	0.803194144973092	53
-0.0923089966553201	0.613420184707873	345
-0.06083771488684	0.988925906712619	345
-0.0916145031643001	0.617793207028816	10
-0.09549929264778	0.614358764173469	667
-0.0916145031643001	0.617793207028816	44
0.08389724920787	0.35308024748219	44
-0.11462108538193	1.84142147354296	295
-0.0640690901435801	0.987754895605411	53
-0.11260081600621	1.83693719078219	150
0.00718254634096005	0.707225039828887	31
0.08692119774658	0.34863993750454	263
0.08433154911069	0.353063396931639	1130
-0.0887136352348199	0.610811455530862	168
0.00922283178368	0.702227695371774	468
-0.09103373816986	0.615768971195047	44
0.08433154911069	0.353063396931639	44
-0.09335827825194	0.616310037678989	44
-0.0579455797541899	1.79693259060532	345
-0.05732501364342	0.968583699856739	105
0.0667993454176099	1.13872976924644	10
-0.0939400306304701	0.611976144068858	10
0.06259797093915	0.808235471105153	667
0.0375182958929301	1.33807887745362	168
0.00536437249286004	0.707841359547392	168
0.12146904773249	0.906235300419804	10
0.07851393657289	0.353067612488471	468
0.0832282411926699	0.353813253690907	44
0.09384982009801	1.76085697104899	295
-0.0603213563539899	0.983278798921815	105
-0.01805763363387	1.2899586446029	31
0.11121023766142	1.41335114404066	1130
-0.0599665247761001	0.993250987996257	1130
0.0780725558570901	0.355003538565994	468
0.08389724920787	0.35308024748219	468
0.07355075495291	0.351767220057335	94
0.0834626177679601	0.350627556007068	94
0.0832282411926699	0.353813253690907	44
0.0459070302425599	1.5521018910633	150
0.10987631668946	1.6272632000277	345
0.0306433790789999	1.73427956086599	345
0.0715104461891301	0.808403036383753	1130
-0.0203047778219101	1.28257491973145	10
0.08409384551661	0.351201143085869	10
-0.0939400306304701	0.611976144068858	10
-0.09277677301109	0.618051447663223	10
0.00578133942944992	0.701437381385898	168
0.0832282411926699	0.353813253690907	754
0.08433154911069	0.353063396931639	44
0.0834626177679601	0.350627556007068	44
-0.0610605241225499	2.36759543842251	295
-0.0281572433984001	1.89553646633314	53
0.0722191269533199	0.799246661516754	150
-0.09347077887477	0.613680669788906	31
0.12489446206743	0.88643163507517	31
0.08520744672511	1.36303506295669	10
0.08389724920787	0.35308024748219	44
0.0358122025204399	1.34585626648409	53
-0.02528457119873	1.30777644948249	345
0.11886528148552	0.905083730417473	150
-0.09405204003525	0.611976336957259	105
0.0836612084574	0.353796776180306	105
0.10241877403135	1.42683675216989	10
0.11088930507636	1.18346069718306	94
0.0836612084574	0.353796776180306	468
-0.09277677301109	0.618051447663223	609
0.11952342593172	0.899931250237255	53
0.0469507266215501	1.5355030142688	150
0.08476551775475	0.350479641287103	10
0.1199934751523	1.38358016351394	168
0.00162598408125003	0.701772330265755	44
-0.06083771488684	0.988925906712619	44
0.04114826408591	1.32902404456837	53
0.0691001387586001	0.813126108172922	105
0.0687989353256999	1.11387711246018	105
-0.06140236215805	0.99300513240272	31
-0.11375538820227	1.65793218898939	10
0.0827949434456099	0.351348125137152	10
-0.0229641516160299	1.29698130139108	168
0.0834626177679601	0.350627556007068	94
0.078740328104	0.354268648704258	44
0.08433154911069	0.353063396931639	44
0.0934150377587699	1.7826077380391	295
0.06802112117152	1.13800965123276	105
-0.0965610047598	0.614270307458563	10
0.0666915791868099	0.80985855392892	10
0.0836612084574	0.353796776180306	44
0.078740328104	0.354268648704258	1610
-0.0949158648395601	1.25807204492455	609
0.01651864932002	1.04101449347788	150
-0.0208434065315899	1.29964963674776	168
-0.09666612351855	0.620394339358533	54
0.12082881814438	0.890469139078691	53
0.00211895916432003	0.705258444367387	53
-0.0916145031643001	0.617793207028816	53
0.0763363793363101	0.794186931039345	345
0.0147139121445801	0.699173586912727	345
-0.06949786121487	0.987393421506079	10
-0.0599665247761001	0.993250987996257	94
-0.0640788723994301	0.993551767450433	168
0.0153179267357999	0.697449713650545	168
0.00994773219203005	0.701094669601042	94
0.0827949434456099	0.351348125137152	94
0.0836612084574	0.353796776180306	44
0.0836612084574	0.353796776180306	44
0.08389724920787	0.35308024748219	609
-0.0896235524061699	1.23846296485241	53
0.12059158495965	0.909801949625513	53
0.00345470388112989	0.703270574873252	345
-0.09432018325055	0.613520052345093	31
0.078740328104	0.354268648704258	10
-0.09724991215016	0.620538576333617	10
-0.0897675300462	0.608843198209312	10
0.0834626177679601	0.350627556007068	565
0.00730287513802996	0.707456819805298	44
0.05329901490376	1.55772104257953	150
0.08080647194349	1.37701359638959	345
0.11811376876363	1.3964536382985	105
0.11740318907514	0.903467908525345	31
0.00982624422466993	0.703564758730261	31
-0.0928897644795099	0.614114746971278	31
0.00896459245824	1.06362748333552	10
0.0860442468296601	0.351212781854335	168
0.12482437414447	0.894485104169583	168
0.07258810142012	0.804621964886105	168
0.0110322273452701	0.703172030450348	609
0.08389724920787	0.35308024748219	54
0.05176772177789	2.09362790135983	53
0.03706641984572	1.92655722242616	345
0.11968835555518	1.17450046598241	345
0.07360367837838	1.37920154453263	345
-0.0210190665957499	1.30531952029394	105
-0.0918081873929799	1.25278586847908	31
0.11480513663222	0.905308090313747	31
0.0150125718602501	1.06338652538281	10
-0.0589418553766099	0.980927707910671	168
0.00994773219203005	0.701094669601042	10
-0.0979397406198499	0.616143769579578	10
-0.11957426638841	2.32280244169093	53
0.0173940209033601	1.50242505578164	53
0.11844076376357	1.17945944071566	345
0.00865711157770011	1.07515795399926	345
-0.0683519124504499	0.983634341137354	31
-0.09432018325055	0.613520052345093	31
-0.0946982934152101	1.24707825000633	31
-0.0909209163145599	0.611542143490278	94
0.0827949434456099	0.351348125137152	609
0.0706587358335999	0.810430966720215	53
0.0406258889645601	1.56634508670888	150
0.12232190850191	0.89756914086524	345
-0.01489724016562	1.83534768926848	278
-0.09724991215016	0.620538576333617	514
0.00620840405996992	0.697037495618062	10
0.01398913967898	0.6952585543999	10
0.0832282411926699	0.353813253690907	44
-0.0447540051969999	1.65812543805487	53
-0.10104877172973	0.616167841129993	345
-0.0916145031643001	0.617793207028816	345
-0.0453634591399501	1.49966261001507	345
0.0828325265713299	1.78686251892088	345
0.00930485350332999	1.07168275560454	31
0.0827949434456099	0.351348125137152	10
-0.09219551471333	0.618497753906037	10
-0.09103373816986	0.615768971195047	10
0.08433154911069	0.353063396931639	609
0.08409384551661	0.351201143085869	150
0.00514267918870992	1.0585232187215	345
0.11255358775528	1.17278267718503	10
0.00975818544148011	0.698465846268814	10
0.0780725558570901	0.355003538565994	10
0.0707320358388701	0.809601766261789	94
0.0032179537733199	0.691209004275132	345
-0.00230329258210005	1.06757979226239	345
-0.0923089966553201	0.613420184707873	345
0.0110322273452701	0.703172030450348	10
0.00645635824683	0.701593249342405	53
0.01826575778784	0.683990905354135	53
0.0626472424522799	1.14523407140945	345
0.0678977976153801	0.80613704200983	345
0.01007218733284	1.06270287254461	31
0.08409384551661	0.351201143085869	10
-0.09219551471333	0.618497753906037	10
0.10891867602329	1.40934768888258	10
0.0791830561319999	0.352341346328956	10
0.01398913967898	0.6952585543999	53
-0.06472803725711	0.990312397307883	345
-0.09608258375009	0.618776512770065	345
0.0836612084574	0.353796776180306	345
0.08433154911069	0.353063396931639	10
0.07536955435158	0.803194144973092	609
0.0808859977810901	0.352395520307134	877
0.0754378354312499	1.37569609519902	10
0.0780725558570901	0.355003538565994	10
-0.09549929264778	0.614358764173469	94
-0.0887136352348199	0.610811455530862	44
0.00718254634096005	0.707225039828887	44
-0.0922786925733401	1.24032805429373	53
-0.0925756457246401	0.607484812763164	53
0.11685618872363	0.889777341986197	53
-0.0621332455655901	0.994822077091375	10
-0.0912278269793301	1.24666240371552	514
-0.0651867911724799	0.991469216528065	10
0.0836612084574	0.353796776180306	10
0.0710171936739401	0.804973220213675	10
0.00200140820797001	0.698844656928281	345
-0.0992136037496001	0.609581784424797	345
0.0860442468296601	0.351212781854335	10
0.0856052688821001	0.348790501536787	10
0.0836612084574	0.353796776180306	10
0.0109089411691401	0.695901513001723	10
-0.05917993154577	0.98336961114668	10
-0.08743929287643	0.608294676926949	94
0.0836612084574	0.353796776180306	44
0.01379366076577	0.68968800109405	439
0.0756949908662801	0.349938837333761	10
0.0832282411926699	0.353813253690907	10
-0.0916145031643001	0.617793207028816	10
-0.0928897644795099	0.614114746971278	145
0.12236071735716	1.16166564121162	345
0.0832282411926699	0.353813253690907	10
0.0827949434456099	0.351348125137152	10
0.0643456588746001	0.805756481301044	10
0.00296221171974009	0.696442316739352	124
0.08433154911069	0.353063396931639	124
-0.0916145031643001	0.617793207028816	439
0.0836612084574	0.353796776180306	609
0.07829726163104	0.352528986232316	609
0.00956212242154009	1.06614306196617	53
0.0283982210201199	1.74256420670131	53
0.07379811390319	0.798525209966933	53
0.0725180932388201	0.805221045178736	145
-0.09103373816986	0.615768971195047	10
0.07829726163104	0.352528986232316	10
0.11945968454131	0.88471779171307	94
-0.0928897644795099	0.614114746971278	124
0.0864828896900201	0.351194977573717	439
0.0115815982820999	0.697842322721022	53
0.0115982094601701	1.05779737578792	10
0.0832282411926699	0.353813253690907	10
0.0864828896900201	0.351194977573717	609
0.08433154911069	0.353063396931639	145
0.01097407831254	0.699184310345392	345
-0.08569940160901	0.601354958601622	10
-0.09666612351855	0.620394339358533	10
0.0860442468296601	0.351212781854335	94
-0.0253307051851099	1.29924769182199	105
-0.0916145031643001	0.617793207028816	10
-0.10104877172973	0.616167841129993	124
0.06718031400025	0.810431726413051	609
0.07829726163104	0.352528986232316	439
-0.10104877172973	0.616167841129993	145
-0.09724991215016	0.620538576333617	94
0.01055143678902	0.702426814420434	94
0.0864828896900201	0.351194977573717	124
-0.09277677301109	0.618051447663223	44
-0.0949021690765199	0.612243556582767	129
-0.10504744276694	1.46504110253455	345
0.0945777533479999	1.96006803367318	150
-0.10341114237861	1.45202306636168	20
0.0593101572671599	1.12317869035328	31
0.03778308240618	1.33037025319162	10
0.0700185772733399	0.810683475575259	1196
0.11081748652299	0.906752619183692	10
0.06425384599989	1.13702616505622	10
0.0746387612727899	0.800991151576137	10
0.0129001795475701	0.698247325104614	10
-0.0594013798915301	0.979104300800655	80
0.08433154911069	0.353063396931639	80
-0.09150217198866	0.612233890669978	124
0.08389724920787	0.35308024748219	44
-0.09103373816986	0.615768971195047	727
0.0584871164821099	1.13655874458145	53
0.0677946441014201	1.14020659754584	53
-0.10176897557832	0.611896361107614	53
0.00809559885464006	0.687628300492811	53
0.00578989091198001	1.07867054684356	53
0.07201505187611	0.812557029821792	53
-0.0972952740461099	1.25180173941687	53
0.0170551297416399	0.686313877683988	53
-0.09724991215016	0.620538576333617	53
-0.09335827825194	0.616310037678989	53
0.0836612084574	0.353796776180306	345
0.00418166025713007	0.6960114477778	345
0.0832282411926699	0.353813253690907	10
0.08409384551661	0.351201143085869	10
-0.10666320141529	0.607008754817775	10
0.0780725558570901	0.355003538565994	10
0.0836612084574	0.353796776180306	124
0.08389724920787	0.35308024748219	129
-0.0588044075736101	0.992077247550857	53
0.00791306086183008	1.08352836406108	345
0.0750500009319	0.791413944488004	150
-0.0560716197540401	0.981816492548553	20
0.12149965456854	0.895344574496158	10
0.0832282411926699	0.353813253690907	80
0.08389724920787	0.35308024748219	124
0.078740328104	0.354268648704258	727
0.0756949908662801	0.349938837333761	129
0.05648142643417	1.5434545725014	53
0.10084350083874	1.63750918944678	53
0.11028020904187	0.906863334362181	186
0.02504876599475	1.34420774306995	150
0.00657677133893997	0.708596444931798	150
0.08476551775475	0.350479641287103	80
0.0827949434456099	0.351348125137152	80
0.07851393657289	0.353067612488471	80
0.0369727292458399	1.34147620299987	44
0.0674403122373299	1.12662096572218	51
-0.09144853847851	1.24267620794449	53
0.00406370570471992	0.700904181245588	53
-0.0928897644795099	0.614114746971278	150
0.0808859977810901	0.352395520307134	751
0.0836612084574	0.353796776180306	10
0.0706587358335999	0.810430966720215	80
0.08409384551661	0.351201143085869	80
0.08476551775475	0.350479641287103	124
0.11787058095108	0.906630645474784	44
0.0832282411926699	0.353813253690907	44
0.0791830561319999	0.352341346328956	44
0.08389724920787	0.35308024748219	727
0.00597071346676992	0.708800590608696	53
0.0710431479826701	1.94077803258964	53
0.07527554458188	0.799267645962436	53
0.08389724920787	0.35308024748219	53
0.0836612084574	0.353796776180306	53
0.06738397576572	1.14003349956995	20
-0.0923089966553201	0.613420184707873	150
0.0832282411926699	0.353813253690907	751
0.0791830561319999	0.352341346328956	629
-0.09143201568578	1.25753269129631	53
-0.0992020450376701	1.43858209480226	53
0.06825250402379	0.79524042306818	51
-0.0937384342038099	0.613375843518545	1331
0.08409384551661	0.351201143085869	20
-0.0955530651837499	2.19043107356008	20
0.0832282411926699	0.353813253690907	20
0.08433154911069	0.353063396931639	751
0.0724339853195399	0.352653927554354	629
0.0836612084574	0.353796776180306	44
0.08476551775475	0.350479641287103	727
0.00802918611457004	0.700047016677192	20
0.01278085238875	0.695655727906681	150
0.0732252329218099	0.804852636321753	20
-0.0547780430290901	0.980208856010286	20
0.08433154911069	0.353063396931639	129
0.01236086606151	0.700301842815124	53
0.0836612084574	0.353796776180306	750
0.0836612084574	0.353796776180306	20
0.0832282411926699	0.353813253690907	20
0.0836612084574	0.353796776180306	10
-0.06240897703722	0.993719719539714	44
-0.05681863793973	0.975833873786833	44
0.0836612084574	0.353796776180306	44
0.0029554442064299	1.07728960892201	129
-0.0904532195360801	0.611051409929825	53
-0.0979397406198499	0.616143769579578	20
0.0153179267357999	0.697449713650545	20
-0.0924350917475301	0.611238788536847	20
0.10955408018644	1.82410958959878	20
0.078740328104	0.354268648704258	20
0.0832282411926699	0.353813253690907	20
0.0772834752442999	0.800951873092363	124
0.0684605052743901	0.81337810025322	124
0.08476551775475	0.350479641287103	44
0.0864828896900201	0.351194977573717	124
0.00712845933084005	1.07530908390536	51
0.0779625401520101	0.775981291571737	53
0.1130487139007	1.18770289062448	20
-0.09724991215016	0.620538576333617	10
0.0131905763825499	1.07332456841573	51
0.01278085238875	0.695655727906681	1331
-0.09103373816986	0.615768971195047	20
-0.09666612351855	0.620394339358533	20
0.0348543057068	1.32853351068155	129
0.00921206481818992	1.08167234269878	53
0.07010559793511	0.809781259179323	51
0.00402087223432002	1.07872141043447	186
0.11619423329754	0.906765034876223	20
0.10989110051651	1.18713718517043	20
-0.0335199979465199	1.47401845046049	10
-0.0881321923137699	0.608833221359507	10
-0.09277677301109	0.618051447663223	44
0.0189997133300399	1.88521390589914	51
0.11834072239969	0.897547779819093	1331
0.0719951726764101	1.37428383235634	20
0.0737223370926801	0.80191734477436	20
0.0907177701297901	1.78779483732625	80
-0.0973561980347199	0.615998685416403	80
-0.09347077887477	0.613680669788906	124
0.0836612084574	0.353796776180306	124
-0.0959769696768999	0.614124685638575	44
0.0767838241344701	0.802229667271617	129
0.0276391692553	2.07733615338463	53
-0.11266152114742	1.82604319166137	20
-0.0906178438758001	1.23329176168058	20
0.00585087559932007	0.702940541318399	20
-0.09347077887477	0.613680669788906	20
0.12138435658366	1.16058375689133	80
0.08433154911069	0.353063396931639	80
0.0832282411926699	0.353813253690907	181
-0.0916145031643001	0.617793207028816	181
0.12185085110887	0.900087491292218	129
0.03235425641157	1.72986384043838	1331
-0.0924350917475301	0.611238788536847	20
-0.0924350917475301	0.611238788536847	80
0.0832282411926699	0.353813253690907	181
0.0827949434456099	0.351348125137152	181
0.01109801679881	1.53350582343908	20
0.068118206958	0.800196867555153	124
-0.09033990737278	0.609563942842024	181
0.11121325478461	1.41841197355158	1331
-0.0161360103328101	1.28833291228557	20
0.0907012764888999	1.56926255021563	80
0.00536437249286004	0.707841359547392	80
0.0864828896900201	0.351194977573717	44
0.01376535249953	1.51889423887594	53
0.02178607408855	2.45040276018769	20
0.0804087486141301	2.1177058256311	20
-0.0201526123593401	1.29176777932662	273
0.107653387269	1.18629042879298	273
0.00597071346676992	0.708800590608696	80
0.00948121904635002	1.079712115028	44
0.0780725558570901	0.355003538565994	181
-0.0668476268512099	1.99740071465842	53
0.01907523135302	1.50297072046757	20
0.04169866878394	1.31399947122049	20
0.04505203230788	2.47974370294925	20
0.00427177055662997	2.01149916229092	80
0.01310565589863	1.90490335061986	80
0.0791830561319999	0.352341346328956	80
0.00891233597705998	1.53833111951453	20
0.0795015651958899	1.92501569692692	20
0.08538023036697	1.78636270648971	80
-0.0928897644795099	0.614114746971278	124
0.07829726163104	0.352528986232316	181
0.08634290172044	1.58591945793817	20
0.08409384551661	0.351201143085869	124
0.0384824270277	1.33673674985476	181
0.0776308377785999	0.353254771284329	206
-0.0965610047598	0.614270307458563	80
-0.08340184083881	1.22412619137712	80
-0.0189789152790301	1.29502271254098	11
0.11314306922811	1.37777897575994	145
-0.0937384342038099	0.613375843518545	145
0.08389724920787	0.35308024748219	20
0.0860442468296601	0.351212781854335	20
0.06008269991877	1.1288677903054	20
0.0670553996524501	2.30302927579281	206
0.10720495601446	1.19091975534651	11
0.07851393657289	0.353067612488471	145
0.0804385337646501	0.350678247521957	20
0.0832282411926699	0.353813253690907	20
0.0808859977810901	0.352395520307134	80
0.0836612084574	0.353796776180306	206
0.1183113674712	2.39823110930844	51
-0.02053225854674	1.29622103405627	1374
-0.07993796054522	2.19315056486031	80
-0.06903105695488	0.990923192185856	20
-0.09666612351855	0.620394339358533	124
-0.0910807873728901	1.25069438376435	1331
0.07377316363398	1.39073724250145	20
0.08409384551661	0.351201143085869	20
0.0136034257428199	1.06897496802592	20
0.0832282411926699	0.353813253690907	80
0.08433154911069	0.353063396931639	80
-0.10909869805148	1.46878757450775	80
0.0751347942478999	0.799505529763694	80
0.0740016722960399	0.801720635520109	80
0.0104293760021901	0.703858738136818	80
0.0738620587246801	0.804119704321546	124
0.08692119774658	0.34863993750454	325
-0.0939785664664801	1.24539805739139	53
0.0666915791868099	0.80985855392892	51
-0.08987726272824	0.611073422158008	20
-0.0886029164092501	0.610961857710409	20
0.0832282411926699	0.353813253690907	20
-0.10847637795994	1.45753558335409	80
0.00773698011753998	1.06934783599594	325
0.0827949434456099	0.351348125137152	124
0.00970410137268995	0.698283297995914	53
-0.0353053472199001	1.49088508492341	51
-0.10091292852141	0.611039951703031	171
0.0659088688182401	0.813014179346868	20
-0.0624105455339901	0.979453793139501	196
0.07851393657289	0.353067612488471	80
0.078740328104	0.354268648704258	124
0.00851472738096004	0.703304563289465	664
-0.0923089966553201	0.613420184707873	664
0.0836612084574	0.353796776180306	664
0.06655152533662	0.812138995887121	1331
0.08433154911069	0.353063396931639	20
0.11787132595663	0.897673318139545	20
-0.08802098097738	0.610270591097221	20
0.11929023505637	0.911455355378966	20
0.07829726163104	0.352528986232316	20
0.078740328104	0.354268648704258	80
0.0114262918382699	1.07709110685846	80
0.05971984561126	1.13841861079444	325
-0.0160115342537399	1.2874904826653	124
0.0832282411926699	0.353813253690907	11
0.00490504628128008	1.08069841266601	664
0.00798521354411008	1.52686499809557	1331
0.08389724920787	0.35308024748219	20
0.11369694528766	0.911007846022319	196
-0.0901933753748301	1.24563485800709	80
0.0657692905365299	0.811636735407365	11
0.08389724920787	0.35308024748219	664
0.06707955686281	1.13072918354291	20
-0.09219551471333	0.618497753906037	80
-0.09277677301109	0.618051447663223	80
0.0832282411926699	0.353813253690907	11
0.0864828896900201	0.351194977573717	11
0.01073733794443	0.696594005471894	11
-0.0979397406198499	0.616143769579578	664
-0.01965117488577	1.67376589519099	1331
-0.0979397406198499	0.616143769579578	1331
-0.09150217198866	0.612233890669978	20
0.0730991474651299	0.35193723773765	53
-0.09103373816986	0.615768971195047	664
0.0249602504153901	1.95179268698753	20
0.12066065387604	0.896635397945411	399
0.0864828896900201	0.351194977573717	124
-0.0692401727093901	1.84272724588445	53
0.11964267921058	0.895033124239991	20
0.0163889985969801	1.50838812120214	20
0.11776231320353	0.91028730341368	20
0.08389724920787	0.35308024748219	204
0.0129634484088701	0.697244550840861	124
0.1115139440304	0.910047997286491	124
0.08409384551661	0.351201143085869	124
0.01030666125311	0.697605948569435	664
0.08433154911069	0.353063396931639	20
0.0808859977810901	0.352395520307134	20
-0.10104877172973	0.616167841129993	196
-0.0923089966553201	0.613420184707873	20
0.0864828896900201	0.351194977573717	124
0.0540612276464001	2.10882165079266	53
-0.11996108339682	1.82439417589066	51
-0.10235219210551	0.612917741253239	664
0.00790894270036002	0.706088714274295	1331
0.0746387612727899	0.800991151576137	20
0.0832282411926699	0.353813253690907	20
0.00645635824683	0.701593249342405	80
-0.09539318363741	0.612542589853197	20
0.078740328104	0.354268648704258	124
0.0220734786003201	1.72855185027701	1331
0.07385983284353	1.37804584151165	20
0.08433154911069	0.353063396931639	20
-0.0923089966553201	0.613420184707873	206
-0.11364628611918	2.11976671116421	1331
0.0144753690792501	1.86767141165932	20
-0.0970917715594799	1.25180364388677	20
-0.0762199406461099	0.976917219153962	124
-0.09033990737278	0.609563942842024	53
-0.00245557976477007	0.692827331873195	664
-0.09666612351855	0.620394339358533	664
0.0751273517498301	1.38199750968224	20
0.07827431282654	0.789386376609351	20
-0.09301676632011	0.612817542355038	20
-0.09103373816986	0.615768971195047	20
0.08409384551661	0.351201143085869	20
0.0737223370926801	0.80191734477436	20
-0.0967729041327201	0.614408413911561	20
0.00406370570471992	0.700904181245588	20
-0.0886029164092501	0.610961857710409	261
0.08409384551661	0.351201143085869	206
-0.0979116411507499	0.609718281368245	664
0.07640631001514	0.78726490809467	20
0.0115815982820999	0.697842322721022	20
0.0113669039191799	1.06328445054537	20
0.0832282411926699	0.353813253690907	325
0.0860442468296601	0.351212781854335	124
0.08476551775475	0.350479641287103	124
0.0708652676884101	1.39063196238348	53
0.08692119774658	0.34863993750454	664
-0.0931569217555299	0.611795257048078	145
0.08476551775475	0.350479641287103	20
0.08692119774658	0.34863993750454	20
-0.09454065711365	1.25534910303944	20
-0.0629195262981399	0.994103525765876	20
0.00357207901066992	0.69686629364318	124
0.00970410137268995	0.698283297995914	1767
-0.0556981208360601	0.971801008897424	53
-0.09618985871708	0.610071653256099	664
0.0147139121445801	0.699173586912727	20
0.0728842294822201	0.352484021879961	20
-0.05526524784575	1.67591949414019	20
0.01278085238875	0.695655727906681	20
0.0776308377785999	0.353254771284329	325
-0.09405204003525	0.611976336957259	1767
0.0836612084574	0.353796776180306	124
-0.08749048587008	2.35429636454245	1331
0.0324543669772701	1.33580631742379	20
0.0836612084574	0.353796776180306	124
0.06854166841415	1.12956450887564	51
-0.0959769696768999	0.614124685638575	145
0.0697394644826701	0.811763421183715	1767
-0.0967438760355701	0.604862895783727	664
0.06937811025242	0.809832541524569	20
0.0730860797128301	0.803649011004693	20
-0.0929994947655699	1.2466031119633	20
0.0836612084574	0.353796776180306	20
0.00964944747230989	1.50672126156732	20
-0.0341638063537	1.47931481010664	20
0.07088882451993	0.80218399101681	20
0.11727599399832	1.17803269119831	53
0.07213810487096	1.38326832208484	1331
-0.0401659674902199	1.62683416328713	20
0.0832282411926699	0.353813253690907	20
0.0776308377785999	0.353254771284329	20
-0.0923089966553201	0.613420184707873	20
0.0780599921227001	0.79976258649218	51
0.0618126089251401	0.807730885591403	1331
-0.09103373816986	0.615768971195047	20
0.0832282411926699	0.353813253690907	196
0.08433154911069	0.353063396931639	20
0.0109089411691401	0.695901513001723	394
0.0832282411926699	0.353813253690907	394
0.04945579554577	1.89188847294453	53
0.05526942845181	2.11151653927734	51
0.07851393657289	0.353067612488471	664
0.0728842294822201	0.352484021879961	1331
0.0644841903822699	0.812153909400141	1331
-0.0923540689853899	1.2436274451852	20
0.00657677133893997	0.708596444931798	124
0.08409384551661	0.351201143085869	149
0.0832282411926699	0.353813253690907	149
-0.0979116411507499	0.609718281368245	51
0.12322970714519	0.884679407987781	20
-0.0685227582015799	1.83575022054243	20
0.0679369784219399	1.14020778709225	20
-0.0869208060962401	1.22302523934515	196
0.00650691141718007	0.696066029983157	20
-0.09359867759413	0.612961886169683	20
0.0130871430442201	0.693015145511418	20
0.08433154911069	0.353063396931639	325
-0.09666612351855	0.620394339358533	20
0.0580326040946	1.12917081103555	20
0.11535714991126	0.898991758278324	20
0.0776308377785999	0.353254771284329	20
0.00284541649258996	0.704140949251989	149
0.1068455915071	1.19167670368962	51
0.00602584929039995	1.07302701504357	20
0.00645635824683	0.701593249342405	149
0.00211895916432003	0.705258444367387	124
0.00524511032474995	0.703145709867307	149
0.01004385156928	0.686824659964871	664
0.00657677133893997	0.708596444931798	51
0.00982624422466993	0.703564758730261	20
0.0728842294822201	0.352484021879961	20
0.08389724920787	0.35308024748219	1278
-0.09103373816986	0.615768971195047	394
-0.10104877172973	0.616167841129993	149
0.0832282411926699	0.353813253690907	53
0.0728842294822201	0.352484021879961	53
0.0832282411926699	0.353813253690907	53
0.08433154911069	0.353063396931639	20
-0.0581556975487501	0.988364204562048	51
-0.08987726272824	0.611073422158008	20
0.0166472180886299	0.689077272966174	1278
0.06321012953199	1.14540998580405	20
0.12203321691418	0.900260776259444	797
0.08389724920787	0.35308024748219	687
-0.06140236215805	0.99300513240272	687
-0.0924536242902401	1.25072436831461	20
-0.0580248483802499	1.64187947377801	20
-0.0936451885107099	1.24816574599041	20
0.08389724920787	0.35308024748219	687
0.11129833118344	1.42138499862553	51
0.0628386685169899	1.76447743700694	51
-0.09277677301109	0.618051447663223	797
-0.09665699950076	1.45294128786418	20
-0.05953864931199	0.983969194868589	20
0.0476315966557099	1.55994869557989	20
-0.0580177851477901	0.990591737631856	196
0.0780599921227001	0.79976258649218	20
0.11637906519933	0.909683130031306	20
0.08389724920787	0.35308024748219	797
0.0740016722960399	0.801720635520109	149
0.03786437661937	1.33888028723718	483
-0.0239336118162701	1.30970480629417	20
-0.06329261488489	0.989509642701979	20
0.01778474773824	1.50106881363855	20
0.0832282411926699	0.353813253690907	325
-0.10176897557832	0.611896361107614	48
0.0804385337646501	0.350678247521957	48
-0.0169027918745199	1.71399282365662	20
-0.0399352258322301	2.06260588570431	51
0.00223584330430993	0.703699252566211	797
0.11554135732023	0.908129969017246	149
-0.0959769696768999	0.614124685638575	325
-0.09208367458944	0.611803851881616	325
-0.08987726272824	0.611073422158008	20
-0.0909209163145599	0.611542143490278	20
-0.0916145031643001	0.617793207028816	20
0.0836612084574	0.353796776180306	325
0.06885192146701	1.13412445595722	20
-0.10104877172973	0.616167841129993	20
-0.10056306983349	1.44721957684625	51
-0.0967729041327201	0.614408413911561	51
0.07742206137126	0.801496231551793	51
0.0113437033088399	0.690916695141907	20
0.0860442468296601	0.351212781854335	20
0.08433154911069	0.353063396931639	292
0.00873529079231994	1.05395559214339	927
0.00545809140412001	1.53203033411194	20
0.00657677133893997	0.708596444931798	292
0.0836612084574	0.353796776180306	797
0.07829726163104	0.352528986232316	325
0.10899529765407	1.18676697543769	48
0.00952375714220999	0.700670918992634	51
0.11332431347981	0.911139768237677	20
-0.10546621824092	1.4590918884018	20
0.078740328104	0.354268648704258	325
-0.09277677301109	0.618051447663223	20
0.11703204334706	0.908312684829938	20
-0.0973561980347199	0.615998685416403	797
0.11693195757458	0.89949731334937	53
0.0718776205548599	0.806568722051016	51
0.08409384551661	0.351201143085869	51
0.08433154911069	0.353063396931639	51
0.0776308377785999	0.353254771284329	20
0.08389724920787	0.35308024748219	20
0.0860442468296601	0.351212781854335	20
0.0110322273452701	0.703172030450348	20
-0.0622718523816299	0.991915508716717	20
0.078740328104	0.354268648704258	292
0.0836612084574	0.353796776180306	292
0.0832282411926699	0.353813253690907	797
0.0832282411926699	0.353813253690907	48
0.10326467517674	1.43152722328379	48
-0.0314938947269501	1.44778202625393	53
-0.0973561980347199	0.615998685416403	51
0.0405145159720399	2.47207638854009	1331
-0.0973561980347199	0.615998685416403	297
0.01451810602768	0.689310510452457	297
0.0860442468296601	0.351212781854335	51
-0.08511678285429	0.600681856135888	20
0.05787024026411	0.801420505147732	20
0.0780725558570901	0.355003538565994	292
0.01604319194433	0.692066891470276	797
0.08409384551661	0.351201143085869	797
0.1175075011157	0.889956179413023	20
0.11977368193746	0.90001918978097	20
-0.0601027614532901	0.995147704138131	549
-0.0886029164092501	0.610961857710409	325
0.08433154911069	0.353063396931639	648
0.11256454384831	1.39944593748235	48
0.00873529079231994	1.05395559214339	51
-0.0221431430321299	1.88219245879298	20
-0.0881321923137699	0.608833221359507	167
0.0836612084574	0.353796776180306	299
0.0832282411926699	0.353813253690907	48
0.0368836804502499	1.94931667079378	20
-0.09219551471333	0.618497753906037	797
-0.09219551471333	0.618497753906037	325
0.08133311970863	0.350488964511777	648
0.09701316710677	1.65045332110436	51
0.01030666125311	0.697605948569435	1595
-0.0881321923137699	0.608833221359507	424
0.0126911925572299	0.689938780731451	424
0.08409384551661	0.351201143085869	325
0.10838429761296	1.63096316554373	20
0.10828621134695	2.34970448086038	20
0.12153583055988	1.58161639909643	20
0.03509646157312	1.95035445888702	20
0.12119876877024	0.89988833024278	1595
0.0789935402004101	1.37461984319744	51
0.11216608157696	0.910364631450639	20
0.11392478185091	0.910159932900362	106
0.0110322273452701	0.703172030450348	797
-0.0941808257504899	0.611687473244139	48
0.08389724920787	0.35308024748219	48
-0.0259845976733999	2.01708084825526	297
-0.09277677301109	0.618051447663223	424
0.06321012953199	1.14540998580405	48
0.01030666125311	0.697605948569435	53
0.0104293760021901	0.703858738136818	48
0.078740328104	0.354268648704258	48
0.0673018315749701	0.795047890667544	20
0.0737606262819901	2.40812686045789	20
-0.0192954375132299	1.30292011941964	424
0.0090650320233101	1.07558068865994	325
0.12232190850191	0.89756914086524	48
-0.09184197069665	1.21204580238139	48
-0.09486907868499	1.25240718563587	48
-0.0961758044166701	1.24479501543035	48
-0.12010404134359	1.83468096590433	1595
-0.09724991215016	0.620538576333617	325
-0.08599300538304	2.48578227965312	51
0.0336053561024301	1.33678657217482	112
-0.0613462471250199	0.990758289758942	48
0.12250264054573	0.899315905325356	48
-0.0624105455339901	0.979453793139501	48
0.0157994631259799	0.68471216599104	53
-0.0574638604395299	0.97839561785555	20
-0.08973587574445	1.23564763947641	20
0.0720792429950501	0.800218554091245	1595
0.0727265763240099	0.80027627426747	48
-0.0274208986876401	1.29844238440695	51
-0.000389285388209926	0.695279150119981	297
-0.09272227816789	1.25793020476177	1595
0.12427458918617	0.896728214685453	51
-0.05913046103903	1.82203691928307	483
0.0651268956102	0.812510353286056	20
-0.09666612351855	0.620394339358533	20
0.00790894270036002	0.706088714274295	112
0.11323470036652	1.41725688546005	1595
0.0832282411926699	0.353813253690907	48
-0.0402129743075099	2.29483587888184	20
0.11295929474952	1.39324398279958	112
-0.01369716483793	1.70900571673682	1595
-0.0916145031643001	0.617793207028816	48
-0.09277677301109	0.618051447663223	48
0.0836612084574	0.353796776180306	20
0.10768139349727	0.902237962496498	112
-0.12324908309179	2.00190148165806	51
0.078740328104	0.354268648704258	20
0.08476551775475	0.350479641287103	20
-0.09103373816986	0.615768971195047	244
0.0702382033446001	0.798339740448235	51
0.00272944580728995	1.5383658403242	20
0.00970410137268995	0.698283297995914	112
-0.0973561980347199	0.615998685416403	112
0.07829726163104	0.352528986232316	48
0.0832282411926699	0.353813253690907	48
0.08433154911069	0.353063396931639	244
-0.02050319907969	1.29174264525725	112
-0.0427671201119799	1.48340675778165	48
0.06448748406593	1.14489438127093	20
-0.0733558652692099	2.15918217889008	20
0.0125217076408299	1.88531824989088	106
0.00889039824101001	1.07524163441126	1595
-0.07573204954699	1.87208533872693	167
0.0732968316882501	0.81093634738419	48
0.01348559814437	1.88671367601004	139
-0.00262217602633008	1.66035411445462	112
0.11192855153676	1.19528885898273	244
0.12138073725447	0.899061285148653	112
0.0312923077120699	1.7341465407904	1595
0.0860442468296601	0.351212781854335	48
0.0860442468296601	0.351212781854335	48
0.06102799051359	0.801096473142408	48
0.06526590177708	0.81265577983269	48
0.11102368512984	1.17861397947151	106
-0.06633935141268	0.97667678912886	167
-0.01440108709415	2.36324041181363	20
0.10513534415858	1.19490031976921	244
0.00505596293133004	0.697522068554393	167
0.0832282411926699	0.353813253690907	48
0.0840878095994599	1.36220260563241	112
0.09034345877261	1.79524288118244	53
0.00637772863082997	1.08186851215131	297
0.04905825866077	1.55564284898274	167
0.078740328104	0.354268648704258	48
-0.0879716174171199	1.23976528699005	139
0.0617064981673701	1.13784129675332	20
0.11693195757458	0.89949731334937	20
0.06336556163637	0.790545598578881	167
0.07129858619001	0.809074291634371	48
-0.00264630410962008	1.65887970801586	483
-0.0881321923137699	0.608833221359507	20
0.08433154911069	0.353063396931639	20
0.0667993454176099	1.13872976924644	112
0.0133851366859401	0.695935558285364	53
-0.07336903440132	1.85663349064668	20
0.07498270204943	1.39140948666387	20
0.11392478185091	0.910159932900362	20
0.01175800349477	0.702033602041528	20
0.0836612084574	0.353796776180306	106
0.0740016722960399	0.801720635520109	112
-0.0591348740423201	0.969785345549882	20
0.08433154911069	0.353063396931639	167
0.04053055351477	1.33164179053058	48
0.11507222685977	0.909152368291008	20
0.12148071972462	2.44770020043822	112
0.00736081115873999	1.0781295165083	167
0.08389724920787	0.35308024748219	48
0.00930485350332999	1.07168275560454	139
0.0836612084574	0.353796776180306	106
-0.0559054995746999	1.69344673810531	112
-0.1029389970549	1.63241019829833	167
0.00759358396377996	1.07573819730769	48
0.11460223785344	0.902191436356046	20
-0.0632394042593101	0.995242010220742	483
0.00490504628128008	1.08069841266601	20
0.00922283178368	0.702227695371774	20
0.00964130894818993	0.704860684831408	1250
-0.08873757522219	1.24896429137986	167
0.08433154911069	0.353063396931639	48
0.07745081249167	1.10037938978655	53
0.06328468134961	0.800750836072293	139
-0.0646199134902601	1.82980039620286	20
-0.0409148448146399	1.50727519424749	1250
0.06461663746178	1.13718568451233	167
0.12445625376209	0.89057345733407	53
-0.08949793471785	1.23416464524682	20
0.00490504628128008	1.08069841266601	139
0.1127339820632	1.4199064001527	20
-0.08802098097738	0.610270591097221	106
-0.0897591449691799	0.604959490270799	112
0.12211929784637	0.903700479169681	112
0.0732968316882501	0.81093634738419	48
0.0836612084574	0.353796776180306	48
0.0850488100037901	1.78534179743285	20
-0.0917284752082601	0.611431331899186	823
0.00657677133893997	0.708596444931798	106
0.07811581218461	1.87884103536757	20
0.06324338309011	0.806548061154166	20
0.00824212735557994	1.07609897669877	167
0.0860442468296601	0.351212781854335	48
-0.09170891097302	1.2390950099181	244
-0.0594534287892801	0.994276966471868	1250
0.0510886744214001	2.11862232245391	139
-0.06600338763433	0.995722523650986	112
0.08389724920787	0.35308024748219	48
-0.0484571448355999	1.67418777825091	1250
-0.0986797002370501	1.44458904627567	1250
-0.08987726272824	0.611073422158008	167
-0.0904532195360801	0.611051409929825	48
-0.0202778147296201	1.29331665746717	48
-0.0789595423371601	2.01406728001746	139
0.07829726163104	0.352528986232316	112
-0.0638882381789201	0.995474313782076	167
0.0836612084574	0.353796776180306	167
0.08692119774658	0.34863993750454	48
-0.09539318363741	0.612542589853197	106
-0.0128083745596199	1.28062277196326	167
-0.07851428708692	2.02035489833326	167
-0.10104877172973	0.616167841129993	48
0.0805217659517301	1.80746199995186	112
-0.01548672769458	1.83725213882699	167
-0.08743929287643	0.608294676926949	244
0.0793349351869199	0.792505002101434	139
0.00657677133893997	0.708596444931798	112
0.08409384551661	0.351201143085869	112
0.0832282411926699	0.353813253690907	48
-0.0985235320845901	0.61485941773147	48
0.11761771908822	0.909754976742252	410
0.0582731099379401	1.77484967219753	410
0.08409384551661	0.351201143085869	112
-0.0909209163145599	0.611542143490278	167
-0.05926420451776	0.965948090492528	167
0.0836612084574	0.353796776180306	48
0.0832282411926699	0.353813253690907	112
-0.09277677301109	0.618051447663223	112
0.0093758215031301	1.53567497817834	167
-0.0870860334875101	1.21159657455359	1250
-0.0973561980347199	0.615998685416403	139
0.0079737031179199	1.06819805217508	483
-0.0973561980347199	0.615998685416403	167
-0.0590309773429401	0.981676613538093	1250
-0.0916145031643001	0.617793207028816	1250
0.0334168510503201	1.34717292075353	48
0.0654287598073999	1.95930691428786	20
0.0836612084574	0.353796776180306	48
-0.09381903888695	1.24726670560357	48
0.01004385156928	0.686824659964871	410
0.05360460329269	1.53285877413355	167
0.0700185772733399	0.810683475575259	112
0.09357255161231	2.28290559893985	139
-0.0191734304925499	1.29449552017439	410
-0.00465555483397995	2.07586370483673	410
0.0139022116396701	1.06572140033629	20
0.10621934855057	1.1913485023978	112
0.00284541649258996	0.704140949251989	48
-0.0909209163145599	0.611542143490278	112
0.0738620587246801	0.804119704321546	1250
0.07851393657289	0.353067612488471	48
0.08133311970863	0.350488964511777	48
0.08692119774658	0.34863993750454	48
-0.0923089966553201	0.613420184707873	48
-0.09608258375009	0.618776512770065	51
0.08133311970863	0.350488964511777	51
0.08433154911069	0.353063396931639	48
0.0755064291855401	0.800775126662053	48
-0.06679283532866	0.994991248723921	48
-0.09277677301109	0.618051447663223	48
-0.11123984598523	1.45945299092067	51
0.0832282411926699	0.353813253690907	1713
0.08433154911069	0.353063396931639	1713
0.0640690359639999	0.80633025897992	48
0.0125628181880399	1.50406900294721	139
0.08433154911069	0.353063396931639	51
0.00524511032474995	0.703145709867307	20
0.0827949434456099	0.351348125137152	48
0.08389724920787	0.35308024748219	320
0.08433154911069	0.353063396931639	48
-0.0916145031643001	0.617793207028816	51
0.08692119774658	0.34863993750454	139
0.08737645892686	1.34939918281589	51
0.07851393657289	0.353067612488471	410
-0.08929532530804	0.611503303249929	20
-0.0979397406198499	0.616143769579578	1741
0.00748340034189998	0.685810145930756	48
0.06790392343784	1.13338645514486	139
-0.0928897644795099	0.614114746971278	167
0.0607302945075801	1.14392446581468	1741
-0.0925756457246401	0.607484812763164	139
-0.09724991215016	0.620538576333617	1741
0.08389724920787	0.35308024748219	1535
-0.0990803604434001	0.60560593639579	48
0.0836612084574	0.353796776180306	48
0.01030666125311	0.697605948569435	53
0.00645635824683	0.701593249342405	51
0.08433154911069	0.353063396931639	1741
0.08476551775475	0.350479641287103	320
0.07355075495291	0.351767220057335	1535
0.0836612084574	0.353796776180306	48
0.08433154911069	0.353063396931639	266
0.0836612084574	0.353796776180306	410
-0.09432018325055	0.613520052345093	1741
0.0668775115475999	1.1423901402087	48
-0.06356751069976	0.994969968215826	1535
0.0836612084574	0.353796776180306	48
-0.0629195262981399	0.994103525765876	53
0.0671938715907301	0.809947528103927	114
-0.0959769696768999	0.614124685638575	114
0.0168398459544501	1.05255115593311	410
-0.0923089966553201	0.613420184707873	167
0.00712845933084005	1.07530908390536	139
-0.10176897557832	0.611896361107614	139
0.0864828896900201	0.351194977573717	114
0.01898995445151	0.68360409319359	48
0.0651268956102	0.812510353286056	48
0.01542733010256	1.06369112182869	114
0.0147139121445801	0.699173586912727	114
-0.03997192790466	1.48774341434379	320
0.0791830561319999	0.352341346328956	320
0.0836612084574	0.353796776180306	167
0.08433154911069	0.353063396931639	48
0.0339555608363	1.34852524920011	114
-0.10104164231161	1.46822892979721	48
0.11349219273206	1.41355629573856	48
0.0792529531271	1.59669265188476	48
0.0860442468296601	0.351212781854335	943
0.0440713819924401	2.03037001643403	114
-0.09277677301109	0.618051447663223	114
0.1157726965323	1.18592785989681	943
0.11292974047489	0.901881589326296	139
-0.08929532530804	0.611503303249929	114
-0.00292379909491003	1.06808902681326	48
-0.0807588489314499	2.46772376434541	48
0.0721765464448501	0.796265511193653	114
0.0141096162360199	0.699857347174248	48
0.0129559002597901	1.07410607452948	114
-0.1016517648811	1.43809790071818	167
-0.06023909282591	0.986737604246045	139
-0.0588044075736101	0.992077247550857	139
0.08476551775475	0.350479641287103	114
0.0426584059501201	1.32270073163472	114
0.0791830561319999	0.352341346328956	114
-0.06083771488684	0.988925906712619	114
0.11696553372609	0.909432955279209	48
0.09381326614968	1.5525640209564	139
0.08692119774658	0.34863993750454	114
0.01712778070651	1.05295742646021	48
0.05554399768923	1.54546393080812	139
0.0832282411926699	0.353813253690907	114
-0.09114819994458	0.606800383695446	114
0.0751347942478999	0.799505529763694	114
-0.0928897644795099	0.614114746971278	167
0.12211929784637	0.903700479169681	48
0.0104293760021901	0.703858738136818	51
0.11787058095108	0.906630645474784	48
0.0759120224768	0.79641094312601	48
-0.0576027994724799	0.979783082067137	51
-0.01925167726083	2.25053742725927	48
0.11682064416773	1.17687202037994	48
-0.1058681387198	1.45430675846481	48
0.0141096162360199	0.699857347174248	33
0.0396471630536299	1.32809379950646	48
-0.0532668118828901	0.960124748841846	61
0.00754429936200007	1.06020510180292	51
-0.0491168815193701	2.21409529955591	320
0.11457661810361	0.909286403962151	48
0.0675274628718701	0.805308303642267	33
0.11517314978523	0.893485029913413	51
0.08409384551661	0.351201143085869	167
-0.09608258375009	0.618776512770065	48
0.0104293760021901	0.703858738136818	167
-0.0965610047598	0.614270307458563	33
-0.0973561980347199	0.615998685416403	48
0.0699665963163201	0.808772629690157	51
0.0836612084574	0.353796776180306	48
0.07051866024397	0.81225654073572	48
0.0803945398832699	1.35242351028191	48
0.11585654090081	0.912971821823346	51
0.00300592195745009	1.53372747387247	51
0.11562889975948	0.905085087933165	51
-0.0162342511801601	1.2654762124124	167
0.00669652446234004	0.707661196276393	167
0.0818135582875399	1.33562682395217	114
0.05677352052131	1.73287979139693	167
0.0130871430442201	0.693015145511418	33
0.0146272888674199	1.52268277125087	48
-0.06421580584326	0.99456559340536	33
0.0769217244459	0.794500589295923	48
0.07244951711022	0.804380789831361	48
0.00648015766942001	1.07616551726368	48
-0.0881321923137699	0.608833221359507	114
0.00851472738096004	0.703304563289465	51
0.01519630266993	0.690559015190499	114
-0.0611119476291899	0.988794904070392	114
0.00639179151047009	0.700569334443177	114
-0.0967729041327201	0.614408413911561	114
0.00150967987600992	0.704814576786829	887
0.10423665419167	1.84682290869705	48
0.10924305231424	1.83175575748482	48
-0.0570977187773301	0.969260996045035	48
-0.09666612351855	0.620394339358533	48
0.0643456588746001	0.805756481301044	33
-0.0840764762649999	1.20655038919732	114
-0.0982452675147201	1.4451628860227	114
0.0654251679887601	1.12701028641467	887
0.06497937057849	1.1290962562506	887
0.0818572116191001	1.36253022985884	48
0.11815852106188	0.889198713062027	33
0.07115794057697	0.8096547350148	114
0.03890138297668	1.2883764850974	114
0.00685218919680009	1.07134932839433	48
0.00480367797911008	1.52002378921863	33
0.0730860797128301	0.803649011004693	33
0.0729317712420401	0.802844838682338	33
-0.0429587878653499	1.50789985467739	48
0.124172283115	1.95268868149033	51
0.00467021056360006	1.07713003546738	114
0.11181537968079	0.905265577521827	48
-0.0973611661457701	1.2523644589878	33
0.07051866024397	0.81225654073572	33
0.0129634484088701	0.697244550840861	114
0.03920289075876	1.30564407943082	48
-0.0984958814333801	0.609033528412683	33
0.0121888342516601	0.695118587613944	33
0.11977368193746	0.90001918978097	114
0.07129858619001	0.809074291634371	167
0.0746387612727899	0.800991151576137	51
0.00977236233629997	1.06936172738278	48
-0.0514578276611599	0.963840028048143	33
-0.0904532195360801	0.611051409929825	33
0.0110322273452701	0.703172030450348	48
0.06655152533662	0.812138995887121	48
0.0684605052743901	0.81337810025322	51
0.11434851597228	0.908889904235439	51
0.0145928615972399	0.693557531234659	51
0.0144017668316301	0.687029467455913	33
-0.09219551471333	0.618497753906037	33
-0.01636135301913	1.28556528037421	33
0.0683532198143599	1.12291318658528	48
0.08433154911069	0.353063396931639	33
-0.08251546003226	2.04054104917962	51
-0.0150596045301601	1.84205196387577	114
0.0135192282508301	1.90132709002171	48
0.08740618270536	1.55827977515997	48
0.10300729916275	2.16548859297061	48
-0.0493129801577299	2.19481230340059	48
0.03252820255053	1.33965213824412	48
-0.0607254877129699	1.84718868239246	33
-0.0203105996511399	1.86936973458162	33
0.06346598387832	1.1398168022681	114
0.00578133942944992	0.701437381385898	48
0.06959975430076	0.802448634317466	33
0.06959975430076	0.802448634317466	33
0.0722191269533199	0.799246661516754	33
-0.0580782787401299	0.974016523337087	33
0.00791306086183008	1.08352836406108	51
0.01482312103113	2.12211253326911	114
0.12424130394834	2.43890162030009	48
0.11143660918185	2.41405431430772	48
-0.0583041640626101	0.974835848825602	48
-0.0900287549088099	1.25356044610882	33
0.0660634182872399	1.12473072692073	33
-0.10432566053449	1.63222250355494	33
-0.09277677301109	0.618051447663223	33
-0.03938626082352	1.49511268902627	114
-0.05278829004672	1.68444724803365	33
0.02950000258233	1.34803658499306	48
0.05245692806727	1.55912979014891	51
-0.03612187816651	2.03423319879041	114
0.0622109753964599	2.30717275021947	114
-0.0782898438415101	2.03660318013485	33
-0.08130551569363	2.03191289059664	33
0.08433154911069	0.353063396931639	48
0.0607210578092601	1.1273845245234	33
-0.05340695552513	1.66811562337302	48
0.11151329810145	1.1836973249061	63
0.0147139121445801	0.699173586912727	167
0.08433154911069	0.353063396931639	167
0.0832282411926699	0.353813253690907	167
0.0117436191392799	1.05824455206677	48
-0.0366058249316099	1.47123278739481	48
0.0860442468296601	0.351212781854335	63
0.0152782977054999	2.37107868295136	48
0.06643314539423	1.12085655736622	48
-0.09144853847851	1.24267620794449	63
-0.03982533901541	1.46916126952444	48
0.08433154911069	0.353063396931639	48
0.08389724920787	0.35308024748219	48
0.08433154911069	0.353063396931639	63
-0.10597321211604	1.63028961461195	63
0.01241774545281	1.52750906939871	48
-0.06949786121487	0.987393421506079	48
0.06562961562619	0.802750144082138	63
-0.10176897557832	0.611896361107614	48
0.04783364206486	1.56255053841817	48
0.0808859977810901	0.352395520307134	48
-0.0921139925733301	1.24902355848891	48
0.0712526503030599	0.797424926736091	63
-0.09608258375009	0.618776512770065	395
-0.0917284752082601	0.611431331899186	48
-0.09714528908302	0.612995108958221	395
0.00964130894818993	0.704860684831408	48
0.0780725558570901	0.355003538565994	395
0.0742152212924401	0.803420011756519	48
0.11400695601299	1.17368267376172	48
0.04348740038316	1.56778032943528	114
-0.0973561980347199	0.615998685416403	48
0.00778803870417999	0.704433316663311	61
0.07829726163104	0.352528986232316	48
-0.0917284752082601	0.611431331899186	61
-0.0534102053716701	1.66657901830205	48
-0.0749138381591701	2.02440672067782	114
0.0914231662030001	1.78988658387837	48
-0.00908043313285001	1.6878515246429	61
0.08476551775475	0.350479641287103	48
0.10698966707944	1.43081023081426	48
0.11360242768034	1.61299195214636	114
-0.12193014872205	2.01837953013839	61
0.11833711876278	0.901896606462065	395
0.0406110865364799	1.32593341713131	114
0.12362397221602	0.898077704985739	61
-0.07347272727687	0.984263203851548	114
0.00738595095758998	1.52834507919068	48
0.0600478108558999	1.13072232614197	114
-0.08743929287643	0.608294676926949	114
-0.09666612351855	0.620394339358533	114
0.0719182098723901	1.70899105001303	48
0.0836612084574	0.353796776180306	114
0.11870984700087	0.901830374430952	61
0.03865769356257	2.28789495464993	114
0.0462387937459901	1.54485392613455	114
-0.0973561980347199	0.615998685416403	114
0.0836612084574	0.353796776180306	114
-0.09103373816986	0.615768971195047	395
0.12221579828337	0.895632116740403	274
-0.08802098097738	0.610270591097221	395
0.08163668042051	1.58949009616845	274
0.10996306013161	1.18129219465406	274
0.10899027075942	1.18363852581943	114
0.0555777656404499	1.75469897741317	274
0.0728842294822201	0.352484021879961	395
0.10589695939659	1.42066495251817	48
0.0637441807429999	1.13755014162573	274
0.00717123974261003	1.06077867895966	395
0.01483429543507	0.694439024366825	395
0.11852336730074	0.904103942709594	274
-0.0979397406198499	0.616143769579578	395
0.0776308377785999	0.353254771284329	395
-0.09103373816986	0.615768971195047	395
-0.0431625098974699	1.49242254214031	48
0.0776308377785999	0.353254771284329	1064
0.0836612084574	0.353796776180306	395
0.11486755113875	1.18787840587311	48
0.01085604485653	0.703292380877635	395
0.00692877682227011	1.53457850775372	1022
-0.06986433935807	0.990238011315305	395
0.0780725558570901	0.355003538565994	693
-0.09103373816986	0.615768971195047	693
0.11130140655104	1.4214340357157	61
0.11761771908822	0.909754976742252	61
-0.09219551471333	0.618497753906037	61
0.12404693928237	0.895695824953416	61
-0.11716006649577	1.84107479478045	61
0.0348663523710999	2.05835559840254	170
0.11744343145101	1.17557367395014	61
0.03392947021247	2.06098190885615	274
-0.11969905373929	1.83205954808815	170
0.11971327376623	1.60664819371082	61
0.00536437249286004	0.707841359547392	274
-0.11081807075356	1.65745523585232	274
0.11251933221617	1.15928200391149	274
0.00706155849834	0.698856045092768	170
0.08389724920787	0.35308024748219	693
-0.0931569217555299	0.611795257048078	61
-0.0923089966553201	0.613420184707873	170
0.01030666125311	0.697605948569435	61
-0.0979397406198499	0.616143769579578	61
0.11522817691164	0.907174091430237	170
-0.09608258375009	0.618776512770065	61
0.0107782065602799	1.07921925247947	693
-0.09150217198866	0.612233890669978	61
-0.05866705328551	0.992786743996458	170
0.08389724920787	0.35308024748219	170
0.07851393657289	0.353067612488471	693
0.10146795964956	1.43327052542704	170
0.0816263133872901	1.79712620695291	170
0.08577382361128	1.80822331826942	61
0.0110322273452701	0.703172030450348	61
0.00272795289749994	0.704386332837361	61
0.00555436688592992	1.07910030080014	170
0.0673344972487999	0.808988001478087	693
-0.02266728132911	1.3077753276423	61
-0.0621332455655901	0.994822077091375	61
-0.0172257254922601	1.28596693633332	61
-0.10032938741176	0.610023360808225	61
-0.10176897557832	0.611896361107614	61
-0.09432018325055	0.613520052345093	61
-0.0928897644795099	0.614114746971278	534
-0.0594026774134	0.979257371219793	1127
-0.05620773393608	0.983045413890086	61
-0.10046563096317	0.612230340900649	61
0.0836612084574	0.353796776180306	61
0.07037848270258	0.809168032416399	61
0.07851393657289	0.353067612488471	61
-0.09549929264778	0.614358764173469	1127
0.00272795289749994	0.704386332837361	61
0.01030666125311	0.697605948569435	61
0.00645635824683	0.701593249342405	61
-0.0967729041327201	0.614408413911561	61
0.11982805959314	0.894557643626532	61
0.10711347673831	0.904056894992998	61
0.08513057014843	1.3550308196712	61
0.06310259985156	0.802646293585083	61
0.11201512873096	1.18706364748223	61
0.0814712624532099	0.785565210989019	61
0.0808859977810901	0.352395520307134	61
0.08433154911069	0.353063396931639	61
-0.0753978380073299	2.02072926731112	61
0.08389724920787	0.35308024748219	61
0.00272795289749994	0.704386332837361	61
0.0791830561319999	0.352341346328956	61
0.07829726163104	0.352528986232316	61
0.0827949434456099	0.351348125137152	61
0.02992722959884	1.34230794886114	61
0.08433154911069	0.353063396931639	693
-0.08987726272824	0.611073422158008	61
-0.0887136352348199	0.610811455530862	61
0.07851393657289	0.353067612488471	61
0.00778803870417999	0.704433316663311	303
