x	y
-0.531012705384193	0.632293762660888
-0.329147822695321	0.168061241055836
-0.881516912682827	0.677589307890819
-0.637161451541381	0.586592211292083
-0.28790470663277	0.315101307039594
-0.875757609283295	0.581518678229199
-0.389457563445465	0.113252691370962
0.101489709094233	0.0293014816515659
-1.87589507697217	0.772784994625061
-0.687579972232543	0.568756416290619
-0.601950806498872	0.716004846065723
0.469854346554944	0.163136844076554
-0.14242252326903	0.0634034617358416
-0.280420552675086	0.263883686015055
-2.34906352189263	1.20176092180319
-0.780209704412134	0.269603406986946
0.163786424348353	0.0319491236824782
-0.737757223358709	0.443404521249875
0.124059704115459	0.0941911557820948
-0.467928898948995	0.199452398403393
-0.386311034769885	0.181383572889983
-1.40323432502163	0.883998356120159
-0.326640460367845	0.165898115301904
-0.45753565040662	0.399664841340422
-0.583993219115194	0.222895579198944
-1.17170273836896	0.352528986232316
-1.08865784704363	0.441789748849559
0.163198318954765	0.0319050580443516
-0.390325517661547	0.1125609136692
0.0963298213773749	0.0281188395565234
-0.161937132879334	0.148805772197443
0.825328172829135	0.65757950732268
-0.546549213904193	0.367462771400437
0.489828553595878	0.357193377371639
-0.499693497241125	0.429478545178922
0.67375429500013	0.775476127691217
0.0660972753361248	0.0297424527628884
0.980089419556064	0.365342534656041
-0.58804965889281	0.228034778047064
-2.12807931281376	0.985366013866693
-2.13267694421676	0.98695778564171
-0.468648249280363	0.511529755270244
0.757040871683709	0.730047566161125
-0.393497756292802	0.183103296244003
-0.229367469290052	0.160267388515982
-0.182786739419629	0.133569192805872
-0.526183020114412	0.488924100257772
0.315727541105804	0.136457985534746
-1.56091317868299	0.558273794061398
-0.438383092570788	0.538292848573663
-0.370251037999167	0.275245000544348
-0.20175606522337	0.11972933882245
0.111310617129241	0.0786382307056723
0.633787209007682	0.591097211902202
-0.236639839591835	0.228079717250348
-0.884541974644414	0.590660397717774
-1.34277677301109	0.618051447663223
-0.170279747579482	0.0693650303907704
-1.55429905683885	1.09003813348802
-0.402032544442785	0.574446676577924
-0.481202096012268	0.336086666246027
-0.0492983201169203	0.040356712390545
-0.422246132911783	0.25862356930891
-0.241178240909019	0.168897460470443
-0.386519584010834	0.111699409222297
0.993459780892794	0.467818299067991
-1.08751150574302	0.44047044580575
-1.09386267919551	0.442883617920134
-0.208901193725201	0.203217479743621
-0.0134899366190062	0.0100902933188339
-0.47828331500619	0.646042645863512
-0.339434511730483	0.282491449665954
-0.455968646393406	0.437147959892314
-1.54983850398983	1.06653664874248
-1.24255799550966	1.07237604882118
-1.3101845498372	0.983069495331744
-0.227118696964932	0.156576129263312
0.46037355113748	0.599748531438383
-0.0932798233713504	0.0730463961143761
-0.44550999607003	0.462199889959212
-0.2765838013376	0.259593419606331
-0.157758982017982	0.144613291564127
-0.785523029398703	0.750206538385629
-0.687238784125356	0.560104093099198
-0.589839020965478	0.776969966995875
0.63694617865658	0.908855890228365
0.608316037236797	0.663593176184698
-0.283871997928747	0.325946309459377
-0.360006862884715	0.229610268061529
-0.236114561059237	0.165592744262725
-0.306181914476307	0.308008821824654
1.67780503345865	3.10757000052391
-0.11196613411225	0.104730389537153
-0.545621239337271	0.577597288016961
0.937310940021799	0.247681996839871
-0.58804965889281	0.228034778047064
-0.311662195690078	0.432430587136597
0.608613971437942	1.0366363435237
-0.503735392190128	0.507271111808435
-0.650565784419777	0.80968263963365
0.465089415623537	0.160167771082437
0.133925459616961	0.0333863221239572
1.71437432879133	0.927223980392925
-1.56390564122763	0.562697971919826
-0.275126284824338	0.299507415329194
0.484571157890124	0.609877714595225
0.812966946432069	0.767799076665292
-0.441321758407693	0.421255441605067
1.78237568108603	0.685305417622692
1.9760405399428	0.493213117693187
0.163198318954765	0.0319050580443516
0.980089419556064	0.365342534656041
0.384259782784259	0.147237284180324
1.97547028331465	0.493643388518992
-1.78707841532115	0.414309017630871
-1.78346459010975	0.415096457236971
-1.78346459010975	0.415096457236971
-1.2324572734103	1.0530202198736
-1.24715458350741	0.704140949251989
-1.687486358641	1.27913941770972
-1.40496015317434	0.880907695462435
-0.75661484543344	0.527165677303325
-0.0389669401847702	0.0220709865906841
-0.540453998986747	0.723315679646218
-0.365503364543346	0.524656093410958
-0.401219676697092	0.573236142063374
2.19745684159406	1.59550933817319
-0.311507568557041	0.312429697671851
-0.841103106455917	0.373908345060131
0.615597423484624	0.277774771852141
0.616595707063413	0.277849789266075
0.163198318954765	0.0319050580443516
0.626057398278677	0.194690437073751
-0.469119502299956	0.199881428567635
-1.41685373043784	0.874153519998748
1.69012301882028	1.59418183835524
0.707121574154345	0.512592950860114
-0.382503163040055	0.178761787478675
-0.28538771976288	0.0940938712728561
-0.274119981494046	0.149006766748474
-0.687304611330624	0.567794028238718
-0.867284332574126	0.473823731062059
-1.55355158483351	1.08820367652687
-0.320328543004327	0.162894232670649
-1.53812077702326	1.35607896842999
0.369537532276178	0.418311745853555
-0.298176226956267	0.39614816176923
0.00575561400617696	0.00497284671446179
0.777121283878153	0.525458658678988
-0.0682841148867842	0.0612792580084088
-0.883240101809794	0.590830143000595
0.937310940021799	0.247681996839871
-1.16956146623535	0.350678247521957
-0.287711925853366	0.0950016823367727
-0.388186711086283	0.112834812193388
3.62029547254428	1.39222029871931
-2.57185252800851	0.693041972437165
0.136032867380314	0.0336051051380813
0.159126058171774	0.0311056421910278
0.163198318954765	0.0319050580443516
0.16307322360636	0.0318815003319474
-0.395189973209262	0.114864985581358
-0.315461769969066	0.208432592768872
-0.840517117216908	0.374798385934513
-0.64319724602391	0.407926206072334
-0.463666096253331	0.193501165327532
-0.888632277923943	0.586825578789971
-0.307490482147959	0.309434712561076
-0.253083203100827	0.307312874964478
-0.047287636815242	0.0390796966228617
-0.365064356151511	0.233856012982983
0.623771053802231	0.194253824652275
0.932210207100964	0.245283527884345
-0.638944530069775	0.156134678840522
1.42314513115208	0.464520674256509
0.0719104258498749	0.0295456508300402
3.9060717520559	1.6728769939656
-2.57196810381088	0.687583434747214
-1.16523448224525	0.350479641287103
-0.391616024859673	0.113083175201463
0.163786424348353	0.0319491236824782
-0.638944530069775	0.156134678840522
0.163659914308261	0.0319253139355892
-1.78346459010975	0.415096457236971
-1.16566845088931	0.353063396931639
-0.223663099670944	0.0821661755551311
-0.409535461502873	0.393626450929328
-0.11833596235787	0.101406280623347
-0.716531437848675	0.970420319828096
1.00641038806869	0.58679930048273
-0.776759344309517	0.269749471617003
0.230589365193204	0.128776906627772
0.0696879575801437	0.0257387140951234
-1.30760279947248	0.979783082067137
0.074234472888677	0.0274305829074115
0.819818048515072	0.421529609779242
-0.639596283054735	0.156460136265019
0.622619267673717	0.19534691993008
-1.56234800985684	0.801011794055907
-0.255429854578137	0.244507489903942
-0.119279423072833	0.0990346394777337
-0.454047940792889	0.5686640019193
-0.459493089962278	0.501551923635695
-0.228561885067494	0.200540613058391
-0.399620236615502	0.411348112980989
0.626705175154963	0.193843349012669
0.0781662998803206	0.0258675039281356
-0.389009195789091	0.17932735140348
0.0950858538676768	0.0277514170192314
0.615494327415193	0.27514932161809
0.463345795356449	0.161618675437089
1.00015780469709	0.463356473663942
0.0839236022372932	0.0276941060567698
-2.12750939290167	0.984385150911106
-1.78346459010975	0.415096457236971
-1.08751150574302	0.44047044580575
-0.638650683410332	0.155084261982669
-1.78346459010975	0.415096457236971
-0.348318911106019	0.342901224384257
-0.202470780995278	0.19821589540152
-0.743227666475093	1.43916319373536
-0.0275710368120656	0.0229369428994926
-0.187577836998241	0.200807285450362
-0.495290583808136	0.472530337049644
0.361848567797959	0.342501580827224
0.199382049302988	0.181435680633474
-0.295913185241817	0.294241250302334
-0.781336059981393	0.622146917692802
-0.77761847820856	0.616808871934764
2.2986463543367	1.12487872358452
1.00059601650487	0.464504501064133
-0.460570163628335	0.193227345525763
-1.05026241981727	0.5282538841184
-0.785380935173904	0.272385912061438
0.980775883816089	0.36599399400451
0.407183304155077	0.328173838198323
0.373426203321584	0.145712820367284
-1.55825797222393	0.560915030422003
-0.38880875813668	0.112228426170382
0.46558528697238	0.162904562033637
-0.216414409687242	0.0792559007301172
-0.391112366168209	0.113694348973874
0.209553227097935	0.177354084421442
-0.399170158846172	0.522754473874127
-0.299236623357432	0.322464312203811
-0.273537882666532	0.272879192117082
-0.65496779538566	0.642183481230371
-0.0952898106270209	0.0491973611071521
-0.285345641688132	0.383652625861308
0.257284273164294	0.258832981045579
-0.251068985954375	0.259271644307677
0.0825694186850472	0.0740298494756327
-0.394806829987276	0.387249853879081
-0.343889054678744	0.389853508879627
-0.907766387132233	1.15921680881336
-0.865071882519106	0.817132477909859
0.0696119723296413	0.0312511733911865
-0.589460033482949	0.227811993077459
-2.13267694421676	0.98695778564171
0.374065547568243	0.145601251955631
1.5037746796682	0.722526634113836
-1.42785348352839	1.80138026153339
-0.478517831931566	0.202144840957091
-0.389819593414635	0.113165790285367
0.937014825487275	0.247501391945126
-0.470531252638211	0.198963907884397
-0.585058441613823	0.226217027835725
-2.57185252800851	0.693041972437165
0.495859235589517	0.360067775005144
-0.174690064854734	0.127173654599628
-0.0550474949424266	0.0391788829618701
-0.523124235552473	0.666392446708071
-0.420466409682527	0.585694566045517
-0.190679458852827	0.222682780595667
-0.411567655468772	0.580403484140407
-0.373772345128961	0.386208192965286
-0.0251340578042789	0.0273062604009766
0.299601250719726	0.251575517063082
-1.03054913283546	1.08946925154981
0.0959676940300818	0.0869631905364277
-0.200493574802042	0.211207015900818
4.14265260570077	1.93385952751663
0.463163017399524	0.161706881929458
0.469277707092519	0.16397877340193
-0.0112739051322321	0.00674544504062803
0.082558098902597	0.0273014951400138
-0.115899099966781	0.0564569485105296
0.753074878482267	0.30654294232232
0.163659914308261	0.0319253139355892
0.376364458929799	0.146246027832389
-0.226694374411864	0.216827134790527
-2.57173719412033	0.687667960690795
0.0844122789203791	0.0277183543732037
-0.283240759595836	0.0937144526238611
-0.775808191775688	0.264379216099707
-0.39454491410749	0.113829451246513
-0.281027220476792	0.0924895337669597
-0.284392038770571	0.094028916343425
0.798970954614206	0.937596462505126
0.140568876563713	0.131085866894156
-0.110951757232495	0.112208250023184
-0.423790213280101	0.57083558634228
-0.0474687001050732	0.0387487069572368
-0.664691314456817	0.488967851158541
-0.702456116891586	0.662155035846787
0.650072842271837	0.67934030789825
-0.0444728280398894	0.040847850930117
-0.390331784466663	0.433938362383545
0.0586368465199741	0.0554827167271571
-0.823269017968602	1.58364278521279
0.202065048964332	0.187631490003412
-0.767173391538021	1.22842785184089
-0.336538124437207	0.35932395357356
-0.227224638277607	0.082808664463349
0.0767095047073909	0.0282502445453201
0.642185899999258	0.48908474918098
0.0668522090242408	0.0273787406757099
0.461967256466707	0.251664999724426
-0.842280166311415	0.371671550913481
-0.488327407898491	0.282333844689766
-0.780067822171114	0.273115694343224
0.31861691251463	0.137580075785141
0.512017291380967	0.454638440578402
-1.87232727452828	0.770981043468123
0.521935302576021	0.257497476813552
0.315252778448247	0.135425540830876
-1.55859357319854	0.559769753604985
-0.644689815674165	0.156669091829783
0.702654874007616	1.43777727405673
0.844849346063701	0.862779607524252
1.45321309842849	1.60626816685055
1.14651542720743	0.883933647593492
1.22814961989913	1.87595342803154
0.198288143037278	0.174160185980848
-0.243085084028388	0.215192436009429
-0.86313094494955	1.33899817417449
-0.4143313844314	0.489165095235799
-0.0113650710430752	0.00851340579877448
-0.280490452063312	0.240015057460092
-0.787278992461137	1.00994844552518
-0.827727301471115	1.2500252371345
-0.00444283925955683	0.00379521326600695
0.344815162290423	0.330825229828332
0.536814918308929	0.696240974836878
-0.914200263026002	1.15787723411083
-0.141668678265466	0.144760946056042
-0.235804505606154	0.163578596690895
-1.02628124994829	0.632874692718141
-0.775110718574597	0.621901404441725
-1.17896208043687	0.797536781298208
-0.68867256344264	0.569779306773282
0.459727781906658	0.160455256960286
0.617759239412656	0.276415259862707
0.464429236846016	0.16346936705331
-0.780713975537521	0.693085571148545
-0.59370653592542	0.229714087673177
0.0737409865014652	0.0271727618595232
1.78171719375045	0.685418248181854
0.0832413116588062	0.0275358424390173
0.00481542975511942	0.00297224430253318
-0.280450595029981	0.092203603611508
0.0721804792405598	0.0357173790705027
-0.63923865613969	0.155145012751728
-0.281027220476792	0.0924895337669597
0.381607191449623	0.328799500115252
1.14804141417473	1.02677873150118
1.89716849659471	1.12799862497159
0.651676531240221	0.497323151750058
0.828248077495357	0.665047102071739
0.121572563910061	0.101603923786229
0.598620552043551	0.479005588762306
0.954389660304534	1.12495123839539
0.35041873102299	0.339422599580547
-0.259883400901393	0.247267766770683
-0.0756947096756848	0.0733000047971146
0.247857898721578	0.291217771237544
0.473504212360869	0.703995405619104
-0.987709561290605	1.24816739664017
0.0476385515258292	0.0442316988981023
-0.129804383594828	0.109014805054434
0.529745263626428	0.544622904213504
-0.329114040119251	0.328903866622635
-0.778009319790352	0.270609365801523
-1.09849740549073	0.438434160734633
-0.875162693856666	0.480714865672512
-0.83983128279799	0.374159788211206
1.9760405399428	0.493213117693187
0.623907306534403	0.194112599022884
-1.55875747069186	0.561897601836786
-0.879785517738254	0.590712432513676
-1.5431140075563	1.37989425469904
-1.34150217198866	0.612233890669978
-0.638650683410332	0.155084261982669
-0.63923865613969	0.155145012751728
0.163786424348353	0.0319491236824782
-0.163777274077195	0.122036249708301
0.623771053802231	0.194253824652275
-0.289178976148023	0.0941940475903521
-1.16720505655439	0.351348125137152
0.211504482323225	0.234759878113196
0.0919360460081339	0.0552104654101599
-0.457831022043194	0.363392790854457
0.419800927739589	0.247067254167298
-0.384160802818268	0.178801808667108
-1.0370012391961	0.639415183420021
0.600374845939183	0.645340028385629
-0.693780886690788	0.616905185593555
-0.127866494734974	0.0821828448943565
-0.447288999722871	0.464766162101427
-0.183729127795217	0.182834427015733
0.0353165613492887	0.0316773515711321
-0.033990665462538	0.0404312102667846
0.205722952506434	0.245858196982658
0.44687098733548	0.515709727113142
0.206102472716518	0.210678109881172
-0.740803253613085	0.871556612045469
-0.463164922290963	0.368961075323924
-0.181806422251966	0.146584163645612
-0.471316031366768	0.57179793089399
-0.191992114981661	0.215791294327657
-1.17691392028717	0.803649011004693
-0.546466877388887	0.368631684194204
-0.467222533979231	0.198703394805602
-0.869508052654718	0.480964294026402
-0.839931367129846	0.374943853029174
-1.03348503921715	0.636921814266426
-0.177079132557658	0.0719271434887037
-0.683838107224786	0.327579264722629
3.61932455366807	1.37704667671426
2.05926724925634	0.900482160133906
-1.17585882236826	0.792812452531884
1.01144288897069	0.590454876584122
0.0811577012492573	0.0267476285358754
-1.08796005889225	0.437490348287605
-1.16351711030998	0.351194977573717
-2.57596917637172	0.689272210449406
-0.183635390450045	0.148625047355944
0.136032867380314	0.0336051051380813
0.100804134010776	0.029318072573185
0.127606060129718	0.0315885413447163
-0.389819593414635	0.113165790285367
-2.57185252800851	0.693041972437165
0.75351673799093	0.306376593250972
-0.39454491410749	0.113829451246513
0.0528189837355402	0.0523919227849781
-0.488532763950275	0.279832466621332
-0.386132143301682	0.180457470735018
-0.875162693856666	0.480714865672512
0.372333630333497	0.142636318419218
0.320832871735918	0.139148002813198
0.0662677822978568	0.0524811947908614
-0.265631608238705	0.143050383563508
0.101606660796056	0.0643076690836743
-0.19321691311406	0.158288077292606
0.138759749743265	0.118370693564428
-0.190568015509852	0.204597704127489
0.413000922688465	0.720991143677244
-0.513414045312878	0.920549952820212
-0.342750239199649	0.331673581171752
0.0228744603031211	0.0216891129426988
-0.124862280648089	0.095545107710148
-1.02026432758726	0.74470580385915
0.306222227162173	0.331925250902999
0.344882047175413	0.305750383128289
0.00771847726653972	0.00749477068230677
0.281519272103082	0.134295404125124
0.749111169427629	0.304920914577757
-1.34666612351855	0.620394339358533
-0.592534427483149	0.229347002712227
1.56880911808789	1.34210388977408
0.465236369928842	0.251296234014371
-0.638650683410332	0.155084261982669
0.101361210294962	0.029653942309968
-0.280170750154363	0.0920114426251746
-0.63923865613969	0.155145012751728
-1.04196066014606	1.29910144339107
0.0957688983643984	0.0280872494074502
-0.387170871977237	0.111897483559626
-1.78355593853231	0.415040398756502
0.154569765191481	0.160063538029892
0.412828724827907	0.657540272571348
-0.670511442127014	0.744121582498054
-0.179998104332425	0.131640670706691
0.763523431430132	0.636595398152513
0.622726804521956	0.376522167271848
0.530088710759537	0.367334960393628
0.0763213979022144	0.0618186098411737
0.569450212668545	0.556170663547822
-0.910756905346198	1.10036030455973
0.387068037229005	0.415912571083459
0.359188121343294	0.322177620929845
-0.289471472674149	0.309500056806221
0.0811108674211115	0.0681433682361124
-0.413422738254613	0.45927960291713
0.597254190484175	0.93612206230076
-0.433753353093504	0.538744106624628
0.265958189915964	0.258155227416799
0.274404580245284	0.239549955871632
0.708956617582658	0.872859624796989
-0.183526422027337	0.180797777324694
0.363062869157182	0.437815091867988
0.344858291189519	0.241047504636846
-0.479715091337383	0.337287880955337
-0.478919411501101	0.270561266830022
-0.487810439667524	0.282341257439492
-1.27129085111705	1.2773835752022
-0.992772419425854	0.826026144039358
-1.34357560439452	1.24901309233231
-0.118062321371345	0.0571671206902007
-2.1998133226986	1.68381469790612
1.3133170453669	0.954508271065577
2.19246499679149	1.58571559287103
-0.38472992407854	0.110762964110276
0.467100501193146	0.161631957408942
0.0140209957143538	0.00911424688714765
-0.466627350273262	0.197949563128434
-0.586778855676222	0.226903688715173
0.101230426961354	0.0296586789627306
-0.839345856011256	0.374428244004784
-0.283700683449066	0.0937434246457278
-1.16610275079213	0.35308024748219
-0.220050443315259	0.080826216952502
0.428110207894657	0.690897468968562
0.0643809930049585	0.0510567543212304
0.372495933813847	0.421815189001587
-0.469493332510107	0.199927656331241
-0.489821555654805	0.281630613182953
0.081873967870621	0.0269399899837952
0.46489631380229	0.162505252822639
-0.58804965889281	0.228034778047064
0.652742048971001	0.676119008276107
-1.02648971390125	0.628287679972848
0.244406750391285	0.125603922482026
-0.867658318408213	0.813442195662641
0.961793245742102	1.14789485678142
-0.359805200776082	0.499277966975485
-0.257014760268802	0.398044253163429
0.112615600268722	0.152144635281015
0.572082659525153	0.475674156963177
-0.330176338197754	0.399025512454679
-0.307100487833793	0.202905457141946
1.69174419517708	1.23399796069592
0.128459595890782	0.0914590124797782
0.0369024509626034	0.0257057429703769
-0.235268032762305	0.305607372126271
0.0832413116588062	0.0275358424390173
-0.785380935173904	0.272385912061438
-0.180830895374789	0.0727430133622733
-1.0508568406672	0.527628986687415
0.163198318954765	0.0319050580443516
-1.56339879997311	0.559087917942227
-0.284089991023386	0.0932278658425037
1.53641901313413	1.01335536489925
-1.55903001863317	1.0865067165186
3.25976913072438	1.09873456934601
0.466381741358368	0.162794732593146
0.0818686993641988	0.026955838756343
0.982021046962427	0.363053655165164
-0.0605208561117546	0.0489631802857121
1.781861412626	0.684439683958863
0.102474476101686	0.0297923181105043
0.16307322360636	0.0318815003319474
0.136032867380314	0.0336051051380813
-0.281857407552882	0.09255522316438
-1.08808454476495	0.441668138489739
-1.78346459010975	0.415096457236971
-1.55709170507295	0.555548176040839
0.528243826356495	0.618805205572209
-0.15968287871799	0.201021383383003
0.334691488562421	0.227512625093071
0.70523806862765	0.391745569811043
0.463219459462719	0.249901140310542
0.0709933066552041	0.0290613379001477
-0.469493332510107	0.199927656331241
-1.10541882449362	1.21264992403832
-0.134362673788179	0.0866901241813692
-0.862306259398358	0.474062659069279
0.419884944704982	0.346935501016155
0.267311018413432	0.246955025934997
0.610321173495661	1.23658651568827
0.0140762968849153	0.0165171427803617
-0.461069436466756	0.724322477801906
-0.611614959172983	0.639790033529814
-0.439010583626024	0.56648342102387
0.334009660260674	0.242946299418218
0.459586427454467	0.347762876575337
0.0371938678505779	0.0268946980326164
-0.0493134944308631	0.0403564248369224
0.161353047892565	0.177809593337557
0.825541907722983	0.423677142378135
-0.289586850073851	0.0951446186879222
-0.218769366670858	0.0804053427602145
0.375458639995223	0.146353031873487
-0.844340763758904	0.37012215022718
-0.118900236098546	0.0576378944001154
-1.17192744414291	0.355003538565994
1.42204391977515	0.460518488476826
0.937310940021799	0.247681996839871
-0.372034526400518	0.236691583675087
1.00342644321087	0.585186132626916
1.20031754835547	0.633992240994804
0.100674308760322	0.0294967719119431
3.62029547254428	1.39222029871931
0.133271254304781	0.0330736858737192
-1.35523114164128	0.605180047757792
-0.639889036078419	0.155465657511814
-1.09285611593573	0.436841764269259
-1.78346459010975	0.415096457236971
0.610651026266178	1.03543388647913
0.170672002432557	0.188460565749341
-0.758114138971102	1.4306990940859
0.206729720714979	0.267145172903023
-1.42357091648583	2.33226235443832
-0.785882256497881	0.733188749120068
-0.880013027539873	0.672334804267858
0.669527267356816	0.593593035986284
-1.01070983737761	1.14740213108952
-0.521176249794523	0.53221772776207
-0.352959113033909	0.32377278217725
-0.488085116147595	0.46515352156459
-0.0352091148456492	0.0294757142850707
-0.384552717497427	0.430045681299681
-0.0816278869294194	0.0697951309161624
0.526763749676849	0.69360516532233
-0.721696314047572	1.03387785927406
-0.622125115146077	0.816030247149866
-0.383252917196064	0.453697946668361
0.241752858780972	0.256124966621625
-0.606146667626239	0.725906089824286
0.349361683381552	0.346277363070897
0.425018154338709	0.585129442262419
0.128850068353954	0.144896998260351
-0.716038518708065	0.682658079385202
-0.193297163984095	0.116503774826942
0.0947355963039278	0.0597824351350508
0.0682851082773849	0.0252146546245717
-0.479434437476643	0.333057516745935
0.0976999624473825	0.058765863347608
0.099408691587096	0.0592446384462009
-0.782463124083284	0.691611185987835
-1.0521823423341	0.528333864286944
-0.630078757780153	0.404092702557847
-1.24104020238805	1.04935843107165
-0.572422474857862	0.306128730022533
-0.771734163758072	0.542676767372418
-1.9061717708633	2.17307937252302
0.9753180046391	0.360574182878169
0.824579532052295	0.422111182118029
0.460161501798016	0.248406319323237
1.26617237586217	0.544237689615947
0.0855375092670015	0.0281508086620049
-1.34266542431145	0.610111241064529
0.618151370567379	0.190784649995158
-1.08808454476495	0.441668138489739
0.183279143070089	0.243329755083545
0.383397049990005	0.576054564536955
0.160239072724588	0.163908883115194
0.416211789135533	0.646725314157844
-0.055802892201088	0.0546772957664309
-0.140396611071501	0.166544421842017
-0.0679993270905433	0.0710027818452544
0.252027161804346	0.306775933222547
-0.267285458556936	0.309544997786649
-0.334255429433145	0.46770785695171
-0.639585655083616	0.587900371897263
-0.327439316293478	0.248053041060935
-0.695295792796334	0.623440377608759
0.869055898870886	0.789450003547835
-0.115156994021019	0.0760352939758711
-0.762847239694161	1.0333406862281
0.0838271567197988	0.0476686010807883
-0.0639979012550176	0.045100444820307
0.00737414361722353	0.00594089237030481
-0.606263819903355	0.837772004469371
-0.0722866969501786	0.0630354143953783
-0.303195124087966	0.364322630803835
0.147283843456903	0.156937850966958
0.690736701073461	1.00134984882736
-0.456122594777239	0.692967620188157
-0.322740674519388	0.298142466282242
-0.503181216090494	0.43998616380722
0.271877630972779	0.249220250126566
-0.281119670311144	0.321044529401893
-0.98367016288974	1.76611158738543
-0.0798976686976081	0.0536004304539265
-0.555754269856901	0.474460420169104
-0.375063836056916	0.277161673712287
1.68120186666736	1.57655226891944
-0.246450751315046	0.171648841057948
-0.22230744623912	0.0815956844757139
0.217931936668719	0.127521924648199
-0.667261874447018	0.485835466354897
-0.483908842741535	0.277888267314395
0.0883828489931362	0.0530339362336041
-0.376144162115248	0.279854237080289
-0.54936209006946	0.369899418841485
-0.875388794084969	0.755379653173411
1.44936000796054	1.59915509430577
0.0673557838359544	0.0329549458714268
0.320047246664295	0.136870808256122
0.0435707455894069	0.0304584219689378
2.04672787531138	1.359050826586
0.528302092837199	0.263433613546199
-0.626118288839224	0.396144065828559
-1.16523448224525	0.350479641287103
-1.05147127184686	0.527491409622549
-0.283700683449066	0.0937434246457278
0.467259169041621	0.164195900844227
0.53541083644676	0.767947926377177
-0.281781109095544	0.352739970061899
0.367341408313831	0.501151565839272
0.102541447157344	0.105417374748405
-0.431307056489181	0.608120548726612
0.0649981526293809	0.064806575352171
0.604973823048536	0.820895683464563
-0.083101393810903	0.07715226931078
0.0528165846251221	0.0537427529425736
-0.564928267264847	0.944424533008292
-0.924437826897183	2.40937368659882
-0.38549666212599	0.403662331769206
0.201577838566068	0.160588329083616
0.124343248110736	0.0933232292894757
0.210297422088065	0.177962063985548
0.574473335065852	0.47799398998661
-0.553524069476981	0.728611375739051
-0.221768089884586	0.21100072779901
-0.723142272303534	1.14976328766812
-0.7020966297971	1.11409170461632
-0.636467681747125	0.835512002877588
-0.279235450300039	0.31988524902459
-0.0291010342923918	0.0243008063359067
-0.244215347580989	0.281676550949191
-0.0101229635083704	0.0104089140962469
0.430739262529644	0.658218019020922
0.00232928113258422	0.0017347576224793
-0.227401294063333	0.22158473446777
-1.27898312767622	2.78503028640972
-0.0535769163899847	0.0533543805664893
-0.472273007207782	0.829521558711634
-0.486957205446555	0.464150207146119
-0.421712590105112	0.378924866320992
-0.781565522518671	0.6864995765964
0.454068325914594	0.342890543163995
-1.04937451910403	1.02764376031479
0.228533835243529	0.164074926233267
-0.159825733398374	0.0992295095777428
-0.19981131557334	0.142650435165832
0.725441685141525	0.791943400504957
0.0876641419798246	0.0461074829435489
1.27052082714032	1.07186827058505
-0.140319439415861	0.0624324595217767
-0.232266836468261	0.204110342289114
0.0780094395620446	0.0287317627796464
0.830943736789914	0.4266882109168
1.88832577478782	1.13767582074506
-0.283816265891262	0.0940046780297161
0.463163017399524	0.161706881929458
0.0848555180901583	0.0278086846492656
-0.564797725243567	0.298374159078433
0.0633047026910337	0.0286927046400655
-0.839931367129846	0.374943853029174
-1.78346459010975	0.415096457236971
0.250201883521283	0.313782464818311
0.139008964424468	0.16635033724727
0.38703775606727	0.636957158368849
-0.55790478638478	0.941224987461883
-0.315498598230923	0.400623913876471
0.196500213628177	0.250269532640699
0.800546806986466	1.435537697451
0.09925261443583	0.0969548493016192
-0.0860994836580699	0.0896399186838046
0.493723120265799	0.758742683023396
-0.142102047732819	0.170865751138019
0.151072287033746	0.201206678259533
-0.708733818004576	1.09632687029427
-0.298946706478908	0.297701254651247
0.880122210611851	0.979101310039617
-0.48047639526223	0.525244493569704
0.0407769990224566	0.0365841488789201
-0.288804764251769	0.363628130329724
-0.450754728316841	0.583945999445374
0.395374725289834	0.513543906789409
0.26711600991547	0.381657928540112
0.296625436362787	0.339266396583785
-0.145372443443782	0.146793512331215
-0.0226977445361683	0.0209344245360437
0.630636271947034	0.970988753997508
-0.34928263767386	0.607587264624549
-0.594371221342085	1.27308535499049
-0.371497389084277	0.501507121800535
-0.147036198873149	0.147956623675114
-0.0749862197175012	0.0824684233792217
-0.893516150631246	2.01327938910959
0.0271580653438483	0.0312954855896987
-0.602761903680549	0.83335782176137
0.209032412777109	0.176082590264128
0.354493417355171	0.341292049736161
1.16435745013168	1.60584874976013
-0.177528064277656	0.129707845201735
-0.0925450554078885	0.0626033174086822
-0.158661305561936	0.116340496519467
-0.0897461920929718	0.0606215390092236
-0.191252585104135	0.156661289614758
0.972561992055266	1.23883308434165
0.362055781069986	0.239826392781126
0.453878699788233	0.343704061322378
0.991515768585571	0.461987203044548
-0.135592142107382	0.0598171888351637
0.521976176784829	0.36533828814217
-0.0946941254922557	0.0487656806194773
-0.57328989078412	0.304862337665967
0.0495776564649328	0.0449637758348893
0.0650781408378272	0.0558118392707226
-0.0503066784356885	0.0350674180710363
0.215382028383205	0.220031859121032
-0.0421782831798433	0.0383571595684391
-0.0742619074465643	0.0652350950501478
0.442137222968276	0.350669618940224
1.01488527557466	0.719606171494384
0.343753304890941	0.330150863687853
1.02057725071702	1.19336514833811
0.114285589970302	0.123731494757096
-0.32482681278847	0.366571299312234
-0.0224353967472047	0.0261460569894311
-0.470068220674946	0.765166455093089
0.243518163538717	0.325802061291771
0.168573920721096	0.21258067327998
-0.530607289322791	0.80980462751477
-0.192046061643252	0.215923114322334
-0.448379916574314	0.640072692274634
0.140731151524838	0.168961855887701
0.458935810641338	0.661645493419366
0.207138918300108	0.175362108398691
-0.277694579034112	0.15163951001884
-0.517175254389875	0.405159563487464
-0.236654699479251	0.137265667445953
0.537550786711859	0.755333752776406
-0.878499150363773	0.75571608083216
-0.196597280363455	0.192183114887103
0.13276934081673	0.159871309719246
-0.526561597802012	0.672186787587011
0.162786072544521	0.179443386145509
0.422308261939932	0.516694103805208
-0.447539264084958	0.610975645164638
0.311261096922058	0.3604960002693
-0.483174137867421	0.556330363830852
0.159202076329096	0.163258004087328
-0.151330267481577	0.152933980837811
-0.0812601482765366	0.0778403782786408
0.298546240138521	0.250396474149928
0.575109726066864	0.477273049095465
-0.422065920300591	0.30227501962116
0.301504804126704	0.2447595887336
-0.416003710676645	0.336566095274104
-0.15056498609512	0.140144719447883
0.807900661990546	0.853412654388001
1.35699398766937	1.41817347235787
1.16014227555984	1.2772029894909
-0.859858168955483	0.938434448900367
-0.373579818460764	0.235816325074871
0.0736369275090234	0.027210195538483
-0.116894561185268	0.0562891659116051
-0.14244365893885	0.0637815924345432
-0.0753421836520656	0.0519067895434793
-0.342794062208578	0.286994865792026
0.132910343749074	0.171170964161802
0.111363099914542	0.112170546915292
0.207949225048313	0.22504388501698
-0.277067999407562	0.258744716867101
0.289229159819225	0.362754801171023
0.621033887586622	1.04654150363713
0.394283192458946	0.419848754685407
-0.42318159426206	0.305129424039624
-0.662493572179941	0.487366728887445
0.867773284663021	1.22839878962911
0.0314322478598853	0.0211726426725202
-0.315185507388311	0.440397588962187
-0.287554086199905	0.401037254728665
0.224983435375797	0.353432994753839
-0.278464437147118	0.495268398115607
0.0780057508290879	0.0994764407503123
-0.0256582592973857	0.0315152837141667
0.569011901435782	1.38984101086787
0.0481513106569529	0.0547109274767717
0.185111237617169	0.212382759045848
0.176235335235661	0.258694553953798
-0.533953650621998	0.900131430014984
0.0327151420652021	0.0269662726486598
-0.430362624102139	0.308984050231058
0.22121245018352	0.140408203697219
-0.0311530317152167	0.0225581962546102
0.92122711731125	1.94931164757707
-0.0541524718989606	0.0435799043088476
0.19208320720758	0.236689805370464
0.0306200498367121	0.0346853635001499
0.0650677210799724	0.0627678284548346
0.703679223269603	1.19436156173231
0.795874947750667	1.35354701615715
0.474256846639727	0.808289019718328
-0.246879656807733	0.347016301713425
-0.037040491260329	0.0405160812199465
0.105089605756888	0.122025454547744
0.01020851857135	0.0101045813270575
-0.224071388706812	0.245096132984024
-0.348523303648624	0.433351539918947
-0.365588892188198	0.58436240480807
-0.0803978448182322	0.0856288043341977
-0.152946446809811	0.180800820807315
-0.109778896975675	0.117677601691944
0.43723231341549	0.343705493921853
1.24212551780668	1.32613417526045
0.575100958055721	0.564178494254677
-0.458440446824444	0.363406142364873
0.56588926024817	0.547473069585567
-0.919928348766699	1.10887107793548
0.342514103706628	0.444211351207472
-0.163985336055286	0.121771763599737
-0.603157676615823	0.604021998056827
-0.741782591658454	1.02453668050648
1.01180920399383	1.18412656984722
0.131945333451365	0.106551094188552
0.310170755976822	0.252274753299987
-0.377732690737738	0.339994988647553
-0.619927764970192	0.516561493679376
0.227429669809231	0.136621365990356
-0.184483898020443	0.282128405303099
0.513618856517468	0.756607935255158
-0.142114037757244	0.153512359012711
0.266762817431073	0.264245459506036
0.147970681209601	0.158672420311602
0.0465969683816613	0.0441944474551849
0.358831700072765	0.414134452336266
0.510579570790515	0.446991580885547
-0.671272922774478	0.497095662901063
-0.507737735251824	0.551580070608831
0.13280933700265	0.100384510123368
-0.587418753940902	1.03789484163398
0.385616742081516	0.578752983758963
-0.488303530041803	0.798985366531966
-0.350618237953371	0.566217496214393
-0.277242261675161	0.430905861355362
0.179349414173108	0.268979467639926
-0.470044848445872	0.916909790244245
0.27762167408862	0.389238335433702
-0.248135402560489	0.339926010057847
0.709032420252513	1.49625832286489
0.418407455054753	0.59307977434729
0.0757251590663132	0.0614915401322684
1.50887174444886	0.732386958014986
0.645960727793536	0.497062124048164
0.335721460192943	0.246419399009521
-0.133513717785775	0.155186919205481
-0.140752132905502	0.11604917165941
-0.229516949887733	0.300363483648019
-0.101944427383095	0.118271866628973
-0.0567656608628292	0.0600600475860249
0.118554846623467	0.129895159019269
0.0732123715094247	0.0710452733965375
0.0221993821949823	0.0245369638999505
0.514635280964605	0.928980774616318
0.0602611562880706	0.0604365561130696
0.291300410623708	0.384522880862602
0.176999289914431	0.206725021418701
-0.0354046354556073	0.0347917426892636
-0.178376768926135	0.233061921513675
-0.000357616671552842	0.000284372961020141
0.346035478285905	0.428633326783626
-0.666272866264619	1.2434283098098
-0.196308030524662	0.234482114391077
0.429381272368492	0.352341837839134
-0.0620989114834242	0.0436592333334975
0.413441680820481	0.241177660804517
0.156949327008786	0.163748981252876
-0.577574110516794	0.537419612867232
0.132364675865054	0.106811436943603
-0.0478558216252919	0.0342102485781929
-0.227976828234372	0.179637113912839
0.10624554179584	0.0702609046237536
0.204896772922886	0.156332727952568
0.221169367313025	0.13996065277374
-0.610919509859723	0.510882703734238
0.0742994449067832	0.0391903858695579
-0.508177192021268	0.442721962057153
-0.478608994736439	0.336081135071594
-0.333957197240212	0.309631437018833
-0.929164854761553	1.06530526483141
-0.717227500540028	0.693183877962559
-0.105949644595378	0.115236118085349
-0.302711083543753	0.256844303574294
-0.0593892174639937	0.0772579119893021
0.123133995450582	0.166251117487132
-0.408901463176309	0.660509189125748
0.0716393130747615	0.0720282446684293
0.0726578827974161	0.0592720969221044
0.260623557673917	0.388275710063357
0.333276521045023	0.471481236086723
-0.00409884036892023	0.00351113467640091
-0.0547389212951174	0.0381973943149482
0.425632688046927	0.346919140315533
0.2690353361753	0.259430495883297
-0.870596381584227	0.747629778476403
-0.27362970220671	0.426747927929702
0.34914752626971	0.512528997656742
-0.153417931289632	0.210854910930685
0.128616893406523	0.14999793530444
-0.0495584023897142	0.0488832190244952
0.265267605085264	0.438612250231037
0.588789978738204	1.28226887726191
-0.55440269686983	1.01638903654027
0.133776044328194	0.161455403166249
0.312343149458964	0.533020105075339
0.213493571120248	0.310273442684356
0.0421706710955956	0.0378837030615103
-0.0892964129039476	0.0705039165713421
0.319684933959941	0.242125036085541
0.394476519891135	0.421594561621499
0.0875915004709223	0.106166405691919
0.458400157201596	0.531766001396739
-0.252369462474432	0.328452602716912
-0.319042427109444	0.505480834871144
0.238954723458539	0.304130476199338
0.365916430818309	0.489807368010319
0.256764316763176	0.29052362056876
0.119906934152127	0.149799111748868
0.762171667091655	1.39638673267489
-0.202897325191031	0.226510909900485
0.163743538974258	0.174319075116725
-0.567733105616312	0.817203634861612
0.154169834813238	0.180593992500761
-0.671696236943402	1.10815711430061
0.676463185999007	1.19636895934721
0.665681548680411	0.999736964130796
-0.0739804856128245	0.0773182295468235
-0.254434702910509	0.255053330204238
0.668637428863779	0.770640339348172
0.669473161133176	0.603712000998686
-0.0390836572283567	0.02221930918959
0.104334854252517	0.102594629558666
-0.857498718341359	0.934305080297153
0.00948117774920558	0.00583383922409325
0.102589322786944	0.0672380614612138
0.848416877805029	0.874181806595272
0.715139375885325	0.621395646779957
0.208083834512169	0.154470983899105
1.24236802690688	1.32884259458197
-0.55385024861995	0.551310266844511
0.0760829711766106	0.0429380255092388
0.121348884221662	0.0795950694144534
-0.0486451624870931	0.0337251151239189
0.217998320484567	0.150701074939333
0.997874324593597	1.05533866991998
-0.592363931222371	0.451203313688986
-0.101131097029069	0.0782058911388136
-0.264705614957263	0.208091279027284
-0.338709043527533	0.284982948607033
-0.740822422905023	0.440190489481853
-0.286957000634207	0.366535000212313
-0.279167684444206	0.281521314998295
-0.276121514040016	0.435340331880523
-0.131616351118084	0.195823991046876
0.794278148351171	1.78777574774366
0.165439447949795	0.205299314347516
0.580396727223358	0.805837643088712
-0.12570657438349	0.15917967663801
-0.249178279271913	0.345448043447884
0.202778945370336	0.211684283490376
0.292285316957288	0.244326966757119
0.353366537827361	0.34262014320157
0.156882761221608	0.171762869598693
0.127906817920631	0.108235096923439
-0.319595250550074	0.462129442878278
0.166573270003049	0.223918510875872
-0.187904502699024	0.263450661497127
-0.336527135928918	0.466654009058408
0.42582459906521	0.583300937831053
-0.4650967683935	0.708337736787728
-0.0992989957951125	0.102341174410413
-0.403060454346034	0.565142987349098
-0.0272548378399731	0.0300050816785478
-0.351392053280992	0.595497619104187
-0.0614828201227495	0.065332537141754
-0.238842107399875	0.262140325131443
0.302487451564907	0.25275516175751
1.24637495803294	1.33517887595361
-0.710550586977127	0.931101107545962
-0.00466678901847806	0.00541961376743492
0.13293722159279	0.151602536919316
-0.137822254631564	0.167501121718341
-0.294015264668665	0.429359284245452
0.0187836300247917	0.0186956097250496
-0.0377427640282972	0.0348044286269808
-0.457639120813077	0.614019390029464
-0.345967734075502	0.441287805475501
0.192129086181771	0.197285803344537
0.398585315009406	0.484125789269349
-0.612506637251455	0.83971261589306
-1.08752059571129	1.48361545442676
0.454248267072936	0.526805462758356
0.0350850052061329	0.0245501433092611
-0.408896528576101	0.508939406398166
-0.301852282336676	0.300453091945605
-0.41486127839854	0.461372593065642
-0.442309764763988	0.453947167596463
0.493428567134663	0.52110665377893
1.01557341920871	1.16386211788472
0.520600350533435	0.462415205066144
-0.0705207541327442	0.048342931194518
0.0707854237034065	0.0348305444463603
0.313214741782107	0.349760042539022
-0.488129778865916	0.341917080226479
0.0883872017855718	0.052354546878022
0.217026233044547	0.127355833765222
0.315112339295665	0.135345314108269
-0.875190305634043	0.758843205939501
-0.684291534385532	0.560322686553366
-1.08533157240442	0.96837055515244
-0.0703829328429326	0.0379524104369163
0.321648395107452	0.139081157060614
0.0724061991916322	0.0327087208713474
-0.287857823249792	0.219422964431129
-0.236312597883099	0.136481974861777
-0.0684755410382994	0.0368451520522212
-0.287687532638437	0.347982824989498
-0.179741335507744	0.23800125744202
-0.134568898264887	0.17415218807791
0.0269958008709209	0.0346216304557135
-0.383028953083244	0.402851408389718
0.209345129377546	0.374164296854499
-0.476948453284417	0.489953222555236
0.365424170983385	0.243108862339948
-1.75027789882354	3.24814323812167
0.400985796985315	0.420141134903913
-0.115306871357781	0.164289062895451
0.522841215985749	0.609045711704415
-0.139409552405389	0.118429442580865
-0.00715108200061226	0.00727063601242126
-0.083345472831225	0.108402013818623
0.334008210833908	0.640781653470821
0.401209604700648	0.641254781271896
0.218328956046386	0.35078085216885
0.0370749062483939	0.0320825652896573
-0.187975415830499	0.266327021240153
0.0647695548277802	0.031782560372761
-0.134808994564543	0.0595087264587611
-0.335018629639801	0.168295375574655
0.0782007673981939	0.0284159239922013
2.29734246650929	1.1203750831082
0.211654122102219	0.189036383172826
-0.63791741925523	0.40734318680168
-0.36883228903247	0.233079307145421
-0.240949626165362	0.192512656006096
-0.555070416742676	0.707246415568276
-0.147761806703671	0.204743965797079
-0.0236291733168032	0.0319142199280444
0.112777771968014	0.163891364800985
0.37884966434935	0.409746770490847
-0.0712426596375503	0.0857224990802449
0.420112241991508	0.346588739043626
0.720917458610048	0.71985162663783
0.0995290163840514	0.0973336864382834
0.147421600469588	0.156759109239587
-0.16491602670651	0.25476740542021
0.468557085842939	0.164670323898188
0.316342447581535	0.136971796751973
1.70352453606269	0.916520218890082
-0.27974678609119	0.0923967925857952
0.0780670570767601	0.0258238753791963
-0.196577971897153	0.117582334484127
-0.841785845266897	0.373660810749392
0.529029799672864	0.263988616341318
-1.87177717005934	0.772948358215421
-0.309497222294925	0.431731987440941
1.38090878996102	0.822801909189956
0.625409925972999	0.19358581281195
0.618026686577027	0.192199402531601
0.623126048257491	0.194216648284533
-0.280318435983856	0.15296982099148
0.305350104581597	0.24876696561942
0.0874898018186093	0.028639947933677
0.462187648628203	0.161136949813159
0.0775803705633346	0.0255563265722586
0.622619267673717	0.19534691993008
0.217435874863899	0.198632928019639
-0.840618187088832	0.372490174678596
0.371138402418021	0.144186010890702
-0.639889036078419	0.155465657511814
3.61854672806477	1.38893852172017
-0.390970925105678	0.113585794693815
0.626057398278677	0.194690437073751
0.755517908186797	0.307173390053284
-0.636818099084377	0.155245621420264
1.42618191837161	0.461642678393369
1.54791228505571	1.03014853925411
0.291488197418568	0.251024415978156
-0.0170429523362218	0.00999985711622229
0.00749923945893095	0.00562551061272215
-0.521035650820981	0.402059104182904
-0.332727703945853	0.381060847465032
-0.332427618661337	0.482240535514859
-0.187977261267984	0.239932069492816
-0.368932171721669	0.567625807302448
-0.168322265329765	0.215761286550357
-0.476119667955236	0.784718713235353
-0.288175582753423	0.445014635572197
-0.0495529543534913	0.0620451702622588
-0.509805636768877	0.77766035799289
-0.309533452257599	0.517102122381252
0.198707583986365	0.161868517872894
-0.461931100766164	0.410336532824626
0.249745442031082	0.278580914902545
-0.173971357900187	0.184516507954102
-0.342053697485161	0.545244850065403
0.24696833668362	0.269110598759192
0.0938166043340326	0.0866358981897335
0.0917613976114725	0.0840411837188547
-0.243470031170687	0.357983808522544
0.230468489687603	0.368221111411568
-0.195682314200856	0.262254386242246
-0.0391227728559661	0.0456978352537713
-0.079742181934874	0.0638981884612511
-0.481613987618063	0.735333073458165
-0.502214271751908	0.438574878245537
0.0776982136963664	0.0438664615865272
-1.75418552315664	0.992915555773033
0.0671605020834481	0.0273199051999313
-0.683264488063638	0.330988943110699
-0.148803444528223	0.112324801117683
0.33963417092001	0.2467110905068
0.563846342531278	0.466134958985038
-0.199678948956613	0.142168014829266
0.205522494681001	0.208435252678954
0.174118207148023	0.212018712021172
-0.820813879314686	1.93720371417018
0.239576661620444	0.294947017027813
-0.265266519328248	0.248780454321433
0.749474992639011	1.36461131112153
0.196217826506993	0.155032595496488
0.595519851159249	0.565251147569971
-0.199851469851415	0.142133332398869
0.342819050417097	0.421341747933534
-0.324558169122195	0.45444274514925
-0.0900097153655803	0.0462368843913782
-1.54983850398983	1.06653664874248
-0.864275916034347	0.473133259088431
-0.20217393918871	0.12195308624098
1.19476831939506	0.628095097032684
0.464441756715815	0.253125728291825
-0.215643000776201	0.0793338764916521
-2.42985253045988	2.1683746448577
0.0665786132421633	0.0328508011251808
-1.13705311432554	1.62613734190229
0.0648571805446865	0.0688069003268586
-0.573301307941835	0.956087968650661
1.77873029868246	0.684469072770882
1.78018644761027	0.677970975097183
-0.159332800522122	0.118245555248119
0.621544457108297	0.377763348044639
-1.33929532530804	0.611503303249929
0.373426203321584	0.145712820367284
-2.34976503367191	1.20424485680195
2.05201860995737	1.37735733318848
-0.314919241889214	0.209083586491111
-1.16677175880733	0.353813253690907
1.78004190881562	0.684060345345096
0.316441276516953	0.136738196757276
0.163198318954765	0.0319050580443516
-0.289010527972478	0.0954623470694033
-1.08738636458277	0.437367629354033
-1.78346459010975	0.415096457236971
-0.683390398442409	0.331906337737422
-2.12850876134735	0.979215572961026
-0.500525228988682	0.437378924306953
-0.102444961827724	0.0688789500267177
-0.453292857424951	0.400783112609828
-0.0487910864347995	0.0338345479582033
-0.749643619281175	1.50072520091177
-0.245404427770811	0.293837636584097
0.0156313378187654	0.0158216689831964
0.0609589706991727	0.0709789119277547
-0.228081415079086	0.314614543058123
-0.272224902844437	0.362409094067187
0.0785618165434085	0.0814168176713184
0.0773556596950911	0.0896806710130034
-0.132971955712884	0.172036747335577
-0.301332091702686	0.388952779866931
-0.16042635964395	0.194940824497877
-0.353482057962412	0.439205492621411
0.0754093334203435	0.0643888657518541
-0.254023701239338	0.242262108967595
0.117128973918551	0.122352209927128
0.212266782558831	0.271361370403261
-0.358488519824916	0.437004844164969
-0.43558781614685	0.51781259416589
-0.464402649154329	0.726706956890849
-0.086056463240735	0.0899932547039448
0.0731329758641653	0.0811896756346705
0.2525184271909	0.311116328458685
0.186565578326626	0.238469071688344
-0.41517652924982	0.542726156818523
-0.0186265433545208	0.0174294486533337
0.481416770394935	0.454032841832926
-0.202605533641474	0.143111095030762
0.523448098743864	0.258382678137156
0.857945189164106	0.884713156432266
0.222983064322812	0.140552233400758
-0.802714841096309	0.93015942221019
-0.449381558144749	0.432028662215829
-0.34603371428091	0.28951229786391
0.262565825673777	0.245998127034301
-0.501026842836841	0.679428887654324
0.416141951453981	0.495698318311812
-0.369367163681019	0.550518881231936
0.0653295313412186	0.0633650636407492
0.631774474921176	0.816771249076398
0.114109764032889	0.116805273296313
0.2708491729326	0.243650105041145
-1.36504393321871	1.80807927230919
-0.404678209475269	0.417640212239788
-0.618731246194848	0.926752667972929
-0.575270885537029	0.868501038764098
0.215205977132486	0.141533506725925
0.629843064331835	0.386903623423407
-0.568801837408477	0.302436217294843
4.14422800089266	1.93795209193351
0.771258088268544	0.528751165102119
0.282250234842118	0.134732300618729
0.0754477196971832	0.0402739012400423
-0.48504929390687	0.278517789963487
0.0849507047437414	0.027801683375597
0.614806755651681	0.27354086821737
-0.331581953077798	0.351057899083744
-0.400986105524385	0.572134625259822
-0.782813579567369	1.38625429261786
0.559757927602604	0.366530140723933
0.436038468150496	0.344922174884259
-0.737623763002131	0.442559248890638
0.074234472888677	0.0274305829074115
0.0674308452192833	0.0303923804213055
0.615689716804824	0.277633042349534
-1.55809261738805	0.56070230461001
-0.330786616908184	0.306501070830335
0.13436303694843	0.0332886519978548
-1.16395575317034	0.351212781854335
-0.173826227316092	0.0707120984295597
-0.865705245233665	0.476122294804425
-0.105017185733235	0.050293548479469
-0.285272530361931	0.247237114164932
1.57628792020119	2.12610794758261
-0.940270465692114	1.01317444132096
-0.324453233888217	0.536853765092958
-0.24762093262855	0.334661225878281
-0.391167724976776	0.408890310909198
-0.0819006561926671	0.0860038437008535
-0.258765103402406	0.357368130949943
-0.249722372535356	0.353034328190487
-0.279938954925024	0.402045038466186
-0.0680214863651007	0.0709952901676999
-0.32985585579731	0.582671692724958
-0.275176595770353	0.331048287475936
-0.57878776682735	1.1898164394354
-0.938087922450075	1.00908663283311
0.669191021166195	0.603444892969472
0.134200237265885	0.114305054160822
-1.03213409592443	1.61154184059242
0.0966135046263681	0.109748660993524
-0.798599541023018	0.933493918112657
0.281224730755351	0.253471487396306
-1.05310198804814	1.55768054930012
-0.172729180237463	0.194389566703964
-0.0382944019685287	0.0407180450717921
-0.203145537893447	0.240819219871064
0.21107664173018	0.257292821052023
0.270219299027495	0.239792467871833
0.150836611127226	0.159207461268968
0.618360564197279	0.278770610344554
-0.390051801530363	0.182053698964236
0.0707880249212882	0.0260206083949691
1.19962351531859	0.634328594541525
2.06205091907633	0.901569568491196
0.0867449349729035	0.051742069928901
0.874562389266177	0.556167154183559
1.27086377029931	1.06956282281831
-0.372193330548758	0.272962895895508
0.117444548995636	0.0977718643269558
0.00626527543222341	0.00545005591485344
-0.322285646053737	0.504317576048637
0.368542084528816	0.506133669347481
0.620282014444992	0.65340849065861
0.338251980842323	0.425982814863213
-0.739565709276973	0.434966511740802
-0.884583725940384	0.678688143830316
0.671777316707441	0.600994098226605
-0.129340322329273	0.107899078551952
-0.275608068815118	0.28269632347632
-0.573373799843057	0.301986953068487
0.826613574318771	0.42817474832775
-0.113772314005725	0.0553043041138845
0.818048680443369	0.415258473243698
-0.17371662472812	0.0704101840588028
-0.138284114406264	0.061835051945103
0.0845094585033182	0.0278486404260499
-0.58804965889281	0.228034778047064
-0.638944530069775	0.156134678840522
-0.389961680664391	0.114106955582715
-0.289438750145082	0.32703585037108
-0.497770137286868	0.661281001666144
-0.169339811199296	0.191844834652921
-0.242063344170332	0.294876656691735
0.0344124116139617	0.0344960079352219
0.0594866587799431	0.0561606395487826
0.562918949238466	0.366551884753866
0.100542205310562	0.0293103472403775
-0.583890069772683	0.225365877892044
1.42336872762447	0.463841960726504
2.0607892758993	0.89870825865077
-0.0999427403175802	0.0776510891026918
-1.87659941150928	0.774465327119428
-1.78346459010975	0.415096457236971
0.373472638679995	0.145314030844487
0.0703892617745331	0.0259227138519428
-0.803615611397978	0.884738535137402
-0.109299310742866	0.0720369124550343
-0.338768314343401	0.554821942876524
-0.447724820386607	0.910559364101064
-0.334177406010751	0.561730299519822
-0.516732138342971	0.527708067443922
-0.679750331970504	1.20627532381366
-0.254436254617199	0.364773942344735
-0.121685191812984	0.131340434453304
-0.109138936293165	0.141987643630099
-0.226009171752832	0.351888347735075
0.0140201126465994	0.0109183196813635
0.276074691671241	0.447539453378562
0.11645784114929	0.0846421343985369
0.579643520858596	0.481578709149659
-0.00218474746764181	0.00165335932368328
0.37936775064113	0.421857478544313
-0.20448500006018	0.288566507443262
-0.464858254808457	0.36939965956888
-0.364392933822001	0.387996494910736
-0.0560413205363547	0.0516726249726251
0.0872593290330216	0.0980977887210765
0.385821064326125	0.712317868877886
-0.109896819553871	0.11074990145292
0.000513595497975871	0.000562640984837238
1.0898037901906	1.33444028215066
0.376090419239441	0.500148637184888
0.387340556087927	0.244498432146679
-0.835027925322749	0.369095535792036
-0.174544243451619	0.071033979372833
-1.16566845088931	0.353063396931639
-0.287711925853366	0.0950016823367727
-0.988308280717556	1.17372308559107
-0.575191339660369	0.307244610575221
-0.87679928509855	0.577602989721526
0.899159523757699	0.66658867180195
-0.413079686790947	0.334608736938293
-0.213442405147888	0.263883000544159
0.180044294429727	0.251356231184341
-0.325636776096652	0.555056983510875
-0.148359876008158	0.109626590777345
-0.00884544682316125	0.00834342402970865
0.566441705450278	0.372070155222235
0.283721371694984	0.134717074238645
-0.213529090878673	0.172864841706967
-1.04764823818921	1.31900572888167
0.237564786450801	0.290630167317132
1.00430131802007	0.463960730115574
-0.390466134450405	0.114207620517753
0.31779719093561	0.13704953791404
-0.395189973209262	0.114864985581358
-0.222984848817832	0.0820010323139345
-1.34335827825194	0.616310037678989
-1.05324956927174	0.530751565527528
1.50327542339675	0.72323220136473
-1.56390564122763	0.562697971919826
0.0867103564340368	0.0285355139239009
-1.08923141279672	0.440851756420907
-0.279172802554488	0.0916729716244053
-0.380466608512655	0.175624041568273
-0.231647840390599	0.161249189619645
-0.164380514214259	0.171626716451696
-0.0356950453848194	0.0324885371208106
-0.666154764480025	1.10453681227893
0.0100132857487669	0.0117126508904613
-0.169419498292529	0.221080908217921
0.144073422621162	0.139944966036402
1.68736774943856	1.59242909293718
0.635176741245386	0.477153347033942
-0.389819593414635	0.113165790285367
-0.387537698572509	0.112635492163704
0.133925459616961	0.0333863221239572
0.0838269217908602	0.0276906273654729
0.214890583839104	0.206391920897555
-0.638944530069775	0.156134678840522
-0.279172802554488	0.0916729716244053
-0.776759344309517	0.269749471617003
-0.449406986010737	0.39620028534679
-0.376585692422061	0.636524242927261
-0.198116975383327	0.259864128389354
-0.259002330934686	0.408974037336015
-0.148862201164597	0.147764108706107
-0.277364077261756	0.477782846026329
-0.732844155924333	0.889513405647034
0.0945940983514913	0.0564454168186726
-0.0273641831681274	0.0201441270311786
-0.912208192797602	1.16312390221447
-0.279203837433277	0.420116467618159
-0.473015816230783	0.484787051719852
-0.981274636064377	1.5467645332328
-0.305097720841354	0.408386249808947
0.545846151154396	0.992572916795365
0.513378623102785	0.971157247988856
-0.161630633869418	0.211051622688857
0.22927782590171	0.356568665699206
0.199201600896899	0.189188747658419
0.238225740732618	0.301549695035265
1.04625559945469	0.972720961333015
-0.737115095913232	0.442790609860602
1.71084242547691	0.925403208465477
0.937962398102675	0.808620912404504
2.19318587179281	1.58486690873677
0.97892439859133	1.24509110770189
-0.690398713564886	0.33467715968388
-0.71309810453945	0.639618362079195
1.39642640427008	1.82792901354332
-0.180175290087586	0.146036657041562
0.178728958349522	0.249292199299757
0.110087732939374	0.134617334672812
0.139145834353532	0.186877934335031
0.202392029008978	0.164238775592031
0.00310583109645168	0.00299173096865508
0.894027995527443	1.18452065296986
-0.0124631774394193	0.00745124970456001
0.34366041244085	0.240626111069686
0.384444375463892	0.347221090586675
0.726542193517863	1.194475704799
-0.110604073543776	0.0535515465407725
1.93628763106077	1.68234866714877
0.0854460073255212	0.0278533765603429
1.78472274268225	0.679550235067051
-0.833255111423219	0.365084488981695
-0.56882832269146	0.300828330846033
0.752928386063156	0.307680866029832
2.19817545510627	1.59961629392329
1.16779979731775	0.763698676659221
0.0761099818923021	0.027869991273695
-2.06599383471935	1.44257116517026
-0.840618187088832	0.372490174678596
-0.682178967945366	0.333039253763699
-0.400534050670641	0.436951384450847
-0.285807548980221	0.344720541615707
0.282138072489744	0.372835794176704
0.118300007571487	0.153717086314892
-0.229338302260701	0.327362620279976
-0.23208938772029	0.284405970823592
-1.09551917722826	0.985676955120681
0.197098967207599	0.270665420844579
0.975199871719412	0.360229309149372
1.35454824692345	1.40876718245124
-0.87758977643574	0.819995470309299
0.073132062859829	0.0241099594081858
0.524701774449903	0.261424135640367
-0.781175146625666	0.273344967541787
0.831559884576729	0.428051522247762
-0.0449677197961793	0.03223796413939
-1.16566845088931	0.353063396931639
-1.78346459010975	0.415096457236971
-0.120224200719333	0.0575085731699209
-1.00883235616838	0.732681106851373
-0.156874945148283	0.198066577552494
-0.112318559921796	0.151465429722031
-0.0730887357730931	0.0855426740775902
-0.0820346842842307	0.0908507400391181
-0.231474740325859	0.323169199801094
-0.256432362258607	0.224260482358071
1.38112667930825	1.93585503338713
-0.525974323772977	0.697906447044977
-0.324200253611733	0.392604606082838
0.0806280974081241	0.091940736380675
-0.0839065621482126	0.0668565508220939
0.345939500680101	0.34245885368988
-0.0765025368482305	0.076628179206116
0.629426831035007	1.27550663282836
0.130688443115843	0.160744857844077
-0.00764911412700234	0.00783253018568474
-0.473006762921135	0.796802720729675
0.612736742092248	0.724218934004528
0.202098885521895	0.192590246690997
-0.42106980121989	0.305630288288469
1.54012046354133	1.01895971165508
0.624394931258698	0.379706858756015
0.981398797055497	0.357521312621534
2.50019536089335	1.34921753145788
0.0232519336276263	0.0156517481398702
-0.320844090220131	0.163035839980288
0.253546900300812	0.131903644030945
0.0278145589840824	0.0187871294174881
-0.502585053739278	0.583354473968394
-0.293491123943164	0.404277365444087
0.0273541065503998	0.0310273642513335
-0.0153661078607061	0.0159798840365231
-0.0616990550083695	0.0434699909102961
-0.0373593213221554	0.0364439542375126
0.194342193313946	0.162482727814706
0.483706755167748	0.352742508843314
0.789168086805242	1.09242576327738
-0.240227916093911	0.230838793763839
0.332123053445098	0.450665737815766
0.648671926597418	0.496710621015819
-1.91072121621204	1.70149726008602
0.100674308760322	0.0294967719119431
0.0698879183616	0.0256196938993747
0.769521351204308	0.522683269795282
-1.16610275079213	0.35308024748219
0.528302092837199	0.263433613546199
0.0702479564229615	0.0371283954888336
-0.462469311608504	0.194816352344482
0.467113117241736	0.163361716762765
-0.590760082643151	0.226845108093736
-0.489934259998118	0.466430368948543
0.444664530195644	0.5143159276883
0.292655207921904	0.371836571612114
0.0887967016739395	0.0948848098290924
-0.24161605158931	0.373842144939551
-0.160630678480485	0.235504332483715
0.0642108902059583	0.059816560078707
-0.616248980035065	0.520291895517279
-0.868411456100872	0.476886243304766
0.162648415412612	0.200539128607027
0.16296183916371	0.191018265540346
0.711224518623223	0.402566101439273
1.42336872762447	0.463841960726504
0.645259024487359	0.684574231770719
-0.0934000224377211	0.0480841050152081
0.998413455338397	0.470161902017132
0.0786087004304239	0.028953787173917
-1.78355593853231	0.415040398756502
2.76098037058925	0.812188394353738
-1.7208475677605	2.66145501273141
0.0958893779618936	0.0279651116674016
-1.17148606342711	0.353067612488471
-3.78854104643426	1.49270568093256
-0.639596283054735	0.156460136265019
-0.565956714242111	0.298546849524922
-0.425674554692596	0.627198965898971
-0.192622873719498	0.260040883934515
-0.831451822966747	1.20599777167916
0.0965415393630251	0.120383042049079
0.334239512668132	0.32713314885553
0.351710386824442	0.328084242743167
0.389652258662298	0.425704216230915
0.10476247723845	0.104711299666321
-0.64587489589523	1.13972852740789
0.0756704124842266	0.0632952865204019
-0.567432598419524	0.605269369369434
-0.215228455776157	0.208469722736226
-0.504151029433159	0.765854946951072
-0.0511236545278798	0.0580622214212295
-0.0137547929045857	0.0129994251905864
-0.605608651055098	1.26479465590925
0.0431599961403296	0.0312885470040136
-0.836518445970376	1.48151450337966
-1.80760690220753	1.5130658906969
0.64482197950748	0.487325885366024
0.241257800795537	0.121332428918318
0.240267514384601	0.133856023853721
0.238741658173948	0.13349920680812
0.578272850402805	0.480513628552412
1.15100254931481	1.15628971458849
0.648248056724735	0.59747651067323
-0.111053755600475	0.0847481834178337
0.278056771692417	0.234689865330258
0.321083970179135	0.444331103512915
-0.241512059930843	0.356191490192409
0.00635656318246437	0.00652616903050325
0.319486221639616	0.324866031716374
-0.109950227896776	0.11964022099703
0.505210313665912	0.526799248215542
0.0959286746733935	0.0625178347992777
-0.522277748420525	0.602651098180505
0.192833810201531	0.208797846228804
0.195833544852111	0.266533615274818
-0.0914953167037921	0.0470377910442445
0.0838269217908602	0.0276906273654729
0.612039975334197	0.275189094957215
0.315862936519272	0.136055499649238
-1.56674909006963	0.804616262588924
0.622421067634004	0.378992053877358
0.0736369275090234	0.027210195538483
0.943307191730414	0.815495052337336
0.711136782020848	0.403509729686404
-0.273199473632079	0.148864135960295
-0.782146453645927	0.271404367851447
-0.386750460342786	0.180456133649605
-0.732659191376879	0.436914335717649
-0.429226760873337	0.600707046977109
-0.633643846444474	0.571808918755306
-0.458419380156664	0.533859872785546
0.497479019574995	0.607921427959527
0.381666335748217	0.584798121105288
0.14245293926742	0.179521667543108
0.288166940160456	0.418327872541965
0.111849730410907	0.117434797336446
-0.582067229010391	0.440453413596459
-0.0137161603052803	0.0128767824217739
0.0646875830328892	0.0635911338941016
0.591650894006988	0.805177399864724
1.27033331802101	0.54202324251247
-0.228572761929468	0.0833740677494706
-0.0460847614458608	0.0261629731872018
1.00039346993045	1.07297243020155
0.754251130764505	0.309630028134212
-0.591265277237298	0.227371504744079
0.618668237718634	0.190972005647244
3.2565918874831	1.1050644302855
-0.216059629547033	0.175219646445406
0.0717321932604393	0.0381049763000831
-0.843549652094389	0.37619342222366
-0.639596283054735	0.156460136265019
0.526202117953843	0.259797531802371
-0.280321014485851	0.0926837226912554
-0.375624199820524	0.337711332331691
-0.208783403752906	0.283206061255776
-0.12114413646406	0.157220289359001
0.389924694667113	0.349109505607946
-0.261503003785177	0.446545020316761
-0.231690716366894	0.20408170157827
-0.783072653634481	0.801300915941025
-0.28662199739739	0.306609067107046
0.426608999490545	0.497569580654556
-0.266352270059759	0.409268224913988
-0.449768990905302	0.430781364318164
-0.257085122256107	0.278915743023162
-0.355200957012159	0.488900077731056
0.2158630859674	0.309128468638666
-0.264811253634695	0.447365617270874
-0.607186738900724	1.07881330547486
0.706366260623722	1.55760591492374
-0.332537404320349	0.353013524724033
0.0616333796260942	0.0681356894067354
1.01180920399383	1.18412656984722
0.902327799703901	0.680677493881493
0.0755345102613769	0.0278322263549384
0.598540207568673	0.476827524687881
-0.371667990789175	0.306413764881704
-0.179179587057117	0.163588223913011
-0.757981005983089	0.531114540203389
-1.12906603591671	1.15950965374958
-0.378266847749236	0.368054013273902
0.601067087040109	0.802159369801588
0.342557408549544	0.536211386137813
-0.202975154516794	0.293253441872972
-0.203686012470703	0.316893773636129
-0.0714941754554551	0.0686686278507855
-0.248648231257628	0.350646536491008
-1.47789549842886	2.301212540322
-1.42946920349261	1.16565229848617
-0.455804899190967	0.56253463673782
0.522791823743827	0.809397726495837
0.29364880369793	0.529251107050971
-0.118727107992917	0.0780092076963354
0.437422970176423	0.34846418635424
-0.327084295478491	0.166552055410363
-0.175869788469115	0.0713688951240805
-0.0701866897978209	0.038184505205857
-0.138515277456331	0.061510662131828
0.556707865778735	0.361689779554309
-1.05097128191	0.525563476677285
0.0748317400036176	0.0275952637707166
-0.634175895727744	0.40125616140902
-0.384896423954057	0.179688199015658
-0.161095127121713	0.168298037726354
-0.152880475119774	0.164418831153201
0.307832433481384	0.436304818065152
-0.130697968518193	0.196730554858574
-0.557316889662944	1.14196298114695
-0.116641147223259	0.132843589856077
0.141852016186235	0.169856765160936
0.42735944634239	0.657572770739982
1.37836363742217	0.811541781707049
0.135019543462428	0.0331874904235952
0.0640813986778806	0.026319934731505
0.459222568622487	0.248067793205685
0.732840696085756	0.892264684671036
0.412647843973561	0.242622558993312
-0.83983128279799	0.374159788211206
1.82044695094645	1.44820224242027
0.755956139536254	0.307978960718352
-0.284968078457448	0.0936290272851495
0.946941849796881	1.49306901659925
0.0711286114578983	0.0347893076007395
-0.839245374563518	0.374304139759012
-0.545228945514357	0.364576527937479
-0.15197177671284	0.201273982218059
-0.518690280233522	0.784388889975445
0.325424289389864	0.549811450918905
0.588879097444193	0.701108499752464
-0.143735245818814	0.108442787048139
-0.149208532876944	0.14813052810297
-0.932310193516683	1.41059932627233
0.0346547971105002	0.0419191498431556
0.57993714431263	0.644159081522699
-0.0315610333217037	0.0258438579407446
-0.690683477653938	1.09338428374869
-0.0265511025211128	0.0288401998754249
0.14149483216658	0.198898160984732
0.0104349785397029	0.010330820121518
0.178365279753849	0.241457885042639
-0.540724122785066	0.816512599629821
0.276820518165039	0.417305328720562
0.118590332305169	0.0943247600389897
-0.0182832440577535	0.0109123474513163
-0.478547195434091	0.337094688636903
0.769497535638529	0.834395258388124
-1.18653401612168	1.1398168022681
-0.0460058235076205	0.0415951846048068
0.298176170754699	0.249986806446098
0.566508186207395	0.6424896273917
-0.531747306336318	0.681814020282585
0.344991332914581	0.425400228239863
0.0814285715200152	0.109185137643198
-0.349458645561181	0.632173090815891
-0.216637977487836	0.300345485010409
-0.566996378121624	0.682145019734942
-0.0241885663236821	0.0300830059012816
0.478144635329355	0.497221602820736
-0.034118342467401	0.0248298178829004
-0.29511232340905	0.358708448992723
0.4796836744924	0.761730665897205
-0.14297420033527	0.200266772512662
0.434321567335038	0.425418952028617
0.425404310355272	0.350420228313826
0.560730886868333	0.462375714933252
1.0340635086127	0.850163411476059
0.0728400667336302	0.0360550627505276
-1.09999469175112	1.21630901058456
-0.268884186000323	0.182958428253064
-0.25734016809821	0.201184808821725
0.231248549934942	0.129027415042929
-0.490022984090535	0.281254587704471
-1.17249005941183	1.38408582127633
-0.0608519924017852	0.0330781101996226
-1.13022679843747	1.39658736066048
-0.41182417937477	0.631557070028299
-0.528641656253012	0.886003576258334
0.00124413063681211	0.00145899397355262
0.0876328345636084	0.114466905780694
0.110603685800045	0.137263553341268
-0.483040463285481	0.929736174579266
-0.532564369857419	0.573261348350763
0.80274986136542	1.40717421337996
0.0451401327220745	0.0432829225251345
0.439836166214864	0.664837567478982
0.127923855575658	0.105706734193631
1.01477237262971	0.709902377751666
0.993459780892794	0.467818299067991
-0.104977888598345	0.0902066484798664
0.127938351158616	0.10061899571205
-0.744269337506507	0.440766777035951
-0.281144178799162	0.153536676291623
0.321546656076014	0.139428164104957
3.25511333794459	1.09678833621524
0.52091309718662	0.856728513310865
0.0665091137438384	0.0349962659828054
-0.882190736908354	0.58052788140848
-0.589800555842636	0.226603933559994
-0.486424881301841	0.340067864660382
-0.183317009468051	0.149692323358756
-0.178114970788449	0.177055030278446
-1.01635699139197	1.39979473039176
-0.202057573194155	0.246611566661474
-0.514766200138133	0.921125937494822
-0.960656257025513	1.90138509087853
-0.220566604609709	0.251878365388516
0.245233210949112	0.292881388068359
-0.146488842354879	0.156920433387359
-0.0604100032723173	0.0593251196853298
0.198886014609115	0.193354187159048
0.46555856309271	0.355718681716859
-0.262869854579699	0.206476463815999
-0.29206090408761	0.354870406819467
0.069013820710307	0.0558906754535928
-0.00772975197698919	0.00782271017245118
-0.520811680263201	0.990009991662419
-0.428679378086747	0.71100285624032
-0.931043495183541	1.39730790332733
0.160423326567833	0.16144205647837
0.115505446094686	0.123826673153146
-0.128401700411386	0.12954688922001
-0.0899018517950024	0.0918118157809016
-0.210209787780904	0.217355097080791
0.133776752208213	0.159192507120406
0.0470876339632981	0.0475737975649265
1.17937467231103	2.39134420166343
0.6304383106227	0.670837037018971
-0.907287191514988	1.21026886535889
0.596380821303153	0.722040398777335
0.023839894415351	0.0245603263777677
0.741608416226891	1.28487337001747
1.04491451651648	2.32979738258587
-0.291699209426692	0.382154525358645
0.518989408808854	0.752886720349385
0.557885389306942	1.01091522007558
-0.515629262414061	0.86856986674204
-0.351862933735289	0.505535502414707
0.256805435758163	0.271776127474554
-0.519104046918412	0.598353812269532
-0.330081745431386	0.350001463535953
-0.37332815432381	0.367344233988417
-1.20219783657623	2.13126450680817
0.418735088971507	0.57187542169459
0.114280898385917	0.122946250810612
-0.34079683148564	0.422598261425086
-0.410521615861926	0.455692648975711
-0.0123634459000533	0.00909891710248631
0.113854714300317	0.110476782483292
-0.492266152641926	0.529100264176944
-0.508056384420686	0.618289478788047
-0.488590303552248	0.623361369153039
-0.113918776498639	0.0548278510317465
-0.598586596709137	0.822753961645638
-0.709249564466028	0.96853001113997
-0.189970767253183	0.154232070480728
-0.291453023832217	0.268871049921614
1.15231474454716	0.900145307711401
0.350223846000738	0.244005156186759
0.216987930398341	0.156927482312447
-0.234239164616264	0.135072363302188
0.113709130780896	0.0811573390834335
0.216501217200327	0.172073327836054
0.211878776222131	0.173257890358061
0.475709156541665	0.676305414533228
-0.0376716460693065	0.0212840725456015
0.124506758468169	0.0935455501493888
-0.782618708213654	0.678511807134176
-0.373501957216153	0.337045737516015
0.293318537268052	0.244068175920291
0.400230568993148	0.339086590320612
-1.14394149142689	1.43224480651315
-0.138671525978995	0.0893261158796284
-0.0651046862923715	0.0354334418137881
-0.109024091806058	0.113328766859209
-0.0762848603631067	0.0525356820579204
0.106201568124652	0.0720725412454945
0.122088899255092	0.0865094632736364
-0.671601736636579	0.710093831730745
-1.02906829110924	0.633220849630751
-0.871416796905853	0.809940941674328
-0.264574977137493	0.140578603172698
-0.172499700571812	0.0699577446156788
-0.387028470890942	0.112533965115962
-0.475303946922092	0.199534926360497
-0.00888827978498781	0.00538293734496694
-0.105215724373354	0.0820546189502651
-0.0228468445220659	0.0189692246462852
0.211433946023811	0.249471310231017
-0.190627392236726	0.156707577740498
-0.229290606520466	0.18126053879124
0.105990288906198	0.0700797158000139
0.716701851886867	0.964329556015674
0.318910670320143	0.350623915892671
-0.961151644387295	1.27712694459985
-1.43653380253598	1.42755125059784
0.700394365463842	0.510762908601108
0.0474711467514524	0.0343430849279354
-0.41744271759301	0.3737378948174
-0.0379118764547575	0.0395374335573578
-0.0218846090453258	0.0184981599598035
0.0511072294681211	0.058744606102422
-0.235704290459976	0.324038048359432
-0.329027388100617	0.434612950957647
-0.510440378297901	0.972334099867808
-0.541374432147609	0.939553289402851
-0.216304193592873	0.25619076185539
0.0870748933922163	0.091435595028045
-0.0119374588309903	0.0102614716656115
-0.148319194855831	0.137801999967335
0.0585385578967099	0.0459137886989454
0.216529656492866	0.127510462381434
-0.108848256408039	0.0523994417354188
0.421730149257872	0.246686464648097
0.249812867336881	0.289154054327936
0.66828953249207	0.598332200587179
0.451506677102129	0.583814459854901
0.0490240606584706	0.0435181589902592
0.294691090220277	0.336210959266813
0.0464501755158456	0.041846397712229
-0.623794965970736	0.81967851016131
-0.524214625305981	0.770227917723147
-0.289531884311775	0.378977155106594
0.151730859847348	0.159949247239577
-0.472077039778554	0.759073639557379
-0.330978592804642	0.379745323532899
-0.740685579683936	1.39886533553181
0.0307958584834516	0.0306106136787681
-0.397302166197726	0.541672563585371
-0.340537700926173	0.385423629594233
-0.310846696227789	0.366129552263926
-0.658591884788849	0.986513390238026
0.103614401323453	0.111824633569635
-0.584118330197111	0.917356677304624
-0.244207050403213	0.19559252292078
0.905135342114637	0.680665927156957
0.0207780512256966	0.0133299620448096
-0.151867102792668	0.112466846007204
-0.383123220802472	0.178763617341418
0.468557085842939	0.164670323898188
1.00436045476898	0.582846791589818
-0.771751079389935	0.619018811036929
0.70025831365437	0.511534317427961
0.442717034950458	0.43688343642003
-0.137999327628764	0.0885675555841127
0.324123699520007	0.23369665970581
0.528041311154828	0.538568981384205
0.888696377497226	1.16153526841142
0.120377662961739	0.0850199123522082
-0.0388068580211362	0.0276127252433523
0.868987912051599	1.22454168889101
0.519884667348924	0.52423326922401
0.205780212796394	0.173705950715914
-0.452636420849837	0.399625648328411
0.364921890989686	0.335605011095098
-0.639291448327358	0.561746172723015
-0.670278662710561	0.487900654965828
0.022846284031557	0.015340161447291
-0.332561871735467	0.251292639368523
0.883025700054584	1.15709407193811
-0.266682235226731	0.249142352031499
-0.929334899669736	1.06131059294281
0.160515423226923	0.170234510970502
0.0520852758780749	0.0396663238416522
-0.208118187072333	0.146198646238634
-0.257724469268855	0.222327842575186
-0.931918803261063	0.993085460098255
-1.05859188303879	0.534487503701627
-0.138419071087226	0.061669052158521
-0.356994784264741	0.227054221628219
0.103276218212718	0.0299839417626917
-0.287858623362124	0.0946377502524253
-1.31408196113842	0.98149823008544
-0.0981916338159914	0.0864364190924231
0.378409322361517	0.40962335271995
-0.00279523760629872	0.00207070340102584
0.902198535938935	0.901988881418585
-0.00661364451635964	0.00401866374729265
0.340588030688108	0.336347757637209
-0.237458785032755	0.209699214184938
0.641487063749387	0.595077304283896
-0.0599975781424729	0.0323197206964035
0.36059205732692	0.240765025332628
0.812130610200166	0.749617702192957
-0.312073988574986	0.205354090378404
0.261717096926271	0.252759705387711
0.159357678269126	0.163012815338699
-0.202359365174567	0.307394187629245
-0.0270875511007458	0.0364057294060856
0.207784570071229	0.303642131693548
-0.587900411791992	1.36572798034855
-0.182839319971961	0.289505653295175
-0.701197585685648	1.16389933451471
-0.220327129857497	0.232432101304801
0.422202467826466	0.589877028100345
0.599692320869548	0.881346679443223
0.754959859852122	1.04857352694115
-1.08866380717813	0.985067025940389
0.380961757052848	0.23773431516386
-0.0893719370117482	0.0603751457470511
-0.27499439485535	0.314048571051927
0.639317522746499	0.595519729539242
0.334472770014846	0.353718008206021
-0.539730422885196	0.721453598999521
0.609257516405239	0.742481486103659
-0.312562056929624	0.333558606611407
0.250588959457609	0.254233234777382
-0.221970631067551	0.288786076547312
-0.288155973424784	0.431925806450583
-0.0522441028180229	0.0662451366076284
-0.224137942876595	0.313939788971431
-0.200629823162263	0.270235756278076
-0.0745478228692648	0.088796682975657
-0.348191392860447	0.537143993874615
0.252454848619056	0.351859082059477
-0.0930603526930019	0.10891866696657
-0.296629358154696	0.466887599205182
0.145459760820288	0.18165328166308
-0.12126081416809	0.144404631243688
-0.679966475239366	1.38913095768172
-0.28725080410231	0.266897424351895
-0.749020438588913	0.97369105869665
-1.01159628131543	0.746747840844402
-0.789243906028122	0.818159345751436
0.758769577620512	0.817197628596567
2.04311605352883	1.34536614553195
-0.134330255104008	0.0866367074666424
-0.256386778060721	0.223983465449263
-0.762241238073167	1.42878516055758
-0.0954868593943996	0.0490265515162489
-0.0646721822796877	0.0351525971793952
0.0097506049185524	0.00602911342087038
-0.367362125257137	0.234613554794545
-1.13346812910097	1.1763354316536
-0.162900941856577	0.120282331767353
-0.693890661129565	0.571192653902682
0.211470167343673	0.152915830059374
0.520663290036429	0.364516405902405
0.119008398574826	0.0873650197373784
0.160321039564463	0.18971399959272
0.260865495433599	0.264970874399376
0.104327981311194	0.108448861138869
0.14203455342252	0.128488777304674
0.0909906301455884	0.084169702929628
-0.124730579636374	0.117749146433152
-1.3796438428444	2.48334904511904
0.916074355522533	1.55349190061442
-0.0472226968164344	0.0383666455405425
-0.242940843668838	0.207969607926658
-0.266419604360611	0.180627877099891
0.234847300641413	0.13159949441297
-0.225146924216911	0.177993774161546
0.113943396756344	0.0860565543431299
0.336928884351213	0.329457778100454
-0.289642400821139	0.268882224172031
0.0812018813969337	0.0966639386415789
-0.23508942200721	0.244042195403232
-0.916154330865557	1.42928267693317
-0.720174789934679	0.750922707802126
-0.236763471969166	0.227413952568336
-0.6306164648364	0.858627094786237
-0.870169429599137	0.47763600903866
-0.274951140537712	0.149902056281448
-0.102948043271491	0.0800814460534468
0.210295665393803	0.220100341817483
0.364998240771632	0.335740126142153
1.10143481714032	1.44674980673782
0.973187844473582	0.952472305297022
0.40136589296594	0.336095130384371
0.488298202243321	0.517843302304156
0.0983157926018698	0.0621426329175923
0.378221534955674	0.146730904247365
1.20273094688733	0.629395020462524
0.455373651624353	0.346574782477699
-0.16258834419818	0.101396442844495
0.209986278185011	0.201196022687687
0.0230748341238656	0.0189762630929963
-0.362622010085318	0.556893815590997
-0.174942139063958	0.238174390701253
0.104819496937181	0.134467720896776
0.052993834935662	0.0685572167713145
-0.0371627352864114	0.042931507470205
-0.372433900563852	0.464519447700939
0.450376834964711	0.609633447431226
0.587259908605029	0.797077788499011
-0.4166553575551	0.464950902213698
0.116640751389128	0.0852338656389756
-0.386311034769885	0.181383572889983
-0.634298806619958	0.406157971797276
1.03459002733362	0.852380356296926
1.22137837756731	2.0835682081079
0.107066715109382	0.0673135836771643
0.128660158715128	0.108710298170456
-0.15215378694451	0.164271612703269
-0.100935484830551	0.0887018000457656
0.803851641548879	0.94039963506399
-0.10074006015802	0.0779595175660657
-0.924184496539198	1.76439466016118
-0.165782443942015	0.24358358047785
0.0494370154285018	0.0516435036653739
-0.409447502152408	0.735733449732553
-0.101464829951751	0.110356185130159
0.109676884609918	0.135716575051463
-0.519147048360925	0.817720978693201
0.295575577004586	0.450508113619754
0.033569157658145	0.0336073490633287
-0.220036694928089	0.284250475474632
-0.231516065236964	0.323989124484271
0.0904041294397699	0.0994365145108301
-0.44357719548648	0.692406793184661
-0.138501049824995	0.154781390379941
-0.59180388201685	0.672753900788576
-0.4608373206805	0.366113903913833
-0.9496200669195	0.956105832344596
-0.64533804949179	0.589490556350936
-1.02965643002321	1.08752015069774
-0.486324864038926	0.276635998965653
-0.0931473736612072	0.0478174740104382
-0.336339263552	0.279839882482002
-0.29242404679622	0.368861757675925
1.20871395128106	0.634724265410907
0.824206230180937	0.425144701451731
0.62197570105732	0.193886107986901
0.764840757511089	0.511144662905685
0.0738837531331322	0.0303059169902893
0.343054995158512	0.238651004023178
0.332655169461137	0.242679420102118
0.809970510499826	0.861129577603948
0.327087374180478	0.233922350027418
0.86637901654444	0.543201464091265
-0.741380112172141	0.439258720526446
0.472652946607517	0.444553880930146
-0.793198067846834	1.3068089263635
-1.01234463092432	1.85222427333818
0.0795312451970868	0.0761773074308839
0.469180591625339	0.66055990117676
-0.367049840543348	0.385986403733621
0.540876309609857	0.621724921009453
-0.347916795872382	0.424790771466799
0.143806525526477	0.137023600391164
-0.0782036588337031	0.0746620296742077
0.886292431236333	1.42410814163963
0.136943478348482	0.113132748924014
-0.850255834669876	1.02511950810054
0.0979883511044639	0.0617759687318759
1.05152375289618	0.969444265192366
-0.20428056871117	0.145041453563092
0.416028037784701	0.516522764678041
-0.269975376532314	0.3127607057539
-0.436764796688681	0.412158794949617
0.0519899657910894	0.0601453533908436
0.0845839611190844	0.0751239629039234
0.0237832619173359	0.0196038939371415
0.661913680033171	0.772864734197724
0.140841889033353	0.126282143010131
-0.284054917565494	0.287694135686002
-0.380606464218341	0.372386883923324
-0.417358533302443	0.34052382568833
-0.155160576089824	0.0960602736090144
1.0201100250495	1.18700787420566
-0.634450446336621	0.709785776239765
0.773803678780781	1.0930472683836
0.549506121831486	0.545964634759001
0.565382478657905	0.36956235857034
0.217856893444566	0.17774936009762
0.341077189340561	0.248981172485849
0.331700237362966	0.24159502971808
0.068845050112181	0.0279634754395545
-0.864155865909807	0.475820549713164
-0.713119969578734	0.692137572897672
0.323141337596465	0.139005030058225
0.663236270822926	0.99798027386419
-0.780434684165576	0.84812395575143
-0.562668669603557	1.12341617678444
-0.094677044379247	0.123790078864662
0.33746394412948	0.567925959904963
-0.433859754449035	0.881826979082888
-0.176389156208018	0.267667014821424
0.0604939264311417	0.0591385425881188
0.494715789292667	0.690464801336352
-0.181390535476328	0.185708238584486
0.0896319586389399	0.0824286948051281
-0.212444275387988	0.171175414339195
-0.881369811059045	0.586850435979721
-1.43792922987992	1.18017958236893
-0.418799232341769	0.252933427354041
0.186574965181037	0.177793378810971
-0.13167235342274	0.0848107896988914
-0.114592365172681	0.109215295096226
-0.110369826552092	0.111158655257055
-0.103590001503864	0.088369678075559
-0.339346955689205	0.282582142150876
0.13655505485917	0.113299695336154
0.209983459904838	0.247597879987494
-0.101804228937857	0.119686824925744
-0.356989414439682	0.527532183928969
-0.330563015229337	0.520982853742537
0.334399722476701	0.509684589820422
-0.204902836032577	0.299795278367451
0.0619656211473119	0.0662335574035045
-0.128883901562758	0.16430062228044
-0.447526568268259	0.710870352502145
-0.23546932176382	0.320988939649494
0.219124560895133	0.288571980002636
0.423128955891344	0.729143867968855
0.154498275903517	0.197032330500481
-0.0730365374439956	0.0801092928422141
-0.0349598126382948	0.0253054933496403
-0.363480029796824	0.233673963655735
0.704682060833034	0.3974813626145
0.62326313623548	0.195382080165285
0.470886445839635	0.16405003937808
-1.55825797222393	0.560915030422003
0.0725486388701937	0.0267913425520773
1.68546710689651	1.22967873944618
0.3550303098358	0.234316619839327
0.101097367816232	0.0292900508131344
1.14749758317743	1.03760429735732
0.482414937255024	0.43270259760557
0.807001482857681	0.844655159916319
0.0179530522862286	0.0116865784478768
0.0701492577671734	0.0284844590329606
1.94033687494771	1.68594846445659
0.219666946549239	0.151963283531587
-0.291434592872056	0.349551102295637
0.545484334362991	0.688343024660926
0.146023370810646	0.144836734286985
-0.0262740493587171	0.0244634538093834
0.0193690596689411	0.0177152166244255
0.712672560784977	1.11576962475769
0.0979339145742814	0.0920263294824772
-0.184721469573013	0.177041580890833
0.481705479234882	0.586833570572531
0.0332485695448822	0.0279938864158231
0.0488088652897689	0.0433992511769379
-0.986326216352418	1.46953905868108
0.491767897401911	0.446640699137948
0.332778712911809	0.243729811267829
0.459330799033622	0.346933100176622
0.397621320209369	0.349439920241558
0.260548343031073	0.298286963873946
0.560341965353082	0.717343982960526
0.436658270405996	0.44165687913701
0.239737548447418	0.338589898727732
-0.075322148914737	0.0739184163100655
0.512189046424786	0.674729749102807
0.829770111499435	1.04479541729113
-0.351552998281123	0.31738186646134
0.0651225618122606	0.0292488569896315
-0.691579648019452	0.571704781500082
-0.234623950387891	0.133174716815025
-0.237255372917986	0.228179631115859
-0.230673124570521	0.203285466705567
-0.0801248710463939	0.0547137990082032
-1.06601081271593	1.03826482442448
0.284269560299459	0.13485200575115
-0.230166555302153	0.160853080389837
-0.288003166591749	0.246747357119298
-0.88064278283118	0.583808230841894
-0.592534427483149	0.229347002712227
-0.460783223332201	0.19171349865928
0.204842119021179	0.146310415945744
0.216435591478889	0.149841772097343
0.123999494666741	0.106812178193079
-0.467539090962651	0.599618455724079
-0.218479402522649	0.268389431431919
-0.0898744233539581	0.10331380586052
-0.240454802268412	0.324250173186558
-0.420908860628764	0.741874953906878
0.259955021997375	0.385568976958708
0.0332189632585834	0.0321933870789269
0.459826095953661	0.595267066333312
0.441982121785816	0.593146938518009
0.808437952877027	0.949941815376678
0.0638700390539512	0.0518335894045761
-1.01466252309331	0.747565971031562
-0.14184320860012	0.0623192059177081
-0.886239253467201	0.684051979205356
-0.745789067735393	0.880178711563409
0.220690628070072	0.147262485099773
-0.025996065871117	0.0216195543299621
0.0696365624924976	0.0674641753745786
-0.483477035400667	0.497953226514727
0.205770129963342	0.168721208215058
-0.239307272281875	0.211701745176588
-0.314168655907397	0.45419045214661
0.290149763405857	0.382474363503706
0.504633811924884	0.954735991455041
0.207798695864846	0.288420700229676
0.0802537188508413	0.0871110959085593
0.0168418722074362	0.0177998530522998
-0.467059511811668	0.792653580606446
0.532790215414617	0.896453669903181
0.396922631534759	0.524806904629995
0.0314942613230011	0.0326238573675608
-0.0279917833304046	0.0306534780778922
-0.138316671610328	0.150842529863164
-0.169125077665395	0.220710109353084
-0.666891704623953	0.702778925416867
0.459727781906658	0.160455256960286
0.0780670570767601	0.0258238753791963
0.823593630304247	0.425325766771612
0.629007026780303	0.193214190277191
-1.17192744414291	0.355003538565994
-0.314174968273561	0.207433715367492
0.467980449379951	0.164382558502621
0.0587294901918167	0.0263230816595652
0.641623549990986	0.491592688428238
0.809675856084024	0.76081578455808
-1.13362093480067	0.909683130031306
-1.43160674781908	1.18064752073401
-0.504406342651751	0.509742319034452
0.467994939461352	0.600153219951925
0.401853973415791	0.505073240064528
0.0250452983322456	0.021536305996765
-0.0286493608788476	0.024205404643141
-0.0417795317814627	0.0376377935052931
0.35063235559383	0.435026438111014
-0.164542574012768	0.162673155148451
0.5804161483754	0.870211232336408
0.136877972366657	0.113819401247579
-1.01760938527688	1.41425918896445
0.205008463910217	0.19119287114044
0.28801746747275	0.253282786086695
-0.870352364673634	0.815864127799091
-0.0468329092432265	0.0263244112151474
-0.334682553448437	0.250097104827389
-0.616603026925685	0.657176955177116
0.683745902683789	0.862345262309794
-0.161726312060016	0.120044836872885
-0.649674848934521	1.13404146799064
-0.0403195754011275	0.0366326886536206
-0.00236137600200803	0.0017727045253829
0.452164001049547	0.431743790510413
-0.087092940248356	0.0766072409954638
-0.633045745181564	0.408193947427303
-0.00547859382079678	0.0033482053460893
-0.358397033753506	0.227513844910322
0.140595585212322	0.113382986094735
0.200093938195575	0.2053788520251
-0.0421629348702369	0.0339323000711705
-0.14275568680551	0.107936223947319
0.212339977735226	0.139960413422899
0.0691436390833246	0.0548382672046808
-0.178015141569269	0.129557684735044
-0.317663796139022	0.237583749355169
0.073351563572141	0.0388390950730384
0.878694633408773	0.555236180951863
0.978787784868184	0.9544364419486
0.726604159840303	0.628768262461181
0.143998197735678	0.124270168508606
0.395521911406896	0.505000199047614
0.176070784026103	0.22583768893984
-0.452370245250022	0.827605950899151
0.622540735192346	1.18909648115766
0.133424342313131	0.183333894496675
-0.151231460891973	0.202530144254095
0.0539110680843605	0.0580014228105074
0.234372576701033	0.28141813048392
0.118317473523479	0.12238712345526
-0.0962625555895	0.0899811312575395
1.00426862331155	1.15531183426177
0.0754477196971832	0.0402739012400423
1.69181902337187	1.24678694471459
-0.272265696494655	0.186342256784261
-0.995790093983115	1.43551027951313
0.210895822095926	0.157717493303342
0.610021181225609	0.790737753606247
-0.205937930960184	0.20243276685621
0.267401978990144	0.266179201844893
-0.00310503541628106	0.00246545770937832
-0.255747538397937	0.223253019232334
-0.0923029765596212	0.0944647687279956
-0.50190837955394	0.924000183209905
-0.0528909231324724	0.0569772350239905
-0.240344331215047	0.35004286282763
0.071924210778536	0.0828976951285739
0.532424187682358	0.970325174599385
0.00867913648247902	0.00861125470740723
-0.0839754488383742	0.0957321388572547
0.117653669061932	0.133005126354288
0.130917778723294	0.152542719559469
-0.0751159915929369	0.0844758198114348
0.0925657802056764	0.101884918088483
-0.104660006934017	0.119840060923749
0.82793848261862	0.429456469619633
0.0793374305990168	0.0261144923459964
0.461165063750906	0.160791774044423
0.980089419556064	0.365342534656041
0.0786549818591754	0.0258839866538855
0.0684018400038665	0.0280630026592221
0.621234666688089	0.274790392555613
0.385116762837168	0.241687930365231
0.9594591787543	1.14372098674084
-0.468893550270494	0.19970686918878
0.0726949553161179	0.0385500542524597
-0.24142356319979	0.193147022235666
0.250202459307157	0.272861612524746
-0.104181967105905	0.0998323086680577
-0.669643385076822	0.874434827270606
0.716067270819741	1.02194593678587
0.375653326903759	0.51034742080176
-0.352986802096549	0.393595068650644
0.518893785734983	0.61961332204783
0.524228323585979	0.779274387292315
-0.743458373072174	0.870817625513359
0.0457531922310822	0.0395546390608892
0.20747286460246	0.197126233325594
-0.196950328721083	0.177738726039233
-0.254630546237699	0.221426123421279
-0.271620663408296	0.256415927177461
0.209575973687478	0.156933186255948
0.0292438101204428	0.019690039522933
-0.0375876611741951	0.0273574896581771
-0.0983873457759147	0.0764082538409548
-0.362660368736256	0.359843458540483
-0.0911348470408081	0.0720416618560754
0.715515586601841	1.57226345330757
0.431002144903435	0.581365625977099
0.329756466048626	0.348775707865521
-0.281194420049841	0.265673280888948
-0.136207555664348	0.124431023660138
-0.362415683227572	0.331697270331498
-0.59545106200711	0.591641481584496
-0.26286097135736	0.226993408297565
0.507657940088719	0.44079111002856
0.106594506838316	0.0753846060829929
-0.484110183246	0.339008969433053
0.77090208884088	0.837322769906752
0.812135435060943	0.75627588726058
1.57791047850769	1.3693725776972
0.258210748212718	0.133881982216097
0.0826554483187954	0.0273070224947341
-0.20463271020367	0.122943330811881
-0.0494281926396857	0.0279985286552326
-0.582292647261948	0.626837791381936
0.357273397614148	0.4198988001033
-0.460627099379502	0.780384214578939
0.084289818417023	0.0928666238425876
-0.597304198774636	0.927524336051184
0.131470357028906	0.171758828329628
0.310840913630338	0.440113863629409
0.079655149059453	0.0832004396600982
0.795822800097978	1.10258146338546
0.533236210091282	0.782115091826359
0.617301039877151	0.807822889812992
0.603400513401133	0.476318775373017
0.0738932439148532	0.0388681095534604
1.82326910711288	1.47523766351839
0.51597598372621	0.357868816295553
-0.443864498040472	0.425765777028458
0.543692543340694	0.464747041714521
-0.170627284362806	0.14153415257219
-0.59299427119948	0.749616618218377
0.769148936713849	0.913678327441571
0.483296491579375	0.520170022439259
0.1165959431731	0.0902244624093677
0.251893092275607	0.274675987938551
-0.172653647937404	0.208980166373587
-0.170775679631422	0.204288182728106
0.169374400610159	0.213732938790284
0.366691081841646	0.539740752271187
0.272454971616386	0.386375399861871
0.191833430182032	0.225230041368872
0.126871982874838	0.13520559891276
0.525302121501501	0.777745575958983
0.0111673578074399	0.0115714318477491
-0.570110483817518	0.947234129210532
-0.378002619436025	0.537920904291833
-0.00404022971486033	0.0041605309634615
0.00158613507394086	0.00129599621028757
0.163659914308261	0.0319253139355892
-0.644388682715615	0.156611606851412
0.459868627727569	0.161415329046465
0.757839505849219	0.310841820857779
-0.287135845984045	0.0943423798307996
0.993459780892794	0.467818299067991
0.820395152554654	0.635503065107345
0.21485298760494	0.135665661305743
-0.0695464768379161	0.0479832776135772
0.912250361531537	0.915973511540772
0.418955397994135	0.244114049531422
1.39746090207438	1.29298518082652
-0.339652105555781	0.284919083975712
-0.173974847711718	0.173218989495969
0.086651131612733	0.0763310954307177
0.0844736505589736	0.0722074293605853
-0.0629540777584818	0.0506942342306952
-0.330350725989076	0.355200921053405
0.275151247421567	0.261835768694397
-1.63924431618143	2.62861034131456
-0.241449953160458	0.226561039003668
-0.177288428353483	0.160613939890063
0.321801903956443	0.347263213052548
0.647991277997296	0.839300801913214
0.343252544076417	0.336415894768793
-0.0819654990162415	0.0636017936885926
-0.0732661272223302	0.0505433022647431
-0.242432755888748	0.169420649215316
0.467519994572914	0.35828020770489
0.214120722021197	0.160610408389275
1.01162839767403	1.46024642404725
0.353347622343509	0.332008104092435
-0.15236646250021	0.093288746890252
0.248165102110335	0.296864210772773
0.421125588085859	0.419693123825829
-0.043344617604026	0.0310129971925106
-0.706657082096404	0.908058607829958
-0.138483390616322	0.0612216381934924
-0.329079464564809	0.167728884582434
-0.00485259733067708	0.00296900880419188
0.1265676757295	0.10216744136323
-0.432972484896815	0.419410965321793
-0.414088862547243	0.369509000048673
-0.381512130052376	0.315514062818767
0.360015168176343	0.238663458591968
0.284283730016964	0.258043601473588
-0.412635674008472	0.335689606430739
0.759239122743993	0.627281836119384
-1.76212478431673	0.976050738219233
1.89422983648385	1.14052247615539
-0.238103634741323	0.137299628818577
0.71425862338084	0.617179876760811
-0.564738330140952	0.648544913786836
-0.737129292973248	0.819193459573881
-0.475106317138206	0.716245296400766
-0.226528098075759	0.344772555321544
-0.137521083198706	0.156465719747262
-0.292557959501553	0.453496666503137
0.93458503391809	2.32862497280351
-0.148702041946805	0.180534821052124
0.258936481525412	0.262200758264639
0.0351837920258539	0.0290999748655868
0.315312110309154	0.338210982533987
0.768297365812724	0.525422092224528
-0.688563408710856	0.333930412215099
-0.588529738058223	0.227427413678833
0.211495206850983	0.14678576883135
-0.278816368342638	0.263707928633896
0.767481599325723	0.522421069101254
0.0270879746865828	0.0223519667240371
0.257038362135617	0.270731176075987
-0.0533116887242922	0.0434736935934359
-0.255206652250633	0.258262082865502
-0.929778878910811	1.33234997930924
-0.29709027903744	0.344668500765669
0.179228901641008	0.237449714654806
-0.328953395495344	0.450531360945295
0.209224584416247	0.291168572841193
0.148618155925227	0.168080419726213
0.240571501573934	0.318876982214252
0.222285849750808	0.316551646182004
0.348854277606867	0.536534472298133
0.429143664874417	0.590453748562497
0.437211988242306	0.712162885361824
-0.283913556535325	0.391019425762401
0.206206141207055	0.252705631022607
-0.759186626048304	1.55301004937084
-0.753629181829552	1.06442019773624
-0.795420863935178	0.96429018320536
0.316242902091932	0.136534920083559
0.76083359130147	0.309662508031632
-0.0948765377014826	0.049135572278276
-0.282665519660867	0.0929789106960824
-0.283124516934905	0.0937185339860193
1.27338433366604	0.541781692948465
0.989821377580318	0.461931336492965
0.701787506812744	0.510145832019766
0.21858916321926	0.145293909748372
1.53777521523393	1.00741135327578
0.461881087520299	0.353782140044666
-0.557415328419219	0.473681891988399
0.00483790274970163	0.00299235890730276
-0.134108819815591	0.0866210119826455
0.710974073849312	0.401067448739739
1.77894406831996	2.07926339523506
-0.196783234955161	0.139229685822156
-0.103518936358751	0.0896227136745361
0.330360248367981	0.355211117914597
0.206124742744938	0.209752576701395
0.142013588973236	0.129166792584825
0.0268133962470133	0.0255504872241095
-0.562351797996622	0.742757177777159
0.156655433019234	0.157432968745784
-0.0463543460995601	0.0330789177815734
-0.102117013008537	0.0955131677899984
-0.356935920715079	0.377331470019153
-0.445509922042278	0.460125029714329
-0.767731738194302	0.604605695886579
-0.269050799317316	0.18383310659751
0.120527801831027	0.0857045218716256
-0.0259845964924316	0.0188734949071124
-0.449307209957864	0.432195100034495
0.140156116252915	0.119936335829705
0.676344544892954	1.44556614860626
-0.105561374279873	0.0906987443393679
-0.0994407998675854	0.0852807822646964
-0.733315959741304	0.815147327933234
-0.294088087729593	0.0960737665494202
-0.487936305047271	0.281325532365995
-0.682270728188038	0.333377651178007
0.125385116230155	0.0926392664275384
0.763859906499734	1.07025849684564
-0.572763865655659	0.52850669927649
0.214834820897438	0.159677517852716
1.0587482071076	1.095890082788
0.366462249662344	0.346989158658652
0.101011609979997	0.0634916066374626
0.35912402416264	0.236719693812866
-0.142638786253555	0.0638144711819559
-0.325020256756882	0.16325710225975
1.16105420520543	1.28823652500507
-0.27360383064416	0.186905481934544
-0.702518505026486	0.915382619713063
-0.0463007156948509	0.03757518343754
0.272350428051276	0.358243313759012
-0.0125711010914171	0.0152962368446961
-0.641130899795637	1.14448304100027
0.261940616207137	0.390690171753804
0.0636992770900772	0.0759856973889467
-0.0554392362949977	0.0540840708692742
0.605009258445583	0.811000284500408
0.104620213757295	0.0965785453527389
0.389747960603241	0.42592681957494
0.286113185203407	0.253400919939291
-0.401450985994437	0.181635618039257
0.910274932373566	0.687865264283514
-0.869546077712816	0.475953744561078
0.274364352133572	0.247406240221085
-0.372567724797626	0.335813097507675
0.275846823584456	0.260670015164271
-0.0436780254105313	0.0398852399648718
0.255199315071126	0.257386023772795
-0.0730958937150537	0.0590642049338582
-0.231175034711296	0.222514829457131
0.212931059191763	0.28284783318646
0.767317325938775	1.57244585794587
0.281831867326504	0.405116071389215
0.25481538290459	0.353098678107794
-0.230821915718357	0.296801399701035
0.528543598912833	0.963234329388126
-0.00564188900456653	0.00575697029037655
-0.12911741275838	0.149121824276046
0.2848743306159	0.372324653007384
-0.098470563783522	0.114298523814691
-0.0947408981450806	0.102493501930506
0.175249402738739	0.218045971064624
-0.455961276478294	0.644583895481407
-0.393160719699473	0.490223480624865
-0.351362943376407	0.345817405256405
-0.44964694860483	0.39543975217772
-0.571903645593251	0.30117544178386
0.76083359130147	0.309662508031632
-0.781175146625666	0.273344967541787
1.88893037063151	1.12815353875197
0.0748317400036176	0.0275952637707166
-0.779374022118994	0.270566801509696
-1.00750678805575	0.734454237235901
-2.34534350935546	1.20185641359073
0.222083149164261	0.140072725734681
-0.415857305274291	0.30000852086614
0.248300786800177	0.128684275594484
1.0175488798722	0.710429338626145
-0.00137667545248014	0.000968900249477723
0.625406878403221	0.66917796649185
0.490559135073368	0.4494222139143
-0.97312476230606	0.892875730087232
-0.279217016247629	0.151129312070133
0.777023910954237	0.53261445592351
-0.17534429915531	0.127115714199196
0.334588305913513	0.425108440591145
-0.793911256734983	1.48873198720034
-0.177588600058617	0.143288713256661
0.345435675979841	0.341057105330533
0.667723504054602	0.992307573349242
-0.175286927931541	0.157766199605461
0.258416299563246	0.278079015895144
0.561533078935821	0.764013715127597
-0.213536252816483	0.190752372996275
0.722487413998589	0.714638797223713
0.40747436376659	0.34788971194606
-0.231749651062211	0.161276182445762
-0.0481141351820914	0.0334601656480457
0.493459215703326	0.52322524713905
0.908944258388754	1.42045877680798
0.0888448038081857	0.0533150461529651
0.0294205363602169	0.0305012272212646
0.00117316681166667	0.000976710869053445
-0.992620369356412	0.829921732055329
-0.136179875870164	0.060657798525014
-0.680968673530225	0.332069052227357
-0.282665519660867	0.0929789106960824
-0.270751169899634	0.146940741813218
-0.052008726286996	0.0291571060811101
-0.490286126837614	0.465226741901346
0.0845452347529045	0.047766344838471
-0.212717392368291	0.205150758467752
0.557277947160594	0.779510062458429
-0.142918782858069	0.108103490410798
0.734616161123427	0.80570673510065
0.446410969591905	0.354294235573451
0.526810471484799	0.539585831372335
0.508723968197869	0.53271211354555
0.192841836566972	0.15115131964699
-0.329079464564809	0.167728884582434
0.697657782490564	0.508922449529126
-0.237011244808679	0.166684085525827
0.875650553556972	0.791924987442327
-0.266895207959449	0.286613765766667
-0.605687482636003	0.948340190223665
-0.154222788795684	0.194994660947593
0.230426022730755	0.309506184296249
0.31361384205667	0.458649487598387
-0.580475425732243	1.18421221937563
-0.0353181654108444	0.0412012447997764
0.479812064684211	0.834990394857372
-0.0211115903195296	0.0180426179449502
0.449338343678285	0.736940290398726
-0.171331491539378	0.192123393357138
0.984080489314464	1.26518367661463
-1.90403015154233	2.18101184417793
-1.03827091788788	0.641026499254321
-0.775165507700279	0.614907035869448
-1.07379210239231	1.90249767481225
0.28126407267205	0.255304366548132
-0.232413343393667	0.241120879336756
-0.158613385623441	0.16841127644916
0.151486464711753	0.144849774784706
-0.116787444467029	0.111496562182765
-0.10603660980808	0.0827527137349877
-0.699113588934088	1.35462354983984
-0.0989367369321412	0.123448868132694
0.388726122266813	0.602524084967034
0.188704066932808	0.245419291216956
0.13749338637218	0.161732280254991
-0.19051535471992	0.254425949383034
0.0378366704923002	0.0436059955545137
0.213875515358598	0.284568186664607
-0.968943313506033	1.86017911021559
-0.182824435045161	0.240923114177543
-0.449268799373918	0.584918459808988
0.528740610122801	0.887858472769616
0.0790034360365064	0.0857873394547618
-0.399392398036069	0.545287708052877
0.027750891899284	0.0179458696148103
-0.578429265464018	0.618030027196273
-1.17399216558478	0.803423407853947
0.0660937585652941	0.0269962896214079
-0.326513972730805	0.167118039029976
-0.389198863236944	0.182344733542956
0.233173415296577	0.130780332923
0.0661715666521362	0.0271893448494526
-0.122030613346285	0.0586313353019334
0.067145211223475	0.0329575705574175
-0.486452161727582	0.277873345599755
0.616495424415895	0.275220436976261
0.562148044238685	0.367026322366409
0.530963319589706	0.453593492042848
0.513545918524938	0.524058471148066
-0.524101366682643	0.534880218124156
-0.111852041229129	0.0740056719641595
-0.991251182951807	0.83395049168252
0.420429594560013	0.342309366584125
-0.142095404869511	0.107583430136946
-0.182539442537996	0.19251075107815
0.123404460944068	0.135348667060669
1.15587474311164	1.76135143943449
0.509382751540668	0.693702549233326
0.267647299576881	0.277970448113007
0.305490453110119	0.335168948695247
-0.155092232738977	0.142230033097376
0.995827325250234	1.3431461114859
0.401667077319893	0.432051452876335
-0.219678059570208	0.190129523547522
-0.910477341886553	1.21108521087704
-0.61914043894359	0.654689490140729
-0.487033915716556	0.555802926431893
0.413697541064143	0.435135227521091
-0.502568381754694	0.6126269573695
0.94998368628151	1.49694377484399
0.242398465189247	0.35618162995313
-0.0749957421031902	0.0712360131226406
-0.226844931380222	0.230096137550423
-0.684595955632122	0.334601007893738
-1.56255358443277	0.803137043661489
-0.685431836140944	0.335268707000489
-0.160947102938704	0.0992368328277337
0.282981716610713	0.134943610422084
0.0615113485244139	0.0276727983619108
-1.55207325541213	1.07104940312036
1.50589888209026	0.728312851544929
1.71337332282129	0.927761774665652
-0.545675516857837	0.366924821293636
0.724927781510936	0.794693598710341
0.562390173664854	0.367132375767647
0.13836779518296	0.128119680123731
0.0107336292900466	0.00957963757173647
-0.457263486971456	0.401415166095659
0.0400543238948994	0.0285970452568051
0.00302542683930552	0.00190323351183405
-0.195644379570818	0.176846406973366
-0.0333639915400253	0.023734499365975
0.0597608340388642	0.0472726080074132
0.219378330462676	0.13003582785633
-0.278520776598965	0.152205719823726
0.765440399850105	0.991269178123846
0.550991288428382	0.551147389156379
0.260506154613179	0.281337009388214
-0.064485709641136	0.0570556658227775
-0.0537667553214618	0.054714535881596
0.51008356323692	0.920075367234282
0.0867003571544005	0.0931256298792349
0.242434826116417	0.321849602126248
0.273782360446584	0.355708423287408
0.0611050856883927	0.0579453205021003
0.305358650787814	0.360327345801557
-0.00912444526454848	0.00869180102710682
-0.0294362774494455	0.0271226613985081
-0.268682164667578	0.251354842414263
-1.90539312297805	1.19850894023374
0.0721804792405598	0.0357173790705027
0.0719137689254005	0.0294213423175959
-0.661502242185682	0.829892112260569
0.217938154853103	0.162390297011566
-0.0904559577153087	0.0802749525733855
0.696130039581642	1.07526619890955
0.587902109968535	0.865282164865995
0.42139707852298	0.421394592517952
0.549153123441376	0.713407195608977
0.00190636049369932	0.00176788060867067
0.725761963951635	1.3526134584306
0.605537924864741	1.00069001188146
0.0255538030667132	0.0238775634610281
-0.124723155945352	0.119264705785094
0.256122099527455	0.281359483256326
-0.321412267133821	0.42066649554547
0.172355375156647	0.206455415909423
-0.0570132733589799	0.0519909306472143
-0.100396596482193	0.117970827301784
-0.491555060887489	0.694252705198792
0.0138335026791576	0.0126435569216776
-0.0310345086950702	0.0309154195345225
-0.385794937091174	0.48232262349345
0.14636821059309	0.139876027556749
-0.185829748771091	0.135326585672804
-0.869386110266179	0.480247028603009
1.70779331082619	0.923808110385154
0.0694857635150696	0.0256506405929371
0.37695453249555	0.146322673518964
1.26490470104039	0.537745634377048
-1.30620773393608	0.983045413890086
-0.106330082471211	0.0508866775742796
-0.485336599949699	0.278474668667161
0.827451814370789	0.659050862967462
0.10732552104454	0.0733004077396825
0.420314276782718	0.245358342108193
-0.129996310499319	0.0827035738262945
0.223791748878668	0.140851481658393
0.295497688198579	0.238664674504279
-0.198088315526516	0.139651954212439
0.0103681897857855	0.00641597823576033
-0.0764330413401321	0.0526649801907205
0.139848629241228	0.116191950934107
-0.288391233502016	0.250044149448801
-0.525613587341007	0.628372273567095
-0.0886031377615175	0.0849986662422947
-0.0680194373845481	0.0541095083590669
0.0808560186621156	0.070527145012931
0.568001604155892	0.620363913698298
-0.160999466330479	0.147468046516975
0.211683203960111	0.169182621298393
-0.484958673056387	0.459162121631536
-0.535882195368783	0.503945039799764
0.513233131123819	0.534231936448542
-0.0391096865496442	0.027705867379827
0.35031165667254	0.242921692963266
-0.232786687124119	0.185627706893368
0.28205048482804	0.249113805590812
-0.159601099432656	0.146050091085102
0.267965924433518	0.278294810521618
0.383955150229227	0.330490673903189
0.247994122260067	0.285953094394197
0.0686847716622937	0.0564234458221783
-0.518831086047196	0.479673860528159
-0.788499225963575	1.28955284941104
-0.429570124748187	0.503337577145146
-1.23975118110323	0.704655106482344
-0.459702315158105	0.366185293637078
0.0237847157401209	0.015830020351531
-0.0502806766853216	0.0285426309502805
-0.640598914124509	0.586110747533041
0.322260616180465	0.139413835829458
0.914354889195884	0.69052310273067
0.0746636841541361	0.0300900475435604
0.383068464278795	0.241754933616956
0.562341591314023	0.370808380010133
0.378032880345529	0.338364873297286
-0.983658563086061	1.1343418632937
0.147585371751669	0.141196599539914
-0.0765139426113939	0.060949623177411
0.206151803898388	0.163954140351717
-0.10919482169823	0.0721532975364427
-0.326529634315111	0.245820121337668
-0.440160999845559	0.420953430158583
0.0512584810641429	0.0372274759012728
1.15646532769693	1.15598202754134
0.906237731568477	0.686344032220613
0.295956781589677	0.255076312186741
-0.147226018735318	0.122159957286747
-0.487267190848286	0.465279234456764
0.368241121492585	0.433989539586906
-0.0196087764394309	0.0160207056041745
-0.419137074797234	0.571471271711683
-0.536216911503181	0.641211313090519
0.199746785633525	0.207027694345391
-0.068758990162924	0.0669665078628991
0.0033509552327588	0.0031820944555523
-0.294579747258758	0.315679531091939
0.00104045512193146	0.000767668326988112
-0.378222573612308	0.450409596296136
0.628251390145604	0.981984456506536
0.0701384197144298	0.0554360002992016
0.22309657542521	0.160991512370998
0.821594635220403	0.640520443117965
-0.0622090014098564	0.0437088490897192
-0.630467026463555	0.951746657646016
-0.266718726612746	0.248647863771055
-0.185566041406266	0.194911621319785
0.165525283158055	0.162694668067786
0.0614710521130418	0.0547229374586135
-0.174680837517917	0.182577494846288
-0.653373998294343	0.935117684481366
0.586344090788324	0.813109007106146
-0.230988057036045	0.203877554183414
0.31578563844929	0.353500641949302
-0.298402524984942	0.339237673708571
0.0947997273031351	0.087406261085347
0.651246342429836	0.843227025375188
0.452361008927288	0.608899044690577
0.0852878328314445	0.0886852392299121
0.515774553054045	0.69287153767848
-0.625890120842347	0.666299558719431
0.441424189065827	0.589958930160046
0.318069441662934	0.340994531347227
-0.281440153360862	0.305128453102616
0.66265592674511	0.848704290928295
-0.470958374076072	0.516041311040289
-0.145307260609205	0.134088843198573
-0.145279102406689	0.109332181489174
-0.615186196357167	0.73226826384748
-0.851990596558833	0.369121137946491
1.00776058721908	0.588930565379961
0.752928386063156	0.307680866029832
-1.43179213625772	1.17659359374302
-0.642946218280017	0.407230461095006
-0.490673164358278	0.282831182622257
-0.0959303071624918	0.0493914295460794
-0.409478595316394	0.364447374227246
-0.462361968135551	0.370379357689517
-1.33678558901782	1.22814799743977
0.114665415725084	0.0816514026654053
0.812614464949602	0.859728679567781
0.292291314904371	0.258212182688503
-0.637290562893273	0.713005542362764
0.0243277476356863	0.0164808558419004
0.571661795754792	0.555845183630157
-0.319129553652382	0.295304094191974
-0.0376405919063999	0.0273805277391918
0.109806712186324	0.0751056696102047
-1.00421512826407	1.13476162310063
-0.269458786509783	0.253885865571055
-0.220484568580071	0.179156617303117
-0.860614329434853	0.874380385433312
0.279685103444911	0.245402977429358
-0.602799095457146	0.591310926502679
-0.0867527378566575	0.0586025587230944
1.2601142562513	1.22256687125445
0.109472391019956	0.0773756926339445
0.84723698137486	0.875728171467365
0.0680480069679876	0.0357339859339134
-0.462084715368127	0.367292770748266
0.410493005691276	0.348176806816747
0.110673692473024	0.0730030792332237
0.221764070698411	0.1544227416186
0.0851006253578929	0.0732799542737364
0.201478358220505	0.154503917522458
-0.176592127318728	0.127209996152433
0.320934732296339	0.139094817121576
0.833909337677697	0.6651884442904
0.902573611957579	0.908196010150012
0.865569202245378	1.07102421260602
-0.131406761237016	0.124711539093094
-0.331143914855852	0.274678357299615
-0.675111114925429	0.748160615669753
0.102083555933417	0.0644941677502329
0.224096631021319	0.148280038458365
0.0109963977279176	0.00717532129425845
-0.360447107005749	0.23118803327466
-0.0317214701527723	0.0229094403655943
0.124537222050943	0.0976931190128414
-0.00994808348819407	0.00839625618109518
0.328022491717237	0.337662788222337
0.803458798531675	0.947011745823648
-0.00161721090553424	0.00122863500486794
0.055403653273848	0.0415284392921779
-0.454586526073522	0.403176199790477
-0.68306421810509	0.767314456263093
-0.530804713202028	0.569297649962533
-0.596107203076037	0.591488462742205
0.210639940564978	0.163188289216856
0.00600176441032511	0.00471071683150523
-0.627829328491041	0.788222469197335
-0.304878338887966	0.30582925673622
0.545905568637628	0.770796879852363
-0.158019943155345	0.158571432853551
0.0681607263981423	0.0522476557320792
1.1187327996633	1.67556021625571
-0.0964908461114316	0.0745798241275314
0.397296318629796	0.420746149987904
0.853939599067569	1.14900015138675
-0.366537980249814	0.412436919451715
0.379894869492504	0.411410835658286
-0.313475838695964	0.379040212632992
-0.646102861693085	0.925967127052373
-0.640573579124617	0.720461916815011
-0.133397352182448	0.112151672155258
-0.199862676394871	0.195946340279593
-0.577202464514758	0.725790076495578
0.463792468841391	0.648868253420896
-0.374300692598136	0.432795304024744
-0.210884926926632	0.203661093872585
-0.0474425790973804	0.0387242475657865
-0.912347277857627	1.48777435434609
-0.0427789803276909	0.0391921130768489
0.0319417574440485	0.0309680538245309
-0.553263162217659	0.702258303322772
-0.192974398901544	0.172221175253631
-0.668347829306807	0.706036977661184
-0.34816813247946	0.341160883176161
-0.0315503352964245	0.0229764256281566
0.42589799495331	0.518557336513642
0.218451385293128	0.169450073251011
0.269031930969307	0.247358493505774
0.30592723463844	0.247030798683358
-0.471860448999753	0.519359749543662
0.0591051988902422	0.0454694016355608
0.731442655539414	0.88935276345855
-0.517100391167732	0.399995963279935
-0.413083654346015	0.402240723142703
-0.106064414244291	0.100241310519751
0.119180200248595	0.0874385944458802
-0.0365098111718737	0.0294269206861165
-0.136670523931428	0.136451446772705
-0.421643714908917	0.408865732301132
-0.187974619075689	0.167945732565539
-0.623309684236879	0.788058702656024
-0.457398740918965	0.533915818399563
-0.218835255080886	0.177718989452623
-0.709180762491749	0.685100458849844
-0.491283902096847	0.423907620036387
-0.790695876875019	0.867199781943418
-1.28673413329181	1.49354481722265
0.00925259632326742	0.00571702174932304
0.385332976353168	0.241604596910254
-0.202801096271472	0.122581176435642
-0.38491991239468	0.318721347705053
-0.638011206598896	0.408189152500869
-0.946674978018019	0.943808597851006
0.463787179819439	0.445288175451158
-0.578659423831626	0.619465229173932
0.34168551900816	0.250394708538215
-0.694835862752546	0.573192317921423
0.226529428414369	0.136003717003019
-0.229402778992789	0.181139013939908
0.125480471176634	0.0890377527417495
0.199673509687651	0.180443691351288
-0.308814039847546	0.347998733364481
-0.0936624162195988	0.0628641203130684
-0.552267833395716	0.46801486537615
0.63289435282509	0.586193557969757
0.511798298671508	0.4552318841183
-0.206517330710965	0.147901339128203
0.491158472451943	0.445724835351931
-0.02315550058153	0.0135896486391033
0.568378802255734	0.374250403425379
-0.220640861070362	0.0811231369281859
0.0979239510283861	0.0610025328186568
0.321057396821324	0.337977495471074
-0.172322249805265	0.124668852659382
0.819841109723631	0.769131852543123
-0.688016011888024	0.561463901397806
0.29822533290582	0.240923486499541
0.0274452098967831	0.0191881832983604
0.500612156646906	0.536418925457904
0.125725812408166	0.0958436917497535
-0.460853249793407	0.364759258903462
0.117868846701908	0.0837333648965187
-0.263364979006137	0.334647897442828
-0.352390202347441	0.442991653143428
-0.374045226936662	0.471864266104133
0.143686661910854	0.157171980414994
0.123608635868092	0.0940065676791372
-0.527138440953911	0.495485383345433
-0.525227510762496	0.561794386385813
-1.040733204545	1.86007685083278
-0.309011926461335	0.259613856117741
-0.838865261314441	1.1205755741745
-0.257237541688772	0.264155949926221
-1.09988116733092	1.70683775472752
-0.217468886659468	0.210774674089526
-0.40492862578986	0.389958071163185
-0.224187616254433	0.272530425195735
0.516600008551965	0.541093965929784
-0.318669115233924	0.293987436761575
0.0726484731754154	0.0604760794358853
-0.0925633581401036	0.0805192945922105
0.208826244474352	0.258806629750943
0.116411393616298	0.0881765662825404
0.492622537295653	0.523282718877365
0.518905216661758	0.763417972378366
0.352829418516065	0.429514059957367
-0.310230020281949	0.396512673495593
0.481616975191549	0.592489290870429
-0.0998760397351199	0.11763476123235
0.409369501775128	0.506648393891533
0.151911420578827	0.2042830489482
0.0704974053061588	0.0556382232542371
-0.676480110760287	0.755417198502489
-0.0948800680932342	0.0749867873657664
0.565765236541379	0.712140633529326
-0.721854062066708	0.750788856877531
0.589396113056583	0.871111839933683
0.21348102912053	0.160264036093955
0.876546414208849	1.24505308722233
-0.120658956783037	0.113279871688427
0.113792994375308	0.105328596932053
-0.0769318589355299	0.0842291184712025
-0.171174506054503	0.216761014614361
-0.434716883064375	0.750992848137151
0.57823788689282	0.801451713389758
0.312054025269617	0.457100403436642
-0.663873189118563	0.892406701224352
-0.201956909322825	0.181727336818927
0.373799224312834	0.431597338973088
-0.0942744751929757	0.0976682349796345
0.113618814346536	0.152776348246665
-0.575392667790662	0.530723113664562
0.79793991645229	0.840495159541772
-0.500588720310947	0.437594989194571
0.319096566802226	0.239432890595546
0.290744090921184	0.250195585636104
0.288715715421177	0.239777304843791
0.404271659351928	0.344252088802363
0.298860557029302	0.242313861176139
-0.259503652185794	0.200208434463523
-0.52067720699756	0.402885475167496
0.203745759158459	0.16226884667507
0.21639321578484	0.161527724398907
0.444936368417273	0.439673220396963
-0.961823483242497	0.959151326265423
0.227982015099266	0.312585503805449
-0.586092745227981	0.847456966889582
-0.289534302380304	0.311447701192604
0.545271552591179	0.772540178844184
-0.111433451299062	0.119953406179165
-0.157628917066524	0.189597204538945
0.0622625385083183	0.0701079959532334
-0.118621235593916	0.122524185434032
-0.50829220078238	0.613755636268573
-0.0533453518569062	0.0381801512718605
-0.22811853751983	0.159296714797499
-0.0988828923234275	0.0753197551721708
-0.289448194624151	0.310799716324803
-0.792324617672878	1.38991347889105
-0.0700464338382141	0.0746668254821519
0.3997549486261	0.512331439152246
0.0836296967508685	0.0748313845868332
-0.463018610322347	0.409511530286103
0.21562059607704	0.162061940716619
-0.232931480620841	0.21804700762982
-0.588782724281357	0.547395097075973
-0.180317453334817	0.145527629408258
-0.698430930923514	1.12483762073758
-0.527109222482989	0.603041614027615
-0.764732351220075	1.13741088537301
-0.305505279565121	0.259318504580993
-0.352559684913374	0.371260041946596
-0.796103559178609	1.07985858128457
-1.17593428055733	1.37651799915752
-0.147805360807797	0.12364839143407
-0.0818306845968546	0.064169646349328
-1.55828066638703	1.0738638679368
-0.673528505032362	0.323556774914077
0.256331381911598	0.132865920951383
-0.687665115026414	0.56441794492207
0.710869152793155	1.06776678474458
-0.643767198469672	0.724827004629443
-0.492143772099696	0.423385657435623
1.24212551780668	1.32613417526045
-0.768318939717811	0.609467105689157
0.410751197282334	0.240188308566341
-0.04818864468575	0.04354207990317
-0.634528263537132	0.407732006046532
-0.733043382645711	0.434473262270578
0.212501105017513	0.146606977344802
0.360736667292089	0.424828038845252
1.05710084527125	1.50506789237943
-0.146152844526811	0.131274093010366
0.802138464783542	0.935038038407014
0.216516729894953	0.136482144069088
0.0508167205039586	0.0365515675872246
-0.848747697733779	1.0345546579063
-0.518968088283348	0.529800989562727
0.0602685013876337	0.0464856132921745
0.209907527962231	0.151389196965219
1.2260139187263	1.88807905819792
0.207750602744901	0.155457456741184
-0.208753960518756	0.168817934741635
-0.11275058655546	0.0741316814090114
1.99574107827444	2.28514986982211
-0.314964570754441	0.206462706160378
0.11837698356218	0.0804051372188684
-0.448281802202155	0.394239568239474
0.207502100261805	0.170888899328824
0.506954965254954	0.604119818204463
-0.0863973321754521	0.067835624968984
-0.0189563598308201	0.0157390197448637
0.513335169310142	0.536487234822305
0.690755760784933	0.942983797520643
0.752958001302729	1.06999615314613
-0.350442218123269	0.345640057622494
0.265136452444055	0.280389565154933
0.127433528708823	0.0933306661316496
0.299944446281643	0.250166427191708
-0.483825196875793	0.460266476478863
0.397408158955773	0.425812967235805
-0.152880069044661	0.152707789451258
0.00871961182738146	0.0077846646967348
-0.372481882434382	0.54748180641207
0.20962300698393	0.223021300235141
-0.79812066732472	0.976046088737959
0.120834491765081	0.0945777341655323
0.215394514354614	0.2046204800018
0.102332463880677	0.0962404195296356
-0.0421948429856591	0.0397604959252258
1.08156313746602	1.81063478092649
-0.799388849045198	1.13289555627382
-0.0972273757197748	0.0854829956992162
0.476310892309402	0.597812829990747
-0.705401804203652	0.913532349223423
-0.665004965451138	0.698116936585841
-0.657701604316209	0.815030183471818
0.290684764495438	0.358733440669741
-0.615647494673901	0.881467084934279
-0.0936999334284422	0.0826285946628797
0.271302496501337	0.270008653603527
-0.189556063371003	0.169560326564567
-0.377467043262121	0.426562360570149
-0.140061744078993	0.164669536231457
-0.134877667003856	0.114667599795304
-0.32261769372351	0.347671698427365
0.77657454050836	1.0070121948612
0.698405748150304	0.859092584257599
0.097478063599022	0.0857739247164981
0.47824550511499	0.520789432132797
-0.660886264706922	0.825050193978114
0.208207038376714	0.17412095680358
-0.235424670652241	0.208151494328217
0.285090600049914	0.265424991916606
0.844760553337233	1.20922851020617
0.491877897869664	0.450773120714748
0.0185939225804566	0.0121244736803788
-0.143547765259606	0.122551910608888
-0.229934084039564	0.265621709224422
-0.794752897315066	1.17285232981394
-0.464330690588233	0.469144116995315
-0.0321237944327666	0.0268529500470329
-0.176301525963025	0.159818425682436
0.284630443028674	0.250636957195384
-0.2819048453595	0.243688060133795
0.399872591042629	0.509062233709523
0.192536457862991	0.18219673435761
-0.0397375047977663	0.0332355924233739
-0.683670908564426	0.981616972630327
-0.00571415184133979	0.00430254851621015
-0.95933249501567	1.27062353350116
-0.16574173413161	0.137210095903351
-0.167856096725929	0.067752491603555
-0.197065832096747	0.160711594878071
-0.694091105107375	0.611756279805586
0.0151821111272475	0.00990284120560722
0.942961819944526	0.813955240065264
-0.191816988314899	0.115250493119997
0.0878274774287204	0.0524215616082758
0.522873402481031	0.366409673474307
-0.617658317832711	0.522551945406536
0.565325113890703	0.373453105186103
-0.220393922921912	0.177930744252882
1.09299498363927	1.35524789051635
0.393973883924305	0.354319111329496
-0.364810372427266	0.267447608705751
0.723102603292536	0.720256074807797
0.377960442332365	0.340387808626158
0.120193351247269	0.0859614682046312
-1.57371601225076	1.96963895785875
-0.260122541230478	0.204293507093189
-0.273522346885963	0.18456918008712
0.0888448038081857	0.0533150461529651
-0.525742673396756	0.410522699705083
0.767000638773388	0.828820539774777
0.507961365879828	0.531464683515304
0.346108775613538	0.242225617913823
1.03334658820205	0.853111710330846
0.215309658445051	0.149705893778095
0.0884301489244281	0.0524400317876969
-0.0741615385971225	0.0587324880990334
1.33701209439326	1.52863630797091
1.88648946526742	2.02173559944846
-0.232837275240467	0.163225140779498
-0.569579335682613	0.302414062863671
0.706575473516699	0.5082157687954
1.07248054094886	1.21549015140769
0.304866216530492	0.248360729270024
0.467682695748026	0.449125929425882
0.118152780150651	0.0811465708456283
-0.922247325469213	1.05506947104443
-0.682460938174675	0.763494504950175
0.764302193210103	1.06038450093367
0.00084468331773919	0.000584865106728794
-0.148362189108055	0.0649448078313047
0.0794944288005245	0.0451663729871227
-0.283177720237878	0.267163034391071
-0.137526724587082	0.0881835039622119
0.57392268449035	0.477520706754085
-0.789797404482476	0.868646465411299
1.94643840316555	1.68287420319574
1.6872590219183	1.5701365397604
-0.680968673530225	0.332069052227357
0.101917990904754	0.0298160348051342
0.702669803683191	0.511579564567739
-0.480360565886341	0.33844026525176
0.401003071087557	0.412717211374788
0.595598065228454	0.563852853391122
-0.198664578400346	0.194258484622165
-0.370423857702336	0.463260479806746
0.140316465735641	0.130762507818241
0.276420305042043	0.269232046214014
0.768182964857376	0.831722699269614
0.129404175903787	0.109881834263816
0.24557900633401	0.255484979903804
0.531857078417206	0.546476214019684
0.0817656686628053	0.0461559288172538
-0.868164958981612	0.7419116121463
-0.125783268099262	0.0959349367345631
0.628181311862129	0.582492353551026
1.19884860347121	2.06898274857492
-0.277800143380942	0.337610111316271
-0.218024569433388	0.287193338484112
-0.0564438673374609	0.0597176386823911
0.161710698926459	0.172423095089147
-0.0114644809120526	0.0116525559226217
0.363925873100964	0.544829526504379
0.373266757757071	0.495874210519346
0.0947755413986085	0.0887093459703576
0.111710507126517	0.1142677554923
-0.43938145578471	0.560431892422182
0.977064549933615	1.7656264495641
0.867511032621116	0.787563746498041
0.522343378430413	0.36362009258006
-0.176401339894423	0.128476641263054
-0.133362021966656	0.135632743218821
-0.0887328829237692	0.0596333284948885
-0.397783894774904	0.541951642750865
0.584174299438977	0.94640876296802
-0.0220585671846863	0.0184739111263946
-0.0467245519596384	0.0458803255894325
0.450217138627139	0.59413983888321
0.105189401107752	0.103237718158935
0.397985998131784	0.575476602062825
0.160957233799097	0.182217699486099
0.368843852445327	0.486361555107137
0.169746273840816	0.180938974605056
0.252612825209303	0.28789365631226
0.102605803036249	0.0989872745717947
-0.625136299087793	1.10894862998946
0.209783055176743	0.222450025301892
0.824156722051451	1.21102468341136
-0.175594889939353	0.183317343652238
0.840320690988119	1.38831807737851
-0.545835998283814	0.69181685137211
-0.601111594159492	0.798078442243157
0.125977636404972	0.103213577714683
-0.584399999304114	0.660345338981363
0.520786980503464	0.460091634859453
0.427825012452458	0.353699218499576
0.366749151524033	0.338811801356081
0.408590652123279	0.347255605554552
0.350205749902726	0.349868351749255
-0.0156028940844861	0.0133245323262273
0.0188835302853129	0.0191041349957143
-0.164653520499828	0.162350748129025
-0.289534302380304	0.311447701192604
-0.00709138511456762	0.00530154358028524
-0.281747306026581	0.284568711807988
-0.592933714438568	0.674249873090806
-0.264903653339718	0.269518595146508
-1.13124551035123	1.59225719773882
-0.257836089081736	0.225604077171165
0.208288250887554	0.163367739583177
1.26975493617444	0.545870640727711
0.600445143670366	0.56856654623593
-1.81017285818472	1.50571651539272
-0.874723649377542	0.576051140198912
0.988555981524874	0.46356461503939
0.771567477916991	0.528803043033551
-0.0683876028864677	0.0372823998984436
-0.587362233118177	0.227587398386815
2.04970387280434	1.35576837773724
0.515660078669827	0.35891608954757
-1.31614221735654	0.993325864732235
-1.35045516758301	1.44273924854058
-0.365700058055667	0.270176636869996
0.770796435174468	0.523591814839238
0.0876308874801985	0.0518320815849319
-0.952901631562611	0.95167914921776
-0.593925080045076	0.451490754667499
-0.0958323905497236	0.0742640688864086
-0.391959530074349	0.413366070919706
-0.967547711282815	1.29285998083563
-0.279791077933825	0.241290385127585
-0.0594579115882642	0.0487606576902234
-0.0746592099967839	0.0511207496348784
0.608478676585047	0.48726995676845
-0.14952306257215	0.125166847972211
-0.888452904146705	0.585289090682136
0.0346345652223365	0.0242891077252845
0.762650825863965	0.820071962724772
0.415966936502198	0.353062380344976
0.127417013616677	0.0991299528245236
0.463038568971948	0.512534344351201
-0.326337107423985	0.430189041621127
-0.671685687904615	0.744496494478713
-0.316236365303294	0.288600021095799
-0.786650484415165	0.81397923475118
-0.287197985872573	0.290358161291253
-0.114162661749609	0.054974485260701
0.574977027392184	0.478695404877534
-0.528656295982533	0.498878655554374
-0.327516916533365	0.247879951562887
0.0288050356931529	0.0201634510923554
1.01500458786384	1.1902990797759
-0.680990538075514	0.5552613050158
1.45571356585142	1.62045790078417
0.59564440256351	0.645168305060356
3.61951558331876	1.38249504606301
-0.465653959274146	0.197078229812182
-0.00610482204871182	0.0037252933843858
-0.174631116759335	0.126479924108453
0.411400253930069	0.240762317404903
-0.109385202635472	0.0528427857879851
-1.08993233642223	0.971358389606399
0.0886590656535335	0.0288152724024899
-0.468635330223977	0.199551310832381
0.377717317531447	0.147754653807085
0.874140003116344	0.550866438256123
-0.621556370950485	0.653686268471626
-0.101573996325186	0.0679686781722063
0.850686516464848	1.2249319320776
-0.16074464458794	0.168834927933502
0.45192630040964	0.429115912730837
0.578598453072518	0.565025896721736
0.619040304927724	0.587747227071261
-0.363496341429465	0.35826978249532
-0.386534087460807	0.431067830120615
-0.71584464901476	0.741917835328173
0.0840803648295979	0.0477759310327678
0.704800086440792	0.51309882242262
0.304374646956434	0.246577821684638
-0.0290529762401696	0.0170166033444483
-0.879921774711779	1.33821837805631
-0.320238130209463	0.345331744227188
0.340452892913354	0.589756764142584
-0.068489256828006	0.0819816875321251
-0.560898587571931	0.947123349963421
-0.0663664853734893	0.0785408661314183
-0.556557355199216	1.23865956897649
-0.334693041922356	0.516583796798138
0.155913000510126	0.158745622324995
0.291710864610342	0.360480072147616
0.333176697893213	0.466242759109111
-0.00566802551637722	0.00485928141677753
-0.364895798085887	0.232431846083045
1.20437971847725	0.642387146280789
-0.706595621772095	0.640518738495809
0.568266326927678	0.801744742309115
1.15939117474861	1.29056896395168
0.645520672388184	0.835656801387365
-0.648776526011396	1.19733374198767
0.425611618483178	0.506447372258974
0.0663442451665114	0.051280798549404
-0.143676049014489	0.121901420961548
0.497210581007795	0.821808872782686
-0.024132577458238	0.0275298379280652
0.332902155692249	0.506616027817415
0.0401972617216741	0.0451955825198463
-0.173616940801346	0.206138145234552
0.485592116098587	0.806688967000249
-0.299637015589371	0.398885827249691
-0.0628132180826461	0.0705259467502686
-0.243741500354674	0.296708971324521
-0.0753273853211419	0.083220164396873
-0.108097084597432	0.118458524220707
-0.00921275413542125	0.00937821468048904
-0.471943756817078	0.757359646908031
-0.515508967964941	0.78699130070677
-0.0909934802751732	0.0791792905279613
-0.574860082347222	0.618545863424897
-0.120378259369219	0.0582713569675394
-0.452912603934429	0.434574121255581
1.02269884711437	0.717259344690109
0.622724488720145	0.383461638918718
-0.620086873681485	0.524765524262079
-0.575750296052991	0.61755653290816
0.0946509712871495	0.105526119417799
-0.641617070671809	1.09453937290911
-0.589951979892253	0.669696479215857
-0.41501156281553	0.681824069389661
-0.352856202606978	0.559938505302571
-0.00221129413860146	0.00244206801066033
-0.169509579874461	0.205439909232329
0.873990243541103	1.637635464315
-0.277552878676934	0.335820522254165
0.157444749699585	0.151633359691541
-0.107618089653285	0.119064577468136
-0.0380371215490544	0.0311581863142646
-0.574500572352212	0.907051555358042
-0.0656001920910511	0.0593861279100343
-0.546566698929008	0.762236441787936
-0.174618497039024	0.157856606727191
-0.435435255348906	0.447901242442096
-0.356088491487213	0.353206650472709
1.00858329263971	0.590926420733991
-0.228481547910747	0.159378647227838
0.0743236617028997	0.0367058228189393
-1.03404332085579	0.642410630574705
-0.395701830802091	0.115534330411752
-0.682381528144568	0.333978899710071
-0.173218203870301	0.0704305152755953
-0.874698830777708	0.468062270408727
1.70352453606269	0.916520218890082
-0.0670835665646251	0.0365363693189934
0.372801280336918	0.145288309234292
0.295716344653187	0.238816800965439
-0.197835326388899	0.119691396181147
0.77155887406505	0.750850192522326
-0.11562648811023	0.0757756931031005
-0.306587114282611	0.202040960913149
0.684103230940208	0.698077149914815
-0.840173560066805	0.946167282456419
-0.709162128450929	0.930708282578948
-0.285553160525411	0.289355376603301
0.0140138385179305	0.011233644530108
-0.113467666319569	0.116819820955512
0.0309813666489027	0.0265794072983724
0.341144441227233	0.336833535942211
-0.580551056451971	0.730811573813908
-0.0888426063709772	0.0700024937562878
0.0496902864392	0.0358648981039773
0.864688603604346	1.14956749967509
0.379569600041159	0.340091921898852
0.357759663579348	0.338920015823843
0.0785296462640178	0.0651856221667265
0.128210765218716	0.0977524899081756
0.46773344137582	0.749642185667031
0.143015053910634	0.127397489279546
-0.0904194250474261	0.0693330689760223
0.132632793056114	0.109581027511891
0.137051369415743	0.124047729765465
-0.2956388196846	0.292018769794498
-0.0569747188979818	0.0459344396110008
0.604234977631447	0.732739820038231
-0.0459475403190862	0.0326697766733755
0.16307322360636	0.0318815003319474
0.134788942905281	0.114354697630462
-1.4161661634687	2.13756229678212
-1.1317303731219	0.908878591434267
0.547708364205049	0.539279051290395
-0.198094053534915	0.140970290153443
-0.269138990582314	0.211172779146003
-0.108862790827043	0.0719483045941297
0.655744561377258	0.501465119677323
0.323505335786932	0.233913539428294
0.875901549956363	0.791593851619098
0.465089514033258	0.252836709263901
2.06330834065533	0.904215395141773
0.0810504089319838	0.0460302509441957
-1.18012092781484	0.813622165240879
-0.491254850434561	0.282939982210474
-0.177297393840237	0.0711724277148448
-0.136982711508725	0.0879150549227476
0.982681633327128	0.960804546838002
0.559797753428857	0.799693032147799
-0.316016372445291	0.318090972374598
-1.19906829714464	1.90793883618636
-0.00839834450496942	0.00505674292619807
1.31755580138134	0.958263141257217
0.349537976786953	0.328036577586769
0.197298264097034	0.174664072467789
0.353025352175355	0.339675432231717
-0.842868068838061	0.372691518604112
-0.365092833660733	0.233246221781112
-0.374102782187847	0.309660389977555
-0.202428753990458	0.144082818940497
0.0738710147433952	0.0604663613842233
-0.521674581031145	0.786388431929999
-0.262016917732399	0.385076304830011
-0.132824623564506	0.172050884097173
-0.247991176412836	0.321667064063956
-0.292068991759269	0.467935774697661
-0.166252544210869	0.201786884533562
-0.395645380216765	0.586517270492084
-0.800547793354902	1.21723329327531
-0.180699516957889	0.216047381700095
-0.6320794401134	0.94503083544062
0.768214621496736	0.828048404485944
-1.59858796679554	1.78173281194723
0.0743236617028997	0.0367058228189393
-0.36699465028494	0.232898738842237
0.148544170511765	0.142714041286265
-0.318799237172488	0.206857787655773
-0.31773936516224	0.379856773536103
-0.247595236062029	0.319937351484995
-0.395744276439813	0.4720874192751
-0.154211014626864	0.129653403801011
0.849548628778636	0.879955996393669
-0.120385648307815	0.13525690387072
-0.0818315612226003	0.100315397234914
0.0693895062114014	0.0777487488455442
-0.00381229889745159	0.00420720372644046
0.540775159650149	0.836629770968956
-0.644214285204775	1.34492038361437
0.354572933417999	0.441513082714376
0.0365252209547427	0.0413080587087015
0.447964687282018	0.789840898775408
-0.465712215162321	0.681427903501947
0.236618619620787	0.313229957133479
-0.205099852774957	0.252907183011227
-0.205953793947236	0.239967010960097
0.110349908195877	0.111106153437148
-0.342633858094961	0.312509758673308
-0.573456380469998	0.615442645450126
0.871830068454025	0.555787090119031
-0.190312593092224	0.155748807274188
0.639744705322563	0.385804505636176
-0.556848722507382	0.374995133410354
-0.10048189266433	0.0677313371221466
0.215384144866399	0.170834908402381
-0.0870378428293641	0.0913773802762674
-0.307693683210847	0.410187277325102
-0.153698209198339	0.182935486243222
0.0169149842073128	0.0135575553357404
-0.386788498657754	0.466470171286587
-0.400066052864726	0.548659618073413
0.0411861842705858	0.0459465893682726
0.459132183462488	0.755336494203091
0.117452423069732	0.126605493649567
-1.08481471188373	1.93513375604932
-0.186345119538751	0.231092502380198
0.382863363943964	0.501427853442758
-0.348948275605063	0.413921553651879
0.543818511704411	0.91252826258431
-0.194887599253015	0.229111137857472
0.210682331416539	0.255934537425508
-0.251267559398213	0.258353538858564
0.107598931215775	0.107659788259659
0.0449977605860694	0.0326785066102181
-0.299656012247722	0.232324367402553
0.106171363040599	0.070028564167881
-0.330840939710559	0.165687004472918
-0.385514131258978	0.180201700951996
-1.05206376630837	0.529530629945918
-0.77731550474039	0.270283019147446
0.0791047998989641	0.0289636685525662
2.06625835514793	0.894408613991432
1.94900731921118	1.69701816030148
0.754838872081418	0.307715712094555
-1.06274194653806	0.528282573813276
0.992823289166871	0.466797675215531
-0.174544243451619	0.071033979372833
1.01471360605023	0.713450540099177
0.103349518863176	0.0653761626735468
-0.52463458423232	0.409411177484139
-0.633219909949925	0.407575841226684
-0.364552572320387	0.234338552882078
-0.234955530271461	0.165014043735455
-0.439115948298761	0.417962626041742
0.272117156363363	0.286565603436491
-0.12034629252246	0.112766563835136
0.0130737668431889	0.0112585529827877
-0.0332109027872221	0.0272447935683139
-0.0333986836881054	0.0279884328976809
-0.504355588852921	0.550514808915114
-0.00230896999948829	0.00173490692199511
0.0843487546456079	0.0502797848041375
-0.633602246705608	0.578334570601133
-0.251160712505101	0.238190989045572
-0.610262111947473	0.72112747674444
0.671887582728891	0.772119622761596
-0.191256482140643	0.171444853264773
-0.0104499422537115	0.0106093769161799
-0.526463218409724	0.563380154208211
-0.842177719181685	1.12589401227686
-0.0877853265057451	0.0690086432284346
0.0160414902792528	0.013220487781051
0.0029244151652942	0.00218408341071664
-0.355153700188762	0.350637102427439
-0.406160798151992	0.326001192578119
-0.165350165304276	0.136771194976944
0.220985416455002	0.147342643246344
-2.57196810381088	0.687583434747214
-0.708024204907375	0.6394177647
0.705393295220695	0.601801834148237
1.16788073515853	0.756829845124227
-0.377154990907497	0.276567604776775
0.327571715189704	0.248212768663431
1.0875526130866	1.34372623764339
0.219931586971493	0.146610566784809
1.00275946607298	1.07407306563639
0.223019877488459	0.141699947324375
0.35848067935428	0.236875249235363
1.26675231678754	0.540402083497145
0.754341674864498	0.308640642869206
0.0957688983643984	0.0280872494074502
-0.284955798523934	0.0930917740918159
1.26617237586217	0.544237689615947
0.28563803993199	0.135455871804058
0.320679045034061	0.137757424173427
2.0545890088993	0.893959169265072
-0.661826657921119	0.478533570276603
0.203967348139472	0.17018011423904
-0.317782273125629	0.210514823089426
-0.355586287944266	0.395636304526738
-0.517230397564543	0.72173285692495
-0.431793678288042	0.472785390553896
0.0445227208944077	0.0323356050838862
-0.487936305047271	0.281325532365995
0.50460392024018	0.598637998218107
1.01274876769539	1.54566158443259
-0.561106903354093	0.567812306369991
-0.473752773923809	0.197965851597259
0.823525515380346	0.65420551527443
-0.7239181050104	0.701503451463515
-0.454020440783362	0.400492278916984
-0.178959429662836	0.175661101266495
0.0581198271277969	0.0550071268437057
0.137561191581564	0.186617603660214
-0.224645841286919	0.315064208872149
-0.203362590917218	0.311044856778618
-0.133575567324329	0.189287846230044
-0.397652882268854	0.75541932188393
-0.403759855870628	0.553685199260476
0.487808649267374	0.728154483184504
0.37390059306127	0.56943916200899
0.0517074836876912	0.054118378639423
-0.0339887689799534	0.0240882003192822
-0.526177202537033	0.411620748123963
0.0638536609091117	0.0259706574136176
0.458529320518555	0.350501928233646
-0.360381389207196	0.448837526331822
-0.0677800518159965	0.0547587377304723
-0.205687830883927	0.231345293470521
-0.680485239487264	1.48860045638822
0.289953668882285	0.369937417670883
0.0613447275522893	0.058179645961834
0.665131546342652	1.00940132451844
-0.400713438657896	0.643621820829083
0.0771185126403378	0.0940209755139895
-0.252296734302128	0.360441004860957
0.487370936322965	0.814225102274208
0.603219238897645	1.10407299671608
-0.0711212135838184	0.0838958375059953
0.206124727373986	0.286434448478926
0.185575134654419	0.246144469911677
0.0238854468205589	0.0246735783588719
0.112644484814665	0.137922808623284
0.180677375657207	0.227732841456286
0.133226545043702	0.164403182268417
-0.404075504767394	0.647774086783542
0.198143362851998	0.204858302446472
-0.458368087570063	0.53186939730171
-0.68057725275771	0.924931582449635
-0.159461756718362	0.0993380672929371
-0.519834323173202	0.484593146443305
0.724792841484886	0.718719410583514
-0.115289532562038	0.0556556134516473
0.101222604146377	0.0640680557470669
-0.0989812318903631	0.0947357000169095
-0.094935358944844	0.105395930075743
-1.02013981457464	2.4104372345218
-0.847860931371857	1.72087260578228
-0.898197619939204	1.62708330313511
-0.187870502125542	0.19844469829031
-0.240865992755717	0.29556848397198
-0.165268271266981	0.217376704823928
0.186809972040159	0.251839078428749
0.006114281030533	0.00659659408768583
0.037544516773209	0.0416690222409517
-0.306955903801268	0.448430148495211
-0.361725219678139	0.536897568207262
0.284435279041312	0.401601872035524
-0.117128939881919	0.135238763357703
0.285604415908924	0.391925063575627
-0.834673555433815	1.52524468134308
-0.441800442994263	0.677465598783094
0.359240449180426	0.414910830270954
0.00212061488460153	0.00186285132282078
-0.544115087426447	0.816141460898473
-0.257528729214964	0.246017805862126
0.285416640116978	0.244998554026644
-0.58978487085644	0.58007943841241
-0.727454749487701	0.430924027304068
-0.58720643134048	0.441238277877451
-0.742381047188396	0.443102060498491
0.0641351161779878	0.0290371619142981
-1.7475436620714	0.994375856125104
-0.319483976936124	0.160861608669688
0.0743391064173254	0.027447191230619
0.101230426961354	0.0296586789627306
1.26165112175549	0.537068832662299
0.326558276257256	0.235354538722424
1.27033331802101	0.54202324251247
-0.231591023628721	0.134158508531803
0.441339457468737	0.353116248962925
0.452148655050583	0.434648151328076
1.03452646652751	0.854319723408745
-1.18206302157806	1.14020778709225
-0.553164628370827	0.475694624645774
-1.43465425862702	1.434183887546
-0.350904991513635	0.408915388498526
0.0958987766139242	0.0896242717291179
-0.604866771609995	0.939674128904328
-0.216623231743772	0.237034785909775
-1.06556224668869	2.02727462778322
-0.286898953147483	0.313209207433901
-0.800777335349632	1.22947389273541
0.00123472997322691	0.000918446168109164
0.118176440995106	0.0918859757242411
-0.355326601714102	0.326149985214147
-0.273314491346166	0.27976308038209
0.104181982271234	0.104044091249249
-0.750046544907588	0.977077010281463
-0.635882978448618	1.13677495877779
-0.264525658219072	0.303046047819309
0.0937785178174846	0.0861646335713233
0.0337169384525885	0.0283744047802872
0.625424665228425	0.741905931167289
0.0362124642923741	0.0317114577323023
0.140160784591965	0.125204127415781
0.0650462217495647	0.0527895397440671
-0.609891264729151	0.636907297044134
0.0747907587821715	0.0399316428145875
-0.211368663731039	0.186791085096434
0.438073806471691	0.430976487298852
-1.02781170308475	0.63019761058812
0.856786974685458	0.889092951348822
-0.850504629326763	0.908858925470812
0.0664004351523306	0.0513781482715438
-0.149637883468497	0.110608982070236
-0.245401801658851	0.194628243756544
1.07347774329663	1.12670981374138
-0.211343553972125	0.150409521442759
1.16761428153923	0.761766971149281
1.50327542339675	0.72323220136473
0.223329393119231	0.13333720782881
1.26685929533059	0.54428495837387
0.163198318954765	0.0319050580443516
0.620753196738258	0.378473575324906
0.0660619133842915	0.0271850450494382
-1.12905653222428	0.888140629667569
0.132311054782685	0.115024925425272
-0.131546669522473	0.0834547202862132
-0.355592201363241	0.463864968582927
-0.00236326762631187	0.00184756255080364
1.02301396285235	1.62710740090687
-0.264566711669559	0.208474329421582
0.0794281853441072	0.068213493047273
-0.749698547960296	1.01954899840047
0.197185721267372	0.170344184961496
-1.02992353346313	0.634209788230015
1.15282560680617	1.0355942792855
-0.387419625537127	0.405458724592625
-1.09412361778426	0.978634420538969
-0.176192871008094	0.189903154756659
-0.319293236975272	0.344238334728994
-0.0010746589989823	0.00113959903537144
-0.521412451873472	0.956726657412298
-0.28117507693222	0.378948611779329
-0.269907880614251	0.390221988240283
-0.782836164246959	1.42556385720029
0.117385995012411	0.113145358148616
-0.387467932003143	0.621169370475204
-0.56964271585071	0.952064460508254
-0.176529946313807	0.172702784795796
0.361739871542055	0.240979277791866
-1.03278052102917	0.639972808443482
0.496783593570333	0.365176425647833
-0.358257430747429	0.488684242067257
-0.0430829744227222	0.0307653945121587
-0.116553335755395	0.128457336647406
0.138578762104983	0.167497082519266
-0.434720857891137	0.534846978964987
-0.279039366349739	0.33980463344342
-0.808102167625133	1.19500361640138
-0.253327001335808	0.360810079233726
0.449267133576232	0.756687531961516
-0.86280553718339	1.66298154076338
-0.174827833613508	0.209944389288542
0.262365698265953	0.350137634735389
-0.155899046059119	0.197709686549256
-0.219199696919448	0.274026100967031
-0.101091377195158	0.112609161029766
-0.625856828329483	0.969436172708833
0.290326345882777	0.37692120688841
0.203599246645453	0.231256180800877
0.0673812804468221	0.0672734309463539
-0.16375804167912	0.216939199213122
-0.506828538037836	0.653641428330376
0.14343404227375	0.128212080423911
-0.468977691109056	0.51100731455415
-1.24509495371872	1.08069841266601
-0.0448797389105022	0.032043220172035
0.716768240205039	0.71155153829746
-0.0740414868883632	0.0373409686925964
-0.0985233566591964	0.0664132033537197
-0.109737375147688	0.104445072325619
-0.011691533128811	0.0129104095340136
-0.389447722074018	0.57411801598526
-0.092925959797368	0.0997137519463527
-0.344483039983596	0.368686106408247
-1.06062055997059	1.92407765270714
0.345522286064539	0.427749790903189
-0.23985667235447	0.283551214768141
-0.0123897197944205	0.0116693369036636
0.135478923957566	0.157507785060839
-0.84862873462093	1.66248020867065
0.0588947699925068	0.0583513786676183
0.266604937785651	0.252790813371095
-0.213727921830115	0.250391911970139
0.107185397260338	0.107302020045708
-0.120340356412785	0.132960819800422
-0.0713562795421922	0.0633405463149081
-0.527926422813563	0.801307718511654
0.0704346318538744	0.0573641824466612
-0.251759695457569	0.25890502186944
-0.53446531541225	0.715332534485708
-0.685123996432088	1.08472378180891
-0.306886642042811	0.258873543623856
-0.51045588320384	0.623281235292881
-2.19343368914354	1.66719941702941
-0.272285260635396	0.186293922700716
-0.950431460610952	0.95720812949973
-0.489244253030822	0.282777029939227
-0.865213389433054	0.476016892826936
0.468411691961078	0.163627726712943
0.759999645746024	0.305720444990894
-0.785641952482553	0.271537372734334
-0.596775857760419	0.22919559229251
0.415610387599002	0.245319120843799
-0.0894814247966585	0.0463016573132975
0.0791726914902145	0.0445641240979598
-0.514569331290973	0.399505764408354
-0.0589228899393196	0.0414738230563359
0.307270516374473	0.236373959524304
0.888470494036135	1.00681577616916
-0.183941176265768	0.16644123455628
-0.419105736200256	0.572019380909463
0.650870748492869	0.911383124743116
0.481356954375534	0.524878873417128
-0.642412879393874	0.586432563286646
-0.376495338731026	0.337825474009408
-0.32850818604834	0.325255458692759
0.0536762301694727	0.0412769078239428
0.154211651327384	0.151366734628308
-0.319368783846811	0.320363463541372
-0.613447922005996	0.735689342883948
0.0848928614707414	0.0755838360266474
-0.336868288063617	0.28133836341245
0.283992699490509	0.256282207039712
0.773262674144174	0.750391259261779
-0.572067652868162	0.528821075027032
-0.78594526779191	0.855207330217957
0.204643179448142	0.186638602479924
-0.783296535407863	0.891134471188497
0.950050607484971	1.67250533435012
0.128495732580682	0.0981154974407819
-0.226790438113751	0.216974176776851
-0.566445874232214	0.680041464617349
-0.911759958888149	1.16149242719346
-0.426899271140305	0.464081917763799
0.124487826954497	0.0998297948965866
-0.355155281747664	0.373972540962066
-0.300760615802795	0.300005518795512
0.482850658947366	0.353576851713783
0.578944446309478	0.567428844670905
-0.0353703612165414	0.025667896324179
-0.663141573841736	0.487742609461328
0.398257353202523	0.335249779321948
-0.306681250617378	0.261188341812146
-0.367846003532832	0.273063789930108
-0.181871288265671	0.146733317735964
0.0397865644560891	0.0278258028184933
-0.559692313059482	0.565518999484127
-1.05631836780848	1.04333983083402
-1.4130639812579	0.888121443424176
-0.280450595029981	0.092203603611508
0.98678303888892	0.364200312773431
1.1563567816886	0.730247927405627
0.0755345102613769	0.0278322263549384
1.42248186635954	0.460999123934144
0.465695039429514	0.163664307663245
-1.24597912776568	1.07872141043447
-0.384896423954057	0.179688199015658
0.98407377907783	0.366453047925217
-1.63612812874294	2.1410047550762
-0.467703421166174	0.376035718386048
-1.03505156234799	1.3750545430413
-0.811398861296477	1.29439415455102
-0.977532813606697	1.53084429276131
-0.149705250090699	0.135566783296545
0.472386010142466	0.591347586354304
-0.73116638689969	1.13625157696655
-0.919397148866595	1.7955193705554
0.472301875572464	0.50544220440488
-0.392797129491206	0.383691501613135
0.0367388483162207	0.0318644582549782
-0.269285443475007	0.27487416429911
0.089669736091787	0.0792346431661711
-0.761246077713422	1.52464842880402
-0.0609511951667815	0.0682403463256897
0.0703947776383533	0.0717654622603429
-0.192062772614588	0.216953237098483
-0.705171227872534	0.95838043813098
-0.247315117558615	0.272968919303714
0.0877893898424202	0.0931858039707811
-0.31913616017603	0.361408848565146
-0.159782925777704	0.180197390574374
-0.200548133082367	0.250085649919836
0.315268165156807	0.344540018762306
0.139999529143251	0.125534822181668
-0.0403069574952186	0.0338637585362316
0.221821656861489	0.176598645614878
-0.156523030099137	0.187543688700241
0.13561602079824	0.150428298165799
-0.449793351744076	0.610124222112588
0.279588126024091	0.386082568795022
-0.0859075146570413	0.0941948326294795
-0.319037798129138	0.42559035615694
-0.747661193233923	1.61906605462547
-0.340277401860619	0.384656672738584
-0.340586354603643	0.385952030580427
-0.702582728623615	0.877746581359188
-0.322185254347178	0.346768316417359
-0.109339845053363	0.103529158866137
0.00436904503480987	0.00389751309088352
-0.0701989576840313	0.055936642734832
0.531605876002343	0.852396043225085
0.204935402565188	0.198797022146104
-0.00888316093242395	0.00761764424972096
0.561587654784527	0.631910728860842
-0.122894584355957	0.0944406605560296
-0.67417222146112	0.95503782829161
-0.130712743399046	0.10997049483496
-0.601798764277269	1.04078656118972
-1.00281152773976	1.88421012114485
1.01658590867979	1.18107899608835
0.527097510576164	0.629000739566828
0.373176590894666	0.446235267129785
0.308901273924305	0.345294588206239
0.299596839364482	0.31214373647469
-0.470500532535611	0.635042331280608
0.123940884278065	0.140133718176002
-0.0797874332633127	0.0839442284546148
0.0715044424007552	0.0708151070960466
0.0251075782843785	0.0255581263644064
-0.792408000474119	1.20065832522262
-0.0910166559748643	0.0720473431464537
0.346451440365409	0.443683564209498
-0.754272342301003	1.01221179788609
0.143320035080262	0.147405609614176
0.145121655808352	0.13601081975913
-0.293127877063007	0.298544344245155
0.0515158029642848	0.0467436366405554
0.489592703520304	0.534103111424061
-0.133562934631549	0.113249024599865
0.0673244567595025	0.06626925223061
0.441818563257121	0.435056028960989
-0.0572471753269599	0.046895875702045
-1.11230192035771	1.63947705778524
-0.112403425698526	0.0978184280353014
-0.171655479998101	0.123905653901379
-0.0606413716071931	0.0413185680187549
-1.0081192763748	1.45477957092125
-0.121984431793934	0.09034262012813
-0.576464893321752	0.72669486367576
-0.502754564860272	0.548018216650347
1.20229567768793	0.639652981116402
-0.20154285704618	0.14407750513788
0.449361574407449	0.428226371843273
-0.708929630396954	0.683202380640096
0.216154824872343	0.156673819087023
-0.333974726547598	0.252140078500859
-0.58482430450964	0.444126871877521
0.350749568219703	0.252566014480562
1.15829224985362	1.04197767161721
-0.963965174223157	0.882150981356486
0.0195163512756448	0.0126688883362481
-0.555435007833699	0.560223475409554
0.0936370097556363	0.0843087346926644
0.546772066101135	0.545836524406968
-0.196667375795884	0.177179242285976
-0.843072951854316	1.13507274707552
-0.126026601878007	0.107032797146616
-0.320154518640853	0.34346566004463
-0.113864854470892	0.0969218534254282
0.336876614582957	0.331275300921387
-0.558541929748123	0.741774074196522
-0.37117812728778	0.331482371677578
0.131560066793071	0.106472190192091
-0.67445282494774	0.926553351109706
-0.0114782139960261	0.00857719572241437
-1.01256670104	1.14566481864745
0.357807751827638	0.238031211543697
-0.770840474900712	0.61766218436107
-0.651287093131686	0.640645531158024
-1.275200936155	1.86603222118709
-0.740965859655999	0.902066289248759
-0.229132933110994	0.200914677647075
0.492815706375787	0.361150820363044
0.25457710561852	0.305530311984626
-0.21188697331464	0.168438794595717
0.682057804248578	0.693618236688316
0.287631151998319	0.254395693198015
-0.554964253056362	0.374789285220086
1.3190729676335	0.955859355081219
-0.18425764132986	0.135000682601306
-0.269195921765725	0.182375566855755
0.493429515445357	0.450228756944482
-1.26809570712607	1.2924388574636
0.289506647135579	0.255962596459263
0.291926829249179	0.243277224254171
0.687228007947116	0.765000379429527
-0.768697476970331	0.610994222661154
-0.410298509050682	0.456321789364308
0.120578984157341	0.0918427996492193
0.296040855561921	0.246140096153501
-0.257433822833022	0.243712577719247
-0.898001191176197	1.20004950795784
-0.383087576084253	0.315971206675169
-0.240688120295037	0.168342884067669
0.210491034733064	0.157594974096942
-1.33204062415871	1.21408480158728
-0.684063738192071	0.55962936376946
0.464441756715815	0.253125728291825
1.31548627238012	0.9556735466623
0.207336252080131	0.142825906529406
0.121232846775641	0.0948188239080704
-0.157640750406897	0.0980514643299234
0.210849379632847	0.152421623663542
0.628745148011379	0.578263209694741
-0.136772954052532	0.0884020646195995
0.303081446423358	0.246420249035897
0.929055893148528	1.02048114289454
-0.340109508476188	0.444278273103154
-0.319836784846007	0.434102267990398
-0.226870113874296	0.217550449713244
-0.278277129294953	0.404144653285309
-0.200841896204687	0.196985102255941
-0.676598832673382	1.31853851654641
-0.168395609734249	0.154647533681788
-0.322056402873205	0.417946840593536
-0.337340487982774	0.439398835954224
-0.00733431391493206	0.00694786346805158
0.0754766448110629	0.0735551124414341
-0.0175322688505467	0.01929675117681
0.788840158204845	1.41157100921181
0.165438260722089	0.222974614579789
-0.254463719709356	0.22182044687219
0.232755114285858	0.138594085192143
-0.212032061835644	0.235525031587825
0.762018797479529	0.731846585204096
-0.0137376886678862	0.0102766065322015
0.145463411607907	0.144751076632397
0.384591175715153	0.514596707686313
0.122560075141767	0.158101864185567
-0.383858673732891	0.687092127553506
-0.351598412009702	0.590209732214615
-0.290343464783361	0.346534772368053
0.0164338798672575	0.0189738074419924
-0.0238939844676973	0.0174584767054665
0.2030902771692	0.171346513513392
-0.180911986979179	0.189086447264038
0.0122016147900897	0.0130273824375421
-0.0927344904973251	0.11482233349108
0.272144834007586	0.245017095568006
0.87947460818796	0.797040595459464
-0.0934698666641528	0.0600473841914145
-0.194932595927296	0.117731067850877
0.20861669551991	0.137232513025533
-0.272406086763978	0.186743011010122
-0.215838464743592	0.152436740528397
0.107926187627308	0.0710139207618301
-0.112290677258728	0.054466446110232
0.0361805258102702	0.0254031790059356
-0.874580903641482	0.749806951011521
1.36042643564342	1.40836273942169
-0.197662244180876	0.11863238641814
0.714275652187624	0.623932315080294
-0.192263814046427	0.250896100584056
-0.645762062339759	0.892466760035724
-0.32556924744117	0.429109203196141
-0.368504365350115	0.526097301010434
0.125225582827925	0.146026442870016
-0.366594606818769	0.656141902651173
-0.282278178031883	0.443541805260762
-0.577597733602364	0.971507487222764
-0.196265612635475	0.176402285861439
0.206165871947621	0.154272909928392
-0.270063368742937	0.183107340310445
0.435604459074785	0.345856535867947
0.320033836159561	0.343229777422359
-0.101243501805444	0.0891876394278496
0.067979573958894	0.066056035113572
-0.00428863885266578	0.00267178763149186
0.348573234942153	0.241545082080588
0.654310399199888	0.684412696098828
-0.939006633157278	1.00044110154347
0.456812532955518	0.349329474461945
-0.319335920529758	0.211835719898887
-0.546378669713912	0.365435710325144
0.00777435316604406	0.00477745871201743
-0.498204662076827	0.434296928484067
0.703732313740752	0.512196081918473
-0.188018034571978	0.111725097006973
-0.771734163758072	0.542676767372418
-0.765585737638431	0.540391485529549
0.52046283296181	0.461123690200406
0.0209002833353143	0.0194955768656381
-0.952523295102757	1.59089678142248
0.0794645034550934	0.0262268516113722
-0.599105377732616	0.904486211965362
-0.0473022665850562	0.0541859263700211
-0.260753015849304	0.34364994983888
0.0556105090567883	0.0583475137995418
0.618359942382534	1.12623027827481
-0.49296766162078	0.630338713117376
-0.00701607097827361	0.00670534355439014
0.399949518768848	0.508895964624904
-0.00772389436089422	0.00664348828664886
-0.74248509887077	1.19014510971045
-0.106968506450612	0.101024250586292
-0.460081135480688	0.649377437593366
-0.631272284530558	0.707970470240123
0.281668537808094	0.379332756272987
-0.561168496084241	0.640346089905843
-0.865193764974572	0.940428896007709
-0.227251152905711	0.19918305759316
-1.09821893871601	1.90136150650365
-0.763228189943146	1.42557330603431
-0.763490390424082	0.537827270708029
0.0638945487693294	0.0312490624494955
1.0365931801734	0.858731935843696
-0.680440773499209	0.331699826392908
-0.568840472749608	0.301001475961027
0.461693847453195	0.349575552153238
-1.17876316070606	0.806823392203345
-0.273333260333062	0.186116745728088
-1.35176897557832	0.611896361107614
-0.362003218655501	0.408684077523903
-0.199167633236839	0.119288270639869
-0.663658098591151	0.485178120962068
0.529749119561424	0.260345163260944
1.37774469812644	0.816181440416138
-0.493820786759008	0.28166055520924
2.04461572125431	1.34478965351156
0.418318244687864	0.246839024640873
-0.223574805971743	0.0822999127273226
-0.130622749240107	0.0835965974841541
-0.880370728944307	0.583819874686547
0.307556567799566	0.357275391558172
0.315861489023195	0.339191214043372
-0.438571555380186	0.562193762023283
0.638288267002417	0.594486631756239
-0.299656012247722	0.232324367402553
-0.0559630965934822	0.0392593129371833
-0.983964116433751	1.244509475864
0.849431707498332	1.12416280397062
-0.109968921730118	0.118255483900163
-0.0888640343390602	0.0774101421663563
-0.593875403758955	0.67607781610024
0.104714473965741	0.0687543349481714
-0.444721581333967	0.424892320211682
0.112932779521029	0.0847121845335593
1.06459153851222	1.09941095755979
0.576068263749535	0.481482808049808
-0.580409444588604	0.701870451199502
0.126318895183507	0.108531247920814
-0.287807549378313	0.249553888696228
0.642455367784357	0.658987708141712
0.824498208481224	0.769941866338095
0.106220600068867	0.0767386423832853
2.32249977375673	1.85272882439444
0.86169902594518	0.769168432763518
-0.0405839636321026	0.0288093278375257
-0.670913467584408	0.879248992214748
-0.846664024471338	1.34490132284414
-0.524313719742926	0.793161145494262
-0.102913806836766	0.09044174149952
-0.326165824230735	0.303057625297694
-0.133675473669756	0.125148369888173
-0.445526860106919	0.625248722964967
-0.206778981119837	0.232341511975883
0.0557074308392923	0.0508039645508041
-0.145392315381248	0.173301778727056
-0.913786560667215	1.0871921398769
0.204019154142898	0.20401647087347
-0.753621326616142	1.11383580505571
0.302019941553421	0.362833158084332
-0.56098336497946	0.641081245565716
0.156167931333787	0.157892584410411
-0.213357234178483	0.221767468275433
0.0320542650729814	0.0270524902303712
-0.365389022693811	0.481940787143108
0.00953581232322566	0.00789826754202168
0.374820725008047	0.422607836595759
-0.06211435013556	0.0550467296868495
0.071770242557287	0.0741547745641541
0.309068935448736	0.35157556029916
-0.0310095681881674	0.0285785932853158
0.211269387318197	0.202426912078259
0.0886754562110306	0.0933895033123772
-0.0955876610619588	0.097923925060097
-0.532889920775553	0.575885127692307
-0.346500260473005	0.317237450329218
-0.688138124264564	0.814622122641238
0.296787008949045	0.239411177404744
-0.00426763054503074	0.00369237297060027
-0.22611850594491	0.195093594284297
0.278640243364456	0.244652475377046
-0.0532510451335339	0.0373210857920964
0.0000277073594818659	0.000000210670051738453
-0.459079300119871	0.36558641556552
0.00877896857606016	0.00543494277886978
0.28792480530082	0.260370473259784
0.317148435547291	0.432039775006702
-0.139590952752238	0.128592980149933
-0.112757683991523	0.0957596657310932
0.52137512417972	0.685519312650175
-0.113398471261747	0.1058340917604
-0.367636134116946	0.437411620323408
-0.635003366503184	0.89364966170333
-0.164385342703767	0.186451854826313
0.024789006747018	0.0226490896157954
-0.360914512781388	0.379665062607878
-0.0880955881737508	0.069634441019695
-0.350838387862863	0.345582520107235
0.416866106238528	0.507424593647881
0.693929445895379	0.873386419479588
0.33839206806464	0.430061256855467
-0.290682589035196	0.250308453847422
0.199621274781853	0.167955141796269
0.0805374335778385	0.067670191287718
-0.454700113847168	0.43938472194954
-0.337755193973657	0.282150071539593
-0.29560234254542	0.228998655947642
-0.00710133429226994	0.00431975332042705
-0.199853080121658	0.158977136331893
-1.35517870883554	1.64324839453457
0.471777339579645	0.443782310774391
-0.215948255445487	0.224143080173382
-0.80240975696793	0.978196761529711
-0.467440383872592	0.52042894155036
-0.989244606204782	0.832286701089475
-0.183667665433333	0.163373668318327
-0.712192696780793	0.985970550152611
0.19839721024526	0.180276468228413
-0.0367801246547379	0.0269349911255011
-0.131278028981272	0.0987395100070386
-0.482671566130038	0.452803707674192
0.211483608909722	0.16773386692331
0.704376285839113	0.798299059312111
-0.347920807000035	0.291024578660703
0.126401582569567	0.0958790357616212
-0.200820882544347	0.161060772652286
-0.374783626961867	0.438098724041634
0.54324401556857	0.552846609278344
-1.11678125466321	1.86564110469041
-0.202913085498331	0.182620535496515
-0.702208116475621	0.828252942510164
0.329928368516304	0.321620181310768
-0.656567981405456	0.853438222661063
-0.111606620005769	0.073855945560507
0.0841028654439261	0.0471426353251277
0.220223269622696	0.146043086629248
-0.229367469290052	0.160267388515982
0.108566143799045	0.0711151122887188
-1.04990995352089	1.02308818338019
-0.55193722414858	0.473628825732856
-0.510378326787635	0.442385440096194
-0.187322436454268	0.136598624268101
-0.591080551628484	0.447666786786826
0.816472161300738	0.765316711720394
0.909868252893441	0.686058630912384
-0.359796980997024	0.230680437801431
0.355717427487692	0.247562238684358
-0.735314781506819	0.435608833548127
-0.235439971274351	0.183313006583964
-0.0306229548450036	0.017911967391563
-0.413962120039535	0.460366873028145
-0.782660521575743	1.03633931518077
-0.0535555468308229	0.0478302274196797
0.482294604066288	0.525058198956281
-0.509541254062603	0.516932990412016
-0.42722614267059	0.415650077211445
-0.43416698007042	0.440867696287143
0.0176990294171632	0.0114296121176789
0.023397267303754	0.0158479104077402
-0.265101955598123	0.180679647914521
0.115382120933606	0.0822798621863339
0.441943068044476	0.352773417310976
0.539575538812218	0.465533338519438
-1.01949159659695	0.744253710429218
-0.00759750164738381	0.0046330092183476
0.416564990061579	0.337430921192985
-0.558036830080875	0.5574194330488
-1.29279094799577	1.64675274187831
-0.196817673186351	0.176281228288511
0.314883193800209	0.246946865582665
-0.00211438081634944	0.0011990615222345
0.211309004089249	0.150620577364843
0.297577680845925	0.248970121002748
0.050194338757456	0.0376059193578777
0.447701796642995	0.425300533098725
-0.0129444689514209	0.00947553889966294
-0.360673771845869	0.329029067231408
-0.518669941013233	0.5219883940789
-0.498973898814908	0.598796729517551
-0.0735842641759113	0.0657843700539992
-0.110111520218515	0.0836306903217906
-1.31469363779297	2.52834359565317
0.41813514248861	0.508481823997382
-0.724183524926751	1.03917585395088
-0.393227589417607	0.585975927688731
-0.668986527675541	0.703291627940236
-0.189941518089976	0.155223270376925
-0.0456100948834316	0.0324296857806815
-0.251732416681939	0.252097337988319
0.80816761156398	1.15839316235848
-0.894490548440047	1.24828903034852
-0.0619663748238672	0.0558217018663827
-0.19772108772209	0.178771032209062
0.0895202104308006	0.0821059162366093
-0.791337971700127	1.11061222458328
0.428821554078516	0.490242398010867
-0.213604255447361	0.222428650905836
0.0594136674136843	0.054834127107504
-0.156898406841187	0.1430236765795
0.266997715201731	0.276753032299423
-0.951056182413856	1.32041637879095
-0.230738578548799	0.266920151767611
0.0791785324386892	0.0882583035937131
0.132358878783269	0.114865557052092
0.132119207524093	0.106831533944523
-0.730006091759621	0.803690612703274
-0.421729459587598	0.376065193234386
-0.264937725010275	0.208770279763153
-0.134765262355498	0.101478263548471
-0.106011148533226	0.0698158938877476
-0.135533503224133	0.101923858567026
0.076423755752371	0.0667914776109844
0.0317855212709109	0.0228429937184969
-1.29269632454222	1.50407061425714
-0.307020986900969	0.278500382803281
-0.319773585247105	0.344874216601693
-0.0951078369888528	0.0932576274535521
0.145770088986543	0.129780490345419
-0.191343953593427	0.157084392865583
0.001668308985816	0.00121963573953515
-0.578641110948168	0.699456037978518
-0.0455525376065991	0.0371168949919903
-0.195556649612656	0.207800363984278
-0.392179067757434	0.440882150599837
-0.186995772400556	0.153030540544088
0.135736524444727	0.117755684127677
-0.142216333066343	0.103431166269012
-0.436868035296588	0.41433354475474
-0.284991232972285	0.246077825867914
0.36271009552732	0.317919914289806
-0.34750149776835	0.292337236586486
0.272722800541292	0.266067807078601
0.75713284014556	0.311082427833555
-0.231609401467526	0.222804756148385
-0.338812905588712	0.358739901338437
-0.530000850838612	0.499276190693507
0.122095909512794	0.0851451477139453
-0.141724480612314	0.117080611166069
-0.350109702940955	0.321547467864028
0.453272603002156	0.342199902470451
0.209627422547959	0.159858933038528
-0.583614628131373	0.440840976018162
-0.0951877271861715	0.0754213986658332
-0.595791869926465	0.593778655799695
-0.977367571088133	1.24030065874136
-0.0952689533021178	0.0737632919043831
0.0336840884057579	0.0234523295426471
-0.0405083343091654	0.0287441170050296
0.0390190262352987	0.0281570500507536
-0.790236064077115	0.918359218386057
-0.342960008152345	0.285918261896404
-0.38984296162751	0.411919959572719
-0.409554804248545	0.331855322847178
-0.109174434268661	0.0526154837634109
-0.296529126446262	0.226027301483415
0.283998280521542	0.234073317411991
0.722668679338297	0.623039559505224
-0.0107353572862384	0.00646495123591067
-0.452092936145261	0.397639703797088
-0.290403297812538	0.222143838134966
-1.43513929250893	1.18292610783404
-0.55662284908256	0.373386593132108
1.44818162358322	1.15636087886753
-1.16994352969977	0.784593000481273
0.0675681495393543	0.0332154295754872
-0.0435822570792736	0.0246971493574946
-0.0898404277828806	0.046024055758374
-0.418586143713045	0.254635963904685
0.0669808403828465	0.0328980443748888
0.54388079641945	0.471091858909226
-0.546689300278191	0.465317685350321
0.511248742666382	0.535765852144962
0.205038926728077	0.178142311956256
-0.463491930954419	0.408177967191577
-0.0182885879817181	0.0135176476491393
-0.0191274805128334	0.0140825519351041
0.204416647958446	0.161489065170343
-0.179436607123697	0.130630221634828
-1.4230441639797	1.97433144950045
0.2205079476422	0.153167552790196
-0.198224526834934	0.120306438183952
0.759298812016825	0.62772741742328
-0.419794244355086	0.304195558967953
-0.160069434718315	0.0985450581144453
-0.989048445063936	0.82156382562823
1.15075948211453	1.15332986511483
-1.12582733035426	0.89624490837636
-0.369689508334311	0.303435331299478
-0.231415754970277	0.161990162634598
0.995617439933784	1.06234693637104
-0.237472621303583	0.188340950037407
0.214985619544667	0.161676026793441
0.213025500706717	0.147039707275777
0.665589369104146	0.599596309700037
0.117732901116372	0.0806829361365371
-0.203292987288652	0.143421643050722
0.599942765285136	0.474055944043285
-0.153860771482868	0.165874891682439
0.889780340239663	1.43756858071681
0.194424341017659	0.167391049269546
-0.149914088231688	0.180894686980867
-0.335120297340663	0.394763773930043
-0.102888979621173	0.0955872360297007
-0.494229941980939	0.666958670940927
0.20606322285205	0.230680399416139
-0.214555705378767	0.210930668491867
-0.163100963847003	0.160784401023463
-0.409594192260699	0.393270940299378
-0.958660734988609	1.26672735356471
0.200051464234097	0.203308013344317
0.0319896976684444	0.0276098059378151
0.038859744778132	0.0344157527608878
0.25130127117471	0.281230512542194
0.732053147422329	1.14009497103189
-0.278205807548855	0.357316290043836
-0.0430452091808833	0.0459214854053671
-0.0278577726106744	0.0233086648449822
0.0581751769745626	0.0506062683770399
0.0178253006584627	0.0116144729564033
-0.0471398294868142	0.0375940848701103
-0.0435543437115003	0.0404461144679556
-0.834516898763359	1.32447790866678
-0.761134976838106	1.17271465421445
-0.221126875934991	0.197822622772235
-1.08059375104849	1.74753527506778
-0.53952913497603	0.656848435121726
0.0741943577081813	0.0643821086987172
0.0160868966761991	0.0104626565266128
-0.419322492321727	0.301962682349266
-0.597063121267844	0.588980041389797
0.465573761628319	0.434620390879757
-0.108342676891258	0.0714290950140318
-0.784955447712412	1.00274180803996
-0.698812289951458	0.897680214065328
0.317902022971291	0.137420696679332
-0.32835436604991	0.327000684023083
0.353815160424527	0.331924978684355
-0.107175492764028	0.0702424742821133
-0.216967151534469	0.190329968049812
0.0909570614303084	0.0568460439280377
0.20988234079742	0.186880476035673
1.36863799574541	1.89978487333829
-0.533266186106555	0.497235995472918
-0.274902144373719	0.234656377607002
0.203203252985972	0.171737640054251
0.124345397936106	0.0964006620432794
-0.329030714622157	0.328735919104405
-0.301440811499743	0.301788003583799
0.124259807541964	0.0919462385743974
-0.384798718668606	0.377549232267114
-0.18908393891624	0.171357680580004
-0.233763354625429	0.241645793792393
-0.45825615664885	0.619446165566128
-0.941682271563636	1.00038326563179
-0.298343351288759	0.22957900261902
0.0308050046675401	0.0215408839017485
0.20705781389704	0.148425163625198
-0.148609647157232	0.0945551823118979
-0.604380231512563	0.597718104480822
0.464365881134658	0.353591331046093
-0.880497892784803	0.674105349418825
-0.994565668012147	0.826620670698407
0.997744724224355	1.06885406874941
0.533935618058771	0.456635128942747
-0.882908498519619	0.680234706055648
-0.0905823338284297	0.0470851703879018
-0.283119369901447	0.240609091801175
0.490328761972255	0.443590954759498
-0.0543587111468994	0.0387607583867299
-0.186159141471139	0.151817847240089
-0.232764592158531	0.205290005557527
-0.0559260001529521	0.0387847177616413
0.432731951318419	0.430202569151468
-0.0576355221933743	0.0400527935356527
-1.35085099240443	1.3998751416068
0.279398105562112	0.251747878814263
-0.178319503792579	0.129129355669215
-0.465284377990718	0.373168230535377
0.0891438540379515	0.0532769431344406
-0.717134010169127	0.700209574697833
-0.345212898253009	0.258275292463903
-0.379836075403546	0.174316784016712
0.357558497024637	0.237253476786368
0.0507988061807259	0.0368972204137433
0.336693484510856	0.243837854134165
0.333221245919947	0.325268090205362
-0.530987266709021	0.494567125222107
0.316090821211047	0.24872579129882
-0.2337341421203	0.186080491201104
-0.505410178023385	0.437503037356144
0.124047803661011	0.0938675562392394
-0.225706007549244	0.15609148841764
0.0557787768343114	0.041752957080185
0.770205715860841	0.646570811825524
1.03079050637837	1.29810370964242
0.71308212175052	0.62419049631031
-0.846311007437591	1.02081798963982
-0.0906955625668641	0.0875657455897962
-0.342286154051262	0.385960602204789
-0.227028583066854	0.234131828132424
-0.318080545418258	0.341365339816097
-0.102492381093445	0.0981421529348225
-0.151088598335079	0.180149332108785
-0.181850343545275	0.146799350630352
0.0103987173157515	0.00835509925426497
-0.157811812578166	0.143805366031528
-0.200020575513564	0.175333083895209
-0.190292519058352	0.200850779159026
0.196394588980609	0.186633295135002
-0.384178723796893	0.473650727093505
0.384201700430795	0.425115921534479
0.491950271207041	0.536477101328779
-0.447867656992477	0.58156787654576
-0.212678928130101	0.250370221593377
-0.413383676480457	0.586036300559173
-0.337622491210728	0.283567287761309
0.684522366613141	0.755200902959506
0.0721283185758314	0.0383602084776175
-0.138860041522161	0.105185267318997
-0.846126041185333	1.02495456965077
-0.239119192283041	0.261664163023789
-0.450329807057593	0.494373817463224
-0.653185785061082	0.835444497882036
-0.500509899207579	0.644667437580487
-0.504781827534755	0.441409286938033
-0.799844941744261	0.930874505561931
-0.632565818773586	0.711755469860572
-0.746002263093585	0.923967011024539
-0.181288077307898	0.165173159131416
-0.292791199372468	0.0959561885458453
0.617635928553289	0.811542914707488
-0.330923002926517	0.32574475196344
-0.155971019685105	0.131172926976008
-0.477244560683126	0.488317145495979
0.591244882298193	0.637607672514888
0.212885559738534	0.189688290675263
0.00529680144325347	0.00330085072968549
-0.531162139715239	0.497595081587486
-1.75765336435442	2.47943705733264
-0.792133760418078	1.16392022344465
0.0354404948274586	0.0293132821340546
0.86797147649464	1.21982022270403
-0.598611928169169	0.596805456580105
-0.596009344215305	0.676031984848829
0.0486349030789994	0.0360385767730507
-0.212917541419123	0.152093120283402
-0.782611842849418	1.22046198680745
-0.763227225157404	0.534774110995772
-0.131814148274109	0.0847219140357614
-0.374992260145293	0.310940330879001
-0.164342476039482	0.122544288162699
0.0722532354188791	0.0382315765241487
-0.0648838321050429	0.0352438450516411
-0.363250007524549	0.233803577337445
0.344663034706258	0.241101007660385
-0.112568435471581	0.0543508188505132
0.0887300670725035	0.0504376132829108
0.45768624981285	0.247981239611158
-1.78355593853231	0.415040398756502
-0.136520694465973	0.0881006631903838
-0.0863088151697457	0.0582163306679228
0.200220761568078	0.173006317106943
-0.0667642433315238	0.0457673613803163
-0.287907314716438	0.247024841481911
-1.88652292891405	2.495733171739
0.908068960863165	0.918433028154785
-0.314489928709208	0.268155460223683
-0.234274797051055	0.1866224192488
-0.231500026933617	0.203425598077178
0.364513543055985	0.344793142807182
-0.321474074753743	0.24170725167436
0.0213523217488196	0.0143799030614514
-1.57366623946853	1.96123635243812
-1.0708679640323	1.03988884287351
-1.56751584363646	1.92608449165655
-0.0896903104599081	0.0458380531298513
-0.00831889204826848	0.00504214716079431
0.406332109581944	0.344400618899215
-0.0168922709813062	0.0124813935025375
-0.0287648090581992	0.0207891083865065
-0.408416636393855	0.362576707744044
-0.421568908719213	0.344571717549975
0.460714177629963	0.353909070214387
-0.582908132471298	0.54273068825319
-1.42984913291765	1.62826836984452
0.349284510041063	0.241233508894337
0.0882682845873537	0.052856300508173
0.820800292895541	0.653427384821994
0.362660261700986	0.238931998918012
-0.140637466921536	0.171695608343918
-0.516064082666311	0.754736551052683
0.00713939249404883	0.00438940104602704
-0.488117910042116	0.619458367355754
-0.42409852986979	0.594930988855954
-0.318773370824263	0.495687154879971
-0.49282143901759	0.875741145962581
0.0314261858002011	0.0259141084508314
0.8189107867611	1.61425401546226
0.20087481223943	0.153923493200079
0.112922454771853	0.0825228362060551
0.021209188182514	0.0170129561717727
-0.105304079039138	0.0914157813654875
-0.272969582810309	0.185857665508564
-0.327084295478491	0.166552055410363
-0.313986994877067	0.208098162011128
-0.477317360034143	0.335655790056566
-0.314548623805076	0.206930934892944
0.30114441833063	0.362192802169562
-0.0355874184708393	0.0257071821715338
0.126748391767322	0.142148641444521
-0.558250677570652	0.876653567021814
-0.267336878539693	0.182134410447813
-0.295938249246229	0.291491891475394
-0.671355582605593	0.495442457842
-0.737680878941447	0.441403568239647
0.0147570378055672	0.00900561920255077
0.0107886085146864	0.00668237111468775
0.0341509896611307	0.0325303210526626
0.272522150896894	0.245175492334173
-1.34208367458944	0.611803851881616
-0.385844295371093	0.504081684782266
0.567211390265004	1.08885593688269
0.170749524267724	0.210154708310792
-0.130180113685108	0.150290478697353
-0.0426091767521086	0.038443732964966
0.388539321571663	0.449310795265773
-0.62257921205392	1.01300964309706
-0.0908551856736934	0.0942213331331397
-0.150310199240011	0.139692036697015
0.503921926716211	0.684597741943229
0.258018539928938	0.290780955425733
-0.0504098503312906	0.0449087570325411
-0.604558529820424	0.596390250861802
0.315798243236654	0.326682671766671
0.78820316900074	1.00496819186269
0.296351474488551	0.23944649726839
-0.170066130549057	0.122853415358984
-0.595434498966479	1.02003565896786
-0.350964471432758	0.41249120460659
0.410592201620106	0.240224281635823
0.312467253189981	0.133949053739228
0.070484780823928	0.0289022134005227
-0.0630512478261397	0.0342587428554298
-0.516385401915549	0.399396979543266
-0.77565285621897	0.679203156761446
0.0736369275090234	0.027210195538483
-0.0903246710836669	0.0462684730303058
0.873352545330649	0.556557939139928
-0.384683461463312	0.178856371667866
1.00508574510889	0.582751330276268
0.623312088840466	0.37975429482495
0.521204802154409	0.257566017122887
0.990640914126199	0.456575644872318
0.0745118031246133	0.039273035336417
0.871147316978288	0.793317038280894
0.383410450327525	0.416783856534993
-0.37246179573901	0.333127802786871
-0.408103450866038	0.420895286556197
0.0274638047127575	0.0184609569200788
0.77498369797816	0.530686449026161
-0.196710850954203	0.159130118602408
-0.18014938967069	0.189423893820271
0.01697656586749	0.0110661073477366
0.418940661306073	0.499093310340253
1.13255144316442	1.97951124925646
-0.132886721533834	0.126136290616356
-0.218495798392952	0.193593690249421
-0.118501149939466	0.0907978269095452
-0.120680783059782	0.102445031939044
-0.138053489680386	0.104318982165278
0.211969920027199	0.146994824952384
-0.0655589381615454	0.0449879839711629
0.04970168947329	0.0441544675722242
0.651089290563108	0.502051945684342
0.71346684998465	0.623189317491153
-0.420866729354033	0.302628048198514
-1.05602494095624	1.02391324378285
0.107905310691244	0.0696141458498505
-0.212076983497024	0.188389105662648
0.0688435456076393	0.0310160410588368
0.0617668859321344	0.0279094283426173
0.711180104599922	0.515407788703364
-0.424021534368902	0.738066563816911
-0.887197461736086	0.686742752236524
0.0638890735237809	0.0261503778694536
-0.882666850025406	0.576125503936037
-0.418557735102256	0.918855995231825
0.498784890734423	1.12443745578528
0.118407482413608	0.0869643577318596
0.515940855439159	0.916276637440626
0.0202152251490597	0.0130431053937843
0.497406451933336	0.362523959792617
-0.416196940591757	0.405319707313222
-0.025892400551833	0.0240523662307218
-0.288288252306734	0.0951646511298916
-1.02918196279897	0.634512272733925
-0.487415015020868	0.277323335018214
-0.329920520965365	0.168412378099194
-0.140421379223887	0.0624895283009795
-0.18004340120762	0.229789947084817
-0.151225861540639	0.126872087893549
0.537985342207722	0.848594517939792
-0.589072743381793	0.874057489521377
-0.0339285434919141	0.0191235090698494
-0.292387312890786	0.315195259184777
-0.849773533882355	1.03280249066142
-0.383203880547918	0.453687467132658
-1.87645058958283	0.771634568567856
-0.787315721683892	0.271998275091023
-0.171498410727533	0.0698197819619669
0.0678702724102372	0.0665517403392692
-0.551059117252265	0.54882608114672
-0.386084060752486	0.179632090133526
-0.891755051025279	1.76750084030131
0.309249469399405	0.652594303554435
-0.128609891491958	0.179879735369326
-0.176967820945483	0.278692933321107
-0.0963365762306511	0.115318375803507
-0.826525109831479	1.34713777137684
0.076706456325651	0.0971709343716227
0.388360650035791	0.637741174547308
0.401667077319893	0.432051452876335
0.317285644528528	0.429970253727887
0.0425264080973967	0.043168797421692
-0.326120309574398	0.38974792520225
0.316274600882681	0.239066610122578
0.10987931237688	0.113978815465284
-0.0771562439867106	0.0616327368578717
-0.520523191848022	0.406777577747154
-0.239146657009205	0.168222543315096
-0.238070333083427	0.189059438467872
-0.373835714598684	0.591004042086165
-0.319919404745234	0.458877548963625
-0.348349512262041	0.417439431414246
-0.780621338588044	0.27365972431568
-0.38880875813668	0.112228426170382
-0.839928616810497	0.371493100710556
-3.79308767912324	1.47380125829656
-0.873056583017248	0.47845153878816
-0.163365487510809	0.102015880799752
0.0958493466477599	0.0572304283424608
-0.283547466992737	0.154677968865678
0.0768904416671585	0.0253241886845593
-0.467222533979231	0.198703394805602
0.834460443087354	0.425692767734498
1.26455453758669	0.53778452095438
-0.288288252306734	0.0951646511298916
1.27033331802101	0.54202324251247
0.623771053802231	0.194253824652275
1.71143693421663	0.935035578533458
-0.144765519303465	0.0644584704656837
-0.345163939091821	0.356448496919435
0.12441918645841	0.0917224585685529
-0.681597283910641	0.798382659771972
0.10767230410023	0.0711508040523135
-1.06084709086835	1.04483065651864
0.494763964701719	0.528272733384294
-0.0593561839443442	0.047675162616612
-0.522185930223154	0.481329616198489
0.0810243015608317	0.0818838640338917
0.424156903858211	0.579496166249279
-0.167404084645445	0.199807606951329
-0.452203327282939	0.55315212492351
-0.349042944990562	0.388221775915525
-0.0885133553423638	0.101360055117433
-0.0599301426869429	0.058769924288649
0.412049876634719	0.4311988971751
0.733094258897928	1.06640599637137
-0.173280336733623	0.180351458631575
-0.0896422239811249	0.0600692772045021
1.68753279272433	1.23884301069117
0.541209774160512	0.463730798648106
0.889974268480498	1.00387538517281
0.350999167493731	0.4348963587861
2.49655597875081	1.34152203015376
0.83427668900026	0.422145382831353
-1.55403486921359	0.796044170875854
-0.238279450148802	0.137689634384964
0.221252793016077	0.147503898483942
-1.70022708930211	1.26830558211951
-0.0132142660596079	0.0141377611191612
0.374289784811515	0.700511329473006
-0.0901099305456815	0.106072127431768
-0.14665999969772	0.109695460151453
-0.223794099339873	0.312421450762474
-0.133584686724489	0.100410457768942
-0.465932196699569	0.373290494193008
0.0166083163710995	0.0107900984222081
-0.113579389933094	0.054927302216711
-0.730483059236867	0.432145509668377
-1.06143404663598	0.53068039502915
-0.633609525027534	0.405701669904293
-0.280477296605522	0.153605649061658
-0.284667265657633	0.0933902477297201
-0.365203764917611	0.234718927220524
-0.366662973184938	0.464781292612757
-0.00716657072507207	0.00539646403402199
-0.55566638050418	0.735128886994512
-1.4346523080744	1.41378422267722
0.0824024150327046	0.0436291265056166
0.565226257943747	0.637425379954468
-1.48656074547328	1.9745902577346
-1.00595315612342	0.727791501262272
-0.177137542874462	0.109398039485577
0.104716083664128	0.0992622963016271
-0.425531319870555	0.495557832243534
-1.05253943566208	0.525560102855131
-0.210774244630904	0.236921609387355
-0.120005737345878	0.156168946263179
0.10823940543038	0.131692313447552
0.0230381556664949	0.0267200814250589
-0.74553206876849	1.32016330102326
0.0840407959194396	0.0723779562452698
-0.575204524035575	0.883374986260779
-0.0885869931675922	0.104232514375234
0.117484170139729	0.0907495704553527
-0.72398709753437	1.1519345842455
0.0163794898982027	0.0160307500397288
0.694933689824159	1.10760694874528
-0.169919214201521	0.140761245602468
0.131059918720419	0.145303268968478
-0.254920314922866	0.242420942774225
-0.35555110680333	0.323006018669043
-0.801449897999666	1.63916506530228
-0.0822622725517063	0.0909963044476459
-0.0919907775269223	0.0900481243388495
-0.384059080547201	0.17874109076735
-0.681660455492398	0.333424200731368
-1.05324956927174	0.530751565527528
0.615396156429384	0.276997870352218
0.0708342327405061	0.0321229667300894
-0.419451986798244	0.377082619351702
-0.378886743676222	0.174676694608638
-0.390609043378598	0.113594128833838
2.29716425084426	1.11675794793443
0.0911586153910884	0.0265297631146319
0.750981299560082	0.300644804772448
0.978844627562927	0.359432084872755
1.9760405399428	0.493213117693187
-0.734413367288561	0.434635937523305
0.234482915006195	0.130834497993793
0.893853538544752	1.34088474847576
0.757059068084978	0.900123710574878
-0.236532100130262	0.240575492019728
0.807144444009711	0.941215183002594
0.0252946740691222	0.0170805298723884
-0.174929566134242	0.145847543219057
0.481576580302669	0.519694489887677
0.320361563684892	0.241756602652155
0.145604622607041	0.154688291653296
0.550782358115692	0.719559242703616
-0.470445808203323	0.517308294207204
-0.58703315835731	0.665701247876053
-0.412941197021089	0.400628314576859
0.153715690732954	0.141898830366669
-0.732563282124847	1.13624115622335
-0.231520429091329	0.13354393878184
-0.709576985063049	0.685081840892237
0.214532145061815	0.205001371729189
-0.330440405096828	0.250791984550869
1.49846196079494	1.49854819031878
0.631823256396748	0.587890689448447
-0.563284947407324	0.480733956883912
-0.274426912034636	0.312017634161044
-0.322352803476118	0.388907462590693
-0.361685739513838	0.452129491788904
0.400048935731613	0.581237069227634
0.252194160158585	0.258522911495581
0.0735808741456825	0.0771038369086648
-0.346259721450557	0.393647686221794
-0.327063770730401	0.303151367300216
-0.462633160691323	0.369068585581365
-0.427422658502891	0.346838297436202
-0.552282252741069	0.475386188475774
-2.20476170713088	2.37661883100942
-0.326723156568832	0.301902548604502
0.136305872830773	0.112806661719271
-0.499430754999415	0.7026088102027
-0.484768162738723	0.512833634185374
0.207798688562958	0.18525061788866
-0.225944471802195	0.215684095546181
-0.139213358665209	0.12970498976884
-0.70784182519466	0.640699012135437
-0.0717866123054665	0.0389052408099679
-0.377647860683945	0.340862551407449
-0.555567352678243	0.47877534609517
0.571529470929529	0.558881718871005
-0.647613919023885	0.801235959042865
-0.064404521315123	0.052134335650541
-0.154518297423592	0.0676846715705423
0.196935705118083	0.173878066851591
-0.212948481523263	0.236555955541422
0.431938097585269	0.567364674323943
0.0498031038950104	0.0449394418533902
0.488349657231224	0.53282461572315
0.14173975671895	0.114629483440365
-0.264225671713839	0.231156659937177
-0.035815395387639	0.0328199596108475
-0.180712728435785	0.164239986398049
-0.16763138696735	0.139003722543109
0.542076915021382	0.7573919302624
-0.0744839639152231	0.0667079448088583
-1.01134890199647	1.12997906385182
-0.153985125015325	0.14317562515117
-0.504973869718946	0.509172587621973
-0.242491614721339	0.265207764488873
-0.483657661747313	0.276866606546778
1.28361031255797	1.08606749917468
0.249821406677576	0.128729467611191
-0.294534640514725	0.225450427907238
-0.803861076642261	1.03902205667179
-0.746002263093585	0.923967011024539
-0.115245227152521	0.0561549726707077
0.747813371500537	0.305311762022531
0.0709522594990424	0.0376145095238554
0.228242377014495	0.126719650411559
-0.275959633487294	0.150616062095369
-0.230266565212306	0.132349538726249
-1.40033385014242	0.874284295358549
-0.550131584602911	0.370816735081984
-0.480424370277883	0.334982636996153
-0.104605957915397	0.0789865209651912
0.0265809605101654	0.0179185922638013
-0.868478138179785	0.881897030717366
-0.350169991090008	0.32037391538581
-0.368884363423369	0.301865681124307
-0.617066019474177	0.653049149637164
0.535686571976253	0.631545591980885
0.824812251320933	1.03774498476593
-0.157697156163127	0.153951749475347
-0.223212247195612	0.193669376264586
1.08820118429753	1.29982235984536
0.520817284372054	0.362392999651524
0.700207722105507	0.844787543563139
-0.94533269751991	1.00861293840331
-0.524476096276919	0.411899341183978
-1.82416995054656	1.95495358660868
-0.427422658502891	0.346838297436202
-1.19849435460577	1.89709051937033
-0.238490100986653	0.190191029939598
0.116465569530636	0.0830148930939174
0.678592191508683	0.846003600091764
-0.285374406946001	0.246133952159869
-0.703842143363684	0.670098203091199
-0.536498344262168	0.504071470485255
0.0189383521892773	0.0127274392553144
-0.0861153713437938	0.0828948244870464
-0.39708037458312	0.461183410793311
-0.0797098460642168	0.0692513525767186
0.0896566884872447	0.0807750826321503
-0.259470155247132	0.226898462797386
-0.20901473541636	0.19261311447353
-0.556186019159232	0.478554928994197
-0.0617127629690272	0.0498675714601588
-0.220531546473247	0.196760674361158
-0.242918021554748	0.22956400027336
0.340673926303685	0.340538167917207
-0.0345567663201744	0.0250797665432331
-0.193055308284753	0.156543401810097
-0.788307949634952	0.695793022308499
-0.844957183356231	1.1315231570512
1.17254331638869	0.766750459185755
-0.527757160467411	0.567638593952085
0.202515617704865	0.149950502035883
-0.04042941994113	0.0289210392848752
-0.87336218602198	0.738799772403087
-0.226332488173342	0.15713589924372
-0.420041786963083	0.304271147973012
-0.520828970209372	0.40895943186241
-0.584407147537711	0.443339531888948
-0.0369278177378542	0.0269173899024436
-0.109452536844213	0.0721369134985199
-0.837130845369442	1.16002470856067
-0.193511329255221	0.188509486236727
-0.257103189882506	0.200290436391823
-0.0289189292905441	0.0208908494649772
0.197573179098515	0.155444556985145
-0.632651011506725	0.578817030908062
-0.314808361732857	0.206977140863778
-0.430289695035511	0.310468157168714
-0.234627515870089	0.164103035063484
-0.169147643935118	0.105418535681409
-1.78355593853231	0.415040398756502
-1.16641824397705	1.36044406012436
1.46127286612622	2.00503209261853
0.352345796264669	0.337643104449273
0.580663527007103	0.568003358006411
1.38030693607183	1.93915780713122
-0.615360453237123	0.519058697528028
-0.797322931129992	0.879003733600235
-0.791739151191391	0.762877948831973
0.732840696085756	0.892264684671036
0.46148377223823	0.442161482295188
-0.474909597365282	0.331035895269884
-0.0255554675891181	0.0150450727719623
0.379661806492138	0.23748913350828
0.693537969574484	0.498655347748785
-0.0888375299994674	0.0459308577027825
0.999933164079133	0.57922139071646
-2.84587298682616	1.87964247094652
0.00123705140049339	0.000789374992202988
0.0976814895001366	0.0617036669439746
-0.367593389984105	0.271003776778955
-0.990985921829846	0.829933283011428
0.357994726326105	0.338837895868109
0.629965684837901	0.583062767056397
-0.267809315007923	0.181861420209504
0.762487313473535	0.736914633288737
0.426025217888604	0.349260065009157
0.108912658112675	0.100813067039736
-0.0805894902721127	0.0784382430970896
-0.114902937747135	0.0982254390768027
-0.278353140810903	0.302472086123657
-0.20636820012249	0.198708368145519
-0.905123056959357	1.21734179744025
-0.172247539910041	0.139511359819758
-0.412849471293	0.294813373914024
-0.41461825388317	0.372322873900275
-0.291560495341611	0.27237044628994
-0.317521842622779	0.339286612909472
0.756196070684605	0.89730096974446
-0.550995170516705	0.629736217612694
0.141634234429648	0.134006256974805
0.166851330772078	0.174531938146147
-0.160916607061834	0.142707930999185
-0.431635950113188	0.505743619852593
-0.566797231371872	0.650431320388897
-0.543922084588844	0.688014879744358
-0.538739708819284	0.528196151377405
-0.504646807727705	0.442158452319429
-0.285756272403531	0.289227638417413
0.251549695557266	0.130047982660462
0.568536619654709	0.467666576266166
0.523870465377531	0.259843961318682
-0.852065719237983	0.982981237399636
-0.318389136525913	0.211371398782124
0.0733623017018598	0.035988267237434
-1.24281745365904	0.707225039828887
0.819625551966148	0.418584861079197
-1.2453297894364	1.07713003546738
-0.573272185822387	0.530991080264671
0.0752525605295992	0.0368943844925042
-0.679885726097158	0.75066236503593
0.512518022661367	0.454394981812582
-1.70071790998788	2.29430881483362
-0.216174720150641	0.17513092942137
-0.135118819269651	0.0868994718049361
-0.155897881586595	0.115648858546234
0.11361734054459	0.0795658990446597
0.674675354973995	0.608881197217609
-0.992384149393032	0.827086585204496
-0.489563043792861	0.42228061728145
-0.330446506919353	0.250731092388606
0.536634489727461	0.614352874573548
0.480674934577828	0.449135295499285
-0.154028940959643	0.129635334529714
0.720632785618265	0.717162359267625
0.0912944875238941	0.0548791925249133
0.214501993100596	0.140914281266024
-1.01160687869096	0.73748221084707
-0.876407338182331	0.581487853264141
0.710496342385995	0.402870549771682
0.564512713864665	0.36987202346972
-0.7785651111507	0.270306125911936
-0.383467011465663	0.178143422709915
0.32020791657927	0.243381703531733
0.107175952839927	0.0675924896660289
-1.42932307379618	1.18074028144664
-1.53942052581767	1.35808637996196
0.497741732698819	0.456305274811269
-0.00387502299516148	0.00287869963172426
0.415704840461259	0.33973789292534
0.440818084750367	0.349128138123558
-1.05217853118419	1.03225533688392
0.148986074624328	0.140315248444049
0.0202049936718031	0.016653978625708
0.127176779230467	0.102139301778586
-0.237564256127449	0.242129041637125
-0.281812246101735	0.307643089957298
-0.535408805039072	0.649174678081541
-0.123894348093231	0.0946618286700804
-0.160888099323669	0.195626186747022
-0.280955643225814	0.356844815493376
0.00754045055332458	0.00719516204520411
-0.0657072728372984	0.0579595814093608
0.139827335940362	0.13589831474301
-0.425610948009819	0.497100613651582
-0.24050898670646	0.230749419929322
-0.334244555624111	0.354488528034248
-0.605674706500043	0.725892953959061
0.563077399525715	0.694224311456304
-0.470796963780954	0.200128568617305
-0.198380997052437	0.178090112664091
-0.429134274732874	0.348582031366605
0.22473074065983	0.134143633621593
0.0797931440943382	0.0422829938376294
-0.272131423359579	0.183616543089219
-0.547560704456409	0.364845597764039
1.25397498851806	1.2218752709884
-0.0902224190313758	0.0609771392798256
0.760797409297515	0.638668146677316
0.0687721363196884	0.0312248275033948
0.0482591472220021	0.0350652325820465
-0.982467059024741	1.24221065244146
-1.42337061237343	1.97180226165231
0.012962878374832	0.00800685957194439
0.343780152007893	0.327486185217783
-0.145648903795456	0.109986604181492
1.15800046744559	1.27211589794257
-0.382890535779195	0.346839877853527
-1.30388621983629	1.68706887438732
-0.11341917848708	0.0860440437975035
0.785976166617278	0.993850285036125
-0.0746220714680603	0.0515134401008176
-0.113351564148534	0.0749087123193996
0.116276674887292	0.0879228994096783
-0.142326890963963	0.0911966444880114
-1.34709177155948	1.25180364388677
-0.480999791053749	0.337590154579011
-0.0432720097298923	0.0245899442997461
0.816549406062876	0.765664825278519
0.10602800985272	0.0302967445213747
-1.24221196129582	0.704433316663311
0.875104637788293	0.790365643031886
-0.875757609283295	0.581518678229199
1.39435408542354	1.27584519481678
0.566575570545541	0.542363105928966
0.10803716043115	0.0763155580577557
0.419658114643548	0.346533954217872
-0.224850744686147	0.292344556351189
-0.612917231623944	0.814363506550601
0.00536946908538123	0.00482432866109107
-0.0502433314481119	0.0411286160938153
0.0137269308332759	0.00896841011319208
-0.221860587027684	0.193132525940307
0.732195780553357	0.890630444752222
0.581421353203394	0.56642153826608
-0.0272115754652357	0.0226371187778496
-0.127324364725971	0.106793878801585
-0.240273840151856	0.242992277995337
-0.646058065362617	0.800414091220329
-0.146992786027285	0.110971229196114
0.00102628671048647	0.000803588552307644
-0.264533541843832	0.270752428045
-0.205473747698522	0.21626007190159
-0.115213946495777	0.110115122549674
-0.0811466325321379	0.0791059133563026
-0.00739582589346599	0.00552441208702671
-0.130392839959155	0.112626807687001
-0.0190412306714777	0.0140374215661314
-0.209712967391039	0.202627726719731
0.325804471183396	0.335515616834061
-0.472460021909457	0.201119374465073
-0.032329449371188	0.0234886442997271
-0.303634100710099	0.284044470354452
-0.294528131432041	0.253068744156966
-0.083030995539177	0.0426515306878966
-0.0492877495680701	0.0278768782029731
0.363236530942008	0.240453780966166
0.221937059910506	0.132690529998808
-0.545675516857837	0.366924821293636
-0.763088235775139	0.533199832908375
-0.870444971870161	0.813813377428081
-0.364294798447724	0.267976994584155
-0.0698743847581394	0.0479069083804205
0.324227615036462	0.245351098433178
-0.374084155847804	0.278710262155836
-0.48553846657477	0.462837070057571
0.47466232319508	0.51176781100728
0.562941800198119	0.636985336023337
0.222952493819376	0.159741377424924
0.655822663230051	0.683089591505874
0.760688815862789	0.63405086595823
-0.0830284084139809	0.0653745515884497
0.116388026744296	0.0854299588798027
-0.873429130336177	0.74772781972167
-0.785100197351072	0.676239261992277
0.0822752065428246	0.046827801753053
-1.13158658672058	0.911110348361398
-0.146142517617557	0.0640739539140225
-0.463647593999586	0.196739695371961
0.54300651933041	0.470159358521235
1.0275943136751	0.844198303004891
-1.35545435816527	1.63611193317977
-0.585990419667013	0.447944543975613
0.21490496678302	0.149335223353857
-0.374459442266737	0.278992485827665
-0.491637660024671	0.72037628254466
0.0295611479748951	0.0242971778803744
0.0408805936255905	0.0360729801132996
0.0677128194480684	0.0684677077856709
-0.443993474019752	0.455657902827937
-0.0449969353727384	0.0371265968009196
0.0737921936216671	0.0615650944139866
-0.0386667397672092	0.0322476570143362
-0.113830380328064	0.0967390446040801
0.983761434963803	1.32819760149882
-0.175186479169619	0.158454998441624
0.794358984702812	1.10308908874244
0.299600304878995	0.359750361581283
-0.0998917003849251	0.0862513664073416
-0.516144638163345	0.446638533685797
-0.670133879478754	1.08359516377141
-0.147428118473612	0.123314140567222
0.033709455650344	0.0236177607132889
-0.0311428420488573	0.0264129638741655
-0.114284043216558	0.109000608848691
-0.270569782786865	0.254860662056568
-0.030718907520197	0.0252523107797463
-0.0237908539586332	0.0173517407104413
0.0230412507880368	0.0211214612505199
-0.484627364173791	0.557843278359751
0.558414170335279	0.693423262016637
0.711865289386246	0.403204098631347
0.0232062085573685	0.0180392938388293
-0.275760661003618	0.235180297867333
0.221069563870386	0.170992442062911
0.387999344335149	0.244172845313529
-1.5990455633026	1.76238342560853
-0.110548507076054	0.0723796190498325
-1.78355593853231	0.415040398756502
-0.503386258826996	0.439627269002878
0.607575328557591	0.815988958900956
0.0215115506181448	0.0139534916210742
0.698647694170357	0.785718153220045
-0.0000913565074547101	0.0000789133609773047
0.428593411173937	0.431686278227864
0.0270485414912771	0.0188887409561156
-0.569032310618314	0.51976662683451
0.262586537988368	0.254305613313677
0.114818492498656	0.0911288316213281
-0.194791061547987	0.117885070414183
0.225634808888706	0.134497936716599
-0.884022918301012	0.590012742287005
0.712722181694197	0.617376651250509
1.55466854320816	1.82686811581734
-0.14190290926896	0.0635982083010046
-1.74514718391545	0.994895893690752
-0.00798489873419748	0.00484111538839467
-0.365855227226294	0.23480315912053
-1.19435290209415	1.13900903923421
0.934993945060197	1.02595941055244
0.328621914724617	0.238006011561518
-0.495580260005259	0.466743433907377
-0.276075601597943	0.29977734249866
0.396192344575353	0.548082925807497
-0.0529439238020769	0.0523014578761682
0.677416692081165	0.686483290774096
-0.417411004269545	0.299038989328052
-0.373931336589887	0.470548917577404
-0.140186819213083	0.153435047409655
-0.50191990306245	0.70812584949092
-0.545854329203263	0.886470244002828
-0.524688199591076	0.605463736274473
0.809318955938164	1.08606754958223
0.206717784420723	0.164528011510278
-1.17989623124096	1.12636307950134
-0.443508227154016	0.385421436650911
-0.241612204983543	0.138099300807895
-0.371302999612712	0.453359739070058
-0.410196979064297	0.511212386565975
-0.748084751315475	1.05351474950599
0.0531108338956909	0.0397811535926438
-0.562207581096982	0.71690083427534
-0.527742431568332	0.63171749835081
-0.184568403523009	0.196712214809916
-0.301733609636842	0.378479964622427
-0.0693955759348068	0.069301209367233
0.0551793029030959	0.0528688127525791
-0.239517394334531	0.274508291656492
-0.0296211817390012	0.0247424615060233
-0.245453500213194	0.283862045379547
-0.597051284276083	0.67316484079399
0.205461233282958	0.163252297076455
-0.526788721395656	0.55741474969062
0.0703733748218045	0.0288783052212046
0.242672945553451	0.134411155735355
0.221240534688501	0.140027917352314
-0.387047185946407	0.181553674288914
0.105422167055608	0.0298445022759543
-0.78606888648088	0.274941922247046
-0.844915345099719	0.374362240024889
-0.734272502109897	0.437169030103695
-3.4724489022409	1.23315077833711
-0.152495993522392	0.127992597938595
0.116537832799708	0.088334033031424
-0.971379541221514	0.89207522238806
0.0741335110785466	0.0395409937643944
-0.0458202508969394	0.0259128390753512
0.205094779880224	0.153125646331212
0.0979287140927338	0.0617547711914525
0.0831774862882835	0.0473284399017486
0.0745101680096125	0.0366770398047636
-0.161556813214365	0.100604339287563
0.526878712452064	0.260887402708427
-0.844725860558578	0.375745191335752
-0.468998509211521	0.199462619831221
0.752303267460555	0.308125810261955
-0.874182168649879	0.473271735700435
0.617385432607574	0.192162315231533
0.103276218212718	0.0299839417626917
-0.309671813385772	0.20491268415589
-0.463647593999586	0.196739695371961
0.0749369475930201	0.027667789793538
0.762025867521655	0.511153342115644
-0.374221382674189	0.277168842187192
-1.27240192590765	1.28867277106271
-0.00109256473410013	0.00109290392144542
-0.106033185225698	0.0977983958396538
-0.370250400372341	0.462618544477474
-0.112742845176851	0.10728536802936
-0.569566496275707	0.606866479739362
-0.415667730334694	0.29865554303481
-0.057783454834929	0.0611972801737296
-0.219466337339149	0.287518915906701
0.802401844053905	1.83377197599493
0.335442979231259	0.455437268398885
0.125419665418902	0.131260664057352
-0.185958187317851	0.183951350714708
-0.509660279159596	0.517342110769856
-0.711052305262488	0.638565007740029
-1.13485204819628	1.18676192036176
1.22751139624339	1.85447623325983
0.227565233172252	0.135791905262112
-0.166596883410814	0.104529611991465
-0.954853427297593	1.61189960522219
0.116852905399326	0.122094294365458
-0.297861345350355	0.356544519528504
-0.201888962267784	0.233902528823456
0.153075822404864	0.144126075672077
0.21639824815167	0.207748630624144
-0.0765588189955641	0.0607282561866694
-0.202580005589122	0.240355015076753
-0.444816908971214	0.576485458612565
-0.434892721236058	0.669997412869995
-0.223555942843748	0.31640171339948
-0.132875268194856	0.124440796225912
-0.7490069098625	1.24522339532871
-0.568813875056191	0.517466138490071
-0.409126546929417	0.330627328861281
-2.12807931281376	0.985366013866693
0.475577810946	0.362096610448051
1.01554586651882	0.714517557162899
0.314035271085771	0.135385887427251
-0.0269592988595634	0.0157656185873825
0.601381091694188	0.574089438028403
-0.61920901431963	0.516414709233843
-0.274377270290429	0.188311863782442
-0.69521028288919	0.618861629456629
0.369169000315865	0.327851801891954
0.907685653998514	0.689366398062836
-0.381055701621448	0.345601382918062
-0.259519584455222	0.20366263198749
-0.319505132104624	0.161682495586319
-0.46523179989743	0.195417975799068
-0.387782777368435	0.180803147189699
0.360084217652494	0.137080491923691
-1.68537917177098	1.2784919140499
-0.84493105550596	0.37248148502259
-0.219965120388317	0.0808475257581228
-0.639596283054735	0.156460136265019
-0.203471825562369	0.122842048685948
0.454584972332256	0.242558601386952
0.282887432141073	0.134720087219957
-1.17962151729742	0.809168032416399
-0.610266975868129	0.514285210560427
-0.228701077921216	0.253702941767384
-0.499174461859101	0.603198201345326
-0.279005900997534	0.152708020994562
-0.421137441896435	0.64111248084977
0.0739579347076704	0.081153047709221
0.514915184854235	0.891250755254107
0.00773632077125872	0.00753814616233314
0.310571412736975	0.440069720246852
-0.51639060134329	0.963882059114924
-0.029572479973233	0.0271720445983909
0.135111327128163	0.112173644811698
-0.531039315531818	0.496831588955296
1.94559613745693	1.71478105195813
0.102408771217634	0.0672492462277159
-0.525267644864174	0.41047396285624
-0.416197639582101	0.29954996360815
-0.171882080791476	0.143112603143767
0.566685156327299	0.796877098378165
-0.0247060080044163	0.0229568625472839
-0.506510957434894	0.678866645926665
0.19934738137498	0.189278202854725
0.866236180406759	1.16694780348087
-0.315738245574716	0.318410117232859
0.0397773178259845	0.0287446161395492
0.860943224710698	1.63608965209316
0.139369639199963	0.165994763649214
0.154484859324478	0.215344004319305
-0.259747063894924	0.358145438694712
-0.122168787538099	0.148001833873124
-0.0723821815940399	0.0765689065614016
-0.131615094480802	0.150294879371433
-0.516405839150168	0.527059788784118
-1.76608888242961	2.49200442952792
-0.742726114320379	0.432314986646127
-0.316793730837372	0.207218215094232
-0.320328543004327	0.162894232670649
-0.391357647484744	0.182340122733603
-1.55874608340206	0.805760443869497
-0.325023676655288	0.164718442816504
-1.78346459010975	0.415096457236971
0.063422193839111	0.0503346953003347
-0.155243789264414	0.115187031816348
-0.76439739599065	0.530775563266643
0.077917279305626	0.0413557027343525
0.384882470510383	0.241246181310747
0.324790958363911	0.244361536906506
-0.0942473437054551	0.0638690625535508
0.292869788400607	0.244522766880557
-0.37540676619057	0.309353926298443
-0.187621963023681	0.110792169416272
-0.476506855014499	0.201332397623362
0.104522548275487	0.030451402882796
-1.08681293384492	0.436195432282153
-0.287858623362124	0.0946377502524253
0.463505266395781	0.249698925030528
1.42484773808557	0.461519344198087
0.934329992408637	0.244228492979103
-1.40728444581423	0.88153836955927
0.619992798664158	0.274653422503698
-0.175262066081875	0.0711978201234321
-0.472054986204557	0.791733697883168
0.290077863763694	0.460214314669715
0.255877483329773	0.379435067471808
-0.124142193258946	0.150949924920831
0.17294783524006	0.213404590841869
0.203907273000498	0.24755979307016
-0.238715147704891	0.24323944203299
0.0720608704885757	0.0602681170421903
-0.515633008778701	0.402811043848809
0.119243206888402	0.0902572606087465
0.408069204436994	0.347466600605337
-2.79240811933372	3.13697457579304
-0.781916646506111	0.68782439038897
-0.198948544653119	0.179564481993021
-0.190578920810457	0.238037118859641
0.270173885203132	0.392411255639865
-0.240393326659596	0.349942102190325
0.0587230200731987	0.054689827596724
0.030828498682679	0.0271058620803993
0.464897310952624	0.525574423622234
0.715715313155056	1.19423018868193
-0.221101291340598	0.301037821933844
0.384348342799372	0.690264748239141
0.601409351158697	1.34246627826515
0.000523079861770235	0.000590286110088158
-0.219270825517953	0.317279548942843
-0.489366724276518	0.280729743420921
-1.40384833129238	0.88534687521002
-0.280450595029981	0.092203603611508
-0.169670848971806	0.068959990390697
-0.369363011310732	0.274043280155474
-0.233161538167781	0.184171507582199
0.19276294162363	0.160885552518088
-0.298955614323949	0.229740277442595
-0.127858957905611	0.0956070735275402
-0.776733692252288	0.625508091834618
0.335088752846137	0.318754527390019
0.00694181194360376	0.00458708859718894
0.719185696557437	0.71589126366472
1.71248113927202	2.52033465173233
1.49958031306731	1.4864559423847
0.320832871735918	0.139148002813198
-0.485087441997978	0.278216533113072
-0.782421718713389	0.270135277882134
0.316342447581535	0.136971796751973
0.222246863805779	0.131386596508501
-3.78352389634761	1.5074133028632
0.378983020869658	0.14785262569313
-0.422246339680168	0.257300618985537
0.454853373933641	0.244963649803075
1.70858037678133	0.919683064826524
0.210422361921338	0.138400989933423
-0.144201046664008	0.18215173701486
-0.220395247553379	0.271558820365445
-0.242683775345257	0.281457561796457
-0.167722485097365	0.203034075823998
-0.383938182444704	0.452997809518854
0.125012304824056	0.100539682404124
-0.355435238303179	0.327573927996532
0.646883322112125	0.4917598870185
0.80103853797803	0.84490863069033
0.116273005163686	0.0765666445410517
0.456152758766289	0.246548675634591
0.493764694041737	0.363919998197302
-0.363790565487058	0.410498457073621
0.264416654626337	0.306538020818769
0.374749562568818	0.507579009010587
0.131776269093939	0.143250637086736
-0.262957257073568	0.320178470983434
0.350619387210625	0.427216565860766
-0.302176642150423	0.302606849549875
-0.10074099261143	0.0879756860425165
-0.62332811641799	0.937820660021637
0.0312100116180577	0.0327532553879627
-0.609752271425183	0.979839687345571
-0.224136118076098	0.343900021582502
-0.268065826500249	0.37419956925591
-0.20009215884379	0.260765467518139
-2.54028306172362	1.41156974185551
-0.700115536761085	0.663128345827934
-0.876741897425883	0.759110922155969
-0.1139951555496	0.0748704192886686
0.857723954232334	0.889871432224341
0.324897531330064	0.247471477142975
-0.382702982781613	0.347547857142562
0.113723321287619	0.0832248208373416
0.125206662337522	0.0978455716491769
-0.312321092147909	0.207907814109403
-0.141688194652226	0.06310202069082
0.463345795356449	0.161618675437089
0.468557085842939	0.164670323898188
-0.284968078457448	0.0936290272851495
0.322158287342664	0.139440863095662
1.41753888493787	0.460075319194046
-1.55759199477803	0.559723883081557
-0.484560242358736	0.278549748388
-1.3109670086117	0.982382827705097
-0.78675750307229	0.273371828721461
0.234964627717742	0.130411602091215
-2.19623093860856	1.68761056859031
0.01607674486082	0.0159803983437931
0.245784715993511	0.330129778273034
0.470833459769508	0.772850889065125
0.612667445054905	1.05240737580121
0.218504675714902	0.144368875145356
0.492574878626002	0.537133602961733
0.394065993787324	0.246743463204069
-1.27683916105476	1.30655438166381
-0.20359162795107	0.121862571853914
0.944940343722267	0.827077625470498
-0.780231445744769	0.796836344145329
-0.122913379606629	0.091495959592856
-0.231987373842083	0.252822084785346
0.471122381642749	0.61594724304379
-0.536008231141808	0.713115385999354
0.503601400914092	0.699614057954766
-0.231226164311455	0.221577298617908
-0.376220145301649	0.39245302472025
-0.212323993827709	0.188594439661077
0.364216060267769	0.506887601679284
-0.0928329320308025	0.10859972599733
-0.0747945562299825	0.0842875735414555
-0.330584867362585	0.477918903392902
-0.150330550839624	0.172165570336506
-0.140212785127863	0.168978446255361
-0.504312842566564	0.712161368498256
-0.845899597086376	1.07606062028166
-0.625276401106314	0.396993649512718
-0.875534566360784	0.82914016343691
-0.589153744914608	0.447105925082212
0.120072206294114	0.0881914126700424
0.280270894111166	0.246386138481613
0.0334621990180974	0.0225103074775185
0.2190282799316	0.157413892601735
-0.0488896913928328	0.0275146294424231
-0.836396528754818	0.370010701518471
0.0997151553090041	0.0289351651650972
2.05926724925634	0.900482160133906
-0.389637471051971	0.178541412043416
-0.27974678609119	0.0923967925857952
0.984197215583847	0.361213971580404
-0.785510297747507	0.274807822870996
-0.781118168722273	0.68233364467701
-1.23944856321098	0.702426814420434
0.0855375092670015	0.0281508086620049
-0.114693758615187	0.055305021765532
-0.742254726076575	1.31143082446569
-0.141766749113115	0.187681581119771
0.457439072554364	0.778414069859738
-0.324415662547754	0.480082600784962
0.0863940407574418	0.101794515482901
-0.0987426210207866	0.0767831072129223
0.270210493938315	0.262560647493075
-0.485740044274586	0.277837052198377
-0.0972330150077049	0.0754775201782735
0.81471877784341	0.768284533002723
1.14782017113872	1.03064244720423
-0.593115702046329	0.446714680236872
-0.545884626331534	0.662848968261682
-0.637621421454265	1.08763243068285
-0.0909406873203126	0.107195742715154
-0.325339043019785	0.468741104108537
0.721067171478493	1.34961064935468
0.311104179472802	0.346177888250896
0.242666997392508	0.267627291618186
0.582814754664073	0.791645109513788
-0.66036204028384	1.22942119568965
-0.0362659957529566	0.0396454464120342
0.136529366017972	0.18969941329208
0.263699850599747	0.374986222443718
-0.244545033442775	0.329440961579809
-0.926297696858627	1.06430455250907
0.551514701939887	0.471629474824793
-0.0923698044242266	0.0728960813903982
-0.128554376273809	0.0959126139119482
0.573836698984445	0.477998286336469
0.493417566580152	0.448719877924251
1.45845302246965	1.62364934493158
-0.591344360402822	0.225749587795233
-1.87067782435373	0.770898391840456
0.245321759935453	0.12644424940156
0.316577157280992	0.136703464542968
0.468557085842939	0.164670323898188
2.06274546205155	0.902931253229983
-0.388186711086283	0.112834812193388
-1.0973650340295	0.982090406479834
0.391540586777574	0.245282824153241
-0.674360469647226	0.323727276974789
-0.239892565095231	0.190775830853293
-0.482247433997055	0.714479544116097
-0.213768054969752	0.248021724928243
-0.119090542635553	0.138994011813596
0.0384065037578155	0.0441392231828121
0.406162176324986	0.580450303990434
-0.314629901872937	0.289576663569307
-0.704266209337124	0.918233380441373
1.38514922109825	0.830603494479094
0.627556316272239	0.581429083878973
1.35401505898886	1.41208557482458
0.768660274411703	0.518700553645535
-0.289807620280342	0.222081106816061
-0.103074037421579	0.0907182807321471
0.123940884278065	0.140133718176002
-0.0958063365134112	0.11074643360671
0.126796299693623	0.139339161158342
-0.307207040050891	0.412858478534989
-0.0620536105118362	0.0612375670319368
0.111143467494682	0.0857736452330965
-0.220276827417835	0.208256425667398
-0.00165728237463711	0.00149579917087586
0.29192026305826	0.429538835130805
-0.33166110865887	0.504470321404706
-0.180524506703298	0.233240598355358
-0.162292519314833	0.201537184989508
-0.903427943712703	1.13846156290754
-0.579006371494342	0.534222764510067
0.223283832972936	0.140890169915096
-0.58056311216486	0.541579469131604
-0.481698296620246	0.492466871480427
0.132155060204478	0.109604250281452
0.114283484821633	0.0814120016302975
0.0554765200103706	0.0420305655736576
0.419658114643548	0.346533954217872
-0.675099833777215	0.32075666636081
0.623383177870724	0.384130890127359
-1.08528397950011	0.436718249933636
-0.276440425727105	0.151016917399798
0.630806720085821	0.386881044308579
-0.390466134450405	0.114207620517753
1.42618191837161	0.461642678393369
-0.266664246757514	0.181496011489713
1.20081964000837	0.636210756812847
0.230796239174639	0.128794021393929
0.0705091721060117	0.0373787801056634
-0.475236773974528	0.332035730099018
-0.281044587212195	0.242351977874689
-0.477631957193354	0.489981487260327
-0.950771534246529	0.948113971505789
-0.635823870356696	0.40115963137714
-0.0975400251714643	0.1152290197443
-0.0860124009592004	0.0941772589586347
0.0180200695897222	0.0208178356145763
0.0385165341563491	0.0423206473353693
0.249956014910422	0.362904928922004
0.0222045576114218	0.0251183134267111
-0.0412625096611757	0.03811269975617
0.514302928411674	0.613081137179554
0.0710395267493502	0.0579275885641194
0.207279696079976	0.173959890745415
0.773950585065404	1.00163792372286
0.768149098057711	0.907786494538075
0.10071279526635	0.0635599797911633
0.0203736325968448	0.0131978409584082
0.525509793043994	0.685547951326693
-0.106620316382813	0.121814594095415
-0.482696563856796	0.785249016029227
0.308210629119895	0.512133824202681
-0.0136291983359956	0.0138885474320425
-0.0241487767727643	0.0226068514282219
-0.0408344370865422	0.0378193918893618
0.15338111053155	0.213567052056056
0.508217750117599	0.937509178854581
-0.0431679748105088	0.0477234973782576
-0.346368138874065	0.317511045302443
-0.0858668362859095	0.0671374186870666
-0.792119511194343	1.0688127004031
-0.496225686215793	0.432558049156175
0.135027261998017	0.112160151792942
0.319544154923443	0.32423542150865
-0.449070311837327	0.392494412326976
-0.0402119121831761	0.0292236566203257
-0.235617780775078	0.164141223388995
-0.109267532154456	0.0527183408368603
-0.139685861916099	0.0620849401113798
-0.361108006966043	0.230377370688124
0.0699368285467402	0.0371652214962484
-0.994387104390629	0.828662865261393
0.0749369475930201	0.027667789793538
-2.57196810381088	0.687583434747214
0.0797501420892378	0.0450311650431127
-0.67016394869359	0.495402576572644
-0.423155746676673	0.257460565892243
0.0345848053122862	0.0247925966699365
-0.105355901759518	0.0822131560358704
-0.234415741940544	0.161614872494371
-0.182574817670548	0.191583347921061
0.823880489009079	1.63007820521507
-0.192154181550694	0.198246413678803
-0.0866825933409075	0.0953094330002384
-0.699538981699228	0.911220269290406
0.089496108373113	0.0807491794990363
-0.800682823998107	1.08355470728725
0.0189586952318046	0.0122477285346287
-0.629120134738843	0.828309238421712
0.388461370573429	0.422348420844445
-0.517612868247667	0.521088765434552
0.286560660600259	0.256105799631977
-0.666675912542025	0.90516042784687
-0.124919481514152	0.125788354960269
-0.224228787411406	0.265734065911319
-0.0503725361815233	0.0461975016342572
0.212853895061235	0.245703525850499
-0.433008495606502	0.612429825496102
0.0698776827580661	0.0679274962464094
-0.154361666863965	0.172330701970751
-0.00119195249967812	0.00104240816562661
0.0316355915899066	0.0348850304364451
-0.0206868239409254	0.0191150611039301
-0.67712942508388	0.967720190190571
-1.0493250647283	1.63623046655958
-0.627851955627792	0.786931541547367
-0.488657226042266	0.279521786941314
-0.0612073562416046	0.0494392107672931
-0.242178559812344	0.168644043625733
-0.185735192990618	0.133512598898751
-0.228616028675573	0.132202630065606
-0.265919270512123	0.207733290460519
-0.185110355095961	0.164806382523391
-0.13477000565414	0.114499315230936
-0.0621366920031294	0.0501564556477098
-0.144070118042312	0.119173440695532
-0.469221185650113	0.37283951459865
-0.879599511390511	0.571696282728696
0.0798712500705427	0.0420796450447642
-0.279818421737283	0.153501073156903
-0.48240488983943	0.332091633115831
-0.686286379941761	0.55576852845059
-0.106911089306413	0.0702267427840517
0.119717595411214	0.0899714652955194
0.0507821117936399	0.0365396205521795
-0.0962446981274671	0.0640751235511083
-0.383718190420752	0.348299968964013
-0.489307900153222	0.279513154237954
0.764340620010031	0.637539521615822
-0.155287933132042	0.0947122793816093
-1.01220292101707	0.740428314739357
-0.192189008757522	0.235968792866214
-0.189369234509161	0.258185346918531
-0.0822636901409519	0.0926351740390909
-0.125553541690079	0.144622587620646
-0.418135154758202	0.594184569939296
-0.09616619934804	0.111563070201801
0.691883153862288	1.19520270233105
0.340614574359149	0.343060021692343
-0.514291660848028	0.399334270240512
0.210264785426807	0.163236226255684
-0.125555095986435	0.0800241689516546
0.0855493401271992	0.0511825826164821
-0.28337531917174	0.244759297100277
0.396338103107676	0.506623877835925
-0.193741587543642	0.250107666956839
-0.340024939861438	0.530676560337484
0.156466955294896	0.165284941145994
0.864699758782236	1.65977618272166
0.35980358369432	0.413715577643046
0.0537568647191256	0.04961334707883
0.0344504778066316	0.0368005966471763
0.0908795205842814	0.111164442461639
-0.184021135493919	0.244471080262293
-0.399510330213348	0.597218499325492
-0.353244158568611	0.488775292529393
-0.264585170973906	0.287545650953342
-0.390333671499283	0.585275322352834
-0.469647829194453	0.604657587949291
-0.26350867664304	0.205919583570478
-0.132711567679635	0.0993875074518488
-0.970917820709223	1.22586205432884
-0.0218477123007096	0.0160766200913415
-0.181089752258384	0.132560144115208
-0.389961680664391	0.114106955582715
-0.20428056871117	0.145041453563092
0.769775834876294	0.74822908235207
-0.362091512822259	0.232063042437652
0.203328343943917	0.185222156824658
0.124506758468169	0.0935455501493888
-0.0529864604986218	0.0422644432244288
-0.412877998904761	0.367211909189041
-0.32966578186546	0.167213220283891
-0.101110394636784	0.0889581608685909
0.098734731661226	0.0640594904172086
-0.0935516620935109	0.0627356786877657
0.348124883666283	0.242135081330077
-0.283205004076691	0.154227969699923
-0.370743320538601	0.305662854749587
-0.17218454956087	0.159169804070084
-0.803024445218686	1.13745814604451
0.299688218581753	0.352014557512189
-0.341685982488007	0.370457739113583
-0.348264722807514	0.629991208587976
-0.484938614853175	0.556145618076778
0.712510067335513	1.04419131919099
-0.0355662677142827	0.032066905467451
0.722004635821177	1.43542113717589
-0.0645204850859064	0.0684938900554793
0.360285073071974	0.568172722111025
0.111762934845826	0.139189873929892
-0.0462100658322635	0.0453977369452874
0.108006975264678	0.113077900750795
-0.25288457835022	0.274454254562279
-0.105146629044034	0.108712520947087
-0.0552582259200881	0.0546009992814175
0.50214369805497	0.594414157345506
-0.671946206843938	1.11583174556026
-0.334173757652221	0.402932656774658
0.0744774608460959	0.0637168424748348
0.0860052839636911	0.0717472499278907
-0.259432065052776	0.297459731105606
-1.09550040503817	1.7059369893358
-0.288530626043863	0.248943483257846
-0.250096499174725	0.257347639287451
-0.434118179896348	0.507032909207224
-0.310771345991682	0.283378490677482
-0.00718360363349537	0.00539786333963023
0.856393881099055	1.38234184426919
-0.653266715556104	0.63985830033909
-0.240488035176533	0.212779091933211
0.877694917278961	1.248163159703
0.518645797895627	0.463919595069314
-0.262324225027285	0.204040168454873
-0.761131007577177	0.539893528818141
-0.849134129608869	0.375874028171401
0.154553113644622	0.202521601859162
-0.799836059108098	1.03346680109823
0.527748934199049	0.809185335374985
0.07965350171398	0.0826749473212715
0.271262843898934	0.43951034114149
-0.00331806210352445	0.00413757572645284
-0.330056830810288	0.591385207854337
-0.229906521767051	0.336909667536592
-0.469957273704013	0.480770266193359
-0.13715338484866	0.0884112255309731
-0.0382340820389913	0.0273043727964305
-0.342430279921543	0.367069750677574
-0.101027969944573	0.0951692998299014
0.0222578022211626	0.0192954315118823
-0.174184927826152	0.216472237341228
-0.855892730064171	0.791544732103746
-0.636435270915364	0.407658698307846
-0.733303574882736	0.436916370036753
-0.592912615159546	0.630427317465204
-0.272424260767217	0.279691116177582
-0.341717853233478	0.454756343106973
-0.124756093126614	0.10445061584524
-0.151571618431826	0.129217947357605
-0.429010803198393	0.308903505609496
-0.187188855058816	0.136426400567299
-0.0658775983336348	0.0532163272763042
-0.348278694100909	0.408009343182844
-0.42443567700904	0.259612652083154
0.329240354756621	0.240399098710473
-0.105683413117262	0.0801296910772043
-0.190753755017611	0.188087125245095
-0.0435317806000176	0.031063018325186
-0.607937344014368	0.750629690031038
-0.384722095988763	0.404096120129062
-0.601596146441961	1.10926476659347
-0.330548066394484	0.418826969616627
0.260541778199176	0.267692564522667
0.0671583243749466	0.0680718179347373
-0.307155313208731	0.402841421838161
0.311319140176702	0.368264297047647
-0.0126608362139364	0.0129595582229307
-0.127818673243195	0.147528018339414
0.103582830544375	0.098168503143836
-0.385545888146783	0.503392090549984
-0.012267306373018	0.00907686078260182
0.307439456438146	0.355251743873369
0.28665128170851	0.259566480930224
-0.0862716888033204	0.068628176913842
-0.0775333572800536	0.062056781130512
-0.347732133322068	0.315273352377873
-0.206310342349601	0.166196586060107
-0.0407147612915619	0.0290231818809133
-0.423356111108003	0.411818785745704
-0.246569951725443	0.21193891879266
-1.08158907764821	1.66067253241435
-0.199696242131172	0.179946343855744
-0.156676196066054	0.216591387751236
-0.405417586279697	0.55622528377255
-0.0415584115950157	0.0377019800421404
-0.0489785810711066	0.0451458524333885
0.466604865157009	0.746370924521103
0.116124258932954	0.14611509297192
0.293011380797177	0.474863566782458
-0.213904977003945	0.288673270865338
-0.383376625261176	0.478202353271744
-0.0876006390276087	0.0842773606782633
-0.275907174147582	0.327738596249664
-0.795222846479128	0.928383827624647
-0.656534501196255	0.779448025959863
-0.38286662774376	0.427074038247173
0.222414978137138	0.237471091247835
-0.800574514758003	1.03663896210059
-0.30442852348105	0.285333534685799
-0.468014913627546	0.512673823533503
-0.580459481704031	0.624743833483897
-0.421045655992789	0.343745571105452
0.299214208211136	0.250154104133881
-0.486955288359598	0.499020447980243
-0.399383511713313	0.391170826374877
-0.664908167619315	0.9283369933222
-0.221209715107174	0.276808793151699
-0.126339457062547	0.136217211499239
0.846402140281077	0.978589482822023
-0.252162318457516	0.323249758308231
0.209000980488693	0.181289549527228
0.486437291382675	0.614033717395966
-0.206964501321948	0.203433716051684
-0.0186245545416422	0.0213009458206941
-1.11449004569522	3.10293800441539
-0.0871698149197045	0.0915314158451103
-0.501106833029008	0.435356862000174
-1.2535120780301	1.69503273977682
0.115304480321015	0.118550532590548
-0.161575594514079	0.14801517634895
-0.26882210526134	0.234058431373498
-0.809535359957354	1.19736388298284
0.666801712103249	0.848567532070517
-0.308563598839094	0.309525123759996
-0.592861897301729	0.664857443012273
-0.0740732353059677	0.0786720758616243
-0.692060733511166	1.4615455734428
-0.348842798552039	0.559963475855685
-0.526124655715408	0.797222303301339
-0.432945223255116	0.710508064012995
0.342852981526935	0.42306257009187
-0.0615393883636731	0.0545162484013652
0.0477350076209585	0.0365692933024956
-0.520828970209372	0.40895943186241
-0.377752071625554	0.279351476225876
-0.634052707201023	0.578518799232677
-0.416788980110072	0.253675284429468
-0.374395253440996	0.306082865337642
-0.153085356943997	0.152590807232984
-0.383833660925137	0.454059118169778
0.099145884128115	0.0910871594641982
-0.374139580832952	0.535783726226043
-0.335110094557256	0.499894781998585
-0.399337262204488	0.662919281339515
-0.576789458871423	0.617971064482012
0.310850877267624	0.244199036509511
-0.291868794668225	0.224078396132904
-0.127065884051688	0.0798950522711277
0.12077373715162	0.0966819782736624
0.813737118914052	1.18541317569646
-0.100640954201926	0.0762899353347011
-0.519105875895826	0.926277002495966
-0.503201942420216	0.881685683077169
-1.03894449957191	2.78079720175102
-0.301157794366839	0.455368808784105
-0.0901947657096269	0.0994683359397255
0.302601048153355	0.450375779116966
-0.727515144598052	0.801265965150257
-0.116626398200995	0.0995380930313139
-0.374883475872648	0.170899379263817
0.0316497350122108	0.0268038215478972
-0.164984883982366	0.147944089077486
-0.352105332800651	0.511456022120818
-0.227558610067566	0.310495358469623
-0.477320916936773	0.979676141538059
-0.597676455484195	0.594282354301929
0.107956584769366	0.0710984350106169
-0.319980457015484	0.212113987915881
-0.390106056190049	0.11275196876654
-0.952353160395897	0.940423198379425
0.259666163004908	0.251374397400592
1.03351257498956	1.73854412346583
-0.74495744238084	0.917488347372938
-0.0800148205261159	0.0553001446836631
-0.272101355558945	0.376268284725653
-0.323734372735112	0.440303731121685
-0.13946820265664	0.154238819969316
-0.432402689342931	0.62523778454218
-0.0313866927440712	0.0324723702541864
0.217043744947369	0.260420798439412
-0.0932456269163722	0.110233928254599
-0.105678861126691	0.10792947894156
-0.522187016477993	0.793843640632775
-0.178581677340222	0.198723644633372
-0.545656036965565	0.902716926458743
-1.13185796011102	1.80708785727321
-0.167909933131669	0.154853243610594
1.03067418585851	1.29049645034372
-1.02767501138046	1.35073173422181
-0.143107013890242	0.12217509098878
0.0480747786030272	0.0415647811393376
-0.349359358264463	0.317541322167815
-0.303404631743336	0.301288136877191
-0.368088725522016	0.596797278974412
-0.00852849816939387	0.00945003628865035
-0.182006595531925	0.264427064404499
0.363529416401881	0.598725688539202
0.126165340662567	0.181523194187558
0.174075687155779	0.222504207887201
0.0683858986652591	0.0578801134366379
0.603454145671521	0.802212047343867
-1.60846147923363	1.79188128074061
-1.0069956416778	1.14071291869553
-1.05859188303879	0.534487503701627
-0.361983207312847	0.230276359307614
-0.345695337375416	0.289883541012419
0.0185133685358692	0.0151684797549352
-1.13541601391265	1.40279103637635
-0.298318612722424	0.229880538132661
-0.416929780684065	0.339371659648736
-0.209400345534488	0.310488908889413
-0.379238024546147	0.622063666451452
-0.0628037025862206	0.0748196410285754
-0.0259452241931566	0.0287587155692721
0.0203647698725352	0.0209898155958761
-0.181148037189362	0.221002875121399
-0.118533726322081	0.1295233622903
0.40129464982852	0.403151032468282
-0.522936820612379	0.407504679485731
-0.194530110550781	0.117745070766521
-0.832763797606423	0.365003893721435
-0.453818645438314	0.436081121214608
-0.532511469506914	0.562641047777484
0.00817207333099318	0.00540553506234721
-0.982801051570123	0.802933095137774
-0.990716477279286	0.82055474842657
-0.340297308062361	0.527332590986269
0.171633869248878	0.233195709981083
-0.0316891669285421	0.0342186638205359
-0.0905939489434366	0.105715918697375
0.00385954943428247	0.00429382613318753
-0.130388325106067	0.173717967026898
-0.122895888492219	0.151019614509956
-0.0880198445898926	0.103138222177873
-0.304434345748584	0.470807847179354
0.0250073767593594	0.0258099750927875
-0.028602970204662	0.0210117679449172
-0.709560342358134	0.689893176744737
-0.648350665542561	0.632296059363072
-0.371701575219901	0.304684251233982
-0.472193548871473	0.863935047677243
-0.195618667357938	0.275945723618433
0.631062133257181	1.27984515375637
0.114200518996597	0.147207239315539
-0.144091664039438	0.166596069992886
-0.116105298986418	0.148706684549245
-0.345343308237224	0.512317983065522
-0.758979748817198	1.60133190812792
-0.523162132706382	0.489944433587147
-0.700285647133749	0.864759449596997
-0.318861490315745	0.504485444043129
-0.0519305485677253	0.0583224638661727
0.0282043229216074	0.032677704449138
-0.523829182839269	0.490966514625601
-0.308568959361849	0.534315158723894
-0.0675429949146987	0.0748781751642456
-0.24619673732105	0.318137322500558
-0.365215406530657	0.502057340788598
-0.49855873823334	0.790749878247168
-0.554578987724735	0.889141302155958
-0.971755591958716	1.2294512459893
-0.515150939253779	0.58945155445682
-0.592120478366851	0.450294795747336
-0.321637886655833	0.386447986191102
-0.828974694706121	1.13526056642159
-1.00072349799584	1.44828822782935
-0.600452529813988	0.791299190567262
-0.209205046838803	0.234759814828068
-0.419758310320417	0.43885943167074
0.532673249318825	0.936124019064562
-0.314923648717222	0.382553994030952
-0.297913489592212	0.278648267815084
-0.716273867598593	0.69800486091663
-0.487563992146992	0.416240742606251
-0.234112034843853	0.396309180218659
-0.438242233419576	0.665596040187954
-0.235279109679143	0.289364663146431
-1.43106710562845	1.99680481016482
-0.151158457786845	0.126925864607381
-0.873454103260618	0.824062183251115
-0.127089512604996	0.0803473405726321
-0.205837176120583	0.147562519506297
-0.374493634330394	0.447192306742439
-0.409352812969372	0.396548543474631
0.0911126093673792	0.0515045167337231
-0.332408758677536	0.250708898098303
-0.730797166297928	0.810848178930462
-0.794682694106584	0.979370512173766
-0.0698851742040368	0.0555763901172843
-0.154965781491324	0.115218411874279
-0.375241318655405	0.311707503958939
-0.168566797918804	0.12207964865689
-0.54817456667155	0.542552708424708
-0.993073872075318	0.834481795491049
-0.465153778549288	0.737907337227037
-0.360531102235509	0.591947046661228
-0.195844183489474	0.234011531440931
-0.249690677458832	0.322761794511377
-0.117769952365821	0.130101843580203
-0.247672724451847	0.340943319963309
-0.65581549275064	1.16820359188372
-0.283411429707898	0.326016702100082
