x	y	clickSelects
-0.0775427880316399	1.81695487248713	28
-0.04796079172669	0.630578091923318	441
-0.0964658160637799	0.900023176395063	304
-0.0863945314802601	0.752310230289388	83
-0.0463148642423401	0.642741413337426	83
-0.08784253815345	0.75331216950867	91
0.01756816493844	0.542987717651751	7
0.0161723758621699	0.544237689615947	7
0.02105274438352	0.541318295208866	1442
-0.08922155068093	1.29876277155794	99
-0.04691857698645	0.641920679502866	3
0.0634210159309501	0.952727533644966	441
-0.0505719407454299	0.636785891476019	83
0.01698997561288	0.537947778137258	83
-0.0921589686222299	0.902498018189535	83
0.0155921614986601	0.539157585636164	1442
-0.0492735262322499	0.637822490018349	7
-0.10617583087328	1.03130957361182	99
0.0744465873762199	1.63951040963928	99
0.06821047019765	0.957409308952987	304
-0.04865264836511	0.630303215082772	304
0.01537488117125	0.53493154168956	6
0.0175951910126799	0.534219174150947	88
0.0811971969042999	1.52827332578653	99
0.00899161678075	1.217966291432	99
-0.0927016310687301	0.900839635278658	304
0.0168592953305899	0.54428495837387	304
0.02105274438352	0.541318295208866	83
0.0154845195617099	0.542796260351392	293
0.01960408520372	0.532095108445791	123
0.0190348506578899	0.544915109346076	604
-0.0309509358028199	1.95550395789527	28
-0.04898852401129	0.632333461417913	91
0.01468916500227	0.538325141136017	723
0.01308374314385	0.535890023428446	6
0.0228047488676799	0.536808350878978	147
0.00953901293877002	1.21968782170271	3
-0.09580583020911	1.28456736166342	441
0.0168592953305899	0.54428495837387	83
-0.04996965822613	0.637596386975515	7
0.01490470104039	0.537745634377048	7
0.0154845195617099	0.542796260351392	7
0.0154845195617099	0.542796260351392	6
0.0204741108022499	0.545147475204001	38
0.0109988085433499	2.17191790887305	28
0.01282839207758	1.23199717181443	83
-0.05076077318963	0.629099461365254	950
0.01598529392917	0.538019806190305	6
0.01490470104039	0.537745634377048	569
-0.08099785370975	0.757607531877404	99
0.0177088983359499	0.534271641364828	99
-0.04865264836511	0.630303215082772	6
-0.05136217524771	0.633802666431708	81
0.05808454708228	0.93949022314034	304
0.01975493617444	0.545870640727711	83
0.0605803288210001	0.944850360706759	91
0.0161723758621699	0.544237689615947	7
-0.080402354479	0.755697628807965	7
0.0154845195617099	0.542796260351392	7
0.01107086258891	0.536676705386976	252
0.10224387072066	1.38668007494662	28
0.05688955699427	2.21166573767144	99
0.0181461032622099	0.539183097863299	414
-0.09768525545284	0.900145307711401	6
-0.0870317407782899	0.744449718882084	38
-0.04137371608753	0.634009611253144	38
0.0297983117809699	0.514066398932122	88
-0.0509831792291999	0.637710715935114	81
-0.04388242378799	0.633096218620687	81
0.02338433366604	0.541781692948465	147
-0.10201155622121	0.88775531154448	3
-0.0523709527734	0.634652736516412	304
-0.04511511169524	0.628425276150726	304
-0.0848620112826099	0.748761949214332	83
0.01743963238372	0.540452730302901	83
-0.0929118693036299	0.740135058184623	83
0.0103534357850401	0.53525164055728	251
-0.08292400562583	0.761600882219431	6
0.01598529392917	0.538019806190305	88
-0.09350477824444	1.03701361816009	99
-0.0812004389041601	1.61719728775241	28
-0.0925105154764301	1.03902423224524	28
-0.09518237681492	1.02677915549424	28
-0.1043933644339	1.03239336238164	99
-0.100389772317	0.88962397207818	441
0.0154845195617099	0.542796260351392	304
-0.0920448619582399	1.0354645289849	83
0.0181461032622099	0.539183097863299	83
0.0155921614986601	0.539157585636164	825
0.0228047488676799	0.536808350878978	7
0.01889173800139	0.537357192494017	6
0.01479573066551	0.538668938865093	6
-0.0509831792291999	0.637710715935114	6
0.0218010526474599	0.529023714887053	88
0.0168592953305899	0.54428495837387	88
0.0154845195617099	0.542796260351392	88
0.0196129811958301	0.541081832282185	147
0.0507241630728801	1.72730574700866	28
-0.10999948071315	0.856179028501344	99
0.0018764705788501	1.21857264727199	99
0.01455453758669	0.53778452095438	3
-0.05453664603653	0.628322810274307	99
-0.0980643142439499	1.03636803262093	194
0.01107086258891	0.536676705386976	7
-0.0517648597415199	0.631307587026493	211
-0.0815574920084801	0.766354960322135	88
-0.04033871574825	0.633596936725824	162
0.0652851297296899	0.949712293781774	99
-0.0498761069159299	0.637011626058876	99
-0.0557417780891201	0.625149284146082	99
0.0257971534032699	1.08801108126056	3
-0.04752257657169	0.635763847257323	441
-0.08857009688671	0.752990208430753	91
0.01527037832677	0.538718320722548	7
0.01455453758669	0.53778452095438	6
0.0232332059809599	1.08260406455031	6
0.0204741108022499	0.545147475204001	6
0.00128444646453008	1.20036268136608	38
-0.08349414984239	0.755660293817295	88
-0.05393080174446	0.632794280166225	1294
-0.00906493000712993	1.46857885578166	28
-0.10079173502096	0.881426948293013	99
-0.02007708062266	2.07111903195013	1075
-0.08480611442155	1.50613840464665	441
0.01743963238372	0.540452730302901	83
-0.0817380712950999	0.762713940172383	7
0.0190348506578899	0.544915109346076	6
-0.00288872314101996	1.33752879388559	6
0.02570357474344	1.08319103991524	6
0.02338433366604	0.541781692948465	38
-0.05126785976451	0.635525561920682	88
0.02396366620361	0.538033709670239	1294
-0.0505719407454299	0.636785891476019	81
0.04945504672594	1.83678621494302	99
0.0232451624152401	0.537871829171885	83
0.0220867513388401	0.536646686143017	83
-0.0288397059593499	1.65633018787943	91
0.04724058147351	1.72796209365417	91
0.01889173800139	0.537357192494017	6
-0.0323112395746701	2.17810041298402	28
-0.09750646110479	1.04020581333495	28
-0.05006417571142	0.631584306445599	99
0.0167523167875401	0.540402083497145	7
-0.00719758400981996	1.34251333216714	6
-0.0550484780572	0.625968555534213	38
0.12487619914649	2.15373948181765	28
-0.00650548302266008	1.33329241300241	421
-0.10376487325795	0.880966265486869	441
0.11314242824142	1.42557153877943	83
-0.08026989908385	0.755597778607341	83
-0.0859343332599001	1.39791042849124	83
-0.04996965822613	0.637596386975515	85
0.01698997561288	0.537947778137258	38
0.0330348975013199	1.93985753787097	99
0.0678495589957899	1.64626188165054	441
-0.0963826867491699	1.37633445527706	1109
0.01165112175549	0.537068832662299	83
0.01537488117125	0.53493154168956	83
0.0161723758621699	0.544237689615947	83
-0.0483074361458	0.638839204728787	7
-0.10061651494885	1.15547445316941	421
-0.0918515263334001	1.03611940305513	421
-0.0664592827800401	2.20575023375872	99
0.0641789547334499	0.953063504166752	83
0.0168592953305899	0.54428495837387	7
-0.0503764846814101	0.634328594541525	7
-0.0485774808672801	0.637019575202958	7
0.0160640649717001	0.538984141591235	6
-0.03289720444416	2.26125222824031	99
-0.0485774808672801	0.637019575202958	30
-0.0493676611643901	0.632827222194418	661
-0.04996965822613	0.637596386975515	661
-0.0498761069159299	0.637011626058876	6
0.0190348506578899	0.544915109346076	38
0.0240642511335201	2.0051654659503	28
-0.08647799822872	0.75101141087849	99
-0.0509831792291999	0.637710715935114	3
0.01756816493844	0.542987717651751	1075
-0.09753768081152	0.898675494975646	441
0.0648327790579699	0.956527832782155	83
-0.09261275940038	1.03365427969378	83
0.10971416442678	1.41354372080106	83
-0.04388242378799	0.633096218620687	661
-0.04562028152275	0.642387146280789	6
-0.04996965822613	0.637596386975515	6
0.01537488117125	0.53493154168956	38
0.01611755808821	0.53435345678732	421
-0.03032603114912	1.52046324306478	421
-0.00719758400981996	1.34251333216714	83
-0.07946841126297	0.76302039325433	83
-0.0843885295985101	0.756745370524663	30
0.0280946781645901	1.07954723651703	30
0.0161723758621699	0.544237689615947	917
0.02338433366604	0.541781692948465	917
0.0155921614986601	0.539157585636164	211
0.0204741108022499	0.545147475204001	6
0.0167523167875401	0.540402083497145	6
0.0190348506578899	0.544915109346076	341
0.01975493617444	0.545870640727711	602
-0.09495178100172	1.03280127145567	421
-0.0782886006602199	1.29143935088527	99
-0.0977551152467	0.901800229342788	1075
0.01975493617444	0.545870640727711	83
0.11649769285402	1.41450969634933	83
0.01490470104039	0.537745634377048	83
0.01093344291291	0.535642330212435	917
0.01756816493844	0.542987717651751	30
-0.0463148642423401	0.642741413337426	211
0.0213678322020201	0.533497417953167	1755
0.01165112175549	0.537068832662299	6
0.0190348506578899	0.544915109346076	38
-0.0958636335988301	1.1524583789676	421
-0.0886529204775299	0.752606509526887	421
0.10342928794785	1.39760852617194	99
-0.10939228183403	1.00790308654365	99
0.00137255357265009	1.34736889309757	1075
0.06209723498437	0.945529131716135	441
0.08875309221353	1.52493143252513	83
-0.09916267863214	1.03666763149304	83
-0.04797488769847	0.632272831562619	6
0.0196129811958301	0.541081832282185	6
0.10134093342212	1.40388911873797	99
0.0245623869084599	1.07071695089301	421
-0.0493676611643901	0.632827222194418	421
0.02105274438352	0.541318295208866	421
-0.10393894284179	1.02664856760742	99
-0.05393080174446	0.632794280166225	1075
-0.09217265618223	1.3972824653304	441
-0.0543552874008999	0.625644787241937	441
-0.00155227326683005	1.33765961466858	83
0.00811599065651003	1.35082322710918	83
0.0172072946560899	1.0709953294841	83
-0.0773767449956699	0.7676745277522	14
0.0211923704346699	0.541772862671231	14
0.0203333180210099	0.54202324251247	14
-0.0463148642423401	0.642741413337426	6
0.0196129811958301	0.541081832282185	3
-0.08827315163969	1.49553082731743	441
-0.0476129582446101	0.641069787889058	441
-0.08786023065365	0.899688259680143	83
-0.09594657182319	1.03869258407226	83
0.00728955797376996	0.527960472812998	661
-0.04978352531789	0.630169980381535	211
-0.0476129582446101	0.641069787889058	341
-0.0463148642423401	0.642741413337426	39
-0.0778963087423801	1.82634090797095	99
0.02266608291252	0.541620945895909	3
-0.04492579871421	0.640673632282913	1075
-0.09410671306021	1.77837629493182	1109
0.06700527744619	0.952179604245163	83
-0.09039855874723	1.49599729619566	83
-0.0981088729052799	0.881314080452993	83
0.0162786845119001	0.53920821418515	83
-0.0498761069159299	0.637011626058876	83
-0.09895365476287	1.03584157633211	83
0.0662454329898701	0.95466950561643	83
-0.04640641828962	0.637054562688572	917
0.12419967893648	0.811587329058669	917
0.0162786845119001	0.53920821418515	661
-0.0477043223120699	0.639652981116402	14
-0.04562028152275	0.642387146280789	6
0.0168592953305899	0.54428495837387	6
0.01743963238372	0.540452730302901	366
0.0168592953305899	0.54428495837387	38
0.00899161678075	1.217966291432	28
-0.0905965158928701	1.49499139719381	99
-0.00224313829031009	1.34244356578799	1109
-0.08591414597545	0.759513342303284	83
-0.10333325214245	0.88377741556847	83
-0.08784253815345	0.75331216950867	83
0.00701966431706991	1.21810076035263	917
-0.0886529204775299	0.752606509526887	917
-0.04405805837288	0.637903120769397	661
0.0162786845119001	0.53920821418515	1368
0.0204741108022499	0.545147475204001	6
0.01756816493844	0.542987717651751	341
0.01873420405115	2.12901840718232	28
0.0716176026142801	1.60665763957622	421
-0.08861414152097	1.70314531571216	99
-0.05136217524771	0.633802666431708	1075
-0.00496270240357011	1.33435753755718	1075
-0.0228958453879999	1.77398477085131	1075
-0.04562028152275	0.642387146280789	1075
-0.0498761069159299	0.637011626058876	1075
-0.0470095450950401	0.641888668435994	83
-0.0486712312550199	0.633054125993341	83
0.0323754687365401	1.09112929443352	30
-0.08300525558835	0.760582991881185	6
-0.0850292058115301	0.757317858281469	6
0.0154845195617099	0.542796260351392	602
-0.0324390461850601	2.48152757141944	28
-0.0239860812737001	1.88807905819792	421
0.00665897902151991	1.35329845541432	99
0.00641807211098011	1.22753275718861	1109
-0.08365858137569	1.51793134346545	441
0.06250791628668	1.63151335846591	441
-0.09857035781399	0.901359916600859	83
0.0683140456167199	0.957862600362222	661
0.0623674252605599	0.930597395531437	661
-0.04718565692882	0.630333810954284	14
-0.0553215607122901	0.631315317478869	341
0.0162786845119001	0.53920821418515	25
-0.0971386077150001	1.2855850318533	28
-0.10289223563386	0.895106447942703	3
-0.08075107682682	0.764330962090809	83
0.10454997413238	1.40058700520044	83
0.02247978243814	1.05959925011404	83
-0.04735235837527	0.635048620463901	83
0.0117873782323199	0.536747860229229	14
0.01917630288726	0.540777679389135	14
-0.0843885295985101	0.756745370524663	6
-0.10397956858829	1.15140401929804	99
0.0648443705552899	0.946632313339329	3
0.02338433366604	0.541781692948465	1075
-0.0936057998545501	1.38308444255284	1075
0.0752245470242101	1.50081349946457	441
-0.10501011717638	1.02361754460554	83
-0.0491803599916301	0.636210756812847	83
-0.0856702088070001	0.754722209104207	268
-0.04691857698645	0.641920679502866	6
0.00194231522478994	1.200500393608	83
-0.09938405670905	1.03333853475362	83
0.01975493617444	0.545870640727711	83
0.0123678898644799	0.537139970214584	30
0.01743963238372	0.540452730302901	30
-0.10063488553457	0.891407279276786	268
-0.0444245879545699	0.629616064929346	88
0.0103534357850401	0.53525164055728	387
0.0161723758621699	0.544237689615947	88
0.0177088983359499	0.534271641364828	75
-0.0815574920084801	0.766354960322135	847
0.01845646886772	0.539839872432159	99
-0.05117450896808	0.630720463879523	1075
0.0203333180210099	0.54202324251247	1109
0.02266608291252	0.541620945895909	441
-0.0999406096544899	1.154705046841	83
0.02087288953484	2.12936324590751	83
0.04661798840194	1.82549808944875	268
0.0155921614986601	0.539157585636164	6
0.01490470104039	0.537745634377048	6
-0.0788219362028499	0.760313564527051	88
-0.0433648892493399	0.639694896360902	88
-0.0505719407454299	0.636785891476019	88
-0.0855870326066599	0.748450209965436	75
0.06342607299998	0.952350625907046	75
0.06604134400315	0.954449285398167	268
-0.04691857698645	0.641920679502866	14
0.0167523167875401	0.540402083497145	6
0.0168592953305899	0.54428495837387	6
0.01743963238372	0.540452730302901	387
-0.04996965822613	0.637596386975515	1075
0.01975493617444	0.545870640727711	577
0.01985305534501	1.07033085584625	268
-0.0463148642423401	0.642741413337426	268
-0.0463148642423401	0.642741413337426	6
0.01468916500227	0.538325141136017	6
-0.05047897355214	0.630946404830896	88
-0.05471660360213	0.628002984173446	88
-0.0485774808672801	0.637019575202958	39
0.01397357803151	0.537392252900468	223
0.0232451624152401	0.537871829171885	577
0.02266608291252	0.541620945895909	280
0.01527037832677	0.538718320722548	6
0.0167523167875401	0.540402083497145	6
-0.0477043223120699	0.639652981116402	6
0.01107086258891	0.536676705386976	6
-0.04327698292268	0.6391572393067	88
0.02629882357988	0.535858270448146	88
0.0182873387192499	0.539218979362345	88
0.01537488117125	0.53493154168956	88
-0.0164971574933399	1.67217974596107	3
-0.10072420445119	1.36470523572201	1075
0.00575991073529991	1.22581626957889	1075
-0.09513692315869	0.899580096015218	1075
0.01975493617444	0.545870640727711	280
-0.0987240423929301	1.03619029686752	99
-0.0140738609070801	1.45841173264288	1075
-0.04327698292268	0.6391572393067	83
0.0155921614986601	0.539157585636164	46
-0.0800257541057301	0.762871156762501	268
0.01490470104039	0.537745634377048	6
0.0177357276282899	0.536130919552031	6
0.0162786845119001	0.53920821418515	6
-0.10411582585875	0.886719311253547	83
0.01989522559169	0.540076308280599	268
-0.04691857698645	0.641920679502866	14
-0.0470095450950401	0.641888668435994	6
-0.0462242941403599	0.641567406860707	6
0.02266608291252	0.541620945895909	6
0.0196129811958301	0.541081832282185	6
0.0161723758621699	0.544237689615947	387
0.0268788588095701	0.532237913133674	39
-0.0457114380921899	0.637895336485809	331
0.01845646886772	0.539839872432159	409
-0.09684638659056	1.13903422499041	1075
-0.04788152385518	0.63497806808093	441
0.0168592953305899	0.54428495837387	83
0.05864956681082	0.933711443691969	83
0.0101961812299201	1.21981407011556	46
-0.08430003640495	0.753281310694481	83
-0.0505719407454299	0.636785891476019	83
0.0154845195617099	0.542796260351392	6
0.0423783983997901	2.03673936463151	99
0.0633170453669001	0.954508271065577	442
-0.05228369779265	0.63233625328554	1319
0.01831385834692	0.541122042884536	1319
0.0190348506578899	0.544915109346076	1319
-0.10330089496766	0.887159003544053	268
0.02266608291252	0.541620945895909	1571
-0.0402545614096499	0.627123613686936	6
-0.0483074361458	0.638839204728787	6
-0.04562028152275	0.642387146280789	6
-0.04788152385518	0.63497806808093	6
0.01989522559169	0.540076308280599	88
0.0160640649717001	0.538984141591235	88
0.01107086258891	0.536676705386976	15
-0.0191012838467799	1.67748012306391	1075
-0.0851878370027099	0.761618284346843	442
0.0167523167875401	0.540402083497145	83
0.0125029786183599	0.535499346055131	6
-0.04405805837288	0.637903120769397	6
0.01845646886772	0.539839872432159	6
-0.0470095450950401	0.641888668435994	333
0.01743963238372	0.540452730302901	333
0.06172634833269	1.73365838124155	28
-0.08575385968231	0.754889071077189	99
-0.08797011539181	1.60716178911636	1075
-0.0419788825848799	0.638741950915108	442
0.01845646886772	0.539839872432159	83
0.11453670348432	1.41493739087615	83
0.0154845195617099	0.542796260351392	88
-0.0830144406011599	1.8204964784606	99
-0.0498761069159299	0.637011626058876	83
0.0167523167875401	0.540402083497145	605
0.0188515554589399	1.05624321063634	605
-0.10826553330179	1.13836315970953	46
-0.05136217524771	0.633802666431708	268
-0.04327698292268	0.6391572393067	6
-0.0493446211630599	0.62855575902604	387
-0.00850061570919003	1.45713439242213	99
-0.0794646545378499	0.766397244950294	99
-0.10683809813925	1.01616769120986	1075
0.0154845195617099	0.542796260351392	1075
0.0550416519111701	0.933155439281952	442
0.01756816493844	0.542987717651751	605
0.01756816493844	0.542987717651751	83
0.0648327790579699	0.956527832782155	268
0.01397357803151	0.537392252900468	6
0.0641868508336101	0.953462145636906	88
0.01468916500227	0.538325141136017	172
0.1238237746999	1.92372679416888	99
0.02646186589748	1.08571297739345	99
-0.0809151094832301	0.765762565671999	99
-0.0250899758762999	1.65683028489394	99
-0.10250402271974	1.0131683536737	99
0.05939522833569	0.934011796493799	1075
0.0167523167875401	0.540402083497145	702
0.01698997561288	0.537947778137258	83
-0.0371403208738801	2.05184199761211	99
0.10651521924384	1.40019122795938	99
-0.03904106613229	0.633807674118265	99
-0.10316349861105	1.03272246763836	99
0.1081687766339	1.40916079580605	99
0.0626422144080301	0.93698006254682	441
-0.11451683625441	0.996340869075157	442
-0.0937375910218701	0.894815084777078	83
-0.0850292058115301	0.757317858281469	268
0.0168592953305899	0.54428495837387	14
0.01975493617444	0.545870640727711	14
0.02338433366604	0.541781692948465	238
-0.08689149082443	1.51283021893494	99
0.0154845195617099	0.542796260351392	83
-0.05167701496459	0.636864411149424	83
0.0168592953305899	0.54428495837387	268
0.0154845195617099	0.542796260351392	780
0.01917630288726	0.540777679389135	6
0.0196129811958301	0.541081832282185	6
-0.10219232727787	1.26440602210695	442
0.0161723758621699	0.544237689615947	83
0.05797801947708	0.940876500005885	6
0.0154845195617099	0.542796260351392	88
-0.07745668361131	0.766750459185755	333
-0.09040959894807	1.27722520893979	99
-0.0403237701872501	2.04105997063954	847
0.01975493617444	0.545870640727711	99
0.02177125617762	0.538012470948251	99
0.01527037832677	0.538718320722548	1075
0.0161723758621699	0.544237689615947	46
0.0155921614986601	0.539157585636164	46
0.01975493617444	0.545870640727711	6
0.0196129811958301	0.541081832282185	233
-0.0131490135483401	1.31951881575713	6
0.0161723758621699	0.544237689615947	88
0.01107086258891	0.536676705386976	743
-0.05126785976451	0.635525561920682	214
-0.10285636539423	1.14433701114106	172
0.0619065674782799	0.944929047319562	238
-0.0503764846814101	0.634328594541525	331
-0.0472690531126701	0.629395020462524	52
0.06209723498437	0.945529131716135	99
0.06755580138134	0.958263141257217	99
-0.10632625565626	0.997140451605668	1075
-0.0492735262322499	0.637822490018349	268
0.01756816493844	0.542987717651751	14
-0.08019013539981	0.766650376923694	6
0.0168592953305899	0.54428495837387	5
-0.0741493240698099	2.22087991768975	99
0.0688222375679499	0.942950236234503	99
-0.0164014026649999	1.66876844210757	99
-0.0822002026822499	0.763698676659221	441
-0.05868094528904	0.620952232059581	83
-0.0498761069159299	0.637011626058876	83
-0.04996965822613	0.637596386975515	46
0.06015611993638	0.94167940552332	83
0.01975493617444	0.545870640727711	14
-0.08711446138517	0.752646115238029	14
0.0181461032622099	0.539183097863299	14
0.0154845195617099	0.542796260351392	233
0.01975493617444	0.545870640727711	6
0.0196350662535301	2.2323355525375	99
0.01042898602491	1.22346188348724	1075
-0.0487367932937901	0.632998812923511	83
-0.0470095450950401	0.641888668435994	46
0.01845646886772	0.539839872432159	430
-0.09881523411155	0.894119537269379	1075
0.0160640649717001	0.538984141591235	1075
-0.0815574920084801	0.766354960322135	442
0.06679823436494	0.95715916082957	442
-0.10111460699971	0.895138914903352	83
0.0232451624152401	0.537871829171885	83
0.0220867513388401	0.536646686143017	83
0.0190216549611399	0.531709670408578	233
-0.05262970411962	0.628695420331882	6
0.0155921614986601	0.539157585636164	6
0.0703670901439	0.953017106422431	6
-0.08083285000382	0.767243860948706	99
-0.09157783479565	1.58078433146157	99
-0.0498761069159299	0.637011626058876	46
0.01845646886772	0.539839872432159	561
0.01743963238372	0.540452730302901	14
-0.05117450896808	0.630720463879523	430
0.01540382640416	0.537627465762491	14
0.01165112175549	0.537068832662299	153
-0.0925030881789699	1.39755708391639	99
0.0155009442224701	1.0565577634106	99
-0.0505719407454299	0.636785891476019	99
0.00449773478913995	1.20586396608053	99
0.000780105554859967	1.34454169539789	442
0.12499882231533	0.811180876527575	83
0.0268788588095701	0.532237913133674	561
-0.0452674468882599	0.631071969592498	1329
-0.0498761069159299	0.637011626058876	1102
-0.0470095450950401	0.641888668435994	233
0.01831385834692	0.541122042884536	233
0.0770230929999001	1.64387001857008	99
-0.01266731868856	1.4554219427527	99
0.0820657486235701	1.52945381246454	1075
0.00833458307820001	1.22161065731591	1075
-0.0844610184505801	0.762511779129137	83
-0.0887263127169	0.749758813422465	561
-0.09225175373168	0.897784559684038	561
0.0162786845119001	0.53920821418515	208
0.01975493617444	0.545870640727711	1102
-0.0836527786055199	0.759882025299586	233
0.01989522559169	0.540076308280599	88
0.01527037832677	0.538718320722548	1731
-0.0923049778548799	0.902644433917545	1329
0.02061323287349	0.53678531969835	88
-0.0530649908649401	0.629656100784707	172
-0.1048538939995	1.03081246017916	99
-0.08230755324573	1.6124411341743	99
-0.10740666470653	1.02129947602203	1075
-0.04804451789501	0.634772928972553	1075
0.01743963238372	0.540452730302901	83
0.01479573066551	0.538668938865093	561
-0.04691857698645	0.641920679502866	1329
0.01960408520372	0.532095108445791	1329
0.00836855401887005	1.35248799120601	1329
-0.10274447654526	0.894271378396369	6
-0.08836129702761	1.49731669988122	99
0.09714949085769	2.08791539774845	99
-0.10201155622121	0.88775531154448	99
-0.08285215269078	0.758257515980333	99
-0.0801077013128599	0.766988342617137	99
-0.09417860348393	0.903481309827242	83
-0.09760635246859	0.897864753017039	561
0.01537488117125	0.53493154168956	6
0.01975493617444	0.545870640727711	88
-0.08075107682682	0.764330962090809	1075
-0.0907223939940001	0.741104331283851	1075
-0.0872673292481501	0.748155651866775	1075
-0.10090541869133	0.883566823939134	1075
-0.0871976582899101	0.754243671473288	561
-0.04691857698645	0.641920679502866	83
-0.0485774808672801	0.637019575202958	430
0.00657729164675991	0.52788537318607	118
0.01743963238372	0.540452730302901	88
0.01490470104039	0.537745634377048	172
0.0160640649717001	0.538984141591235	172
0.0693122902093899	2.27788204752208	99
-0.12384964388336	1.93013951015403	99
-0.0280655443169899	1.85986458183272	99
-0.0975316155225801	1.57061950476195	99
0.0455050217847399	2.28176201822279	99
-0.09591221639983	0.894577683516427	1075
-0.08083285000382	0.767243860948706	58
-0.07530577732929	0.762432943339837	58
-0.0960609456099299	0.898609476153536	58
-0.0914935265946999	0.903805371903908	561
-0.0908046427278799	0.738404743645681	561
-0.0843802834346801	0.761324535384158	430
-0.04691857698645	0.641920679502866	1329
-0.05167701496459	0.636864411149424	232
0.01756816493844	0.542987717651751	118
0.0168592953305899	0.54428495837387	59
-0.0852688809179501	0.754481901460956	172
0.0232451624152401	0.537871829171885	172
0.0155921614986601	0.539157585636164	25
0.0516620142372	2.47775737575914	99
0.12038923714751	2.01923170715203	99
-0.08677780791291	1.60885224038131	99
0.00833458307820001	1.22161065731591	1075
0.0689689840057	0.957011978488816	83
0.01468916500227	0.538325141136017	430
-0.05228369779265	0.63233625328554	14
-0.0489108363206401	0.632744433612145	232
0.0117873782323199	0.536747860229229	827
0.01975493617444	0.545870640727711	59
0.0211923704346699	0.541772862671231	88
-0.0811505031434201	2.08860933190372	99
-0.0943595402534301	1.58113021990038	99
0.0568143572558999	1.59750409527714	99
0.00222166183721995	1.32596341407786	1075
-0.0851878370027099	0.761618284346843	83
0.06209723498437	0.945529131716135	83
-0.0801077013128599	0.766988342617137	83
-0.0515901632056399	0.633171820923993	4
-0.0470095450950401	0.641888668435994	4
0.01598529392917	0.538019806190305	827
0.0181461032622099	0.539183097863299	172
-0.06975528398971	2.12382282065824	99
0.0908016966184799	2.21961832018152	99
-0.08011283387376	0.755328074226992	99
0.0684130390772499	0.950481090213118	99
-0.05047897355214	0.630946404830896	83
0.0633170453669001	0.954508271065577	83
0.0168592953305899	0.54428495837387	83
0.02061323287349	0.53678531969835	83
0.0805533331027199	1.52822976559986	83
-0.10250241682257	1.03760429735732	166
-0.0851878370027099	0.761618284346843	6
0.01831385834692	0.541122042884536	353
-0.04804451789501	0.634772928972553	172
0.0154845195617099	0.542796260351392	1
-0.10004112068823	1.46934050766544	99
0.10520533773939	1.4044879597213	58
0.01468916500227	0.538325141136017	1169
0.01989522559169	0.540076308280599	233
0.0168592953305899	0.54428495837387	6
0.06548627238012	0.9556735466623	99
0.06017649458707	0.937423303156252	83
-0.04562028152275	0.642387146280789	58
-0.0491803599916301	0.636210756812847	83
0.0123678898644799	0.537139970214584	1169
0.0167523167875401	0.540402083497145	232
0.01917630288726	0.540777679389135	4
0.0232451624152401	0.537871829171885	827
0.01917630288726	0.540777679389135	264
-0.0880065370416401	0.902242661758339	99
0.0492171785308899	1.72062093997774	1075
-0.00228907022362002	1.32797530816681	1075
-0.00705513573901007	1.4559663534153	83
-0.0927016310687301	0.900839635278658	83
0.01756816493844	0.542987717651751	166
-0.10567249471746	1.02080982339562	83
0.0168592953305899	0.54428495837387	83
-0.0506658751335201	0.636333257228447	83
-0.04572439555412	0.624081898026544	179
-0.0493676611643901	0.632827222194418	232
0.01756816493844	0.542987717651751	4
0.01886552791286	0.535490480232604	6
-0.0986849777182901	1.28078775003473	99
-0.0981053207398599	1.28067244623907	99
-0.07882954554785	1.7257322015096	1075
0.0860368611900699	1.53098309585244	1075
-0.0809151094832301	0.765762565671999	83
-0.09938405670905	1.03333853475362	166
-0.04327698292268	0.6391572393067	357
0.07811067161219	2.16830008014054	99
-0.0920721320694799	1.88291594931964	99
0.00554774278188996	2.41370257406331	99
0.06355295511088	1.63294601525461	58
-0.00580623806460001	1.32858191770189	83
-0.0532355596148999	0.632006177878863	83
0.0227483261873001	1.08366137830351	83
0.0690729676335	0.955859355081219	83
-0.04978352531789	0.630169980381535	83
0.01975493617444	0.545870640727711	83
0.0213678322020201	0.533497417953167	83
0.0558013335077201	0.936651131700163	357
0.01756816493844	0.542987717651751	543
0.01831385834692	0.541122042884536	6
0.0162786845119001	0.53920821418515	6
0.0168592953305899	0.54428495837387	89
0.0203333180210099	0.54202324251247	121
0.0199994809519199	1.06731530562932	58
-0.08357835226746	0.758944917818951	83
0.0204741108022499	0.545147475204001	357
0.07968498947255	1.52559641974146	83
-0.0865531086607201	0.749295602043382	83
0.0123678898644799	0.537139970214584	83
-0.04562028152275	0.642387146280789	4
-0.0787386669966099	0.764930117422349	59
0.00403666766534005	1.21389793091145	99
-0.08165986737022	0.762111691272482	83
0.0161723758621699	0.544237689615947	83
-0.10872946525379	1.01511445719422	83
0.01889173800139	0.537357192494017	4
-0.0446626088892299	0.637095415580339	132
0.02105274438352	0.541318295208866	353
0.0203333180210099	0.54202324251247	89
0.000559025089859944	1.21105644181511	99
0.05337191483064	0.91154653265645	99
-0.03964766920348	0.633011776256835	99
-0.10151450296166	1.27068279156448	99
-0.04501655574912	0.637553727866375	99
-0.0968734468925301	0.899979258733579	99
0.0154845195617099	0.542796260351392	99
0.02105274438352	0.541318295208866	99
0.0635289967127799	0.952272067035113	99
0.01845646886772	0.539839872432159	83
0.01455453758669	0.53778452095438	83
0.01455453758669	0.53778452095438	166
0.0851067966418899	1.52186433628489	83
-0.07729730511901	0.76402736887383	4
-0.0517648597415199	0.631307587026493	4
-0.0502034082926499	0.631182528440469	4
0.0168592953305899	0.54428495837387	543
-0.0761819192970701	0.754174718518227	89
0.0639700003300301	0.953656604518687	121
-0.0462242941403599	0.641567406860707	409
0.08791803203575	1.5299665779463	99
0.02255427893053	1.08739162386449	99
-0.0909196675319199	1.28522024904079	99
0.0196129811958301	0.541081832282185	99
0.01197653019126	1.2256576269712	1706
0.0204741108022499	0.545147475204001	14
0.0633229613033199	0.94287240872619	14
0.01756816493844	0.542987717651751	59
-0.07729730511901	0.76402736887383	6
0.0204741108022499	0.545147475204001	89
0.01093344291291	0.535642330212435	690
-0.0124564244074701	1.45877078499493	99
-0.09916267863214	1.03666763149304	99
-0.10037186626642	1.16340162340845	99
-0.00946163841564007	1.46982993293081	58
0.0162786845119001	0.53920821418515	83
-0.0997819922044201	0.897577623446018	1706
0.0254016818956	1.06869967319594	1706
0.0161723758621699	0.544237689615947	83
0.01093344291291	0.535642330212435	6
0.02266608291252	0.541620945895909	4
0.0161723758621699	0.544237689615947	83
0.0156200761019201	1.22711007665931	83
0.01917630288726	0.540777679389135	6
-0.0926226324186901	0.896304634110347	4
0.0241016590947001	0.539029687951662	35
-0.0853126570598901	1.40217424534613	99
-0.0000265368034000346	1.20533477736563	99
-0.0935887559670601	0.901346248687712	99
0.0628885467879801	0.943844705893562	99
-0.0384347519461199	0.629194936507288	99
0.0168592953305899	0.54428495837387	226
0.0161723758621699	0.544237689615947	58
0.01527037832677	0.538718320722548	58
0.01917630288726	0.540777679389135	4
0.0213678322020201	0.533497417953167	35
-0.00613843036971007	1.46321891522332	99
-0.0982941286935599	1.03292841068309	99
-0.05523168060494	0.628095097032684	99
-0.02985355338471	1.65145608579394	99
-0.02061465898759	1.5398629117135	58
0.0648327790579699	0.956527832782155	58
-0.10521500226129	0.871439044563636	58
0.01989522559169	0.540076308280599	14
0.02050544572007	0.526330926909795	4
-0.08075107682682	0.764330962090809	353
-0.01205775667328	1.44772183712772	58
-0.08285215269078	0.758257515980333	83
0.06199049080879	0.944942653546949	407
-0.10073059697859	1.03080539043141	83
-0.04996965822613	0.637596386975515	83
0.0160640649717001	0.538984141591235	83
0.0154845195617099	0.542796260351392	626
0.02266608291252	0.541620945895909	14
0.0190348506578899	0.544915109346076	14
0.0160640649717001	0.538984141591235	1063
-0.05332524598587	0.629468173493748	523
0.0162786845119001	0.53920821418515	6
0.01540382640416	0.537627465762491	111
0.10818781913193	1.41418078566452	83
-0.05523168060494	0.628095097032684	67
-0.0506658751335201	0.636333257228447	14
0.01886552791286	0.535490480232604	4
0.019706788351	1.06835339511561	99
0.0656061010292299	0.946265619662425	99
-0.12158185016071	2.0592876272951	99
-0.0968734468925301	0.899979258733579	1419
-0.0302145283122499	1.74430461786104	99
-0.000881047641599908	1.20483953804756	83
-0.0767323148938599	0.767086343665616	83
0.10520533773939	1.4044879597213	83
-0.086385866641	0.750886076918642	67
-0.0498761069159299	0.637011626058876	4
-0.0463148642423401	0.642741413337426	4
-0.0433648892493399	0.639694896360902	4
0.0190348506578899	0.544915109346076	132
-0.0455301114844899	0.639858086191069	4
0.0177357276282899	0.536130919552031	6
0.01743963238372	0.540452730302901	4
-0.08860115204284	1.39120227605577	99
-0.00710144678692992	1.47135610288221	99
0.00765345256615002	1.20124188937331	83
0.0117873782323199	0.536747860229229	4
0.0648327790579699	0.956527832782155	99
-0.09398779428249	1.27524438715146	587
-0.05262970411962	0.628695420331882	133
-0.12362540011124	1.76976688213367	58
-0.0515901632056399	0.633171820923993	99
-0.0107662799171899	1.46116572626059	58
-0.10042176479851	1.16176032476642	58
0.0605803288210001	0.944850360706759	83
-0.00816398401069995	1.67575482510731	99
0.10941903007716	1.40041403640568	99
-0.0914090316115499	1.28796936652558	99
-0.0959065574982601	1.27708199559279	58
0.00678820707531003	1.21880545611241	83
0.0203333180210099	0.54202324251247	67
-0.0531468559332	0.625580169800853	4
0.02396366620361	0.538033709670239	89
-0.01805010866079	1.78295447505537	587
0.0242768559008699	1.08600742901065	99
-0.01608152214156	1.45013059179342	1419
0.06199049080879	0.944942653546949	99
0.0203333180210099	0.54202324251247	83
-0.0457114380921899	0.637895336485809	67
-0.04691857698645	0.641920679502866	67
0.0162786845119001	0.53920821418515	4
-0.0420669648985399	0.635207115252654	4
-0.04797488769847	0.632272831562619	132
-0.0492735262322499	0.637822490018349	4
-0.0517648597415199	0.631307587026493	4
0.0155921614986601	0.539157585636164	4
0.0168592953305899	0.54428495837387	4
0.01743963238372	0.540452730302901	353
0.0478352829044999	1.69757446634774	58
0.06220380064374	0.940708118497548	83
-0.08958130889908	1.28521269351582	83
-0.09916037359963	0.89784999452573	83
0.0161723758621699	0.544237689615947	67
0.01989522559169	0.540076308280599	67
0.01975493617444	0.545870640727711	4
0.01989522559169	0.540076308280599	4
0.01743963238372	0.540452730302901	4
-0.09628504023357	1.39162839489271	99
-0.08976147771687	1.37753411504984	58
-0.10178139418788	0.886307553166596	83
-0.10551437557439	1.0135659613721	67
-0.0935887559670601	0.901346248687712	67
0.02338433366604	0.541781692948465	4
0.0637582525865099	0.943795455727091	4
-0.07902916385422	0.759470728875728	573
0.0416518812656801	1.8333410406925	58
0.01756816493844	0.542987717651751	166
-0.08373369041815	0.762271997716733	646
0.06821047019765	0.957409308952987	4
-0.0943258478536	0.901305789691132	4
-0.0787452070063099	0.764685519919234	4
0.0155921614986601	0.539157585636164	121
-0.0419788825848799	0.638741950915108	524
0.0210880737192201	0.526710375551417	67
-0.04996965822613	0.637596386975515	67
0.0232451624152401	0.537871829171885	67
0.01093344291291	0.535642330212435	4
0.0737609046208501	1.6397449716863	587
-0.0907574712878401	1.28304037715127	133
-0.0198387842377701	1.78874810262825	99
-0.1008449163856	1.03371099365203	99
-0.10537155579288	1.02251269260381	1419
-0.0994474305666799	0.88567834646811	83
0.0199994809519199	1.06731530562932	83
-0.04327698292268	0.6391572393067	524
-0.0850292058115301	0.757317858281469	67
-0.0835723553469201	0.750391895228819	781
-0.08364730179401	0.757967725932802	67
-0.0505719407454299	0.636785891476019	132
0.01490470104039	0.537745634377048	4
-0.02980307983526	1.98013908724864	587
-0.0182145244667999	1.56967320934885	99
-0.09538416904986	1.48825316224581	99
-0.05006417571142	0.631584306445599	58
0.0669008006860701	0.95479426227705	524
0.01165112175549	0.537068832662299	67
-0.0866399452745701	0.755876245812408	4
0.01743963238372	0.540452730302901	4
-0.0829370139663701	0.758370702367583	633
-0.0299225225314701	1.75244706818669	99
0.01421630737466	0.533710449660585	67
0.02177125617762	0.538012470948251	14
-0.08848774855297	0.746812598667602	4
-0.04691857698645	0.641920679502866	4
0.0241016590947001	0.539029687951662	4
0.0190348506578899	0.544915109346076	309
0.0211923704346699	0.541772862671231	4
0.0167523167875401	0.540402083497145	4
0.0161723758621699	0.544237689615947	83
0.0167523167875401	0.540402083497145	67
-0.04682859384942	0.635424564194832	4
0.0216955786662101	1.0869333326266	4
0.0641868508336101	0.953462145636906	99
0.0349411705409599	1.09295233746187	709
-0.00714271082025997	1.57717539018266	633
-0.0952197772122501	0.900444049384887	58
-0.00545091881764992	1.33276738384395	34
-0.0786558842707801	0.762508804460397	34
-0.0998424154436699	1.03401572080514	166
0.01468916500227	0.538325141136017	34
0.01989522559169	0.540076308280599	34
0.0190348506578899	0.544915109346076	83
-0.0463148642423401	0.642741413337426	67
-0.0463148642423401	0.642741413337426	4
0.0162786845119001	0.53920821418515	4
0.00917789467355989	2.41723148091499	58
0.00032723639934007	1.21363790023131	34
0.0155921614986601	0.539157585636164	34
-0.10391717194693	1.13896869906014	166
-0.0426718300423901	0.639969469410662	67
0.01756816493844	0.542987717651751	67
-0.08075107682682	0.764330962090809	4
-0.0505719407454299	0.636785891476019	4
0.0161723758621699	0.544237689615947	121
0.00469430471933996	1.21402657459887	58
-0.0998751659222701	0.880109621284305	633
-0.0463148642423401	0.642741413337426	34
0.06462262506936	0.945524447719171	34
-0.0485774808672801	0.637019575202958	34
-0.05047897355214	0.630946404830896	34
0.0177357276282899	0.536130919552031	83
-0.08502720835852	0.754686966994697	67
-0.09096183880576	0.894137010938838	4
-0.10284039700855	1.03260166758389	4
0.0716796599409499	0.955619315613458	4
-0.04562028152275	0.642387146280789	4
-0.0150419462159099	1.6885707896686	587
0.08108404948453	1.51450180185253	99
-0.07397306881113	0.747808055981806	58
0.01397357803151	0.537392252900468	633
-0.09408707601842	1.38393857965748	58
-0.08808701427314	1.90238288276322	166
0.0190348506578899	0.544915109346076	34
0.01975493617444	0.545870640727711	14
-0.08430403665788	0.758632433215401	4
-0.11007459875632	1.01640633592987	4
-0.0194162513676699	1.44053622159481	1419
-0.0923049778548799	0.902644433917545	34
-0.0787452070063099	0.764685519919234	67
0.0167523167875401	0.540402083497145	67
0.0188910673699201	0.534768207032846	4
0.0154845195617099	0.542796260351392	4
0.0161723758621699	0.544237689615947	4
-0.0463148642423401	0.642741413337426	4
0.01698997561288	0.537947778137258	4
0.00833458307820001	1.22161065731591	34
0.0196129811958301	0.541081832282185	67
0.06199049080879	0.944942653546949	4
-0.0483074361458	0.638839204728787	4
0.0161723758621699	0.544237689615947	4
-0.09631927813241	0.885983264242315	4
0.06144458298287	0.942144927836612	4
-0.0498761069159299	0.637011626058876	1404
-0.0426718300423901	0.639969469410662	4
0.0203333180210099	0.54202324251247	4
-0.10902444103725	1.00513758105701	67
0.02105274438352	0.541318295208866	67
-0.10059750549469	0.897721275086349	67
-0.04848470169671	0.634174187534968	67
-0.0427603251773501	0.634932765857965	67
0.05971742125274	0.93839185653657	4
-0.07818055430699	0.765077664932649	4
0.0160640649717001	0.538984141591235	4
0.0167523167875401	0.540402083497145	4
0.00963510190600991	0.531218297878575	4
0.02684995896773	1.09092498383551	99
0.0587843084441	2.39111594101025	99
-0.09599744230679	1.16302523568036	1419
0.0911739605484001	1.53594568659354	1419
0.0935965892355799	1.53742786601439	99
-0.08605170213358	1.61859462998658	34
0.00276761762722999	1.22040930281887	4
0.0196129811958301	0.541081832282185	4
0.0206676777864301	1.07252297464375	4
0.0203333180210099	0.54202324251247	37
0.0259901802770599	1.09120178535857	587
-0.0858101743113799	1.40009023771448	99
-0.0066596059620001	1.34358162928922	58
-0.09648365004542	1.3828323706926	58
-0.00998331029565991	1.46478819012456	58
-0.10531409182796	1.01791282610907	166
0.0648443705552899	0.946632313339329	67
0.0117873782323199	0.536747860229229	390
-0.0937534666245901	1.17234320482391	99
-0.02874344968262	1.95010191118851	34
-0.0958596057747101	1.38880802038066	166
-0.0990138089422801	0.894563584748565	67
0.0689689840057	0.957011978488816	4
-0.0498761069159299	0.637011626058876	4
-0.04752257657169	0.635763847257323	4
-0.0455301114844899	0.639858086191069	4
0.0161723758621699	0.544237689615947	4
0.0125029786183599	0.535499346055131	1211
0.01989522559169	0.540076308280599	4
-0.0433648892493399	0.639694896360902	4
-0.0809151094832301	0.765762565671999	4
-0.04405805837288	0.637903120769397	4
0.0161723758621699	0.544237689615947	4
0.01831385834692	0.541122042884536	4
0.01743963238372	0.540452730302901	4
0.0177357276282899	0.536130919552031	17
-0.0836630294476399	0.758057578191565	67
-0.10478114834225	0.887312071596311	4
-0.0505719407454299	0.636785891476019	4
-0.0463148642423401	0.642741413337426	4
0.01107086258891	0.536676705386976	37
0.0204741108022499	0.545147475204001	47
0.0203333180210099	0.54202324251247	183
-0.0543552874008999	0.625644787241937	133
0.10312310664599	1.4108803842537	199
-0.09661148215601	0.898139671124419	199
-0.0767387585300301	1.9046010630929	34
-0.08019013539981	0.766650376923694	34
0.0906177995309001	1.53738024089613	14
-0.10207823747989	0.897324801181983	1087
0.01989522559169	0.540076308280599	4
0.01743963238372	0.540452730302901	1193
0.0715773621189	0.947161327087546	17
-0.08147589305156	0.764582564829992	133
0.02266608291252	0.541620945895909	133
-0.0794646545378499	0.766397244950294	99
-0.10050231128301	1.03383697608816	58
-0.0964658160637799	0.900023176395063	1211
-0.0129651659080801	1.53294613633601	183
-0.10237447191602	0.8842215420394	199
0.0167523167875401	0.540402083497145	199
-0.10818377788224	1.02156465951492	58
0.0102148574210801	0.531604756362992	34
0.01989522559169	0.540076308280599	121
-0.0773961495018101	0.750933438535612	111
0.06005196818334	0.950084863135146	35
-0.0514574519011599	0.623962764515834	133
0.0160640649717001	0.538984141591235	99
-0.0433648892493399	0.639694896360902	58
-0.07946841126297	0.76302039325433	199
0.11268831824283	1.41334539188767	725
0.11108083500646	1.40399698923822	58
0.0572166805177501	0.939944022153624	34
-0.04996965822613	0.637596386975515	445
0.0123678898644799	0.537139970214584	49
-0.00929929397513996	1.45973606597135	133
0.0255119240630399	1.08058724400419	199
0.01975493617444	0.545870640727711	165
-0.0553215607122901	0.631315317478869	67
-0.09603424584127	0.897706374706964	4
-0.0491803599916301	0.636210756812847	4
-0.0831110690519701	0.76009667966413	4
-0.0738410675567001	2.00933022950201	133
-0.09700701692015	1.37215652651879	133
0.00748870912986011	2.43022036903152	133
-0.0114278209376899	1.46116423905263	199
-0.10126604269575	1.15869473234901	199
-0.1055774457628	1.13346353293799	199
0.08255338322029	1.53229197773428	199
-0.08260815921955	1.41438869736382	725
0.0655916705567501	0.955518632560082	34
0.0168592953305899	0.54428495837387	192
-0.0518701298498601	0.629484386152849	4
0.0123678898644799	0.537139970214584	4
0.0962543824175499	1.53740661781404	111
0.01756816493844	0.542987717651751	35
0.0161723758621699	0.544237689615947	58
-0.0445748800981101	0.632823122302477	199
-0.0477043223120699	0.639652981116402	50
-0.10310339968531	1.158271288084	4
0.01917630288726	0.540777679389135	121
0.02389794720033	1.0803292210918	199
-0.04996965822613	0.637596386975515	725
0.0278955997142401	1.09006709781475	725
-0.00798900794021007	1.33576135153891	34
0.0632128877	0.950486227876043	34
0.0168592953305899	0.54428495837387	34
-0.0855870326066599	0.748450209965436	34
0.02177125617762	0.538012470948251	67
-0.0532355596148999	0.632006177878863	35
-0.11181137943926	1.00709187684308	133
-0.08083285000382	0.767243860948706	199
-0.0441473728168	0.628587561105266	199
0.0598229079517201	0.942718310929136	199
-0.09916037359963	0.89784999452573	199
-0.0514574519011599	0.623962764515834	58
0.01975493617444	0.545870640727711	34
-0.0836630294476399	0.758057578191565	1697
-0.0427603251773501	0.634932765857965	67
-0.09580121063709	0.901329001713449	4
0.01598529392917	0.538019806190305	49
-0.08990343105692	1.15381484718611	58
-0.10330267182048	1.02339415196266	199
-0.0727389824246001	2.02566958627075	58
0.0167523167875401	0.540402083497145	34
-0.08083285000382	0.767243860948706	50
0.01160669713685	0.525700488149954	192
0.0190348506578899	0.544915109346076	4
-0.0498761069159299	0.637011626058876	209
-0.0978516907745799	1.48572693510246	133
-0.00730609496972989	1.33598825403849	58
0.0903387803192199	1.52636624326936	34
0.06658530461054	1.62083277704633	34
0.0261882180359101	1.08714180149428	34
-0.0916004436732001	1.29133163347136	4
0.01160669713685	0.525700488149954	375
-0.00872046238426005	1.5750876647671	659
0.01975493617444	0.545870640727711	37
-0.11184116738902	1.00447890130477	111
-0.04682859384942	0.635424564194832	111
-0.10985504451529	0.999957507125773	725
-0.07745668361131	0.766750459185755	725
-0.0476129582446101	0.641069787889058	34
0.0204741108022499	0.545147475204001	34
0.0196129811958301	0.541081832282185	34
-0.05471660360213	0.628002984173446	50
-0.0752820839736199	0.763478061576685	192
0.01282839207758	1.23199717181443	4
0.02255427893053	1.08739162386449	4
0.0018417845568901	1.20853803554988	133
0.00810273042492993	1.21530389429576	133
-0.11161101048166	1.01103586663752	133
-0.0981666491739901	1.04220377171052	199
-0.08732083487622	1.39869693046333	199
-0.0163698105680501	1.77388007312034	58
-0.09618133828151	0.886341896461908	199
-0.08478313581241	1.29117822648811	34
-0.0830223490178199	0.752108104512257	34
-0.04996965822613	0.637596386975515	34
-0.0830058530092701	0.760826287874229	4
-0.0996134668454001	1.03566378816892	50
-0.04691857698645	0.641920679502866	50
-0.0509831792291999	0.637710715935114	4
0.01093344291291	0.535642330212435	4
0.0168592953305899	0.54428495837387	4
0.01490470104039	0.537745634377048	354
-0.0781007805498899	0.767339234571801	133
-0.0470095450950401	0.641888668435994	133
-0.10583768414662	1.02283193470188	133
0.0154845195617099	0.542796260351392	133
-0.10095842349869	1.02314350345481	199
0.03777420783984	1.94265693153195	58
0.0168592953305899	0.54428495837387	58
0.00121789035357001	1.21686871140135	725
0.0123678898644799	0.537139970214584	34
0.0167523167875401	0.540402083497145	34
-0.10150214859799	1.03053639803916	34
-0.10126353916074	0.898338241817839	67
-0.10740666470653	1.02129947602203	14
0.0196129811958301	0.541081832282185	1330
0.01831385834692	0.541122042884536	4
-0.10683809813925	1.01616769120986	4
0.0190348506578899	0.544915109346076	121
0.0181461032622099	0.539183097863299	354
0.02701519444157	0.534026074459174	17
0.02102907469856	1.0831424332148	218
-0.0836630294476399	0.758057578191565	199
-0.04691857698645	0.641920679502866	199
-0.0498761069159299	0.637011626058876	34
0.0668908661290899	0.951446564554856	34
0.0168592953305899	0.54428495837387	216
0.0161723758621699	0.544237689615947	262
0.01975493617444	0.545870640727711	4
-0.08083285000382	0.767243860948706	49
-0.04396974080685	0.638883155209506	34
0.01698997561288	0.537947778137258	34
-0.0260719376249401	1.87380505286022	67
-0.10182296220332	1.02518263311592	4
0.0103534357850401	0.53525164055728	192
0.0161723758621699	0.544237689615947	141
0.0636317321821101	0.94313855910335	4
-0.10462386394397	1.03391628543676	133
-0.05462613602528	0.632566622139147	133
-0.0463148642423401	0.642741413337426	133
0.0117873782323199	0.536747860229229	58
-0.0851878370027099	0.761618284346843	199
-0.0831889385217199	0.757752776518898	199
-0.09815696172722	1.02877802952792	58
-0.0446626088892299	0.637095415580339	262
-0.0426718300423901	0.639969469410662	192
-0.04511511169524	0.628425276150726	49
-0.0142725710898	1.56278207351425	133
-0.08451716554352	1.50787885056918	34
0.01960408520372	0.532095108445791	34
0.0162786845119001	0.53920821418515	34
0.0103534357850401	0.53525164055728	67
0.0168592953305899	0.54428495837387	151
0.0219469109808501	0.538401877211758	4
-0.0719197981971	0.75604453093099	209
0.01107086258891	0.536676705386976	301
-0.03115611470683	1.75418035545822	133
-0.0254360345462701	1.6346927051072	58
0.01165112175549	0.537068832662299	34
-0.0426718300423901	0.639969469410662	67
-0.09283066456175	0.736690635559605	4
-0.0477043223120699	0.639652981116402	141
0.01989522559169	0.540076308280599	732
-0.0871613115435299	1.29095886436934	111
0.0123678898644799	0.537139970214584	218
-0.0506658751335201	0.636333257228447	133
0.01093344291291	0.535642330212435	133
-0.10053793012973	0.887508407591639	199
-0.0470095450950401	0.641888668435994	725
-0.04405805837288	0.637903120769397	1326
0.0690729676335	0.955859355081219	4
0.01397357803151	0.537392252900468	218
-0.06007092093206	0.617335725163669	218
0.02219338014483	1.06847829836209	133
-0.0963205728280601	1.28248724484587	660
0.0219469109808501	0.538401877211758	199
0.0168592953305899	0.54428495837387	199
0.0161723758621699	0.544237689615947	34
0.01917630288726	0.540777679389135	34
0.0161723758621699	0.544237689615947	369
-0.03672040472118	0.626087230019551	4
0.00618337425444993	1.2237817120843	8
0.01989522559169	0.540076308280599	1355
0.0219469109808501	0.538401877211758	49
-0.01702154815202	1.57393574685068	133
0.0315862331918499	1.91379524318834	133
-0.0872813299942501	0.748972715026177	199
-0.0477043223120699	0.639652981116402	199
-0.0509831792291999	0.637710715935114	725
-0.0461347115967601	0.633761334163491	725
-0.07818055430699	0.765077664932649	725
-0.10105328724774	0.8883431945371	34
-0.0830336983155799	0.755138675068422	34
-0.0955085969059399	0.897878852720931	34
0.0558013335077201	0.936651131700163	34
-0.10127323939034	1.02645932474172	4
-0.0879255484708601	0.753921185612465	4
0.0162786845119001	0.53920821418515	192
0.0168592953305899	0.54428495837387	945
0.01975493617444	0.545870640727711	17
-0.02709062470284	1.95914070236012	133
0.02465733032995	1.0882706602494	199
-0.0842200179404999	0.756340502945969	34
0.0167523167875401	0.540402083497145	34
-0.10018319470847	1.15524180566443	141
0.0304703339830501	1.0913667331208	77
0.0155921614986601	0.539157585636164	17
0.0892025857641401	1.53066895950042	133
-0.0823857184607699	0.761766971149281	133
0.0824086113371201	1.5071704207611	199
-0.0801077013128599	0.766988342617137	58
-0.10024146969799	0.887733959987909	34
0.0161723758621699	0.544237689615947	4
0.0154845195617099	0.542796260351392	479
-0.10559526166953	0.88584147677072	141
-0.0455301114844899	0.639858086191069	4
-0.1014846922575	1.12124917116849	209
0.06440152087473	0.934718055450816	77
-0.10607316375904	1.13938207575955	587
-0.10045892764944	1.01409901718419	199
-0.0914935265946999	0.903805371903908	199
0.01975493617444	0.545870640727711	199
-0.08608707118464	0.745042871571538	58
-0.04682859384942	0.635424564194832	34
0.0196129811958301	0.541081832282185	820
-0.05610831480851	0.620430038247772	84
-0.00409151703886002	1.46248731937863	4
-0.0996134668454001	1.03566378816892	77
-0.00993066754222993	1.46505814220992	133
-0.0903715192224199	1.50650918225458	133
-0.04501655574912	0.637553727866375	587
-0.09579670893136	1.15482550081723	587
-0.08800903306868	0.747675294199967	133
-0.0397324157504499	0.634394339960475	199
0.0190348506578899	0.544915109346076	199
-0.0761370665572001	1.40331947328907	58
-0.0951122182325399	1.38430693009352	58
0.06821047019765	0.957409308952987	34
-0.0810907565142001	0.757659887254437	34
0.04611500595609	1.82378781376744	34
0.0220867513388401	0.536646686143017	34
-0.08929713753057	0.751678133979065	84
0.0559382127941901	0.933544032843125	14
-0.0138092098499401	1.57304345943858	141
-0.05462613602528	0.632566622139147	4
0.0103534357850401	0.53525164055728	203
-0.0237040046407899	1.7761146458889	49
0.0609804381580601	1.74175532863038	133
0.0160640649717001	0.538984141591235	133
-0.10849087127563	0.871677677538753	199
0.01455453758669	0.53778452095438	199
0.0241016590947001	0.539029687951662	34
-0.0822002026822499	0.763698676659221	67
0.0261882180359101	1.08714180149428	4
-0.0483074361458	0.638839204728787	4
0.0155921614986601	0.539157585636164	218
-0.0427603251773501	0.634932765857965	587
0.01479573066551	0.538668938865093	133
-0.04996965822613	0.637596386975515	199
0.0190348506578899	0.544915109346076	199
0.10490752808006	1.38809433880281	67
-0.01023867895221	1.58414063030774	4
0.05798906309162	0.927416773529636	209
-0.0899416845287	0.745200125747001	336
0.0162786845119001	0.53920821418515	87
0.0110049583315499	1.22084253363137	133
-0.08511351437216	0.754322279450479	199
-0.0795580164774701	0.759496759636242	34
0.01018691402742	0.529517353540739	480
0.02338433366604	0.541781692948465	4
0.02266608291252	0.541620945895909	141
-0.0856702088070001	0.754722209104207	4
-0.0493676611643901	0.632827222194418	77
-0.10156094416124	0.887740224770833	133
-0.0825192778188899	0.743820372164286	133
0.06047442363152	0.941895404013317	133
-0.0780215049109301	0.765020106414244	133
-0.07954774894096	0.760553941972236	133
0.06282219085167	1.60551675399952	58
0.0160640649717001	0.538984141591235	1446
0.01468916500227	0.538325141136017	199
0.01989522559169	0.540076308280599	910
0.02266608291252	0.541620945895909	17
-0.0914527402383101	0.741737241607901	133
-0.10426516449959	0.878650000305077	133
0.00678820707531003	1.21880545611241	199
0.0196129811958301	0.541081832282185	58
0.02105274438352	0.541318295208866	34
-0.08019013539981	0.766650376923694	34
0.01889173800139	0.537357192494017	480
0.0162786845119001	0.53920821418515	820
0.0177357276282899	0.536130919552031	151
0.0161723758621699	0.544237689615947	209
0.0613510115381699	0.939761896813731	49
-0.0835667121697501	0.753906788132928	133
-0.04710149457289	0.634858978605398	133
-0.0851878370027099	0.761618284346843	133
0.01093344291291	0.535642330212435	199
0.01537488117125	0.53493154168956	42
-0.08147589305156	0.764582564829992	151
0.01455453758669	0.53778452095438	4
0.0102148574210801	0.531604756362992	4
0.06123211327445	0.944022588999164	4
0.0044931938839099	1.34924901069416	587
-0.0908841087768499	1.48726484548711	133
-0.1177556105049	2.23473030808947	133
-0.08327592056478	1.50083721315252	133
0.0997318502514299	1.39262802700773	660
-0.0914751504515201	0.738362472897446	199
0.0208375113757799	1.08513380541833	199
-0.04752257657169	0.635763847257323	480
-0.0470095450950401	0.641888668435994	151
0.10971416442678	1.41354372080106	141
-0.04033871574825	0.633596936725824	4
-0.10335836375237	1.26584606094583	133
0.00899161678075	1.217966291432	1446
-0.0849453709453201	0.756028535001149	199
-0.02088788939943	1.63288742441428	34
0.01066225736402	1.22214250119411	34
0.00856690031811991	1.22268648388215	34
0.06765877511046	0.954399361133138	480
-0.0498761069159299	0.637011626058876	4
0.01479573066551	0.538668938865093	42
0.0168592953305899	0.54428495837387	22
-0.0462242941403599	0.641567406860707	141
0.02342219744944	1.08423801276311	192
-0.0907496643555401	0.745420805621485	141
0.01845646886772	0.539839872432159	4
-0.08575387110047	0.754914602154675	4
-0.07473700044263	0.763363923444129	133
-0.0979037264510101	0.900739261799064	133
0.03822497846047	1.80812708295086	199
-0.10464653878892	1.15445440263127	199
-0.0498761069159299	0.637011626058876	199
0.12044771281722	1.92179546400463	67
0.11519064033536	1.4188711505315	808
0.01831385834692	0.541122042884536	1461
-0.07602830173766	0.761318914537513	192
-0.0927722212806701	1.49530350560603	4
-0.0515901632056399	0.633171820923993	43
0.0164914433885299	2.22230378847435	133
0.11033749244627	1.41144503835975	587
0.10134093342212	1.40388911873797	133
-0.08575385968231	0.754889071077189	199
0.0425677791544601	1.82735285457703	34
-0.0981488593434701	0.89351933825155	34
-0.07608821430518	0.761014781717388	34
0.0000959182343700515	1.21055748254434	34
0.01743963238372	0.540452730302901	84
0.0154845195617099	0.542796260351392	151
0.0168592953305899	0.54428495837387	4
-0.0877600036119399	0.746166788049463	4
-0.08673518681877	0.748434865991108	587
-0.00739662851084999	1.32537356838358	133
0.11802535095956	1.90695255422197	133
0.01540382640416	0.537627465762491	1446
-0.04492579871421	0.640673632282913	199
-0.08019013539981	0.766650376923694	4
0.0217147516693099	1.0762062873616	4
0.0167523167875401	0.540402083497145	192
-0.03787595341359	1.83472318589457	141
-0.0528117808934401	0.621524244433144	4
0.0154845195617099	0.542796260351392	544
-0.0913030678854001	1.27417980353817	58
-0.04640641828962	0.637054562688572	133
0.01093344291291	0.535642330212435	133
0.01490470104039	0.537745634377048	113
0.0211923704346699	0.541772862671231	820
0.0415373414101099	1.82539601316833	4
-0.0505719407454299	0.636785891476019	151
-0.0801077013128599	0.766988342617137	4
-0.0103280774251	1.46784206616852	77
0.06061738525508	1.75481202851407	133
-0.0984599669533299	1.14037307333911	133
0.06614350352944	0.953696836566387	133
0.01165112175549	0.537068832662299	133
0.0592757706703	0.931506933468931	58
-0.0894550359891	0.748885617935861	199
-0.10141231790374	0.896709122210079	34
-0.10126353916074	0.898338241817839	4
-0.10084219623665	1.03071724623431	133
-0.0766522116541399	0.766672107414041	133
0.0117873782323199	0.536747860229229	58
0.01743963238372	0.540452730302901	199
-0.09708837023785	0.90117993028622	58
0.01756816493844	0.542987717651751	34
0.0160640649717001	0.538984141591235	34
0.02252573787823	0.534709423362296	34
0.01379782401784	0.525748498669431	34
0.0204741108022499	0.545147475204001	113
-0.10315081105583	0.887159516240008	67
0.01975493617444	0.545870640727711	4
0.01917630288726	0.540777679389135	36
0.07728797626178	1.65352075972349	133
0.0232451624152401	0.537871829171885	587
0.0196129811958301	0.541081832282185	133
-0.0853811047558799	1.51838549038647	58
-0.0486712312550199	0.633054125993341	890
-0.0457114380921899	0.637895336485809	199
0.0190348506578899	0.544915109346076	199
0.06679823436494	0.95715916082957	58
0.01989522559169	0.540076308280599	113
0.0203333180210099	0.54202324251247	67
0.01975493617444	0.545870640727711	141
-0.0952197772122501	0.900444049384887	8
-0.05047897355214	0.630946404830896	8
0.0102148574210801	0.531604756362992	294
0.0168592953305899	0.54428495837387	17
0.000229666123030103	1.57738812222859	133
-0.09194296242683	1.38518404146551	890
-0.0518701298498601	0.629484386152849	67
0.0167523167875401	0.540402083497145	1185
0.0619071859792599	0.947900200067382	151
-0.09982469289405	0.893579402389535	4
0.0190348506578899	0.544915109346076	248
0.01107086258891	0.536676705386976	17
-0.0353626072409401	1.74262321228436	133
0.0432591337122501	1.84101242413032	133
0.0902126458691801	1.95377955902865	133
0.1177226196949	1.90972111759723	133
-0.0979037264510101	0.900739261799064	199
-0.0950481158085801	1.27909905724578	199
0.10876430164871	1.40034182351235	58
0.0330348975013199	1.93985753787097	34
-0.08373369041815	0.762271997716733	34
0.0100702474715899	1.2309577548044	34
-0.08019013539981	0.766650376923694	113
0.0168592953305899	0.54428495837387	151
0.0592757706703	0.931506933468931	151
0.0162786845119001	0.53920821418515	43
-0.10034396545421	1.25719778578082	77
0.01917630288726	0.540777679389135	77
0.07401415399043	1.48631201540415	133
0.01131953555084	1.22553509969733	58
-0.08099785370975	0.757607531877404	58
0.01131953555084	1.22553509969733	199
0.01760947645351	1.0667994428211	34
-0.08921497554309	0.74649105416101	34
-0.0477043223120699	0.639652981116402	141
-0.0796782037010799	0.758532398310288	4
0.0168592953305899	0.54428495837387	43
0.0117873782323199	0.536747860229229	36
-0.0365013179464	1.82544844963747	133
0.0626659787412001	0.949645577081439	4
-0.0433648892493399	0.639694896360902	151
0.01989522559169	0.540076308280599	151
0.0168592953305899	0.54428495837387	151
0.0602796880672001	0.930740684938577	4
0.0103534357850401	0.53525164055728	49
-0.0985328472972	1.15868106668454	58
-0.10447007650354	1.1365897503971	58
0.06352479910452	0.942858042485372	58
0.02302767807921	1.07733749907827	199
-0.09918280570104	1.03111253939237	199
0.0232204676976699	1.0865187963997	199
-0.0824637552712499	0.761040262520848	113
0.02468124509758	0.535337803971846	146
0.0683140456167199	0.957862600362222	4
0.0154845195617099	0.542796260351392	151
-0.08300525558835	0.760582991881185	141
-0.00566804178549996	1.45872525990333	141
-0.09571533555858	1.03565619610699	77
0.00586409994295001	0.52650531690738	36
-0.0105812619049599	1.79225856706576	146
-0.0960609456099299	0.898609476153536	67
0.0626637598789199	0.951055506570197	67
-0.08357835226746	0.758944917818951	146
-0.04691857698645	0.641920679502866	146
-0.08019013539981	0.766650376923694	151
-0.08848774855297	0.746812598667602	151
-0.09053423767477	0.900343212554507	151
0.0315180628271301	1.09234365219701	141
-0.0462242941403599	0.641567406860707	141
0.0168592953305899	0.54428495837387	1459
-0.09916037359963	0.89784999452573	77
0.01468916500227	0.538325141136017	17
-0.0923538371824599	1.36533587479637	58
-0.10559031719064	1.14673546950052	58
-0.0232640019093899	1.41001423261645	199
-0.10348457279257	0.883933647593492	69
-0.02185038010087	1.87595342803154	69
-0.0050952440638401	1.18534684326846	34
-0.0756079122409401	0.748750555916205	612
0.01527037832677	0.538718320722548	146
0.01490470104039	0.537745634377048	151
-0.05028944736668	0.637365369720368	141
0.0219469109808501	0.538401877211758	230
-0.0864692499899	0.7535760680715	77
-0.04682859384942	0.635424564194832	77
0.0592914937809701	0.948399190116359	58
-0.0873976324342101	1.28959314482523	58
-0.10195858582527	1.02677873150118	69
-0.04743667775273	0.631449389368013	34
-0.0384347519461199	0.629194936507288	146
0.01743963238372	0.540452730302901	67
0.02105274438352	0.541318295208866	4
0.01490470104039	0.537745634377048	151
-0.0477043223120699	0.639652981116402	151
-0.0999187414577001	1.26665199485292	230
-0.10358821442317	1.017861888535	133
-0.0971693218277601	0.889823343690798	199
-0.0864800245285999	0.754035293987812	494
-0.10312915868612	1.26600898942982	4
-0.10227495545238	1.00617262705677	230
0.0212209924206901	1.07247558930015	230
-0.07473700044263	0.763363923444129	17
0.0979513423037499	1.38760529549512	133
0.12490833503491	0.815240796241337	133
-0.08019013539981	0.766650376923694	133
-0.0788219362028499	0.760313564527051	58
-0.04562028152275	0.642387146280789	199
-0.08800903306868	0.747675294199967	199
0.02266608291252	0.541620945895909	34
-0.00883010914228	1.47186092529465	34
0.06276712993676	0.942521440629564	4
-0.0463148642423401	0.642741413337426	1005
-0.05462613602528	0.632566622139147	176
-0.05167701496459	0.636864411149424	36
-0.0885429027385301	0.731133273014008	1441
-0.01444092109319	1.57580034207592	133
0.00374182671001	1.21923378527053	133
-0.0211774816149199	1.78321241050891	34
0.02475196289547	1.08351109623954	34
-0.0129207055263001	1.44720518793603	34
0.0633170453669001	0.954508271065577	69
-0.09717439319383	1.0355942792855	4
-0.0427603251773501	0.634932765857965	470
-0.0506658751335201	0.636333257228447	141
-0.0760074482983699	0.766088544110052	36
0.0161723758621699	0.544237689615947	17
0.01743963238372	0.540452730302901	1529
0.0167523167875401	0.540402083497145	133
-0.10310339968531	1.158271288084	58
-0.0506658751335201	0.636333257228447	199
0.01756816493844	0.542987717651751	34
0.0219469109808501	0.538401877211758	34
0.01975493617444	0.545870640727711	34
0.0206676777864301	1.07252297464375	494
-0.10547332223952	1.01861090315035	1413
0.0751348748488101	0.951007009147611	470
0.0605803288210001	0.944850360706759	230
0.07947079296337	1.64151488183512	77
-0.0914935265946999	0.903805371903908	58
-0.0798296041846101	0.745488447043192	133
0.0666954735293701	0.953603793982105	199
-0.04968245164453	0.633992240994804	34
-0.0899311864992301	1.28263171530444	34
0.0177088983359499	0.534271641364828	67
-0.04968245164453	0.633992240994804	69
-0.0873627679380999	1.17137328548453	4
0.01831385834692	0.541122042884536	76
0.0161723758621699	0.544237689615947	69
-0.0842200179404999	0.756340502945969	302
0.06081313232871	0.950437217347568	4
0.01479573066551	0.538668938865093	4
0.0167523167875401	0.540402083497145	43
0.06548627238012	0.9556735466623	77
0.0161723758621699	0.544237689615947	77
-0.09656204225048	1.16297659264121	77
0.0168592953305899	0.54428495837387	36
-0.11230081849282	1.00288684670996	199
-0.08357835226746	0.758944917818951	34
0.05917106286324	0.939349539252827	146
0.0285595379885	1.07306647929499	67
0.02396366620361	0.538033709670239	302
0.0154845195617099	0.542796260351392	575
0.02266608291252	0.541620945895909	176
0.01107086258891	0.536676705386976	36
0.0205208271403201	1.07186827058505	69
0.0662318324900699	0.95026280435032	230
0.02338433366604	0.541781692948465	49
-0.08564254986832	1.60584874976013	69
0.0619071859792599	0.947900200067382	302
0.0206676777864301	1.07252297464375	141
-0.0518701298498601	0.629484386152849	230
-0.10014894348697	0.8823870178566	4
0.0168592953305899	0.54428495837387	4
0.01756816493844	0.542987717651751	4
0.01165112175549	0.537068832662299	77
0.10699398766937	1.41817347235787	69
-0.0898577244401599	1.2772029894909	69
-0.04797488769847	0.632272831562619	302
0.01975493617444	0.545870640727711	176
-0.05332524598587	0.629468173493748	176
0.02513213919906	1.08644355435958	146
-0.0078744821933201	1.32613417526045	69
-0.10533843772885	1.13571726310859	4
0.0691751436154999	0.947025596083871	141
0.02266608291252	0.541620945895909	26
-0.08381508923983	0.757438901125979	26
0.0186088100369599	1.22622346392341	199
0.0161723758621699	0.544237689615947	4
-0.0426718300423901	0.639969469410662	151
-0.10261611596444	1.15846788198724	151
0.02475196289547	1.08351109623954	141
0.0168592953305899	0.54428495837387	26
0.0154845195617099	0.542796260351392	4
0.0204741108022499	0.545147475204001	744
0.0168592953305899	0.54428495837387	1441
-0.0989365714670301	1.47434868304915	199
-0.00763197309312003	1.32884259458197	69
0.0742981463639101	1.64177468793881	86
0.0592914937809701	0.948399190116359	151
-0.08575387110047	0.754914602154675	230
0.0168592953305899	0.54428495837387	176
0.01107086258891	0.536676705386976	4
0.01917630288726	0.540777679389135	4
0.0167523167875401	0.540402083497145	176
-0.00362504196706004	1.33517887595361	69
-0.01009341207369	1.46450954911457	4
-0.09261275940038	1.03365427969378	86
0.02283540053251	1.07284344828271	151
-0.0926790187333	0.888262995503149	833
-0.0493676611643901	0.632827222194418	26
0.12174620131359	0.80171916043694	1375
0.01468916500227	0.538325141136017	176
0.0220867513388401	0.536646686143017	4
0.0204741108022499	0.545147475204001	4
0.0255815169429101	0.533485273450427	176
0.0681067014168799	0.948156160905857	58
-0.08926957909162	1.49644664790258	199
0.05583385478235	0.925901453850428	199
-0.0789039268420899	0.761780620918226	189
0.07233544565338	0.947532501190568	34
0.0190348506578899	0.544915109346076	146
-0.09864323055145	0.895221671510109	146
0.0177357276282899	0.536130919552031	494
0.01397357803151	0.537392252900468	146
0.0181461032622099	0.539183097863299	151
0.0168592953305899	0.54428495837387	1441
0.0338986653128699	1.08963538095557	189
-0.0949902513704901	0.903062030332192	189
-0.05523168060494	0.628095097032684	69
0.0168592953305899	0.54428495837387	492
0.0211923704346699	0.541772862671231	151
-0.0797531892126999	1.29502697854371	189
-0.09982144399391	0.886580766572473	34
-0.0463148642423401	0.642741413337426	492
-0.0491803599916301	0.636210756812847	302
0.01698997561288	0.537947778137258	302
-0.0037803545858901	1.33630746673717	86
-0.04865264836511	0.630303215082772	86
-0.09942895612714	0.886027799461077	141
-0.10574357942345	0.88268597386678	26
0.0181461032622099	0.539183097863299	26
0.0211923704346699	0.541772862671231	230
0.02338433366604	0.541781692948465	176
-0.04562028152275	0.642387146280789	77
0.0204741108022499	0.545147475204001	77
-0.0505719407454299	0.636785891476019	77
0.02266608291252	0.541620945895909	1441
0.01889173800139	0.537357192494017	1441
-0.0515901632056399	0.633171820923993	133
0.0962174592840499	1.54456191860332	133
0.0588470100049601	0.938073074522409	133
0.0681067014168799	0.948156160905857	447
-0.0503764846814101	0.634328594541525	69
0.02086377029931	1.06956282281831	69
-0.0470095450950401	0.641888668435994	146
0.0190348506578899	0.544915109346076	302
0.0177088983359499	0.534271641364828	77
-0.05462613602528	0.632566622139147	77
-0.05076077318963	0.629099461365254	77
0.0117873782323199	0.536747860229229	1441
-0.05117450896808	0.630720463879523	1441
-0.0108077765040799	1.32517530546633	867
-0.0871924581307999	1.29737262516269	867
-0.08240999893552	0.748301298214773	133
-0.00972556746164011	1.2967820832139	133
0.05994763556792	0.949582770076549	133
-0.0842200179404999	0.756340502945969	34
0.0161723758621699	0.544237689615947	1441
0.09796232448376	1.38259726497437	133
-0.0726486727709399	2.02228773276617	189
-0.0822002026822499	0.763698676659221	69
0.0168592953305899	0.54428495837387	471
0.0217831611378501	2.12632422041542	471
0.10454824692345	1.40876718245124	69
-0.0792999249908799	0.759889990281919	4
-0.0875563132268999	1.36634118358861	86
0.0636317321821101	0.94313855910335	26
-0.0823635369409901	0.760004848477596	176
0.0160640649717001	0.538984141591235	128
-0.0476129582446101	0.641069787889058	1441
0.00988655430805996	1.20611300503436	133
-0.0851072789698	0.761563662136057	554
-0.08083285000382	0.767243860948706	199
-0.0463148642423401	0.642741413337426	447
0.01527037832677	0.538718320722548	471
-0.0426718300423901	0.639969469410662	4
0.0181771097803001	0.534607449452278	76
0.0649951156906501	2.39407271440991	133
-0.0989974506851901	1.15628971458849	69
-0.0033800797833301	1.34047139919246	34
0.0203333180210099	0.54202324251247	69
0.02617832077885	1.07973989263334	86
0.0155921614986601	0.539157585636164	151
-0.08661718309309	0.744767087033765	141
0.0137986774860399	0.532229119055983	176
-0.0895946713528799	1.6087013670792	133
-0.0746459506173101	2.48956884199654	133
0.00828248003266996	1.22835874616772	554
-0.0553215607122901	0.631315317478869	4
0.0160640649717001	0.538984141591235	86
0.0162786845119001	0.53920821418515	86
-0.0487367932937901	0.632998812923511	26
0.06146325254343	1.59273648791942	176
-0.08381508923983	0.757438901125979	176
0.01397357803151	0.537392252900468	332
-0.0351407000639199	2.0339875082382	133
-0.0792328831117299	1.39632822076977	133
0.12254482334726	1.91122919360073	189
-0.0866399452745701	0.755876245812408	471
-0.0842200179404999	0.756340502945969	146
-0.10233458524819	0.885467037495934	302
0.0272336439922001	1.08565625341398	4
0.01756816493844	0.542987717651751	1469
0.0743771506087601	0.951601990574828	176
0.0266637085038599	1.08198671888502	176
-0.0968734468925301	0.899979258733579	176
0.01917630288726	0.540777679389135	4
-0.08921497554309	0.74649105416101	77
-0.05107062131348	0.63349078731751	77
0.0196129811958301	0.541081832282185	49
-0.0950388781183999	1.27586857564319	199
-0.0706253276889699	2.39134420166343	69
-0.09768525545284	0.900145307711401	69
-0.08575387110047	0.754914602154675	141
0.0606860545503001	0.942382939920444	26
-0.09565497292832	0.901752607713464	176
0.02468124509758	0.535337803971846	36
-0.08772439382239	1.89877730221545	906
-0.08832051742208	1.5121668611538	906
0.10446499579338	1.38862797685676	199
0.02684995896773	1.09092498383551	199
0.0190348506578899	0.544915109346076	4
-0.0830874290055801	0.757209687931169	141
0.0168592953305899	0.54428495837387	185
0.0103534357850401	0.53525164055728	77
-0.07745668361131	0.766750459185755	4
0.00463332704114006	1.22358575509329	151
0.0979513423037499	1.38760529549512	1469
0.0627495568601399	0.944702982683786	176
0.0103534357850401	0.53525164055728	176
0.0180836244046201	1.05797479765991	189
0.01468916500227	0.538325141136017	199
-0.0472690531126701	0.629395020462524	69
-0.0286216224326901	2.0835682081079	69
-0.0412860487189399	0.634724265410907	69
-0.0487367932937901	0.632998812923511	4
-0.0518701298498601	0.629484386152849	176
0.01540382640416	0.537627465762491	176
0.0166992802459001	0.534742207492316	199
0.0100702474715899	1.2309577548044	34
-0.10250241682257	1.03760429735732	69
-0.08019013539981	0.766650376923694	4
-0.0848620112826099	0.748761949214332	151
-0.0492735262322499	0.637822490018349	151
0.01107086258891	0.536676705386976	176
0.01743963238372	0.540452730302901	176
0.0204741108022499	0.545147475204001	383
0.01743963238372	0.540452730302901	446
0.01756816493844	0.542987717651751	40
0.0168592953305899	0.54428495837387	36
0.0162786845119001	0.53920821418515	36
0.0300103213474701	1.90974747418793	199
0.02560660217681	1.08527620882212	199
-0.0498761069159299	0.637011626058876	199
-0.04996965822613	0.637596386975515	4
-0.0822002026822499	0.763698676659221	151
-0.10816300616206	1.00775505226254	141
-0.04710149457289	0.634858978605398	176
-0.0498761069159299	0.637011626058876	176
-0.01513558882497	1.87022291073517	133
0.0769986272744501	1.49593612572959	34
-0.0815946825377201	1.28917789565648	4
0.0216955786662101	1.0869333326266	1107
0.01756816493844	0.542987717651751	731
0.0162786845119001	0.53920821418515	731
0.0190348506578899	0.544915109346076	1346
0.01756816493844	0.542987717651751	36
0.0640587714665399	2.3737711658061	133
0.0778180484406601	0.94579774614786	906
0.01107086258891	0.536676705386976	906
-0.0135040853919	1.44040568802593	906
-0.0557417780891201	0.625149284146082	199
-0.0889694433211401	1.59664386342847	34
-0.08583376510785	0.760671907672034	34
0.02396366620361	0.538033709670239	4
0.0275181710388701	1.08641085965542	4
0.0689689840057	0.957011978488816	1107
-0.08711833892428	0.748460505243386	1107
-0.08349414984239	0.755660293817295	1448
0.01165112175549	0.537068832662299	185
-0.0210570200048401	1.78053157769634	906
0.02338433366604	0.541781692948465	69
-0.0844610184505801	0.762511779129137	151
0.02560660217681	1.08527620882212	176
-0.10349977449976	1.46119282555657	906
-0.0540208797283199	0.629239944116326	199
-0.0885381746762699	0.892382215820103	199
-0.08894579479457	1.28823652500507	69
-0.10191583911398	1.15851762319823	151
0.0249418799042001	1.08757509970285	151
-0.09733900905573	1.25816463239108	141
-0.10127432911836	1.03184313752797	1107
0.06079160055469	0.932185937664048	176
0.0162786845119001	0.53920821418515	70
0.0190348506578899	0.544915109346076	36
-0.0941252568883599	1.76135143943449	69
-0.09938405670905	1.03333853475362	4
-0.10063488553457	0.891407279276786	4
0.09295541644799	1.53886203263133	1107
-0.0457114380921899	0.637895336485809	176
-0.0995778384061199	0.889012407320723	176
0.01397357803151	0.537392252900468	176
0.0161723758621699	0.544237689615947	176
-0.0931817114153499	1.16534323363968	199
0.01490470104039	0.537745634377048	69
-0.11073610940369	1.01496425994635	4
0.01743963238372	0.540452730302901	1107
-0.08147589305156	0.764582564829992	1107
0.01975493617444	0.545870640727711	637
0.0626422144080301	0.93698006254682	176
0.0168592953305899	0.54428495837387	176
0.01756816493844	0.542987717651751	185
0.0154845195617099	0.542796260351392	185
-0.05393080174446	0.632794280166225	176
-0.0935346723030701	1.15598202754134	69
0.0101142562512999	1.22256687125445	69
0.0134143323476601	1.22225635575358	4
-0.0886529204775299	0.752606509526887	151
0.02513213919906	1.08644355435958	151
-0.0931157438233301	0.899924880790701	1448
0.0138377758446	0.534091497274465	176
0.0154845195617099	0.542796260351392	176
0.01308374314385	0.535890023428446	176
-0.0730642608448899	2.22583180891119	189
-0.08452759774465	1.60528384253197	199
-0.0893561634206701	1.49172661039442	34
-0.04640641828962	0.637054562688572	34
-0.09195495020653	0.895709312364128	1107
-0.0506658751335201	0.636333257228447	1107
-0.0493676611643901	0.632827222194418	176
-0.08089782111419	1.61297821505751	133
-0.0884225497404501	1.97812305590908	133
0.10254316322015	1.96639416213682	133
0.0292896410533501	1.90820274964737	189
-0.0259994297121999	1.66017381662246	34
-0.0078744821933201	1.32613417526045	69
0.00323474009746993	1.21255162758614	4
-0.0477043223120699	0.639652981116402	1107
0.0640745708597199	0.956191544009692	26
-0.0509831792291999	0.637710715935114	176
0.0625602019825799	0.95132964250623	176
0.01917630288726	0.540777679389135	176
0.01397357803151	0.537392252900468	176
0.0204741108022499	0.545147475204001	77
0.00827263562187008	2.09237659108219	58
-0.0239860812737001	1.88807905819792	69
0.08701209439326	1.52863630797091	69
0.0330406452544201	1.09269760447163	141
-0.10330089496766	0.887159003544053	141
0.00217165726988999	1.20145115064628	1107
-0.0483074361458	0.638839204728787	176
0.01975493617444	0.545870640727711	176
0.0167523167875401	0.540402083497145	176
-0.05115139652879	2.06898274857492	69
0.01975493617444	0.545870640727711	69
-0.00383345457222006	1.56910846339324	4
0.0697103054505499	0.942889635393964	1107
-0.09261275940038	1.03365427969378	1107
0.0203333180210099	0.54202324251247	450
0.0168592953305899	0.54428495837387	306
-0.10207823747989	0.897324801181983	189
-0.04562028152275	0.642387146280789	69
-0.0906088252513899	1.29056896395168	69
0.06199049080879	0.944942653546949	307
-0.04797488769847	0.632272831562619	450
0.01165112175549	0.537068832662299	176
0.0154845195617099	0.542796260351392	1633
0.01886552791286	0.535490480232604	174
-0.01806436929751	1.43412021407583	199
0.06755580138134	0.958263141257217	69
-0.0821192648414699	0.756829845124227	69
0.0167523167875401	0.540402083497145	69
0.0161723758621699	0.544237689615947	69
0.0162786845119001	0.53920821418515	176
0.01479573066551	0.538668938865093	176
0.01490470104039	0.537745634377048	176
-0.00601338288486009	1.34722795704844	906
0.01165112175549	0.537068832662299	69
0.0203333180210099	0.54202324251247	69
-0.0823857184607699	0.761766971149281	69
0.0168592953305899	0.54428495837387	69
-0.11114827340586	1.00524829114964	1107
-0.04327698292268	0.6391572393067	1107
0.0161723758621699	0.544237689615947	176
0.0261612978257	0.52990480173014	176
0.0161723758621699	0.544237689615947	176
-0.09717439319383	1.0355942792855	69
-0.0936432183114	0.730247927405627	69
0.0117873782323199	0.536747860229229	176
0.0167523167875401	0.540402083497145	590
0.0190348506578899	0.544915109346076	174
-0.0477043223120699	0.639652981116402	69
-0.0917077501463801	1.04197767161721	69
0.0690729676335	0.955859355081219	69
0.06548627238012	0.9556735466623	69
-0.0831110690519701	0.76009667966413	1107
-0.0457114380921899	0.637895336485809	26
0.0204741108022499	0.545147475204001	191
-0.0397324157504499	0.634394339960475	82
-0.04396974080685	0.638883155209506	176
0.0155921614986601	0.539157585636164	176
0.00963510190600991	0.531218297878575	27
0.0161723758621699	0.544237689615947	176
0.0162786845119001	0.53920821418515	176
0.0161723758621699	0.544237689615947	176
0.01325706962839	0.533703095643589	36
0.11042643564342	1.40836273942169	69
0.000667606512730012	1.20352080738867	683
0.10526809748233	1.39412178859265	683
-0.10239063273037	1.03059300137816	307
-0.04492579871421	0.640673632282913	151
0.0155921614986601	0.539157585636164	1107
0.01975493617444	0.545870640727711	1107
0.00032723639934007	1.21363790023131	26
0.02105274438352	0.541318295208866	82
-0.07946841126297	0.76302039325433	176
0.02266608291252	0.541620945895909	176
0.0161723758621699	0.544237689615947	176
0.0196129811958301	0.541081832282185	176
0.01743963238372	0.540452730302901	40
-0.08083285000382	0.767243860948706	40
0.01831385834692	0.541122042884536	197
-0.05228369779265	0.63233625328554	332
-0.0421473045266101	2.24162835795197	199
-0.0802993265982801	1.61063790676057	691
-0.10308319290144	1.15140195027504	683
-0.05937588616305	0.619744262460837	1107
0.0639700003300301	0.953656604518687	1107
0.0155921614986601	0.539157585636164	1107
0.01455453758669	0.53778452095438	82
0.02396366620361	0.538033709670239	176
0.01479573066551	0.538668938865093	134
-0.0318165023521899	1.75389666409178	683
-0.0992405178854701	1.15332986511483	69
0.0280900087392	1.08536843916818	307
0.0689689840057	0.957011978488816	26
0.0167523167875401	0.540402083497145	26
0.0168592953305899	0.54428495837387	82
-0.08357835226746	0.758944917818951	82
0.0181771097803001	0.534607449452278	176
0.0161723758621699	0.544237689615947	176
0.0168592953305899	0.54428495837387	176
0.02266608291252	0.541620945895909	40
0.01889173800139	0.537357192494017	40
0.11863799574541	1.89978487333829	69
-0.09585133654339	1.27582133467416	683
-0.07745668361131	0.766750459185755	1107
0.0043669252452101	1.20301370622935	1107
0.0696235905804601	0.948863466437201	82
-0.05142851879735	0.623506630097385	82
0.0182873387192499	0.539218979362345	82
0.0161723758621699	0.544237689615947	1107
0.0160640649717001	0.538984141591235	26
0.01490470104039	0.537745634377048	82
-0.0907223939940001	0.741104331283851	82
0.0641789547334499	0.953063504166752	207
0.00728955797376996	0.527960472812998	207
0.0190348506578899	0.544915109346076	27
0.0138377758446	0.534091497274465	40
0.06613943500159	0.947514482992426	691
-0.11744855683558	1.97951124925646	69
-0.0633476517842899	0.608153278165465	1105
-0.0492735262322499	0.637822490018349	1107
-0.0433648892493399	0.639694896360902	1107
0.0162786845119001	0.53920821418515	1107
0.01831385834692	0.541122042884536	207
-0.10250241682257	1.03760429735732	27
0.0559382127941901	0.933544032843125	279
-0.0426718300423901	0.639969469410662	40
-0.0871976582899101	0.754243671473288	133
0.00558235692227993	1.21583124063642	906
0.12093165810121	1.4124966268006	961
-0.07753711936284	0.759034021176424	189
-0.0448360308058999	0.635433570889033	691
0.01455453758669	0.53778452095438	69
0.0203333180210099	0.54202324251247	69
0.0674734940117701	1.60911865290529	82
0.01698997561288	0.537947778137258	40
-0.0483074361458	0.638839204728787	36
-0.0962703167101	1.28871686167079	133
0.0862598752711501	1.530819884904	906
-0.0933338799788499	1.28279057175591	961
-0.08349414984239	0.755660293817295	961
-0.00348693918878995	1.46595315436941	199
-0.10227860818377	0.885210993136873	691
-0.04682859384942	0.635424564194832	691
-0.05332524598587	0.629468173493748	683
0.0221086622512201	2.02095796996117	683
-0.0492735262322499	0.637822490018349	683
-0.00303990907846008	1.34989466128029	26
0.01698997561288	0.537947778137258	26
-0.10207823747989	0.897324801181983	811
0.05812516769515	1.74906943347208	961
0.07492590920323	1.64557109683729	691
0.00434970986348993	1.34461266659329	691
-0.0987423929531299	1.2772669447681	683
0.0336103125579701	1.08606749917468	69
0.07297770148685	1.64261506121722	307
0.0196129811958301	0.541081832282185	1105
-0.09768525545284	0.900145307711401	1307
-0.0470095450950401	0.641888668435994	1107
-0.0491803599916301	0.636210756812847	1107
0.01490470104039	0.537745634377048	27
-0.08165986737022	0.762111691272482	279
0.01975493617444	0.545870640727711	40
0.0213678322020201	0.533497417953167	40
-0.1070762174067	2.18964848948659	189
-0.07745668361131	0.766750459185755	69
0.05578605555031	1.73766794322547	683
-0.10188996193047	1.15645106209055	683
-0.0856702088070001	0.754722209104207	26
0.0160640649717001	0.538984141591235	27
0.01490470104039	0.537745634377048	40
0.0722069348538099	0.947390772309902	78
-0.10493988136304	1.14692063754883	26
-0.04396974080685	0.638883155209506	456
-0.0780215049109301	0.765020106414244	26
0.01308374314385	0.535890023428446	26
0.01756816493844	0.542987717651751	82
0.02338433366604	0.541781692948465	811
0.01756816493844	0.542987717651751	27
0.02338433366604	0.541781692948465	1029
0.0190216549611399	0.531709670408578	40
0.00397498851806	1.2218752709884	69
-0.0919995325544101	1.27211589794257	69
0.0785703899688299	1.64364811296927	26
-0.0470095450950401	0.641888668435994	26
0.02369020123858	1.07270252068763	26
0.0161723758621699	0.544237689615947	26
-0.082281627233	0.764242630528896	26
0.02105274438352	0.541318295208866	176
0.01917630288726	0.540777679389135	176
0.0161723758621699	0.544237689615947	36
0.0497923238731399	2.44819194038845	906
-0.0098278179090201	1.57116395324304	199
-0.0212737657549	1.65843560754945	683
0.06613943500159	0.947514482992426	456
0.0196129811958301	0.541081832282185	27
-0.0506658751335201	0.636333257228447	1057
0.02252573787823	0.534709423362296	281
-0.0677756735872801	2.33900736935643	691
0.0619071859792599	0.947900200067382	683
0.06203671616718	1.60419440645443	26
-0.09570164591583	0.723389641417016	26
0.0190348506578899	0.544915109346076	82
0.0190348506578899	0.544915109346076	27
0.0168592953305899	0.54428495837387	176
0.0162786845119001	0.53920821418515	607
0.02061323287349	0.53678531969835	40
0.01018691402742	0.529517353540739	40
-0.0993067979544899	0.89695720862254	189
-0.0914935265946999	0.903805371903908	189
-0.06929307274394	2.13948406936788	683
-0.09774957118144	1.15548694731394	26
0.12490833503491	0.815240796241337	176
-0.10330089496766	0.887159003544053	189
-0.10149602930854	0.876195476142173	576
-0.0726783137198701	0.757810433457719	576
-0.0224886037566101	1.85447623325983	69
0.06228887547826	1.74750415841232	691
0.11440185270704	2.44022608462701	683
-0.0914935265946999	0.903805371903908	26
0.0255815169429101	0.533485273450427	279
0.0175951910126799	0.534219174150947	281
0.0190348506578899	0.544915109346076	55
0.0232451624152401	0.537871829171885	36
0.01490470104039	0.537745634377048	691
0.01176618425089	2.30931813233641	2
-0.0906813891851601	0.903504047467857	26
0.01479573066551	0.538668938865093	26
-0.0457114380921899	0.637895336485809	82
0.0161723758621699	0.544237689615947	82
0.0190348506578899	0.544915109346076	53
0.0232451624152401	0.537871829171885	82
0.0190348506578899	0.544915109346076	695
0.0155921614986601	0.539157585636164	695
0.0154845195617099	0.542796260351392	1585
-0.08019013539981	0.766650376923694	176
0.0154845195617099	0.542796260351392	1074
0.0190348506578899	0.544915109346076	36
-0.00728870023549	1.45518990179167	189
-0.0493676611643901	0.632827222194418	691
0.0625602019825799	0.95132964250623	2
0.11066186390582	1.41329571392025	26
-0.00225865782260004	1.18276001623556	456
-0.10454738407783	1.01589410964616	26
-0.10048933034293	0.88391885959125	82
0.0117873782323199	0.536747860229229	1057
-0.05196386226621	0.633000727166371	799
0.01421630737466	0.533710449660585	995
0.01165112175549	0.537068832662299	36
-0.0935625815371399	1.48617017661548	189
0.0161723758621699	0.544237689615947	576
0.00988107884037004	1.21916131060407	53
-0.0021451550784799	1.35196534967311	456
-0.0781007805498899	0.767339234571801	26
-0.04258433706985	0.637932746281535	26
-0.0486712312550199	0.633054125993341	82
0.0161723758621699	0.544237689615947	27
0.01490470104039	0.537745634377048	176
0.01598529392917	0.538019806190305	53
-0.10081876422054	1.55455379361693	53
0.00460372687872002	1.20961239626565	53
0.05857305194282	1.60097495589838	53
-0.10217982886128	1.03064244720423	69
-0.0797328377136	1.71703988366677	691
0.0277084407039301	1.09141578444048	26
0.01093344291291	0.535642330212435	82
0.0197800661288301	1.07420577176354	82
0.0154845195617099	0.542796260351392	82
-0.07818055430699	0.765077664932649	27
0.0181461032622099	0.539183097863299	176
0.01537488117125	0.53493154168956	176
0.01917630288726	0.540777679389135	107
0.01743963238372	0.540452730302901	60
-0.09298436541058	1.29130160840971	1050
-0.04501655574912	0.637553727866375	53
0.10401505898886	1.41208557482458	69
-0.0491803599916301	0.636210756812847	69
-0.0893826994743101	1.58744621658607	456
-0.10663836338852	1.01494522237745	82
-0.0199838708643001	1.43317502929859	82
0.0162786845119001	0.53920821418515	82
0.01917630288726	0.540777679389135	610
0.01527037832677	0.538718320722548	1057
0.0167523167875401	0.540402083497145	176
0.01743963238372	0.540452730302901	176
0.01756816493844	0.542987717651751	107
0.0168592953305899	0.54428495837387	36
0.06755580138134	0.958263141257217	53
0.0420634321344899	1.6936285011634	26
-0.08984598252889	1.39453138558135	456
0.00469430471933996	1.21402657459887	82
-0.0532355596148999	0.632006177878863	82
0.02338433366604	0.541781692948465	1115
-0.0420669648985399	0.635207115252654	279
-0.0815574920084801	0.766354960322135	176
0.01540382640416	0.537627465762491	176
0.01975493617444	0.545870640727711	176
0.0211923704346699	0.541772862671231	176
0.0203333180210099	0.54202324251247	1227
0.0550401632548201	1.70678497975001	26
-0.0492735262322499	0.637822490018349	82
-0.0463148642423401	0.642741413337426	82
0.0190348506578899	0.544915109346076	176
0.0162786845119001	0.53920821418515	176
0.01698997561288	0.537947778137258	176
0.02999578104865	1.0865497109901	189
0.01103877952299	1.22740960899436	576
0.00736018843891007	1.21547252463263	691
-0.0972110492082601	1.16128689024605	26
-0.0463148642423401	0.642741413337426	82
-0.07954735772952	0.762357586797109	82
0.02338433366604	0.541781692948465	176
0.0161723758621699	0.544237689615947	36
-0.0138233365524401	1.57323627681466	2
0.0785479418484001	1.64321566413119	78
0.10532597944014	1.39644754662673	26
-0.0937904510326599	1.47919081821933	26
-0.00181457047535005	1.20030950328957	82
-0.0195960786495999	1.56890755973654	82
0.0183088930826301	0.534379845327292	82
-0.08099785370975	0.757607531877404	82
0.0203333180210099	0.54202324251247	1116
0.01688055294059	0.531086795525651	36
-0.08813374836105	1.28705043464378	961
-0.09342955011306	1.28644120813355	691
-0.07398706100913	0.754878092268715	78
-0.01655916143918	1.56229955229536	26
-0.0463148642423401	0.642741413337426	26
-0.0417211794264101	0.628243207713881	900
0.0854304498287199	1.51427755967691	82
0.0160640649717001	0.538984141591235	60
0.03904255564231	1.94732143137599	78
0.06131956876377	1.75169357777028	78
-0.10763550616774	1.01883874780082	26
-0.0781007805498899	0.767339234571801	82
0.0641789547334499	0.953063504166752	82
0.01831385834692	0.541122042884536	82
0.0190348506578899	0.544915109346076	27
0.0154845195617099	0.542796260351392	27
0.0154845195617099	0.542796260351392	176
0.01165112175549	0.537068832662299	107
-0.10512830644865	2.46195690747474	1050
-0.0853335166332501	1.88487342834587	691
-0.01805684402439	1.6720257027141	691
0.10127910435572	1.39501830079944	78
-0.0251842931817601	1.77274990336641	26
-0.10121576344057	1.26606280413342	900
0.0334187028819299	1.09001461137433	82
-0.0919553421953301	0.877311531625442	82
0.05994763556792	0.949582770076549	176
-0.0470095450950401	0.641888668435994	36
-0.0910094668783601	1.49284929370044	26
-0.0508967327693699	0.632836530564084	26
0.0228047488676799	0.536808350878978	176
0.0168592953305899	0.54428495837387	176
-0.10126353916074	0.898338241817839	176
0.0188910673699201	0.534768207032846	176
0.0160640649717001	0.538984141591235	467
0.0161723758621699	0.544237689615947	60
0.0210842998880101	1.99801405143477	1050
0.06821047019765	0.957409308952987	691
-0.0965125932506801	1.03431449749451	26
0.11633009024579	1.41395034554266	26
-0.09291674742036	1.28142717586485	26
0.06538688307501	0.951006502325578	82
-0.04327698292268	0.6391572393067	176
0.02338433366604	0.541781692948465	176
0.0177357276282899	0.536130919552031	576
-0.0207555385462299	1.56313952852889	53
0.0624564565372301	0.945381539237587	691
-0.0956682330080501	1.16353131935455	2
-0.09453485373681	1.38287962109313	26
-0.0870317407782899	0.744449718882084	456
0.0724381450967	0.95424504956956	27
0.0607083783863101	0.951271858055937	176
0.0161723758621699	0.544237689615947	36
0.0103534357850401	0.53525164055728	12
-0.0457114380921899	0.637895336485809	82
0.01756816493844	0.542987717651751	82
-0.0492735262322499	0.637822490018349	82
0.0154845195617099	0.542796260351392	176
0.01527037832677	0.538718320722548	176
0.01975493617444	0.545870640727711	40
-0.08028954936138	1.81028718905937	1050
-0.0947935130175901	1.86892157013538	576
0.0607083783863101	0.951271858055937	576
-0.0553215607122901	0.631315317478869	78
0.00529138107617011	1.22107071306686	26
0.0155921614986601	0.539157585636164	26
-0.0963171100693501	1.16184231348015	26
-0.05273122370601	0.622884671783663	82
0.00164428739414002	1.21285488792842	27
0.05569608683395	0.934307539465503	176
-0.05126785976451	0.635525561920682	267
-0.07954774894096	0.760553941972236	176
0.0154845195617099	0.542796260351392	36
0.00988107884037004	1.21916131060407	1050
0.0538718727098599	0.919710988672335	576
-0.0982039849796399	1.25760794064497	78
-0.01947797826033	1.67457330051486	26
0.00903293344213996	1.2103746402876	26
0.0162786845119001	0.53920821418515	27
-0.0462242941403599	0.641567406860707	267
-0.05117450896808	0.630720463879523	19
-0.0477043223120699	0.639652981116402	53
-0.05471660360213	0.628002984173446	78
0.01455453758669	0.53778452095438	78
-0.04562028152275	0.642387146280789	78
0.02266608291252	0.541620945895909	26
-0.0850292058115301	0.757317858281469	26
-0.0477043223120699	0.639652981116402	82
0.02352182064093	0.534124517663747	176
0.0190348506578899	0.544915109346076	55
-0.10884514524925	1.02011329274832	189
0.0154845195617099	0.542796260351392	576
0.0249418799042001	1.08757509970285	576
-0.10290810204691	1.14172086685836	576
0.0168592953305899	0.54428495837387	691
-0.097928019159	1.23807844405886	26
0.00183280642555994	1.20045251202321	26
-0.00560873439729992	1.32948688667375	82
0.0211923704346699	0.541772862671231	82
0.01989522559169	0.540076308280599	176
0.02105274438352	0.541318295208866	176
-0.04682859384942	0.635424564194832	176
-0.0463148642423401	0.642741413337426	176
0.0161723758621699	0.544237689615947	537
-0.0354766265283999	1.82384946254598	1050
0.01308374314385	0.535890023428446	576
0.10669916003633	1.96967170663454	691
0.0666954735293701	0.953603793982105	691
0.0221707724511999	1.07507598081461	26
0.03123699569365	2.02960731196564	26
0.0306714210810199	1.08928601658109	26
0.0167523167875401	0.540402083497145	82
-0.0780215049109301	0.765020106414244	27
-0.08430403665788	0.758632433215401	267
0.0168592953305899	0.54428495837387	188
-0.0821192648414699	0.756829845124227	55
0.02468124509758	0.535337803971846	986
0.0168592953305899	0.54428495837387	36
0.0668908661290899	0.951446564554856	576
-0.08608707118464	0.745042871571538	576
0.02105274438352	0.541318295208866	691
-0.09578917368228	1.48335551743693	316
-0.08430403665788	0.758632433215401	27
-0.05393080174446	0.632794280166225	176
0.06635124594937	0.953018849518429	267
0.0167523167875401	0.540402083497145	55
-0.0427603251773501	0.634932765857965	55
-0.0482166579851799	0.634927621093398	176
0.01455453758669	0.53778452095438	12
-0.0788243181738499	0.765662979960371	189
-0.0503764846814101	0.634328594541525	576
0.0190348506578899	0.544915109346076	576
0.01892184217328	1.07433113074171	691
-0.0159461288930001	1.6751833498082	316
0.12499882231533	0.811180876527575	26
0.02266608291252	0.541620945895909	82
0.0168592953305899	0.54428495837387	82
0.01917630288726	0.540777679389135	176
-0.04501655574912	0.637553727866375	449
0.0196129811958301	0.541081832282185	176
0.01975493617444	0.545870640727711	19
-0.0113353014545501	1.58157636697773	691
-0.04301655692868	2.11548644572706	78
-0.05006417571142	0.631584306445599	82
0.06689886448404	0.94654175603209	82
0.000626293067490069	1.19707021785952	2
0.01743963238372	0.540452730302901	2
0.02338433366604	0.541781692948465	598
0.0167523167875401	0.540402083497145	176
0.12234300942605	1.90931341064227	691
-0.0491803599916301	0.636210756812847	78
0.000334813485119989	1.32850210265629	26
-0.0954226781309699	1.16112013097952	26
0.0161723758621699	0.544237689615947	26
-0.04405805837288	0.637903120769397	2
-0.0498761069159299	0.637011626058876	176
0.02266608291252	0.541620945895909	176
-0.10259656551753	0.8864350800745	176
0.0155921614986601	0.539157585636164	36
0.01989522559169	0.540076308280599	12
0.01611755808821	0.53435345678732	332
0.0304703339830501	1.0913667331208	26
-0.0410298864527401	0.632399067973208	26
-0.08059423657037	1.82231003449136	189
0.08401249732788	2.06833266352494	189
-0.0105772518229399	1.56425157989235	189
-0.0457114380921899	0.637895336485809	26
0.00701966431706991	1.21810076035263	220
-0.05393080174446	0.632794280166225	26
-0.0780215049109301	0.765020106414244	2
-0.0944898700638499	1.04295066809577	2
0.0190348506578899	0.544915109346076	176
-0.0426718300423901	0.639969469410662	55
0.06209723498437	0.945529131716135	55
-0.04900200892959	0.633794660707511	176
0.0190348506578899	0.544915109346076	221
0.0190348506578899	0.544915109346076	18
-0.0904953517754401	1.16488203863803	327
0.00696618396329995	1.22077992469924	26
0.0298051243947	1.0897980600907	26
0.01989522559169	0.540076308280599	27
0.01917630288726	0.540777679389135	27
-0.0505719407454299	0.636785891476019	176
0.0168592953305899	0.54428495837387	176
0.0168592953305899	0.54428495837387	433
-0.00690576149345001	1.34300092563185	53
-0.01086072340134	1.5690987750457	327
0.0203333180210099	0.54202324251247	26
-0.0972110492082601	1.16128689024605	26
0.01845646886772	0.539839872432159	2
0.0154845195617099	0.542796260351392	598
0.03046999337429	1.08532746953336	176
0.02177125617762	0.538012470948251	176
0.01917630288726	0.540777679389135	176
0.01107086258891	0.536676705386976	19
0.0204741108022499	0.545147475204001	36
0.0154845195617099	0.542796260351392	1078
-0.04388242378799	0.633096218620687	117
0.01845646886772	0.539839872432159	598
-0.08502720835852	0.754686966994697	176
0.01540382640416	0.537627465762491	759
0.07531418806381	2.17189429049667	2
0.03702877113291	1.08822134596522	26
-0.10201155622121	0.88775531154448	27
0.0154845195617099	0.542796260351392	1078
0.00963510190600991	0.531218297878575	176
-0.0800257541057301	0.762871156762501	188
0.01756816493844	0.542987717651751	176
0.01688055294059	0.531086795525651	176
-0.04396974080685	0.638883155209506	19
0.01698997561288	0.537947778137258	36
0.01421630737466	0.533710449660585	12
0.0650700241367601	1.64004427969746	189
-0.0419788825848799	0.638741950915108	576
0.0282824125672001	1.08973653479032	691
-0.04562028152275	0.642387146280789	267
-0.0486712312550199	0.633054125993341	176
0.02177125617762	0.538012470948251	176
0.0167523167875401	0.540402083497145	176
-0.09982469289405	0.893579402389535	176
0.0161723758621699	0.544237689615947	176
0.0168592953305899	0.54428495837387	1462
-0.07902916385422	0.759470728875728	327
-0.0498761069159299	0.637011626058876	327
0.11393881426117	1.3866635459222	78
0.01479573066551	0.538668938865093	316
-0.00308469457766991	1.34569764289983	316
0.11173565783381	1.40110241268318	26
0.0218877872588401	1.08360130364628	220
0.0168592953305899	0.54428495837387	2
-0.10485898965503	1.12892615462662	27
0.0641789547334499	0.953063504166752	176
0.0635289967127799	0.952272067035113	176
-0.10305095501124	1.0277583640741	176
0.0203333180210099	0.54202324251247	176
0.03255335267266	1.93163219201862	164
-0.09581045795784	1.03660489889157	164
-0.05006417571142	0.631584306445599	327
0.07245330872711	0.932794471420145	327
-0.0476129582446101	0.641069787889058	78
0.0220867513388401	0.536646686143017	267
0.06026621249554	0.936449536772201	176
0.0196129811958301	0.541081832282185	176
-0.0944729533472199	0.891981087889264	189
0.0581259984146101	0.930915280573532	576
-0.082281627233	0.764242630528896	327
-0.09948192873132	0.891102297049255	78
-0.10559526166953	0.88584147677072	27
-0.08430403665788	0.758632433215401	176
0.0167523167875401	0.540402083497145	12
-0.10655640394129	0.87884720137385	576
-0.1004252990568	1.15204183415504	691
0.01490470104039	0.537745634377048	78
-0.04640641828962	0.637054562688572	78
-0.02424255276154	2.29668538158383	26
0.11378512999785	2.01563925737992	26
-0.02843573216686	1.76938138930217	220
-0.08221048320595	0.757686930782938	176
0.01107086258891	0.536676705386976	176
0.0228047488676799	0.536808350878978	176
0.0216955786662101	1.0869333326266	26
-0.00232264681729011	1.57754953165198	231
0.0190348506578899	0.544915109346076	26
-0.05136217524771	0.633802666431708	27
-0.05523168060494	0.628095097032684	176
0.0155921614986601	0.539157585636164	176
-0.0815574920084801	0.766354960322135	53
-0.01646557242027	1.68717088460133	164
-0.10101190182342	0.891289820919653	78
-0.10188996193047	1.15645106209055	26
0.10062296960279	1.39311415182423	26
0.02255089462211	1.06685816652789	231
0.02338433366604	0.541781692948465	674
0.0686903268486601	1.64907967233121	26
0.0154845195617099	0.542796260351392	1101
0.0168592953305899	0.54428495837387	1501
0.0285641597926001	1.09259064906769	700
0.0232451624152401	0.537871829171885	53
0.0627495568601399	0.944702982683786	316
-0.10011693084586	1.25587615570949	26
0.0115534711765699	1.22262082264808	26
0.01093344291291	0.535642330212435	231
0.0137591868738101	1.22501613518591	26
-0.0463148642423401	0.642741413337426	1101
0.0161723758621699	0.544237689615947	1101
-0.0485774808672801	0.637019575202958	27
-0.0872813299942501	0.748972715026177	27
0.0264051431657499	1.07666328611605	176
-0.08292400562583	0.761600882219431	19
0.01490470104039	0.537745634377048	36
0.07126820942378	1.65178523518133	691
0.0572166805177501	0.939944022153624	26
0.01308374314385	0.535890023428446	26
0.11358396823153	1.41118250845239	220
-0.04562028152275	0.642387146280789	220
0.10116436644669	1.37659210436187	26
-0.07530577732929	0.762432943339837	176
0.01756816493844	0.542987717651751	176
0.01698997561288	0.537947778137258	176
0.0177088983359499	0.534271641364828	176
-0.0958449760665201	1.17178100982113	700
-0.07639354242166	2.21646093247417	700
-0.09476524467586	1.28949833165914	164
-0.05076077318963	0.629099461365254	327
0.0160640649717001	0.538984141591235	327
-0.0913469467477399	0.902198251255936	26
0.05135846261877	1.72332192686739	220
0.0190348506578899	0.544915109346076	231
0.02084061065619	1.06832705160136	26
0.0190348506578899	0.544915109346076	592
0.10181087610758	1.40212110463244	2
-0.0491803599916301	0.636210756812847	27
-0.0760074482983699	0.766088544110052	176
0.0228047488676799	0.536808350878978	176
-0.0463148642423401	0.642741413337426	31
-0.08040943743489	2.18947416392052	2
0.01598529392917	0.538019806190305	78
0.0168592953305899	0.54428495837387	1101
0.0190348506578899	0.544915109346076	2
0.0666954735293701	0.953603793982105	2
-0.04396974080685	0.638883155209506	27
0.01756816493844	0.542987717651751	27
0.01889173800139	0.537357192494017	267
0.0181461032622099	0.539183097863299	36
0.02118827933117	1.06965252407107	674
-0.0486712312550199	0.633054125993341	2
-0.0553215607122901	0.631315317478869	176
0.0620091463596	0.924933586243934	176
0.0167523167875401	0.540402083497145	176
0.0167523167875401	0.540402083497145	1719
-0.0909581698245701	1.15468832713047	164
0.0311352419698301	1.08906593626681	53
-0.0900612965053	1.39362931498964	164
0.01975493617444	0.545870640727711	231
0.0167523167875401	0.540402083497145	231
0.0168592953305899	0.54428495837387	674
-0.0949701519244801	1.15847352729842	26
0.0103534357850401	0.53525164055728	176
-0.0815574920084801	0.766354960322135	408
0.0155921614986601	0.539157585636164	408
0.01975493617444	0.545870640727711	176
0.0161723758621699	0.544237689615947	31
0.0228047488676799	0.536808350878978	36
0.01537488117125	0.53493154168956	36
-0.0823635369409901	0.760004848477596	164
-0.0996134668454001	1.03566378816892	2
0.0168592953305899	0.54428495837387	231
-0.05028944736668	0.637365369720368	1101
-0.10577569495534	1.01544682798066	2
-0.05254041139037	0.62999535721359	558
0.0168592953305899	0.54428495837387	176
-0.04562028152275	0.642387146280789	2
0.0161723758621699	0.544237689615947	176
0.01455453758669	0.53778452095438	176
-0.0506658751335201	0.636333257228447	408
-0.0948434409873	0.902171625253259	53
-0.08326555126147	1.70363427073681	2
-0.05523168060494	0.628095097032684	26
-0.08019013539981	0.766650376923694	1101
0.01756816493844	0.542987717651751	2
0.0168592953305899	0.54428495837387	558
0.01975493617444	0.545870640727711	176
-0.0509831792291999	0.637710715935114	176
0.0160640649717001	0.538984141591235	177
-0.09036203000091	1.17092931270478	164
-0.09759829398663	1.16266950600894	327
-0.10293545408452	1.00066961418746	26
-0.00727851026063009	1.46575987969793	26
-0.0168047899972701	1.57666782465302	26
-0.05142851879735	0.623506630097385	2
-0.04743667775273	0.631449389368013	176
0.02105274438352	0.541318295208866	36
0.0168592953305899	0.54428495837387	36
0.01845646886772	0.539839872432159	352
-0.0987917699017999	1.38112762007654	164
-0.12351222206842	1.87078571596474	2
0.01756816493844	0.542987717651751	231
-0.08430403665788	0.758632433215401	1101
0.0232451624152401	0.537871829171885	2
0.0154845195617099	0.542796260351392	558
0.01165112175549	0.537068832662299	176
0.01490470104039	0.537745634377048	176
0.0160640649717001	0.538984141591235	1444
-0.04691857698645	0.641920679502866	36
-0.0924369393461999	1.48454003235881	164
-0.0420669648985399	0.635207115252654	2
-0.0883679850720001	1.61155459969153	443
-0.10252812558198	0.883746237409503	26
-0.07745668361131	0.766750459185755	26
-0.0794646545378499	0.766397244950294	318
0.0168592953305899	0.54428495837387	2
0.0223617797058999	1.08606015283162	2
0.0188910673699201	0.534768207032846	176
0.0103534357850401	0.53525164055728	36
-0.04418720472448	2.21884487648804	53
-0.0828282743656801	1.39436877217219	691
0.0627684876663399	0.951162722774393	327
0.0702659978294	0.956089834963169	2
0.01490470104039	0.537745634377048	26
0.02942050349848	1.09229156402425	2
0.01308374314385	0.535890023428446	558
0.0155921614986601	0.539157585636164	19
-0.0433648892493399	0.639694896360902	36
0.0285641597926001	1.09259064906769	2
0.10578666287177	1.97104612206919	26
0.0633170453669001	0.954508271065577	26
0.04205035352346	1.84350150025012	2
0.0621329257516099	1.62018572417155	443
0.02338433366604	0.541781692948465	26
-0.0860087039269	0.897873082485812	2
-0.0455301114844899	0.639858086191069	2
-0.05167701496459	0.636864411149424	2
0.0160640649717001	0.538984141591235	176
0.01975493617444	0.545870640727711	176
0.0211923704346699	0.541772862671231	176
0.0155921614986601	0.539157585636164	176
-0.05228369779265	0.63233625328554	1163
0.0162786845119001	0.53920821418515	36
0.0204741108022499	0.545147475204001	36
0.11358396823153	1.41118250845239	318
-0.09722242796115	0.889162498419402	2
-0.10282449253735	1.02451318611525	2
0.0154845195617099	0.542796260351392	2
0.01421630737466	0.533710449660585	144
-0.0421171876767401	0.61563232557099	176
0.01975493617444	0.545870640727711	1163
0.0155921614986601	0.539157585636164	31
0.0168592953305899	0.54428495837387	36
0.0168592953305899	0.54428495837387	343
0.01468916500227	0.538325141136017	1174
0.01889173800139	0.537357192494017	144
-0.10061308419172	1.02927927031745	150
-0.000920847111149925	1.20350399639368	176
0.0203333180210099	0.54202324251247	176
0.0103534357850401	0.53525164055728	176
-0.12243163003801	1.87520304572728	700
-0.09751225562734	1.26980259359258	164
0.06209723498437	0.945529131716135	2
-0.08677780791291	1.60885224038131	318
0.06538688307501	0.951006502325578	2
0.0639700003300301	0.953656604518687	2
0.0155921614986601	0.539157585636164	176
-0.0462242941403599	0.641567406860707	31
0.0637582525865099	0.943795455727091	176
0.0161723758621699	0.544237689615947	12
-0.0836630294476399	0.758057578191565	164
-0.0472690531126701	0.629395020462524	26
0.0168592953305899	0.54428495837387	2
-0.08357835226746	0.758944917818951	2
0.0677534672082001	0.949299839638784	176
0.05561659994504	0.91478601314005	1219
0.0190348506578899	0.544915109346076	176
-0.05117450896808	0.630720463879523	110
0.0204741108022499	0.545147475204001	392
-0.08083285000382	0.767243860948706	164
-0.0489108363206401	0.632744433612145	327
-0.04327698292268	0.6391572393067	26
0.0154845195617099	0.542796260351392	26
0.0160640649717001	0.538984141591235	1174
0.0573227804516001	0.939711075862033	2
-0.05167701496459	0.636864411149424	176
-0.04996965822613	0.637596386975515	110
0.0181461032622099	0.539183097863299	36
-0.07753711936284	0.759034021176424	164
-0.000604537177149922	1.35615754801193	164
0.00397498851806	1.2218752709884	327
-0.10086618542664	1.54903038105991	327
-0.0854614210653599	1.59252399296041	327
0.0119332940966399	1.23062162608476	26
-0.0960522820104	1.02947657247641	1174
-0.08083285000382	0.767243860948706	36
0.0155921614986601	0.539157585636164	36
0.0338986653128699	1.08963538095557	164
0.01975493617444	0.545870640727711	318
0.06146981089059	0.951624742758309	1174
0.0680972822521899	0.946324175713564	1174
-0.04996965822613	0.637596386975515	36
0.09301609323885	2.11481229422481	164
-0.0788243181738499	0.765662979960371	2
0.0161723758621699	0.544237689615947	176
-0.05462613602528	0.632566622139147	1131
-0.0492735262322499	0.637822490018349	31
0.0161723758621699	0.544237689615947	169
-0.08083285000382	0.767243860948706	2
-0.0462242941403599	0.641567406860707	176
0.01743963238372	0.540452730302901	182
0.0212244348896	1.07315539314047	110
-0.0814856853811501	1.79725054518513	1272
-0.08591414597545	0.759513342303284	26
0.11155302909506	1.416374845946	318
0.0204741108022499	0.545147475204001	2
0.02050544572007	0.526330926909795	31
0.0168592953305899	0.54428495837387	31
-0.0463148642423401	0.642741413337426	898
0.01397357803151	0.537392252900468	176
-0.04501655574912	0.637553727866375	176
-0.10950680025395	1.01536880865197	241
-0.0712345997256201	0.76048220070743	26
0.0190348506578899	0.544915109346076	2
0.02396366620361	0.538033709670239	176
0.0161723758621699	0.544237689615947	110
0.0154845195617099	0.542796260351392	36
0.09836677085967	1.96966719850194	700
-0.09995321537619	1.02946128983976	72
-0.0896196462088601	1.29277170292794	2
0.0666954735293701	0.953603793982105	241
-0.0294590949054701	1.87465115731136	2
0.0161723758621699	0.544237689615947	110
-0.08083285000382	0.767243860948706	110
-0.0881070319983199	1.16684105102223	169
0.0181461032622099	0.539183097863299	36
0.0603683392486401	0.930546662963627	700
0.0195879569049799	1.07349002993286	700
0.0583101274954301	0.933864106384997	72
-0.0789642153380199	0.740607123554233	691
-0.0579861000758399	0.621178193459724	241
0.0196129811958301	0.541081832282185	2
0.0203333180210099	0.54202324251247	26
0.0161723758621699	0.544237689615947	2
0.01743963238372	0.540452730302901	318
-0.0851072789698	0.761563662136057	2
-0.0492735262322499	0.637822490018349	31
0.0183088930826301	0.534379845327292	352
0.10017598755292	1.99154684115575	1556
0.0620086622546301	0.948463282421974	26
0.00836855401887005	1.35248799120601	2
0.0190348506578899	0.544915109346076	31
0.0103534357850401	0.53525164055728	182
0.0167523167875401	0.540402083497145	110
-0.0865597417505399	0.758571258900644	241
-0.10167146571573	1.1600776091759	2
0.02646186589748	1.08571297739345	2
-0.05126785976451	0.635525561920682	898
0.06299474738575	0.948175838216606	176
0.02684995896773	1.09092498383551	110
0.02190281796733	1.07576114581281	110
0.0167523167875401	0.540402083497145	36
0.0947017414637099	1.53796683458406	241
-0.08998685406641	1.48967432546977	26
-0.0908050948409	1.28509525583373	2
0.0161723758621699	0.544237689615947	176
0.01975493617444	0.545870640727711	110
-0.0903937504971399	1.03694366241447	31
0.02338433366604	0.541781692948465	169
-0.0796782037010799	0.758532398310288	31
-0.10167146571573	1.1600776091759	700
-0.0470095450950401	0.641888668435994	72
-0.0788219362028499	0.760313564527051	241
0.0160640649717001	0.538984141591235	241
0.0131023665958301	1.22489227151765	26
-0.09565497292832	0.901752607713464	26
-0.0483074361458	0.638839204728787	880
-0.04743667775273	0.631449389368013	880
0.02105274438352	0.541318295208866	880
-0.0977551152467	0.901800229342788	880
-0.05254041139037	0.62999535721359	880
0.0190348506578899	0.544915109346076	150
-0.0554124158712901	0.625532987289044	31
-0.0760074482983699	0.766088544110052	729
-0.0812601574284999	1.72604374108964	72
-0.09810552253472	1.36392289669366	72
-0.0894582774338999	1.29570163260705	691
0.0204741108022499	0.545147475204001	691
-0.1064720126517	1.13523248802095	241
-0.01051253559252	1.45393351766547	880
-0.09861574563234	0.88304829982966	150
0.00610025458859997	1.1933176485516	2
0.00729410181215995	1.21600452543211	2
0.0162786845119001	0.53920821418515	36
0.01455453758669	0.53778452095438	36
0.01698997561288	0.537947778137258	12
0.0204741108022499	0.545147475204001	12
0.00160402414562011	1.20267864987313	26
-0.0579861000758399	0.621178193459724	150
-0.0916636764174299	1.39873583842181	150
0.0154845195617099	0.542796260351392	150
-0.0842200179404999	0.756340502945969	176
0.01490470104039	0.537745634377048	12
0.0154845195617099	0.542796260351392	729
0.0220731298416501	1.88703635650343	700
0.04600532071657	1.72129848947987	164
-0.0981044959470101	1.15945476684471	691
-0.0972759712671001	0.896841127148762	880
0.01975493617444	0.545870640727711	150
-0.09749680289701	1.03460051857628	150
0.0161723758621699	0.544237689615947	150
0.01165112175549	0.537068832662299	176
0.0167523167875401	0.540402083497145	176
0.02105274438352	0.541318295208866	110
0.06199049080879	0.944942653546949	110
-0.04503417616661	0.625256294414178	36
-0.0470095450950401	0.641888668435994	12
0.06679823436494	0.95715916082957	72
0.0238157545664699	1.07019120998708	72
-0.0871664049239	1.47728580045059	53
0.10135712657908	1.38352670527855	241
-0.0864800245285999	0.754035293987812	880
0.0196129811958301	0.541081832282185	150
0.0605803288210001	0.944850360706759	150
0.06299474738575	0.948175838216606	2
0.0154845195617099	0.542796260351392	150
0.0620091463596	0.924933586243934	31
0.01975493617444	0.545870640727711	182
0.0203333180210099	0.54202324251247	110
0.06755580138134	0.958263141257217	352
-0.10144438775239	0.887882721913218	352
-0.09581045795784	1.03660489889157	2
0.02210578445957	1.07372353045172	161
-0.0433648892493399	0.639694896360902	176
0.0154845195617099	0.542796260351392	176
-0.0493676611643901	0.632827222194418	370
0.0123781340753599	0.522560548527508	182
0.0647129092510901	0.943916959319385	21
0.01975493617444	0.545870640727711	36
0.0161723758621699	0.544237689615947	36
0.01490470104039	0.537745634377048	352
-0.0869579468138	1.61488283066272	72
-0.0906827340743499	1.59690619671023	241
-0.08674745521029	1.79651836280119	241
-0.08771032066788	1.51424999078169	2
-0.00605920769795998	1.34215169133564	2
0.10919968398487	1.41589364601764	161
-0.0470095450950401	0.641888668435994	150
-0.0713094813728701	0.759539007573217	898
0.0167523167875401	0.540402083497145	176
0.01743963238372	0.540452730302901	176
0.0162786845119001	0.53920821418515	370
-0.08430403665788	0.758632433215401	31
-0.05126785976451	0.635525561920682	110
-0.0477043223120699	0.639652981116402	110
0.01975493617444	0.545870640727711	36
0.0161723758621699	0.544237689615947	36
-0.04381529122724	0.626385661600654	12
0.01527037832677	0.538718320722548	352
-0.00646887518793005	1.47006870890042	700
-0.0223511181438201	1.53794241750375	53
0.08112205445858	1.52334075387255	72
-0.10034740430419	1.1433011445196	72
0.00875430897775997	1.22336311998392	691
0.0669008006860701	0.95479426227705	241
-0.08566271172656	1.16961556869658	2
-0.03480889689251	1.95696794289547	2
-0.10053793012973	0.887508407591639	880
0.00127654505932995	1.34324415652899	150
-0.01553340162218	1.56768839836894	31
0.0162786845119001	0.53920821418515	176
0.0204741108022499	0.545147475204001	176
-0.04396974080685	0.638883155209506	110
-0.1007188973393	0.887693693711363	21
0.07657949001346	1.62285601211839	164
0.0347746583875601	2.04456373485618	164
0.000979787963909962	1.3543235454113	72
-0.08504316315376	1.60584879510233	691
-0.10494687408885	1.02765836474708	241
-0.09277220159128	0.899509732598326	2
-0.0505719407454299	0.636785891476019	880
-0.09640765201426	1.03201205667849	880
0.0214291185247499	2.1309513314683	880
-0.08933918180087	0.896699437850154	161
-0.0925532383616301	0.900235994067475	110
-0.04033871574825	0.633596936725824	110
0.0168592953305899	0.54428495837387	110
0.00416708309053004	1.20014669136442	21
-0.0851878370027099	0.761618284346843	352
0.02513213919906	1.08644355435958	150
0.0204741108022499	0.545147475204001	31
0.0168592953305899	0.54428495837387	176
0.01598529392917	0.538019806190305	36
-0.04996965822613	0.637596386975515	36
-0.08165986737022	0.762111691272482	12
0.0350319053322501	1.92783325808467	164
0.0174622166232601	0.531471816186793	110
-0.0483074361458	0.638839204728787	110
-0.07938204603407	0.765515157579039	36
-0.0760074482983699	0.766088544110052	691
0.01233844605302	2.11050872341506	691
0.0221696348874201	1.07556777748032	116
0.0155921614986601	0.539157585636164	398
0.0173978226843201	1.06956718154224	150
-0.0486712312550199	0.633054125993341	31
-0.05393080174446	0.632794280166225	31
-0.04710149457289	0.634858978605398	21
0.06613943500159	0.947514482992426	164
0.0632128877	0.950486227876043	164
-0.01513333450362	1.57906437706621	164
0.06047442363152	0.941895404013317	691
0.0161723758621699	0.544237689615947	2
-0.0476129582446101	0.641069787889058	31
-0.0897383367778699	1.29042279917711	150
-0.0508967327693699	0.632836530564084	31
0.0155921614986601	0.539157585636164	12
0.01479573066551	0.538668938865093	164
-0.0976906073616699	1.36283801706843	72
-0.0877760640237499	1.46939402781581	2
0.01308374314385	0.535890023428446	2
0.01468916500227	0.538325141136017	2
0.0103534357850401	0.53525164055728	150
0.01831385834692	0.541122042884536	31
0.0672617373389399	1.62963326546625	1445
-0.0964736596271401	1.25766646380764	150
-0.04562028152275	0.642387146280789	176
0.0161723758621699	0.544237689615947	150
0.01975493617444	0.545870640727711	352
-0.09882712359948	1.04072093862561	2
0.0168592953305899	0.54428495837387	398
-0.08083285000382	0.767243860948706	161
0.01468916500227	0.538325141136017	161
0.0188910673699201	0.534768207032846	161
0.0161723758621699	0.544237689615947	2
0.0605803288210001	0.944850360706759	150
-0.0457114380921899	0.637895336485809	31
-0.09580121063709	0.901329001713449	150
0.0167523167875401	0.540402083497145	150
0.00586409994295001	0.52650531690738	1037
-0.10493005370323	0.885251287549859	164
-0.04562028152275	0.642387146280789	164
-0.10173059699896	1.03077350038259	150
-0.09223053700539	0.731602514422586	161
0.0232451624152401	0.537871829171885	150
0.0232451624152401	0.537871829171885	31
0.06199049080879	0.944942653546949	36
-0.0482166579851799	0.634927621093398	31
0.0382143417991301	1.827952497925	164
-0.0818167735795201	0.756010013259011	691
-0.09392582535737	0.895241355141106	116
-0.11319194543814	0.999012038435324	116
-0.0801077013128599	0.766988342617137	150
0.0181461032622099	0.539183097863299	1271
0.0201709953240501	1.08135255195209	150
0.0161723758621699	0.544237689615947	352
-0.00431986791834005	1.45389105579897	164
-0.101200493953	2.47858274246605	2
-0.10416239420709	1.02631235136174	150
-0.00549802109941	1.31740245221896	158
0.0625602019825799	0.95132964250623	12
-0.0996469856101201	1.15208527740964	164
-0.01994117095907	2.0559124525988	164
-0.00850061570919003	1.45713439242213	164
-0.0829370139663701	0.758370702367583	150
0.00801728434981008	1.21187361060137	150
0.0206676777864301	1.07252297464375	150
-0.0152189217263301	1.45323686637275	150
-0.00456141907131991	1.33459062133593	150
0.0232451624152401	0.537871829171885	31
0.01397357803151	0.537392252900468	36
0.0160640649717001	0.538984141591235	12
0.0162786845119001	0.53920821418515	512
0.11274530522684	1.40824291885635	164
-0.08357835226746	0.758944917818951	1445
0.01756816493844	0.542987717651751	398
0.0701647033444599	0.953131840001307	150
-0.05167701496459	0.636864411149424	150
0.01831385834692	0.541122042884536	876
0.0190348506578899	0.544915109346076	876
-0.0801077013128599	0.766988342617137	36
0.0161723758621699	0.544237689615947	12
0.0270366451556501	1.08609503681617	691
0.02252573787823	0.534709423362296	398
0.0161723758621699	0.544237689615947	161
0.01743963238372	0.540452730302901	161
-0.09571533555858	1.03565619610699	150
0.0232451624152401	0.537871829171885	150
-0.0828432418026399	0.755960289560408	110
-0.04396974080685	0.638883155209506	21
0.0160640649717001	0.538984141591235	31
0.0154845195617099	0.542796260351392	12
0.0162786845119001	0.53920821418515	352
-0.04640641828962	0.637054562688572	164
-0.00145544904082007	1.34211124202016	72
-0.0374159490794901	1.72399524242913	116
-0.10582117124782	1.1368053457847	1445
0.05992821471972	0.941466866394877	150
-0.0993959113087799	1.0368647271411	161
0.01527037832677	0.538718320722548	110
0.06199049080879	0.944942653546949	110
0.0330406452544201	1.09269760447163	371
0.0592757706703	0.931506933468931	371
-0.0446626088892299	0.637095415580339	371
-0.0830223490178199	0.752108104512257	691
-0.0957629589470601	1.28176654417557	116
-0.10577569495534	1.01544682798066	398
0.0595027848288501	0.93923452314785	398
-0.10310339968531	1.158271288084	150
0.0161723758621699	0.544237689615947	161
-0.0753824857930301	0.763937852920537	150
-0.0831689035058501	0.747176575414981	150
-0.0830223490178199	0.752108104512257	150
0.0204741108022499	0.545147475204001	31
0.0190348506578899	0.544915109346076	371
-0.08147589305156	0.764582564829992	12
-0.07745668361131	0.766750459185755	164
0.01531551101429	1.19317463865536	164
-0.10782375126555	0.866357173825378	116
0.01093344291291	0.535642330212435	150
-0.0430440840892601	2.12911892686893	150
-0.0560170740692501	0.62881285473584	150
0.0655916705567501	0.955518632560082	110
0.0196129811958301	0.541081832282185	371
0.0196129811958301	0.541081832282185	680
0.01756816493844	0.542987717651751	352
-0.10999948071315	0.856179028501344	53
-0.0486712312550199	0.633054125993341	691
0.0229396196362901	1.08435539254525	691
0.00657729164675991	0.52788537318607	691
0.0160640649717001	0.538984141591235	2
0.01917630288726	0.540777679389135	398
-0.0132613008363001	1.45603301714671	150
0.02177125617762	0.538012470948251	161
-0.0483991941332	0.634596762474708	150
-0.10493005370323	0.885251287549859	150
0.01165112175549	0.537068832662299	691
0.00701966431706991	1.21810076035263	691
-0.05006417571142	0.631584306445599	116
0.0161723758621699	0.544237689615947	150
0.01845646886772	0.539839872432159	161
0.01107086258891	0.536676705386976	161
-0.05006417571142	0.631584306445599	161
-0.05136217524771	0.633802666431708	161
0.0182873387192499	0.539218979362345	150
-0.08575387110047	0.754914602154675	150
0.0289469993706499	1.08356905291163	150
-0.10109788604939	1.25992620732985	150
-0.0939238431423199	1.0342339093256	150
0.00226211636062001	1.2059992411269	150
-0.0462242941403599	0.641567406860707	246
0.0160640649717001	0.538984141591235	110
-0.05136217524771	0.633802666431708	110
0.0155921614986601	0.539157585636164	110
0.0162786845119001	0.53920821418515	138
-0.0987358620934999	1.02827625038253	164
-0.1048538939995	1.03081246017916	164
0.00456577275579995	1.35639841384149	150
0.01107086258891	0.536676705386976	150
-0.0985098682063701	1.14979243400651	150
0.0662454678086699	0.944578335310936	150
0.01975493617444	0.545870640727711	256
0.01975493617444	0.545870640727711	138
-0.0993849025023099	0.899604349238648	116
-0.09995274656036	1.03817767067465	116
-0.0831889385217199	0.757752776518898	116
-0.04996965822613	0.637596386975515	150
0.06155054909132	0.930794713260409	2
-0.10607316375904	1.13938207575955	150
0.00000915877436002965	1.20594943486869	150
-0.0887263127169	0.749758813422465	150
0.02338433366604	0.541781692948465	876
-0.0288257056966099	1.76455795532106	164
-0.05126785976451	0.635525561920682	691
-0.0844610184505801	0.762511779129137	691
0.05283937552422	1.74346438182641	2
-0.01191467174623	1.56604019995274	116
-0.04996965822613	0.637596386975515	116
-0.04752257657169	0.635763847257323	161
0.01917630288726	0.540777679389135	150
0.02789905284561	1.09101568602445	150
0.0282824125672001	1.08973653479032	150
-0.04996965822613	0.637596386975515	110
0.01093344291291	0.535642330212435	110
0.0181461032622099	0.539183097863299	371
0.0116962555774101	1.22489899064426	164
-0.10053793012973	0.887508407591639	116
-0.0509831792291999	0.637710715935114	150
-0.0913069315388499	1.39205566936432	158
-0.10640498902516	1.0304371743164	150
0.0669578818592	1.61656262714373	150
0.06875292268656	0.949719289763557	246
0.01698997561288	0.537947778137258	21
0.0168592953305899	0.54428495837387	21
-0.04788152385518	0.63497806808093	371
0.01917630288726	0.540777679389135	12
0.05131518282305	1.73133921069655	164
-0.00733874616096997	1.46420780093414	72
0.01548748642311	2.09873859543918	72
0.02408723104807	1.08580240863658	53
0.0167523167875401	0.540402083497145	150
0.01421630737466	0.533710449660585	1047
0.0182873387192499	0.539218979362345	95
0.06996789864739	2.16453325841283	116
-0.04327698292268	0.6391572393067	150
-0.10385255892847	0.885525600069724	150
0.01831385834692	0.541122042884536	150
-0.0508967327693699	0.632836530564084	110
-0.08083285000382	0.767243860948706	110
0.0155921614986601	0.539157585636164	352
0.0338514523468101	1.81174778424915	164
0.02859654812733	2.03117610894457	116
-0.0954361619383599	0.878772065345445	116
0.0183088930826301	0.534379845327292	150
0.01743963238372	0.540452730302901	150
0.01421630737466	0.533710449660585	110
0.01845646886772	0.539839872432159	150
0.0161723758621699	0.544237689615947	150
-0.0453555853457801	0.632433621057452	150
0.0162786845119001	0.53920821418515	150
-0.10201155622121	0.88775531154448	110
-0.0505719407454299	0.636785891476019	256
0.02061323287349	0.53678531969835	138
0.0162786845119001	0.53920821418515	12
-0.0554124158712901	0.625532987289044	53
-0.04735235837527	0.635048620463901	150
-0.10469759387652	1.14730961571189	110
0.01975493617444	0.545870640727711	12
-0.0169437559406	1.44564447854335	691
-0.02355194206097	1.41726962739045	116
-0.0843802834346801	0.761324535384158	150
-0.08929713753057	0.751678133979065	150
0.00308339988383	1.21753200819611	158
-0.0952197772122501	0.900444049384887	246
0.0162786845119001	0.53920821418515	24
0.0413449555583401	1.93625359060393	164
-0.09332718365587	1.4806419598293	164
0.10674921329373	1.40573512652904	72
0.0181771097803001	0.534607449452278	2
0.01917630288726	0.540777679389135	150
0.01975493617444	0.545870640727711	150
-0.0773767449956699	0.7676745277522	150
0.02255089462211	1.06685816652789	246
0.01845646886772	0.539839872432159	110
-0.05076077318963	0.629099461365254	110
0.01107086258891	0.536676705386976	29
0.01989522559169	0.540076308280599	12
0.0154845195617099	0.542796260351392	12
0.0191508765599999	2.34374245879532	164
-0.0979037264510101	0.900739261799064	164
-0.10433944165031	1.00068959864446	164
0.0646051095784901	1.62643642618264	164
-0.10674569559751	1.01938869037735	116
-0.10172445381446	1.15123580113795	116
0.02513213919906	1.08644355435958	150
-0.05028944736668	0.637365369720368	150
0.0481319313325601	1.71954359070998	150
-0.0929297964173299	1.4917067346818	150
-0.0481292554996999	0.62969715609826	110
0.0168592953305899	0.54428495837387	110
0.0155921614986601	0.539157585636164	791
-0.10149955957934	2.38740086279095	72
-0.02822261408606	1.65369011075179	53
0.0207711814598299	2.10612865073265	53
0.0382383617959201	1.82789394394176	116
0.0220912239561499	1.06680395085551	116
-0.0505719407454299	0.636785891476019	158
-0.082281627233	0.764242630528896	150
-0.04501655574912	0.637553727866375	150
0.06005196818334	0.950084863135146	521
-0.0487367932937901	0.632998812923511	110
-0.04562028152275	0.642387146280789	110
0.0694904266855501	1.63281027452418	72
-0.10334631338953	1.15142999055267	2
0.0203333180210099	0.54202324251247	678
-0.08163957669355	0.763655036896072	2
-0.0998751659222701	0.880109621284305	2
0.00552540861529005	1.22630933503873	150
-0.10083277728748	1.15356272051985	110
0.01756816493844	0.542987717651751	352
0.02341361304385	1.08650831607572	150
-0.0461347115967601	0.633761334163491	150
-0.0492735262322499	0.637822490018349	150
-0.08933918180087	0.896699437850154	110
-0.0944729533472199	0.891981087889264	29
0.03132648043693	1.09347244393156	12
0.0190348506578899	0.544915109346076	352
-0.04691857698645	0.641920679502866	1124
-0.09124418058409	1.29512972206219	2
-0.0910917465621099	1.38834786761716	150
0.0196129811958301	0.541081832282185	150
-0.0462242941403599	0.641567406860707	127
0.0635289967127799	0.952272067035113	31
0.01756816493844	0.542987717651751	110
0.0168592953305899	0.54428495837387	29
0.0123678898644799	0.537139970214584	29
-0.02419133202002	1.77320459763426	53
-0.08359582271278	1.80748640221499	2
-0.0923892025709701	1.40082718851208	2
-0.09717439319383	1.0355942792855	150
0.0053871967027801	1.20505049242861	150
-0.10707408489831	0.880305072985899	150
-0.08430403665788	0.758632433215401	150
-0.0498761069159299	0.637011626058876	110
-0.0523709527734	0.634652736516412	110
0.0155921614986601	0.539157585636164	31
0.0274152139381201	2.04311740206623	72
-0.0792623743802201	1.81259047108731	1395
0.0816163205239799	1.50683537781257	678
0.0659088479299099	1.64347827116924	361
-0.09853821571484	1.56971476780513	150
-0.05662202004898	0.624398269592144	521
0.0203333180210099	0.54202324251247	110
-0.0844610184505801	0.762511779129137	1395
-0.10018253010368	1.02783564608312	678
-0.09580121063709	0.901329001713449	246
-0.0463148642423401	0.642741413337426	110
0.0544781641533101	1.74126598905465	2
0.0606034443046799	0.942784249115955	1071
-0.0122039437171999	1.44564716028821	295
-0.09698088730104	1.26078857833667	158
-0.0929118693036299	0.740135058184623	158
-0.0850292058115301	0.757317858281469	127
-0.0947207210779299	1.03387675587861	110
0.0203333180210099	0.54202324251247	31
0.10152508870019	1.54449032710382	2
0.02685334538194	1.08870935733125	110
-0.0462242941403599	0.641567406860707	110
0.0154845195617099	0.542796260351392	110
-0.08300525558835	0.760582991881185	103
-0.0886529204775299	0.752606509526887	24
-0.0231071067078901	1.7711422757174	72
0.0154845195617099	0.542796260351392	158
0.01756816493844	0.542987717651751	150
0.06133843762296	0.945771456130946	103
0.0648327790579699	0.956527832782155	72
0.01743963238372	0.540452730302901	150
-0.09243859797855	0.880530482333413	246
0.0328481367734299	1.09160662836061	53
0.0110860675794999	1.22358561193152	53
-0.0518701298498601	0.629484386152849	295
0.0300894652591901	1.06934772733152	361
-0.0493676611643901	0.632827222194418	361
-0.0483074361458	0.638839204728787	361
0.01165112175549	0.537068832662299	361
0.01598529392917	0.538019806190305	150
0.01698997561288	0.537947778137258	150
0.01822587635726	1.06176979235141	150
0.0181461032622099	0.539183097863299	127
0.00915979649272991	1.21579619046815	127
-0.0831110690519701	0.76009667966413	31
-0.08357835226746	0.758944917818951	103
-0.0851878370027099	0.761618284346843	1367
-0.09551804258028	1.03471601852179	72
-0.05523168060494	0.628095097032684	361
-0.08857009688671	0.752990208430753	361
0.0123678898644799	0.537139970214584	198
-0.0893797742593801	0.750188672904159	246
-0.0943258478536	0.901305789691132	16
0.0662454329898701	0.95466950561643	311
-0.00386952787738992	1.32456863198614	53
-0.0523709527734	0.634652736516412	2
0.0649483128185999	0.953080637670314	295
-0.10289223563386	0.895106447942703	150
-0.0538417038946299	0.627552348264945	12
0.00318326344383002	1.33109720515388	72
0.0277660671898301	1.91829674567131	361
0.0850125624378799	1.52113886293558	361
-0.10061308419172	1.02927927031745	150
0.01490470104039	0.537745634377048	158
0.01743963238372	0.540452730302901	1450
0.06689886448404	0.94654175603209	311
0.0190348506578899	0.544915109346076	361
-0.0506658751335201	0.636333257228447	767
-0.08937612840347	0.744928667589582	198
-0.05117450896808	0.630720463879523	1450
-0.0470095450950401	0.641888668435994	12
0.02105274438352	0.541318295208866	12
0.00856690031811991	1.22268648388215	72
0.03008529831159	1.08998121000856	1395
-0.10303984371254	0.890914336898215	1395
-0.11836243166862	2.06373767545575	678
0.0205208271403201	1.07186827058505	361
-0.0507370720540099	0.622354782508578	150
-0.0740138074175301	0.764482969548388	150
-0.0491803599916301	0.636210756812847	150
-0.09797998036512	0.887675804124454	72
0.03541366760656	1.07962650432454	72
-0.08083285000382	0.767243860948706	678
-0.10338625347289	1.01601503791455	295
0.0635093120524699	0.943258653722318	295
-0.0959573757227199	0.885198443141813	295
-0.03904106613229	0.633807674118265	295
-0.07830222711675	0.760596281886733	361
-0.08083285000382	0.767243860948706	767
-0.0538417038946299	0.627552348264945	150
0.0168592953305899	0.54428495837387	150
-0.0987652086544799	0.887301162677401	1450
-0.04033871574825	0.633596936725824	16
-0.04710149457289	0.634858978605398	53
0.10746591507051	1.39755838443917	361
-0.0809151094832301	0.765762565671999	361
0.01490470104039	0.537745634377048	428
0.02177125617762	0.538012470948251	428
-0.10626656897725	1.02067790968156	428
-0.0180118050337299	1.56801414499863	428
-0.09440461421406	0.901625342793571	150
-0.0988042622979699	1.14929864019565	31
0.06765897776592	0.944115953753699	295
-0.09937353229499	1.27015917783059	295
-0.0886529204775299	0.752606509526887	295
-0.10540534679497	1.02203558591845	295
-0.0846431890253201	1.71105940612535	361
-0.10351025590076	1.15731336829243	767
0.02061323287349	0.53678531969835	150
-0.0518701298498601	0.629484386152849	150
-0.0492735262322499	0.637822490018349	428
-0.09864323055145	0.895221671510109	53
0.01165112175549	0.537068832662299	361
0.10252623243448	1.3984768308335	361
-0.04959582118566	0.635678015656323	361
0.0190348506578899	0.544915109346076	150
-0.0822002026822499	0.763698676659221	150
0.0094756104270699	0.528611772783581	1721
-0.10404728838997	1.14749458098857	31
0.01756816493844	0.542987717651751	31
-0.0971727201397099	1.03627422873632	53
0.01756816493844	0.542987717651751	53
0.01845646886772	0.539839872432159	53
0.0167523167875401	0.540402083497145	295
0.0154845195617099	0.542796260351392	361
-0.0814834372223501	0.755899436513491	361
0.0167523167875401	0.540402083497145	53
-0.09351408411387	0.901725636655809	2
-0.09514993369043	1.15884690864868	150
0.02105274438352	0.541318295208866	150
-0.07610485574463	0.761084772823273	31
-0.05523168060494	0.628095097032684	66
0.0196129811958301	0.541081832282185	72
-0.0410298864527401	0.632399067973208	72
-0.0493446211630599	0.62855575902604	53
0.0856556428402	1.51974341438367	53
-0.0506658751335201	0.636333257228447	295
-0.0486712312550199	0.633054125993341	295
-0.10574357942345	0.88268597386678	295
-0.02831160826263	1.64930985397369	2
-0.00337451968877001	1.45733506154963	150
0.01743963238372	0.540452730302901	150
-0.0505719407454299	0.636785891476019	150
0.0861421634947399	1.52817601867532	127
0.0138377758446	0.534091497274465	103
-0.0796782037010799	0.758532398310288	295
0.05971742125274	0.93839185653657	295
-0.08075107682682	0.764330962090809	295
0.0184567326337599	1.0732884154429	361
0.00810273042492993	1.21530389429576	361
-0.0291060416978799	1.74989388902163	345
0.00368255324442002	1.34784806849918	361
0.0117873782323199	0.536747860229229	428
-0.05393080174446	0.632794280166225	103
-0.0836630294476399	0.758057578191565	361
-0.05136217524771	0.633802666431708	150
0.0190348506578899	0.544915109346076	150
0.02408723104807	1.08580240863658	150
0.0480574473103501	1.73121623619904	53
-0.00239427121916003	1.35355714926484	150
-0.10327062553107	1.70535376007083	345
-0.04189180509066	0.633924570372062	150
-0.08099785370975	0.757607531877404	103
0.0939298161690301	2.10061942477459	295
0.00185318430041992	1.32689028057024	295
-0.10178557242691	1.01665092505051	150
0.00589767483806991	2.07377013823761	345
-0.09733900905573	1.25816463239108	150
-0.10094922776251	1.03962669116464	150
-0.10327853728328	1.02948042959533	150
-0.0781007805498899	0.767339234571801	127
-0.09053711648355	1.28496769513897	295
0.0784750082872101	1.51520292906566	295
0.00380682732658011	1.21084043353184	150
-0.04797488769847	0.632272831562619	428
-0.0997819922044201	0.897577623446018	16
0.02685334538194	1.08870935733125	16
-0.0787386669966099	0.764930117422349	66
0.0196129811958301	0.541081832282185	66
-0.0850085580220901	1.91105157340159	53
0.00121789035357001	1.21686871140135	53
-0.0506658751335201	0.636333257228447	150
0.0162786845119001	0.53920821418515	150
-0.0476129582446101	0.641069787889058	339
-0.04432177303814	0.635880447794233	339
-0.09539691358818	0.896876297545758	127
0.00581351890883997	1.21618567234939	127
0.0161723758621699	0.544237689615947	16
-0.0491803599916301	0.636210756812847	103
0.01743963238372	0.540452730302901	44
-0.01623859902171	1.64604165266042	53
0.01978950881133	1.07616755428295	295
0.00883789841879001	2.06485454725789	2
-0.10628026301596	0.995895660435881	150
-0.0492735262322499	0.637822490018349	150
-0.0455301114844899	0.639858086191069	428
0.0650520680190501	0.949923972765656	150
-0.02922107996573	1.97889972298141	347
0.11490017719806	2.45304979888954	361
0.00187554986481997	1.35740570782195	2
-0.01311856212061	1.76977409463025	150
-0.0927364215292401	1.15024769586314	150
0.10158845953091	1.38660048658433	150
0.06472779502482	0.955336405326788	150
-0.05028944736668	0.637365369720368	16
-0.0838630639970399	0.896957874537133	103
-0.09793709899493	1.56828419446585	295
-0.08605170213358	1.61859462998658	345
0.0247370822706501	1.07089631452222	150
-0.082281627233	0.764242630528896	150
-0.10205084223607	1.02779403182152	150
0.06133843762296	0.945771456130946	150
0.01756816493844	0.542987717651751	150
-0.04968245164453	0.633992240994804	339
-0.0463148642423401	0.642741413337426	127
0.0639764163155201	0.936279336037832	127
0.01490470104039	0.537745634377048	16
0.01975493617444	0.545870640727711	94
0.01698997561288	0.537947778137258	928
0.12106028383453	1.92243214215214	347
0.0336722466577299	1.9445892793288	347
-0.0984691662483499	1.3715213138108	295
0.0923139898062	1.53673395389142	295
-0.0920686031286699	1.39780981420116	295
0.0551751287765501	0.930473195735809	150
0.0155921614986601	0.539157585636164	150
0.0160640649717001	0.538984141591235	16
-0.08357835226746	0.758944917818951	94
0.0204741108022499	0.545147475204001	94
-0.08292400562583	0.761600882219431	44
-0.10094922776251	1.03962669116464	72
0.1122072760932	1.41643422483573	72
0.0632128877	0.950486227876043	347
-0.10850492916301	1.13503829140123	347
-0.09674571549729	1.02423082932687	295
0.0280888279871401	1.09307667784399	295
0.02396366620361	0.538033709670239	295
0.01743963238372	0.540452730302901	53
-0.0846762159888199	1.48226135524022	150
0.00820514758306001	1.22555208137682	150
0.0168592953305899	0.54428495837387	150
-0.00512051729543006	1.34991910463448	150
-0.10542707556611	0.999759309154636	135
-0.0937968268884899	1.27662788637349	72
-0.04640641828962	0.637054562688572	53
0.12254363849895	0.801771904626894	361
-0.0463148642423401	0.642741413337426	150
0.0160640649717001	0.538984141591235	150
0.0567019931811299	0.935185140253025	150
-0.0470095450950401	0.641888668435994	720
-0.00204245809726	1.34710799990135	31
-0.0433648892493399	0.639694896360902	44
0.0558230512095801	2.37507625353151	72
0.0872753728256499	1.52434512491071	347
0.0204741108022499	0.545147475204001	150
-0.0446626088892299	0.637095415580339	150
0.0181461032622099	0.539183097863299	720
-0.10216667195275	1.02742594915723	16
-0.09958313253673	1.35566851007502	16
0.0318965334726	1.08140358445759	94
0.01186537605168	1.21214048925996	135
0.0625602019825799	0.95132964250623	295
-0.10042176479851	1.16176032476642	295
-0.04908816598977	0.628186799551884	345
-0.05047897355214	0.630946404830896	150
0.0166992802459001	0.534742207492316	150
-0.05523168060494	0.628095097032684	720
-0.04978352531789	0.630169980381535	150
-0.0470095450950401	0.641888668435994	150
0.01975493617444	0.545870640727711	16
-0.0939197729633201	0.886684627059129	135
-0.0509831792291999	0.637710715935114	16
-0.0886529204775299	0.752606509526887	16
-0.0787452070063099	0.764685519919234	94
-0.0532355596148999	0.632006177878863	689
-0.0719566964203	0.760095656629315	135
-0.0983493732143601	0.898840317521384	345
-0.1021519359387	1.45592158803333	150
0.02942050349848	1.09229156402425	150
-0.0523709527734	0.634652736516412	127
0.01845646886772	0.539839872432159	31
-0.0967252955028799	0.8973099866619	94
-0.05126785976451	0.635525561920682	103
0.01975493617444	0.545870640727711	94
0.0168592953305899	0.54428495837387	135
0.0986529990951099	2.10304858485732	347
-0.00041346140984011	1.34480192224239	150
0.0216955786662101	1.0869333326266	345
-0.0476129582446101	0.641069787889058	150
-0.10039108415777	1.14392173510213	150
0.0161723758621699	0.544237689615947	94
-0.0272403749421599	1.7626788157075	53
-0.09284026078569	1.38066673652983	295
-0.04562028152275	0.642387146280789	150
0.01698997561288	0.537947778137258	150
-0.000649573992010044	1.20427218492172	150
0.01989522559169	0.540076308280599	150
0.0168592953305899	0.54428495837387	31
-0.0901061097703899	0.746336411380504	127
-0.04996965822613	0.637596386975515	16
0.02338433366604	0.541781692948465	135
0.01627646189523	1.22346364545239	53
0.0161723758621699	0.544237689615947	150
-0.09447856118462	1.16454684419263	150
-0.08660042702563	1.51676982953542	345
0.0415628481199799	1.84027887967028	345
-0.0163699616787301	1.5686056345635	150
-0.0470095450950401	0.641888668435994	150
-0.09342455583077	1.28348775670796	53
0.01165112175549	0.537068832662299	150
0.0363981331172101	1.82624668414421	345
-0.08212543798307	0.756463114313288	150
0.0648327790579699	0.956527832782155	150
-0.0498761069159299	0.637011626058876	127
-0.0934397710263299	0.900117352734108	94
0.0123678898644799	0.537139970214584	94
-0.04562028152275	0.642387146280789	135
-0.09391123807838	1.39237980897023	150
0.11036882453643	1.41360516597738	150
0.0168592953305899	0.54428495837387	16
0.10064711768489	1.39065748003123	94
-0.0830223490178199	0.752108104512257	94
0.0161723758621699	0.544237689615947	41
-0.03964766920348	0.633011776256835	94
0.0168592953305899	0.54428495837387	94
0.0203333180210099	0.54202324251247	135
-0.10447595026027	1.02307597090069	345
-0.0829370139663701	0.758370702367583	150
0.01698997561288	0.537947778137258	150
-0.08357835226746	0.758944917818951	16
0.01598529392917	0.538019806190305	16
0.0161723758621699	0.544237689615947	16
-0.08575385968231	0.754889071077189	94
0.0160640649717001	0.538984141591235	41
-0.09091532247465	0.900216232512074	150
-0.10024945818984	1.2684460222652	150
0.08724417651479	2.03803119258897	345
-0.0163438077197899	1.56132703396881	345
0.02789426314878	1.06790940693241	150
-0.01792844247713	1.57256582811357	150
-0.10282291295797	1.02193025212079	150
-0.09873844255447	1.15846396810149	150
0.01989522559169	0.540076308280599	44
0.0174788725225701	1.22343320982363	150
-0.08958130889908	1.28521269351582	150
-0.00749195622218002	1.33165567989854	345
0.0154845195617099	0.542796260351392	150
-0.0836630294476399	0.758057578191565	150
-0.0789039268420899	0.761780620918226	94
-0.08857009688671	0.752990208430753	94
0.0190348506578899	0.544915109346076	94
0.02396366620361	0.538033709670239	94
-0.01194575438851	1.41969390360945	150
-0.10084219623665	1.03071724623431	345
-0.01604282284833	1.56731433503052	345
0.06342607299998	0.952350625907046	150
0.06123211327445	0.944022588999164	150
-0.10416078026096	1.15085717983855	150
-0.0850292058115301	0.757317858281469	361
-0.0829207791698701	1.51578883739825	53
-0.0857945425995801	1.80819342896252	150
-0.07938204603407	0.765515157579039	345
0.0999707602770199	1.98357370813948	31
0.0723256686893401	1.64833880715559	347
0.0633170453669001	0.954508271065577	53
-0.0854872271226299	0.896044776218372	295
-0.0175769638415999	1.44688313535148	295
-0.04804451789501	0.634772928972553	150
0.0123678898644799	0.537139970214584	345
0.01743963238372	0.540452730302901	150
0.0723056936367199	0.947644466407298	150
-0.0485774808672801	0.637019575202958	41
0.10679569762198	2.01373868251625	53
-0.10852473264222	1.01722940124823	295
0.0653806887276001	0.947175845287151	295
0.0154845195617099	0.542796260351392	150
-0.0116966295846499	1.5700090565524	31
-0.03935628057147	2.24627659163511	53
0.01917630288726	0.540777679389135	31
0.06015611993638	0.94167940552332	150
-0.04137371608753	0.634009611253144	31
0.0212181677974099	0.528641901916458	94
0.07466025147957	1.6403186081749	295
-0.0192423422977499	1.78977138806582	899
-0.08362955553076	1.40181618695013	345
-0.02896732164522	1.63257694168851	345
-0.0810907565142001	0.757659887254437	345
-0.0989149549825199	1.28147981542633	150
-0.0103451441853399	1.45658756086639	150
-0.05196386226621	0.633000727166371	150
0.00435395581780007	1.20501721922017	16
-0.1043933644339	1.03239336238164	16
0.01743963238372	0.540452730302901	94
0.08997615098684	1.54208675105941	295
-0.0850292058115301	0.757317858281469	150
-0.09616713393235	1.26804515053214	345
-0.0493676611643901	0.632827222194418	150
-0.0426718300423901	0.639969469410662	345
0.0227568618390901	1.07892300371378	150
0.12490833503491	0.815240796241337	150
0.0204741108022499	0.545147475204001	31
-0.0989657771238399	0.896232434285997	345
-0.08857009688671	0.752990208430753	150
-0.0968734468925301	0.899979258733579	150
-0.05006417571142	0.631584306445599	263
0.0204741108022499	0.545147475204001	94
-0.04033871574825	0.633596936725824	94
0.0154845195617099	0.542796260351392	94
-0.0766522116541399	0.766672107414041	31
0.0392173819667201	1.08797309369672	31
-0.0780215049109301	0.765020106414244	94
-0.0951654747313	0.7249100864807	94
-0.0477043223120699	0.639652981116402	94
0.0167523167875401	0.540402083497145	94
0.01889173800139	0.537357192494017	94
-0.02150408500794	1.64240391841137	295
-0.0755825472229901	1.81155246615505	150
0.00217165726988999	1.20145115064628	94
0.0168592953305899	0.54428495837387	94
0.02999578104865	1.0865497109901	53
0.0160640649717001	0.538984141591235	263
-0.08591414597545	0.759513342303284	94
-0.0925532383616301	0.900235994067475	53
-0.098337734375	1.27903652134511	53
0.0115615337086801	2.33449885155149	53
-0.0476129582446101	0.641069787889058	53
0.0193962017592599	1.06394409312476	899
0.01743963238372	0.540452730302901	899
-0.09618133828151	0.886341896461908	899
0.01831385834692	0.541122042884536	345
-0.04487834018433	1.80157220324577	150
0.01845646886772	0.539839872432159	263
-0.0592894793393199	0.620602195279755	94
-0.0836630294476399	0.758057578191565	94
0.02629882357988	0.535858270448146	94
-0.07753711936284	0.759034021176424	94
0.0160640649717001	0.538984141591235	94
0.01845646886772	0.539839872432159	94
0.02105274438352	0.541318295208866	44
-0.09022074779514	1.59198809552241	53
-0.0980521870164299	0.892181194047273	53
-0.09579886162013	1.16100255518919	31
-0.10005173985989	0.896544480270081	150
-0.04674421560446	0.631724921980548	263
0.10751346434257	1.40092702522851	94
0.02369020123858	1.07270252068763	94
-0.0421952607406599	0.616437875992677	53
-0.08373369041815	0.762271997716733	53
-0.0506658751335201	0.636333257228447	150
0.0161723758621699	0.544237689615947	345
-0.10266520586045	0.878303779330186	150
-0.0498761069159299	0.637011626058876	263
0.01093344291291	0.535642330212435	263
0.0155921614986601	0.539157585636164	94
0.01743963238372	0.540452730302901	44
-0.04562028152275	0.642387146280789	53
-0.09326038058175	1.28550167607298	53
-0.0853280473631	0.746681474422672	53
-0.10559526166953	0.88584147677072	53
0.0641868508336101	0.953462145636906	150
0.10497219685904	1.40189869241522	150
-0.08357835226746	0.758944917818951	10
0.0648443705552899	0.946632313339329	345
-0.0529773347307301	0.63015906629756	345
0.02105274438352	0.541318295208866	10
-0.05167701496459	0.636864411149424	94
-0.0553215607122901	0.631315317478869	13
0.0896660505759901	2.22562664510424	295
-0.04996965822613	0.637596386975515	150
0.00596902928264997	2.30294812063748	150
-0.0990599910571499	1.04094060463665	263
0.0161723758621699	0.544237689615947	94
0.07233544565338	0.947532501190568	94
0.01455453758669	0.53778452095438	1365
0.06548627238012	0.9556735466623	150
0.0160640649717001	0.538984141591235	150
-0.0509831792291999	0.637710715935114	150
0.00121789035357001	1.21686871140135	899
-0.05868094528904	0.620952232059581	899
0.01975493617444	0.545870640727711	31
-0.0844610184505801	0.762511779129137	263
-0.0477043223120699	0.639652981116402	10
0.0103534357850401	0.53525164055728	94
0.02629882357988	0.535858270448146	94
0.01989522559169	0.540076308280599	94
0.0190348506578899	0.544915109346076	1365
-0.0852169993526899	0.750463371896691	53
0.06144458298287	0.942144927836612	53
0.02338433366604	0.541781692948465	53
-0.0946964911372401	0.897001757329439	53
0.12446229405185	1.89432548047262	150
-0.0959560475568799	1.485105113929	899
0.01975493617444	0.545870640727711	899
-0.10282140801585	0.885205697924102	150
-0.0466603165991899	0.633840797573422	10
0.0155921614986601	0.539157585636164	44
0.0189989103136701	1.22497835999766	53
0.0674711300856501	1.62924256749922	53
0.01018691402742	0.529517353540739	150
-0.0477043223120699	0.639652981116402	150
-0.10345082223007	0.880098010340337	899
-0.0144749457845299	1.45516071478175	345
-0.0831082154329399	1.813643745776	150
-0.0999706828551301	0.895658697183199	94
0.0160640649717001	0.538984141591235	94
-0.04691857698645	0.641920679502866	44
0.0300334343381901	1.07560796466333	53
0.06123211327445	0.944022588999164	899
-0.0855696936777299	1.51181588642954	899
-0.0914935265946999	0.903805371903908	899
0.0160640649717001	0.538984141591235	899
-0.05028944736668	0.637365369720368	345
0.02408723104807	1.08580240863658	263
-0.10915831194516	0.870581210975569	53
-0.08772439382239	1.89877730221545	295
-0.0481292554996999	0.62969715609826	899
0.11131645545237	1.41335762489382	899
-0.1021291085044	0.885814770855696	150
-0.0781007805498899	0.767339234571801	150
0.0617685966863699	1.72978509292475	150
-0.0498761069159299	0.637011626058876	728
0.0190348506578899	0.544915109346076	94
0.01197653019126	1.2256576269712	150
0.00714071725355003	2.31008434925519	150
-0.0836630294476399	0.758057578191565	105
0.01917630288726	0.540777679389135	150
0.0628567215303599	0.944078346120509	728
-0.0954226781309699	1.16112013097952	10
-0.0505719407454299	0.636785891476019	10
-0.10274447654526	0.894271378396369	94
0.0203333180210099	0.54202324251247	94
0.06094099530557	0.93707197449858	53
0.01397357803151	0.537392252900468	345
-0.0427603251773501	0.634932765857965	345
-0.10478114834225	0.887312071596311	345
-0.00130859202269007	1.19857889968002	150
-0.04405805837288	0.637903120769397	263
-0.03981818041579	0.628582999503984	94
-0.0843802834346801	0.761324535384158	728
-0.05126785976451	0.635525561920682	150
-0.05453664603653	0.628322810274307	105
0.00292755918526	1.33214201802675	105
-0.10393894284179	1.02664856760742	286
-0.08430403665788	0.758632433215401	10
-0.10599650617422	1.00785134019736	728
0.0190348506578899	0.544915109346076	94
0.02352182064093	0.534124517663747	44
0.0168592953305899	0.54428495837387	94
-0.07409184538516	0.757389603773354	345
-0.0822775063327299	0.757862013840223	150
-0.0053033102628699	1.33952780274597	105
-0.0889502043442601	1.39691775555177	10
0.0212181677974099	0.528641901916458	10
0.10520533773939	1.4044879597213	10
-0.08743976257622	1.98465011150217	295
0.0606860545503001	0.942382939920444	150
-0.09024667991901	1.1626485506153	150
-0.1093912971711	1.00436961639743	105
0.02236066187174	1.07339269071043	105
-0.10861752753621	1.02051982049454	728
-0.0433648892493399	0.639694896360902	10
-0.09603830470662	1.28869587970413	295
0.06994759511462	1.6497447450724	295
0.05992821471972	0.941466866394877	150
-0.10044813976655	0.898192564652678	105
-0.05471660360213	0.628002984173446	150
-0.04562028152275	0.642387146280789	150
0.01917630288726	0.540777679389135	10
0.0154845195617099	0.542796260351392	94
-0.03574289426941	1.85051461124695	349
-0.01866265944965	1.88901681695078	295
0.01756816493844	0.542987717651751	105
0.0204741108022499	0.545147475204001	10
-0.10116249345686	1.03099147815048	295
-0.0845011617829099	1.29142706415309	51
-0.0753824857930301	0.763937852920537	105
0.12419967893648	0.811587329058669	150
0.0154845195617099	0.542796260351392	150
0.01756816493844	0.542987717651751	94
-0.01360443843087	1.5801926195087	105
0.0589410864923801	1.60388499368611	10
-0.08430403665788	0.758632433215401	10
-0.10207823747989	0.897324801181983	94
0.01756816493844	0.542987717651751	150
-0.0794646545378499	0.766397244950294	150
0.0285641597926001	1.09259064906769	345
0.01527037832677	0.538718320722548	10
0.01455453758669	0.53778452095438	10
-0.08811157265932	1.296488670168	10
-0.0532355596148999	0.632006177878863	94
0.0161723758621699	0.544237689615947	94
-0.05196386226621	0.633000727166371	609
0.0277084407039301	1.09141578444048	53
-0.0240900819193	1.55031437657093	105
0.0683140456167199	0.957862600362222	1274
0.0568066063530901	0.92920520537254	1663
-0.10162034258036	1.24890796360237	1663
-0.0505719407454299	0.636785891476019	10
0.0125029786183599	0.535499346055131	1739
0.00492480545959007	1.21570358393336	94
0.01107086258891	0.536676705386976	94
-0.0455301114844899	0.639858086191069	609
0.0648327790579699	0.956527832782155	53
0.0168592953305899	0.54428495837387	345
-0.10440390223894	1.15495928711481	105
-0.0931157438233301	0.899924880790701	1274
-0.10414831487128	1.02719455205394	10
0.0204741108022499	0.545147475204001	10
0.0219469109808501	0.538401877211758	368
0.0196113596554199	0.359299866023842	150
-0.10050231128301	1.03383697608816	150
0.01165112175549	0.537068832662299	10
0.02105274438352	0.541318295208866	10
0.0154845195617099	0.542796260351392	314
0.0167523167875401	0.540402083497145	10
0.0125029786183599	0.535499346055131	368
-0.08442949306533	1.62098246280546	150
-0.08946526471233	1.40846168983278	150
0.0885781349816701	2.19482333893671	150
0.0534234580400299	1.74466760675947	150
-0.0890076327068901	1.39384103942342	150
-0.10201734116946	1.14229046637542	1663
0.01743963238372	0.540452730302901	314
0.06687913585513	1.62158722279711	53
-0.0299103462375601	1.74500446789312	105
-0.0498761069159299	0.637011626058876	94
-0.000649573992010044	1.20427218492172	10
-0.08292400562583	0.761600882219431	10
0.06342607299998	0.952350625907046	10
-0.05006417571142	0.631584306445599	10
0.01107086258891	0.536676705386976	10
-0.05453664603653	0.628322810274307	609
-0.1217984241489	2.22361585855128	53
-0.09082840305271	0.902057311799367	278
-0.0158910450719001	1.67565672823385	1274
0.01743963238372	0.540452730302901	10
0.01889173800139	0.537357192494017	10
0.0666954735293701	0.953603793982105	10
0.0668908661290899	0.951446564554856	173
-0.10330089496766	0.887159003544053	278
0.0123678898644799	0.537139970214584	514
0.0160640649717001	0.538984141591235	10
0.01308374314385	0.535890023428446	464
0.0167523167875401	0.540402083497145	53
-0.0901890322475201	0.734548796221314	150
-0.00607442605652997	1.46009054362623	150
-0.08511351437216	0.754322279450479	145
-0.0521200890426701	0.623234559472139	150
-0.04959582118566	0.635678015656323	10
-0.00171990627765006	1.47399053091556	278
-0.0420669648985399	0.635207115252654	10
0.0204741108022499	0.545147475204001	10
0.01917630288726	0.540777679389135	10
0.01917630288726	0.540777679389135	10
0.0154845195617099	0.542796260351392	53
0.0161723758621699	0.544237689615947	150
-0.05332524598587	0.629468173493748	150
-0.0851878370027099	0.761618284346843	150
0.0287599087553101	1.08109228777623	345
0.0772675201001301	1.4929119349659	278
0.0203333180210099	0.54202324251247	514
-0.08373369041815	0.762271997716733	10
-0.0506658751335201	0.636333257228447	94
-0.0505719407454299	0.636785891476019	44
-0.10024146969799	0.887733959987909	464
-0.08357835226746	0.758944917818951	609
-0.0712345997256201	0.76048220070743	53
0.01845646886772	0.539839872432159	53
0.05288128212029	1.74560554300986	150
0.0190348506578899	0.544915109346076	345
0.00558235692227993	1.21583124063642	278
-0.0298394626123899	1.76722822313394	31
-0.09159117610318	0.726973636791558	64
0.0204741108022499	0.545147475204001	64
0.0167523167875401	0.540402083497145	10
-0.0485774808672801	0.637019575202958	514
-0.05117450896808	0.630720463879523	10
0.0155921614986601	0.539157585636164	53
-0.08800903306868	0.747675294199967	53
-0.0768129158906401	0.760678696785784	53
-0.0553215607122901	0.631315317478869	514
0.11000699101012	1.40937037168668	1027
0.0154845195617099	0.542796260351392	10
-0.04562028152275	0.642387146280789	10
-0.0493676611643901	0.632827222194418	609
-0.0931157438233301	0.899924880790701	173
0.0162786845119001	0.53920821418515	53
0.01756816493844	0.542987717651751	150
-0.0517648597415199	0.631307587026493	145
0.01975493617444	0.545870640727711	145
-0.10141231790374	0.896709122210079	345
0.06635124594937	0.953018849518429	64
0.0190348506578899	0.544915109346076	514
-0.10834052675281	0.872028344513005	332
-0.0753824857930301	0.763937852920537	609
-0.0880069104974499	1.16463017684634	53
-0.0483074361458	0.638839204728787	53
0.0161723758621699	0.544237689615947	514
-0.05167701496459	0.636864411149424	94
0.0634210159309501	0.952727533644966	94
0.07102354153917	0.956459588711418	124
-0.05076077318963	0.629099461365254	53
-0.0801077013128599	0.766988342617137	53
0.0220867513388401	0.536646686143017	53
-0.0463148642423401	0.642741413337426	145
0.01698997561288	0.537947778137258	145
0.12111810325985	1.90763399092446	278
-0.02842148416989	1.65805077862348	31
0.01975493617444	0.545870640727711	64
-0.0968952823979301	1.16315946959777	514
-0.0990138089422801	0.894563584748565	1027
0.0208375113757799	1.08513380541833	1027
0.01917630288726	0.540777679389135	10
-0.04640641828962	0.637054562688572	609
-0.10373242356029	1.03386636881697	53
0.0574664705614001	0.935538523085466	64
0.0640745708597199	0.956191544009692	64
-0.0849453709453201	0.756028535001149	10
0.01743963238372	0.540452730302901	435
0.0933285848844101	1.52672412607684	1027
-0.0485774808672801	0.637019575202958	1027
-0.04396974080685	0.638883155209506	10
0.0573227804516001	0.939711075862033	94
-0.0851072789698	0.761563662136057	94
-0.0463148642423401	0.642741413337426	124
-0.0517648597415199	0.631307587026493	609
-0.0788620383777701	1.92159690574267	53
-0.0964658160637799	0.900023176395063	145
-0.0477043223120699	0.639652981116402	145
0.08988991388753	1.52818839801011	150
-0.10186440967884	0.88792445975732	150
-0.0810588389390701	2.17829866291236	105
-0.04996965822613	0.637596386975515	64
-0.0123142257287201	1.5705292793754	64
-0.0485774808672801	0.637019575202958	64
0.0204741108022499	0.545147475204001	10
-0.0998751659222701	0.880109621284305	10
0.06298397762282	1.60455171167534	1027
0.06123211327445	0.944022588999164	1027
-0.08357835226746	0.758944917818951	1027
0.01806425197513	1.07327122235779	10
0.01537488117125	0.53493154168956	124
0.0155921614986601	0.539157585636164	609
-0.04710149457289	0.634858978605398	53
0.0203333180210099	0.54202324251247	53
0.07256252981707	1.63782740325627	53
0.07166508389848	1.62623992473669	105
-0.04396974080685	0.638883155209506	124
-0.0849453709453201	0.756028535001149	609
-0.0476129582446101	0.641069787889058	345
0.01975493617444	0.545870640727711	1027
-0.0434537950912799	0.633171792607444	10
-0.0515901632056399	0.633171820923993	94
0.02685334538194	1.08870935733125	53
0.0168592953305899	0.54428495837387	145
0.0129201914772901	2.11326472939374	345
0.05542643124762	1.85160386052502	150
0.0423724958542999	1.82504699200593	278
0.06081313232871	0.950437217347568	64
0.0270441240242001	1.08998641936644	10
0.0190348506578899	0.544915109346076	1027
-0.10026548110872	0.883003196257743	1027
-0.0892102446560199	1.17532294208943	10
-0.0506658751335201	0.636333257228447	94
0.0204741108022499	0.545147475204001	94
0.0167523167875401	0.540402083497145	124
0.0204741108022499	0.545147475204001	124
0.01756816493844	0.542987717651751	439
0.0160640649717001	0.538984141591235	609
0.01093344291291	0.535642330212435	53
-0.0138422065358099	1.46044452603766	145
0.0764411109660801	2.39842014488336	150
-0.0918293403169901	1.2839635295836	105
0.0204741108022499	0.545147475204001	10
-0.10706618633257	1.02896766738923	514
-0.09694899044007	1.27951236119331	10
0.10520533773939	1.4044879597213	10
-0.098928971106	1.03139338945636	10
-0.0509831792291999	0.637710715935114	1027
-0.0559268058545801	0.626861480706531	10
-0.09486547416685	1.39378939590772	51
-0.0999706828551301	0.895658697183199	53
-0.0978704754205999	1.26190253206344	53
0.02118827933117	1.06965252407107	145
-0.0875935477821801	1.69398309345412	550
-0.0141843622019999	1.45529214499138	150
-0.10607316375904	1.13938207575955	64
-0.0470095450950401	0.641888668435994	10
0.0220867513388401	0.536646686143017	435
0.0154845195617099	0.542796260351392	435
-0.09581045795784	1.03660489889157	10
0.08701209439326	1.52863630797091	10
0.0204741108022499	0.545147475204001	10
0.0155921614986601	0.539157585636164	10
-0.05126785976451	0.635525561920682	435
-0.0211986628392	1.54395758938876	10
-0.0844610184505801	0.762511779129137	909
-0.05262970411962	0.628695420331882	124
-0.0809151094832301	0.765762565671999	435
0.0592757706703	0.931506933468931	10
-0.1087583226941	1.00453062842792	94
-0.00625967370133007	1.34311366304091	295
-0.0793899632803601	0.756959649026219	53
0.07531548057089	1.50072097263068	53
0.02252573787823	0.534709423362296	53
0.02266608291252	0.541620945895909	53
-0.09708837023785	0.90117993028622	145
0.06472779502482	0.955336405326788	145
-0.08101188673723	0.763059247637301	150
-0.0492735262322499	0.637822490018349	150
0.01527037832677	0.538718320722548	150
0.01093344291291	0.535642330212435	64
0.01889173800139	0.537357192494017	10
0.0203333180210099	0.54202324251247	10
-0.04996965822613	0.637596386975515	10
0.06613943500159	0.947514482992426	345
-0.0801077013128599	0.766988342617137	150
-0.08430403665788	0.758632433215401	278
0.01018691402742	0.529517353540739	513
-0.0525658344903	0.627013524862049	124
-0.08083285000382	0.767243860948706	609
-0.01084839577898	1.46497177174911	295
-0.10250241682257	1.03760429735732	295
-0.09871838498242	0.898987102003685	750
-0.10327974934375	1.14625865836239	750
-0.0933662661054599	0.902586856947211	53
-0.10818119372368	1.12945232567733	51
0.0278955997142401	1.09006709781475	345
-0.04396974080685	0.638883155209506	345
0.01743963238372	0.540452730302901	150
0.0168592953305899	0.54428495837387	278
-0.0767323148938599	0.767086343665616	10
-0.10126353916074	0.898338241817839	10
-0.0929294343925799	1.27970385932883	609
0.06387567000092	0.937209492180914	295
0.0633170453669001	0.954508271065577	295
-0.09849637217793	0.899153271557324	53
0.10443420755816	1.39525630624486	51
-0.0829370139663701	0.758370702367583	186
0.0175951910126799	0.534219174150947	150
-0.0502034082926499	0.631182528440469	20
-0.0426718300423901	0.639969469410662	10
-0.10348457279257	0.883933647593492	94
0.01479573066551	0.538668938865093	909
0.0167523167875401	0.540402083497145	94
-0.0788219362028499	0.760313564527051	51
0.12490833503491	0.815240796241337	51
-0.0773767449956699	0.7676745277522	186
0.0161723758621699	0.544237689615947	186
0.01743963238372	0.540452730302901	150
0.0161723758621699	0.544237689615947	150
-0.04640641828962	0.637054562688572	750
0.0213678322020201	0.533497417953167	750
0.0167523167875401	0.540402083497145	51
0.01975493617444	0.545870640727711	150
-0.0462242941403599	0.641567406860707	150
0.02338433366604	0.541781692948465	150
-0.0463148642423401	0.642741413337426	10
0.00520968833377	1.21756652042695	53
0.10157566754178	1.40624427167695	51
0.0592914937809701	0.948399190116359	51
-0.1043933644339	1.03239336238164	51
-0.0288687839103601	1.86384430555834	53
-0.08364730179401	0.757967725932802	53
-0.0871976582899101	0.754243671473288	186
-0.03542309642607	0.624089617163102	150
0.01831385834692	0.541122042884536	672
0.06886480743777	0.949242996742756	10
0.00395008529979002	1.34009413173121	295
0.10590142736559	1.40321807316417	51
0.0709218461999399	0.95524882305931	145
0.02338433366604	0.541781692948465	186
0.02171625410855	1.06411602166152	186
0.0681969706246399	0.940458659121109	186
0.06613079663612	0.949321342907131	20
0.02105274438352	0.541318295208866	278
-0.10603360718665	1.01262276320889	53
0.06755580138134	0.958263141257217	53
-0.0885417520173899	1.28355611402699	51
-0.09857035781399	0.901359916600859	51
0.0161723758621699	0.544237689615947	345
0.01975493617444	0.545870640727711	150
-0.09292161967868	0.894550917350857	124
-0.0906681968562	1.27186013962314	295
-0.02216454345362	1.55972134059776	51
0.06765897776592	0.944115953753699	20
-0.09549829511569	0.882333723884439	20
-0.10024146969799	0.887733959987909	278
-0.0462242941403599	0.641567406860707	10
0.06821047019765	0.957409308952987	124
-0.04562028152275	0.642387146280789	51
0.0102148574210801	0.531604756362992	20
0.01975493617444	0.545870640727711	20
-0.10141231790374	0.896709122210079	20
0.0196129811958301	0.541081832282185	273
-0.0990599910571499	1.04094060463665	124
-0.0856450914240301	1.40490393885658	51
-0.0916077452619399	1.67768473590232	186
-0.0912798050944801	1.38416249640495	186
0.06941018438266	1.62710123221484	20
0.0155921614986601	0.539157585636164	129
0.0433137599169999	1.67081749094052	295
0.00276761762722999	1.22040930281887	53
0.01421630737466	0.533710449660585	129
0.0786963119212301	2.20585808583848	51
-0.00242958091187995	1.20083229649245	273
-0.0817380712950999	0.762713940172383	10
-0.0446626088892299	0.637095415580339	124
-0.11009427917388	2.26011495145595	51
0.01831385834692	0.541122042884536	51
-0.0842200179404999	0.756340502945969	51
-0.0410298864527401	0.632399067973208	20
-0.10348625570027	1.02737941591568	273
0.0488870004620401	1.60219761520201	51
0.05463652888522	0.920616536345455	273
-0.0917431493988501	1.16527421442148	80
-0.0492735262322499	0.637822490018349	595
-0.08633307593172	1.39675499033059	51
-0.09640765201426	1.03201205667849	273
0.01975493617444	0.545870640727711	124
-0.00556491529240999	1.32539384304777	51
-0.0911273573601401	1.60419018997115	145
0.01845646886772	0.539839872432159	124
-0.09383000516926	1.04096231402631	20
0.01975493617444	0.545870640727711	595
-0.0836630294476399	0.758057578191565	124
0.01598529392917	0.538019806190305	11
-0.08101188673723	0.763059247637301	11
0.06472779502482	0.955336405326788	11
0.01975493617444	0.545870640727711	20
0.0196129811958301	0.541081832282185	20
0.06005196818334	0.950084863135146	20
0.0210488003081	1.07117810586589	80
-0.0787386669966099	0.764930117422349	80
-0.0937370827909401	1.0357715186019	53
0.0204741108022499	0.545147475204001	11
-0.04996965822613	0.637596386975515	11
-0.08667516798307	0.892993081521649	145
-0.0477043223120699	0.639652981116402	20
-0.0726042434369401	0.757516373495596	273
0.05917106286324	0.939349539252827	124
-0.10059750549469	0.897721275086349	11
0.0196129811958301	0.541081832282185	145
-0.0426718300423901	0.639969469410662	145
0.0220867513388401	0.536646686143017	145
-0.11224835617162	0.988469353859732	51
-0.0506658751335201	0.636333257228447	20
-0.1033497490961	1.24243312184416	204
-0.0509831792291999	0.637710715935114	124
-0.00333332366518002	1.35097409764864	51
0.01468916500227	0.538325141136017	11
0.0279821559943201	1.07515522578515	145
0.0168592953305899	0.54428495837387	399
0.0154845195617099	0.542796260351392	196
0.0162786845119001	0.53920821418515	20
0.0278955997142401	1.09006709781475	204
-0.0452674468882599	0.631071969592498	124
0.0259988729771401	1.08426097083817	145
0.0167523167875401	0.540402083497145	145
-0.02520669724645	1.54604709593998	51
-0.0788243181738499	0.765662979960371	20
-0.0809151094832301	0.765762565671999	196
-0.0886529204775299	0.752606509526887	204
0.0161723758621699	0.544237689615947	204
0.00217165726988999	1.20145115064628	595
-0.08212543798307	0.756463114313288	124
0.01527037832677	0.538718320722548	11
0.02252573787823	0.534709423362296	11
-0.0424980701756399	1.90599340174278	171
0.03942934270267	1.82764133472228	171
0.0155921614986601	0.539157585636164	399
-0.09565497292832	0.901752607713464	204
-0.0455301114844899	0.639858086191069	124
-0.0505719407454299	0.636785891476019	124
0.02210578445957	1.07372353045172	124
0.0253337357401899	1.08270351018359	124
0.0573227804516001	0.939711075862033	124
-0.05126785976451	0.635525561920682	399
0.0162786845119001	0.53920821418515	196
-0.09440461421406	0.901625342793571	124
0.0161723758621699	0.544237689615947	124
0.0168592953305899	0.54428495837387	145
-0.07520165220616	0.758018903642388	196
0.0591875818259	0.946410398137395	204
0.10729166857444	1.41108337382882	124
-0.0567126743686801	0.623639244489751	11
-0.0550484780572	0.625968555534213	171
0.0123678898644799	0.537139970214584	171
0.01886552791286	0.535490480232604	399
0.01598529392917	0.538019806190305	196
-0.0505719407454299	0.636785891476019	196
0.0697103054505499	0.942889635393964	20
0.06636851616697	0.94433816093378	20
-0.0446626088892299	0.637095415580339	145
0.0302774726731201	1.09046004079838	196
-0.09982469289405	0.893579402389535	20
0.05874005403478	0.940654940532798	124
0.0161723758621699	0.544237689615947	11
-0.0477043223120699	0.639652981116402	145
0.0154845195617099	0.542796260351392	124
0.02342219744944	1.08423801276311	53
-0.10355836032535	0.892066432037925	11
0.06123211327445	0.944022588999164	11
-0.08575385968231	0.754889071077189	145
0.01455453758669	0.53778452095438	399
-0.0470095450950401	0.641888668435994	196
-0.0858379837263299	0.750454338560706	20
-0.10462386394397	1.03391628543676	20
0.0161723758621699	0.544237689615947	20
-0.0944464831846299	0.894377783027802	204
0.10204656034361	1.38757114443055	20
0.01527037832677	0.538718320722548	149
-0.04996965822613	0.637596386975515	171
0.06604134400315	0.954449285398167	20
-0.05565845947726	0.625616590966962	20
-0.0554124158712901	0.625532987289044	20
-0.0559268058545801	0.626861480706531	149
-0.12149245793901	2.38056460365218	53
0.06852023188086	1.6275667676784	53
-0.0477043223120699	0.639652981116402	664
-0.09878994919968	0.88419597147893	145
-0.07729113902215	2.01042917130439	1374
-0.0888108805602601	1.3940392657952	20
-0.04691857698645	0.641920679502866	20
-0.0960804345945201	1.27703885998352	196
-0.07195478884841	0.750679424576576	20
-0.07838045747057	0.754496348767768	204
-0.07189790069478	1.80911705538347	11
-0.10084219623665	1.03071724623431	399
0.0261882180359101	1.08714180149428	20
0.0154845195617099	0.542796260351392	204
-0.04501655574912	0.637553727866375	261
-0.08946288423944	0.741503946061624	149
-0.04788152385518	0.63497806808093	124
-0.0540208797283199	0.629239944116326	149
-0.08871658870518	1.88791938403652	664
-0.0494291827162101	0.628379388720226	20
-0.09740487202451	1.03345556034556	196
0.0843837387481401	2.22088196963143	196
-0.0125867238308801	1.31920497336767	20
-0.05167701496459	0.636864411149424	261
0.01527037832677	0.538718320722548	149
-0.0426718300423901	0.639969469410662	149
-0.00808905161122997	1.34066301819446	664
-0.10068837523299	1.26675452479777	1374
-0.0928945870812199	1.4932035491544	196
0.0168592953305899	0.54428495837387	149
-0.08533640829075	1.50463375413015	11
0.0213122233737799	1.07240171963368	145
0.01165112175549	0.537068832662299	20
-0.0506658751335201	0.636333257228447	196
-0.0970385036827	1.03886269222732	20
-0.04682859384942	0.635424564194832	20
-0.0476129582446101	0.641069787889058	149
0.06613943500159	0.947514482992426	124
-0.1007188973393	0.887693693711363	124
0.06223193368844	0.950640022824728	1331
0.02320963035831	2.14216642585777	1374
-0.10216238742567	1.0277056826877	196
0.06047442363152	0.941895404013317	20
-0.10362465346061	1.03397244512323	261
-0.0470095450950401	0.641888668435994	124
-0.04405805837288	0.637903120769397	53
-0.00418205248449	1.34436911907265	365
-0.10195858582527	1.02677873150118	51
-0.0794646545378499	0.766397244950294	664
0.01397357803151	0.537392252900468	11
0.01889173800139	0.537357192494017	11
-0.0244481896027999	1.55172073554115	51
0.00635142600358996	2.02213546241864	1426
-0.0736572124701	1.9311815506089	1426
-0.0592894793393199	0.620602195279755	20
-0.09712095016019	1.38935446185007	196
0.0626637598789199	0.951055506570197	261
-0.0829370139663701	0.758370702367583	261
-0.09163128969584	1.27833425890949	51
0.0623525238342799	0.928175643583529	145
0.01975493617444	0.545870640727711	20
-0.10093395000116	1.02698694963729	149
-0.0433648892493399	0.639694896360902	149
0.0558632817864799	1.71889895604329	365
-0.0838078749687601	0.746165333698857	664
-0.0809151094832301	0.765762565671999	51
-0.04996965822613	0.637596386975515	51
-0.1010114715837	2.28179105981375	51
0.0311352419698301	1.08906593626681	145
-0.0441473728168	0.628587561105266	145
-0.07984577607336	1.81226973654593	20
-0.0999406096544899	1.154705046841	20
0.0167523167875401	0.540402083497145	20
-0.0505719407454299	0.636785891476019	196
0.01598529392917	0.538019806190305	20
0.0598229079517201	0.942718310929136	20
0.11814180999224	1.91088521566689	1374
0.0220867513388401	0.536646686143017	196
-0.04996965822613	0.637596386975515	196
-0.10640867268439	0.88327050526974	20
-0.10674569559751	1.01938869037735	149
0.0598229079517201	0.942718310929136	149
0.05777261176047	0.940147007040612	149
-0.0964019941480601	1.14238130126541	145
0.0718962919637001	1.65400949346135	1374
-0.00105872694946996	1.33988182377222	196
0.0195606790231799	1.06111711057584	20
0.06123211327445	0.944022588999164	20
-0.07954774894096	0.760553941972236	20
0.02396366620361	0.538033709670239	315
0.08713070194819	1.53557552450329	315
0.0168592953305899	0.54428495837387	149
-0.04788152385518	0.63497806808093	149
-0.0806850905568499	1.61223320596738	365
-0.0852688809179501	0.754481901460956	51
-0.09328785626629	1.3984197591553	1426
0.0279230802306301	2.14391550592936	1426
-0.0875579829084101	1.61147992618482	196
0.0592914937809701	0.948399190116359	20
-0.0553215607122901	0.631315317478869	149
0.0204234320098899	2.02198249730488	365
-0.0896881561504701	1.69914894533607	362
-0.0896296558243299	0.899656596699041	20
0.0155921614986601	0.539157585636164	20
0.0270433234542999	1.08984256706124	315
-0.07954774894096	0.760553941972236	149
0.0168592953305899	0.54428495837387	149
0.01537488117125	0.53493154168956	149
0.0177357276282899	0.536130919552031	149
-0.09722242796115	0.889162498419402	51
-0.10451529203956	1.0290911243145	51
0.05906617438674	0.939205557566929	51
-0.0995778384061199	0.889012407320723	20
-0.09580121063709	0.901329001713449	20
0.01845646886772	0.539839872432159	149
-0.0483074361458	0.638839204728787	325
-0.10707408489831	0.880305072985899	149
-0.00415005331113005	1.17443552927847	51
0.05994763556792	0.949582770076549	51
-0.0712443017197399	1.82341065763202	51
0.01479573066551	0.538668938865093	20
0.0613644553013599	0.944449090484781	196
0.06199049080879	0.944942653546949	196
0.06235322157665	1.60087561481964	196
-0.09282472941769	0.898217327147775	196
0.0321832505784101	1.09391632215797	20
0.10974087830138	1.39640885611086	149
-0.0152568344483599	1.7791828409909	365
0.11589975098489	1.9076853418547	51
-0.09510939497713	1.27494614043324	51
0.0168592953305899	0.54428495837387	51
-0.04396974080685	0.638883155209506	51
-0.00219753277520995	1.33577029664721	20
0.0162786845119001	0.53920821418515	20
-0.09053423767477	0.900343212554507	362
-0.0560170740692501	0.62881285473584	20
-0.0492735262322499	0.637822490018349	149
0.0160640649717001	0.538984141591235	149
-0.10303984371254	0.890914336898215	51
-0.08211450971283	1.51468028563921	51
-0.04978352531789	0.630169980381535	196
0.08263255919732	1.51809010719411	196
-0.0780215049109301	0.765020106414244	149
0.0627495568601399	0.944702982683786	149
-0.05126785976451	0.635525561920682	149
0.01018691402742	0.529517353540739	149
0.00469430471933996	1.21402657459887	51
-0.10156094416124	0.887740224770833	685
-0.0983331374188099	1.0241265055807	51
0.02841088826258	1.90751672949814	51
-0.05922425578949	2.24707956091128	51
0.0627495568601399	0.944702982683786	20
-0.04865264836511	0.630303215082772	196
0.0759842675856	1.64094376131913	196
-0.01355348673469	1.44383786750002	167
-0.06180496317686	0.605599690823598	315
-0.05523168060494	0.628095097032684	20
0.00728955797376996	0.527960472812998	149
-0.05462613602528	0.632566622139147	149
0.1055800895688	2.4122542181277	51
-0.0164228972873699	1.44138195390442	196
-0.0868101913150601	1.51697346964866	315
0.0182873387192499	0.539218979362345	149
0.0232204676976699	1.0865187963997	196
-0.0802730548083801	0.75967764665752	362
0.03854708592403	1.80633676552986	20
0.05777261176047	0.940147007040612	196
0.0190348506578899	0.544915109346076	149
0.0400413346325199	1.83663194179579	200
-0.01579452211916	1.54703857128792	51
0.10285287712809	2.01263773639685	200
-0.08083285000382	0.767243860948706	196
0.05463652888522	0.920616536345455	167
0.0598229079517201	0.942718310929136	149
0.01756816493844	0.542987717651751	149
0.02283540053251	1.07284344828271	48
0.0192312985498899	2.13468210773143	53
-0.04691857698645	0.641920679502866	48
-0.1042501579359	1.01767083871087	20
0.01093344291291	0.535642330212435	1784
-0.0781007805498899	0.767339234571801	149
-0.01957714429237	1.43042530021806	51
-0.10348625570027	1.02737941591568	51
-0.0924491815975099	1.39771145664104	200
0.0201709953240501	1.08135255195209	196
-0.0967252955028799	0.8973099866619	20
-0.02014787299273	1.66060826669986	51
0.0605803288210001	0.944850360706759	483
-0.0470095450950401	0.641888668435994	483
0.0829346778412701	1.52920318800828	20
0.0220867513388401	0.536646686143017	1784
-0.0506658751335201	0.636333257228447	51
0.0598229079517201	0.942718310929136	51
0.0161723758621699	0.544237689615947	51
0.06593898954086	0.948879955359573	51
0.06755580138134	0.958263141257217	48
0.05994763556792	0.949582770076549	51
0.10443420755816	1.39525630624486	797
-0.0329674289402	1.74075272721279	48
0.11264380322474	1.85622380246335	51
0.0285641597926001	1.09259064906769	51
-0.0048054265239601	1.32794541408965	51
-0.10242794616089	0.876635687285728	51
0.00342582524124002	1.21790555427625	51
-0.09200433838562	1.38176740033953	51
-0.0508967327693699	0.632836530564084	51
-0.0946166289885999	1.14725476032142	20
-0.06007092093206	0.617335725163669	483
0.0103534357850401	0.53525164055728	167
-0.10118111397938	1.03709273601694	167
-0.0270206438118199	1.72826058705054	51
0.0165866007725799	1.21883190824784	51
0.0221707724511999	1.07507598081461	51
-0.0863200646248501	2.34189201760686	51
0.06635124594937	0.953018849518429	51
-0.09941149644155	1.01878536632223	20
-0.0809151094832301	0.765762565671999	200
-0.082281627233	0.764242630528896	483
0.0220603290357	2.24770126513235	483
-0.09631927813241	0.885983264242315	53
-0.00293603733844994	1.34728516239565	51
0.1097717550755	1.40829711446979	51
-0.04640641828962	0.637054562688572	51
0.06548627238012	0.9556735466623	51
0.0160640649717001	0.538984141591235	51
-0.06007092093206	0.617335725163669	51
0.0219469109808501	0.538401877211758	51
0.01789100111661	1.05066669651244	51
0.01743963238372	0.540452730302901	51
-0.11671000503992	2.24382714928078	20
0.00762447415693002	1.22664411925947	20
-0.10268295929232	1.02029760036298	48
-0.0849453709453201	0.756028535001149	51
-0.09714314126403	1.16843759814949	51
-0.10640867268439	0.88327050526974	51
-0.04640641828962	0.637054562688572	51
0.0182873387192499	0.539218979362345	297
0.0161723758621699	0.544237689615947	51
-0.04475133558918	0.633230609721904	20
-0.09560577681566	0.893504536658386	483
0.0154845195617099	0.542796260351392	483
0.0231479204873499	1.06887127955509	483
-0.04900200892959	0.633794660707511	299
-0.0985820314326899	1.16847412797562	51
-0.0973207359203301	1.38286192706887	51
0.0641615725109199	0.935350640874497	51
0.0696235905804601	0.948863466437201	51
-0.05006417571142	0.631584306445599	51
-0.09417860348393	0.903481309827242	51
-0.01891358858398	1.5508778183852	483
0.0253227420497599	1.08023434936476	483
-0.08430403665788	0.758632433215401	20
0.10199680497974	1.40086823038129	51
-0.01883358899418	1.55919971018475	51
0.0066281846418299	1.35801159194302	51
0.02466829653259	1.07741875173555	483
-0.04674421560446	0.631724921980548	483
-0.0768267365998001	0.754724534097264	167
-0.11059703042686	2.17662145247792	51
0.0168592953305899	0.54428495837387	424
-0.05228369779265	0.63233625328554	48
0.12152935217705	1.90671906452855	167
-0.05136217524771	0.633802666431708	299
-0.0972759712671001	0.896841127148762	797
0.0156200761019201	1.22711007665931	20
0.0154845195617099	0.542796260351392	424
-0.0492735262322499	0.637822490018349	48
0.0666954735293701	0.953603793982105	48
-0.08019013539981	0.766650376923694	167
0.01989522559169	0.540076308280599	48
-0.11596281415746	2.11533968358072	51
-0.10448287120133	0.875569738952162	483
0.06765161342865	0.951832691196969	483
-0.10216238742567	1.0277056826877	483
-0.10531409182796	1.01791282610907	483
-0.0817380712950999	0.762713940172383	106
-0.08349414984239	0.755660293817295	106
0.01975493617444	0.545870640727711	424
-0.02826470083377	1.7692555997414	106
-0.0949902513704901	0.903062030332192	106
-0.09855048475506	1.25041142718741	167
0.01107086258891	0.536676705386976	424
-0.0477043223120699	0.639652981116402	48
0.0232234056332701	1.06751303469931	48
-0.11230081849282	1.00288684670996	53
-0.07938204603407	0.765515157579039	51
-0.0849453709453201	0.756028535001149	20
-0.0961225328928901	0.898591575099844	167
0.0837285562699199	1.49601870865146	53
-0.10282449253735	1.02451318611525	244
0.02685334538194	1.08870935733125	20
-0.0838669962112799	1.2920559430781	106
-0.0922722172359001	1.68199881594294	106
-0.10568456287819	1.13592740389039	167
0.02252573787823	0.534709423362296	167
-0.10370433796382	1.35992345181941	167
0.05994763556792	0.949582770076549	382
-0.10542702238128	1.25166593591497	48
0.12303647252324	1.89662237171887	53
-0.10213707826205	1.1562111669827	244
0.12280152450919	1.91240732617788	244
-0.00698582109224	1.33072880732156	832
0.0322088184832701	1.91768920562301	106
-0.10018319470847	1.15524180566443	167
0.0869467595287301	1.54035917871459	483
0.01698997561288	0.537947778137258	382
0.01611755808821	0.53435345678732	382
-0.0247882387946701	1.64386743095604	832
0.03887110825272	1.78951801862788	167
-0.08300525558835	0.760582991881185	424
-0.0843885295985101	0.756745370524663	424
0.0201965993944799	1.06398861277183	48
0.10723430128176	1.41017008306417	382
0.06081313232871	0.950437217347568	382
0.0190348506578899	0.544915109346076	832
-0.0978326883476299	0.897407619798575	382
-0.0373666908155501	2.11406817737579	51
0.0574664705614001	0.935538523085466	106
-0.0989149549825199	1.28147981542633	106
0.12464591763697	0.807953353627167	167
-0.0870355300619701	0.744807938511416	167
0.1079340224087	1.41105416164912	382
0.00922413139009004	1.22281021627484	53
-0.05028944736668	0.637365369720368	244
-0.0908449206895601	1.79412718429169	51
0.03913943935745	1.83897791358393	20
-0.09768525545284	0.900145307711401	112
-0.0884011586662801	1.49487471829928	112
-0.04735235837527	0.635048620463901	382
-0.0780215049109301	0.765020106414244	382
-0.11161062770076	0.995470995277603	244
-0.0476129582446101	0.641069787889058	106
-0.09528706963231	1.03886931180751	106
0.01917630288726	0.540777679389135	167
-0.0477043223120699	0.639652981116402	382
0.01743963238372	0.540452730302901	382
-0.04562028152275	0.642387146280789	382
0.06538688307501	0.951006502325578	53
0.0190348506578899	0.544915109346076	51
-0.08430403665788	0.758632433215401	51
0.10111463873159	1.37590246354749	106
0.0648327790579699	0.956527832782155	106
-0.0200297463813299	1.77243640622552	167
0.0683140456167199	0.957862600362222	1595
-0.07610485574463	0.761084772823273	51
-0.03135095469273	2.06286692385546	51
0.0168592953305899	0.54428495837387	106
-0.10053793012973	0.887508407591639	112
-0.11269978415351	0.847589137278946	167
-0.09745535921112	1.16114199459184	167
-0.00286472784016989	1.33224154749551	382
0.0167523167875401	0.540402083497145	382
0.0160640649717001	0.538984141591235	244
-0.04996965822613	0.637596386975515	51
-0.0470095450950401	0.641888668435994	20
0.06821047019765	0.957409308952987	106
-0.0845422399105999	0.756555240904903	167
-0.01608152214156	1.45013059179342	244
-0.1049709553405	0.882877129238103	51
-0.10911847588713	0.995937526696611	106
0.0232451624152401	0.537871829171885	167
0.02447987571804	1.07597105653635	382
0.01165112175549	0.537068832662299	382
0.0544818307831001	1.71914746567733	112
-0.0506658751335201	0.636333257228447	48
-0.10037432623931	1.13733592231941	382
0.0162786845119001	0.53920821418515	48
0.02266608291252	0.541620945895909	48
0.0168592953305899	0.54428495837387	244
-0.10501011717638	1.02361754460554	51
0.00977162083779004	1.22007726542723	20
0.0154845195617099	0.542796260351392	106
0.06007311992777	0.931714386099067	106
-0.03964766920348	0.633011776256835	112
0.02665305240025	1.0871101579729	382
-0.08899461058708	1.60718582319067	244
-0.02269482513684	1.77037692211968	244
0.00988107884037004	1.21916131060407	20
0.11901112861663	2.46955854217624	106
-0.02714106278378	1.76200695729251	167
-0.10078030186832	0.892100219093287	48
-0.0745562220734	0.757464179630052	48
-0.0809151094832301	0.765762565671999	48
-0.04362752045119	2.01437991291295	244
0.0967726337738499	1.37629003549078	167
-0.0987358620934999	1.02827625038253	167
0.06026621249554	0.936449536772201	1595
-0.0900739649826101	0.73778409511663	167
0.01743963238372	0.540452730302901	253
0.0181461032622099	0.539183097863299	1099
-0.0972110492082601	1.16128689024605	53
-0.0463148642423401	0.642741413337426	167
-0.0835667121697501	0.753906788132928	48
-0.0836630294476399	0.758057578191565	48
-0.0415036180212001	2.24173624414621	53
-0.04327969142383	2.0352966331436	51
0.0873597474132599	1.54327925521816	167
0.000632596768300076	1.20444448324538	167
-0.03069955714378	1.86617005060206	244
-0.0104696823435499	1.32914350920399	51
-0.00609667663150004	1.33389269911911	51
0.08678503438763	1.53030224887178	51
-0.05309068948593	0.594993632655764	253
0.02396366620361	0.538033709670239	48
0.0253239067189299	1.09208349375039	1099
0.0727650569884699	1.63866264444678	244
0.05992452809921	1.85390297281339	112
-0.0126289196309299	1.45477627224864	167
0.0199994809519199	1.06731530562932	167
0.06352479910452	0.942858042485372	167
-0.08300525558835	0.760582991881185	48
-0.02408053729826	1.67248647666541	53
-0.0831889385217199	0.757752776518898	244
-0.08575385968231	0.754889071077189	244
-0.10404831592056	1.02526962386711	244
-0.04640641828962	0.637054562688572	244
0.02105274438352	0.541318295208866	106
-0.08647799822872	0.75101141087849	106
-0.10588289092938	0.870345908867939	167
0.06700527744619	0.952179604245163	167
0.01107086258891	0.536676705386976	253
-0.05245919817505	0.626379684765776	244
-0.04388242378799	0.633096218620687	244
-0.0470095450950401	0.641888668435994	112
-0.10038351020986	1.02391483687328	112
-0.0996134668454001	1.03566378816892	167
-0.0476129582446101	0.641069787889058	167
-0.00115525676457007	1.19943002157609	167
-0.04691857698645	0.641920679502866	244
-0.0964658160637799	0.900023176395063	244
-0.0493676611643901	0.632827222194418	51
-0.0493676611643901	0.632827222194418	106
0.01165112175549	0.537068832662299	106
0.10134093342212	1.40388911873797	106
0.0102148574210801	0.531604756362992	1099
-0.0493676611643901	0.632827222194418	244
0.0162786845119001	0.53920821418515	244
0.0203333180210099	0.54202324251247	20
0.00250075849043996	1.20764201690625	167
-0.10314848683076	1.13925272454324	1099
-0.04572439555412	0.624081898026544	244
-0.00198954670344009	1.46488907737385	20
-0.0433648892493399	0.639694896360902	20
0.07309420055026	0.946197371677841	167
0.0232204676976699	1.0865187963997	167
-0.01625482784379	1.44902855447237	338
0.0203333180210099	0.54202324251247	167
-0.0931242991035699	1.59158515299835	244
-0.01599162527709	1.75556928290108	20
-0.0255372972255099	1.88135253753231	244
-0.01013314361311	1.46126387745313	244
-0.00727595374675993	1.31867516942167	244
0.0219469109808501	0.538401877211758	106
-0.1004252990568	1.15204183415504	167
0.02685334538194	1.08870935733125	338
-0.0768129158906401	0.760678696785784	139
-0.08748905558877	1.39904018855957	410
-0.0898084407091799	2.0628420104777	112
-0.0517648597415199	0.631307587026493	338
-0.0844610184505801	0.762511779129137	244
-0.04752257657169	0.635763847257323	20
0.0249418799042001	1.08757509970285	106
0.06005196818334	0.950084863135146	338
-0.08591414597545	0.759513342303284	106
0.0661185859957401	1.6431661197128	106
-0.08898368684497	1.50139299931881	1250
0.0204741108022499	0.545147475204001	338
-0.02367903595455	1.66699937127572	53
-0.08381508923983	0.757438901125979	53
-0.10931567435157	2.26355211530624	244
0.0196129811958301	0.541081832282185	167
0.01107086258891	0.536676705386976	338
-0.04691857698645	0.641920679502866	338
0.0123678898644799	0.537139970214584	338
-0.12027593277031	2.14835239311645	244
0.00915979649272991	1.21579619046815	338
-0.09786032445586	1.15705492964564	338
-0.12285221581686	1.94746458579659	244
-0.0175769638415999	1.44688313535148	106
-0.09214478018359	1.39030569037067	48
-0.0961773435609801	1.03762897167459	244
0.00524195020047991	1.21116341084186	244
-0.0773767449956699	0.7676745277522	338
-0.0207016139510301	2.14872351316376	244
0.11807696369327	2.43170309664454	410
-0.02098599219354	1.53815234282665	167
-0.08429377402929	1.41336510301653	167
0.0232451624152401	0.537871829171885	167
-0.0462242941403599	0.641567406860707	167
0.0210493974366699	1.07096859529028	48
0.00567988857769008	1.2123367882492	338
-0.0427775497014999	2.20545878831688	391
-0.0839871938116601	1.8126303312476	20
-0.11285107463445	0.850387089497633	391
-0.03433039507258	1.84941149424394	244
0.00589972386912008	1.21451679583744	244
-0.0768129158906401	0.760678696785784	106
0.02256816299014	1.08104658164324	167
-0.0187624244167	1.57141012793488	167
0.0190348506578899	0.544915109346076	48
0.0635289967127799	0.952272067035113	400
0.0642901899717001	0.951891609028258	244
0.06604134400315	0.954449285398167	244
0.03988292308384	1.93646592454134	410
-0.07751116080932	1.62062233444607	244
0.01093344291291	0.535642330212435	410
0.0681067014168799	0.948156160905857	112
0.06462262506936	0.945524447719171	167
-0.05050324176273	0.610928870404652	167
-0.0184312244557501	1.78879951170837	167
-0.10333843698325	0.88231044258888	400
-0.0998592316390301	1.36535430957829	391
0.0864279494469999	2.07419704959186	244
-0.07426402214078	2.02866907931832	20
-0.05393080174446	0.632794280166225	410
0.01889173800139	0.537357192494017	106
-0.00852076253751011	1.32425693568442	391
0.00731131820713005	1.22729321353237	1505
-0.09568758164755	1.48670466642377	112
-0.08250503685698	1.91580845814851	167
-0.10150214859799	1.03053639803916	400
0.02685334538194	1.08870935733125	400
0.0065336532845699	1.34942721759123	391
0.0532140491077	0.924213666698182	391
0.00426696974825003	1.2123389761184	391
0.07833730847675	1.50396174042726	244
0.00414415575524996	1.18711354458537	20
-0.04640641828962	0.637054562688572	410
0.01845646886772	0.539839872432159	167
0.0587269719594601	1.73680431090898	167
0.0196129811958301	0.541081832282185	400
-0.08776977869894	1.59435122188486	391
-0.10332932109399	1.14926937534832	391
-0.0460518709193201	0.630538422382292	391
-0.0773767449956699	0.7676745277522	244
0.0193266477742	1.06021440895331	244
0.0161723758621699	0.544237689615947	410
0.01527037832677	0.538718320722548	167
-0.0858379837263299	0.750454338560706	1505
0.0234146375170501	1.08279984333634	1505
0.0567019931811299	0.935185140253025	400
-0.0925030881789699	1.39755708391639	391
0.08263255919732	1.51809010719411	391
-0.0946992694234701	1.17272315165977	244
0.0316764112390999	1.93835763946137	410
0.00276761762722999	1.22040930281887	167
-0.10683583951447	1.02011450971351	244
-0.00536742552821989	1.34733751046895	244
-0.12256580148185	2.04179159073638	244
-0.09472459920623	1.16356761300809	112
0.01490470104039	0.537745634377048	48
-0.10670281719306	0.871944320882545	48
-0.0206304282834799	1.42651007144456	106
-0.0318495978643101	1.62546559830518	48
0.06613943500159	0.947514482992426	106
-0.08429377402929	1.41336510301653	244
-0.09897472690788	1.27886897823801	410
-0.0314827567492599	2.27269270086518	51
-0.07019479591171	2.13806463017567	167
-0.0755968494727299	1.59175760282895	244
0.0149634073957401	1.22698729981847	244
0.0605803288210001	0.944850360706759	48
-0.05136217524771	0.633802666431708	51
-0.10134859168624	0.886064331792193	51
0.05787131938607	0.933299157194003	20
0.0190348506578899	0.544915109346076	51
-0.07818055430699	0.765077664932649	410
-0.0492735262322499	0.637822490018349	48
-0.0554124158712901	0.625532987289044	244
-0.0929118693036299	0.740135058184623	244
0.0161723758621699	0.544237689615947	244
0.0162786845119001	0.53920821418515	167
0.0196129811958301	0.541081832282185	48
0.01490470104039	0.537745634377048	48
-0.0781007805498899	0.767339234571801	51
-0.0420669648985399	0.635207115252654	51
0.0160640649717001	0.538984141591235	51
-0.05047897355214	0.630946404830896	244
0.02396366620361	0.538033709670239	51
0.0167523167875401	0.540402083497145	266
-0.04996965822613	0.637596386975515	51
0.0161723758621699	0.544237689615947	462
0.01989522559169	0.540076308280599	320
0.0160640649717001	0.538984141591235	51
0.0203333180210099	0.54202324251247	266
0.01421630737466	0.533710449660585	51
0.01490470104039	0.537745634377048	20
-0.0523709527734	0.634652736516412	462
-0.0141227175976599	1.31409318101653	167
0.0232451624152401	0.537871829171885	48
0.02105274438352	0.541318295208866	48
-0.0242211306154001	1.62213271578305	244
-0.0948513803936999	1.16431359413218	244
0.0236266371212499	1.06401794314499	51
-0.04996965822613	0.637596386975515	266
-0.09378095421173	0.898625756365385	266
0.10454997413238	1.40058700520044	167
-0.0419788825848799	0.638741950915108	167
-0.03981818041579	0.628582999503984	320
0.0641868508336101	0.953462145636906	48
0.0168592953305899	0.54428495837387	48
0.0667892260279599	0.942587394290009	51
0.01756816493844	0.542987717651751	462
0.01845646886772	0.539839872432159	167
0.02482783020581	2.13646062045912	244
0.0275159169617201	1.08215946255318	462
0.06005196818334	0.950084863135146	167
0.0641868508336101	0.953462145636906	320
0.12464591763697	0.807953353627167	244
0.08937308824711	1.54483018416213	51
-0.0486712312550199	0.633054125993341	51
0.0111146620757201	2.20064057742045	102
-0.05136217524771	0.633802666431708	462
-0.07259610404698	2.22480289274924	167
-0.09070969883199	1.60607128739232	167
-0.04968245164453	0.633992240994804	320
-0.0525658344903	0.627013524862049	48
0.01756816493844	0.542987717651751	48
-0.0493676611643901	0.632827222194418	139
-0.0433648892493399	0.639694896360902	51
-0.10829656009531	1.02074987035455	266
0.0168592953305899	0.54428495837387	114
0.01490470104039	0.537745634377048	462
-0.0493676611643901	0.632827222194418	244
-0.04640641828962	0.637054562688572	51
0.0219469109808501	0.538401877211758	167
-0.01213649217588	1.67809017406173	244
-0.03468325988246	2.35737524672641	139
-0.09571818941733	1.03835779332672	266
-0.00719758400981996	1.34251333216714	320
0.01540382640416	0.537627465762491	48
0.0731452243814299	1.48075748142427	244
0.0924054042492799	1.51623984641021	244
0.00767726566858995	1.22148640563112	244
-0.0824637552712499	0.761040262520848	51
0.0161723758621699	0.544237689615947	114
0.0661185859957401	1.6431661197128	266
0.0203333180210099	0.54202324251247	266
-0.05006417571142	0.631584306445599	167
-0.05462613602528	0.632566622139147	48
-0.0506658751335201	0.636333257228447	320
0.0538718727098599	0.919710988672335	320
0.0161723758621699	0.544237689615947	48
0.0154845195617099	0.542796260351392	244
-0.1007467175334	0.889918687205866	51
-0.0361126461052801	0.626865367737782	266
0.02266608291252	0.541620945895909	266
0.0499925698705199	0.901450836744804	244
-0.0968369302541201	1.03745169553199	244
0.0287551853191399	1.09219708940251	51
-0.10135594928139	1.01029717491744	114
-0.10207823747989	0.897324801181983	114
0.0227471338807701	1.08272878455988	102
-0.08357835226746	0.758944917818951	167
-0.07608821430518	0.761014781717388	167
-0.0814834372223501	0.755899436513491	320
0.06386524343224	0.942415518618877	139
-0.09082840305271	0.902057311799367	51
-0.05136217524771	0.633802666431708	114
0.01756816493844	0.542987717651751	102
-0.0462242941403599	0.641567406860707	102
0.06527058014275	0.929884455739726	114
-0.0290575741771699	1.74648057820596	114
-0.1006391014393	1.14566562518095	106
-0.0224525876775801	1.67087413204997	48
-0.0857896613635301	1.78608253671004	106
-0.0901570047990099	1.17133354402042	139
-0.0967120432098401	1.0266738358163	410
-0.0900990049885399	0.898979830076679	320
-0.1043933644339	1.03239336238164	48
0.00137255357265009	1.34736889309757	320
-0.08083285000382	0.767243860948706	114
-0.0486712312550199	0.633054125993341	114
-0.0856702088070001	0.754722209104207	48
-0.07602830173766	0.761318914537513	48
0.06613943500159	0.947514482992426	48
0.0103534357850401	0.53525164055728	106
-0.09351408411387	0.901725636655809	48
-0.0822082017238901	1.82232853433634	51
0.06496418016419	1.74682283280855	51
-0.04562028152275	0.642387146280789	106
-0.0888425317489001	1.48075116131297	106
-0.0888184377788499	0.901800059060804	48
0.10835438005543	1.40304280546841	51
0.11674048347672	1.41937880989862	48
0.0435800262524899	1.83300664880187	51
0.0709218461999399	0.95524882305931	167
0.01743963238372	0.540452730302901	167
-0.0911935241436099	1.28203013129547	48
0.0973887352835101	1.98655716989276	51
-0.00558363418098007	1.47323269168775	51
-0.10186440967884	0.88792445975732	410
0.0160640649717001	0.538984141591235	167
0.04147098641414	1.82732943408493	714
-0.0765320356403301	1.62591640578981	410
0.05917106286324	0.939349539252827	61
-0.0897730259173599	1.28602601003404	167
-0.12381228575147	2.13603703623801	167
-0.0812839065295401	1.61006511518731	48
0.0153365121690501	2.1245962869843	51
0.07053765074771	2.29731726852324	51
-0.10114398375453	1.25925651953175	51
-0.0843802834346801	0.761324535384158	48
-0.12425275517887	1.84280504571439	48
-0.0400861948387501	2.34746740747005	48
0.05988204345837	1.73806669243122	715
-0.08083285000382	0.767243860948706	33
-0.12374131979223	2.20396433667792	51
-0.0361200851894099	1.81932613521692	320
-0.0107167236229599	1.57429726112594	715
-0.0968657937405699	1.55509461258028	51
-0.09406107588866	1.03671229550136	51
-0.0038291290744199	1.34604978846811	51
0.06472779502482	0.955336405326788	167
-0.0433648892493399	0.639694896360902	51
-0.0845422399105999	0.756555240904903	51
-0.08036423878485	0.758005209819584	51
0.0666954735293701	0.953603793982105	51
0.0154845195617099	0.542796260351392	167
0.0847100518147601	1.5384940918493	48
0.01743963238372	0.540452730302901	715
0.0155921614986601	0.539157585636164	714
0.0211923704346699	0.541772862671231	714
0.12419967893648	0.811587329058669	51
-0.0487367932937901	0.632998812923511	51
0.01756816493844	0.542987717651751	51
0.0221707724511999	1.07507598081461	51
-0.0579861000758399	0.621178193459724	167
0.02338433366604	0.541781692948465	167
-0.05332524598587	0.629468173493748	48
-0.04137371608753	0.634009611253144	715
0.0204741108022499	0.545147475204001	714
0.0203333180210099	0.54202324251247	714
-0.10403813947141	1.1365321088176	51
-0.09871838498242	0.898987102003685	51
0.11399655983347	1.4173389467251	51
0.0202537689009299	1.0649918120587	51
-0.0950719574830501	0.902242187654817	51
-0.0498761069159299	0.637011626058876	714
0.0640745708597199	0.956191544009692	61
-0.0962095307517601	0.898234803844215	714
-0.04861771301537	2.49774143581597	51
-0.10136544486684	1.24520882595062	51
-0.0079200375408699	1.45751004358275	167
-0.0815574920084801	0.766354960322135	61
0.01998007618503	1.08190401988889	51
-0.09717439319383	1.0355942792855	48
0.02185967692794	2.12593396904109	51
0.05038388077043	1.73540526193983	51
0.00176878026972993	1.34760264074957	51
0.07084074878781	1.64280768361767	51
0.10425237928404	1.38801444930639	48
-0.0878937617461799	1.39864668656399	167
-0.0158517992556	1.45449502924607	48
0.09574811692141	1.36115584381521	48
0.05797801947708	0.940876500005885	48
0.11036882453643	1.41360516597738	167
-0.10191583911398	1.15851762319823	51
-0.000785503810960098	1.44030102340379	51
-0.04125445007613	2.24921462049212	51
-0.11474487186827	0.994314645780998	51
-0.0932720070125499	1.03347302807785	51
0.10651521924384	1.40019122795938	167
0.06821047019765	0.957409308952987	48
-0.09908956560156	0.889848884870987	48
0.01072779074207	1.22842177326073	51
0.0590834887631699	0.934654813271998	114
0.0974973101108501	1.5256080914022	51
-0.10057657434824	1.4766360536368	114
0.0653806887276001	0.947175845287151	51
-0.09098997856133	0.733294275855416	51
0.07102354153917	0.956459588711418	51
0.0196129811958301	0.541081832282185	167
0.09742064235135	1.99002608021739	320
-0.0989974506851901	1.15628971458849	48
-0.08112601373093	0.749394024329913	48
0.01917630288726	0.540777679389135	48
-0.08163957669355	0.763655036896072	167
0.06472779502482	0.955336405326788	48
-0.10134859168624	0.886064331792193	51
-0.0933067861732699	1.28289084869813	114
-0.0792037984459499	2.0081514404838	48
0.0117428657360199	1.21994123877106	51
0.0203333180210099	0.54202324251247	51
0.01537488117125	0.53493154168956	48
0.0168592953305899	0.54428495837387	48
-0.04978352531789	0.630169980381535	798
-0.0909175966095499	1.67549204165283	51
-0.09580121063709	0.901329001713449	51
0.0160640649717001	0.538984141591235	51
-0.05006417571142	0.631584306445599	51
-0.05196386226621	0.633000727166371	48
-0.04865264836511	0.630303215082772	48
-0.08047764252228	0.750313540350623	51
0.0221696348874201	1.07556777748032	51
-0.0843802834346801	0.761324535384158	51
-0.0542727950642601	0.623682469857207	167
-0.0842200179404999	0.756340502945969	48
0.01397357803151	0.537392252900468	48
0.0633170453669001	0.954508271065577	798
0.0138377758446	0.534091497274465	114
0.019706788351	1.06835339511561	48
0.06831058070604	0.945066780085971	114
-0.0477043223120699	0.639652981116402	114
0.01975493617444	0.545870640727711	33
-0.06937893752581	2.30224898904571	51
0.00397498851806	1.2218752709884	51
-0.0382866806101401	2.23323185692648	61
-0.09528706963231	1.03886931180751	61
0.0873597474132599	1.54327925521816	167
0.0648636900384101	1.59849387426884	167
-0.09321830719465	0.898936130161952	48
-0.04137371608753	0.634009611253144	167
0.0259901802770599	1.09120178535857	167
-0.10465240029572	1.01511262869284	167
0.10667575175999	2.01566607555369	61
-0.08019013539981	0.766650376923694	61
0.0419571450209899	1.83600189847423	1429
-0.0950388781183999	1.27586857564319	61
0.0030009419110999	1.21919926006336	167
0.11997789915984	1.41173780102825	167
0.00314910485594	1.21070973784267	1429
-0.10291066792134	1.14518538568639	61
-0.107393704021	2.18865422384694	167
0.0620091463596	0.924933586243934	63
-0.05006417571142	0.631584306445599	61
-0.10018319470847	1.15524180566443	167
0.06246079798591	1.61419973772902	167
0.01455453758669	0.53778452095438	48
0.08758925837161	1.54453395336216	395
-0.09918280570104	1.03111253939237	395
-0.07894917187857	0.759657936030263	1245
-0.0477043223120699	0.639652981116402	1245
-0.00601338288486009	1.34722795704844	61
-0.09684317143198	1.27385525005975	1429
0.01756816493844	0.542987717651751	61
-0.0936057998545501	1.38308444255284	395
0.02252573787823	0.534709423362296	395
-0.0445748800981101	0.632823122302477	1597
-0.0916343242919799	1.39388305018381	395
-0.0528117808934401	0.621524244433144	1245
0.0167523167875401	0.540402083497145	1245
0.01698997561288	0.537947778137258	48
-0.08734726346065	0.746128410433793	61
0.0629226257287401	1.62705187042614	61
-0.0830041109011601	1.70803903219888	1429
0.01975493617444	0.545870640727711	48
-0.0253190691286	1.7764156733603	48
-0.0505719407454299	0.636785891476019	395
-0.0520585568706	0.628566404698731	395
-0.101367712444	1.14145078041879	61
0.00716121602112008	2.08061147101453	48
0.01975493617444	0.545870640727711	1245
-0.08381508923983	0.757438901125979	1597
0.0154845195617099	0.542796260351392	1245
-0.10207823747989	0.897324801181983	1597
0.0832607525790301	1.647143285473	48
-0.0788243181738499	0.765662979960371	395
-0.1060365097393	2.35349073854634	51
-0.0530649908649401	0.629656100784707	48
-0.09176637756184	1.40410237134464	61
0.02468124509758	0.535337803971846	48
0.0191232722209	1.0770161198211	395
-0.0147331794197101	1.57663886060234	61
-0.09513692315869	0.899580096015218	395
-0.0553215607122901	0.631315317478869	395
-0.09369717606225	1.27204092933488	395
0.0695815439835401	0.946589442052785	61
0.0827446115159201	1.52289908021677	395
-0.10796138333265	1.00928487114719	395
0.02360622146844	1.08814636051436	395
-0.0446626088892299	0.637095415580339	395
0.0666954735293701	0.953603793982105	395
0.0196129811958301	0.541081832282185	395
-0.08430003640495	0.753281310694481	61
-0.0789039268420899	0.761780620918226	395
0.06755580138134	0.958263141257217	395
-0.0503764846814101	0.634328594541525	395
-0.0862982898904101	0.892447435013516	395
-0.0180118236515401	1.5577051678577	61
-0.08292400562583	0.761600882219431	395
0.0203333180210099	0.54202324251247	114
-0.09494451575321	1.68523699351928	395
0.11110612545407	1.4077828501931	61
-0.0483991941332	0.634596762474708	114
-0.0404238892437401	0.633193846077116	395
-0.01257746364617	1.46118963987164	48
-0.08973470553995	1.0371228996389	395
0.0190348506578899	0.544915109346076	61
-0.08884200260314	1.03854447970802	395
-0.02297121909273	1.542288801926	395
-0.08922345067596	1.3941597066647	395
0.12282280615286	2.34220643692434	395
0.0176336002853399	2.22941662290945	395
-0.10201155622121	0.88775531154448	395
0.0674526335599299	0.956306932669771	395
-0.0794076107544299	1.92162951956188	114
-0.0845371444837799	1.80439821251362	395
0.05971742125274	0.93839185653657	114
-0.11028144752258	1.00381748158589	61
0.0480315658933299	1.70105522649216	395
-0.0997265747124301	0.887927930068223	61
-0.0540208797283199	0.629239944116326	61
-0.10362860187609	1.25675219364475	395
-0.0690342585524999	1.82423766939764	61
-0.07954735772952	0.762357586797109	61
-0.07753711936284	0.759034021176424	395
-0.0788243181738499	0.765662979960371	395
-0.00778561670926004	1.44800361094217	61
0.0160640649717001	0.538984141591235	395
-0.0312833809221	1.7604681107992	395
0.00552540861529005	1.22630933503873	395
-0.08918061747097	1.28901109828384	395
-0.10666571957048	1.14429721712404	395
-0.08631199952405	1.69083393813661	395
0.05288128212029	1.74560554300986	395
-0.11067077568669	1.22231036710475	395
-0.10952271746698	2.16750735069501	395
-0.0038746387109001	1.33622850136661	395
-0.07596546665559	2.40789884495276	61
0.11889499633609	1.42114953216452	395
0.0509709671679801	1.74343634466322	61
0.0927241669099399	1.5351980763895	61
0.03864210130226	1.82316465523735	61
-0.09307644050802	1.50204170346169	61
0.11108083500646	1.40399698923822	61
-0.1105294178135	2.23026377676196	395
0.00864961562475997	1.2139442290724	61
-0.0178562854195199	1.56902072633668	61
-0.10508345585926	1.01997749042754	170
-0.0506658751335201	0.636333257228447	61
-0.0950719574830501	0.902242187654817	61
-0.10073059697859	1.03080539043141	170
0.06047442363152	0.941895404013317	170
-0.0976001629038099	1.26951279835019	61
-0.0427603251773501	0.634932765857965	61
0.0232451624152401	0.537871829171885	61
-0.11702138998024	2.07402179129159	61
0.01975493617444	0.545870640727711	61
0.01537488117125	0.53493154168956	61
0.0232451624152401	0.537871829171885	61
0.0259988729771401	1.08426097083817	61
0.01527037832677	0.538718320722548	534
0.0573612538211199	0.930561250019053	534
0.01917630288726	0.540777679389135	170
0.12486862054468	1.91675241836089	61
-0.09953234672635	0.895781360186055	61
0.0306553528517499	1.08705482327704	534
-0.0933662661054599	0.902586856947211	61
0.0632128877	0.950486227876043	61
-0.10330089496766	0.887159003544053	61
0.05971742125274	0.93839185653657	534
0.06604134400315	0.954449285398167	61
-0.05523168060494	0.628095097032684	534
-0.0433648892493399	0.639694896360902	61
-0.0486712312550199	0.633054125993341	61
-0.04804451789501	0.634772928972553	61
-0.0101797059586199	1.3021628250643	61
-0.10079173502096	0.881426948293013	1484
-0.0420669648985399	0.635207115252654	61
-0.00239427121916003	1.35355714926484	61
0.08370038163846	2.08851215715909	61
0.07100128454957	1.65213515099115	1484
-0.07745668361131	0.766750459185755	61
-0.04405805837288	0.637903120769397	534
0.00529138107617011	1.22107071306686	61
-0.08172214555455	0.754027231949484	61
-0.00929929397513996	1.45973606597135	1484
0.0328481367734299	1.09160662836061	1484
-0.09417860348393	0.903481309827242	1484
-0.0470095450950401	0.641888668435994	1484
-0.0754597044638401	0.760517760394928	534
0.0611256102022799	0.933982196803099	534
-0.0134414462564201	1.45714526332304	534
-0.0687659682533299	2.41724972988361	534
0.01093344291291	0.535642330212435	61
-0.0886878098028201	1.49797194058849	61
0.03126790727961	2.0152599685185	61
-0.0000595991766800808	1.34599991424046	61
0.07894827092304	2.18460528354263	61
0.0317929523710701	1.90463060517518	61
0.11769290939788	1.41390194996452	61
-0.0897430574128899	2.07615438857429	61
0.0123678898644799	0.537139970214584	420
-0.0931373747591799	1.49058098297396	420
0.12269261088647	2.48252316383402	61
-0.01448854584819	1.55948731800906	61
0.0238654292632401	2.01956374473644	167
-0.09723553924047	1.28121619048466	167
-0.0801077013128599	0.766988342617137	167
0.01034790046503	1.22071643645948	167
