x	y
-0.593120355642737	0.229842126042555
-0.175869788469115	0.0713688951240805
-1.55775880570834	0.55671962166184
-0.335526987302738	0.252215917162741
-1.87478492943453	0.766213095494979
-0.0726899148493863	0.0394179350921719
-0.473165309598455	0.201872933009848
-0.69302757726592	0.332384737570868
-1.08964934648613	0.43791966465954
-2.12282020837719	0.965203460272293
0.316577157280992	0.136703464542968
0.0872526877428705	0.04956903557963
-0.67964172033502	0.330716643179201
-0.112016164520741	0.073187924048024
-0.420770831870349	0.25101300057057
0.067583566633665	0.0248287897853462
-0.390466134450405	0.114207620517753
0.755517908186797	0.307173390053284
0.276658342635382	0.130785506178778
-0.338834747247366	0.166956615334116
0.769623986899503	0.52559882707075
-0.461273635583805	0.194388042061601
-0.729710508155173	0.434739834905438
-0.37730468019598	0.313244395119986
-0.782325198541867	0.270060300390934
0.193247489294354	0.176793081123611
0.0760796947184816	0.0371780328946634
-0.690002855804821	0.330809434484815
0.0848371907781337	0.0506759241518347
0.2060744170441	0.141749281222574
-0.635956216326445	0.407954205047103
0.0908370103727263	0.0543843422038913
0.0722323505926004	0.0265196316203442
-0.115589037108301	0.0556931369608745
0.0814698058450581	0.0297201065494036
-0.646678073958327	0.632400766259137
0.284360582264169	0.135208927845238
0.205968328752837	0.159120953903001
-2.53253140664902	1.42121700705569
0.0664207647534853	0.0299080397474465
0.0946521608466018	0.0301740469875362
-0.784821679690783	0.272251756501701
0.0748317400036176	0.0275952637707166
1.70841942640761	0.921256455939763
-0.676692762137513	0.328864726787606
-0.183733433774294	0.0734406946022587
-0.591948751244404	0.227812106984222
-0.281972984391248	0.092695894956706
-2.34348162845428	1.19283498377491
0.320254741741593	0.331337727273464
-0.167350783819288	0.0676054953229615
0.0768030231932262	0.0280638490843068
-0.288582302516942	0.0942895773137233
0.982021046962427	0.363053655165164
3.2565918874831	1.1050644302855
0.216521005139547	0.14362994198696
-1.55859357319854	0.559769753604985
-2.11954514768036	2.77960839983164
-0.270158310301976	0.146622510613838
-0.219452176887586	0.0801685990748648
0.0780094395620446	0.0287317627796464
1.50259591692706	0.720878278886765
0.163659914308261	0.0319253139355892
-0.327285719225529	0.166441308333738
-0.859909369508197	0.468328159542842
0.37333650545295	0.1446268731375
-0.0881244003699651	0.0687616006982591
0.203203252985972	0.171737640054251
-0.183367296744468	0.134163881966618
-0.467928898948995	0.199452398403393
0.6224813462881	0.192778829678731
1.26685929533059	0.54428495837387
-0.212204482943521	0.0770515731095937
-0.284233923048635	0.0932789184665373
-0.778494608882152	0.622017806485887
-0.182016678357176	0.266143737962593
-0.0403696309741845	0.0546106361792861
-1.91797564636684	1.21693142467717
-0.37994594175396	0.173315248258479
-0.383467011465663	0.178143422709915
0.997661311854778	0.467604358315626
-1.08935655759627	0.438933068712187
1.38221695837177	0.817372681214975
0.619293487851292	0.276241962693884
-1.08763861363483	0.434438717987884
-0.169796197358405	0.0681780494512959
-0.0137592378888965	0.0101920543269635
0.685028142394513	0.697288429637026
2.68417712695019	1.55111216088847
0.937014825487275	0.247501391945126
-0.393423902424395	0.114153309434115
0.100804134010776	0.029318072573185
-0.126613468078964	0.173667931448349
-1.02776248242965	0.629727366887672
0.703948583025463	0.392910036848781
-0.483257760038764	0.276855026907347
0.869994853897611	0.553540120445788
0.62331064650004	0.280162617733077
-1.18280612840927	0.809947528103927
0.0687181561498302	0.0337354461293064
-0.323548141628296	0.165081817256895
-1.0869387297601	0.437220408729647
-0.279021547659075	0.0916994777613714
0.0119465696026519	0.00927382489448798
-0.170628838725188	0.178214917679787
-0.207291400964181	0.240705384548928
0.143494158472423	0.136468696508951
0.327854031583147	0.342926690538298
-0.464733399784219	0.194559510642261
-1.3459769696769	0.614124685638575
-2.12693973261943	0.981192405235996
-0.468635330223977	0.199551310832381
-0.601573228127005	0.226116957739407
-0.110055679216288	0.176998426743004
-0.252087410733087	0.45411026595997
-0.246654339310231	0.405028981691335
-0.291955605920257	0.531647811500253
-0.274259807804785	0.512980653481026
0.0758886541423489	0.0403083216662976
-0.419261493747251	0.257426587508432
1.26617237586217	0.544237689615947
-0.391913536074903	0.183329676116835
1.38602416983423	0.827408068616722
-0.178301391029978	0.0725302470865035
-1.56066917630552	0.797957010349041
-0.00154982614640962	0.00173091521787064
0.0659253855144218	0.063980831465555
-0.360263767498338	0.352566741742656
0.45821777345018	0.24607996909638
0.389741872966092	0.244511939353576
-0.170996987486736	0.0695869593109789
0.822019918577626	0.424794539025205
-0.644388682715615	0.156611606851412
-0.0720275640964488	0.114529096191462
-0.370956269909321	0.706886205801839
0.077206743168886	0.104378363582687
0.0453330979448332	0.0615871449839354
0.0107733732955587	0.0137068330446159
-0.684709585491117	0.335273641449452
-1.05240594238491	0.52516303732571
0.281492266013169	0.132188372391327
-0.277102059087423	0.152492430439563
-0.843644494834143	0.375788186799762
-0.272395885267983	0.147472823887004
-0.1671315458412	0.104698616853696
2.50379865968304	1.33837905606754
0.0661405757814335	0.0242316800868094
-0.781315129447024	0.272091885430255
0.0785063950437211	0.0289141542088988
-0.285699079692808	0.092179973878346
-0.11988109556575	0.112942814371554
-0.209678854198541	0.299953330444742
0.524117674681673	0.826253971721815
0.412439986442316	0.421609171466059
-2.53182889769738	1.41828431245027
-1.56625974834844	0.790979499924398
-0.219452176887586	0.0801685990748648
0.939435318789204	0.246610398890443
-0.389457563445465	0.113252691370962
-0.326540777143387	0.24748114334398
-0.283386011139342	0.24333504206982
-0.335383823010296	0.398734489602595
-1.09271495513081	0.442597192627695
-2.13139600006214	0.982362217179854
-1.16351711030998	0.351194977573717
-0.22230998359753	0.421419313446078
-0.0144489290372698	0.0191629955463694
0.106623676815634	0.139543699344709
-0.351519811277014	0.546698668620845
-0.00936828624295991	0.0103820787157621
-0.12907875734118	0.195620854239596
-0.109656921771273	0.141485651716644
-0.473165309598455	0.201872933009848
-0.54944962753806	0.372950587895786
1.68475402682889	1.21255233169578
-0.469493332510107	0.199927656331241
0.06452680749776	0.0259852581658764
0.417815263664932	0.246182370095139
-1.23457266989744	1.06369112182869
-0.179807330477066	0.225182979406236
-0.281374982842394	0.469427080637785
-0.120899565722459	0.0925986403291614
0.643496109341541	0.493103870209219
1.14864405071861	1.01029717491744
-1.91427038604751	1.72384385351631
-3.32708194423658	3.04394079719992
-1.00252333383773	0.723743696545091
-0.490346988216858	0.282118048988883
1.14792176252011	0.897324801181983
0.0693648335837284	0.0312802827276868
-0.496623826939748	0.281929379326093
-0.130632022576281	0.142421256229699
0.00572964279396469	0.00546241962447801
-0.129339572042414	0.17605582954904
-0.255947579001601	0.294277377754885
-0.0442668532333836	0.0400044546057003
0.326859027706948	0.138832120337199
1.42595936707127	0.46464634975394
-0.489693465601369	0.281600043866997
-1.09271495513081	0.442597192627695
-1.55759199477803	0.559723883081557
-0.302834545276309	0.23145001518402
-0.840608719524567	0.37410133209998
-0.291645689412413	0.296818053799829
0.0841715126680054	0.0931158298387626
-0.0537802566279867	0.0377357587869093
-0.660247048358061	0.857158473451859
-0.270642140693198	0.311029435887693
-1.01400908449264	0.746205607408849
-0.586778855676222	0.226903688715173
-1.23528608785542	0.699173586912727
-0.409279136997449	0.945290071601302
-0.370339401048516	0.741254951498943
-0.144090169960684	0.191975584303503
0.304080224642558	0.465248247300567
-0.00431098487699622	0.00528238787709448
-1.55650102687777	1.07828862188434
0.869775115522448	0.550901208914265
-0.092065163203813	0.047469542107906
0.620957951596701	0.280788197797856
-0.485863993416555	0.278866727484752
2.67471155972282	1.58070868082077
1.60215116544791	1.70122817231759
0.332426450125614	0.543386233916798
0.0740420743380819	0.118755811690398
0.207503562568096	0.16046819979152
0.229092524770838	0.136455957845154
-1.75049051085417	0.989592771322737
0.243495060562376	0.134869245895053
0.520371502698173	0.257378285467559
1.8875417979601	1.12450489977892
-0.107799777293963	0.0519296438644327
0.0731674238928863	0.0298806874454337
0.272460644178697	0.125960313837568
-0.394236532390104	0.183558923996735
-0.476506855014499	0.201332397623362
0.0221802776146756	0.0149406578895411
0.345849936884599	0.24219262389041
-1.56557415620644	0.796899586410417
-1.40679548439673	0.891014073465948
-0.166040617742204	0.163828549162987
0.357800546590478	0.492045506303422
-0.0275897213342177	0.0355026906928137
-0.425695515379471	0.651481778936683
0.216513029120383	0.22532972992497
1.19863782475229	0.633802666431708
-1.08865784704363	0.441789748849559
0.623907306534403	0.194112599022884
0.469854346554944	0.163136844076554
0.981334581311431	0.363606045743479
-0.462084715368127	0.367292770748266
-0.734345107106826	0.441948061566645
-0.0885935714502162	0.0766566572592937
0.46161479484521	0.763127130265907
0.951629878178554	0.825573694378808
0.744995897732817	1.18758294458413
-0.221874910485005	0.284523717713135
-0.0915983584565816	0.047307464478252
-0.666154707429149	0.486179334316036
-1.56547691515168	0.794185585065014
-0.324638610612381	0.164511474075678
0.145373436445574	0.237910960170117
-0.578533293075566	1.42495238728385
-0.128839608034149	0.171771295494907
-0.515324869631005	0.919307840204202
-0.321572624061174	0.163539999449791
-0.0901380466383262	0.0467924466769688
-2.53298993681541	1.42761873203586
0.082687167476315	0.0439311720983141
0.0737733927376767	0.0300340410462438
-0.180519158759589	0.130538974266163
0.123395992773615	0.168139937685876
0.0482332079828848	0.0902408193290301
0.475726142069004	0.668044557780963
-0.701248639779568	0.628559998562853
0.0937779564902894	0.0563406052102521
0.0911342155328962	0.0547232465148589
1.44402992949577	1.14370914478459
0.999304200182323	0.574508107456035
0.907955193301942	0.686130870438057
0.0681106705793158	0.0276484769722046
0.0810318530308528	0.0265912254997421
-0.885823477636015	0.587769664618319
-0.877783486520203	0.655780155633647
-0.172457289865316	0.143632417498813
0.0116493969738522	0.00978371803530251
0.217105480236375	0.184054612309827
0.317187319661597	0.137032961183765
-0.382811248265389	0.177595486541048
0.12575043054569	0.162649063839644
-0.0322729084340755	0.0409847679377212
-0.117977659233995	0.216686613827037
-0.196398301429042	0.295158006217473
0.431859806050346	0.770497719960837
1.31527058014275	0.929884455739726
0.278024405868376	0.13178413737364
0.463345795356449	0.161618675437089
-1.74838160299249	0.993505879235856
-1.02702213627106	0.633804784243611
-0.76725307332636	1.11739099364284
-0.734988385937426	0.442563867429312
-0.41488289968909	0.581026884918163
0.317756568298802	0.677240063324597
0.0485021817029764	0.0361927234382737
0.0181636052533901	0.0197486221356443
-0.615357638484048	1.52066272630117
-1.9117230899505	1.20431503623337
0.369116695546333	0.143550009098403
0.454231042273366	0.241828948157147
-0.281281381012442	0.0918359242783691
-0.216414409687242	0.0792559007301172
-0.883535846007071	1.1987489464866
0.101096338632412	0.108621564404354
-0.0836446216074981	0.134317115216098
-0.159714236280401	0.264987523083258
-0.287195759221602	0.465032353572577
-0.395697134788513	0.707753347349671
-0.162035808960783	0.23031925192408
-0.256456591598624	0.200474121474745
0.473643450895553	0.508316547552651
-0.452680707741402	0.432271754433844
-0.15257244672461	0.113158488265829
-0.197596922111585	0.178532623743285
-0.423049702670294	0.410629837275315
-0.21842837954398	0.282553535063927
-0.287068262330793	0.565668481659098
-0.156062942674852	0.332296497566908
-0.0843816832803684	0.107895409679799
0.365006282319627	0.436551264804922
0.0271942376344961	0.0216115598259847
-0.993475055826379	1.6470104382565
0.267840319863397	0.266081118300086
0.198171960092271	0.171154242798231
0.801109697421238	0.934774132645537
0.207314340201661	0.169767838679032
0.066527280297829	0.053954802905399
0.887389361854952	0.997260330357889
1.22094242582283	1.74648057820596
-0.0067514972415723	0.00410829108167971
-0.0571851286594442	0.0575317673249262
-0.585699416499181	1.23596184631908
-1.03341390586149	1.62114684180157
-0.227749350234229	0.179910402012516
-0.569094931105284	0.520767613657632
0.135447447983808	0.109438330371516
-0.208027767186269	0.328413537418411
-0.139293349024743	0.242780947616309
-0.0829903536195587	0.135535886801239
-0.53203234421434	1.34607965564848
0.296710035750131	0.517370119982048
-0.22325858571976	0.194605984874476
-0.242028228994723	0.168232599916507
0.203678491464443	0.162485111279562
0.514372499194765	0.458786878176253
0.996076645999989	1.06721519052343
-0.277518663296302	0.358697620810685
-0.163896687632516	0.117511652024048
-0.261684715342969	0.405983163177253
-0.069204068274034	0.10262266337169
0.215028740534946	0.246743778756733
-0.118056302183117	0.172930134545953
-0.699734153617651	1.8675475692831
-0.969616269159612	1.22165792363024
0.0364687160083961	0.0253728276007676
-0.449853297291029	0.428225651222616
-1.2160444391637	1.34852524920011
-0.18023294079991	0.130405250628488
-0.500841242543106	0.756483867474864
-0.768053925629097	1.12725308629044
-0.548655375076508	0.98410186247472
-0.608132699260659	1.49378557556458
-0.0809486915924798	0.0891411189780193
-0.147292367506557	0.166700197676439
-0.187988702253275	0.185072410796609
-0.0871646063261635	0.0910285350155484
-0.0184657276404556	0.0189512493152441
-0.192190116433315	0.228842482789657
0.410940484983688	0.497448165335655
-0.386605167293581	0.506131123647757
-0.203146252767784	0.236324890052618
0.368679793294253	0.714880615337092
-0.322572844444357	0.51086684687079
-0.148856687963657	0.189425597354043
0.224562862310686	0.356838088091906
-0.222974248165068	0.315953505001616
0.484023844845178	0.797606517240508
0.48211428666214	0.772058077063631
-0.174395110328255	0.169411468217912
-0.479741552872566	0.643584606988498
-0.0227460093681771	0.0213517662597158
-0.267164533376097	0.341838443645083
-0.19478561988699	0.228933057222334
0.192730582735956	0.227492252591034
0.555168767775687	0.911280294101735
0.504457152132891	0.687501876108909
0.017075420518578	0.0192260677351301
0.185132627656657	0.257244979770387
0.0771938125715931	0.0843934759412649
-0.406361780117139	0.521595714038981
-0.305198983387363	0.424390608329784
-0.0244239553505916	0.0267680277443964
-0.133075004949062	0.169283392151902
0.795184002712431	1.76878231995032
0.10879245804858	0.126268980723041
-0.285748411913986	0.450221033687597
0.0689591879146269	0.0762338717543909
0.211620139396945	0.263496027030192
-0.307741394273169	0.409661180058799
-0.073493502393103	0.0780786439344097
-0.374694561166933	0.461055655716315
-0.180656322391887	0.204926698278634
-0.865246309471894	2.02122087821004
0.106138964735159	0.127837177623127
-0.227939167492268	0.297660511516705
-0.336467365107493	0.42536320108485
-1.06282977862644	2.36906456409849
-0.389757642522235	0.661265689772521
-0.2308514161176	0.282993861055339
-0.0219538026353685	0.0240040530788062
0.280635012202584	0.364550542388607
-0.178791668752171	0.20228421058478
-0.294506742665259	0.379775808401129
0.0989883897133048	0.101006506033321
-0.34383191393675	0.494796688880577
-0.737397499901085	1.44573426277207
-0.365846264514443	0.524336716892564
-0.379984855407084	0.606830520805227
-0.502978580871082	0.821058040378514
-0.0772172072563873	0.0862765017049549
-0.389431837024214	0.180598965607395
0.233587644433645	0.131368882759617
-0.571685787540304	0.303303090793085
-0.265334211213849	0.178393738491546
-0.140286065919473	0.118773305308455
0.0198674575859544	0.0194848886510497
-0.662261823868595	1.21598394493695
0.256224368646352	0.332116401925066
-0.149125846820968	0.187583542705979
0.413055002015073	0.896545074439906
0.261339258970178	0.501221246533501
-0.437679269210781	0.870674918972346
0.116552385248027	0.188844965200874
0.0954865297717686	0.13613576569627
-0.0210937349719043	0.0219508645176794
-0.186460894028329	0.238173200030217
-0.069993818664273	0.0840698544631542
-0.511619036548527	0.823200653779722
0.0330116743585896	0.0348724241335026
-0.099690079106341	0.110855552119072
-0.061875338813122	0.0599587450162374
0.100676537719853	0.0913977056857021
0.295863122929889	0.366718647832397
-0.105412196656545	0.108807831788892
-0.148451094575265	0.24473873716369
-0.112095019208831	0.167180156120899
-0.306376045701119	0.555836627479702
-0.125351952840791	0.137247668562167
-0.191055647715237	0.217651220361938
-0.0558465150260342	0.0590109533677729
0.367256438420606	0.762930851796715
0.416515417192893	0.814725122333961
-0.644114109613539	1.48771624044554
0.386777094628636	0.767623019486841
-0.147356117024569	0.228236975919287
-0.652368629193064	1.20602044727198
0.181681289465	0.216789387958235
-0.0751684637284234	0.0795080928472128
0.156793934795072	0.169152164285288
0.640424940886966	1.1237117023183
0.0701168782824588	0.10314179271214
-0.031170794174957	0.0324687068994818
-0.424112600505798	0.867079613479944
0.0781421661940218	0.110086470732495
-0.176592796057257	0.274625309063863
-0.0882997652274845	0.132361007244421
0.154517701867838	0.206678425350638
-0.145803072141227	0.174662167672547
-0.0133343599183611	0.0132455407138299
0.388684246261593	0.633513340313396
-0.0161389069246997	0.0152134494340103
-0.0459033719601013	0.0486265546706545
0.263320786592938	0.328313080711763
0.302297191715263	0.434925843448336
-0.226225317821487	0.384324796021172
-0.43703581156021	0.841527507063387
-0.392980540896173	0.556745578535173
-0.383338149024445	0.547512929111133
-0.3940668104351	0.623096756803898
-0.0887172571010454	0.0931171685480003
-1.02665553295959	1.0911848991249
-0.16320239476207	0.101640324327323
0.236465987055848	0.131921985863867
-0.0957485152966869	0.0494542847366459
-0.346020443410857	0.315808381222095
-0.280314147136439	0.239916524495104
-0.152237355110052	0.236139535530905
-0.116426702927126	0.156426348287022
-0.190360131413229	0.279599161817888
-0.335693232223014	0.56159040438165
-0.340883881567797	0.585573605354967
-0.0369804201106929	0.042863595632308
0.236424847832522	0.424414181655162
-0.0686079491950829	0.0803545590525385
-0.416365287239286	0.464017324972692
0.1869678975773	0.285243064349516
-0.437911297093158	0.825559041064567
0.218148730574198	0.296614700579888
0.00426120484366124	0.00499606786928912
-0.078048453038805	0.10018928707333
-0.136426156195396	0.196793671916115
-0.146425873456336	0.195258592397398
-0.0664834197633263	0.0796150603033752
0.141046953845916	0.19073123142112
-0.0729720051671547	0.096812581222812
0.0422405340591303	0.0502344682285196
0.00792492732018562	0.00968471251464247
0.0297914140644798	0.0342107160493623
0.146079964530599	0.22239750065121
-0.434426364352549	0.758499248091022
-0.0582464329393966	0.0615818605102421
-0.0160187865127621	0.0152775266219464
-0.367973942095319	0.438389736138733
0.0172864011027043	0.016929744534977
0.10637153918521	0.120885713428785
0.0954625182690078	0.120004814260487
0.138209425808471	0.179551561767543
-0.131596869845086	0.183289232835247
0.186833970123412	0.268970048303118
-0.702096095144022	1.39642345033753
-0.134611231229819	0.197523475086269
0.00481635269420899	0.00566402784530393
0.0930145767825998	0.108512633869922
-0.448561943434536	0.642505181968047
0.20777583712397	0.318495246996846
0.267953904504566	0.406282086351336
0.28918991256894	0.368819953037597
-0.589334305618206	1.48346662101067
-0.115714833781805	0.154546409259014
-0.288509770942392	0.431987037297697
-0.193838229674793	0.264284980625185
0.0964659995181535	0.12421903687644
0.501242416842823	1.03599839813966
0.396760952240192	0.813973450073588
-0.325983748176405	0.577303882426152
-0.190668399987218	0.262505915450568
-0.626859182755183	1.25311479843141
-0.161311870643474	0.147819588364062
-0.168726966997099	0.189210522621495
-0.235630036636919	0.22762386514058
-1.20592861800756	2.03037001643403
-0.36597012001747	0.233764256304954
-0.16724515245111	0.0675781546496129
-0.483257760038764	0.276855026907347
-0.588292351393379	0.225806456408434
-0.16724515245111	0.0675781546496129
-0.389314007007522	0.11306509974214
-1.08865784704363	0.441789748849559
-0.0436564802521603	0.0248704812585181
0.0827803853082231	0.0469381306507042
-1.34277677301109	0.618051447663223
-1.05135304624309	0.524358342241853
-0.600650716537421	1.44916171811198
-0.378209978802007	0.81097265880652
-0.118233329169728	0.184096692852809
0.413572479014438	0.787557256409187
0.328744136834677	0.640231124503119
0.321971690742232	0.598655146384826
0.528255885300193	1.20510382963764
-0.0245031188297345	0.0283702708777775
-0.42356233925889	0.563046242929232
-0.16667784770205	0.248005742915943
0.0478569243717808	0.0594518982414308
-0.0325763317275342	0.0421427690817976
0.110810671690658	0.144866139117289
-0.266348824708469	0.432654898361272
-0.0874914326093918	0.123800629434223
-0.297272883104501	0.501867236743711
-0.0724691581995548	0.106819967401972
-0.238519218073003	0.408922087291474
0.0295666804393071	0.0376283604631243
-0.346143957477444	0.572869441942659
-0.314532783162198	0.562900957867712
-0.0187483445733819	0.019962930135491
-0.47755267188233	0.95040689495725
-0.069692869530942	0.101628463664715
-0.301355851643459	0.53033890729269
0.0122839959189578	0.0154647036099917
-0.419380789718611	0.541529648141877
1.28363421302602	2.83578923579521
0.647534120353971	1.06416625471921
-0.306835076301911	0.402250518332828
-0.591656258908683	1.05815546293548
0.26032953692987	0.432802626603998
-0.204761129814399	0.298949763833892
-0.16104464127858	0.248103913451793
-0.348526117475083	0.670593081164485
0.382072609883766	0.727360136031831
-0.00759212759063897	0.0088154333709194
0.093043694209669	0.116567001362026
-0.302488920608191	0.417588014647448
-0.581671644174397	0.914308136211348
-0.181370921717048	0.240097387729174
0.0616282340872244	0.0656054933619849
-0.147509886328254	0.145900118419401
-0.409463425149079	0.778178627710517
-0.308057258227358	0.594270001379409
0.0106643826362587	0.0136173896370789
-0.164078179840534	0.236505991457681
0.249941665623753	0.412207091574815
0.264218132393731	0.504011346890657
-0.356905450131816	0.680217902507825
-0.273238218486876	0.412416181020688
-0.810548411933881	1.95202702086101
-0.707611058174722	0.678471024680127
-0.631394558014287	0.401080897347276
-1.03530736030358	0.641021827037066
-0.116717474046459	0.0568347297721851
0.0095128011297775	0.00621230472847424
-0.933123115143912	1.41289968314985
-0.250032268449335	0.192645378891439
-0.485279940732398	0.275627065652875
-1.02843984358214	0.632157234547797
0.249467357050179	0.128573410051316
0.0785063950437211	0.0289141542088988
-1.0921414580217	0.43963386986034
0.0826554483187954	0.0273070224947341
0.067717455183314	0.0305908958938122
-0.839245374563518	0.374304139759012
0.136691698731902	0.0337280912386556
-0.874277812648055	0.75630660763037
0.604663918615409	0.486921940440642
-0.110773128551115	0.160483579170635
-0.123024534905417	0.174930759570224
0.00962607329046336	0.0118232208702006
0.272233289395504	0.447936010895206
-0.178190773805259	0.270406234111377
-0.320040415161154	0.443520098121406
0.33450385250041	0.325749640702695
-0.0865554823569875	0.0952986841366666
-0.127762616098338	0.163228018953831
-0.375535967764149	0.616446905018957
-0.262988877719849	0.399409929012616
-0.000620340921848171	0.000688486616736942
-0.666129270258719	1.47413630628076
-0.0539725900809958	0.0631292766555988
-0.154803615998623	0.178369862206088
0.0345294028887525	0.0376968961065881
-0.136924907537422	0.199213943642522
0.20667492781218	0.331852317583375
-0.0144111923054809	0.0171210009750374
-0.382830036012835	0.473506133079001
0.354634002357145	0.443307484807524
0.397845417897198	0.334224951529327
-0.660732852649788	0.864569243417919
0.419913592904163	0.583038328004394
-0.501844168913467	0.833899403695018
-0.190915273993274	0.282373190306331
0.191002760181146	0.306828799512622
0.00218557811452741	0.00263817615830731
-0.391159170625047	0.69769003629278
-0.0598198062798701	0.0732888289066256
0.0510478211933701	0.0607159410688261
0.0124242031989827	0.0122576025772009
0.37987875004336	0.497059439094424
-0.438273264318625	0.688029265494258
0.0607947719061835	0.0566929982625933
0.209389039255004	0.205590314924327
0.153421886990118	0.218273144410407
-0.0827604079709413	0.110819552593757
0.0202663530115284	0.0242701228782007
-0.173057278460541	0.247920273546375
0.018163698825286	0.020433381492029
-0.367336503899098	0.69299831360458
0.315212329290208	0.569930112333933
-0.149215794506965	0.187632869681859
-0.233525997493082	0.316650010017713
-0.417180280811992	0.594191070322296
-0.237485097723572	0.241079018770108
-0.506416557147037	0.77035397887599
-0.20101462314892	0.16504073095591
-0.887282592349308	0.75432438032294
-1.64031893856416	1.55238411508067
-0.882258252566039	0.679105977266577
-0.382617974937543	0.179211155552755
-1.33929532530804	0.611503303249929
-0.422098965514057	0.25899971355695
-0.294060944833756	0.227418586330869
-0.480745753495594	0.339231101525389
-0.383971047631174	0.179641071492978
-1.9116221614998	1.20375954757487
-0.513515339953981	0.399900571508003
0.374694297984096	0.146326663408155
0.0971329655172411	0.0282318626504774
0.105081026275324	0.0304249291072773
0.981461684140044	0.365427522756322
-0.590176044829628	0.226966774681667
-2.57185252800851	0.693041972437165
0.936367330247619	0.245810660023444
0.757042298692838	0.308527468469745
-0.0869190292482955	0.0450419990152219
-0.390619638264848	0.18217103607981
-0.418718347678677	0.928304772991859
0.0654274869721368	0.0891786753099767
0.153052784937298	0.214343182021905
0.153593885090515	0.141562418479793
-0.785237176884077	0.743994184661407
-0.342775168378761	0.614601211979621
-0.41102638908232	0.804198509558503
-0.180462857537357	0.232998586635986
-0.059614504411027	0.0726011894764172
0.0122482465856501	0.0150571441152834
-0.248847617447325	0.444553446272682
0.181158835552277	0.253682650309594
0.28446716698528	0.395894455080473
0.620471665914559	0.743056348059928
-0.132021972625384	0.11104477395841
-0.359615420491902	0.402415144333018
0.000958775446403931	0.000765288263038586
-0.159652510962652	0.200721219702039
-0.034464061120939	0.0411141244031169
0.00982395102233928	0.0129548657596648
0.224576600604198	0.35825745325113
0.189484136406392	0.265155454748475
0.0173746319104068	0.0190774811809368
0.0701877553534558	0.0842977696736165
0.0119260802902763	0.0114060879473784
0.466011958661385	0.607472522889242
0.160286551724195	0.21266566581316
-0.110500232487689	0.122471382205281
0.463065102929923	0.604482720144833
0.115118969379774	0.15516658629247
-0.244563985243176	0.405344365613132
-0.314458594427018	0.569387060572317
0.151155599255408	0.20756954913069
0.0682143186754386	0.087316720345104
-0.143946808840191	0.233943150028661
0.191199040639314	0.274507854340613
0.136765109589694	0.171301134866689
-0.247599594219523	0.372126827088104
-0.826946171257435	1.23969970630149
-0.705007409776126	0.919096839933551
-0.853296968097991	0.987124400539513
-0.365320332968742	0.233682959743199
-0.266691504050452	0.179965769467832
-0.486452161727582	0.277873345599755
0.469588749392953	0.161841270425929
-1.17782345355515	0.796265511193653
0.0838269217908602	0.0276906273654729
-0.171605879065846	0.0698683792593281
-0.332445369507749	0.276363918656677
-0.665312080265337	0.700492779448643
-0.358505846146969	0.226248302884543
-0.386982997098063	0.180670109630423
1.78120407332178	0.684553659991903
1.3807215343378	0.816754363675922
0.522457947657181	0.258459746347837
-0.780621338588044	0.27365972431568
-0.282548617323577	0.0934288649662158
0.62197570105732	0.193886107986901
1.77822198684398	0.683613630208253
-0.643736593348132	0.156287938793396
0.460446877814154	0.16086399615881
-2.0688939757168	1.41139013894772
0.0306857701027163	0.0431276798817055
-0.0511715138336505	0.0665478269039618
0.0336358313369354	0.0384166859870982
-0.0411885271175277	0.0516586970778342
-0.12084314630555	0.19635428528016
0.0751777720388652	0.0964417671366215
0.300391739256555	0.366275045220059
-0.418533284954407	0.508788074430025
0.0615899113335942	0.0488216107118285
-0.349168914024359	0.480802829876342
-0.106408782454179	0.140394063481952
0.25839604356797	0.444523691742407
0.105835031140402	0.155016393696713
0.132874237210744	0.209363660350174
0.295787203461365	0.577154905502627
0.247898968143174	0.408684566708097
-0.187773526359933	0.286231504636028
-0.406596495191219	0.543840721270516
-0.216725477429689	0.240622153561799
0.276651724798085	0.406872597355305
-0.0102242097003694	0.0104806778620421
0.277897663870041	0.25825664590412
-0.0696207513761683	0.0939980931495061
0.363313053612052	0.806391367188961
0.0679942340000456	0.0987990560691092
-0.595107406862907	1.35032209663902
0.0742788518662965	0.105529595195163
-0.246776498407208	0.482585545250873
-0.123093313228609	0.192126986227687
-0.193253625045096	0.264217096635533
-0.354769111884813	0.614290643151137
-0.579532802158426	0.307071147127223
-1.03711293851676	0.636452564228618
-0.0442730759477439	0.036675337208869
0.197886265978895	0.200088073530855
0.572523706605417	0.563664373779693
0.62059779348953	0.379160847209662
-0.41704193289987	0.301598466699962
-1.23704409974021	1.07410607452948
0.701206538187652	0.392106832463093
0.280774957987541	0.131187143844689
-1.78346459010975	0.415096457236971
0.0844273661385857	0.0477611434356857
-0.378684542444494	0.315005876553814
-0.354520755455995	0.224112018126122
1.38250027072795	0.821945996226353
1.16916714999618	0.767243860948706
1.82206520703646	1.46938743988209
-0.387556669637804	0.181907681520492
0.75713284014556	0.311082427833555
1.20132876874498	0.633054125993341
0.131467259354295	0.0323356406007025
-0.862184700139465	0.474593847882704
0.104392141069775	0.0301215924423131
-0.638650683410332	0.155084261982669
-1.87659941150928	0.774465327119428
-0.249152746066119	0.427046199829023
-0.359923818644421	0.77263741597208
-0.264826339228346	0.469351550254665
-0.0958620886818584	0.140031992231205
-0.485206670458868	0.979442083062024
0.447080475958412	0.528155319382394
-0.00408876223491602	0.00307321979101104
-0.00951233746596885	0.00711140192989404
-0.461335713573059	0.623355716969948
-0.217322135403116	0.327304583024408
-0.307112784720036	0.491817931368504
0.422204003841276	0.951429369143941
0.261733215575622	0.466549032970809
-0.466518257082787	1.0084579786322
0.143548513650889	0.206610976206694
-0.236066002659852	0.390459857744938
-0.243023659570998	0.317362496665675
0.319408991268659	0.346515459171771
0.257399966851721	0.36814372672949
-0.102248586068422	0.104132831397754
-0.29672882828573	0.321744145210328
-0.0162851167112827	0.0196091286904336
0.213334491512795	0.375136982704023
0.346133802981522	0.75008231277772
0.185620778074525	0.260328059202722
0.171941782813831	0.280782018453503
-0.219161032098298	0.411165307173317
-0.0568928559839494	0.0683150285020417
-0.376111578778935	0.490351523895683
-0.0773421944916289	0.0905430643087444
-0.786343794823806	0.69478041188064
-0.281058270784749	0.152981948485711
-0.493023546439172	0.428197290899273
-0.183190113439698	0.180954202841777
0.0478864279671663	0.0347936732053249
-0.141789285525686	0.0631396703625027
-0.423561290898821	0.259009562246408
-0.276276141600784	0.152066686273455
-0.171714043113721	0.0694927261086604
0.0897732097865361	0.0292727130976203
-0.287858623362124	0.0946377502524253
0.0764054102643222	0.0376118796834748
-0.529657202789791	0.498439978252697
0.324041632032626	0.245151201361463
0.376638581962061	0.145760157259072
-1.55825797222393	0.560915030422003
0.751632750881414	0.305928145116289
2.29726656235895	1.10491129288036
0.615781023692217	0.275254130402413
-0.288434452467797	0.0952993614318452
0.133487547685943	0.0330756337612284
-1.16523448224525	0.350479641287103
-2.57584548566592	0.689261699424094
-3.47160964728376	1.22118152659824
-0.1760950600131	0.302986112051845
-0.034793715666148	0.0458835032706984
-0.0650140068880566	0.100437723876886
-0.172497417834877	0.295839783465843
-0.359882323168464	0.486187739065329
-0.440328274418498	0.564200943946289
0.111241244497659	0.169074462397942
-0.332396908675994	0.666297828222558
-0.143615796578037	0.242108107395693
0.338404805875436	0.726184547687047
-0.243209971896433	0.430076153326244
0.0610174437028849	0.0840626420215482
-0.0343848062805182	0.0468215949627147
-0.254966703909179	0.351068208873515
-0.339988613623549	0.407843465252012
0.122779746810651	0.185649107015816
-0.350822145332542	0.520963848922774
-0.20891060341502	0.219841750892915
0.094858685786603	0.146618519123224
-0.0421059314759799	0.063760086726342
0.0374440932344214	0.0561440133663762
-0.641126247960286	1.6650466231769
0.454505698642797	1.10483201949924
-0.071634981269285	0.113782095982695
-0.378575354187573	0.596563273662516
-0.166388586214056	0.199154423457967
-0.74160210092698	0.442276360329122
0.498526502881311	0.456992043690239
0.461847764797155	0.441880580527115
-0.987866441875466	1.47283806321421
-0.0886533147528192	0.0768290262262262
-0.290020421151045	0.295047308189469
0.447555895221333	0.440591138166435
0.621858926500037	0.376049161787274
-1.20734159404988	1.32270073163472
-0.231022419294923	0.133936920574029
-1.87161914657441	0.769308082532686
-2.12736736230253	0.983257897885114
-1.09256045381056	0.439069529521533
-1.170816943868	0.352341346328956
0.62441636271746	0.193009143872031
-0.422517885347818	0.345296725512279
-0.19160435103154	0.172256615345484
0.426793183630141	0.430394700594771
1.00637274171227	0.584801776130664
1.01554986496712	0.582641227089988
-0.389961680664391	0.114106955582715
-0.227899911936185	0.131119974175286
-1.31083771488684	0.988925906712619
-0.171105734981465	0.069090945280561
-0.390466134450405	0.114207620517753
0.615297029953488	0.276829614638302
0.0944749613757398	0.0273492596284606
0.113545086351564	0.163963674461539
-0.300841425062511	0.490784379033015
0.147133730333813	0.239317573170814
0.0679266495431236	0.10430082253232
-0.694308502402593	1.77317329384571
-0.14870531930871	0.204200120863181
-0.073344416240398	0.103837649440089
-0.202729792947593	0.264487062682072
-0.290089887147003	0.289666975299161
-0.0633462360766042	0.0808108041089607
-0.0552618141054902	0.0639631565562998
0.000550790568612401	0.000414358792349014
0.0725375295837587	0.0929394532360745
-0.137050954917568	0.218749598648907
0.266133363500095	0.534696272471082
0.362734655076969	0.729935680207017
-0.0267094478164986	0.0321072682691745
-0.108758152374841	0.17693230896943
-0.27962486913552	0.373122348927845
-0.256546431833639	0.317045228125291
-0.224639908905609	0.278491129136534
-0.10762466477396	0.0531852384508362
-0.324776749817665	0.245948692873779
-0.0664119598832122	0.0360462878450701
-0.900712357191971	1.19803239201959
-0.483398754783083	0.273871264117608
-0.619175914094201	0.521776812383084
-0.692786713774826	0.56839284141504
-0.592534427483149	0.229347002712227
-1.16307880225342	0.34863993750454
-0.468635330223977	0.199551310832381
-0.097294962529893	0.0655489773993682
0.105769244360977	0.0304573870679322
-0.396403407520997	0.181603265644251
-2.12864949256737	0.984418585606181
-0.387161107992714	0.180056272100097
-0.587466526386645	0.227349400651964
0.0841496212483421	0.0273540128911963
-1.0869387297601	0.437220408729647
-0.390609043378598	0.113594128833838
-0.778009319790352	0.270609365801523
-1.55058397754988	1.07910686271551
-0.018522437743751	0.0238197030063536
-0.196411279345885	0.364138107062331
-0.098815063013964	0.15829414543016
0.0279268783749995	0.0425935279012068
-0.125521360745854	0.192468675856045
0.225969477905176	0.358654915438064
-0.167378110874354	0.274749526094124
-0.596014103582184	1.06698295764839
-0.00519038693414372	0.00445865780196573
-0.118199292389516	0.157342600401692
0.0199448490113196	0.0218614824566401
-0.377609113968788	0.394563429599681
-0.174914549103805	0.291400476329699
-0.0158962722588821	0.0242515444700021
-0.00335793773093017	0.00487705111145545
0.160659030355407	0.264029500610581
0.0752361716126511	0.128582572199529
-0.298874968202266	0.68328754035361
-0.180988892144519	0.342213891190836
-0.175844804567192	0.274737265356321
-0.249010171006445	0.36190584082701
-0.438980287099408	0.622736868535968
-0.0497363843531036	0.063302303730279
-0.0908583540998258	0.134826224759275
-0.0847345176432912	0.112010095910742
-0.129562719719079	0.158434962565791
-0.025133522622482	0.0148072012922958
-0.738588448633064	0.815313254184098
-0.199776675529459	0.236084739196326
-0.959908902864101	1.54546132882612
0.387206663500723	0.241714927099557
-0.86890216730869	0.94675324215554
-1.16677175880733	0.353813253690907
-0.179500692961995	0.162975071073491
0.0275857150394898	0.0186150522746839
0.0873919099750194	0.0287339321083739
-0.596775857760419	0.22919559229251
-0.786199580091747	0.273238052886901
-1.08573602047137	0.435491890143167
-1.34114819994458	0.606800383695446
-1.1748652057521	0.799505529763694
-0.314736676437678	0.589388246634921
-0.432156820029825	0.660503699696594
-0.187006965213739	0.197935721801106
-0.145729109557494	0.263521785921204
0.119117308872661	0.198792479816081
0.355125588016573	0.711644607983236
-0.139419715737092	0.23615197321161
-0.0995441678134303	0.118852891218599
0.665751176134014	0.760736168797111
0.343417208918296	0.607581697925747
-0.133129603315624	0.153557317401915
-0.197791664454799	0.206023585451001
-0.256422463124082	0.551912483801919
-0.309486257078471	0.634831887045194
-0.341620535839766	0.626469446698763
-0.221399635266517	0.417011720696775
-0.0160082683879329	0.0248037400651312
-0.566083580348131	1.55115850814528
-0.0624316638732773	0.0818789335311131
0.345429000523678	0.607978867851808
-0.148637803011965	0.188338355622458
-0.484903004815715	0.459769567551517
-0.263927272363659	0.324052214890529
-0.236094264150892	0.406778547010523
-0.0592786803529426	0.0832035180748215
-0.0684496404140079	0.0779211430870473
-0.228982846341519	0.254027706386729
-0.434824790921017	0.639775573383207
-0.617542914651955	0.517101036259663
-0.786063774382336	0.694194912043836
-0.233946397339559	0.22560703647283
-0.106233326146314	0.0828196148341463
0.640479645225042	0.489018961004395
-0.786056361862941	0.748989835554612
-0.333664658019448	0.329617068851447
-1.51968581581658	1.60791251403758
-0.468524063138772	0.199832219373257
-1.88085881574311	0.764396040563448
-0.284508943684361	0.0936429443614852
-0.273862050381759	0.509687848669432
-0.253966530425519	0.457787814454283
-0.737774953701051	1.7696719838188
-0.190258227951065	0.188076872641361
-0.111541509299849	0.155853016196582
0.0381449586078541	0.0536511041660469
-0.0536610295919122	0.079617802931939
-0.559756556767174	1.38499816646215
0.133141887505625	0.206404248718503
0.0948313904272998	0.140853362995735
-0.456413887118892	0.693264306556727
-0.558024408595807	0.635223003644969
-0.188985046406179	0.29150839348018
-0.252644102493372	0.304771573275105
-0.0635359879095953	0.0574343392611164
0.0250549625220346	0.0332991430119249
-0.305794786016931	0.591043361399505
-0.151838357431868	0.223105004945232
-0.138226190185352	0.198090681528748
-0.100188722558382	0.124707633178511
0.209318155759873	0.162469287922616
-0.225481737496019	0.279016376230146
0.282692142139356	0.458601776326149
0.0742197005407662	0.0988882594482461
-0.0784346114710925	0.0875214268010915
0.283690008309358	0.359628987007579
0.167783892755544	0.191761374157338
0.488182547657202	0.518742226250333
-0.282698331466232	0.244539076036531
0.0535628633852572	0.0568417419188864
0.304495041938878	0.377383872845136
-0.0652387531485506	0.057963167152832
-0.152977027198685	0.0944656766712236
-0.598575110657258	0.824142324389873
-0.77887511277895	0.623969797913736
0.558693509919173	0.36497301766597
-0.469230200188835	0.199930655367864
-0.386933697773998	0.181796345605486
-0.122603832834464	0.135992440998382
0.0885413710057168	0.140379891849008
-0.326293096284042	0.656122948659009
-0.634987971702948	1.78933515365863
-0.132574085556582	0.215672667493476
-0.333120203817087	0.535129034017534
-0.432432914804049	0.610853808567307
0.114078946844281	0.146282495394316
-0.158982734321639	0.192977914531992
-0.237549597185762	0.453296768930482
-0.0791480905554189	0.101744139636083
-0.25026894962848	0.505942949000538
-0.166574996445561	0.280851835229744
-0.453490046191986	0.639562857755026
-0.39938537057833	0.703027581096341
-0.376730662789096	0.617795213762201
-0.115944381801663	0.146239049441809
-0.201237161630223	0.28177441755876
0.657137896499113	1.22047025979586
-0.474050813260418	1.11300742984638
-0.493228983075804	1.14103717609651
-0.368458366738343	0.676650029434464
-0.287343300056986	0.550783476588154
-0.150208071535265	0.194565082634419
-0.313443814488314	0.584816911609592
-0.09143968363395	0.126646785420578
-0.0628587839367201	0.0866875820700309
-0.159854670735643	0.234303443030349
-0.0677069995194764	0.0810449860205548
-0.15664666657994	0.241608313817332
-0.340162331745033	0.582516349401121
0.153512861355202	0.17771328397402
0.0258781264903491	0.033368762301725
-0.023039788263974	0.0293168367901606
0.313386546242711	0.582598892049681
0.0434246784128958	0.0499149018083809
-0.461260304332114	0.590494202032913
-0.2042114009908	0.163999446644257
-0.76031943421628	1.03835102882026
-0.165894856917027	0.176911052815472
-0.344555533419041	0.514835185601578
0.353396859522612	0.437918172356873
-0.574022012562864	0.609201806929355
0.131856348895245	0.103022441874909
-0.0664363222851272	0.0457332426481977
-0.184455771952818	0.150735412826739
-0.231321454032029	0.356181115565427
-0.266524451582402	0.507378668747656
-0.0652320506296865	0.0643253431502016
-0.1904161160235	0.251539857004371
-0.0847609768404334	0.123755998298528
-0.173419380134518	0.287160550099293
-0.00275706522938651	0.00359927222331974
0.165765715616696	0.223604209853788
-0.47338985657835	0.627832213682634
0.835147904356899	1.46904222494446
-0.386161288989103	0.506863526852798
-0.174761305903326	0.295651088926159
-0.153087983703856	0.231534629509101
-0.799637420228551	1.45182358265482
0.149608187785676	0.19487071807728
-0.262316242774204	0.459426804964137
-0.600658838023824	1.31961527000596
-0.355752572281682	0.578951199001526
-0.618757369679117	1.30694358285574
-0.249356335214832	0.360578043734538
0.0484845399504891	0.0614064998961192
-0.457685495619974	0.850906099679933
0.253450005761392	0.453635457110886
-0.131962110558522	0.182841518955273
-0.259265891851951	0.33389603684858
-0.432858104947972	0.806678144967688
-0.330242373047804	0.528859566829763
-0.315103742569262	0.400216045596068
-0.248847808126698	0.214239622193927
0.308277595788064	0.523487862115938
-0.125188910817839	0.214615236636473
-0.382414114760614	0.839984012967757
-0.354973750933608	0.70055582963973
-0.180566804493993	0.225996115537392
-0.0786530220479113	0.0926357807485411
-0.141556004840611	0.107275985036413
-0.306753118918082	0.369646559991044
-0.373125696803669	0.631904114888721
-0.362050146819713	0.656920481282425
0.0285911669778595	0.0333702022797518
-0.198400203454762	0.19425388687595
-1.00964686424423	1.39336280283344
-0.218482825017702	0.223831133239794
-0.712362271253724	1.18776444828552
0.121914399072608	0.12951887769023
0.0291722386784686	0.0334846581869946
-0.242386877098269	0.376857927690654
-0.0379723108960956	0.0422106109767184
-0.153750428502843	0.153766081131421
0.350770213398632	0.47232463637569
-0.0648300737313457	0.0849920185622128
-0.190598386744416	0.295138524576099
-0.419287801460174	0.825595531932196
0.208904555208484	0.326617528815123
-0.681395534514933	0.974697021344582
-0.0220231717733707	0.0184958715818276
0.0386618412841925	0.0344218370980485
-0.128810641700835	0.130178745313115
-0.138913125873074	0.149938586944263
-0.0461569188792872	0.0477441057656822
-0.155941048549931	0.20499611533088
-0.157088316602677	0.205453638693482
-0.219314265513762	0.270572377795639
0.167638277250194	0.193685324009575
-0.761985477615789	1.38983775198816
0.0295345639891345	0.0318386287576622
0.0970350873823689	0.109971721379001
-0.383264821021186	0.704611010610674
-0.109182573409614	0.113402770786577
-0.434286420201244	0.760819351793609
-0.159752087236179	0.18010143862318
-0.201490314367088	0.293523099339915
-0.109935768647169	0.18643618317591
-0.35494782084341	0.770188728350366
-0.366154443696841	0.760293659655805
-0.22630875111151	0.294670953370673
-0.445171682358169	0.75434210424121
-0.534967050106862	0.85802157151268
-0.658380439661825	0.647377457275073
-1.00314604868386	1.69023651527641
-0.291828099998113	0.433718055642544
-0.244357586010951	0.37116845180996
-0.088530388317239	0.10830479343253
0.00851198127376051	0.00688183009024409
-0.37516606306376	0.309619258627219
-0.219791129366749	0.213272775352596
-0.627312104619962	0.663893186540187
-0.0513722127841511	0.035855360554586
-0.257348290689526	0.245724097011852
-0.0680405873770568	0.0811629908967873
-0.00933421110570033	0.0116733793563538
0.0582483409622791	0.0559426758877441
-0.0826372157489246	0.05538637850489
0.0712753349953036	0.0546831796192288
0.026390959650991	0.0226595066987426
0.0070379211646662	0.0085202180597304
-0.112050255462918	0.166705782881033
-0.0761479872419491	0.120619694058934
-0.0885055766570808	0.125910377100995
-0.334352113217523	0.333249484409918
-0.0924124455208565	0.0810274856878603
-0.345569970516461	0.291781767607657
-0.635188215420792	0.838475319976682
-0.144631115794866	0.123486703147876
0.0403761598313922	0.0409782407619491
0.706527882071046	1.26608276937911
0.196811698938991	0.186593753341457
-0.317587779967158	0.542694371701554
-0.177128502145083	0.266361756419932
-0.199926192523182	0.351203759743706
-0.290293070592459	0.519821831103398
-0.435448421107476	0.939955818435453
-0.260601944340661	0.387496820462299
-0.167506745780621	0.221720550188957
-0.0335414831875767	0.0405216474422187
-0.00780993472204901	0.00799885672364894
0.138889846988519	0.179039148862452
-0.531478276325669	0.495126946503834
-0.175910889019654	0.128209552402886
0.17502503098154	0.224588339017005
-0.326540276609688	0.345389340443155
0.276611630872988	0.130898667096639
0.0901286893744993	0.054034968802126
-0.62021333311981	0.686154876816639
-0.0627172680455667	0.0504867706239516
-0.859459843155798	0.799312689891147
-0.283955204817066	0.268541837232669
0.203782132332811	0.170460123509265
-0.144420956368166	0.21183756955441
-0.123771327880074	0.108085737760956
-0.430620202703182	0.826953318869684
-0.511687652718531	0.942948853339863
-0.219018192708419	0.360245517901213
-0.00644370806082646	0.00612478753950051
-0.186145079845222	0.233444371629811
-0.341706289440662	0.651048084050838
-0.0108163238831317	0.0118500155286149
-0.00138356004333293	0.00154278603332288
-0.41249208603449	0.6422180294383
-0.379603822680391	0.604572170157932
-0.510356565519967	0.622470718228146
-0.233694340949949	0.18545650362949
0.027078596000751	0.0189778582184309
-0.161459677561389	0.174561692888652
-0.0915681709410674	0.0815297739666994
0.385598152718353	0.495543246965707
0.205251607904024	0.251470702384463
-0.0516186973603264	0.0459958273762002
-0.0800145054153811	0.0699416223701449
-0.488038080565859	0.764584406750307
-0.175809025670838	0.251650868130908
0.140200605223246	0.20528229650835
-0.309244852378734	0.475393770171965
-0.304777230418986	0.471543755324905
-0.602877136314079	1.04463615727101
-0.0606651177189611	0.0765291691429544
-0.159770047640587	0.223325335649951
-0.372495860053486	0.59310850205794
-0.157135926748497	0.166419614932088
-0.0347981866266394	0.0290100894196314
0.0267854328788445	0.0245049147241169
-0.121539344671829	0.144023809409789
0.12142296264508	0.129195145563525
0.21552867354374	0.238547157791856
0.407741238015883	0.4916000909067
0.0140656229239682	0.0131072263476767
-0.0226129387106661	0.0206645819387271
-0.272312702833873	0.393593245171142
-0.292010159892725	0.56625127647678
-0.20117830022242	0.330670985525471
-0.22354436674715	0.276450040148755
-0.548963156250163	0.789478588499051
0.0429763169958355	0.0379135501495099
-0.135776320804294	0.189007968706755
-0.58649459083841	0.776573681940282
-0.0732840016785356	0.0832419670517034
-0.00415568354305484	0.00355752450751951
-0.490347118919591	0.4680745683402
-0.246495230480395	0.253154540116241
-0.469844538201316	0.601794842283146
-0.150499346076548	0.16212161702266
0.134834687862977	0.156277076887541
0.00180820925970347	0.00172033045558183
0.325469369290042	0.44080977161787
-0.0284630399549263	0.0286708073579633
-0.246434980002418	0.289026373644793
0.311513678570449	0.436775809402118
-0.212569663046366	0.473657899891355
-0.417765000925074	1.1373796818053
-0.38974812491817	0.485586534010815
-0.609398086758372	1.65051173148488
0.107411322562699	0.0709902621788089
-0.17371662472812	0.0704101840588028
-0.492823910070958	0.282045345502519
-0.114466095667057	0.0551208120923159
-0.735831775734672	0.43940086872479
0.120588107311397	0.183159666865236
0.00605328551451933	0.00372815686149681
-0.619979673776777	0.655517151728596
-0.241674582783337	0.29470362974738
-0.269939820474254	0.528581260672461
-1.03625493972213	0.637061022697066
0.315230092390875	0.133363893376284
-0.0907382579968878	0.091300251545587
0.0730156834680494	0.0329755921168876
-0.463647593999586	0.196739695371961
0.0899456967040363	0.0978242996594411
-0.567552984819552	0.300707291173235
-1.55809261738805	0.56070230461001
0.120463583144052	0.129631203739691
-0.223844358736956	0.284731182319255
0.101786250320483	0.0296355349486725
0.312604876265789	0.134356815428317
-0.32272995258952	0.242525295286974
0.08047244062411	0.0456677112391579
-0.0717385723349365	0.0758237094563077
0.112840633284916	0.145310878558372
-0.0426273680755286	0.0241721490700369
0.225217769582071	0.142571921626679
0.0824550112908889	0.0271452271987853
-0.0374160864694184	0.0211441892874877
0.180779373357459	0.249705374091677
-0.836093581775497	1.21441960840376
-0.0173089495671165	0.0161489044064742
-0.0673139043663232	0.0594455806554041
-0.101923255587748	0.0898222403777828
-0.349450461926845	0.319540921588828
0.0213880684823878	0.0144238294671101
0.481948424781904	0.352162189056037
0.226229196974157	0.156868427913391
0.768948241562094	0.744844774518025
0.115685931802495	0.0795161983605535
0.369728282873652	0.428207359994291
-0.531793925875378	0.57433188096954
0.262608006729102	0.246940298387024
-0.520221899881099	0.597788434885133
-0.0916233939061496	0.0896304793459331
-0.0254005179121771	0.0236511402278409
0.195084249643857	0.219324459796337
-0.639359948304867	1.13885965718993
-0.505484270442452	0.733871063657414
-0.214237306836174	0.172897697782268
0.112546730816096	0.0870114443659481
0.00833253029329341	0.00516584570913553
0.207396694660545	0.155190657507336
-0.1601887933101	0.0999846908514933
0.425780726238755	0.425594938261703
-0.210379866482249	0.169757129846819
-0.0909441731735441	0.0863153751833305
-0.0261005219240171	0.0189751283728589
0.0320726133878234	0.0263633226664134
-0.0586011684693514	0.070263593098794
-0.421655986345008	0.252086837942516
-0.15549047065835	0.0963274112228555
-0.458099525405904	0.403345165317007
0.127284486348247	0.105303612141588
-0.0304857716366043	0.0324135976271102
0.277801769122514	0.263077153716264
-0.281506613360902	0.28262591180299
0.2438992956392	0.27345494460774
0.85505785997036	0.884928770727844
0.43934396599303	0.348386696850528
-0.1323057302101	0.0847986159037191
0.360265985510719	0.239388939299696
0.658844723011088	0.502816909136353
0.0822752065428246	0.046827801753053
-0.412381852042072	0.460170020456481
-0.488419807612886	0.455568771681203
-0.309485780177256	0.203588009719407
-0.0845670815437496	0.0881940568730812
0.363911390398792	0.526237172287115
-0.298996553524038	0.536970145864316
-0.195057074144511	0.11791374706499
-0.312784797299527	0.206399901431562
-0.116710308563894	0.0894103282238915
-0.696718840820841	0.620189255012538
-0.125905934908044	0.108038318597783
-0.1223606855977	0.147384320348383
0.0416370054120396	0.0279206510881555
0.116517002201435	0.121358021604707
0.403270040141339	0.583977761473186
0.209582156823019	0.15677886180125
0.77040648763775	0.523080819118625
-0.574753949907084	0.304489097445337
-2.19742174732604	1.63498030977438
-0.766964647569819	0.539018350452014
0.523115089175684	0.366910722184714
-0.629010183737833	0.401971911181864
0.110157345446055	0.072767546963143
-0.106194593716768	0.0700434307389356
-0.10165540409919	0.111203654927963
-0.132816135003247	0.100340478000436
0.207904211508773	0.143039801214406
0.210663982684521	0.162157638884182
-0.107251551470566	0.0930422043719406
0.032729638148745	0.0359730280356986
-0.118038519170249	0.127313837607358
-0.201985542525753	0.144545283216987
-0.202074211613679	0.144222017907795
0.213384248773394	0.153312763993505
0.0793022099559211	0.0649111173151484
-0.183946798025279	0.194112355148733
1.11526723928932	1.65690527736047
-0.654985290874888	0.807226344441117
0.522455525344055	0.73499183449462
0.850226839243409	1.11845622136295
-0.375734651779138	0.337062893724417
0.385914510759385	0.240751895604351
0.0460416198450923	0.0331885341518976
0.378428238842688	0.236778315563704
-0.227327321341683	0.179609773531616
-1.16818644171246	1.33562682395217
-0.173243250853765	0.125230476834323
-0.368522458381352	0.235535361335191
-0.619157768018872	0.510544735130341
-0.0758990447977351	0.0606697303536394
-0.180927558448128	0.205385776321134
0.114880368234778	0.0834660530169524
-0.286494670138658	0.245672346089672
0.520893075282334	0.528293678791418
0.425537088772405	0.422226480076131
0.189250844418363	0.151789860759894
0.7002731089416	1.0120783124729
0.210602377952277	0.203860041631546
1.06790357448158	1.62093071238703
-0.0218198874853961	0.0160504494992302
-0.117328900916087	0.0896975866016145
0.221622808529323	0.147795017729964
0.0954287814052377	0.0596973868703133
0.575128596493225	0.565052590710377
0.209238463227124	0.136381757539747
-0.340379083216533	0.286701408720384
-0.0833331987139477	0.0647393418335206
-0.688025773309957	0.842043541476405
-0.231684386721834	0.202569206758416
0.0657561004615731	0.0324896830622105
-0.733261414673673	0.43520430004288
-0.163921116990325	0.10154749564435
0.0137313800105056	0.0118222126988217
-0.118889488325655	0.127132828913304
0.160399686343583	0.207321920054437
0.210973788012802	0.139162643353711
0.224144040448374	0.134142390175705
0.0945384522675777	0.0592259381148082
-0.231226617693776	0.132030328110186
0.726733704595949	0.797708185935267
-0.116755939722431	0.109502117872087
0.328016035268672	0.247810818009295
0.140523435036487	0.12830418624229
0.687422057279328	1.10860978409414
0.436271263098583	0.426946455055624
0.573345077671016	0.798784603470174
-0.593317494561011	0.955073907589618
0.461542858589014	0.444979068093084
-0.418249552592992	0.341086539185178
0.0241704195649351	0.0161802913057171
-0.27454991041622	0.149197058713846
-0.153404597834017	0.113735151232761
0.217658584955865	0.162745221568731
0.463273532574321	0.351103170655885
0.314793774069122	0.248403428232705
-0.196678990798081	0.161135682094053
-0.158314034521395	0.117844288019843
-0.476815530978279	0.629864980415748
-0.462624036337899	0.36998340605149
-0.316250322263365	0.209003651834202
0.337294523709261	0.245506500472876
0.357980816583257	0.23348633921059
0.22289683824514	0.148171596866992
-0.0739966337752414	0.0402023011576934
-0.737680878941447	0.441403568239647
-0.215391248336913	0.237171433924058
-0.267340240118505	0.353398741090129
0.166798245597882	0.240524984165983
-0.0317083821650206	0.0299074389661514
-0.633735252113947	0.401002459393099
-0.0866258305629321	0.0582321719679335
-0.419478940237264	0.256891541668479
0.461199305264889	0.251672473930235
-0.0111239039247339	0.00826832294869041
0.455360497154879	0.343726548587941
0.445820735663364	0.584496463470553
0.751185268153931	1.19975057763771
-0.624807708284554	0.661665108111646
-0.14549276600094	0.146066562202135
0.491209602894379	0.586790309793831
0.29370888098118	0.24586792233544
0.447313612168216	0.355131988844644
-0.418789615464226	0.255490928531857
0.456919151145422	0.247438874900957
0.217054037183816	0.13707633025778
0.399158646196385	0.338624073505192
-0.491066905995605	0.498525816683678
-0.994452906197751	1.19403316410943
-0.420804262526917	0.344010663595004
-0.600636994067186	0.601058584362322
-0.878159808885098	0.762630003886884
1.00352246634794	0.585751711436236
1.30908348876317	0.934654813271998
-0.173936514348121	0.0707520766428087
-1.56324329756038	0.561504402611844
0.0719467454944798	0.0265390545213781
-0.192278934611168	0.115913150216041
-0.209858034124178	0.217619563764242
0.108373295161898	0.111474912801382
0.0798900852785716	0.0830085617058586
-0.378160873412547	0.476943519942878
-0.314461277075048	0.287478883426672
-0.864474575656864	0.474301261729733
1.14942342565176	1.4766360536368
-0.278015988838077	0.150733772479779
0.763154650301561	0.89983409460314
0.791947840762118	1.07929448561714
0.3416016447819	0.237840549051928
0.1444909168066	0.141761371768137
0.507174705285147	0.698068761967902
0.225297062203863	0.133127895026849
-0.0646721822796877	0.0351525971793952
-0.140523753496829	0.0623396076308541
-0.48715637684009	0.28140839802914
0.279617859415217	0.236980593490815
-0.589460033482949	0.227811993077459
1.71135884061229	0.924511492484283
-0.392908367756339	0.113497379913856
-0.218784207169951	0.0799188548809075
-0.581862478733525	0.538355159920159
-0.0847750638885381	0.0437036217874617
-1.05311481062542	0.528997085305129
-0.283240759595836	0.0937144526238611
0.0860278711259439	0.0281908676698248
-0.467334009504446	0.198694176976462
-0.0242155478815345	0.0202145036525691
0.0899068034336924	0.0834765825412246
-0.516519215664656	1.04785748950914
-0.529201371560178	0.664402532197973
-0.0790704743931548	0.0630874221949924
-0.144664734628246	0.0645887510789491
-1.09792137458353	0.435955695409912
-1.33813219231377	0.608833221359507
-0.714257016788918	0.639169446238975
-0.142001343735743	0.0633826095273022
0.819320574641011	0.766649058987411
-0.297060497945034	0.394006239409942
0.361564167261808	0.239953863819432
0.314759773586325	0.318063267181372
-0.25273336401521	0.278910954991741
-1.90802240970891	1.18336557529524
-0.785510297747507	0.274807822870996
-1.09285611593573	0.436841764269259
0.0868053659238649	0.0285797585746745
0.103834328016761	0.030145721331391
0.0810318530308528	0.0265912254997421
-0.11180105413733	0.0542089615258131
-1.87122735341729	0.772931215282389
-0.736608004385971	0.438936851968903
0.75941352261471	0.30757370724497
0.0726461797843481	0.02966994426181
-0.0709119986713292	0.0384541575685276
-0.461416485881684	0.539047358797099
-0.284681680912687	0.446669257463346
-0.173281099961477	0.125638205056661
-0.875398581154091	0.577008311766391
-0.989481083494941	0.829416783674913
0.702665703576254	0.395213951763048
-0.636640103102375	0.404725723483902
-0.865991082712003	0.477114629614965
0.272096380260618	0.124628697958956
-0.088809405867073	0.0771374343395691
-0.309652952277514	0.354955782126284
0.000785091405497782	0.000882611410341371
-0.205597974194493	0.212445812253332
-0.0656444954484642	0.0578939973791781
-0.222984848817832	0.0820010323139345
-0.0974068886621859	0.0500885508018338
-1.23480369733007	0.690559015190499
-0.424085709971588	0.254439277391719
-0.847954548809856	0.372779584783549
-0.51534765551449	0.5248102196595
0.0708808151842136	0.028835671773198
-0.583351573962227	0.612177488053843
0.0258034782049415	0.0240205913877981
0.710774796369838	0.615672265558376
-0.965545629461512	1.28119673461246
-0.264588272183042	0.301834290214447
-0.57401213161606	0.304404365809735
-1.31111194762919	0.988794904070392
-1.24360820848953	0.700569334443177
-0.320584916591087	0.161103163383187
-1.34677290413272	0.614408413911561
-0.230936965810606	0.133240714918855
-1.03063237251559	0.639988807492277
-0.130428308686127	0.138209920534312
-0.973296711452232	1.78943766430414
-0.635275827707876	0.408577527974258
0.436137823618654	0.344136389470204
-0.774145272108679	0.618484085951889
0.753102779522632	0.616225389783009
-0.0287774276336985	0.0211612955726253
-0.589155095332974	0.664421192531753
0.200122497622594	0.19405901812181
-0.180025998583569	0.164229323442566
-1.02368282329703	1.07928061446455
-0.454435270385013	0.3971519468774
-0.963580898271861	0.889052252905811
-0.482230845455002	0.340355627185106
-0.345325745650114	0.287077562599001
-0.36597012001747	0.233764256304954
-0.877210060989994	0.820612502959762
-1.334076476265	1.20655038919732
0.227976713888186	0.144336250187768
0.197926018211171	0.166242886259399
-0.709070306539749	1.03254120343185
-0.0108258911865854	0.0101178948386604
-0.101343665816716	0.0971245555646928
-0.155472376655311	0.129789314804216
0.214457892205715	0.140294017749132
-1.09506528730977	0.977185097068736
-0.784303396491725	0.685296005277209
-1.02804197610398	0.623332693380745
-0.285596721502063	0.218148339120449
-0.160881289785432	0.119905670028603
-0.313722059115068	0.332796748096322
-0.438083207791968	0.438435178394268
-0.472812668735911	0.483636169803264
-0.281358436019087	0.241193898942124
-1.04662377205959	1.01417765574337
-1.34824526751472	1.4451628860227
-0.739743310458949	0.816368259941677
-0.100304463702791	0.077328360465335
-0.744212513503917	0.91336306461938
-0.137815550629631	0.129341159758387
-0.129902227919169	0.0836208278687665
-0.0846563686013124	0.0728681198457147
-0.468630895263693	0.792145600346245
-0.124760242156122	0.168210283451151
-0.264119812884089	0.448985443992779
-0.389802713959608	0.683718242936685
-0.443337174634032	0.91556919544507
-0.366269421636802	0.70847645255058
-0.686190490257831	0.565482975304943
0.525957113543477	0.260186018500572
-0.267059141778101	0.182227459674906
-0.0941078639951357	0.0635319744240528
-0.222148635732084	0.226861025680432
-0.577041311751538	1.04043997791046
-1.07108006581924	1.27065834412157
-0.728297410856735	0.432491463369139
-0.0434446945259128	0.029625385501675
-1.17884205942303	0.8096547350148
-1.4032725888621	0.885899725807447
-0.613995344966614	0.517154058056632
-0.274524041791955	0.148554243818564
-1.00935156759576	0.724212913106654
0.215020174545099	0.134760276116837
-1.21109861702332	1.2883764850974
-0.160383495624632	0.134857316646684
0.105057505722375	0.0986046442219716
-0.105898470435549	0.114313904305923
0.552990952450551	0.930809804944267
-0.279888569198241	0.282287384582896
-0.776564605220741	0.612723358002293
-0.230061314186862	0.132422118539193
-0.110744039639026	0.106376002225288
-0.369071215951132	0.232571588419516
0.0713935019333362	0.0351969384013629
-0.63704559983351	0.57784482087691
-0.314310979108159	0.360152646571
0.665481460346672	0.590663323106274
-2.49399206205248	3.22659434552758
-0.273582856063175	0.18651455116549
-0.0329995989072783	0.027043513238838
-0.273947516237439	0.371302010383485
-0.289494122232853	0.435355888738766
-0.185059977783331	0.253686958822139
-0.107139481154414	0.156765572698143
-0.615771979862005	0.518015937965523
-0.233841178372977	0.185064379181882
-0.00788932496858653	0.00479058406218457
-0.877054772647513	0.826939682315264
0.204397337728078	0.146272577710102
0.319581226029151	0.326610006862026
-0.172308370332073	0.170450475613577
-0.213139906078816	0.206883996686838
0.289888586523178	0.255918101211909
0.0944446935848971	0.0610338005599807
-0.367647857713083	0.235619494814934
-0.00851624622092732	0.00516895007076425
-0.328041608015726	0.248264385361939
-0.488129778865916	0.341917080226479
-0.321860526307044	0.297932456338478
-0.457102115017191	0.406107771751128
1.15669321382673	1.28289084869813
-0.251497761639891	0.239135437373119
0.110790656230556	0.106622257396953
-0.138115010386156	0.140474681024367
-0.511512094249914	0.625818737275879
-0.692446894108565	0.821149969789684
-0.239171767603347	0.189534346590004
-0.570864212380635	0.677537960619862
-0.689225979709002	0.56801426278538
-0.0198221803287689	0.0115372111608603
0.66839270600336	0.597588957134001
-0.845990317750942	0.895883431473066
-0.498228609064362	0.539284414072333
-0.539357264137007	0.581754367149224
0.204441352116664	0.172411753457695
-0.17215117529742	0.137452643363301
0.430635085282477	0.503499617486879
-0.154720605389696	0.114962240868238
-0.110229414139578	0.14838524234967
-0.0669539996234668	0.0905112930361031
-0.142362579270747	0.248013936400711
-0.245091415166412	0.442428629632558
-0.0896839992480049	0.119716654772215
-0.347232139015731	0.555155008088053
-0.54420547447373	1.38127838547651
-0.830216454375147	1.36403957000041
-0.19505149474098	0.117684114562257
-0.997628860550986	0.82428935539639
-0.784453899174321	0.693005165428482
-0.2280781246768	0.179376545228656
0.227377410853813	0.125985290878884
-0.734345107106826	0.441948061566645
-0.107420174174263	0.051641240677706
0.250008084969807	0.128963411741457
-0.17901970413642	0.0728532485467444
-0.329206905383104	0.167059327781553
-0.0658725620482769	0.0359890379905104
0.106656150995212	0.0700191826472956
-0.304617112068175	0.258227557328808
0.215201208286976	0.134737961428616
0.229770326616803	0.144638042534088
0.0977799597196499	0.0543047506184005
-0.113999309275367	0.105742941045232
0.524252225015084	0.829379112798308
-0.161709603947008	0.226836185155656
-0.307122468498594	0.287934163957138
-0.592911025051747	0.454152594394462
0.432298361866575	0.419754184238354
-0.416331975528275	0.59216543750187
-1.54998671103995	1.35896586748673
0.0781304490271672	0.0379275402577637
-0.28335898254768	0.0926296422532306
-0.0863724810721287	0.0440444326476011
-0.420630722586701	0.299390224139172
0.0739596076174351	0.0600428962496483
-0.231310943053483	0.16011323957781
0.320485140334813	0.242311597257375
-0.335932397250091	0.39302530979036
-0.0466722308148514	0.0265777339115323
0.116842132423469	0.0831384936377702
-1.2453297894364	1.07713003546738
-0.120921191290772	0.15550502372714
-0.246180235321614	0.42137901735801
-0.170688330079793	0.294037061376236
0.237074444087141	0.454836452741451
0.111752438124724	0.172060082311947
-0.510389309841473	1.33864743458658
-0.863859692019285	0.47218387713961
-1.43089129051703	1.38572664475687
0.230189524917178	0.127658984388227
-0.885819169963783	0.680209794278397
0.0719109814716574	0.0380787321176164
-0.685417269047	0.33020302660136
-0.180067064385649	0.0722935036443235
0.512585949125501	0.449645945032318
-0.0623921131599628	0.0437485544011036
-0.0400916147622065	0.0226272151506942
-0.171843298246386	0.0694733603958305
-1.09271495513081	0.442597192627695
-0.211034366124125	0.222924236400212
-0.0443510647086942	0.0476613791045813
-0.586225100383069	0.626524344135893
-0.429031098131561	0.259642833314152
-0.217610066105066	0.186791622802886
-0.157145651780471	0.161951925547641
-1.01942548823527	0.743356308963626
-1.05786416698424	0.521184362542401
-1.23703655159113	0.697244550840861
-2.12282020837719	0.965203460272293
-0.678734615910949	0.328536749127154
-0.17486747387033	0.0710936266324822
-0.0562721495553374	0.0390486699711614
-1.01112391992753	0.745915342367795
0.0651926168581177	0.0341376484687723
-0.631259625149741	0.403030419607675
-1.05003424026744	0.520682810272895
-0.353100605649922	0.371854095262133
-0.0856844711776466	0.101047063152529
-0.148849565226602	0.267256151615452
-0.0392483152278966	0.0530656487244728
0.248977932346989	0.487492837421752
0.165703552223755	0.279612859980271
-0.241649554324004	0.450680231815931
-0.587572471934662	0.224440592698948
-1.55492771745748	1.09172838809886
0.0412489331872115	0.0287235667410837
0.374694297984096	0.146326663408155
-0.0449896161629813	0.0249772393010284
-0.169780069029375	0.0685251874700783
-1.08528397950011	0.436718249933636
0.423571099066965	0.349458329225651
-0.681608856606187	0.763748942098721
-0.836400391286733	0.366094790381145
-0.582657060392176	0.539804738713138
-0.583890069772683	0.225365877892044
-1.13022631806254	0.90001918978097
-0.469372893821288	0.374357841132144
0.0713935019333362	0.0351969384013629
-0.878699348088675	0.581833433401845
-0.262158170090168	0.204180037773739
-0.154983234255279	0.115329548415489
0.0682565845579998	0.0896480052470309
-0.013074177519089	0.0172426120572289
-2.53898850837204	1.43136581753235
-0.133759784192528	0.153600209521932
0.310567271978194	0.511446054693592
-0.228741612819762	0.47055390646286
-0.252254785867022	0.444605368934131
0.0100787160697014	0.0142356501098162
0.10438974786982	0.159804584291816
-0.381731221218275	0.845857732071434
-0.311870385130152	0.714047728456272
0.0775047393087313	0.107673959125763
0.197171248646604	0.172278702067588
0.244359449999997	0.13571845249335
-0.38398923016751	0.349648027230538
0.0177135468977397	0.0114945588847717
-0.271585654040996	0.147939845234678
-0.130775506014587	0.0573339464230802
-0.427598767713637	0.306283792158947
-0.553658788848356	0.795129056084487
-0.361948671181432	0.232510972557486
-0.489244253030822	0.282777029939227
-1.09514633871541	0.985759059587447
-0.277489285199271	0.186307131205873
-0.277671066044955	0.1518944960603
-0.647452251978009	0.803910213712693
-0.679041805852275	0.74462511698711
-0.251237844027235	0.363094989272887
0.0100874125282334	0.0125018860362096
-0.227664461619897	0.271793223002326
0.813192562780007	0.409837270686651
0.174827356079172	0.209822452967319
-0.278475146661612	0.372685806954417
-0.258560315381998	0.308609561022647
-0.596401527745522	1.35924210360193
-0.741430323287643	2.3007364343781
-0.233837511538093	0.397867870369416
0.0696468849190894	0.102517428329376
-0.0673329318260664	0.0940649801975749
-0.463262709957098	1.09503401076696
0.0399689755977062	0.0294887561542221
-2.31819080370277	1.86086557297872
-0.668756608186973	0.490399318244341
-0.686247252782605	0.333131031375916
-0.328631467378665	0.167563739276599
-0.448003075330645	0.427268158701482
-0.879650011764025	0.670085345505932
-0.266703284751515	0.181344907416737
-0.0847736569225135	0.0676064471188139
-0.262251132060619	0.333537149350043
-0.359581225624832	0.229388117103409
-0.419478940237264	0.256891541668479
-0.38619732980968	0.181083311133262
-1.74952024690881	2.11907255995373
-0.371387544974061	0.456832485830151
-0.544755292160939	0.460740463728002
0.571112236763891	0.474193090518823
-0.330372506902708	0.248610610165514
0.34855093117555	0.334320418361273
-0.154853971289799	0.114973154059676
-0.034966395353841	0.0281001509334116
0.272246138005291	0.394844821373862
0.0356976490271184	0.0471662073429258
-0.0571398511424506	0.0572508923789548
-0.32830299243762	0.167231827593212
0.49499579523081	0.852579036961966
0.23558103878069	0.305913764738674
0.152331902789013	0.152377900968091
-0.128915281164828	0.17666587767253
-0.218441780589888	0.442057936325942
-0.119033898723583	0.166193311810295
-0.200076616947688	0.401147526603115
-0.301788878841992	0.619085672488468
-0.174195160475571	0.2703420797563
-1.63788535301994	1.54176381362816
-0.22362915270065	0.127715813443339
0.193431671106228	0.201666656222987
0.257732159827993	0.352573456504967
-1.06737981264265	0.52408156421888
0.373313979291618	0.144634483766108
0.708201839798967	0.395082557611009
-1.55345143433079	0.793053630190549
-0.862306259398358	0.474062659069279
-0.666154707429149	0.486179334316036
-0.611676317810978	0.515305520733788
-0.206419535488202	0.286366189347633
-0.0709408719993362	0.0387125097601523
0.845887382270407	0.873390525655372
0.907831607605826	0.918876942522355
-0.304496744902332	0.305819924493177
-0.186933088376689	0.179135350913981
-0.944542577503282	0.942058189991551
0.220985469141197	0.367911866487827
-0.0814770744230474	0.117293448133438
0.205375543561908	0.255476755412145
1.2638377758446	0.534091497274465
-0.0621073326883002	0.0830365166152444
-0.0804335433351778	0.0845583559864326
0.0199166264950367	0.0184944499703939
0.0000361373369157069	0.000135678782205484
0.143765428687773	0.303321955500135
-0.218845498739292	0.392562672861936
-0.169348480645923	0.323297140022026
-0.243367521007867	0.529823904837497
-0.570318074479932	1.31093138601434
-0.57932565572558	0.530540841972128
-0.129264062003696	0.0824865027394695
-0.116592953929166	0.0908804736818493
-0.426302801668149	0.580364711915259
-0.30584139490833	0.406936801417294
-0.490135235273616	0.4620780535286
1.31831058070604	0.945066780085971
0.114978294199186	0.0790266095858456
-0.243192359245802	0.169670542715146
0.211581178403861	0.169094457092474
-0.313979567275733	0.262694405493677
-0.548393831299271	0.624679321047967
-0.385769092278204	0.474005545317929
-1.47173855415984	2.11900658001479
0.0521040801480026	0.0390064042291598
-0.412038454728839	0.398081756047864
0.550283677141929	0.699736901555358
-0.314227428747566	0.335767813626446
-0.0840529719889909	0.0657543509013412
0.773842837722228	2.00747035011099
-0.24483636627151	0.378874899192387
0.163094804612063	0.18237083381731
0.891712248187178	1.17088474270378
-0.311737174782095	0.502559264085013
-0.30100059425454	0.539683552729561
0.0103782511530528	0.013830318714489
-0.628102015528394	1.99782735974178
-0.366529064319456	0.764884472277559
0.295063750765265	0.584326949408147
-0.332752607860497	0.657525840010567
-1.26505960453016	1.84205196387577
-0.521505090763358	0.551294418256193
-0.331556926431461	0.372134334638382
-0.543980360478399	0.680858453065728
-0.266723000923564	0.320462771989751
-0.418936089767628	0.636081443171838
-0.601138345225538	0.826050853133741
-0.708274633830878	0.90569767188845
-0.80177341699097	1.13011542124574
-0.72752486617654	0.762700183830538
-0.792466824889031	0.808206218954647
-0.487497395348588	0.464818905705473
-0.415014711078132	0.401225395353609
-0.907587077487802	1.15589392888269
-0.347434082551922	0.457101861245218
-0.750351890784289	1.10089704553344
-0.168817461969243	0.152216327307952
-0.919458865590847	1.44250381225354
-0.698134772807523	1.07828047967109
-0.958933158390429	2.02476291542042
-0.4112639775632	0.553768231435772
-0.319793314102709	0.315530521164901
-0.496659235843732	0.594559363636686
0.321847021394978	0.448321187647737
-0.59779674800282	1.10282649232729
0.156180479569436	0.165587958034057
-0.564836839879669	0.762393858021965
-0.284476954766452	0.502723361397456
-0.702491223732191	2.55745187050411
-0.971351194521191	4.63462780788684
-0.624378978634506	2.24574314922524
0.301774065389357	0.484146918983599
-0.631069538066364	2.00432590724319
0.0423348308038547	0.0564447585483111
-0.802134068099366	1.97780284319678
-0.443590669828644	0.519914501495039
0.64660690958633	0.495056624102364
-0.0300749166886898	0.025611291557346
-0.351416120534794	0.658012209845722
-0.774789182818724	0.620370749952619
-0.191420553281292	0.211411527038797
-0.493241306389115	0.926721642711746
-1.97260825607947	2.32331987490378
-0.548369807556635	0.370289918702721
1.20229567768793	0.639652981116402
-1.02702213627106	0.633804784243611
0.430392545167192	0.249228270704408
-0.107147305762941	0.0516027232139917
-1.18653401612168	1.1398168022681
-0.437544841430862	0.450535006715131
-0.0915285008196019	0.0616591843938357
0.302399469988069	0.511573716874961
-0.0732993836103968	0.0506444944962589
-0.443284315196742	0.425120464304554
-0.209343086377445	0.149828023339996
-0.472738283381298	0.664583998907334
0.13737859869851	0.128825555517763
0.375565088781868	0.347323527765914
-0.442601470752181	0.966336719189908
0.07683199809514	0.113699721443481
-0.00375786724735622	0.00411449677538372
0.765443538028472	0.491824613057161
-0.459227964752857	0.93375312417688
-0.213326451209238	0.278179978973403
-0.429708721257013	0.607414076515921
-0.401383720449018	0.79836946801889
-0.275061778630339	0.595687892423797
-0.143138068474522	0.228934433559515
0.0280668155548692	0.0408472206293823
-0.0794302969833261	0.113779793394246
-0.322957550682935	0.605132757038591
-0.419261493747251	0.257426587508432
-0.759942112753097	0.535921422331148
-0.320328543004327	0.162894232670649
-0.398277573415525	0.446164700974542
-0.136345593301305	0.0871987464010394
-0.51928984655154	0.593012058012718
-0.181701327599186	0.265224368706857
-0.60632426629935	0.603062264974533
-0.983493330599757	1.22691600181941
0.689211102779746	0.702685559221913
-0.481006303757271	0.339202059385771
0.699273639934146	0.506135354447191
-0.526810633614353	0.412254164813294
-0.682305329580185	0.551221134630804
0.101282695297816	0.0601426367124503
-0.471139720283724	0.470451048139445
-0.526541002800779	0.60169830040993
-0.740700239828802	0.86986577530845
-0.0915744756401456	0.114517947096215
-0.0837349445962661	0.0740842991372914
-1.23517687896887	2.12211253326911
-0.823678653937336	1.22782750097078
-0.127188576090915	0.117948944784263
0.0201627625566576	0.0240673421919618
-0.314822756993233	0.582718985450243
0.0570407733328098	0.0615802505648409
-0.873911825692731	0.757333188635829
0.378754241160179	0.701488406771589
-0.339591619431374	0.681901539984403
-0.812478145384539	2.17371343902404
-0.660731851717353	2.01425622104151
0.340215259487564	0.718803308124241
-0.0684763263002864	0.0966558495251153
-0.274517814903628	0.545414741391267
-0.446071515175747	0.893869372041493
-0.158081113659651	0.250322923124232
-0.702394071294957	0.629194448885
-0.247841242603789	0.190739839089982
-1.10492883095934	1.24152464023722
-1.28938626082352	1.49511268902627
-0.519437497871395	0.725229325578351
-0.293320893136843	0.224296447295194
-0.622541319982293	1.09943783317185
-0.319173476964626	0.361103833664698
-0.354694061240751	0.605332722236413
-0.474670589172994	0.486156756707111
-0.848135763744065	0.962152917765219
-0.363900625171683	0.234052820699754
-0.695909717427959	0.624038205197425
0.115762430752467	0.0825365901983376
0.52168580529889	0.363156386023042
-0.260686066860349	0.227907419100376
-0.491517093311425	0.685503292069104
0.438890327712743	0.429397374854154
-0.0494505394133924	0.0403462155078947
0.201927141764673	0.291047591767034
0.27956581954713	0.252346680802909
0.569223455776194	0.64529802681146
-0.666233797950451	0.69682058559194
-0.0867983943794492	0.119695619569856
-0.1839518000077	0.342783188006448
-0.342472576495483	0.495756622529616
-0.9161273361632	1.10898048264706
-0.321415774719401	0.57493110888192
-0.381488659552751	0.820866254780884
-0.360021135569092	0.688918075866755
-0.0617122323906055	0.0892263512577967
-0.468456456658065	1.22325932533603
-0.315717317147146	0.685652732975927
-0.790336334852781	1.98456840741949
-0.00572783818497822	0.00660627425444554
-0.245783560453141	0.406802376242209
-0.505371960044018	0.441124057015526
0.294549051408201	0.245452769316552
-0.61936642015643	0.521512150997401
-0.748519188285988	0.958908352620508
-0.643047035798602	0.761660434446654
0.616320636191084	0.75129863866242
-0.350580896568608	0.316603832062398
0.211264412193695	0.178575029543467
-1.28612187816651	2.03423319879041
0.331366439512995	0.342283309183359
-0.690730394673971	1.4553807867939
-0.290705207991503	0.3362888856834
-0.467076913976658	0.660803612852757
-0.02171434953639	0.0253664604598564
-0.616815141936561	0.910275320632406
-1.18778902460354	2.30717275021947
-0.965561433508804	2.10738807905132
-0.533527374936924	0.833654417569625
-0.200227926353841	0.142207620742863
-0.139379636769864	0.211210980207287
-0.662412233623222	1.883829071144
-0.464093198366194	0.979307382199852
0.156386478721371	0.264297151834855
0.245537632316932	0.453045831707827
-0.166353874519384	0.233262152066378
-0.217611799822193	0.295147546139279
-0.215529691649486	0.263415905945572
-0.287584235311763	0.381826503422495
-0.526103207654967	0.494839075602496
-0.5498118770626	0.469030823764942
0.0887467591704723	0.0502393879021556
-0.452463829709127	0.436858895447986
-0.934593754934592	1.07457371342617
-0.787246142252536	0.86569626379026
-0.472070784222568	0.378160363002821
0.200450024588503	0.148139449955185
-1.42623009923583	1.82195529262695
-0.783549151930457	0.745215025481844
0.445211935365155	0.434592953077279
-0.523431239192062	0.411880150784375
0.0157385153003488	0.0142831158386654
0.677712528627612	1.08513673097149
-0.549417078617637	0.835081860867156
-0.162634211106484	0.27635784050337
-0.341097681311504	0.362337759783002
-0.23153922711622	0.430832381907783
-0.317900663134318	0.629056948425311
-0.418538509273702	0.648214620979721
-0.173542723484754	0.27127557223763
-0.29552386039784	0.623375800132425
-0.0701607982499924	0.0975398797048842
-0.372873491603404	0.409865928332558
-0.27364398946169	0.281421327032841
-0.263479804647053	0.492870488022081
-0.333137936345629	0.68758761320457
-0.414139932409115	0.588039018662042
-0.109190350034758	0.0945793915928954
-0.295872816218528	0.275223137464258
0.0247673033800074	0.0198651603826453
0.245285088897128	0.287587828547986
0.514084555968424	0.701441090886082
0.0179989314550427	0.0164323364421464
0.160186351169153	0.218314388049778
-0.00528976721719396	0.0058122614232952
-0.448121462198253	0.659524047518127
-0.117312596616543	0.164747843162131
-0.39377712761113	0.852455418050418
-0.127196777415251	0.214687987346809
-0.778942164721574	2.05376402516035
-0.710349545556195	1.85318588059786
-0.252875298316427	0.382568957198142
-0.0186782725665142	0.0279777022159718
0.0113556974530236	0.0153645440687233
0.128193134191683	0.21350883801724
-0.117922235178276	0.170461503877045
-0.225846508734999	0.421667361114171
-0.220329669009165	0.418044404871013
-0.128769584577622	0.214597358970819
-0.308181853881079	0.537095887715725
-0.138365328132507	0.203297174804703
-0.112727571611501	0.160346371540685
0.0365765074002214	0.0354458366752169
-0.0798017395993903	0.0985696579746832
-0.198733841862556	0.325966582132927
-0.265515323989041	0.516879237006404
0.0797943058131644	0.122849417372832
-0.493946638204665	1.31007015560019
-0.188192591280589	0.323674979395378
-0.255518592680484	0.499175055352163
-0.122314645454623	0.218565811518678
0.0615624497418958	0.0896070681146081
-0.336948427124344	0.6130075463008
-0.408948766944498	0.856396304137935
-0.306997715715462	0.456314194771437
0.135513376946978	0.242728585259687
-0.00662388489006209	0.0104038138183447
0.0212057136542101	0.0296053372662581
-0.383406673168798	0.965549542847523
-0.0755130392835617	0.120723702740813
0.443802863412002	1.23305267854751
-0.0201539030093117	0.0287799270821337
-0.234639275369554	0.407187631018797
-0.328400334737009	0.670128693144106
0.255515803891453	0.373206350043642
-0.241609351970729	0.247229677187173
-0.31623179054354	0.435125490254938
-0.248050398400066	0.458262096071615
-0.00724792268820259	0.0105301428597439
-0.0676977468132969	0.105834667932611
-0.123776759855662	0.194897062663695
-0.313338508680699	0.63475838957032
0.00681644675296	0.0107376839527895
-0.315855545682892	0.671151721918663
-0.392640977081377	0.705152823767431
0.0719170211437957	0.095148151147143
-0.339852110176669	0.534953347648856
-0.125802666996828	0.108198797742168
-0.0632558162215415	0.0663702281280748
-0.226189769875979	0.395477389449007
0.0238019230534494	0.0287331860085785
-0.414868999424842	0.734062270621456
0.165524663557487	0.275670807110043
0.195026467094926	0.344710195975707
0.00622001344548763	0.00793596292772335
-0.124422609049381	0.202378223426464
0.497477145447205	1.08268405699683
-0.198073639053116	0.362810313424867
0.209368493301437	0.383660270713671
0.0289474328568579	0.0320422254946239
-0.105150091703315	0.142532043435596
-0.389703544422538	0.627193252703984
-0.459059099491753	0.775107335832107
-0.737656794010497	1.95945446899959
-0.203278203015253	0.233390359227971
0.0329565350901748	0.0319657608302348
-0.80090321217778	1.98702216980215
-0.01864638309374	0.0245196925821285
-0.197304783281798	0.287303479787596
-0.0410973513707275	0.0571784415617868
-0.848088262652194	2.17962626736637
0.0542329059101984	0.0742836857516909
0.352452374132908	0.702732525994548
0.0152620349078751	0.0196601680826019
0.00509890601076496	0.00691284765161083
0.063789891564945	0.0923970755256416
-0.121858820207097	0.185287833760779
-0.281615756639544	0.492189128884473
-0.68715759292315	1.67624390965435
-0.401515315743264	0.772009411801263
-0.189011476255631	0.235466398242594
-0.0753396991039485	0.112627056212869
-0.0336933451074662	0.0438206386484586
-0.40372871882466	0.875802204424481
-0.0210632499973708	0.0216124374369792
-0.377111468483281	0.491195639273932
-0.41216742461609	0.514015625585509
0.470829215431137	0.676781314037219
0.355889492301268	0.504590804095465
-0.207342658079213	0.322063708113171
-0.35080162200492	0.586354862903618
-0.176291926692557	0.286592009709978
-0.174329268668263	0.294550344142769
-0.617347208695197	1.458230427238
-0.127775279788933	0.196749996470262
-0.138930805565556	0.179241431663803
-0.0112616935225268	0.0105142468207413
-0.307729159738536	0.632645743884237
0.246706568676946	0.413271231209923
-0.402306206582384	0.765974268023418
0.124329955179058	0.181603254013968
-0.00574017527716149	0.00748609265813864
-0.47000811582862	0.947848819948114
-0.159400886028827	0.216588866852741
-0.224512139047315	0.29683935609591
-0.0156998986680102	0.01889230800509
-0.247817499696301	0.373620629216814
-0.168900313922208	0.250236537140477
-0.137879010575662	0.192632232011884
-0.527950007633834	0.943054537253533
-0.179818157847477	0.253922092114323
-0.360856550313394	0.613754686302584
-0.366021707669634	0.608121880809027
-0.210298244312896	0.27640669580002
-0.169262366016961	0.232382913680871
-0.29805612333775	0.435154267116126
-0.67116205948656	1.22717975162302
-0.195553952459821	0.256895834263841
-0.736342024776656	1.41085792667789
-0.226264394574675	0.283085828736318
0.020867382229753	0.0264317599020306
-0.285843484856471	0.408779340429208
-0.258190842255884	0.425588915587103
-0.104796741943103	0.114321644466244
-0.749375573600735	1.94087038376745
-0.289788095764178	0.440764776643158
-0.280603669965477	0.45661778686399
0.0855131751327319	0.104357725026149
-0.0930786963672168	0.109888779681946
-0.312933760943405	0.439741762562941
-0.133341316742832	0.162233264819206
-0.388096867099335	0.648916529921211
-0.584439165080937	1.10866781159639
-0.194723480061107	0.277008440284783
-0.569027962506136	1.11798034680098
-0.855903729439818	2.18268858250614
-0.179263694562363	0.204165436334131
-0.0751673660365263	0.0837288114290904
-0.379320909352847	0.646491895719727
-0.127056168445665	0.171373386543836
-0.116852427999019	0.12908953836625
-0.305802466981978	0.572738606286288
0.010973983367624	0.00926087076212114
-0.0174040226556449	0.0103862822820039
-0.231361072224205	0.183707168211777
-0.158873852705898	0.147961056222335
0.126600710816394	0.0959739626880479
0.158729362847555	0.221517518579508
-0.726502531975776	1.12309697213198
-0.0767440828254427	0.10093626995702
-0.166293040236181	0.29565430862498
-0.241370777888236	0.326587263949879
-0.456838534298944	0.924542266770376
-0.0746012615814933	0.0898097355563443
-0.131392125109538	0.121868422200691
-0.0319292884828722	0.0261995281386763
-0.360614673308166	0.330636435397712
-0.488230251696188	0.464999224835932
0.274307801807882	0.258716377799906
-0.412410071737922	0.424404101031876
-0.381248550213475	0.426173816789438
0.0969668216333656	0.107886223973107
-0.469810104628383	0.824406819370191
-0.05612638764241	0.0576092853413103
0.145211435380349	0.222959706898934
0.11198948020969	0.108328699226211
-0.171759806234315	0.30461377526794
-0.323199155429646	0.40381742908815
0.130000973873242	0.115023978600322
-0.215193013053899	0.208906609582869
-0.441446868360838	0.456340867056313
0.226327473807312	0.376130907234865
0.323206202104039	0.414510516904451
0.093259263937291	0.140054351218885
-0.307319114549803	0.735812725553338
0.181224820737037	0.25707628297983
-0.129449475398296	0.192062558671995
0.0250162471246844	0.0351290499245224
0.354690707275712	0.402334387030905
0.59635148604661	0.886429557168169
-0.257403147018112	0.260719360023936
-1.05395554942192	1.32484697727316
-0.228250950616918	0.200292144785831
-0.0394108933725641	0.0285595309818936
-0.490017952154077	0.52919582077533
0.104664221300971	0.119375262572091
0.462412228893985	0.743449963984755
0.113709314694612	0.134424779309667
-0.417831323522909	0.960842695672991
-0.461438781814398	1.05518717440894
-0.127733278028336	0.107859567847019
-0.364325890760826	0.346709494145524
-1.09825674690466	1.41971906667374
-0.145353687709633	0.202451613286904
-0.0732773781482681	0.0646945149015825
-0.295904005746588	0.528057871250703
0.0749173183360823	0.120305426347883
-0.191450711287266	0.232099142726462
-0.122541284383666	0.187460002067307
0.25285940329114	0.491544030225563
0.742876901370628	1.33437343631477
0.392990831795515	0.41622426910649
-0.853810416464548	1.1431517651374
-0.860958859099274	0.932131602201984
-0.103639698088005	0.0799691494424696
-0.148898201383669	0.138258533106573
-0.326859496787098	0.304271016356736
-0.62420473936476	1.21059226576004
0.410067701135709	0.578907391576331
-0.0194798810640128	0.0198024862392676
-0.257844016216773	0.572279863797825
-0.440465058311839	0.642347945188697
-0.261963534151756	0.466957174348126
-0.289434813093486	0.425300866955331
-0.478433453569275	1.03043437250422
-0.841995027393287	2.37391561663507
0.19627578602883	0.291787060259308
-0.232874127286218	0.396519663833345
-0.134147827415101	0.184152081629479
0.464691806218604	0.883290982562969
0.112400618897089	0.139116326528157
0.507533333494158	0.809725829081301
0.0126437320114265	0.0134252444511906
0.0668953095216336	0.0769728093079219
0.0817128960799895	0.0924218557443094
0.140917038490132	0.183232514836113
0.0661735244653898	0.0864209194614592
-0.622515843714081	1.27498512036685
-0.261372255987951	0.350348104062826
-0.199745745028858	0.256297689358961
-0.628335408403052	1.13773461332682
-0.542025598164133	1.05797804081437
-0.656742451146034	1.22181108022845
0.90760917654362	1.85073640736499
-0.0114098889989423	0.0153449661551307
-0.0158231473847726	0.0226173510378142
-0.235217550315348	0.454860577596082
-0.393822851236453	0.862011861221014
-0.684665181002249	1.91970044907915
-0.373600688970453	0.837231364341003
-0.131093625433503	0.209301249517822
-0.846413979924916	2.14967706805636
-0.295391250825097	0.482236857110046
-0.0637279050250452	0.0715348256454378
-0.388628755506813	0.409843553910327
-0.279887254263987	0.348241174936486
-0.236619338562504	0.395202597793794
-0.458589273063921	1.06080507840673
-0.759643288408602	1.45768280095712
-0.297417348691679	0.431033398350666
-0.931738766418701	1.40829618102961
0.228411891934051	0.368410135535284
-0.320781557618426	0.671127397619661
-0.281249587454176	0.556561096016608
-0.0777595901622197	0.121189706673553
0.0718031662870813	0.099742385590931
-0.558396646612104	1.60469211767789
-0.329348356621379	0.732000198169379
-0.693429871492638	1.38078247034833
-0.132350378445568	0.186567807926756
-0.0374253783534964	0.0386719666491356
0.527768477319182	0.538428052197964
-0.264559146074511	0.305630418792721
-0.660045167430368	1.43076122863118
-0.0867338887311142	0.105547810011801
-0.296050451342106	0.559856920556042
-0.374154795272557	0.899789564896362
-0.212270554877735	0.418922800974525
-0.466216958354348	1.31504433092689
-0.362959766719793	0.923802157238839
-0.312581793122415	0.772765475916921
-0.283218889138235	0.720146340101051
-0.382083515991243	1.082113208056
-0.492752478470239	1.33728664331225
-0.572846529521016	1.2819415444829
-0.341928713353427	0.68426758829713
0.0678848651632435	0.0840060393177831
0.275112609465861	0.247730185116037
-0.0860959258163694	0.102583947956141
-0.494426228387985	1.11927469725306
-0.28159082842525	0.571952249138006
-0.481378151242865	0.778229228535585
-0.319528971751908	0.628487034626519
-0.10401526907714	0.181620475251217
-0.283027722693122	0.709724010888044
0.20551237307062	0.445002509313514
-0.0811417619772033	0.133857970106183
-0.235891855050099	0.52112226284919
-0.141666956796496	0.279711742327761
-0.122878214436012	0.217053459490223
-0.210087814015069	0.347661479657643
-0.365490091984969	0.759987619935604
0.0531756927769686	0.0676975441838321
0.916043509692339	1.29418844041309
-0.381391107018613	0.60175866139702
-0.267971422894757	0.469088453592884
-0.311161495854619	0.627549018099324
-0.256202333905436	0.500446019113349
-0.173795201333928	0.28546582489991
-0.630175350381443	1.25720831612512
-0.453993696963497	0.524692123535951
-0.582048352537655	0.737038467762407
0.3565409607248	0.864004778027661
-0.581343358047982	1.80423844702527
-0.00559522365032273	0.00789519172992668
-0.223048368082697	0.441019723727487
-0.107955967665195	0.17765491954035
-0.0340557561619761	0.0543180168154646
-0.304226608320416	0.65497294786258
-0.433276169796756	0.806718426333528
-0.234287797763499	0.37363776962916
-0.06958313025474	0.0748422722091768
0.579590361106347	0.729312594870348
-0.109475690807984	0.125594440741155
-0.312353947706835	0.644295281738269
-0.0117562101413151	0.0162003748756867
-0.322929819169302	0.615971536854975
0.0799126605722855	0.0984361558306965
-0.630303714050833	0.95007040120054
-0.170257607222175	0.247314325846473
-0.128558000235235	0.169618508438325
0.139690106445796	0.161655210979344
-0.0933465051077912	0.141273867254155
-0.0530787649030184	0.0859393532691539
-0.265634767257466	0.56301421499609
0.102238073846152	0.172374449884067
-0.347145315846847	0.725692186632904
0.247783894221635	0.523804215707039
0.344532629770712	0.755491874942726
0.261915830843128	0.417145990934807
-0.0853714852783516	0.107790606843793
-0.162084157159653	0.233663200892555
0.757811748690286	1.15708091930372
-0.111643074026469	0.122359154043512
-0.798503751795366	1.87186099535089
-0.368761886063678	0.738958215229473
0.0953328871970832	0.143858174210384
-0.107303454156141	0.178769753389807
0.281099386645542	0.427934403800117
-0.197462846405425	0.191928178808179
-0.152835950243568	0.208543773689293
0.0349006191037301	0.0359632611585506
-0.181558605465043	0.216728020797191
0.0409078421770817	0.0562818105124585
0.296735978867819	0.640914640664963
0.087149952663503	0.140800711048428
-0.0881475701993515	0.1344853653548
-0.0390061967258118	0.0588361186570171
-0.106540706409026	0.190660509175997
-0.404891050683652	0.986048153021831
-0.201666459173373	0.306205249502555
0.0745046692122623	0.0970760258212144
0.00190244212519727	0.00213402531413622
-0.254655540603399	0.256465192399194
-0.0874443505376624	0.1019347015985
-0.0326020067191821	0.0392023683408773
0.0657539800667053	0.0723963962692787
0.201976858239035	0.259127629439078
-0.300298883464516	0.669216028850043
-0.014350800622939	0.0145404009005607
-0.162992265339706	0.288757051544362
-0.0319797391162502	0.0549380719458239
0.0857890606711665	0.122503120492371
-0.207290018901581	0.436649062663853
-0.541406581293598	1.57142843398798
-0.301301520162673	0.44607048258941
-0.230729408616803	0.322950632723666
-0.223669342007891	0.289108222582533
-0.0368957966153782	0.0390779148269973
-0.201807492698509	0.25868162629861
0.361236999200906	0.616525764614502
0.028840315385399	0.0304356633145304
-0.0851980173454999	0.132439858855483
-0.429363678603611	0.773299204410473
-0.258283599401723	0.410221765046719
-0.0321219363627537	0.0351049227079381
-0.0914236557580558	0.111905054955745
-0.0183601079743177	0.0227999299962733
-0.331987799030662	0.567929253307572
-0.0760669245529089	0.126986891063894
0.40691367797834	0.796670071709289
0.0173465496484472	0.0260181243397091
-0.395336976827969	0.940025259999254
-0.0891436719441667	0.138160905392544
0.016590064018986	0.0247858385547996
0.300425374370048	0.59988433118464
-0.142830296221994	0.211507491892646
0.349470073791099	0.650413510751626
-0.0950706411127262	0.123483995905625
0.0301550176335286	0.0362528826879094
0.415934650320773	0.738602262312257
-0.360314446280838	0.675993968464834
-0.233832801898399	0.379380386747001
-0.255505682121252	0.447295448697727
-0.166735262563169	0.284166969841484
-0.111506215645586	0.159485124943591
-0.49040408786058	0.900098437715385
0.0852483870969408	0.117391662264072
-0.109498587916695	0.18023950884112
0.184846309561087	0.320752421235737
-0.0217192907015231	0.0282205025799945
0.136618860412615	0.203855144029179
0.436162634045829	0.782266717551053
0.248161055135358	0.276274062807065
0.203624529158959	0.298933263943374
-0.495820699898891	0.803155238488215
0.400360467857817	0.437388234378086
-0.189002494948848	0.305242074430175
0.34951065746001	0.869358648974214
0.483302161592145	1.21375945321468
0.00872867734863959	0.0115141041882688
0.181319643674329	0.335707493739791
-0.0322666404526078	0.0449873303279534
-0.0108296343727645	0.013573058698658
0.156719293283905	0.231330047019414
-0.0963750609827513	0.125472377322616
-0.144856496069361	0.1997033536228
0.0525073214001946	0.0784485388836607
-0.241463051432431	0.504541350440812
-0.566042641184238	1.44106915022963
0.109574591691964	0.176794726365846
0.109882225623965	0.150281020688176
-0.480269953324801	0.586098275448158
0.0404928509785813	0.0516351433501654
0.237415876265768	0.320755007974156
0.267633433988011	0.27825998436334
-0.532830828613548	1.32552755191719
0.0796181799096762	0.131776034593377
0.087916524421601	0.150939078765755
-0.0754205974117512	0.116174996705457
0.218056504780635	0.424178063625558
-0.097967778363886	0.172964559474529
0.221618946871811	0.420237643642451
-0.18003414068599	0.282897575806914
0.195384449363994	0.327925848858306
-0.445311217633149	0.711097388933231
-0.16031200946037	0.157975280001674
-0.623609489054447	1.09648170398637
0.0198361330143436	0.0287010321473639
-0.0121281664424212	0.0162825909101694
-0.0959145171709535	0.154171781251867
-0.378862956738431	0.65228144524727
-0.448518336330659	0.655749657618001
-0.00693955929565211	0.0081230132606324
0.37574934424691	0.62163265343275
0.677729854098783	1.02469609281179
-0.242914292394544	0.474549097239157
0.296126498547605	0.700900142931114
0.135050365241485	0.244165706252266
-0.0485941899303855	0.0764528707785724
0.419359053601905	1.10040033942097
-0.0341353137274086	0.0540100179270519
0.2166889622802	0.439803100071804
-0.175120973321672	0.275262968464352
-0.0899252969301096	0.11023771146977
-0.129283727954209	0.155231431694884
-0.478912552978139	0.336035545193746
-0.106516722139324	0.177443797710367
0.0449117215409386	0.0641273961717171
-0.233641045660932	0.444269114532688
0.125295408355077	0.165922521526248
0.0993437235624377	0.109798408457486
-0.108938878331045	0.154665057865912
0.258044689417327	0.40914760287909
0.243664919164943	0.284785443771461
-0.0308764756598513	0.0439558517628472
-0.0632879038230851	0.110336212935353
0.269057886123173	0.587249653588587
0.249321664320669	0.504740313877473
-0.175898878960893	0.332959121104311
0.195844644372593	0.395763216033842
0.163633677676238	0.29097322623081
-0.376098327353918	0.732575449784299
-0.527386119569864	1.25057830964263
0.189053528413272	0.250075499404251
-0.570210336913619	0.302892913227831
-0.83931816054987	1.12265742548871
-0.0162625362258011	0.0219112023920752
0.363797243807284	0.832590998280828
0.242769969845862	0.343301614330994
-0.0683993163642076	0.0669648378374123
-0.101125470416411	0.142765719824691
-0.259723516110571	0.367974637439032
0.273164414984239	0.328495158090588
-0.289926041336087	0.609288848214636
0.0645619554116084	0.110399962149793
0.202462372056604	0.426314310600857
-0.19433407137494	0.33590223812606
-0.0800516586808225	0.128981649951424
0.346302778602578	0.828171941982026
-0.151013136722031	0.260079453853432
-0.627643661455204	1.41833579565216
0.0465249186569776	0.0623278968416635
-0.397487696495249	0.700152990963172
-0.548039500189429	0.693641443332834
-0.108962395370646	0.136524329095513
-0.184653457354085	0.206796430827483
-0.000887568025008672	0.00100721597464166
-0.270516212634288	0.182823293715262
-0.311075816265771	0.202966586387949
0.0706961255850296	0.117796950569511
0.00619576776006618	0.00879627856138523
0.0846828038433825	0.132625905349502
-0.145066132161235	0.248262161755299
0.341503446097836	0.564879125647665
-0.373665856088053	0.493589258021161
0.0950362130783685	0.146748695001455
-0.166744643349154	0.236857242993921
0.0270091124548878	0.0246766351800039
0.189221715006432	0.379534891988757
-0.0102943848611379	0.0171654136842817
0.163077077302356	0.324059292038187
0.0908661166407797	0.154482070527045
0.1956837439715	0.410004939716082
-0.156868682379657	0.323023114672425
-0.0204133668798037	0.031620437923572
-0.159825493500275	0.260359402552925
-0.327878882577172	0.61747931837766
-0.440041511381358	0.76810206964328
-0.326959312711196	0.40968941660703
0.41194981428686	0.734088019909047
0.270479304116013	0.293673146137623
0.398243996564079	0.347540185596368
-1.20651259961684	1.56778032943528
-0.176227659566934	0.127150793646704
-0.154701877269089	0.280935831731011
0.0407008282593728	0.0598445480718477
-0.0641747926376427	0.103600828543661
0.0852400841785168	0.134661611915641
0.00955222216397667	0.0132887935529511
-0.0771336846794557	0.119468515085301
-0.140102952650819	0.189460062230215
-0.0620925008024988	0.0558260349272176
0.196053152145975	0.285521832994854
-0.247125594867173	0.300750515198447
0.225456452637561	0.248678297179759
0.240217249700629	0.446202725846095
0.27936181399796	0.674316498964886
-0.228758104148387	0.495916782286178
-0.402945751854033	1.00652850884859
0.328750201475718	0.757654859051073
0.0556073970843645	0.0881840456278841
-0.15293738816194	0.271254222579514
0.119174343497751	0.168941450248968
-0.144100676054337	0.16054736315638
-0.379690882421754	0.280843195444561
0.102083555933417	0.0644941677502329
0.10690981267736	0.0729425667281784
-0.0977029719037334	0.16743843030938
-0.369283089330266	0.527820274033475
-0.17121221163147	0.30226983530272
0.323022190299594	0.760089525746597
0.0132245665603393	0.0205812400218993
0.12894605662672	0.243283245738944
-0.287873142603872	0.635645129911461
-0.155282025649921	0.274829325968736
0.00978620316115219	0.0136436582428684
-0.289032032488198	0.434587911017139
0.582735860195844	1.00684957870988
0.536730848105806	1.17552355274276
-0.0541271995222845	0.0614552773263709
0.0330082497205193	0.0325580607834259
-0.136211453714861	0.243496230389953
0.118458155581117	0.21913621847024
-0.13835698461913	0.263097055559315
-0.183120204722978	0.325206233355926
-0.183433394730574	0.373221318725537
0.15201096703311	0.286787671060848
0.00839419395158645	0.01221569757571
-0.0878170823851908	0.125958955352819
-0.259884559186438	0.461459058344634
-0.957803305731287	2.25779497408522
0.116376702852895	0.0878211733016657
0.0425524299006933	0.0297999883371341
-0.799928936401896	1.03506966252632
-0.791172074005988	0.743848557653813
0.0771939936569726	0.041073814496687
-0.293473789323168	0.535718575203616
-0.0742564536091795	0.123681844695813
-0.179505011287506	0.403900098541487
-0.107746881691781	0.18434502017264
0.0963593361906833	0.164734738152417
0.339537542070209	0.846550121729271
-0.294761064563228	0.631213855749722
-0.149722619995221	0.250327299538806
-0.184255218984121	0.343599262497951
0.256255149844766	0.379665098680252
-0.0524840641333459	0.048679463887855
0.407353442609078	0.863523292498297
0.32199544701535	0.458498410359808
0.0731194408457692	0.0751335646283084
-0.396613109605656	0.933839276051629
-0.0548428221766369	0.0980467980873147
-0.122319429305475	0.226443744526598
0.137144854074114	0.250054823142674
0.015218862320462	0.0237428666713159
-0.128441339403701	0.251814498872939
0.0749899395711903	0.123967532099258
-0.0569386331224863	0.078266377927655
-0.0833117403068138	0.111224743941387
0.066639668082048	0.0850359053644265
0.0612975465590031	0.0719530130323261
0.0626211230292576	0.06779527563264
-0.00814519896328974	0.0082304496676888
0.0112426071311965	0.00733231124042358
0.12106519980801	0.0913683337672684
-0.618115908195037	0.517408447915382
-0.280064778521513	0.152285471833926
-0.329403976348296	0.167554199753107
0.0699472285487307	0.0316521952191096
-0.355175457151951	0.77316371390278
0.219987120167177	0.482384137555854
-0.0799503872541926	0.152623716298763
-0.213108378680095	0.451618454742023
0.163651101119545	0.299556212433246
-0.230613999342986	0.388922430574558
-0.034217070733552	0.0510328488833118
-0.253639689445334	0.35582118036131
-0.333560671867382	0.35517428500147
0.374975682676922	0.725783033471637
0.332327145231286	0.490190234167806
0.513928162001339	0.68973882850715
0.219735458997147	0.435631828210724
-0.0900772200149152	0.159475371985332
-0.219031566965975	0.463715506448567
-0.0453472573535273	0.0687081427618015
-0.0530726435641369	0.0891803809487113
0.146776356352793	0.269857492112013
-0.286020549657212	0.629740703713
0.0249368364566206	0.0323364983371354
-0.150150528000994	0.223933928670947
0.165612827682433	0.23283134571685
-0.170419730313719	0.140812851566202
-0.0477624199711172	0.0538987198642473
-0.292474326010976	0.525833459495673
0.135787585678987	0.176764917814744
0.567806823403359	1.13526171079328
-0.305118405209285	0.406038742166656
0.210788418166161	0.14606903169242
0.103095320731143	0.061493767788225
-0.130875672132543	0.0838133345647312
-0.00947951584558142	0.00574700917738992
-0.359148689810874	0.328656278618365
-0.171412581896567	0.105798172447103
-0.763532519124483	0.541893811399619
0.0741288966992	0.0273019571630374
-0.330410637842606	0.167024920723482
-1.02866885584271	0.629100815934147
-0.194183964229538	0.407492204658915
-0.535013693738543	1.4997250983146
0.227359365246187	0.534363471763039
-0.141006560254272	0.322193982110859
-0.267282449403891	0.527654469516845
-0.270646016570692	0.614516343053503
-0.059002376513725	0.102988056371526
0.191019501567176	0.436208362055574
0.0204473378825603	0.032125591365652
-0.0541901665981059	0.081773650982465
-0.17864359918839	0.323707812417446
0.08433259801675	0.113199727909266
0.178313898553303	0.205202166346284
-0.132215268237861	0.198169465661032
-0.318821267865148	0.551234066292832
0.385092284707975	0.578072634354836
-0.444448259782394	1.16127282074172
-0.0926282359304161	0.16433496095173
0.238317112842118	0.539662666154703
-0.174824779416165	0.329486298876112
-0.224031533115266	0.474860375438381
-0.0638000333300834	0.105916598985195
-0.181540947014974	0.379932721329515
-0.063530520588732	0.0834635084234071
-0.111914929802168	0.165395369680253
-0.75676209905007	1.8225991540946
-0.767202720117354	1.25140492318145
-0.168029984502951	0.197185066451711
-0.00112450693358827	0.00146651916422735
-0.0500399872061523	0.0681986154635234
0.051444489616213	0.0641829676636822
0.000497402682750938	0.000460622342679152
0.569765174398351	1.01066984081452
0.358119346229458	0.338016792895143
1.69937218356734	1.93746619471495
-0.129778878929959	0.0824809900590953
0.491562580550332	0.361777160333643
-0.14340687307404	0.108490868900758
-0.0221725771855528	0.0187245868369683
-0.253268108767533	0.220942933514567
-0.0353206993973506	0.0296121393075901
0.253433239049321	0.131748297083619
0.643634228815784	0.598923072763698
-0.48226149025039	0.27251660166447
-0.363642286632116	1.18416441911498
-0.101130964186076	0.203888857991428
-0.380658903397862	1.01424565021684
-0.146890507936905	0.337532493597561
-0.149092544197405	0.323602647953012
-0.117383676869376	0.194584345957456
-0.0900416263642889	0.151117362726734
-0.384335051065727	0.986085801567251
-0.188506190168344	0.355591345936015
-0.203941784014532	0.401526429394763
-0.175465936245123	0.265367591547443
-0.22687514437176	0.280058189120834
-0.31990042664197	0.635518371707739
-0.245003231254224	0.376964434832292
0.183489869564439	0.209076511416133
-0.4238621278766	1.04126311296737
-0.264763265946889	0.587640024847063
0.172377800334136	0.345730972756437
0.156212138225807	0.254342094615745
-0.128436998850151	0.225267742175188
0.0197864241387165	0.0295146280435043
0.0467488874086147	0.0700614809263981
0.444470337620717	0.961862608853199
-0.683344178251817	1.80807639869142
0.346452925419412	0.646537247436309
0.0129348731044632	0.0112749134998339
0.144205377626894	0.194413167838973
-0.157587888471951	0.234825633562231
0.11000398891308	0.174513396814753
-0.00880955708008206	0.0100314874915148
0.465558868288222	0.759054729918208
0.364337626517103	0.510753838542755
0.594924414925962	0.662051946893175
-0.0101458337692145	0.00761010469977046
0.20903294345354	0.161872463848273
1.39480334106366	1.81688348063055
-0.0974027586176263	0.0770703810059506
0.216020722854312	0.230481132482408
-0.973012903727087	1.58551527154919
0.00304182950305366	0.00238040261823163
0.319541984250455	0.25072884676553
-0.650338088360174	0.638933944836339
-0.341875650871963	1.29868789185125
-0.676938777192499	3.49280000537595
-0.17284306889822	0.448280807662913
-0.0786774845331761	0.126903881366686
-0.623193229283764	1.80835303272991
-0.188259741366936	0.4133747303619
0.204932218589585	0.425727747500479
-0.289021237026745	0.676556192800235
-0.556222610965085	1.36700715693881
0.0796826041290827	0.136788437060063
-0.0207473278915469	0.0308029716992885
0.463188946404647	1.0630585352711
0.074392889078285	0.126073803142343
-0.114261110519219	0.19053187206019
0.234471096381503	0.422368595582872
0.422698911820197	1.03336572538026
-0.280768884356289	0.544539299016098
0.308797435809466	0.694459915819099
-0.168051679889404	0.319432040986479
-0.471902950170273	1.22445016871767
-0.668211054154917	2.14902361886771
-0.651033360692769	1.87446975078069
0.065301735674721	0.0725109449154411
0.0788004173363482	0.117486399794483
0.436828167529807	1.06370613105808
0.263251341949999	0.532609575952262
0.333299171471244	0.733681346616193
0.0439572447647566	0.0525586512808087
0.271266445823156	0.408607715534151
0.231798796603476	0.328976234440431
0.526891052776602	0.705610796841481
0.154133279422793	0.168116204300169
0.505401522572894	0.522367938003422
0.120964826971845	0.137695237958996
-0.36029233765222	0.666060065819568
0.263452807837995	0.44807415866294
-0.0809645412050466	0.0900953239073262
-0.421385608018972	0.403176802424699
-0.135455858691883	0.135319346948237
-0.580092454560144	2.58605698358803
-0.135407935948106	0.355220421067832
-0.0532693557151305	0.0956853479348405
-0.41534831037254	0.726423950852674
-0.316397833567283	0.64426961472277
-0.021647312640458	0.0383660539425174
-0.287525236458791	0.397967320171741
-0.445138650356383	0.666105684738098
-0.191316219512853	0.391585518484284
-0.141790774761956	0.17908036034885
-0.314214964411955	0.772612948405889
-0.127021758842012	0.288741501063738
0.0097166321544391	0.0128358027767121
0.140581262398078	0.281259912110986
0.273323870332038	0.620677649721878
-0.50921507353613	1.0442897873614
0.124395745485387	0.141150693324381
-0.131663109280186	0.143599078772332
0.709916489189772	1.24147049523539
0.331721302853338	0.461425903179789
-0.149464064153916	0.201673976953363
-0.0846350315437674	0.0835903749328616
-0.115712049467115	0.1917319538337
-0.365148307456276	0.75392365511564
-0.143891213562588	0.208538671388265
-0.159869004957722	0.30693540062643
0.0972203710145949	0.135333482603352
-0.0375952950060645	0.047494501066446
-0.118051994901201	0.157150488897813
0.445840385284474	0.956046948983654
-0.206122467307431	0.30768193016778
0.20835867472226	0.334714185026309
-0.096729402939098	0.159777294749748
-0.0407243656238839	0.062303606007008
0.329089890227356	0.578718588679343
0.0440807434115221	0.0326990187789465
0.0338805174184121	0.0436679024208962
-0.264565333082695	0.438401805156909
-0.0602346982473628	0.0707784133677317
-0.149622074884051	0.215834174715856
0.440096626763536	0.720314638397831
-0.458870018158668	0.722151114833231
-0.11054081187243	0.147873715148347
-0.296836982606112	0.454820692765017
-0.279859253197126	0.390181241429688
-0.414548278836688	1.43123719556551
-0.468037560505844	2.27127886833956
-0.139183245676731	0.230776069417595
-0.325297897467013	0.470786865589707
-0.101826411465913	0.239782619589152
-0.0227104994417012	0.046293566445141
-0.169387165984566	0.433243536885463
-0.114144067482484	0.0873104618342305
0.133611784541098	0.116241022047546
-0.377854607455599	0.39324479782858
0.197119605781354	0.155304801418515
-0.336703955675746	0.762979296956694
0.404100243939605	0.434038538231461
0.0287466974771089	0.0436899989985933
0.103706438155096	0.2609847220689
-0.0366504810661239	0.045986065153527
-0.124849175062506	0.2497747785063
-0.0119593810212233	0.0218056281443389
0.125311895359601	0.135993440591159
0.281987507439313	0.266343575806408
-1.32491383815917	2.02440672067782
0.918168578968267	1.11111174800052
-0.54228378653534	0.584582331047597
-0.0164662282243049	0.0140582254864924
0.698319529881697	0.859889541008482
0.0473879953996521	0.0597199749951869
-0.196266828577935	0.271011314999747
0.242544140240337	0.321815339502041
-0.186228768141178	0.494546182411133
-0.0665465741957805	0.0743217464585334
0.376505229625801	0.499501424853733
-0.148310967469227	0.158832859432773
-0.314413164164485	0.605510950586496
-0.523666951328193	0.939486402273683
-0.312167415695687	0.518160322737076
-0.00167115478664901	0.00310484284073996
0.143972377524811	0.344001761530713
0.338064036665849	0.723537882474811
-0.471968863819731	0.201005767264039
0.352376399711856	0.835729203064844
-0.0461580624495925	0.0572052116967652
0.122342833352804	0.127779634070739
0.323152014321375	0.597482637723104
-0.170529963523612	0.349800982566593
-0.136707491888031	0.375658717137272
-0.336313240403575	1.1761220201041
0.00633516536626436	0.0113039051710774
-0.201267634707381	0.480102238150391
-0.508305019300498	2.69542865054143
-0.479167378769282	2.3982090902595
-0.0808897905911689	0.18381635027564
-0.123262063614392	0.215934449589996
-0.115682936407449	0.246118594161037
-0.149495955272398	0.348132828396396
-0.0789342704196912	0.152609822097864
-0.0190609790517741	0.0342471592846707
-0.00584276307947475	0.00849183792913427
-0.141291490456893	0.213816150708776
-0.0105356739429675	0.0142950125550036
-0.0358447037627024	0.0507959399979368
-0.147919043143398	0.20477415017479
-0.109488665204282	0.218866885270653
-0.297136524751089	0.590195368619042
-0.347274895943953	0.958781617218641
-0.225975336258156	0.484929746320383
-0.17976015653474	0.372529132241786
-0.435650932855136	1.22699096690881
0.107037917144144	0.18158851023621
0.0361053235181401	0.0529730517333611
0.00108264362204282	0.00135858707512211
0.27520958247095	0.469849045931548
0.162197246461386	0.224901574633877
0.390143380902818	0.785886653776045
-0.0666245882703608	0.0879665105457234
-0.379955405143862	0.72717456147461
-0.487156003447931	1.21200666490785
-0.0851291181766876	0.138792011945855
-0.381377607949894	0.777623155131272
-0.140537768840445	0.214601866418465
0.194939657380574	0.34330567964655
0.116908419247849	0.185003234003611
0.277071826831644	0.57402112950737
0.0159985753995395	0.0226768896972214
0.0297611669545486	0.0380340011499816
0.221334089051816	0.348825868753877
0.135456724941799	0.186900479113723
-0.099156047756788	0.122115412255685
0.129225371900274	0.147218040476167
-0.520556943003544	0.597807600638898
0.650412582697518	1.68118631053836
-0.240623029940872	0.428183400771936
0.0855371793981526	0.114088582503605
0.0511524996710384	0.0582815130142224
-0.0137126911068144	0.0124790077436388
-0.117700677049067	0.459908388561902
-0.111628483793193	0.376952012738511
-0.34917993703339	1.67242737112371
-0.417651143009384	2.10826981746254
-0.311206154021271	1.20161794343922
-0.515134907734557	2.43873798707962
-0.367614543852459	1.40452513056285
-0.719812957657815	4.58461393461376
-0.584300701603546	2.91597539851995
-0.594715349570454	2.88550551819727
-0.193473349846676	0.455191449670512
-0.0279606455510751	0.0466926104630116
-0.0936477203640312	0.154538525152546
-0.20897614782694	0.361748993739873
0.0567288820756883	0.0812570853427698
0.0102249606440047	0.0146706217453173
0.170536364879683	0.328319124627201
-0.766168517444359	2.60371723947085
-0.396909576628108	0.868747444862126
0.274558582989784	0.593808466652515
0.25875599915613	0.501370505683475
-0.59984476182641	1.72342756221295
-0.213435861465838	0.435770326108307
-0.096408831827396	0.151132643650284
-0.114849764923975	0.184635801990356
0.285264377046454	0.519748006298246
-0.219287121034179	0.40563234748113
-0.0414892292741584	0.059165778077195
-0.239062809634728	0.370721613390207
0.0172902399445545	0.0260393192761049
-0.25937891055349	0.496373726250645
-0.0664844846419543	0.102430159192992
0.00754386424539673	0.0101102204241157
0.0169585506633901	0.0227567833161776
0.209425833252623	0.379863451138309
-0.0480032956892079	0.0705105696621594
-0.251887320475179	0.484911287447679
-0.26279199116344	0.519983762213375
-0.10442693639951	0.146124092157364
0.749652037972488	1.39151154710369
-0.413841197979392	0.818899477445512
0.127967928019441	0.213354178439268
-0.0155495394590819	0.0207561800647693
-0.102345181223532	0.143802358978174
-0.451994917084073	0.712942140965239
0.698823829715462	1.54805790364712
0.192886784491846	0.21007347832073
-0.401403372558391	0.495109113406978
-1.13639757231966	1.61299195214636
0.754274834101537	0.89187819265149
0.0188019162711898	0.0154276852317738
-0.0793000689396744	0.0906127323743998
-0.148760942216484	0.171234317164049
0.342033388347287	0.411979727461978
-0.559305693952929	0.478162504183444
-0.141069097098464	0.650523893506752
-0.245360647329554	1.21036134936096
-0.195507401248017	0.773020861151986
-0.276236115073349	1.18191263695109
-0.212071021902702	0.741362036166594
-0.442575636617195	1.95030825617243
-0.301839374817563	1.0244232161695
-0.252426634701752	0.759893942435936
-0.683342179789429	3.25049893754421
-0.365178594732158	1.23712332234103
-0.334359565881667	1.08918269008504
-0.197252903994231	0.519123668839161
-0.0359926484814927	0.0643542273016945
-0.540041373401946	1.24904239775169
-0.191867811576598	0.303296731900498
0.0011463709993823	0.00125695984264093
0.215829146564457	0.332191839915771
-0.123859311309738	0.202037220478775
-0.109567104603953	0.180678099093851
-0.219036025475155	0.421226808653209
-0.0722944514936117	0.117626406463562
0.0639867803956431	0.102532602566082
-0.149733068132116	0.244100630230498
-0.119445691953476	0.191527811626121
0.2848998699474	0.576264955504098
0.238634122427431	0.419094207686539
-0.316410379367595	0.470084280699541
-0.296563847490733	0.539978552512799
-0.477373671732573	0.988289817202653
0.399745678269868	0.575409782417346
-0.127144892136304	0.198127506489925
0.0747069944531566	0.117017895438684
-0.271147673594598	0.577661071254081
-0.43007784737145	1.0036856925879
-0.0407609003193612	0.0587000824535046
0.0517144417585951	0.0806679136828136
-0.30478752809021	0.658842719625122
0.413608891814975	0.837435319550336
-0.0459959730831182	0.0608923994705429
-0.00726729506401691	0.00799582264729521
0.0695113388734312	0.0634943073707421
0.385926755461032	0.666801337462166
-0.213472340363648	0.348102872041681
-0.0639091134456811	0.0764359502827224
-0.0981557308018337	0.122011801852827
-0.14458421086661	0.167621366315939
-0.119842780047079	0.132669642937392
0.118986155724498	0.0870639861689427
0.197697318859217	0.182882572449263
-0.297862535157401	0.274864004658684
0.812091612374225	0.766338834140341
1.00285986727454	1.45004787184094
0.246339803399132	0.298571715172921
0.367521223278542	0.434679275441953
0.210473478470681	0.177026515377824
-1.91850659311977	1.73354625981868
-0.198386366445626	0.118360515618095
-0.731587287711431	0.433652349183533
-0.214307454131683	1.33795880168921
-0.225439874045168	1.05841874727379
-0.239078586393429	1.09449637836792
-0.0378240740007721	0.0989729765993338
-0.59443950396578	3.61490578032215
-0.734293554601948	4.99836689897634
-0.537874044728363	2.52684547695609
-0.580946468470322	3.05584942660567
-0.161166945625637	0.435749992147116
-0.0286283668511089	0.0589551841713306
-0.317043958688374	1.09917840683184
-0.037707779833351	0.0526965247952426
-0.258114894383903	0.459743806406693
-0.0590433523175926	0.081328314240514
-0.171451993112679	0.267028024614631
0.037678300110315	0.0656898089414952
-0.0522011684317026	0.0883905870941452
-0.193685707888172	0.359253166671758
0.57453736352698	1.88748896349034
-0.335493446448758	0.792724905767237
-0.388286974166505	0.765302641634622
-0.785233492930023	2.03354017606385
0.0418706753311177	0.0574800559460426
0.174283245214833	0.282471035027297
0.266496251442891	0.408533538525957
-0.0614142655188127	0.0975338554699545
-0.223681460707049	0.478087335268857
-0.159752352854659	0.301211574078694
0.158802679163145	0.287805937010123
0.0944805171032044	0.168623950326212
-0.124177657934657	0.234811295854124
-0.130587906456118	0.228537621988821
-0.191407972063048	0.333705386619184
0.133268611893577	0.200759939767377
-0.668915717301619	1.60989606212218
0.0208854541285897	0.0192567921494065
-0.0368026742575607	0.0421721869826747
-0.259319296843392	0.468934516788552
0.204622281987628	0.341614914195867
-0.247057010980013	0.381567087897768
0.359013069464329	0.535808751704656
-0.296978152369728	0.464255596145076
-0.0823718729618989	0.0809343736751505
0.403707402768226	0.40949030347138
0.497365661169224	0.5334842987688
-1.10327767458075	1.22900746907996
0.722660708721337	1.29307180983397
0.515543206658015	0.691136931893522
-0.294681374021173	0.317038234573131
-0.105833258552411	0.100418286322989
0.730371521496504	0.801679163357566
-0.639585655083616	0.587900371897263
-0.115613304521517	0.087946123325342
-1.03711293851676	0.636452564228618
-0.234567971589112	0.133630354040789
0.0762424697081415	0.0374587947015495
-0.267618531472288	1.5693244411755
-0.34498199326818	1.81229355701477
-0.456975394001474	2.65605532593511
-0.281098175214859	1.12918420500608
-0.726610954058129	4.37294818928834
-0.471702234499269	1.88921545767451
-0.423672672963201	1.73190611017832
-0.143603083920051	0.402079983088402
-0.328275266019034	1.22351485977043
-0.0217083667782003	0.041624492176465
0.0311756617054828	0.0361583122828407
-0.0425902668102486	0.0653288956964673
0.0630132503425168	0.0964823117165108
-0.212808105483406	0.373403460432147
-0.0779202684576065	0.07571874303174
0.251369101385007	0.45832213310435
-0.246960313976811	0.382126087312938
0.118269344969649	0.145266334459191
0.336740742442728	0.721819226013954
-0.186598731839505	0.402906596389172
-0.231831528478627	0.498883876396362
0.252371700875242	0.539630856032549
-0.226981600256775	0.486041345975288
0.0802623507951979	0.147812358787208
-0.090656470963708	0.144638052862354
-0.493787146998763	1.00970758655226
-0.123109113695375	0.183736938485804
-0.707309075303247	1.72883718828105
-0.355185873636308	0.374249245525644
-0.717896354115978	1.43061781465678
-0.0662464246230639	0.0879573654404183
0.0395634777020901	0.0546618566920793
0.311296298557979	0.537036829822253
0.255996884206786	0.342959941481076
0.589077467150697	1.04017877334774
0.578605545984777	0.639288522985059
0.0131573536263133	0.00808324789920819
0.813071096749851	0.86115053085923
0.566277857636545	0.471034896174675
-0.418712164498039	0.466835004595638
-0.0257136003228066	0.0240715866308527
-0.596594468378961	0.791973474863311
0.196249933981464	0.177533842330202
-0.494302748128732	0.282741882037603
-1.20938891346352	1.32593341713131
-0.475905260902166	0.200853292356174
-0.377773840584432	2.06118717658807
-0.378045101189982	1.73768606906697
-0.810186896370059	5.67298593867846
-0.310149706064136	1.30380111951473
-0.130620512143061	0.386239064849051
-0.10244994630916	0.291060860094263
-0.109580249656985	0.272778294860265
-0.12387674678375	0.265771393997811
-0.137093338529997	0.264530736338574
-0.282163602578046	0.728479283796602
0.0814852349905056	0.120878561788706
-0.348180367242846	0.518382968966328
-0.190911341417588	0.35371233047702
-0.408050866812169	0.803884371799642
-0.225995943301545	0.302110196294713
0.0383532758488902	0.0647257580542494
-0.239106277596665	0.618663238923643
-0.416712284650965	1.18781264161774
-0.174827789512327	0.356713917903864
0.149235410414149	0.295615208881386
0.0703217968093099	0.126681586470299
0.169920851398313	0.364051186973451
0.0752802445862137	0.108833544208761
-0.0507405574762194	0.0797889160427284
-0.116769863481303	0.159115216072387
0.152996454680982	0.164400663902658
0.199466469971628	0.251617453276699
-0.131910560982357	0.220267443788773
0.241592918737086	0.468341763200498
0.00489934957913848	0.00626356007999856
0.0299803356119472	0.0315139253114449
0.371677413161523	0.605316135920492
0.263816011382216	0.258094869360708
-0.44271551964214	0.488531296421011
0.0626704116752572	0.0483290900539856
-0.179716520623427	0.131625071878684
0.0794368369293227	0.0667887461421978
-0.137446578089956	0.15571872737691
0.115155958241316	0.129040018375111
-0.793652328176975	1.1018851060999
-0.166740716021381	0.0672092677605829
-0.381998871894372	0.178696866678343
-0.356698364000271	2.07713249082223
-0.440866477696097	2.31710409482534
-0.753407762550148	4.98839462857634
-0.237862759182507	0.941119093505969
0.147538674167859	0.482642293850158
-0.0152518986994234	0.0344847847017531
0.0516100780773105	0.0879840656907463
-0.489488669064685	1.47492525281805
0.152286326151129	0.232276661686855
-0.462711463168405	0.642885276227539
-0.00933512273859846	0.0136541667074131
-0.0187187377354915	0.0230192249419729
-0.137801813121649	0.149772568529754
-0.18830065375494	0.39680984832082
0.107880512168404	0.21359338136636
-0.00617774386412972	0.0101417105202823
-0.192399798675073	0.401489127970326
0.335116777901137	0.863339323309321
-0.0267529219570946	0.0458900734719471
0.160143428731163	0.300104530715031
-0.678095213188449	2.00555007626006
-0.565521114508657	1.49196576399372
0.110644970152516	0.148718775199371
0.446736756440982	0.610046132157558
-0.290161627459806	0.429471327957771
0.500422530543202	1.26928759893448
0.106023022490277	0.177412810740013
0.176283316587973	0.260226809619026
0.404508034194106	0.651349025596048
0.478852514916268	0.903706768415572
-0.573319273243539	0.610509241164774
0.430306019561221	0.35241520637349
-0.0223963000559411	0.0165108222368739
0.203311705529149	0.166540411570893
0.117751475809316	0.0867331940893977
-0.180291955550804	0.16443913780195
-0.123327635827326	0.133210451993246
-0.0712743471778423	0.056804856888179
-1.68571745430763	1.2640633712551
-1.03436591158682	1.1017486150023
-0.843057151388165	0.373133963729181
0.751513142065346	0.307266362543709
-2.12693973261943	0.981192405235996
-0.379292917198611	1.94669252124839
-0.917459022471942	7.76009960552358
-0.275891433051305	1.25729451702157
-0.231077224937002	0.944812790501091
-0.0524132998375386	0.142465675248414
-0.0387292943298783	0.0610070215628451
0.237591449378135	0.539284628052867
0.18089793981803	0.290625860881026
-0.224093156427829	0.280869606653938
0.123296363793409	0.198173859684997
0.613334606302799	1.37835972960209
0.261922305946024	0.305796057878216
0.212916987693185	0.463311254760248
-0.0288861859131879	0.0503588138671979
0.0104718115288869	0.016779673642511
-0.183688280137474	0.372014350411866
0.0478770511725964	0.0792550514431723
-0.139190042314738	0.283612600565115
-0.0174358174130228	0.0264688079442281
-0.050083476384442	0.0697430881895376
-0.361237977583284	0.732853504731953
-0.21917496282597	0.352361741667862
0.782602414018252	1.06700101756615
0.150290420068287	0.195142255162311
-0.467206215184654	1.09216873179357
0.533402307893136	1.42447019066464
0.278546780465241	0.468263830446304
0.04364744897118	0.0475146145644234
-0.339932673528354	0.481694189174284
-0.0918658852486896	0.0804933211329232
1.78233698992538	2.71865651972558
0.469445561628749	0.436892566640192
0.471694785747106	0.442394770055157
0.13736192423287	0.119993808984026
0.048598926431321	0.0484112283417835
0.194419353406801	0.207171714200583
-0.624428924230449	0.664713117646886
-2.02094415951397	1.93358697026634
-0.010880952212292	0.0065900785803856
-0.279172802554488	0.0916729716244053
-0.21681870277396	0.0791613581998472
-0.576774141599911	0.304945250317357
-0.467360373118251	0.374223568095733
-0.491687527213451	3.6371160882231
-0.789316161992705	7.09886139212081
-0.414157836959683	2.63806833685544
-0.332354074499192	1.02904557615205
0.0813849292718637	0.145839107654313
-0.0877948307019785	0.16477105441084
0.0987068837333159	0.1572954317227
0.00999200032109798	0.0102618068180009
0.157710697895379	0.296614751978323
-0.434127319938115	0.834716138092441
0.0460282496805929	0.0522068628726249
0.0142140721071524	0.0235025908763013
-0.0425621924265117	0.0767741733553835
-0.268255745244749	0.771944840434886
-0.238049646201985	0.553093923086558
-0.234803244237013	0.567014627923821
-0.258265273601426	0.660519379611751
-0.0618605730125076	0.108002792007405
0.280081081464757	0.553601527421151
-0.621065506497814	1.58161251401307
-0.0237749915109359	0.02985293132652
0.614819079934778	0.881756518268283
0.606170630634233	1.32924141692039
0.571366435664926	1.49298844519326
0.0225493697282263	0.0322406206965536
-0.0883249572856344	0.122558530355444
-0.0451768093427337	0.0563819066229009
1.00483825403108	2.6385577365999
-0.24729736229076	0.2194480343691
0.652157210732259	0.681429861020154
-0.119217100555022	0.0912877202464841
-0.447795824484905	0.392846770678864
-0.86045173795635	0.873709386752485
-0.284942154933564	0.339814507589201
0.359399243970189	0.399844801188992
-0.546726240766608	0.548141986168842
-0.125180893421199	0.0798679004106419
-0.550979741782375	0.373647035860126
-1.03278052102917	0.639972808443482
-1.56842290622612	0.556155440841019
0.62026020438342	0.280522434534129
-0.198837453684374	0.141638528254756
-0.316906792327064	0.292564887209551
-0.380618758326509	0.34567271528096
-0.404634930370227	2.87675796792658
-0.781696070170574	7.61995996746578
-0.170310126483923	0.36056913092899
0.186800717334469	0.429461409088839
0.231200313407702	0.386016270562981
0.0756523246154579	0.0871578282289427
-0.0256070858285205	0.0393124711618867
-0.149871880332428	0.22987841938404
0.497531704758339	0.915896755477923
-0.0148586071412927	0.023703683580139
-0.272092081909163	0.686521822664276
-0.0903433526111764	0.181262872226235
-0.0627235320166827	0.116514488114178
-0.12242575125563	0.238319168171736
-0.166404687986098	0.384085263756249
-0.0894663173039578	0.171914155603895
-0.119081041878621	0.178398182060158
-0.559518904823506	1.44438813801034
-0.127826120710874	0.186221611635103
0.477349689745436	0.67623573861755
0.0234890063739122	0.0271300155861935
0.221101199413407	0.352170726333352
0.040451732291633	0.059731303785953
0.161338102167406	0.236968975784857
0.0173104161031174	0.0185677544835612
-0.303057782032085	0.403349750108625
-0.122603123793472	0.0936052690625659
0.627456013829849	0.659328654948286
-1.05056722284684	1.31460194051536
-0.994734981012582	0.833987690336746
0.353416701760174	0.332425364569852
0.199501095993559	0.217744177201301
-0.297873118031453	0.340302038061216
-0.406580395418221	0.450845369284559
-1.32347272727687	0.984263203851548
-0.126981496683047	0.060630950805412
-0.108425655334879	0.0513569579333463
0.101786250320483	0.0296355349486725
-0.588160728034319	0.225771266966298
-1.01252073902198	0.743907612464691
0.238137189147668	0.133168434361828
-0.640449916941409	0.584019094563307
-0.376011462042424	3.04931585938134
-0.358403000128165	2.32363246388978
0.00673303347006492	0.0126389940088745
-0.140267086523013	0.282908760609609
0.21069848487874	0.393709374178741
-0.512169865353946	0.960012949777756
-0.250192093863921	0.519681450817908
0.214620339212785	0.338398160303561
0.245737890365709	0.296757662275771
-0.214690864555028	0.493574590626456
0.240309244922534	0.645500627154519
0.339175917343625	0.955964779829475
-0.149549096630839	0.312971737421866
0.255092899972468	0.64055790486841
0.034552937115533	0.0622533482256087
-0.0154813015090499	0.0253761346319114
0.308807050423718	0.602857604671719
-0.2742686490876	0.516182528571154
-0.115746751990402	0.162866918826823
-0.251135487199241	0.272350188964897
-0.29571003651754	0.460434084535635
-0.109855489463533	0.167691602297723
-0.0413600228211939	0.0608648841471843
-0.169194289443199	0.251069540140582
-0.181536409561956	0.215866075217114
0.438465922609779	0.700555960821603
1.00805521322334	1.45384932410243
-1.1899521891441	1.13072232614197
-0.651666099358025	0.591455658119822
-0.546058468307433	0.463095177287742
-0.91689380216325	1.10984868190018
-0.879398875555554	1.49636562593044
0.0240760807469784	0.0197645220513462
-0.220151230014782	0.178478514934542
-1.54534581938156	1.04376227957891
-1.33743929287643	0.608294676926949
-1.34666612351855	0.620394339358533
0.0659518227198053	0.0270850237584361
0.0792925677814655	0.0417730681136595
-1.08935655759627	0.438933068712187
-0.220640861070362	0.0811231369281859
-0.780762271527563	0.271555244817602
-0.240179372777421	0.138775557427402
-0.00166309677318723	0.00112510705184721
0.0242126997273619	0.044120552977474
0.0823288951316232	0.179994384292911
0.151552326132571	0.370881215818265
0.0612448764503569	0.111365100024544
-0.166246961680596	0.33704278344603
0.00780763229562494	0.0131168387186371
-0.0650073199108648	0.0917709315330182
-0.260965744534611	0.375563396170701
0.373249451331169	0.879488494376043
-0.270247556898035	0.48640069380304
-0.209597786384511	0.270204390558785
-0.0863214759534825	0.151751879656183
0.300623401838428	0.832795592979015
0.0834474446482243	0.155508323643357
-0.157439260785301	0.323007973586825
-0.0468783475954798	0.0775656328905319
-0.203664434668832	0.462291475916301
0.33257869586609	0.878845999574532
-0.637095446916156	1.72984257590287
-0.195090523961041	0.359587192446287
-0.329043780435288	0.605669067923062
0.656642245249112	0.840114722117315
-0.107105472471002	0.13282917402168
0.00225623298498842	0.00295791436536827
0.0476464864624582	0.0694591754993698
0.407120397704182	0.81494921137289
0.262391292134102	0.357267040436108
0.158128566899004	0.194091120334889
-0.442124523811646	0.423015002497581
0.825799198406077	0.66357017438011
0.428478913545938	0.354436006618906
-0.110040856246194	0.0531112266180001
-0.17781138977016	0.161527911257733
-0.278214218098225	0.317681833929866
-0.0365381804179222	0.0341978597128436
-0.0784846105021649	0.0627425385547289
-0.551575385187269	0.469481884482174
0.763304852793788	0.637859145389183
-0.464352883540075	0.197137137022854
-1.09356456127682	0.433391337042244
-1.06677834277171	0.523160536908802
0.067583566633665	0.0248287897853462
-0.390609043378598	0.113594128833838
-1.1663387915426	0.353796776180306
-0.390466134450405	0.114207620517753
-0.174654631111699	0.0709163981914775
0.219806323500692	0.157753171160756
2.29878938774905	1.12311268037973
1.27033331802101	0.54202324251247
0.0751667811193495	0.0369442771378325
-0.0247753444634934	0.014456233105763
-0.236463705774333	0.166129366750066
-0.082149263462084	0.146334707916051
-0.258876241857467	0.731659348295329
0.065982819964604	0.111172307849387
-0.236742624551908	0.616690182151231
-0.345598226369399	0.968908585191
0.196489111867857	0.428856141474825
-0.202377683621007	0.471095583062812
0.361397316482275	0.96271831415929
-0.154189896645333	0.286850179603731
0.359028480058485	0.880673763706379
0.387638994492722	0.858415921703559
0.10882194586063	0.16880909879519
-0.045871346741801	0.0711780390881123
-0.101324653375334	0.167099746422239
0.275198198183781	0.549351368778232
-0.317402798371112	0.709762245866907
-0.0248440634416611	0.0381164086805249
0.226131139501285	0.421164019120794
-0.373012093450519	0.75805652230242
-0.200474825158322	0.320748947748318
-0.237327997250302	0.467849933220291
-0.0946778965685839	0.149673999727615
-0.38099411218676	0.886256343044596
0.0453441455763382	0.0586029106818118
0.241571528414154	0.416230246030043
-0.196357911128937	0.286904025977869
-0.0988658995382133	0.12765701103251
-0.0811479913287507	0.0858049644354573
0.763506112539118	0.914707928322737
-0.112599738368736	0.137026857100717
0.242073736559554	0.397241931219115
0.0768060997117632	0.0959948288927499
-0.108587554033485	0.120503095916894
0.0383332787979524	0.0338365792997668
-0.0477342993450191	0.0422926570714581
-0.735460717779284	0.85448751667672
-0.165230631069974	0.103330091884562
0.0207040571763708	0.013331489971995
-0.0238417683993282	0.0139562715623355
-0.417557020497792	0.254866075064544
-0.11284000810443	0.0744485985384219
-0.54499986548874	0.728838797531521
-0.543115417038269	0.684544507869112
0.0807954467741575	0.0458305244512411
0.220376924538682	0.13117938207758
0.493447454183722	0.528170202107773
-1.06203260745441	0.532100418773592
0.250060962663051	0.129611078405124
-0.0833024348718266	0.0426838804876294
-0.719845698292831	0.729659769181532
0.101946428208006	0.0642705402451615
-0.279469735927939	0.189292387950579
-0.215333124493125	0.15412203630828
0.143992617648789	0.132322908324162
-0.226070069200039	0.215879943791367
0.158361363668246	0.344686658498557
0.0131512422396143	0.019008153501982
-0.0504618675903594	0.105975060964051
-0.056954520001918	0.0880826600575248
-0.237674229129203	0.647095161139387
-0.33950675489365	1.1476674861501
-0.228592894496321	0.517318031642071
0.279644386235068	0.778535263190403
0.0708580097749323	0.12495651869536
-0.244414722112979	0.477499749638461
-0.562888412742693	1.33259125831912
-0.21600556713116	0.360716338418178
0.0199032276460697	0.0234074126001788
0.111248186396062	0.147835221449701
0.21091215929281	0.35224834892031
-0.114669232036764	0.156906853696009
0.184260223149311	0.369584478895567
-0.444205783944923	1.09596582873612
-0.343686455624856	0.714611624225865
0.0144557736582577	0.0208572979394931
-0.124019324488925	0.17463676829177
-0.0592059653635432	0.0808044034965111
-0.152808578868787	0.228748802255497
0.00665162071831072	0.00894505579932684
-0.146146082719701	0.224543712025788
-0.126149346887501	0.174462868957547
0.075344017782188	0.104089153609515
0.229588194510935	0.416871861507766
-0.249835849656951	0.319519450859149
0.203682185189245	0.162175556862947
-0.0108638281478586	0.0118981474264944
0.106348333949348	0.144889134375185
0.272037606075385	0.394569265161024
-0.0303529977381408	0.0344413775868688
0.247099532809155	0.296800665772577
0.204670329858244	0.212436253364172
0.867636409832487	1.22494291226561
-0.384423083248326	0.346177551544956
0.746210364233527	0.899549460280564
0.302060058391277	0.257937905198652
0.599433847618308	0.652711724702454
0.649340323556246	0.820990517810034
-0.2541682356015	0.241832447731352
-0.714500826048271	0.978263908902643
-0.360244173900816	0.329708838420678
0.127326974426598	0.102713096766572
0.126082766949171	0.0958578048541483
0.105112707052509	0.0694417982333541
0.230684592160355	0.151673694890988
-0.265039490279741	0.180364415493206
0.0618969576641619	0.0301933410434916
0.0850764900437408	0.0481290876587412
-0.132577456019533	0.0847885496170025
-0.0294454355946544	0.0171366120690461
-0.343635244732361	1.4105261502941
0.0408085592395818	0.0834036842726231
0.101792090090881	0.253159876434549
0.051462126209423	0.101962325353149
-0.0459254275898674	0.0918728930454487
-0.0963860799972297	0.219268962254236
-0.306076044813094	0.87661392491861
-0.246228230098185	0.716654317618224
-0.0756632712869787	0.147452590946394
-0.266991748970288	0.680259709623137
-0.0954446254755947	0.152778805603468
0.196231127124203	0.45666540950009
0.0480111292019145	0.0826360680988172
0.556148866127305	1.5801175814171
0.334494999547699	0.87594235862309
0.139357358199253	0.287251315686933
-0.0619629225036097	0.108307289906567
-0.112463477489945	0.20022738500324
0.0635282152841753	0.100744345112452
0.0841283787112713	0.14423424349722
-0.197088699040658	0.415027649275632
-0.0553172494837103	0.0892368665960191
-0.341971209476487	0.846323530879418
-0.0345586303505185	0.0485984049171834
0.860286891314192	1.97133350429649
0.0740450863187406	0.101845463398557
-0.145270862481876	0.254084470401577
0.170921367833611	0.298680775180388
-0.0238697121679342	0.0330079440536201
0.20007155408716	0.308949268555662
-0.0945283846323272	0.126266190489832
0.339086107140784	0.407256778081607
0.211071784733574	0.220551059481862
-0.256294580854633	0.282241284836582
-0.414895945140991	0.3680486485951
-1.21134230643743	2.28789495464993
0.15073958103915	0.194113076250972
0.0515300441980995	0.0581022786934235
0.0540667646646676	0.0558706428484224
-0.800039863881115	0.976925169048297
-1.06933384427956	1.48715040151196
-0.0584169860749927	0.040894934015798
-0.0308074487055255	0.0177607093307516
-1.20376120625401	1.54485392613455
0.220085103345041	0.130977426119574
1.00488607005957	0.583690024582868
0.103612304728843	0.068344884127642
0.760568479553023	0.892969448230162
-0.485116322622084	0.562446373550517
-0.227176943491554	0.130795744578607
0.332408561322435	0.242255792155377
-0.870682098820022	0.818152557454664
0.0772066352230129	0.0284758737459766
0.0811577012492573	0.0267476285358754
0.0781225278250782	0.0255187951650492
-1.34735619803472	0.615998685416403
-0.135779086973946	0.0594851167516968
2.19102484996163	1.58145564981156
-0.635478087968966	0.405066638818601
-0.111029901303656	0.0531327039068506
0.164402989080536	0.483832004781175
0.240709791227724	0.816624476529619
0.35972532392126	1.52655922639313
0.130170880730329	0.366523759695179
0.0560204993827344	0.121838637658145
0.115978324361365	0.252138183986172
0.00568526704993771	0.00988729683202248
-0.0397832129071262	0.0588333038129229
-0.185643219010027	0.263416032688096
0.262849125334952	0.586295191884263
0.052525159240989	0.074548531132953
0.0839316570237359	0.103841634729372
0.0644143771585288	0.129656837499398
0.316976946676624	0.961941694156432
-0.127892247642906	0.282775276504222
0.0536035359661341	0.0998006340779092
0.128266415444224	0.270850355430723
0.0824237026021948	0.172167700826121
-0.296629850101772	0.741628393359081
-0.0390591624153289	0.0558597478115075
-0.256411512196387	0.526175822767144
-0.426540291364828	0.881394399739074
-0.59898836267469	0.7008248521998
-0.299332134140054	0.521473815517222
0.0188721530940974	0.024192730790864
-0.129542396913209	0.202624454422065
0.237166032992512	0.375948823428181
0.151893974293853	0.207696277286761
-0.0493312472821589	0.0577028433186307
0.283267225664976	0.247931537506078
-0.166961508168825	0.10425903078195
-1.8891311544065	2.54328506355487
0.11100366995101	0.0761789165095391
-0.962721168406008	0.879621655457388
-0.202510854840088	0.212164015986448
0.0694714916696035	0.0673439345854666
0.411937107296089	0.422498496535887
0.564587894656655	0.366651387763201
-0.723815731900965	0.790993942288488
-0.218675014975353	0.0805964287254102
0.0632605973985009	0.0258652489432902
0.706789369478924	0.503366877931371
-0.393423902424395	0.114153309434115
0.158538842469227	0.0310613719570749
-0.682178967945366	0.333039253763699
-0.140587313252296	0.0895861581280082
-0.147689623923791	0.12330260235071
-1.74436525027156	0.990813544089383
2.04700751338615	1.92111931067412
0.139264171070035	0.0337274870734583
0.0844122789203791	0.0277183543732037
-1.09152630183577	0.435366999533383
-1.1663387915426	0.353796776180306
0.31915604684117	0.136273874534969
-0.837489083535796	0.36970824565235
-0.272123356419987	0.147611943840754
-0.0287769369851912	0.0169204298880446
-0.587945860512258	0.227759568768555
0.0403609492153284	0.0971375805146376
0.0714056522508084	0.183287373377234
0.0376235516258466	0.0902263677744046
-0.111289550801079	0.293296880037665
-0.106325031289389	0.237658045059307
0.113384743745964	0.269315653684346
-0.126852983782958	0.227246469530051
0.0672454089524798	0.0803271842713961
0.317684481434476	0.816342115963307
0.198673572067397	0.317280279527042
0.364598000971522	0.600912737005605
0.0379520076050928	0.0721732423730935
0.0803632310541981	0.179144225364584
0.0213797009278275	0.0397450124120632
0.141190262337025	0.302125558628947
-0.290277166262697	0.771362769390014
-0.230126261106824	0.608414005133765
-0.322737296159034	0.867204139160789
-0.155364180397015	0.27100583695891
-0.46929576002548	1.22963762036926
-0.433656472969112	0.954701414013947
-0.107857763316235	0.102301585610107
-0.221333549528674	0.304527502661693
0.527164274669989	1.42206453649331
0.275685981785109	0.615485808952889
-0.021750130843992	0.028933205503496
0.720262339782575	1.27101598879395
-0.0994165509023729	0.12864463041028
-0.0213471578946663	0.0157683491073838
-0.395776804643695	0.358485983791748
-0.593455553663963	0.451768681009336
-0.532875583015417	0.503510709722126
-0.695212949534997	0.865479759187661
0.30299710934741	0.375071709260146
0.721207887272519	1.04329838449551
-0.322253516243307	0.274578689994758
0.381917230186652	0.147907633908956
-0.118270115703034	0.057096310728105
-0.079312273253727	0.042707863786663
0.254619379154333	0.132699874088974
-1.03278052102917	0.639972808443482
1.2016008058668	0.634596762474708
-0.400325812584257	0.11478111674657
-0.511847720568656	0.521209002488538
-0.501411937004782	0.431115230080643
0.469133474081143	0.163814067909815
-0.17779803637986	0.072249321254891
0.0696419436578508	0.0285750582923436
-0.284233923048635	0.0932789184665373
-1.0898022780586	0.437598767378414
0.980647452713659	0.362963151381075
-0.680363951766183	0.330722043017054
0.0631826985755052	0.0286414465992836
-0.0744275393510688	0.187057967583774
-0.294065140826926	1.08285207729386
-0.0232218259272979	0.0463801652986517
-0.368984454957294	1.3897233270414
-0.152265679568193	0.367105185230699
-0.202935610069932	0.475084089264294
-0.127688243758313	0.203361198550509
-0.0685470778633266	0.128668069258231
0.0801182072350474	0.141690434938487
0.570440710907673	1.31663580654379
-0.0899329424015523	0.178110576888172
0.17026999535536	0.384408036406874
0.160171267272966	0.338668162675282
0.140632767962358	0.274883105356065
-0.186655514553924	0.402132201943013
0.026717880431926	0.0446976526861082
-0.369273800187729	1.06727970285214
-0.0887726890762706	0.144215642664226
-0.0906920952462878	0.149629751630217
-0.339429320817944	0.679460956660302
0.774151815754992	1.31713265054469
-0.288839095619395	0.458971359565923
0.399836264613713	0.906420559903516
0.352315725220281	0.800258277593561
0.230487104264116	0.444949632175519
0.301377578628508	0.466610850951942
0.184039025707598	0.2782674540363
-0.0777369467397069	0.0625769504683017
0.370264133631307	0.408573878543331
0.341239095819754	0.335405441636645
-0.508362630201644	0.516769986272543
0.427151346795497	0.509007898083535
-0.0147085565072582	0.0150006667877857
-0.0788666468106416	0.0936285029027977
-0.134157945983437	0.136130527704443
0.693927421706503	0.707266085632519
0.2916729295444	0.25015463466166
-0.316402092951805	0.209704813434421
-2.52205763839133	2.36540531968974
0.273864462053174	0.129995116698945
0.0765054747121097	0.0280829435861141
-1.74825891494891	1.00553319508733
-0.958990477751502	1.34018081832143
-0.322179097647898	0.160926671374625
-0.844232078712079	0.376830839866029
-0.28335898254768	0.0926296422532306
-2.36506153037984	1.13407690260796
-0.68355481820384	0.561916980221362
0.0102901633132655	0.0172008960114053
0.0393086476639648	0.0676136408055916
-0.0875263280167595	0.155904711669957
0.00575357426134639	0.00817944654766918
-0.275496703669698	0.895190608279099
0.125063435673904	0.223233708510281
0.0152031069471547	0.0297479629937658
-0.128964398069261	0.344251908546822
0.338835893984479	0.891129081498123
-0.0109450891967711	0.0199515486178558
0.184870042245611	0.438497919484849
-0.076645836192852	0.113453659083292
0.0866349377917884	0.11089164259172
0.516811261198968	1.08155218946711
0.144440300024939	0.188895223383042
-0.0407813702524006	0.0481074834195389
0.634278909094682	1.31126163600004
-0.0647240957130126	0.0724686066829405
-0.294060109121879	0.651458219290792
-0.0938886256019714	0.133619150677813
-0.229042899606245	0.388510712025979
-0.018749405248553	0.0298642526232248
0.338714601353321	0.591990796181137
0.00535818160785738	0.00678827979921051
0.505638742619665	1.10038101612308
0.21833929073224	0.386859779368702
0.332373435150986	0.557563594521062
0.270235264705383	0.416087854486811
0.211395807812306	0.411555024619854
0.174853754272782	0.321978520918942
0.222569217481519	0.333611219319895
0.0583448003019796	0.044473343171254
-0.254273538695428	0.463235798622658
0.0956165545905324	0.144311955621134
0.0783216210222321	0.107592987873397
-0.745494612310011	1.92634666299571
-0.0562225965016715	0.0704709249909829
-0.411843855150207	0.606163338852597
0.367871256272547	0.492873935507836
0.868187465608699	1.51230706177654
-0.332001926009737	0.380393233112971
0.0365619830978328	0.0300229132564267
-0.687925628547421	1.05244135889073
-0.536133483588819	0.7173093640296
-0.343988810227489	0.479507820641303
-0.326475441031646	0.393033376000079
-0.11439765001918	0.124031889647776
-0.0351170049225007	0.0585566154901905
0.129443687489748	0.229356005295644
-0.335152652478819	0.63568446566144
0.0303354024476082	0.0577644048597862
0.320222997559536	0.651952844883147
-0.273201984525227	0.792910183485678
-0.229268654134968	0.668282337956171
-0.338035656015622	0.880147822413202
0.0802503134493215	0.153348833116503
-0.040432861134998	0.0697850492110925
0.0455667051758709	0.0614357266322391
-0.275967650126534	0.356322071753482
0.498944956244132	0.903993173869654
0.274397999653736	0.378785646250947
-0.574501520183868	0.989458505774957
0.0155139817952364	0.0154667225975114
0.164796913348932	0.196548804744828
0.0206475361572982	0.0280131079214825
-0.321683372372284	0.551295256002885
0.347767578675064	0.551479208299188
0.0941132425270033	0.157050638091265
0.363701307188808	0.61128196114265
0.39080523984645	0.602658571512738
0.207698008290438	0.302451820879104
0.623089572221145	1.56901415968668
-0.546429998959347	1.08380766620026
0.239607122478788	0.403194174726375
0.111417580803251	0.194855026030307
0.00147779687702134	0.00226796818043884
0.151882480027563	0.209014364088837
0.515509601747522	0.539344702030013
0.254999097407793	0.425347529513588
-0.244332485365416	0.487082568236485
-0.216062563940548	0.364160399779238
-0.162717380514144	0.267273734937585
-0.12498582026515	0.181248542059025
-0.0925371250647246	0.114233057750465
0.313169673061483	0.527612071736108
-0.120861954434497	0.145654337053192
-0.104358387769972	0.113742980143532
-0.959179804402358	1.60550452915447
-0.728762647340418	1.4164175776716
0.132977462782573	0.238285702414297
-0.0125451785082468	0.0183803746860127
-0.407296999372443	0.880850598606283
-0.239089412196395	0.760121766309757
0.0166771236912235	0.0201269187035618
0.295410280988048	0.90841401350521
-0.0420479317758709	0.10014211765848
0.173490348135968	0.339699780665819
0.211833030797503	0.595884210279341
0.0764483654307039	0.173509544422724
-0.244679556900084	0.395678704690591
0.44981914510067	0.667326964549909
-0.0169913241276203	0.0159042543856594
-0.444703695151883	0.73270386181194
0.84284896579066	1.30701643380172
0.412860119968259	0.512590005472342
-0.0892277466200905	0.0861339145564766
-0.0801006814949585	0.112284911539499
-0.0916962745172455	0.126937369138189
0.516893096355169	1.07914813587134
0.10890732702032	0.223443737543211
0.47576810062663	0.883689923124432
0.419240624076017	0.74992104573505
0.605025084905497	1.02704961713055
0.086368084570781	0.126265835252333
0.359642657301292	0.66512341695572
0.07679712696208	0.101524664794748
-0.0260156258976411	0.0468474878598859
-0.296883059738253	0.76161915641661
0.246895176418516	0.457747253694241
-1.14100972924058	1.18363852581943
0.147589937172451	0.279307860596354
-0.114271587595339	0.187509451335484
0.0800012589005666	0.109898321506079
-0.0419018469534822	0.0578635980411755
0.0349325011199345	0.0558548899640009
0.243887654123922	0.421392176704041
-0.54083805736449	1.2411257650406
0.321832341303295	0.599417053448116
-0.208475877474634	0.291647099896629
-0.3921695464229	0.786895524856221
0.0766375872319881	0.167539231839299
-0.281174231934332	0.792540669498811
-0.249566378477214	0.64055035628684
-0.295503123604842	1.24234014157395
0.725475790577441	2.59171513671785
-0.0266243946064052	0.0570605231489719
-0.432154551657003	2.29104108616183
0.043567705103242	0.0780391087514708
0.00924063879982672	0.0182839443270102
-0.214618346375383	0.653195003258597
-0.133683403295155	0.213724230287089
0.581792927143923	1.13630575887425
0.45346198534434	0.851769848892137
-0.0970213197536435	0.12276620087526
0.0941349234147193	0.118145459094941
0.345299464350091	0.531348817976421
0.030992264223753	0.0362242796167243
-0.429222077089862	1.14078307954776
-0.42058755950378	1.01584443175884
0.124835116945151	0.16631704940495
0.108967105930395	0.20209122483588
0.224072754031624	0.35523376721738
0.0414482843377219	0.0470769752081372
-0.00559331179459941	0.00651686985861699
0.0591545507476836	0.0861785270865073
0.0679998308377848	0.0847894642290974
0.100007230196969	0.137563277666303
0.209217153630632	0.46964153045955
-0.292576997479573	0.739912659619438
0.0863075777085062	0.112804326886498
-0.115343222533669	0.100619696072496
-0.279340347597478	0.576570508907648
0.0608294979330078	0.101566969734212
-0.276020847164059	0.457224434044871
0.184941247634394	0.307417128873151
0.0605511655636254	0.0847847700285936
-0.409921248781548	0.749841639671039
0.726762004462265	1.44464737934867
-0.348517061251004	0.518526055715359
-0.24263712825526	0.29598634330112
-0.127407694082495	0.151428510169553
-0.778324414919179	1.29783867582971
-0.0768380334336086	0.459601540770268
-0.198393809204555	1.3834853923265
-0.694592355794276	3.7487082880101
-0.731427444792768	6.01808254531858
-1.00915401717542	11.5046143930697
-0.258764817623867	0.811500876683076
0.0371425565738848	0.0881742588778727
-0.183080433737167	0.578038925078604
-0.343366353974406	1.01468335153863
0.0354795281299617	0.0533323433140796
-0.00262095641216701	0.00343503080160035
0.304096866178573	0.598819956613701
-0.279825480370111	0.517625025308085
0.115219206114484	0.173513265646115
0.382156713616826	0.816765593632421
-0.653874513913301	2.55004399299734
-0.237550560678019	0.540567415787072
-0.146382337392704	0.247953743249838
-0.0487971888656252	0.084794580649367
0.419525016083301	0.887018371019061
0.368260824976852	0.783701804326403
0.58050946369212	1.5284022562717
0.326686592590446	0.79995618585553
0.317521646757169	0.677670092884054
-0.109934045429526	0.172117391458087
-0.371491628239516	0.97219957282607
-0.0483415478652064	0.0758832235618796
0.104786091022289	0.135030010642506
0.283544658332871	0.241226630981818
0.132063841499959	0.213845218977626
-0.0698397554016446	0.0976983940978777
-0.0121397473523059	0.0135757949336161
0.00733216375108825	0.00890096525172419
-0.346183375867461	0.613667476164427
0.025682778620642	0.0264373897762052
-0.222069796240427	0.274856798518675
-0.0685100999664682	0.0719108085970551
0.0183903421391127	0.0811671579120971
-0.240065320935207	1.86523092311148
-0.39963799705336	3.4542263673924
-0.423376356572442	3.40888962805676
-0.651872111029438	5.76827000735713
-0.301951357325857	1.51118928184521
-0.175369032392061	0.589391020669224
-0.537228008770471	2.53265839190792
-0.570399732895118	2.19373465189202
0.209609956197283	0.596214972004523
-0.068893178589882	0.131028122666505
0.265421277923402	0.546521110378518
-0.0744809079656007	0.178481490020156
0.317483109075967	1.00171412359118
0.183173616656788	0.450135298262525
0.0351962449431452	0.0593370051590834
0.347580811270224	1.02318342491509
0.1170513946714	0.253822830716166
0.111795971375956	0.233010674088161
-0.378233449037158	1.00032609654312
0.0267294416601428	0.0413916649971882
-0.0262533305683099	0.0364371217483124
-0.4623013404254	0.625406933498399
0.00660087132210607	0.00837167901590224
-0.383818362775954	0.986146782558494
0.559493155677665	1.78373743987909
0.416352452596941	0.964914623076577
0.567939026363109	1.19912828331461
-0.0576960063656921	0.0668001761924482
0.446141303894158	0.603142495075296
0.416145395694613	0.352618714659213
-0.142606677402819	0.108045266957903
0.347498184441524	0.35273038449567
0.297037648435054	0.341140450861058
-0.328232742452066	0.489132934608847
0.261345470027264	0.37436983087055
0.0638935396906983	0.0607192644884381
0.42204566341547	0.248187518783132
-0.268650015744356	0.233858244317301
-0.0970660854369733	0.0500361704538007
-0.66479345361443	0.865715715952405
-0.351159931984812	0.343735488694078
-0.220137191571675	0.080027882638644
-0.0113940918832808	0.0492080830193254
-0.0747810951272317	0.372534369540525
-0.315060425337719	2.46884365327117
-0.295291458161934	1.82521901358918
-0.135776280833368	0.47099761272801
0.00519241252513914	0.012370630905908
-0.225561139112107	0.658829758054591
-0.660660108457274	2.16939297064859
0.510626306411545	2.12286222121684
0.0492592109438898	0.0876371564721877
0.428760876385293	1.07127273400954
-0.0811104943461655	0.193279852549671
0.220788005426769	0.718386449758338
0.151377387716867	0.406373268342284
0.62049904905222	2.90807778867374
0.441439282776767	1.63674230033116
0.160475395073705	0.409835661372472
0.196914050357952	0.493846974072614
0.0254833386850237	0.0397334961274619
0.394925124314523	1.05728714244181
0.0826295124394498	0.12155991215108
0.584632850839551	0.862424792840602
0.3740968019131	0.67886883886818
0.335118146775789	0.76981139676832
0.139093199874072	0.246083628027443
-0.0680089918237257	0.0984791752649181
-0.336504610545425	0.542482655505162
0.304518609178968	0.480687427425659
0.716942647377583	0.782381416454114
-0.0298991703032917	0.021634321988871
-0.110752424167644	0.0864905020265731
0.648737292653091	0.669926474520532
-0.239486121538209	0.212340148743511
-0.202382040066617	0.220283320204048
0.207959527338878	0.242141427260393
-0.388132964604525	0.351958826854481
-0.0743814901542911	0.0401094204003701
0.105160364215671	0.0718559933007862
0.75351673799093	0.306376593250972
-0.873177528276793	0.478473791068412
-0.383323518307964	0.178321558197738
-0.621876136736228	0.659070515911388
-0.288720996852541	0.247716261370414
-0.0040524355777389	0.0173187843040669
-0.211731609277728	1.6536423016502
-0.151670222767974	0.794325775915245
-0.0335933860340948	0.10537818142788
0.0649717018269229	0.199901610185883
-0.161502512307045	0.483170505131984
-0.332927554243515	0.936901789333603
0.138701254748053	0.401864137465334
0.324547467754753	1.04883309803854
0.14886334358369	0.288303528159734
-0.0599288521286015	0.149837547218172
0.240909369449462	0.883903380294175
0.402499568925939	1.77746170692764
0.504168271066318	2.243242128648
0.372036247971966	1.44886819423599
0.185147914823402	0.5466144109595
-0.121913136522062	0.296529739065944
0.204590684216714	0.435579200949566
-0.135802939138337	0.259049953010933
0.0587196290521193	0.089962829397803
0.0886904687965984	0.0781560861118936
0.503050453247363	1.16030707106256
0.157635533818164	0.290647728969502
0.290706079792799	0.770132290806461
0.375602559910018	0.845152326694445
0.24538548995119	0.393161535739422
0.506521843659907	1.06957309343215
0.867497708192956	1.07682434977255
0.670675413753969	0.770442971644158
0.266604937785651	0.252790813371095
0.391890294361838	0.351544960660309
-0.335114690206478	0.356629961579652
0.282736664512074	0.349515687036807
-0.305516622617349	0.423659423921416
0.246383278602194	0.257322592298727
0.709681305181741	0.40216672802555
-0.171246481590722	0.142201097467994
-0.239072624094012	0.138114553905583
-1.09226656911054	0.98129443837218
-0.887118031347419	0.591630424245516
-0.785641952482553	0.271537372734334
-0.389457563445465	0.113252691370962
0.0714552754524134	0.0348925070411621
-0.6034319907354	0.603795728191666
-0.235621966566798	0.236325548368644
-0.339531001442439	0.285178501996688
0.00249618073260842	0.0107322640399029
0.00324163319852016	0.0121594650527454
-0.0748084328987793	0.298608693689082
0.0283309439291809	0.0853196349412841
0.0545432762077808	0.139532268347211
-0.196302428902326	0.51263636525434
0.208817393227845	0.741712580825334
0.626607141288933	3.06752018159651
0.650309936662513	2.50236718235924
0.238235171437066	0.919211741703422
0.409994977678708	2.22267402036177
0.274929797698559	1.10517556823419
0.449240249129821	2.04806942525391
0.371062424676332	1.61323313137676
0.266841251672722	0.972530468219356
-0.0664262035135435	0.148814778784205
-0.0788974609053448	0.148897729441411
0.329414895021767	0.815731636002925
-0.203583141087901	0.394100642989442
0.605720534400014	0.974975570657598
-0.188924801010135	0.315819465000283
0.185819416326892	0.393398749573625
-0.0466846067556055	0.0811586570267644
0.485386079122099	1.3401719458769
-0.168480142542459	0.239714158647259
0.216808883399553	0.356514835716306
1.17059238924557	1.92162951956188
-0.798073925582552	0.876645845761068
0.253658689816475	0.235438975439907
0.11449935067292	0.0785174871762466
0.129171656925092	0.115822944225458
0.156625341112438	0.179641114469161
0.0360634773404878	0.0353737738186664
0.00330189678436248	0.00245795945602416
0.27437944206568	0.129698584347173
-0.312433685652608	0.262926191158494
0.600815485732369	0.567007579942568
0.413309106685208	0.243406451583539
-0.843057151388165	0.373133963729181
-0.673032843720482	0.323499558346814
1.78237568108603	0.685305417622692
0.463051935976224	0.161819764975749
-0.668355860540951	0.706391882988467
0.0664595500109506	0.365573738640796
-0.0036804241743551	0.013341970278614
0.143515098011401	0.650604693879247
-0.0400385127973857	0.10407460380437
-0.406381809987099	1.46102162505574
0.233712341302746	0.916153187185365
0.206737458102392	0.57647957785917
0.522156621855364	1.72947192371391
0.182378084673657	0.645301985289553
0.460904405264894	2.73824130723363
0.245314173105846	0.951937983498153
0.251898236166242	0.877993232657216
-0.00335625718309467	0.00671360963287171
0.0215210443427717	0.0476014822325862
-0.0604039371879787	0.130270042869679
-0.0836386486982611	0.154183838964322
-0.152513314230704	0.302592716194033
-0.392797756174755	0.903957425326273
0.532272850112886	0.833382676285187
0.277952720188077	0.473570804513939
-0.0830999164585428	0.134211441556734
0.201075822415435	0.442136875238523
0.00323334397581816	0.00460680311944996
0.10270066402995	0.138180756859218
-0.244023974199941	0.384372464684885
0.555015567416601	0.625430899554139
-0.277716554464179	0.237617548292797
0.86849685116706	1.07772956092634
0.297522136660576	0.255183657205217
-0.661231022350064	0.644426815872465
0.200717523183818	0.239577891548057
-0.283112975848132	0.365208541424646
-0.337943780345307	0.336170007314638
1.30971742125274	0.93839185653657
0.771344534617164	0.642680774008756
-0.0918142734149203	0.0473778584980289
-0.46744641358649	0.197265713409667
-0.0935151691201395	0.0480475576498472
0.0991558512875216	0.0289072234958687
-0.638944530069775	0.156134678840522
-0.879133701601319	0.589606174828541
0.0549727962438734	0.301911616607352
-0.0288014665994373	0.114695873753799
-0.413853704760824	4.07693083687363
-0.964940513975348	16.8929274242708
0.128994671344568	0.606826811640658
0.216660344960888	1.12546025325665
0.0779088724769696	0.264230857821436
-0.159734545049033	0.653417488197163
0.0990523824575652	0.298102969623212
0.540548582561688	3.0592562936311
0.206262237708678	0.642334375267259
0.196950124254898	0.578307721469338
0.012450801913778	0.0262707617263576
0.116635508979643	0.291390886465014
-0.220558412359043	0.670431173134342
-0.33482044479919	1.13356752329016
-0.303597792851861	0.781317850357534
0.437344769418339	1.41202921553777
0.411939746745408	1.17326099381278
0.167430026093225	0.362077176361872
0.318504807110028	0.871823245383772
0.441739519371115	1.51784115820877
-0.167371025078389	0.306745984406959
0.129981276500859	0.223197818376658
0.0414621793782824	0.0644763183937518
0.0747458516768156	0.103678235617694
0.126314438055014	0.169564713944088
-0.0613504976979958	0.0496365812284318
0.166846509861459	0.245712342004147
-0.0779931033937271	0.117404882200647
-0.67014948600581	1.59932299336084
-0.0576544458788079	0.0713273922479919
0.0705428548741336	0.0782389383294861
-0.335736567481519	0.39563778728217
-0.117153291960746	0.109648401855919
-0.202682305844422	0.161653091366693
-0.09396690632104	0.0623372556472483
-0.988436838169711	1.17709406508106
-0.356386333532689	0.39855423600262
-0.296144375150921	0.398855325272027
-0.367356768534538	0.484751193587552
0.00702429424384878	0.0301552228153634
-0.259307456360027	2.14887319413542
-0.361769328876692	2.49842264793815
0.613592722019891	7.31031266091213
0.637450225709393	5.43283044974521
0.205264927198295	0.703327325344627
-0.0472444735439083	0.15293004410965
0.240752764270135	1.12823401757918
0.0980096322928566	0.298987703314379
0.195369401640484	0.701624689112433
-0.0233865247213185	0.0555348044779235
0.0446543502019157	0.111791598655286
-0.212893636966988	0.691309563757654
-0.0198222425404213	0.0375603753864687
-0.282188668588557	0.790163632246463
-0.126671711741501	0.244943295978585
0.663253220798871	1.36857226262707
0.0153497668215529	0.0223973259279184
0.410196016546604	1.22943164091945
-0.0699224481977228	0.132184652261463
-0.0757224050407357	0.116208165054373
0.034354503365521	0.0441597359515448
0.111540090060687	0.174476400367899
0.12965258523232	0.118776157578002
0.451781016685067	0.426696361723896
0.104834126139131	0.100866993417697
-0.37364351893051	0.336524541906588
-0.0709253068390339	0.0477799284557084
-0.365320332968742	0.233682959743199
-0.0666099598208734	0.0359220218437736
-1.56390564122763	0.562697971919826
-0.181011522943699	0.18986818408691
-0.00370725407178172	0.016075690771873
0.199932689674722	1.60752759320252
0.623234670446227	8.70326841568165
0.487916520242216	4.90937111003814
0.388400590470314	2.89736813110688
0.080041176128671	0.261116613664194
0.497427434828693	2.72299139650229
0.0421866747743256	0.0903372297838068
0.429329685960486	1.60221081273802
0.115558267008297	0.261015428736047
-0.186348385388134	0.472845527548698
-0.109838397573147	0.236867731574021
-0.261669912070957	0.793850762069605
-0.528008827893361	2.18941338337417
0.176141429128023	0.397464613807566
0.0828788111805045	0.158505122048478
-0.142522189603644	0.276621175608439
0.220673675997	0.510341107240707
0.456295166084579	1.52519766326144
0.434536024399293	1.30159982128749
0.476666490813396	1.13321183057263
0.0430369531709229	0.0675446892073634
-0.0374342202193811	0.0620801290731222
-0.135020913106104	0.198719931246054
0.445369972413024	0.515117774903811
-0.231425726633547	0.412243256229283
-0.119577234254044	0.172018468729027
-0.201839791169446	0.311224608809591
-0.301329290460219	0.414104545082575
-0.106577965657419	0.117624415681727
-0.322667678700697	0.312366267706949
0.10457969925836	0.728574942500587
-0.132968574634718	0.852733283492895
-0.0264385106477496	0.102815811024887
-0.328146650280167	2.86575698407637
-0.790084735152253	8.01838262424326
0.287859214934316	0.88438760582575
-0.103399160813588	0.211737384415886
-0.154404075033778	0.315372320654618
-0.0565134990851128	0.095097545768198
0.00239951545972785	0.00368464267706424
-0.247018565508643	0.48311150177785
-0.804817911509362	5.06275683512577
-0.497244380590039	1.76679590886477
-0.184758295449619	0.41063070844719
-0.0543789608169197	0.126220194853248
0.106068365617517	0.186067670680406
-0.00161415843938963	0.0023843350590879
0.0669016908442879	0.0958550355127132
0.181758685149705	0.414583735128349
-0.0725440347148699	0.124975403717504
0.326550690266906	0.765538302599518
0.0269180309303817	0.0533545513433902
-0.634584495943342	0.871537704646361
-0.194415559003244	0.296669513864083
0.0909361955628765	0.150107384023544
0.1683200900581	0.323546117519016
0.0215639594431575	0.0263037911012667
-0.217880953591095	0.345874952981936
-0.23739429288503	0.308903502444464
0.0213246230320543	0.100026538110138
-0.349825632658833	4.00880767737424
-0.669464005469538	9.72671715182126
-0.929109534245273	16.8002707162086
0.141268007357486	0.57789190938174
0.0130936805555665	0.0349126470546455
-0.0142299658176861	0.0342882722337229
-0.171952918346004	0.544682796282911
-0.161709292053283	0.521414881202233
-0.453024526577601	2.11911123121468
-0.735756728251149	5.33123722224878
-0.560384676822616	3.21480861236936
-0.0625925573920783	0.121500446672063
0.302786427800064	0.700501973456898
-0.150860517219518	0.324285546132286
-0.104037935925275	0.217151249960983
0.228006533621071	0.621880007438773
0.0252665414662915	0.044358988679896
0.00305235827235665	0.0044965199171123
-0.154872850046233	0.289335274216592
-0.369310293791045	0.855740812793995
-0.116893897300494	0.18008360249596
0.536139755314175	1.16336651554284
0.654693451306836	0.995115034935599
-0.231835509063776	0.29435272745332
-0.0150755398346565	0.00906601950086985
0.0837970366596399	0.533455140965933
-0.12448181826561	0.811560456091981
-0.617808886843807	7.86647831491255
0.259323070791177	1.19809426407078
0.0799656847247976	0.227477957299855
0.0493352406755504	0.110610288979428
-0.067524826490599	0.157972785609471
0.0617073277360646	0.141708563149343
-0.436675987908218	1.76397185323061
-0.346303625010802	1.57709033078455
-0.378052780805669	1.53798332706769
-0.0964414893211952	0.207904977804129
-0.0268043209027502	0.056393907070934
0.0503865821223185	0.0905347523395362
-0.0774732544870627	0.140458107540845
-0.237976817835582	0.498132869813399
0.00783427250665388	0.0120945388379088
-0.0272142219173063	0.0395256540457688
0.301252123377336	0.651022538032701
0.352971159309657	0.647881265923483
-0.373715023659216	0.620387809385296
-0.210601918109046	0.216754208064677
-0.206103495812333	0.212517240352493
-0.145279836422747	1.1397266295252
0.200577780420451	1.38277759709588
0.738787116716985	6.78731230686267
0.26855404869223	1.03591145457207
0.0965826344607812	0.223733128544238
-0.0137245112793894	0.0269344298895317
0.180908577797165	0.453271704552702
-0.104789128230928	0.213927269867288
-0.428705114626095	2.09193741560204
-0.0922657067631441	0.219035075369564
0.256213099428477	0.684744438245227
0.0648665484188001	0.157768692751723
-0.260339456633613	0.48605040877027
-0.123679601075285	0.218828672190512
-0.127118378565748	0.162130162503822
-0.169341326914918	0.202102683766774
-0.173353412507833	0.204582912024294
-0.0763263990012433	0.0785504632988615
-0.189296542607872	0.243230711442957
0.0980008830002855	0.625088107441262
0.153187871114488	1.00331469543902
-0.00465159592982655	0.015519232195348
-0.141490846230489	0.643204128640284
-0.285583772989974	1.63873058565546
-0.0650219540395558	0.219825446750219
-0.460957370590151	2.93506219396688
-0.785433706691928	7.16903798068233
-0.728411494415983	5.43612343788049
-0.295970525278189	0.985471911279362
0.327806184934594	0.717397398692925
0.105215965969417	0.211716334376536
-0.31378559960572	0.267954712555097
-0.0835796948821061	0.0796349163690015
0.103982142729376	0.0657139662293699
-0.0232260495904927	0.0136809947163028
-0.423719545307041	0.304591502986103
-0.640212153306232	0.405188573847376
-0.215734039191936	0.0794186607996413
-0.195424922746931	0.117034477536103
0.051985123611124	0.285559589195563
-0.00192787122773388	0.00744895107384321
-0.0572803237920437	0.233602124799154
-0.0605482183629368	0.230395121933783
-0.174939702780197	0.913350811599237
-0.367853334126698	2.55829612871846
-0.698510761930486	6.11534431694741
-0.542945426587634	3.73218610945701
-0.0436329203263033	0.0956501615319118
0.128126039915991	0.218704351174073
0.151356122730383	0.358330189170369
-0.169291584938433	0.105416950852441
-0.593218581822449	0.228060659480059
-0.839345856011256	0.374428244004784
0.00158527447616812	0.00682321824605308
-0.0399198255720671	0.178838071757222
-0.0993523968077932	0.470410496106874
-0.0548648988802776	0.212635173590285
-0.32482059187534	2.26877257625527
-0.766602682984821	8.08510798148191
-0.475710734564976	3.1007252148367
-0.0331747108691237	0.0760712809815479
-1.05215980670396	0.523361609132182
-0.0174433941183104	0.0794301182727525
-0.0259398653308506	0.109100891372464
-0.034564390756012	0.13289328395973
-0.469727067259047	4.5284561088023
-0.544011215131196	4.76531686351929
-0.302294513310589	1.60779669233099
0.180420642549286	0.575711295819307
0.167872552853492	0.335111558986962
0.168364817333663	0.416913911105741
0.22741661317976	0.800918724282059
-1.55139270488344	1.0872007947047
0.00355421082189913	0.0154047879012655
-0.0984181264908676	0.563588117587412
-0.264750926273377	1.9772077253025
-0.577835829662983	5.94808766318691
-0.315274848590771	1.95067057567029
-0.164825201439617	0.577071587041327
0.185955479412625	0.364145054376942
-0.0209953294102208	0.100925215728124
-0.157545945778756	1.1015258937728
-0.37606336455353	3.47975798585238
0.0775241769529101	0.310578144845029
0.303079955949415	1.65256899937169
-0.0558492373544112	0.306928930679203
-0.119487854165088	0.704801480037096
0.330956637397574	2.64941109338377
0.0899805876058999	0.555463632757442
0.219556628410536	1.74162044448943
0.0824598922568852	0.504884664009936
0.082919293966426	0.430801325389273
0.11951089795481	0.837103995826588
