x	y
-0.091923063531318	0.0795642391610522
0.147237241324053	0.158124260449651
0.633855453570133	0.727154455217692
0.29622887173149	0.337372076472273
-0.117069584409252	0.0996972266065613
-0.154975313018491	0.13037449182105
0.0907577490725267	0.0545494683898868
0.488022960492916	0.602721648204859
0.544878199478565	0.630099010648061
-0.0720167711581681	0.0575230640647874
0.248614981053615	0.287991834845085
-0.0146047023769091	0.0108954714919266
-0.283124516934905	0.0937185339860193
-1.78707841532115	0.414309017630871
0.0560684088164098	0.04317924155706
0.158260359301292	0.169757600906457
-0.698630762908417	0.937410550556991
-0.247704635583429	0.283932960406593
0.146930899513788	0.135207289502738
0.150134433290862	0.155206365501491
-0.412936570001857	0.430616546886092
0.459515119262792	0.248135487948289
0.101230426961354	0.0296586789627306
0.851131676192612	0.977404766549755
-0.494959340699415	0.726124871245086
-0.677008743806737	0.922831723833578
0.544100056884315	0.70911642573926
-0.503335463640547	0.564732621781367
-1.0007627498005	1.44843881222661
0.655581656341593	0.496067951807118
0.0798390788569637	0.0288307745930236
-0.250840948992197	0.192976194456053
-0.109475243686714	0.113704230437186
-0.0491964268742301	0.0402071075416499
-0.115716449364169	0.10814182469062
0.335699166251594	0.339056157055181
0.121452058515897	0.129464118647862
-0.560990019070788	0.562660448101727
0.374104522892199	0.146250600873722
0.978793328630733	0.361127776867045
-1.05183050895808	0.519814434535473
-0.464732999718127	0.196389414083713
-1.09820234316485	0.435087952478816
0.0508456190358692	0.0367224535832459
-0.332113913058712	0.417957782311683
0.32080714875342	0.343782639043168
-0.784006061373053	0.796764725397912
-0.213861255761072	0.172472539208043
-0.503823635663066	0.438103346650551
-0.421249276619493	0.254736550070729
0.385990659734056	0.241653321477645
-0.494129705902744	0.283146997788735
-1.56245010376956	0.810228431329491
-0.860646081129906	0.466500963205084
0.314583178423998	0.350771567523262
0.635254172314487	0.741430029255007
-0.0069163852322687	0.00587873836270468
0.500347985477537	0.609509232796444
0.502406689494972	0.538681091781159
0.277652297575361	0.243636032594138
-0.0318285917916354	0.0230407180564438
-0.134058297663204	0.0586114962852353
-0.110040856246194	0.0531112266180001
0.52417533327479	0.259085410430201
-1.34150217198866	0.612233890669978
0.0505898891209316	0.0454487249048442
0.379785142295444	0.411642871370855
0.0229609493300286	0.0184370088152182
-0.14455953041496	0.120412170790698
0.299680789385263	0.242038034054691
0.0727339718637138	0.060682071062693
0.565193076036034	0.467576374879075
0.0728144952480165	0.0328190054996278
-3.77903324332789	1.50600997385697
0.0709906217721126	0.0261728467367734
0.246934875511181	0.288069780380373
0.606987426106803	0.735835644569804
0.156312214398938	0.162642232256913
-0.732770938042553	0.758697046640548
0.137002511842754	0.118158825671654
0.114172046769251	0.0860216636972697
0.569287325847212	0.469201764163322
0.818490074364773	0.418001023961793
0.0393717471789943	0.0341196697220127
0.207261321395519	0.216278404766197
-1.52620539248161	2.28622792743897
-0.140684278443677	0.143298007424448
0.769617522309179	0.839214584384011
0.246046923101786	0.126242459155261
-0.589216673421053	0.227872967084399
0.281864487608809	0.369862803298208
0.509167988274774	0.60394856168335
0.0870942794875016	0.0740888640022485
0.265951922551084	0.264340016808749
0.843961587410777	1.30096256625096
0.200842727519953	0.187883882875914
0.357069539555867	0.336485126739655
-0.0958467737871119	0.0842550093507184
0.510829806169498	0.453107450682193
-1.05384287821371	0.530119989242484
-0.852712452021397	0.372495285119847
0.444041039397164	0.595248612116494
0.570834482750284	1.02513651031521
0.538091315992645	0.696291194631806
0.249770382430309	0.266479220602576
-0.100443707743799	0.0867290096653847
0.978938161814539	1.25024643969315
0.297486952674964	0.247881997902416
0.0792535439433194	0.0628994152831678
-1.05919193353292	1.04876670610552
0.462382207757806	0.251325216236524
-0.63923865613969	0.155145012751728
-0.63923865613969	0.155145012751728
-0.391112366168209	0.113694348973874
0.617888155529509	0.811627472638075
-0.0328725060545549	0.0237111984181686
0.56528182493485	0.546432482147637
0.0719115224048401	0.0587995021373625
-0.37995437410105	0.343336788797768
0.996987669974107	0.466315384018549
0.623397908215768	0.192519078919056
0.163198318954765	0.0319050580443516
-2.12864949256737	0.984418585606181
0.204832037060967	0.216569012713681
-0.0661814027020052	0.0533752025659562
0.136338662808292	0.115945465855087
0.306081022089411	0.239813432371019
0.716602927586526	0.40261159050057
-0.174434538675536	0.0708838429663545
0.470886445839635	0.16405003937808
-0.780621338588044	0.27365972431568
-0.0473791882616913	0.039638673409568
1.22089395830212	1.74989388902163
0.756776357205014	0.898089244601788
0.0712888184799597	0.0292649136965029
0.463219459462719	0.249901140310542
-0.584474130413975	0.226044658568199
4.34790529184748	2.19902145307765
-0.395701830802091	0.115534330411752
0.469615903145467	0.437250167292813
0.491571271724691	0.44813702267139
0.0371748211807419	0.0260904289780837
0.387999344335149	0.244172845313529
-0.32703404082794	0.167377584315864
0.304358011768934	0.128299099967285
-0.310247369957078	0.205047577980942
-0.682178967945366	0.333039253763699
0.44327102552483	0.59472055905212
-0.00452378003177878	0.00340293551222132
0.214411420076268	0.134582133778732
-1.5592573014063	0.560959739167039
-1.03404332085579	0.642410630574705
0.0751465965222361	0.0365065541389196
-1.74825891494891	1.00553319508733
0.916952158796761	0.921412107264417
0.314883193800209	0.246946865582665
0.494328493060321	0.528013850355415
1.14672937446893	1.70535376007083
-0.530033483333775	0.494130038435459
-0.328869088505001	0.249087076651995
0.0205832526711298	0.0198423695956199
0.268643321970846	0.255001058381028
-0.235143956788018	0.134853979655651
0.103095320731143	0.061493767788225
1.25589767483807	2.07377013823761
-0.603034757629778	0.687173705733635
0.379212834057169	0.338771457220359
0.325314048200674	0.235560658727464
0.101856115103062	0.0645095837571405
0.0288162718978905	0.019549252068036
0.197900044168388	0.183363495373054
-0.0532510451335339	0.0373210857920964
0.0968002887739959	0.06109950044372
0.00419790684306466	0.00227833498355774
0.202195726542052	0.16102686101126
-0.405826071443812	0.357383287067717
0.135709368373219	0.117991097413442
0.29822533290582	0.240923486499541
-0.0174175512909087	0.012970685781449
-0.0418335201752856	0.0392130519824785
0.0921352765135939	0.0860603511740588
0.468453214836157	0.582800409340763
0.620374639862816	0.741269508421271
-0.332602633285889	0.475572767287187
-0.0264630191452952	0.015564917846422
-0.00185455397686355	0.00147853210416194
0.130982301153639	0.105923459051436
-0.684833617003343	0.794756991120092
-0.797050702421589	0.874500813225908
0.538398164612745	0.460405329343254
0.288760368134636	0.236706719372308
-0.0295221911333672	0.0171803266033699
0.436752056395319	0.35846764800885
-0.379376655425466	0.421693427225884
-0.252943515777684	0.22051954498342
0.0555383911946719	0.0441767933154856
1.16394829786642	1.61859462998658
0.135427912877564	0.123205569415823
-0.383959574756786	0.349301230607083
-0.615532717404309	0.515375868256485
0.238941878540253	0.240247286416976
-0.17103296345098	0.170312702453541
-0.0562235256871148	0.046158603825745
-0.8899942005608	1.29255069021556
-0.570662432889452	0.711474617479427
-1.55252991001839	2.15259654891012
0.0225771368157978	0.0185785898039144
-0.261869003175838	0.203850629968582
-0.027454716702374	0.0159370018320602
0.0813022131663729	0.045846991505534
0.0708342327405061	0.0321229667300894
0.132148447622136	0.114147143256214
0.39293749607043	0.342702226053726
0.113394392029557	0.117863946216477
-1.36896360133496	2.9253426493739
0.31043361494952	0.459989108321349
-0.333410104026366	0.333739563031767
-0.0852286333803048	0.0817881412195705
0.00568892571960282	0.00425982430694306
0.0610187912910109	0.024971556496668
0.123657130197145	0.0936496827322051
-0.0802817410724028	0.0833858887755597
0.0526606450062971	0.0486984570983614
0.0846981763323983	0.0887561607878494
0.182326261916384	0.178443110900122
-0.121388751380894	0.139278143480955
-0.893275819611548	1.3641131935723
-0.380868229731873	0.280936129596521
-0.469715216658912	0.199557650721994
-0.289271040008302	0.29441606840604
-0.280373280340288	0.286716918665575
0.0162930731388083	0.0133535239204303
0.0346043185111063	0.0299175553339773
0.0393448418270937	0.0336810637492247
-0.532132640536527	0.708055873916864
-0.360211081680754	0.424872575907078
-0.120858343495646	0.113863166337467
0.22198021686722	0.160065908386381
0.463678154192124	0.252352406206703
-0.0923216987390385	0.0474589638978345
-0.329793087816201	0.168115822097351
-1.24005226780797	0.701094669601042
-0.309458966918193	0.202156219121541
-1.90792808686697	1.19980887297452
0.0725317238371792	0.0297811028960305
-0.054039473181003	0.044282971788686
-0.301205302557793	0.367591698243549
-0.373548756511189	0.420194709166878
-0.311770521920416	0.263984496914112
-0.593419622168155	0.856813899584747
0.0570115181644926	0.0538940249898659
0.0397008309727912	0.034391034754799
-0.0365192852457163	0.0304309287047111
0.438617921567843	0.595084401044765
0.411415125438765	0.434248655153083
-0.23180279568932	0.133806371734281
1.20091183401023	0.628186799551884
-0.0671771539783835	0.0367141061009763
-1.24136445355703	0.698707429908332
-0.557277554360318	0.372015097102656
-0.395189973209262	0.114864985581358
-0.386015863434501	0.17956849416653
-0.578686952238949	0.306699359516802
-0.19050254787712	0.133394828499673
-0.0985465885086857	0.0507288916017482
-0.519522547646557	0.530914666166838
-0.0937914427092392	0.0823051522900034
-1.03531234197032	1.37282659590518
-1.09991092303065	1.23333319084289
0.315750073830595	0.249120534905201
-0.756402715710171	1.07780949179377
-0.0671600997856154	0.0530013228116314
0.440292621259529	0.433012606737613
0.0840211940997139	0.0740301304651071
-0.309037723269244	0.262765988664236
-0.503227268935518	0.55044347055764
-0.340527074869176	0.284573345450904
-1.18964137810585	1.13939517895647
-0.27810401156715	0.237743669018927
0.814079694602932	0.766377639270211
0.422523302762705	0.345801426406046
-0.856211619034484	0.913218267378398
-0.489119523812606	0.283001845485799
-0.235119147145301	0.136161955597867
-0.091437731079372	0.0469689577865849
-0.418316611806633	0.303025478478103
-0.571473273182807	0.302646306721029
-0.782052410114566	0.695096485086464
-0.383403739841509	0.34889330369583
-0.409696648926625	0.424311431084787
0.00636344956772549	0.00394221102603115
-0.213384897155442	0.199109065785223
-0.219791673898064	0.208691009514465
-0.361639623610744	0.381906442990218
0.0936786055234634	0.0837668980323843
0.204163578474509	0.171745193830204
0.0247944915494538	0.0203954796180423
0.0741978760673351	0.0723048073610686
0.0792239855231832	0.0645106915714216
0.281627030313124	0.247429774909083
-0.637165672596352	0.577251678375411
0.496620539277292	0.360832459467416
0.108560757317524	0.0742745456269736
-0.691236785911124	0.813205815544885
0.765905575581704	0.744872342738141
0.766307659339546	0.991947204975426
-0.620888983837607	0.661833618851158
-0.274377270290429	0.188311863782442
0.283811017761398	0.243322128317566
0.569139258742453	0.474829404688039
-0.231681764100781	0.1612579900988
-0.0281658157367289	0.0164650585861949
-0.220640861070362	0.0811231369281859
0.770594707193337	0.529428237911537
0.608968874576394	0.579740814504533
-1.13935028182572	1.17632224682333
-0.583054544188003	0.542990408238989
0.947702413588219	0.827100712653004
0.377041313631491	0.147334365665277
1.15165062678564	0.898840317521384
0.752647483191436	1.07532104204979
0.0648687677881939	0.0609410936928468
-0.260206617928881	0.301744214708048
-1.37609277037433	2.28820183824751
0.423606307566522	0.591160612613437
0.548051448136239	0.777397380730098
-0.855045654848337	1.04097293857626
0.0353208913626454	0.0238701899160501
-0.416257199705047	0.25220398071787
-0.32717423143219	0.326044931596352
-0.139672641321067	0.104175317316644
-0.571558152386804	0.604612447595795
-0.63191275433189	0.4052471801625
0.0857253442401943	0.0484474855192806
-0.265631608238705	0.143050383563508
0.0963298213773749	0.0281188395565234
-0.680736061333223	0.331838859901132
1.27169557866621	1.0869333326266
-0.0711674725832128	0.038271337966266
0.83900386277047	0.967855028034972
-0.873454103260618	0.824062183251115
0.987342354239128	0.361873460508843
2.4972390417237	1.34372996378797
0.425491711241847	0.350102458799489
-0.551721756364786	0.797145409367404
0.320395185103798	0.437943038879574
-0.475943706791974	0.668785469053723
-0.137697376587275	0.128363291638662
-0.840101778638909	1.3345203136473
0.213507000363726	0.164645779802868
-0.612956690503647	0.765014920415125
-0.444559988137554	0.45482535023846
-0.605003351725575	0.593904307177068
-0.257781213473213	0.298960555965818
-0.219400588232814	0.229361365289604
0.282172376981401	0.249320612457679
0.13785995580447	0.120411763115067
-0.525815090118038	0.488933521397297
-0.816256086662351	1.55418114539533
-0.290509012399074	0.385296959253811
-0.22277951701297	0.304882865585163
-1.87067782435373	0.770898391840456
0.0837285748816505	0.0274852546661696
0.206450301471522	0.146889053363965
-0.261196851464744	0.202453983664152
-0.62882488716963	0.396879503377205
0.0737515802708239	0.0270547915778787
-0.589321136047374	0.226925438920885
-0.287185206805837	0.154691079886913
0.774808151226583	0.524212244874239
-0.237611007475204	0.165951577766695
0.984759554462192	0.364403212406029
0.238111284945477	0.133669907507707
0.255746670548398	0.132883723209172
-0.00420075107602029	0.00359806525082295
0.0148041938717821	0.0134119521484876
0.290265785358392	0.336142981391814
0.161610202548998	0.159082126970528
0.0512111368899739	0.0383666597805838
0.1961511020918	0.177990198430732
-0.514872071498068	0.523103954788966
-0.485196270752215	0.55986130586906
-0.79572819500416	1.06746792885345
0.196635655048627	0.169473366229
-0.679474472613592	0.931094786559552
0.136887222137491	0.113896293024341
0.0609862032646097	0.0478634633775687
-0.852278555626864	1.01487204638984
-0.948000002697965	1.01390453140485
-0.491254850434561	0.282939982210474
-1.89158084410396	2.52139928696886
-0.341951325726739	0.547142716225279
-0.905518770378405	2.11779486985183
0.309655231753989	0.454982514536366
-0.298180131202753	0.431872594121736
-0.0779738409103903	0.0538104666616913
-0.631674894367267	0.575783714878107
-0.156659189033439	0.0966587201930093
-0.968812145006149	0.889112771382044
-0.319335920529758	0.211835719898887
-0.463757154658003	0.195619610506689
-1.01178475204226	0.736077003408074
-0.222984848817832	0.0820010323139345
-1.6806017812464	1.26389416649801
-0.105996291165992	0.0507819336452842
0.288812485354015	0.246775805206495
-0.549134522683638	0.370848745365941
1.7730599358684	0.677751749599987
0.0911586153910884	0.0265297631146319
-0.110724735519407	0.0535948110089469
1.8899839618242	1.13207669513292
-0.237983128246852	0.165703640349267
0.283288656435842	0.342070439971719
0.250906566970138	0.290489275541782
-0.268294816620248	0.373849992123553
-0.547946349899583	0.911588332253231
-0.125206808198159	0.107434614809952
-0.330821206398812	0.384640078314226
-0.696632484334378	1.07774656347909
-0.259895892862236	0.175582786196115
-0.263154408562524	0.264706303186363
-0.505312707098441	0.615494680393599
0.242705638482488	0.279172916722149
-0.00828237697168986	0.00706617533929286
-0.0814207975228316	0.0712459935267459
0.351012828311422	0.347184208220998
-0.173604824309887	0.170246634233137
1.16339957297437	1.51676982953542
1.29156284811998	1.84027887967028
-0.437676656272607	0.483400523631101
-0.214267396965567	0.172472311350483
-1.09257995533257	1.50870549267918
-0.199524082054773	0.120365810183172
0.442215785593733	0.353950969357641
-0.348009030978629	0.315411084888747
-0.115403511396704	0.133188131466564
-0.236854032592953	0.334148433315328
-0.193950956509035	0.25135800075327
0.531973722683278	1.12269228512694
-0.15050400184835	0.190989664325325
0.0709933066552041	0.0290613379001477
-0.870164894289744	0.825734510002481
-0.0905702582862334	0.0610475335648673
-0.28412007837412	0.152457441279801
-0.327761069331608	0.164975815933031
0.251433653929654	0.129810748633482
-0.235192144517385	0.185225947225745
0.260417634681914	0.134651790247969
-0.780209704412134	0.269603406986946
0.986223464787951	0.361027856807904
0.379657473048919	0.147244653815669
0.073229434822061	0.0383923839783208
0.207750602744901	0.155457456741184
-1.7296983860598	1.74476081824864
0.833682961837952	0.952723313097122
0.384245078423327	0.514029095736915
-0.0993827512990205	0.100930025491762
-0.743908218178759	1.40661684394464
0.125994723221684	0.134809192808331
0.586002220134507	0.85712939323914
0.109659480018897	0.108341622665982
-0.132871343958161	0.114764750724027
-0.909288271540873	1.08950265425694
-0.37829725375141	0.27967825357573
0.198867727212215	0.205400217702747
-0.671512251952567	0.942936814650736
0.205904768422112	0.214819201064037
-0.418392026536755	0.619064513023796
-0.469429486205077	0.514537302028141
0.0347046624558881	0.0304666939183854
1.28639813311721	1.82624668414421
-0.314251228222622	0.209097713433842
-1.04937451910403	1.02764376031479
-0.322425680865797	0.297776887178897
-0.0519966272688499	0.0423856421074758
-0.64955048106589	0.725175903082323
-0.850371978840621	1.13911204118523
-0.482230845455002	0.340355627185106
-0.26775558292016	0.252002211231885
0.0290164142374597	0.0195387002969896
-0.453277359152048	0.397007188387641
-0.00875265099640939	0.0065671001554169
-0.418593484623954	0.37610975725509
-0.49830957691605	0.640102594033069
-0.0425226250569862	0.0393816440870454
0.254863710035377	0.300297284935351
0.0463153962085554	0.0511356269911822
0.108793984567525	0.114613328149631
-0.514598518219586	0.776125776984707
-0.348317638972719	0.317150343171345
-0.849166682361413	1.02104812513344
-0.795042211001727	0.978062476260578
-0.157715068180866	0.117321528282039
-0.0271297896991366	0.0196278716695842
-0.521174830292312	0.548571008205811
-0.318603252671811	0.211987435403303
-0.426619351375119	0.309636628302078
0.205276196577336	0.173306584397767
-0.059577506945228	0.0489238482402779
0.634376298683309	0.587892873019878
-0.667563592779866	0.492738503815039
-0.525742673396756	0.410522699705083
-0.117407110939559	0.0566902764488463
-0.173487932435745	0.143936706155608
0.220537122396532	0.139014161844667
-0.00820825121192267	0.00494827256267339
-0.236834168042232	0.165841137012064
0.0381954217277119	0.0256866301099704
-0.331565107513719	0.349862509557905
0.27551427508651	0.273144074283997
-0.107299129151117	0.109993729241722
-0.146025528157823	0.136435125907904
-0.720531203995175	1.02920288842991
-0.329030714622157	0.328735919104405
-0.125308092600256	0.106999327649144
0.207698892080091	0.215004651866484
0.120834491765081	0.0945777341655323
-0.469811456711598	0.476101710250791
0.0317357860971203	0.0220711702697776
0.107894432483218	0.0702154667589942
-0.73556121737596	0.817469332372623
-0.785069821299926	0.809257679897909
0.490536486733516	0.521526478892274
0.475168206557469	0.443158557727982
-0.184996006299405	0.134457361283681
-0.872339666842063	0.746004899263095
0.105579069971899	0.0683009438696236
0.00568803901704599	0.00353253989311843
0.217925476403994	0.157135112809359
-0.350769065788649	0.321511299692608
-1.17743851620709	1.12356558972806
-0.136773801528237	0.103640799807801
-0.54845332491377	0.469004072116708
-0.320534245801026	0.295833175175312
0.350929221975705	0.243145692037302
-1.59754183281189	1.7374945217707
-0.274022318967027	0.149557004677625
-0.325751119524795	0.245707571522722
-0.00906826030355234	0.00780806974056823
-0.106066569846303	0.0919434969152379
-0.0872585539620441	0.0770417721724525
-0.125427164761566	0.118445017659076
0.0277970092542807	0.0232583108880011
-0.270802947839758	0.294959839128946
0.025232495399479	0.0170428228639532
-0.500207517506633	0.543527951271168
-0.613712248364215	0.516225887469319
-0.268369791171262	0.18253055647283
-0.78887205092065	0.691889019052738
-0.484709840130654	0.277858166011671
-0.768618226319418	0.541041694547092
0.356657199536921	0.235953535907877
-0.591832090191936	0.585772893074753
-0.231397735567799	0.1610699470674
-0.321868810041184	0.163494448494749
-0.0689807447323453	0.0377413071733208
0.22822046417082	0.136113189140658
0.0845094585033182	0.0278486404260499
0.277072161432046	0.130071887325083
-0.488129778865916	0.341917080226479
0.363861101418557	0.243082194697482
0.870482027439477	0.781288202144372
-0.109251982315819	0.0848764107186067
0.558069172526217	0.843367599772426
0.282123661599381	0.26092236233154
0.294612847365033	0.254095130627632
0.450670813221151	0.43014637624401
-0.26709973100213	0.20941037770625
-0.0912119134431476	0.0718958916504688
-0.295158168240199	0.274659033265545
0.0988019510703149	0.0645689878397467
-0.876537875123698	0.58361699026957
0.759628694329871	0.717584145683026
0.112933544518988	0.0799613731534474
0.209440240307931	0.156705230174905
0.909119347353954	0.887789651350432
-0.422105692569182	0.339201206395421
-0.349073076586361	0.291679155269451
0.700338048737969	0.508974270315776
1.14552404973973	1.02307597090069
-0.372208402151752	0.27224936610156
-1.35693158345765	1.46118309678172
-0.17779803637986	0.072249321254891
0.105064549998529	0.0688505007153205
-0.780725400709828	0.680238411835739
0.0644390150423965	0.0317353083672474
-0.274451594796628	0.148198454998133
1.78770518141349	2.45192747253359
-0.552086916562672	0.468969841236939
-0.660610313142146	0.478634443593147
-0.424027921107954	0.258660717819015
0.0166030593782637	0.0159405342099087
0.332692202906138	0.405419584095662
-0.0584511250425064	0.0571877553063754
-0.047465884714368	0.0387965797276328
-0.0818365973741242	0.07863082221816
0.141942445559564	0.133033999953671
-0.212850483623063	0.220517254483203
-0.194523006197125	0.201150750692816
-0.294650413875059	0.359094137292405
-0.595911625339699	0.996665143565826
-0.252935014350674	0.278956538976743
-0.295472637633874	0.29384930738387
0.197151926238471	0.211588103633021
-0.147571417338835	0.107458741574752
-0.268961744251745	0.182877957141236
-0.095051943966903	0.0750754716476391
-0.34879715590522	0.293094872894396
-1.05133173691682	1.32082100102288
-0.465545167647335	0.19826876166358
-1.022230178571	0.743805760850433
0.0552364359114694	0.0383476665240425
0.102472855523576	0.072024623216746
-0.74274699152302	0.906349833545011
-0.422436504604461	0.306690896278101
0.0660619133842915	0.0271850450494382
-0.730680723281362	0.435683877154155
-0.481657375398161	0.273919784883226
0.41917816175615	0.24639397599721
-0.485917914941497	0.27377560218512
0.651932328910279	0.680296441775724
-0.198451663411444	0.119714019565601
-0.187990719400717	0.168629843540194
-0.720722035107836	0.735886239062311
-1.12315619691643	0.887013712643864
-0.746264657626554	1.04737443385799
-0.263408787420342	0.302850167888815
0.345954404220257	0.340113719520258
0.418673117314279	0.509284833948992
1.33724417651479	2.03803119258897
0.195400669179127	0.18097992590902
-0.203520019185195	0.166709399220025
-0.58836346281085	0.849171986417987
-0.112153543298039	0.0853018711462286
-0.965703561280726	0.89295489075899
-0.0764739100156205	0.0521250282806514
-0.875190305634043	0.758843205939501
-0.668863220742642	0.49520628187791
-0.58109379615329	0.538940348770964
0.559290221648647	0.361751591777576
-0.37116280749614	0.276241140834365
0.513485462431892	0.456984198473027
0.392662704042508	0.342471902521684
0.404546257988625	0.341330500620682
-0.0894793242908588	0.0604814190503521
-0.358192437091612	0.354956073709404
-0.864307374762784	0.874798144425308
-0.0297839911114914	0.0174027777004355
-0.41451701579154	0.335539243732995
-0.652384294396801	0.643111459649258
-0.166961508168825	0.10425903078195
0.598213448890937	0.644729871727335
0.605994020338094	0.482506258485095
0.314135704710691	0.246165891565016
-0.690834131985258	0.554783482506511
1.23365619228021	1.56132703396881
0.351868406533684	0.246576932156787
0.766262593653317	0.64055736577692
-0.277102059087423	0.152492430439563
-0.489119523812606	0.283001845485799
-0.577173583327959	0.614465798780648
-0.754302458377226	1.01937808700325
-0.258050149583465	0.247485897565475
-0.188586520473423	0.201916187620339
-0.243199705597441	0.267715177480602
0.0141506531638355	0.0113559959921241
-0.099126004274664	0.0868116675062899
-0.369665225869335	0.303545771007863
-0.172955431158362	0.144086416514016
0.754329476914042	0.811698588973299
-0.874277812648055	0.75630660763037
-0.86644337983238	0.477848399796818
-0.168067694284621	0.104931340309177
0.294549051408201	0.245452769316552
0.309893567971	0.243272636122601
-0.217234911308414	0.176037838154133
0.825563447211153	0.66195305398795
-0.681275090106765	0.328057593060499
-0.359541933222927	0.230624928844245
-0.576029128103629	0.534021130191022
0.104507792478648	0.0689779552570814
0.488684552709731	0.353844348259461
-1.6060476073518	2.25353344774932
-0.632098667696589	0.832263297652105
0.562272712864151	0.366957571700123
-0.0863259699986264	0.0680104746011608
-0.351950329812785	0.321910332115002
-0.576058854669743	0.535162089820756
-0.485621989515931	0.461011123051741
-0.583595100325876	0.65518190546219
0.0381904174622446	0.0324818803214896
0.0595518696478666	0.0460320054662193
1.02917376093159	1.86459253424358
1.11987184608189	1.74860786424088
0.282625468982855	0.241508978298478
-0.285449741337102	0.288391220995625
0.549042842989928	0.542393895723904
-0.335864165917708	0.278993629488295
-0.330369864779128	0.25106619831549
-0.230258815304324	0.182859223212092
0.0511321960591215	0.0382429742814153
-0.230766295576519	0.160389178846507
-0.300898604529218	0.231933242093156
0.572803427377146	0.474742509919546
0.63161929756952	0.586135984297
0.937701523078629	1.02705290442292
0.200690946324995	0.15332744281318
-0.0697475751330183	0.0376151608599373
0.0938886290215343	0.0562574211828717
-0.549224628251387	0.371766603205706
-0.52326752948306	0.410201398957672
0.114732467023389	0.0813603510767468
0.659831699180729	0.686655679861222
-0.355992841637444	0.226338319469496
0.633121128117903	0.584230521090123
1.24250804377782	1.33165567989854
-0.147258682493912	0.0940956684582756
-1.90362544095998	2.12143131374641
-1.36344259872312	1.65995388086571
-0.367467422170887	0.36300677165319
-0.989244606204782	0.832286701089475
-0.953454273105905	0.961423077807969
-0.316540406136172	0.292353768629338
-0.0424638500886275	0.0307312350451457
-0.452340391678074	0.467378050663465
0.405387618209449	0.34256584690312
-0.0307284267915532	0.0223629316621045
-0.233558240813239	0.162508118923039
0.0358031867579302	0.0251348101155741
0.187521686114437	0.167836912920175
-0.447843588569395	0.432083282175342
0.875003827840712	0.789991570194179
-0.489882303212819	0.463880717437671
-0.57930513494203	0.534236273300085
-0.343664010728312	0.285863925120599
-0.0275391529980495	0.0198040933124336
0.127470503468622	0.105084051348612
0.318171012179212	0.258595192733478
-0.388350918388569	0.382792213087231
-0.241505940831503	0.16847861525576
-0.651618955180228	0.644891900325707
-0.715000028775187	0.699783192494291
-1.53247460546874	2.31423621075279
-0.574495785423426	0.616648978178924
-0.494790842349744	0.537237934897855
-0.279851309459001	0.239415265691931
0.472362003920341	0.442556483545742
-0.0648837070159431	0.0519226091811201
-0.638435558529955	0.754520805334876
0.251168112201944	0.245710881997831
0.939328542245942	1.2051903318177
0.566707112250082	0.468510785831117
0.910923626560488	0.689754922863363
-0.00583581682306923	0.00359288459613528
-0.588410077876692	0.449714374793798
-0.00114753142866787	0.00081826257830334
-0.314212708250219	0.206877015441409
0.211922207619245	0.164241609912736
-0.412309714814791	0.333220496600527
0.0249776466134692	0.0167606947954583
-0.865439195884056	0.93746262489401
-1.43998496089807	1.1651732984296
-0.992187367374205	0.815989790905478
0.383368194886125	0.240633736798593
-0.423155746676673	0.257460565892243
1.14915780376335	1.03071724623431
-0.766536640127005	0.539545832605726
0.601607660132182	0.573018749623132
1.23395717715167	1.56731433503052
0.0717321932604393	0.0381049763000831
0.564059697609145	0.36657101142727
-0.99132486223185	0.827419701360607
-1.30940137989153	0.979104300800655
-0.3209714905512	0.163512334621415
0.554188030940857	0.355459937720403
-0.586105459028319	0.445352989890803
-0.786643063435192	0.863268893929373
-0.0473603700757611	0.0337896732100734
-0.772717006138106	0.618225010014761
0.280004996999141	0.132598746475431
0.309555752019776	0.132255083129483
-0.337100776724107	0.169202512919594
-1.91522070864435	1.69101983503856
-0.26148098844139	0.227826425296626
0.103905876970699	0.107222301116771
-0.242765631932561	0.291409540505512
-0.343424263784917	0.478239559116708
0.0313697189231675	0.0212541595524975
-0.780071967393178	0.937096317966383
-0.212184752136404	0.180468621888748
-0.483820733046578	0.335507969910605
0.0177292419080255	0.0141910100023798
-0.268057800244112	0.256922190487312
-0.919194270954025	1.22501731966284
0.343090676007725	0.365977264432095
0.098987044865454	0.0932010472046358
-1.35419688990814	1.62438529972334
0.676226141295217	0.776418332569431
0.376456575005082	0.338963379340237
0.0678580196554503	0.0539640138558225
-0.066990564160087	0.0643761942770313
0.00549744488934391	0.0042576669836804
-0.157959658024322	0.131794066096227
-0.00636554789132032	0.00546779648242774
0.330639107538125	0.433972527184347
-0.606507764576705	0.725403715299596
0.381021692522946	0.34966665582627
-0.212020462332628	0.221045930591916
-0.0405560903240594	0.0376089789305953
-0.0878141408702127	0.0778601307171407
-0.229756720312662	0.220913438402197
-0.0436102370100057	0.0437984175051262
-0.337999355385419	0.356442846570742
-0.765491874313942	0.541909400918933
-0.86851700292543	0.474324208268667
-0.329147822695321	0.168061241055836
-0.170888934750394	0.0696466408768564
1.17061795396593	0.765515157579039
0.215354670985262	0.151683116158883
-0.328047577474345	0.165357977929559
-0.0635771638230108	0.0345620958717164
-0.450276048147832	0.397679243142215
0.216372920195318	0.217184454879748
0.280279543234156	0.321300379464778
-0.140984757580748	0.0909875955817878
-0.282181274543937	0.0921331983669046
0.999487905053407	0.463778842027994
0.273224819817647	0.1293453902912
0.0625806156956711	0.049115980756655
-0.226763163710403	0.179498375280809
0.133487547685943	0.0330756337612284
-0.13818514577867	0.0617491277599037
0.271178201983438	0.125926154075209
-0.138086625457336	0.0614514301833742
-0.58804965889281	0.228034778047064
-0.584373148640493	0.224681008157042
-1.3516321504007	0.617205365338464
-0.786627771418967	0.273542517139253
-1.75063324908035	1.00231268028935
-0.639303808570113	0.155405266784039
-0.222984848817832	0.0820010323139345
-0.283124516934905	0.0937185339860193
0.0634265680409147	0.028654259561108
-0.391922645477802	0.436288831752064
0.0193401791164257	0.0196081686612183
-0.423550294897856	0.304584176583531
-0.283010261852416	0.0928684689638022
0.374104522892199	0.146250600873722
-0.116121218572742	0.0559703943373194
0.465695039429514	0.163664307663245
-0.222984848817832	0.0820010323139345
-0.121863929430145	0.0587439571263113
0.243101239872722	0.134514275189372
-0.463609657216844	0.37060517309013
-0.0827121563504451	0.0647807059884125
-0.140512767113868	0.106567404285522
-0.279699323324803	0.325857307691175
-0.13970976222983	0.169584926697038
-0.254359604398152	0.260630479703946
-1.24046160317527	1.07313443212801
-0.283315412893155	0.244802239174051
-0.159233198385724	0.199027109061998
-0.315806274974999	0.511623666827743
-0.35348249943914	0.571112334940315
-0.177229599716847	0.213888755375263
-1.11188120226302	1.66249010800544
-0.402233492713649	0.444632163432623
-0.456767142071403	0.404082896351476
-0.313263167851623	0.20576460049135
0.00253983016815724	0.00172227502160286
0.190453819317675	0.183458759898406
-0.237539134973213	0.228559262650517
-0.21966759650643	0.241493644197163
-0.416033160670041	0.564597998828947
0.124962247381474	0.0916181913312748
-0.107036261841178	0.0898951585239025
0.484757243935611	0.35299966968761
-0.257278854784407	0.294594114393219
-0.064879375649495	0.061901254949504
-0.152649499676582	0.181605992930499
-0.538338909433847	0.87905308369458
-0.368897225039257	0.440291350936665
-0.176625553220898	0.212350119908068
-0.329653326874814	0.394733912333094
-0.317537119088242	0.210446378017714
-0.369950687953875	0.46224413216695
0.84660140420059	1.22677053938399
-0.460755405623256	0.646509322907613
-0.00236936348623072	0.00169997127622851
-0.242452828079407	0.322423928189585
0.0109979404852364	0.00983290800934522
2.19809309311036	1.58779035567196
0.377717317531447	0.147754653807085
0.777686104950169	0.53288684823066
-0.4711558541445	0.199122745100753
2.30244287023191	1.11203863503526
1.00571177526427	0.584671921477593
0.91045639780061	0.684677499886793
0.273107714230257	0.126895960050769
-0.635787911645961	0.717703450967112
-0.553097168952852	0.764945258708713
-0.198752039169697	0.176757841827627
-0.525462707725502	0.411690507476993
-0.276695752949281	0.1503814580874
0.13624806764299	0.0334168593092027
-0.391112366168209	0.113694348973874
0.981334581311431	0.363606045743479
-0.414798604769477	0.370906489683297
-0.781632149354284	0.749752773401233
1.54137599377438	1.01151287655317
1.26236788986448	0.537139970214584
-1.0941417947102	0.435850465844291
-1.08992973161317	0.438015032318793
0.753753172995754	0.306004744599059
0.0815695126109432	0.0297971207883989
1.77887649352479	0.684635676036224
-1.87122735341729	0.772931215282389
0.623189287370333	0.379396378328835
4.14422800089266	1.93795209193351
-0.639889036078419	0.155465657511814
-0.588292351393379	0.225806456408434
-0.283240759595836	0.0937144526238611
0.0779840305140471	0.064905173636262
0.494822625187644	0.834364271158182
-0.110483544558506	0.0533409466633168
0.379657473048919	0.147244653815669
-2.98235561721634	2.17528723656009
-0.219965120388317	0.0808475257581228
-0.842961909031265	0.375153317583501
-0.238934339314469	0.138045435992021
-0.142675288214542	0.0631518188962216
-0.78861289105775	1.1023967739746
-0.627182898513147	0.702226155218788
-0.20601149080783	0.164982483581228
-0.12572826436199	0.138248310986579
0.467067650273971	0.818891296189645
-0.285855485379923	0.265088936055519
0.29903009408259	0.250842100876776
-0.652732483212363	0.644775316752952
-0.142256268589706	0.164489399318408
-0.449040312806974	0.46070615536183
0.132503009054781	0.107148681305884
-0.600293683575276	0.936831188813294
0.208358671404553	0.184767557987574
-0.204401300023474	0.195535434772771
-0.800433348984465	1.36785724322544
0.0139265275163613	0.0124628267902813
-1.55199190053264	2.14026749323628
-0.0209067374114876	0.0155718580555612
1.11421657829952	1.54800650495631
0.363231400054055	0.417817368342289
-0.1272552354162	0.147510154805489
-0.441330159084802	0.536731307083727
-0.166096410203011	0.175472910824521
-0.234684916319935	0.236823171109604
0.519905619749665	0.88610520311491
0.133765205171135	0.113942130433227
-0.112513023955688	0.0742039105072904
-0.734183383789032	1.3792732192832
-0.225616928260238	0.214341705196781
0.139851440837872	0.122541045906901
0.146206963808484	0.134662363029434
0.234811715936688	0.291411984237948
-0.222689876829605	0.228902897654094
0.10148549116897	0.0639050397746547
0.0824590869389574	0.0270942034629352
-0.416768487871469	0.301498952741169
0.616294322196536	0.278040952680414
-0.580842701896874	0.221719876449501
-0.417272193099955	0.254487014952985
-0.217902073272513	0.0796102772342279
-1.64600587740419	1.575849395779
0.102067694677017	0.0662872237928156
-0.32659635491869	0.352081348457664
-0.473358049177307	0.577939883970158
-0.41767803168518	0.3404737423829
-0.474354621576346	0.19926628589882
0.079309601597827	0.029041022383805
-0.592534427483149	0.229347002712227
-0.589460033482949	0.227811993077459
1.01279629374468	0.589871725492506
0.830046799033734	0.426942545622501
0.753663132968624	0.309194895580188
0.210588017741469	0.173193648861931
-0.0665845894822642	0.0362461217112101
-0.683987135831147	0.334069602218028
-0.169670848971806	0.068959990390697
0.617294967403163	0.278345231473078
1.41967953912455	0.457595452936098
-0.281281381012442	0.0918359242783691
0.317902022971291	0.137420696679332
0.318109595528115	0.136520212287908
0.6112461327876	0.274057587251125
0.624899495342388	0.194695505334991
1.38311707608837	0.8304422596219
0.467835554520711	0.164483539903032
-1.3459769696769	0.614124685638575
0.235460872549054	0.130673117431223
0.0454700645758377	0.03274620196119
-0.0275083717316204	0.030055570016308
0.515901822292355	0.358621231973027
0.627973881854586	0.192720235612537
0.468411691961078	0.163627726712943
-1.03289370080267	0.636699623036721
-0.924839071690394	1.06034837107314
-0.108767707894321	0.0818201411153263
-0.295233988087317	0.273410557839622
0.0651671495388976	0.0620714850199477
-0.0626066283655579	0.0617029609270692
-0.0176151122387823	0.0164329111685949
-0.0952999979423753	0.0916135944088618
-0.89571414434271	1.25785198876292
-0.363204981104992	0.47662490475279
-0.554746147942787	0.955553008062037
-0.00343435951370762	0.00263049729778876
0.571023562923518	0.713484778881525
-0.490453119656581	0.596712888055924
-0.176208656687026	0.159825448578438
-0.23169562953021	0.222692620162266
-0.26932422109645	0.184198321066233
0.643845688662689	0.489161363212755
-1.13540289178218	1.1846755837592
0.109900005307274	0.0777277755752419
-0.0780322474806621	0.0607878513359579
-0.428952162959792	0.43638198987718
-0.202023098044297	0.144738222352396
-0.414354581299029	0.371592696653549
-1.43313906349598	1.41152653875366
-0.159422407549377	0.118861413181297
-0.620971536290337	0.778022637715921
-1.14873529020883	2.61723572181832
0.297372154504081	0.239931180968268
-0.582306140338248	0.621979783107043
0.331616146041971	0.312758808522969
-0.197257984005741	0.177446379928222
-0.510762244880481	0.5178699069696
-0.384356084931483	0.455260055864454
-0.685438533115126	0.755800892488711
-0.413299538376335	0.400281385005446
0.00382857020151301	0.00234921741128206
0.722767470539826	0.721293264383906
0.035283361222379	0.024452225100412
-0.442251302885217	0.422902596361642
0.311305057531527	0.242345762738777
-0.301349848288846	0.252596144370504
-1.02340336964871	1.07518205223904
-0.403711260236205	0.355588425792621
0.381086921438796	0.343835453298215
0.313736301197437	0.242189658730213
0.104539822304795	0.0652892086737943
-0.446075957136036	0.423912119115393
-0.774914754332251	0.622720427598806
0.20793915649485	0.153426289300063
0.309156108667369	0.240105810274521
0.600336579307986	0.477661477013067
-0.454094791267379	0.35584172525512
0.434117467619652	0.33913846382906
-0.195640002189048	0.173698237461012
-0.200427631562759	0.121018379917096
-0.703973966834893	0.626629875017902
0.222983064322812	0.140552233400758
-0.945172404587626	0.945982996416788
0.0886161242879488	0.0527329696475802
0.114189894058892	0.0780957858584024
-0.138632652466622	0.0888448321227582
-0.671899049201205	0.496366481745254
0.645545400919789	0.494467173193136
0.464024233686266	0.251163710420613
0.0892883681529971	0.0528779867057708
-0.539868992672286	0.35789760997242
0.417436706030506	0.242650032214546
0.281952771152903	0.24084355418461
-0.4182738239311	0.25434580412704
-1.19135687820441	1.5225651814147
-0.663964075912572	0.483930152400999
-1.35876335752741	1.45788099063087
-0.491254850434561	0.282939982210474
0.55274138662091	0.554275196596002
0.383809925535278	0.240042935897183
-0.66408246149056	0.488629291447393
-0.514322209357606	0.843772385257715
-0.1238771543666	0.116143698067784
-0.17509870471964	0.158730390839306
-0.404628851556978	0.498892135041872
0.101324783422002	0.0938352782270994
-0.659059043576371	0.862283235571295
-0.17415305857645	0.158133876135328
-0.15056498609512	0.140144719447883
0.315141206688715	0.344792543648128
-0.295824323399251	0.31804935568537
0.438663141383491	0.512458053557791
-0.2469244490453	0.253093197298611
-0.255979744015747	0.259266497957864
-0.664315294510763	0.69011501676014
0.265291998934638	0.270149789000431
-0.00457349032991183	0.00347681857277931
0.0773455171276122	0.0646075898899158
-0.107105410477511	0.101703027320715
-0.065388118247263	0.0645460019845924
-0.61892842406442	0.660465219421912
0.28509404275419	0.279033734166561
-0.0603107283248268	0.0572658151323254
-0.0606904149160189	0.0497876476197461
-0.246993770308847	0.302968709243405
0.305403069560266	0.346047089288154
0.57111071763664	0.847544889517538
1.16637044446924	1.40181618695013
-0.781679507122291	0.734412539630436
1.01873256036548	0.722784563036704
-0.766060751422506	0.541932551421611
2.29658446865527	1.11509715500712
0.600924819436157	0.654216476768461
-1.03519712959365	0.636230814198507
-0.0433118900417148	0.0246073591405811
-0.105921086225676	0.0915147325164317
-0.127075172890534	0.106981106908336
-1.14459031185438	2.14194620352888
0.484910999486495	0.354681144582969
0.313421833938519	0.135249087427043
4.34404101084821	2.19031346442319
-0.171781005352781	0.0692110881611932
-1.9077598638515	1.19628111294467
-0.550456209561017	0.368347049131999
-0.139692108494828	0.0620306982760767
-0.732283016782995	0.438547627515632
-0.356153969834443	0.327279308551059
1.22103267835478	1.63257694168851
-0.471262984309485	0.200255921550316
0.994134747743035	0.468425688789262
0.0719497459482207	0.0292133539263438
0.374104522892199	0.146250600873722
0.624406226682808	0.381548547657196
0.0702890199668845	0.0259890387489126
1.1689092434858	0.757659887254437
0.458571535160577	0.159975088507676
0.520474855245595	0.257249172495072
-0.126814374028207	0.060474131583301
0.707654487306461	0.398723539312477
0.822225086529	0.639892554318795
-0.26924715996928	0.182823776578961
0.498682996091295	0.586372850934607
0.436920806075583	0.587440929464109
-0.569349529968456	0.681116636304554
-0.307356990416818	0.352775496712599
0.0232084853671184	0.0193679817457529
0.210410595307415	0.201906874851678
-0.10379052298816	0.0895494686565512
0.509219965329836	0.830673748658389
-0.419466881334116	0.584425651688473
-0.661348931075357	1.01366046612738
-0.557356058033789	0.630891409109597
-0.367542295329862	0.302090515180101
-0.534924189519137	0.497914085826176
0.294843625084931	0.254278765197486
0.709443165239087	0.876682072941247
0.836146281823642	1.17655637426554
0.342972119107014	0.237249078771792
-0.180004989962787	0.145789426630356
-0.363480029796824	0.233673963655735
-0.120708545401395	0.0579665037719181
0.414128802812367	0.244381677409525
-0.287812979942946	0.220354736226353
-0.717587366634508	0.742050364435275
-0.106170260679318	0.102085324692278
-0.59690051915303	0.595257665704912
-0.553741118017575	0.373493603242824
-1.05442024132635	0.528054586760851
0.136391315924857	0.110525532979876
-0.432485752561348	0.442424345649762
-1.20864225685306	1.30811093740697
-0.61922917690036	0.519137949639605
0.208907957830216	0.167186143346232
0.0601134529589945	0.0463548470922425
0.111173752708149	0.0791586173149177
0.743999603058224	0.982975537185796
-0.169422531910373	0.167986416714812
0.635331400721478	0.739040794584571
0.80897930518415	1.17372455204943
0.216863253905537	0.136219822833374
0.462301686197527	0.353695609312278
-0.315846977417662	0.270291194425724
-0.458833392282876	0.403369600399501
-0.527247349620285	0.49063251968533
0.726528163561441	0.721513455012056
-0.418276031480344	0.375479309932006
-1.28142774043601	1.48066320593569
-0.523019160566691	0.407103310759016
0.57203554090315	0.478429290442215
0.440814414826975	0.429661655255031
-0.785841398087268	0.690330261107543
-0.133567671375389	0.0861066618863765
1.15383286606765	1.26804515053214
-0.505527801121243	0.509856447950845
1.02006908028293	1.26078485845133
0.357264489573214	0.248766333397107
0.238550099377068	0.133197374058591
-0.786139744858815	0.750943986686995
0.634857472728757	0.59098604740239
0.565121017597028	0.371309713708729
-0.271715015014619	0.18550378712128
0.669404001164355	0.77337136346325
-0.419698781625143	0.25744647245412
-0.7788039302034	0.678118245952199
0.469405903640128	0.360542587836184
0.907292593133385	0.685876456946281
0.201298586353082	0.159562404964713
0.113159196449007	0.0846831134919005
-0.309656187892686	0.311383132250733
-0.271861760008744	0.185833770389112
-0.0549420061403489	0.0382309684445203
-0.304602735988223	0.323226535805226
0.153665517455574	0.130961145263289
-0.126305608222949	0.129358979772219
-0.312359914000276	0.409559786256724
0.335078199144133	0.424983152482073
-0.562143962871872	0.989938290724912
-0.146270030730264	0.175971208065222
-0.520055960252812	0.663244148699161
-0.273117039152128	0.280081392013834
-0.464400270654347	0.372574388900157
0.531552039441798	0.451668146563946
0.0624624687852508	0.0505367045645177
0.211013535170547	0.152582733487037
-0.283898427856145	0.245120127567388
-4.43649500640818	2.27645719306964
-1.26413111628842	1.71614623606405
-1.33914207218368	1.2542704139421
-1.4888441765918	1.96562320613334
-0.994152249647685	0.830384682477394
-1.40312049393548	0.883917826274096
1.20732816995761	0.639969469410662
-0.469739369802703	0.375440860423271
-0.883345430892463	1.49813406493761
-0.566800077689577	0.301776922261101
-0.308514567524938	0.202940244640525
-0.278087044888083	0.209806216831271
-0.966089078535467	1.27621949841346
0.543656319212828	0.468157548441357
-0.113012102755236	0.0979703651147632
-0.0414899949207372	0.0343696059594835
0.190591399524788	0.179981260228173
0.402608004874106	0.507095343184659
0.203230709531518	0.180611229348451
0.324811073229543	0.334668688463427
-0.648066535875783	0.798829822989114
-0.236312710706914	0.136217690590691
-0.617025990727749	0.517306872564036
-0.169874412292009	0.105992054624192
-0.709413206754378	0.629532469684008
-0.138190826452652	0.104693439634058
-0.458712796007259	0.397041142195596
-0.176921514291249	0.12927569416808
-0.722223904782204	0.696351764484179
1.59448697008376	2.35775968713558
0.480537756615642	0.52455490938534
-1.23299540108537	1.50231429100479
-0.409554804248545	0.331855322847178
-0.507105715547256	0.438100020452814
-0.376771223366599	0.309450671850462
-0.271580974445752	0.256389762923649
0.469736695774176	0.438100196808815
-0.965030421335664	0.877881318821695
0.116953562814526	0.0902907929234338
0.106311380369321	0.0697030226261121
-0.329207059964889	0.25007974668997
0.80902745962471	0.854907836583676
0.110132444473682	0.0749518428887101
-0.510867720927455	0.517470186225902
0.347905309631544	0.24167156789594
-0.0689092132100678	0.0372685104353525
-0.0729075169163754	0.0497471677547224
0.218312651121754	0.157329117649777
-0.150650613150787	0.126021865871663
-0.197582057066726	0.207085041743325
-0.0202290300308445	0.0170729208194135
0.252693852655647	0.266438546468721
-0.129150125215123	0.165913737217787
-0.174098264462365	0.197761444102634
0.0342992965305549	0.0338444656431771
-0.629824344070015	0.66372798748737
-0.491466895199381	0.470229297152402
-0.190865122135465	0.17374505662939
-0.36545329950881	0.270029303780167
-0.0756802269884897	0.0521262387630012
-1.23969750904319	1.51849705288466
-0.327681960518426	0.244804241687481
-0.373451059653822	0.275740861033938
-0.672969769797468	0.885842484611517
0.3620593542265	0.241624948209966
-0.238155178747751	0.210529014888059
-1.03418162344832	1.36397002593886
-0.287265190261008	0.289130620045364
-0.907250188333249	1.20190582082668
-0.015206008040349	0.0113425493575199
0.438816589021991	0.503764267641129
0.4617404442798	0.52559462038057
0.498908944523774	0.532344540946529
-0.275238837451921	0.186539909245435
0.03486899246871	0.0257919411504453
-0.383380494655358	0.399464345410104
-0.376864008342046	0.279739884966055
-1.10224584847753	1.23885468760952
-0.547850119707461	0.469406071548303
-0.223189416122964	0.127211946168811
-0.555845938775865	0.477463088614424
0.73333883256757	0.884568665334179
0.396228560531428	0.34718877480835
1.15103422287616	0.896232434285997
0.417307529070021	0.343687752030786
-0.231591023628721	0.134158508531803
-0.417785720426298	0.339309537827114
0.232779421668282	0.129865649799257
-0.0829080034130437	0.0568140234542622
-0.27501237539294	0.188722116275709
-0.498155753003089	0.434257298212609
-0.233190263486568	0.163078354109634
-0.206496873701701	0.147417018011437
0.54515419068889	0.469222364803218
-0.380662311308147	0.31462984029951
-0.501694061347975	0.438361063977136
-0.37273032994357	0.306807777310904
0.285334130625049	0.250433233960787
0.0299849482650902	0.0202952463839119
0.402199866526032	0.635785434027003
-0.273711308128975	0.366237292658022
-0.59897785510265	0.972390167026498
-0.673545697533095	0.962387027407007
0.0597967095851208	0.0448442095027153
-0.496242566958218	0.574586360340187
-0.347755451247048	0.3419995134195
-0.652795460901833	0.809527402366367
-0.21096663481252	0.170221566729486
-0.786940845648599	0.954916010860482
-0.628895804321609	0.703135492190162
-1.17446937149147	1.37481504842572
-0.0406366804476914	0.0332325572882017
-0.29092095338228	0.27110527607861
0.642972346437037	0.598961599940753
-0.414314584433793	0.396660206122998
-0.194513796460855	0.159661913709667
0.154777347460813	0.152089382079296
-0.135037947871603	0.123507104008988
0.101969570207765	0.0980746055906673
0.277271880482647	0.250867506013704
0.411179890105989	0.350876571881247
-0.979096904979968	1.24693416526271
-0.370015496148114	0.27464830999031
0.47296264089786	0.443056274530983
-0.0294163976180673	0.0210750691672506
-0.451948005738778	0.430575849201907
-0.949968166401224	0.924984860557711
-0.777378017478523	0.624849445210827
0.412986520664785	0.433895880015823
0.437258626540502	0.430068641786543
-0.597110990328853	0.587987944644913
-0.234728268182687	0.20560219895653
-0.0468329092432265	0.0263244112151474
-0.366478574042275	0.234175207854663
0.909594472531568	0.687697487774918
0.901833351696858	0.888144291181056
0.957401790647268	1.13433115902737
-0.463698666906571	0.368863325930102
-0.152234503467238	0.0932046149036953
-0.378005509574578	0.280118364973149
-0.765022896509385	1.13313177666349
-0.654809890572733	0.849830418963351
-0.449594182493909	0.391884435532792
-0.2579155895874	0.244806685184735
-0.307528617124834	0.259542992572926
-0.0670870030441718	0.0543268479078481
0.0435764194092215	0.0324251698162095
-0.574974676357566	0.689186605017047
-0.380647269259061	0.660017029040851
-0.162836714542452	0.196459393833556
-0.64784771939528	1.16700459239416
-0.412899120458651	0.656837999403188
-0.350383716736468	0.3458583864229
-0.0244359436667646	0.0231843195411472
-0.154484461288136	0.154132738671987
-0.241651561260458	0.247393175320901
-0.298655178164847	0.278558542092877
-0.711468759565673	0.960711341630353
0.693039269082241	1.0982206452014
-0.265793231512897	0.271550628327899
0.319092162662397	0.335008620639608
-0.476416205617154	0.618292129204573
-0.958046203117024	1.61722730682153
-0.550240118177431	0.629045808770328
-0.260573131460928	0.286096331983709
0.148280080054973	0.158183060781628
0.0113552174982048	0.0117213726632345
0.520291409326583	0.608567965196723
-0.057285691621781	0.0460067194727121
-0.72932532782103	0.755351163669108
-0.494089472850809	0.428051258454423
-0.348054169453725	0.342250968490935
-0.471299907595723	0.600924870065699
-0.464400270654347	0.372574388900157
-1.4235866573535	2.16429931059529
-0.521314782107917	0.409090338777611
-0.314375498617389	0.2685368587224
-0.361351674299566	0.231230297748135
-0.107557305722587	0.111484097471227
-0.265247630589225	0.304963207923381
-0.202752380052021	0.144519185671665
-0.680990538075514	0.5552613050158
0.121714365886993	0.0899452165666607
-0.519719268196786	0.402471657591641
-0.385514131258978	0.180201700951996
-0.484720486426856	0.340935833274411
-0.266855993368092	0.181958194541809
-0.738062361150432	0.44077972735767
0.0291448804440835	0.0188818153057402
-0.114596790894453	0.0870563679492513
-3.08772760270414	0.960654182521525
-0.426004117200265	0.554405217167107
-0.894374305003775	1.67003378282388
0.0539799905296618	0.0488160221836435
-0.183954915593578	0.202670186858129
-0.0708912455224839	0.079657993159013
-0.0131524846069015	0.0123031782984836
0.154650816686178	0.181765596735992
-0.645562122826846	1.13932969592726
0.464828061760572	0.650582159934535
-0.706895486005141	1.17637748954389
0.13431821416637	0.121886347386327
-0.674817420995336	0.921395239542426
-1.55759199477803	0.559723883081557
-2.13210373269882	0.984452560665217
-0.768241706695085	0.540663470802572
-0.875282517333747	0.476701474451478
-0.493183589693768	0.466119975854434
-0.86156319880817	0.865283622238482
0.273676052560517	0.129195684829638
1.54568914046901	1.02161020328412
0.231285913965581	0.137860765264777
-0.219262883482219	0.0807880002133907
-1.55355158483351	1.08820367652687
-1.12963496334386	0.893039119148709
-1.2440099167608	2.03750456131009
0.0742697509234804	0.030204560062568
-0.274790783703113	0.149231467000223
-0.150978518554946	0.0919600802567553
0.217578502100225	0.144242696203521
0.0691397359346837	0.033646149082599
-0.385939141254572	0.351544121711923
-0.245259812091377	0.281880152503269
0.526445785968097	0.767796912467028
-0.62450750708821	0.953683839381221
-0.33483457712011	0.423401216843897
-0.844184942512834	1.13737974735128
-0.200995532790343	0.179940558341484
-0.241544283576098	0.193275536111027
-0.781868278424286	0.271784538759062
-1.56426027155215	0.558219499337208
-0.691120711393643	0.334674799741346
-1.09313468768525	0.438579295617488
-0.311175579116961	0.265584415056893
-0.510504878613943	0.584027714219537
-0.137724096921157	0.155598926827176
-0.357775969851063	0.508583412898293
-0.432187838765869	0.643498373633531
0.0811604594777508	0.095835812185894
-0.564759639230936	0.959534495304398
0.342472613872651	0.538120748431997
0.257950112490774	0.371595752557468
0.340340217294697	0.515922262201757
-0.239688203490575	0.280451645173921
-0.298321862724653	0.276636232465436
-0.291613114412943	0.250873542222643
-0.524202265227396	0.409527808159282
-0.201076268134635	0.12119619779903
0.0711286114578983	0.0347893076007395
1.77873029868246	0.684469072770882
1.26831385834692	0.541122042884536
0.107318399043871	0.0308261594477997
-0.575827588562025	0.304508430025823
-0.223525779194679	0.0810463991884636
-0.321996047151968	0.161969659934579
-1.05333537473413	1.3303132605449
-0.387028470890942	0.112533965115962
-0.839245374563518	0.374304139759012
0.994134747743035	0.468425688789262
-1.41888469934274	1.58172186698525
0.0712368542498981	0.0321082122607449
-0.633094681752388	0.575934458582728
0.0117651851211956	0.0116757978338546
-0.359591530705533	0.518655537341001
-0.366150301119057	0.525133286998233
-0.165546764100662	0.173922892983099
-0.0247699292988958	0.0206579499118191
-0.219553603550496	0.213067522401371
-0.108306373231513	0.0936005157625856
-0.111530442596918	0.105852734731163
-0.781889776956312	1.16990464830792
-0.679691874109073	0.762522407990681
-1.171259671896	0.354268648704258
-0.176600040221134	0.0713903226430434
0.338464999440384	0.324136486810448
-0.213750873584271	0.216720654661959
-0.106792674828298	0.128557916789397
-0.140837740479469	0.138708487917076
0.0284661148257001	0.0274124360759684
0.274441751961576	0.356208870466881
0.0771708330123328	0.0882002042412477
-0.174220660386647	0.241982655989398
0.540936916555103	0.939643741395819
-0.410955357273068	0.631014222829308
-0.38387498447777	0.593918360388525
-0.253063341184891	0.324254169218695
-0.218079867144577	0.211982055155062
-0.532307670213676	0.571580842363253
-0.780083410424974	0.692357586469082
-0.849532760621661	1.03175370610042
0.382271979728277	0.237795049277692
0.272943483912427	0.127970117979949
-2.12750939290167	0.984385150911106
-1.08763861363483	0.434438717987884
0.103834328016761	0.030145721331391
0.982146816740938	0.362968568568869
-0.587466526386645	0.227349400651964
-0.763024832974434	0.537111873713824
-0.884958491057029	0.666697225666479
-1.5552571448088	0.55650722237525
0.468557085842939	0.164670323898188
0.0751143631422319	0.0338127053371302
0.482158301935439	0.351475669769443
-0.224842938400864	0.0825571119012428
0.339933465235619	0.247361622093415
0.198668856144243	0.196035069898822
-0.232368952002531	0.287199059583745
-0.131771169892446	0.135502230443992
0.167245739529784	0.178691904796784
-0.555845940082607	0.554151024680712
-0.0264201175666367	0.0223334238114501
-0.484504582315163	0.654401499038283
-0.771216162321382	0.615238782412331
-0.47446901267344	0.201765576442249
-0.806012779051986	1.27874344505137
-0.435071339828965	0.479992033650511
-0.718481058204029	1.06537571072677
-0.262826948810015	0.262472024687235
0.0582033626428607	0.0435544089275645
-1.05147127184686	0.527491409622549
-0.943933479240712	0.943568365968533
0.259978778946271	0.274740764480435
-0.513504480772717	0.58705794550054
-0.130696591328431	0.141703359126313
0.0690296266680074	0.070323643207039
-0.713146202758345	1.29409911361235
-0.464347578328231	0.757568584199411
-0.0945144531377546	0.110416729204656
0.0969536799014097	0.125607064684841
-0.0618314727014897	0.0692991483466884
0.433212176287005	0.79939195295016
-0.319775682739128	0.523328685327346
-0.0718536779983985	0.0892160325389964
-0.0490766463725893	0.0397974099366126
0.211190361955359	0.167294599952284
-0.986435844912057	1.17408205700198
-1.10620890806128	1.4467552488371
0.108060753930467	0.0709568735792371
0.710959889660563	0.39906496171379
1.26617237586217	0.544237689615947
-0.862867629505253	0.469532718546301
0.618632477966776	0.277013350855737
-0.636519747219715	0.154206502671366
0.0963298213773749	0.0281188395565234
0.525315420089609	0.25975101011921
-0.859686552558472	0.929291409623668
0.467259169041621	0.164195900844227
-0.634952468552629	0.406499560444927
-1.00966032583536	0.734033311295245
0.220302324565287	0.130985454699615
-1.04110584076267	0.63442068044425
0.566565795922123	0.470275649676231
0.0356660660275571	0.0302453823514137
-0.0211979726480526	0.019701711407596
-0.484239884981849	0.739313522654683
0.037600442396174	0.0332742574863028
0.467065625172938	0.595213199394776
-0.459322999233779	0.568490535648612
-0.635956794590502	0.842783170331798
-0.634481097604217	0.71194358405994
0.101011609979997	0.0634916066374626
-0.193446665677263	0.116200625554168
-0.421443533342393	0.258964756181575
-0.172433063709964	0.154663492940673
-0.446624663057158	0.523521156001172
-0.587782170655741	0.73487470971076
-1.24372400889789	0.69434003917161
-0.483786954962566	0.341318131729412
-1.3639579503216	1.66882921951657
-0.328735026601926	0.37608618163625
-0.717839991592067	1.13401998991844
-0.368478725694414	0.462165225800948
0.0852653564995428	0.0881528178963189
-0.181274284146164	0.212108650778832
-0.374866395619405	0.533212038975371
-0.0928536441075735	0.102981424032343
0.502230194910332	0.810196905164193
0.441158638634164	0.676730302216354
-0.0435638723160011	0.0470692714379055
0.00141598096708583	0.00158365096485786
0.204759346798773	0.231576939925579
-0.333383166352953	0.382034407786659
-0.172863736099622	0.171245198202042
-0.205007760599799	0.164342182904099
-0.0790969426911061	0.0527344500980158
-0.566905747771026	0.300968552853859
-0.787886698149816	0.694873002495116
1.8163132344495	1.45442824184015
2.30244287023191	1.11203863503526
-0.467817992669928	0.19908175091527
0.128703972957949	0.0319889921983585
-0.280450595029981	0.092203603611508
-0.782881732326074	0.271747952719405
-0.76767683335221	0.607178567183421
-0.858369505388638	0.982955948273252
0.066238336243761	0.0243574301825403
-0.737115095913232	0.442790609860602
0.253546900300812	0.131903644030945
0.321250040833939	0.23943262571857
-0.842462335083472	0.366502545990762
0.938519750357924	0.819500643657089
-0.439819630397411	0.54518165076597
-0.926976098594104	1.5231067333938
-0.466170470846581	0.696995726936094
0.635445066736376	0.984431375303742
-0.296826500907295	0.294715512655012
0.00407722516315676	0.00389825196995372
-0.671221622180082	0.913986164359884
0.199249513172216	0.161938878907391
-0.231647840390599	0.161249189619645
1.57014352958762	1.3632501236849
0.0684018400038665	0.0280630026592221
0.0191263347096142	0.0124097721590344
-0.0804459436195977	0.0644996590470901
-0.167378349183382	0.138797999287671
-0.376893517842638	0.437329506821505
-0.224342195216028	0.0819176896856554
-1.54172722170586	1.36997931354915
0.0734676393121987	0.061221895947791
-0.288979647909959	0.291723741209775
0.0667558699949272	0.0541212135871741
-0.313000436543129	0.431174722457323
-0.281374437866964	0.338202257041602
-0.0419917311036336	0.041575833762804
-0.153648746396971	0.191212515910134
-0.397860797313083	0.613285183425024
0.206689019341195	0.282018755475466
-0.3353305529688	0.517334060190696
-0.246668254381602	0.37124783613001
-0.0171098529664527	0.0174288610189222
0.233413835126162	0.284083447800274
0.305407137402196	0.330231827862223
-0.553144065213822	0.705547319892844
-0.851466503367333	1.03687513446265
-0.233120397565436	0.135468143835522
-0.34314504947236	0.287900949437249
0.0281074087511521	0.0231647015606944
0.064026654278983	0.0531176621551271
-2.34650024465582	1.19984793263964
-0.3209714905512	0.163512334621415
0.0714552754524134	0.0348925070411621
-0.090994022401153	0.047044698472867
1.31484437055529	0.946632313339329
0.137134990538943	0.033631618011293
0.419299165103104	0.247033454959353
-0.871605336657007	0.478467496020915
-0.288434452467797	0.0952993614318452
-0.112032844462903	0.0543261375053288
-1.89089135194269	2.54730330672718
-1.40395454337048	0.876452262287437
-0.167350783819288	0.0676054953229615
1.19702266526927	0.63015906629756
0.365511587159026	0.242918559440912
-0.494129705902744	0.283146997788735
-0.546682178427617	0.467082915345678
0.298990724650705	0.384061318704113
-0.278719412616078	0.360422632162014
0.617040495579854	0.81065706625789
-0.209018581295667	0.245189999514841
0.400235010869925	0.416044509113953
0.387784668558103	0.501553028331126
0.203991193374817	0.199202916532303
-0.416446975157428	0.339838857719032
-0.0942483586978088	0.0487434654630802
-0.069175523592984	0.0475948934985159
0.330913145668663	0.241885697440195
-0.377632635847853	0.338695298769381
-0.403216690977323	0.443675541255027
0.673519417478246	0.933560541019873
-0.658705555408453	0.977573857296992
-1.12490860083214	1.9741889537822
-0.575924818848061	0.301828107742059
-0.420160356991989	0.304429033250694
-0.492481119240384	0.558064422345504
-0.512807689126251	0.586040240588759
0.111352160863537	0.113805571889412
0.133786087132641	0.147599024051195
-0.115572086578963	0.125734760618052
0.158188552934428	0.173812950666635
0.475917453841289	0.761195757418423
0.153682850187215	0.162735872967233
0.205061347325121	0.260424220638846
0.0815433841699887	0.0945545523121274
-0.692756414958611	1.34164416069629
0.0933947217771181	0.104480093922997
-0.072042925014806	0.0754288920439461
0.409117849669957	0.514369809460148
-0.136151524885438	0.115763218448489
-0.114514804288512	0.0998621044930049
-0.968529104950206	0.876646969966245
-0.480745753495594	0.339231101525389
-0.973733628904122	0.896029690030576
-0.122643757078488	0.105166405523784
-1.34666612351855	0.620394339358533
-0.118270115703034	0.057096310728105
-0.281027220476792	0.0924895337669597
-0.242598051972317	0.1388105331497
-0.149001759500856	0.065942066202393
0.464429236846016	0.16346936705331
2.2964410105445	1.12053762647923
-0.682270728188038	0.333377651178007
4.13973149950428	1.93323506941988
-0.589216673421053	0.227872967084399
0.282343869711893	0.134684696258411
-0.619565350320741	0.518510569134965
0.624899495342388	0.194695505334991
0.0687204883853475	0.031025783413819
-1.1289812629895	0.89238479689815
1.01780365442388	0.722746639081379
-0.27271295405417	0.149065270734133
0.214073012829886	0.148798195277446
0.312973021664585	0.334070226542337
-0.548799213692741	0.755424965992392
0.203153916627859	0.244289989254271
-0.440782749838572	0.569016085304759
-0.0184960697126878	0.0132963822585811
-0.0193697483353383	0.0143036087868479
-0.171025285943112	0.168734846274735
0.0203264020656174	0.01367254149498
-0.132303889869217	0.0853176563340631
0.519425309557553	0.363753213475902
-0.702049243637708	0.623505172964493
-0.0559384324968928	0.0459077495710787
-0.165821959655435	0.135885126051023
-1.40094752010646	0.875607329126314
-1.7412375071166	0.989629873656252
-0.416615668648842	0.253991207869527
-0.23842206474527	0.242799123074657
0.697616484367767	1.11142882502625
-0.220019037061984	0.245100273899431
0.00959482072428186	0.00969508439012684
0.506492671099397	0.758163124539029
-0.0908441667738695	0.0868775100886047
0.239945529346897	0.34287794585633
0.247871459063058	0.314884614023812
-0.0219953873335811	0.0239555158022295
0.115797515004452	0.126141462904616
0.283749161678328	0.458579371211129
-0.688613124012975	1.45017968248709
0.457449886105859	0.724634326888869
-0.685642188452238	0.98361167111645
-0.14140789975209	0.13259240323324
0.130165030038653	0.115441369488245
-0.529795728809387	0.41321634000549
-0.235161119069848	0.187469635783516
-0.863103826383996	0.467755356664623
-1.81355920794408	1.5175832271466
0.235481073112496	0.140636910974453
-0.870849088946242	0.819676386962845
0.27885163233485	0.132356018576167
0.0652519187980807	0.0267086645388512
-0.839245374563518	0.374304139759012
0.0672365917693448	0.0331375816113933
0.278215162014532	0.131871188129412
-0.283700683449066	0.0937434246457278
0.833488829112993	0.663989931551685
-0.989244606204782	0.832286701089475
-0.318215972857186	0.161087471427929
-0.194221050216508	0.117612183176504
-0.421251636989014	0.304541522416912
0.0697571953082038	0.0340805169100595
0.354129310788121	0.233508542162609
0.212925524475221	0.148109535654204
0.206526181359592	0.251100159865638
-0.578267265980902	0.903353127007322
0.497546488587586	0.672704543453663
-0.0449321687922268	0.0417635687078456
0.187059291074495	0.170638025863185
0.193438569733601	0.20072690045244
-0.200130103240928	0.194898635753936
-0.349662687786901	0.341446431022404
-0.775505280678639	0.615096388623964
-0.885089248934362	0.682341007369461
-0.0678799534890597	0.0463303430365305
-0.247980461656229	0.218831766419382
-1.06422846546112	1.50849788332751
-0.474690068122561	0.633485114605338
-1.55578659051058	0.796431893704432
0.16307322360636	0.0318815003319474
-0.59185120056802	0.228901934972182
-0.259967769614126	0.225765823286678
0.257926180735131	0.270830689838972
-0.311387748747086	0.416277370469478
-0.46688643884492	0.651322814334899
-0.456968468350702	0.726123567434497
0.122194293910986	0.132437030473677
0.718596549995511	1.50889690753181
0.0125622151767035	0.0122821610253744
-0.0377009923209955	0.0382270214045106
-0.308174995958303	0.429645435046048
0.338330522892311	0.524346448938801
-0.155960335229858	0.195225881024537
0.262242743085978	0.266524104111008
-0.0159543007668265	0.0117496074975813
-0.659382983451469	0.819008492322682
-0.835027925322749	0.369095535792036
-0.86718094218077	0.477713768520539
-0.743621087616987	0.440047054324792
0.224388291531227	0.134626006572707
0.318540553823781	0.136136868373409
0.623126048257491	0.194216648284533
0.066574675325425	0.02718453877728
0.0675615407548025	0.0275341869748454
-0.391616024859673	0.113083175201463
-0.219170328198474	0.0804099411378192
-0.426963782955751	0.260070836589765
-1.36345847367854	1.81145340204554
0.0844122789203791	0.0277183543732037
-1.90386490313999	2.16329390800122
0.514857465413348	0.352567675690869
-1.91769426196976	1.71900332672966
0.356677341032669	0.23523206029719
0.122235623094893	0.0869907815347335
0.01452523349081	0.0132840850834512
0.152575168253337	0.158106733194825
-0.527790379164066	0.742146746551201
-0.195277358552816	0.174839606080607
0.0148402548880377	0.0118535194040741
-0.405644631986398	0.445248203498394
-0.779513348987349	0.627707516094486
-1.87122735341729	0.772931215282389
-0.464243893936466	0.197491298188801
-0.201916858613712	0.121959152915697
-0.564923053142789	0.644704664588858
-0.0318440292020385	0.0265572286959832
0.0363959485945299	0.0333525636595087
0.105372799493276	0.104738486001782
-0.388149112428573	0.486984834928177
0.580870726050345	1.02821327748112
0.622759855423013	1.02489931523452
-0.00304001966703104	0.00315512819191817
-0.0471815832982506	0.0512318613122394
-0.527097004814744	0.915580867431653
0.0474475265779818	0.0511892010291679
0.150041011005462	0.188133782917475
-0.0895474455354426	0.0998495040767076
-0.0453556542415694	0.0375492479969196
0.734369443149307	0.956857359391242
-0.0753094765972605	0.0599761560639601
-0.456061243413741	0.397645552330376
-0.587865221394606	0.667068834461398
-1.05014345979372	0.519293010268155
-1.23954767756454	1.06446333912022
-1.31227185238163	0.991915508716717
1.23552505421547	1.45516071478175
0.0739185781305257	0.0394559806908306
-0.287858623362124	0.0946377502524253
-1.35104877172973	0.616167841129993
0.460446877814154	0.16086399615881
0.998334097952849	0.467800286387824
-0.481003726312701	0.273918758906694
0.0649334340477973	0.0319942997249222
-0.201393993630385	0.177231733704447
-0.11949478492809	0.0578691413720995
-0.730035760500995	0.435076851908518
-0.486579574224916	0.278157919620026
1.00416117753873	0.5820977261349
-0.88466663551609	0.683015301428477
-0.0477329823215748	0.0342049668795079
-0.444546884798703	0.575624241921154
-0.1447358981049	0.146122078208921
-0.438142638212921	0.617718012888678
-0.0906230766239641	0.0861039195345154
-0.127702727288755	0.120849582627935
0.252742897987523	0.129251185425267
0.459515119262792	0.248135487948289
0.136474810645958	0.0335089325437728
0.0820693315651704	0.0269628921664769
-0.587259597987702	0.225723800789807
-0.641526347280996	0.408063955319459
-0.385745322475734	0.375110256648326
0.538358163497556	0.696013248249947
0.205482174837043	0.245849104810497
-0.0114633882488765	0.0123656283995861
-0.135359110761004	0.146909545829036
-0.479632075722311	0.643313266841823
0.268272279529763	0.382521502840814
-0.553303097989146	0.90216424653578
0.129291734564361	0.15514629788082
0.0483861294460339	0.0496641052532145
-0.379806692979726	0.585920434636176
0.297965403311555	0.36716603628056
0.273883938472162	0.366469744493046
-0.191352425674772	0.183247606624496
0.671687712976392	0.982893734091758
-0.4338788318264	0.438204034676064
-0.0303432814274775	0.0177223791430364
-0.130501058850113	0.0834933168884348
-1.24342322866106	0.708596444931798
-0.486324864038926	0.276635998965653
-0.583660064512989	0.305799329030461
-1.09095138309366	0.437886579237747
-0.169501897678037	0.106152632597444
0.0732624209407264	0.0301241896140021
-0.0438332882592114	0.0248048090155424
-0.115710155072921	0.0555142336866678
-0.212703941867073	0.0776329796689752
-1.55875747069186	0.561897601836786
1.19971055263332	0.637365369720368
1.50745395376443	0.733906884256128
0.98394802826387	0.363984610542907
0.0719104258498749	0.0295456508300402
-0.757281240373896	0.52979530594815
-2.53735528532648	1.42885593487054
0.467259169041621	0.164195900844227
-0.569579335682613	0.302414062863671
-0.12935960930238	0.0828788008078188
-0.468524063138772	0.199832219373257
-0.585720908978638	0.447046848204979
0.153397267144081	0.162422591810313
0.136714069342116	0.125873946575312
-0.0779401582530455	0.0771796841225137
-0.318748159638256	0.357560510775085
-1.34735619803472	0.615998685416403
-0.289733706267321	0.0951049165212375
0.617385432607574	0.192162315231533
-0.293509203417477	0.0962506662384875
-0.280895487934329	0.0927097168423295
-0.284810697804214	0.093930912507878
0.24670199947579	0.127703010606633
-0.224150752253999	0.199814138104545
0.136573486702161	0.113128437599339
0.351274302759603	0.433783250317192
-0.0216658306914288	0.020515279336152
-0.40276380062217	0.497361851875016
-0.0193687862722063	0.0179919503221816
0.00876087984093121	0.00898681716783496
0.258191553456739	0.318818950914038
-0.458053960491242	0.694636320527418
-0.164249357522565	0.17515128326313
0.324232341412868	0.516957270093615
-0.00304744319642608	0.00357658490581415
-0.284113715034413	0.343021217371489
-0.492856696848559	0.666034166903399
0.140468471165627	0.120095687274097
0.649470028615826	0.678138428540903
-1.89959181500497	2.14325345618438
-0.333387131837257	0.168781980249824
-0.17151403969431	0.106093716861255
-0.549969844150595	0.4715465359124
0.272330375899954	0.251031300127185
0.103834328016761	0.030145721331391
-0.554876217632423	0.476642966273253
-0.628356049990152	0.400537115129531
-0.422717541609908	0.258266912800441
-1.87604485354972	0.773191975340068
0.0810318530308528	0.0265912254997421
-0.389457563445465	0.113252691370962
-0.985580467466602	0.819629292433136
-1.06274194653806	0.528282573813276
0.0991167325359179	0.0618738165294346
1.00911169840299	0.585919235353938
0.624899495342388	0.194695505334991
-0.224931833247677	0.0822138849172817
1.37939826194867	0.821327298216983
0.100542205310562	0.0293103472403775
-1.33987726272824	0.611073422158008
0.709599488768891	0.401131425550086
-0.19674348452224	0.119364267706328
-2.53298993681541	1.42761873203586
0.520997228518448	0.257435140240359
-0.78988858243422	0.759156648265454
-0.322183549253469	0.213247157296833
0.367842724915711	0.141998884313043
-0.162560882009683	0.101872977698532
-0.00700829326981534	0.00598259742015605
-0.947982693199424	1.7174215360704
0.025164929324259	0.0211564221295725
-0.18422367165018	0.181070139294956
-0.159273586537534	0.148357465715783
-0.0075408448074507	0.00564474628584682
0.460007809696307	0.160311381979965
-0.117161888901876	0.0566583382060261
-0.840032833742498	0.371981080448623
-1.34230899665532	0.613420184707873
0.442708559116192	0.352956265619636
-0.54893893053845	0.696495352257231
-0.486238127505328	0.656660714309129
0.0109529625903053	0.0113404076493135
-0.330618825182765	0.435171976307326
-0.393976788032895	0.558684755999582
-0.132126676972457	0.166942257835355
-0.373509268892914	0.619883884453323
-0.248756442288115	0.35054519788004
-0.0297932292388256	0.0303117858115277
-0.123017267736623	0.149493297665051
0.0165163500278538	0.0189459280131515
0.286929123184367	0.446606816677179
-0.291237419315201	0.390266890991945
1.03458639813405	1.94111911116732
-0.0129598386498653	0.00972890163720116
-0.0722726016794547	0.0572506523270204
-0.109752723788175	0.0716274973919658
0.0696514035804594	0.0341156936547513
0.122577880601583	0.0975338202656032
0.460761835521478	0.520565199171237
0.640825903501882	0.745381126022837
0.0675838029368044	0.0278232372748504
-0.174654631111699	0.0709163981914775
0.829915883411459	0.659638080106807
0.129629039043207	0.0950014224092785
-1.31083771488684	0.988925906712619
-0.386365971599776	0.180157045476954
-0.0133281447789025	0.00783495542584204
-0.51330752867146	0.396444054310704
0.243093276896895	0.124901612898229
-0.284233923048635	0.0932789184665373
1.68753279272433	1.23884301069117
-0.219944544617823	0.0809556339123812
-1.73501100029845	1.77252237452614
-0.734345107106826	0.441948061566645
-0.11868212901958	0.0782086092181733
-0.195099345677681	0.117472646712658
0.101230426961354	0.0296586789627306
-0.684709585491117	0.335273641449452
1.70841942640761	0.921256455939763
0.754158908243701	0.307549234515271
0.760710263588717	0.307549767801307
0.0697911883459295	0.0342891132213677
-0.102124437208389	0.0669114416605836
-1.41058731800008	0.883935620190778
-0.543499487367271	0.362800765709839
-0.365663577477859	0.234322025332134
0.383809925535278	0.240042935897183
-0.170888934750394	0.0696466408768564
-0.242037580213467	0.269466831138016
-0.176985851181984	0.199866113099059
0.0214759811379712	0.0206913701887906
-0.440030845259291	0.517173866280501
-0.951381861882589	0.946747865999343
-2.12750939290167	0.984385150911106
-0.286109090934618	0.0939003772916518
-0.201369496579459	0.144119202371871
0.201115173057894	0.18315011780627
0.357752591325297	0.398597381230132
-0.184099207090118	0.208703828084528
0.162325874041363	0.159473128559238
-0.318468988975807	0.386849945885028
0.0712345713416057	0.0712168453344335
0.570406743398487	0.993621194243053
-0.263855064496318	0.303924706444466
-0.0108340944757441	0.0118772033005478
0.180589788017199	0.205910164976683
-0.608180955741694	0.976915188512491
-0.189944384320221	0.214239954180269
-0.254831251693091	0.320411383264407
-0.87267726085643	1.48568333697936
0.0453439974644197	0.0390931547637982
-0.0394519362298685	0.0279707237793432
0.570073278372639	0.555662203369116
0.69405137164916	0.501303224613625
0.827597426610609	1.1208746923155
0.54863253504501	0.632103326797867
0.0843630690327318	0.0688642687661844
-0.13714045231162	0.0605998224989699
-0.289010527972478	0.0954623470694033
-0.395701830802091	0.115534330411752
0.0599640450962783	0.0270503918089897
0.115761932334854	0.0809010321411884
-0.317964746988523	0.159549193430351
-0.763061977097132	0.535020840497093
-0.487221728687262	0.341755263691925
-0.422754681962899	0.25867585562821
0.0633621035399269	0.0286821018215186
0.311889957765763	0.133188784524957
1.26397357803151	0.537392252900468
0.0696742174800306	0.0287057071302054
0.0670710881129159	0.0329596345941606
-0.488006868395258	0.279197327907222
-0.421160284135257	0.301321589538178
-0.22182242959807	0.0809846403743453
-0.282433701091464	0.0928412262010472
0.756454115222154	0.310445711889242
1.20723967482265	0.634932765857965
0.937014825487275	0.247501391945126
0.0791047998989641	0.0289636685525662
1.14521885165775	0.887312071596311
-1.42657065502425	1.82797854394284
-0.322511227021236	0.164112493583588
-0.480474667796146	0.273985071818839
0.0726608832424412	0.0356118771183588
-0.858635688885537	0.868000086743705
-0.629724675390913	0.697795041558684
-0.0903201429616968	0.0789335117545278
-0.209083637450043	0.200501658945015
-0.371755975079266	0.303853677942912
-0.320844090220131	0.163035839980288
-0.0533885553517957	0.0646846403431081
0.0528809129476138	0.0554208819643023
-0.0790083808220318	0.0940456533199835
-0.728860923565314	1.1670830688456
-0.746013375213556	1.05138624683091
-0.497162642175401	0.54120837473397
-0.609215325049421	0.605757419950558
-0.340650668047733	0.309546938424898
-0.423074766993375	0.307438116542554
0.323141275714763	0.339998728088106
0.130819099894799	0.0960117061866168
0.120878529300907	0.0916464328389345
0.0598330262721583	0.0448912130887128
-1.02595706151763	1.33837069384614
-0.202706737673449	0.275207901760551
-0.235614911324728	0.280288375946195
-0.0975381074806689	0.100407874481661
0.0660306658020958	0.0720408786651425
-0.40269248421509	0.630399320193396
0.25186022612726	0.291235292325298
0.746186331538952	1.41065149529447
0.106188672720631	0.10244088833042
0.163497692727553	0.205027810777321
0.380482651681492	0.532188914625075
-0.2628882234799	0.322336157075536
-0.095832607952006	0.109184460070987
0.101490247099328	0.0978593472300937
0.0909412782843721	0.083707138871195
-0.0482584598457811	0.043751833475413
-0.177238521878147	0.210736082107795
-1.38306906356786	2.33041551740804
-1.12354864885184	1.87526398979217
0.0727889479280324	0.0608598249641198
0.467758198943846	0.591681193947251
-0.356434501486292	0.370398901021945
-0.376584051160541	0.392386972263332
-0.478907219914185	0.48832615348597
-0.344437551024738	0.336616561873512
-1.30794557975419	1.79693259060532
0.413559132850133	0.501217236197133
-0.785351714535346	1.14054662639459
-0.484244833106788	0.497035227168793
0.251242489609909	0.280489872840686
-0.0286898567629829	0.0239635135756998
-0.758268685019515	1.44227450213116
-0.236182476943783	0.228157569055285
-0.0613887597898221	0.0503528649093359
-0.47339650799983	0.609282678503905
-0.817469355696031	1.51673181548414
0.0257371837858655	0.0212027732985076
-0.0140574429286304	0.0132508977403164
0.0882632599573889	0.101086998539556
0.0176485399865717	0.0177608918414294
-0.923750075894533	1.05324698151884
-0.691550733347147	0.807523176293568
-0.0692168639641323	0.047546954092331
-0.647137630357428	0.633753217771389
0.0136959934852209	0.0105841388310252
-0.597418835478293	0.995510783652754
-1.02763459088345	1.35231879219355
-0.111237370752119	0.107103365341502
-0.634721328678159	0.867687769098712
-0.408221859425516	0.556818256422244
-0.584512024878974	0.724217163235517
-0.312346827202407	0.292400331241007
0.112186971509595	0.0822156683645206
-0.249294438182077	0.237159556434639
-0.250249084140915	0.216090842563957
-0.740961451025261	0.868218452627526
-0.0233565264528072	0.0169277804005846
-0.0212490828052599	0.0124943659085357
-0.160470805380122	0.132018403208456
-0.29630913718962	0.254112918974972
-0.11723051719431	0.0999194240031483
-0.990715638910264	1.75467511528681
-0.436416339474507	0.512236343525224
0.252880134109466	0.265731316855314
0.546318454612752	0.832964637633045
0.0161491624692125	0.0129725261650894
-0.117374772200635	0.110084995277527
-0.248992178943839	0.269163905541039
-0.654513023714122	1.09559592660756
0.384937863123061	0.417995966039326
0.208342648467307	0.169830063039899
0.606116754988004	0.486839985744653
0.702033899209953	1.03142980406193
-0.375799124141465	0.393975099919857
-0.09063837770878	0.087940336239787
-0.0742346394935538	0.0591029597972822
0.0423748614509043	0.0306742520657083
-0.687636375430508	0.772854173979996
-0.492403597959144	0.469575010202629
-0.933628300178003	1.25680439671725
-0.186092098325355	0.136043638526175
0.480706759663295	0.449945185219309
0.906089321519081	0.915753186610156
-0.204693572237852	0.145626614319835
0.654452235472602	0.679455534404588
-0.0175744300160196	0.0128763950887782
-0.241678572758111	0.212247734530352
-0.34427546617263	0.366835956041887
-0.303820415226552	0.23405276749933
-0.191680140221069	0.114845695319207
-0.129870229625996	0.0829676237130539
0.331549374736618	0.242678783864241
-0.990816162735922	1.19204119986114
-0.497262627525007	0.63997860248409
-0.100623445335032	0.0959911831232012
-1.10277135504172	1.2274555508415
-0.845469587876172	1.24503452219659
-0.519567782170609	0.59905531403378
-0.148957070701967	0.110250396406639
0.26326652135129	0.248723726307851
-0.168462254342426	0.180572439200764
-0.288299382161894	0.249100396289574
-0.864786928513263	0.882926923031915
-0.478880810732423	0.617832670595644
-0.290500582856776	0.222216657480057
-0.258368986787451	0.201155437513106
0.280147371076235	0.258184495237256
-0.117554898873715	0.10957457684105
-0.512409285280812	0.521963533368942
-0.0643354661718484	0.0586023321071051
-0.00436156427224602	0.00506818720226947
-0.388427384351775	0.571726345642207
-0.215728526004527	0.174636075002344
-0.51759767771445	0.596135792109489
0.319025977528386	0.242125298925338
-0.0862791854200725	0.0581731421417389
0.0760613641094776	0.0428863495372486
1.02134344046976	0.722715677811902
-0.0446019250967922	0.0253648675562306
1.17590815461484	0.757389603773354
-0.574346124270591	0.305009353843806
0.0667957279287884	0.027445698367091
0.756503285897908	0.628716735032565
-0.233186240254007	0.133730783229485
-0.315015656613502	0.209937065578594
-0.298863994624082	0.32023825835646
0.00782283349899657	0.00609816261008893
0.793602808166738	1.09859131968066
-0.304870666110646	0.328732726312652
0.540151248108695	0.773262329228491
-0.537920375360803	0.721634670912039
-0.0837941933278838	0.0659329355747974
0.572390066940103	0.620046043950724
0.389865578691294	0.509184511114677
-0.543811420398248	0.684515935155956
0.56521583844875	0.8518457115091
0.0661624510811651	0.054616861735158
0.38725809849173	0.338169094726791
-0.137145894727188	0.103767680364888
-0.64667330155658	0.766971880933461
-0.120081416741737	0.102938907093098
-0.943230364010081	1.00847240772678
0.646803778905375	0.494294618510327
-0.423073331252756	0.379915222590635
-0.614058497526966	0.652353892699336
0.204954361514848	0.140565939528461
-0.57028247798954	0.604890076140707
-1.14012368331054	1.6272632000277
-0.362249509093405	0.265614028480693
-0.182760148916784	0.133731077690846
-0.420096017006164	0.343840165342479
0.699383277642941	0.788947203067538
-0.796105349951907	1.12184614621821
-0.00536075784080114	0.00460883019551247
0.0333185575624763	0.0239956200952991
0.090940079770374	0.0804529968443461
0.0341668058353963	0.0289948643284683
0.335393814469422	0.324393080982167
-0.204517798098438	0.145437450397971
-0.315513818826135	0.376057361167189
-0.649018088015687	0.773683728369034
-0.100254396907665	0.0881026426108873
-1.219356620921	1.73427956086599
0.182969285253641	0.210502539646222
0.38255946827362	0.425015821011993
-0.097461592562174	0.0502254373537416
-0.568698084996366	0.302010887994575
-0.523927514964524	0.408808190403193
-0.186397397295486	0.154834933090857
-0.0804441377328899	0.0638909046892273
-0.093139218000335	0.0732278111711358
0.0263301083032932	0.0221368675108904
-0.130194630626904	0.147078311314127
-0.347756011471011	0.516786476105635
-0.560663350546892	0.941512197546738
0.0206417853503853	0.0216357351536254
0.00249958899986743	0.00184628153081871
-0.155072103167382	0.151636427721218
-0.856910975598052	0.985812323088872
-0.413762235662869	0.402126529996419
1.0536984481743	1.48242463528697
0.314000802330168	0.245554606097884
0.102959571919022	0.0678598933207795
-0.504677503776265	0.439320113102986
0.0178253006584627	0.0116144729564033
0.417082824755188	0.343464663380782
-1.03909076770073	1.36917606694137
-0.217645766058979	0.174622108986045
0.209817402645075	0.177488456612562
0.550019361091416	0.76341420850117
0.0977926373367855	0.0922962587055124
-0.733400810020743	1.22150819402506
-0.212497071454742	0.245918833529944
-0.255389104945392	0.296075061893021
-0.15459038287928	0.141045832361441
0.370022691744062	0.428105042469101
-0.157160143509319	0.156514907899426
-0.108453940418853	0.112971181183798
-0.646604083778243	0.918326834981277
-0.650583467895187	1.02203194990022
0.209678854159021	0.222249157021314
-0.0718345673724112	0.0578971860992022
-0.252378216900551	0.24028968490872
0.254369625278634	0.256248490638466
-0.523803588883771	0.557637250999529
0.580909743446975	0.787159161155313
0.325758701534626	0.244691458776007
-0.392235251838488	0.385472174388758
-0.540079007649109	0.677063259242503
-0.170155271543497	0.170978266586971
-0.228004834814486	0.196955016685937
0.270729198837483	0.24875856713883
0.0697725086238148	0.0553386924496313
0.0509935105697711	0.0379725680342358
0.0950362297891044	0.0854086092260678
0.256701313700053	0.258244576805656
-0.42881512044988	0.492814463503372
0.202906489268	0.17502759414358
0.546849135730197	0.690606302881475
-0.0228876855420222	0.0164425333331144
0.152758903507551	0.166250619344508
0.084831287425719	0.0760840837971893
-0.888407805555949	1.28785286169273
-0.491546759539476	0.57111625829825
-0.48174066177353	0.647870438744894
-0.521220772551452	0.765349658718169
-0.586210909286715	0.872810173738624
-0.491469046179086	0.570182644212419
-0.304717552151356	0.349430667921074
-0.219969131012842	0.256920375336766
-0.187763861747448	0.263557246290974
0.0746399429647046	0.0886585567707124
-0.572588880672153	1.26384431946896
-0.416533298645835	0.808361059009454
-0.354328337717964	0.417681100945543
-0.0835566571659011	0.0800488600095885
0.206651008082325	0.159443799797192
0.934652338329576	1.02664333418663
0.0975935911806787	0.0583365009454936
0.621053950473521	0.28046950031276
0.550931823323789	0.467037961634876
-1.27528457119873	1.30777644948249
-0.198663175925264	0.118282463378046
0.252205054350125	0.130266527574203
0.424183078141611	0.248028032082488
-1.01242740939041	0.746514175968908
0.90126880437841	0.677357819800791
0.00963037018534119	0.00832839598916623
-0.30442817655141	0.389977015648587
0.20930593317181	0.200625590500219
0.424390810427362	0.643821628507602
0.179886390977953	0.223365079800697
0.377924928755498	0.494985112226063
0.195299551948151	0.189443414962476
-0.178938924608566	0.175783717748419
-0.0812433383891135	0.0958402384400308
-0.0539030678477044	0.0574952455056104
0.502938759067325	0.801969134654138
0.538465851391648	1.05705628345596
0.706849296156078	0.935303365416248
0.315889012506006	0.34711055325664
0.317225991539103	0.348663632907821
-0.344749197397243	0.510761389441531
-0.524864733773801	0.605609982024904
-0.511984355481691	0.584057218992492
0.531773627866493	0.693026821187635
-0.181213243030881	0.185910915549122
-0.355816134799205	0.420930594114513
0.68445931638379	1.01603765987462
0.0611485807148451	0.0568293995689975
0.286112130423394	0.246022619028661
0.496161824689512	0.666291806638382
-0.626953204006784	0.668807188710201
-0.244609607554918	0.270033240701933
-0.302780919258201	0.418201894664492
-0.385727582695576	0.481564023111676
-0.334065317397209	0.376935640081654
0.0200741284971805	0.0192704696991197
-0.0640268545106686	0.0680962114415038
-0.36169412109691	0.498239078141077
-0.495359618777153	0.668827578156324
-0.328858261270367	0.416234432072825
-0.104891522246025	0.146744025282663
0.0102865054584137	0.0134944892628397
-0.0640950239514782	0.112450551276511
0.052624707402191	0.0797364618048182
0.202722044396313	0.173504687071844
0.260933820791921	0.320312595717762
-0.40859989122385	0.326246178504472
-0.0576192736406681	0.0404868097835362
-0.115080005709182	0.0559848225061805
-0.731579477551506	0.434198895544456
0.885614417602849	0.550869191999865
0.282981716610713	0.134943610422084
-0.492687260954088	0.283173682033065
0.623189287370333	0.379396378328835
0.238947112159082	0.133628579699826
0.0769173726647128	0.0374954522528815
0.220701570614687	0.138821914534861
0.327834821338458	0.488924929425592
0.0184115149073149	0.0150921010069654
0.547346039308837	0.631347689299649
0.0914201471252328	0.111174104855819
0.324881777810859	0.558995278597988
0.0385414667889528	0.0334229306237767
0.716544607798608	0.885307057326395
0.510128048949682	0.608873560835339
-0.144621128051501	0.216576577330196
-0.00529413569318288	0.00718510481011793
0.123455198800751	0.190513284071387
0.210377342056528	0.355452100709257
-0.366828658622164	0.438261485337501
-0.544649734291476	0.729227368939008
0.129575040662204	0.14967813030443
-0.0307261149663142	0.0353813153681602
0.348985707342136	0.423797548729698
-0.321469622107733	0.297772481434651
-0.225924338613512	0.264860636154816
-0.0649260927333722	0.0682203794020726
0.365370903866534	0.574040113706676
-0.13382550252222	0.180268122469687
-0.515892541075744	0.754792968636998
0.347145803952774	0.343907289136135
-0.23690334013939	0.276524327783433
0.0723173043573205	0.0589808711875154
0.225026641851354	0.295101875177076
0.16327877449786	0.236824991371967
-0.232894959866512	0.345285682534024
0.0504696682890486	0.058602214513065
-0.620813345525742	1.17387657602212
-0.154516076964703	0.251847624853056
-0.376044332066083	0.54217440325171
-0.553656049493713	0.374538323816506
-0.283385414726618	0.427594972466444
0.0942506101144223	0.122262493741657
-0.751460857201192	2.447332094003
-0.203606997164429	0.344273987689621
0.0422870348129812	0.0363864028948938
0.0499875917933635	0.053553147931788
0.619906156324226	0.656566217653062
0.479583271719845	0.522422702553916
0.684501797203604	0.699357910841552
-0.0157221569824666	0.00939377900383217
-0.0891818123424715	0.0457017072433167
-0.0296015661319482	0.0172934806216663
-0.737855358669181	0.430886713787705
-1.02691135601783	0.633133010900801
0.668086333143259	0.597322773594432
-0.0605094841945374	0.0327054332980695
0.297306260942818	0.249528584344237
-0.216690323116089	0.27069651339247
-0.539782813183489	0.760280672044463
-0.431872757600598	0.536893266244332
0.20771643022427	0.282434718248253
-0.29704084496621	0.470408931283491
-0.173168097833469	0.184279833120305
-0.180225697066497	0.16415642126907
-0.339644046967124	0.425277985070219
-0.652294867974489	1.47507968585998
0.0541641695643719	0.0643777828227553
0.368297539066199	0.5936006197627
-0.249648598714598	0.408628158363743
0.195680914757222	0.228305193333599
-0.28438913173696	0.328050304288709
0.3712071268056	0.566377665326659
-0.0340030562782519	0.0383280188319554
0.414763329258174	0.422880605902698
0.525886974915066	0.616823591196557
-0.202761035766053	0.178872794587612
0.117160734386905	0.131609122567301
0.196620537171273	0.207034905810869
0.314045792551495	0.410046972758524
0.062685507103072	0.0704819486026682
-0.490243789195621	0.586962495966324
-0.347470106907768	0.437004212094623
-0.29205533806066	0.314835074685915
-0.0128474093734464	0.0138250360071875
-0.433666816677127	0.690011959096542
0.0166224556382494	0.0175464432282019
0.31200657685423	0.473722407409088
-0.616560717898312	1.04675903072963
0.03747302336754	0.0429558139692856
-0.252264881557608	0.339955088328492
-0.280395522763532	0.320316311415217
-0.507902897415714	0.814036566841518
-0.425260877194828	0.650460906333677
0.0663761629541521	0.0324040342567375
-0.482622826624623	0.337897407627658
-0.0395863643873863	0.0424377532158082
-0.266540318267082	0.340146919416174
-0.244255276795705	0.381388315756388
-0.33371409660875	0.649624895597627
0.751265476013707	1.52711600420093
-0.545179966442008	1.13448662215282
-0.154154444656856	0.163638716533778
0.0497572935064389	0.0452366193781307
0.077397148764344	0.0658716577015081
-0.157350462748658	0.132357085997356
-0.154209143875969	0.142754124697623
0.136250418530909	0.118943345671882
-0.570303315264348	0.760430541212483
0.112236011413893	0.0841362661690815
-0.509212006728921	0.622042524546216
-0.0413261477422274	0.0474359706133517
-0.268889060943449	0.392836606464067
-0.364034130082864	0.619269986516198
0.157396297010251	0.235527840851113
-0.208870938149282	0.256322662067742
0.0354602430070155	0.0392845214099884
-0.298513213686461	0.381277889865829
0.529866476635043	0.96529587822483
-0.0201214420159751	0.0206998334946906
0.550110435410737	0.861941008138262
0.130731540305805	0.142995047652858
-0.137071042435764	0.201851278590585
0.165489767719115	0.203012677327548
-0.417504512884667	0.633672687428448
0.203540966547259	0.267854970159445
-0.0314356624285123	0.0344088577855997
0.0373027174531476	0.0322565201999496
-0.38331964754884	0.502980281166434
-0.486178954199613	0.657535153128739
-0.144431123988198	0.134636544044959
0.680016431454434	1.08920090053818
-0.594997229943535	0.865078969170286
0.267659506297676	0.24407865768098
-0.199720179685231	0.20953211408302
0.11034020770616	0.107065087758044
-0.544717705805002	0.732473187758951
-0.0923518555571339	0.095473142041634
-0.485395607693338	0.672641539540853
-0.112964566676396	0.105573230592913
0.0721822635757313	0.0688449346817553
1.44155892338394	3.00673565434566
-0.0241143123756256	0.0224710320636724
-0.410975260335954	0.565234084138896
-0.564130691366831	0.773876082723472
-0.578352712333847	0.947979387553754
-0.116998022411412	0.134813908884679
-0.264106009223143	0.396312268285231
-0.13572294547967	0.163347930206124
-0.318902039423256	0.442011847536036
-0.267209995435003	0.27109192889203
-0.660341078358768	0.822240048225918
-0.674717892135852	0.494615484009617
0.102481623281722	0.0671178299896982
0.888403932201655	1.00131365138931
0.245181581897909	0.291699048098377
-0.316307697555311	0.483681402366469
-0.687765187820115	1.31977348408624
-0.191526887483438	0.189021702286607
-0.259856529363517	0.284886055825224
-0.545896732092732	0.777483245788609
-0.502748750350397	0.785428585508261
0.0609906863883936	0.057625801748149
0.0105756965307983	0.00961263806799879
0.335433621105831	0.428009608733961
-0.128278840675518	0.145979329545962
0.0956407979635437	0.123789424623008
0.506498133645748	0.911747252351453
-0.436156800333694	0.716945305285878
0.500896449590734	0.741376074814862
-0.243499770176814	0.229696176098799
0.198192981981589	0.197175169834489
0.0375619414419909	0.0371973281175136
0.456465099651032	0.760764544048666
-0.105794162977826	0.0825268365169297
0.819991421047651	0.651253192739756
-1.55763793611997	0.796704849914143
0.60473187754699	0.577364342337525
-0.095032556659846	0.0846153818697736
-0.400476304212055	0.46479918345798
0.734096573116702	0.894563641473715
1.2785641597926	1.09259064906769
0.625401434499338	0.94875081610344
0.435885115900448	0.512797317925244
-0.452888698751531	0.487125138472664
0.292971777498101	0.252510212247016
0.341857809738907	0.238642896870571
-0.849223902337955	0.37274859467624
-0.545612771737133	0.366146530687792
0.0292879982471268	0.0204934635382181
0.736994486704544	0.894358770125635
-0.105006840148158	0.10005947440384
0.104199960946938	0.0710008085553311
2.16170395655631	2.20406081874071
-0.463677578871032	0.365138975862467
-0.531703192644762	0.497818918598687
-0.428467342518019	0.308936536581262
0.46135439936904	0.354412035493252
-1.59254375974864	2.4822161630762
-1.04634575270172	2.11981722715452
-0.685835763245121	0.561750371739571
0.804627031588441	0.856220547576564
-0.346795974774392	0.314374854800818
-0.00479340140572316	0.00414025924643011
-0.553903097866775	0.558850851512093
-0.601680039723351	0.963783225614466
-1.17366362066369	0.794186931039345
-0.478250440383822	0.269616901731969
-0.525508504542724	0.494352965263361
-0.608349563474213	0.872615972375552
-0.495021506946257	0.867930786920385
-0.0250274770598806	0.0232010607625663
-0.150621772604599	0.170586834304041
-0.322439917634358	0.483681907634636
-0.138615509619603	0.170715822264223
0.427178742669521	0.747187399314803
-0.237422143833984	0.311767669146801
-0.304934583992328	0.449663038182987
-0.0388170208049836	0.0388596851327432
0.311407607895774	0.340197441910787
-0.234958791565392	0.225179482381478
-0.460482272426371	0.409459646865224
0.206499587566912	0.192542217147558
-1.00260538348838	1.91144330482381
0.542832387510339	0.784042570804937
0.361517466181255	0.238944013200799
-0.488464821900693	0.282863946494625
0.31779719093561	0.13704953791404
0.520187638663749	0.356630921401887
-0.291111523094565	0.223827550244609
0.356068700581709	0.344119736312945
0.383938337038071	0.24227515072407
1.45386423188482	1.61076191996324
-1.05429851989105	1.02374682327982
0.559069165565232	0.626292209039713
0.845767761822897	0.870379958954034
0.343016164027441	0.23968270853654
-0.638666612150168	0.40882649617297
0.376364458929799	0.146246027832389
0.37830771099079	0.147829593240572
-0.713577957252806	0.688790095431031
0.693848026295104	0.498002585579599
-0.167337787478524	0.104323947409773
0.45185133673401	0.338901566249907
1.38010680411763	0.823413300367422
-0.174544243451619	0.071033979372833
0.758997471497703	0.626588997983998
0.822636990249605	0.425352320182039
-1.23528608785542	0.699173586912727
-0.366699915780142	0.271863991583711
-1.41443775583442	2.46076570541684
-0.518847491244634	0.404212614494412
-0.485801621615532	0.277218438052815
-1.0476032335303	1.29179478915201
-0.44215500570436	0.458612313945351
1.01664301140403	0.718008658008713
-0.565528976437848	0.737281833455007
-0.263861609373301	0.269368692742502
-0.137337250140785	0.148402889527054
-0.226677871340977	0.266304003280843
-0.133673404468207	0.143463086150992
-0.836108893021656	1.70878395645491
-0.347614186619843	0.505017220590564
0.0867022889157754	0.0942687436925415
0.491627686123653	0.692188921082753
0.300547273942447	0.347540591496132
-0.454700789701507	0.561902715934609
0.571744963464283	0.55866217204703
0.446537156903902	0.441091316492801
0.0364426290429555	0.0315998249941066
0.0248951086228718	0.0205134847540435
1.79075154688641	1.81742441327677
0.322158287342664	0.139440863095662
-0.173329072668266	0.0703444645992616
0.0675615407548025	0.0275341869748454
-0.0285705169238745	0.0167823685518668
-0.383300852338795	0.315918854674531
0.547561067226696	0.470986763927123
-0.421589887731784	0.25808614975627
1.8977949357301	2.05687922242986
0.203439967585087	0.156507131647045
1.7846880980021	2.14123186045162
-0.633044661855118	0.402849275257755
0.325179548210438	0.139908798124392
0.324366647957714	0.139350915801124
0.611600044683231	0.188238196262781
-0.636783833053025	0.407372676105583
0.284272022615066	0.133979974647463
-0.135247877518651	0.0871218829501006
-0.194523996995298	0.116257945914772
-2.12565721434673	0.971430460191106
0.620860978986769	0.278903711327717
-0.491000829944317	0.282256881760003
1.26685929533059	0.54428495837387
0.406374509709621	0.234960691025013
0.328847108841711	0.240145260490186
-0.683899488203337	0.806539638423099
-1.24654529611887	0.703270574873252
-0.239637668821191	0.138456386484499
-0.0145398973845997	0.00870538215163207
-0.00470658116621131	0.00289836850915702
-0.963580898271861	0.889052252905811
-0.231445270344423	0.183655237959112
-0.174181965211075	0.205992908818984
-0.275859281077296	0.299067574024324
-0.319885112183894	0.457881270181334
-0.630349433985765	0.994887706026496
-0.0204147943328889	0.0202857675480153
-0.250348440184111	0.275599341981231
-0.180597113369727	0.19276624858061
-0.319616139605452	0.441571520990363
-0.143270788736926	0.141065208029795
-0.0983391141837971	0.0763743644555256
0.359160633115407	0.3402278816951
0.0320318737037952	0.0215798969634836
0.66207124179415	0.847825671000502
0.537467215068525	0.687489385828307
0.332881642722892	0.34353032220397
0.806879614828692	0.742802408533416
1.39751744812256	1.28168037866175
0.413150956528688	0.242299118392801
0.651742850410398	0.50295812691249
0.137759875172526	0.11399618817116
-0.131132727943309	0.0839513776352399
0.561881809299708	0.370394993867441
1.42207020135132	1.71133679360325
-0.271961662739432	0.184495723498713
0.106512707769824	0.0701697933175095
0.214113759254808	0.164860341253643
0.821884960111761	0.656864482876399
0.214736094031597	0.142755610460111
-0.497278409548191	0.283088570798509
-0.329403976348296	0.167554199753107
0.0742238685231701	0.0392441124743215
0.698361534273209	0.507167879926398
0.443070040732872	0.354176082489628
0.210416345276273	0.144304406582672
0.869551512498424	0.546214336408917
0.416957669353661	0.240660831374315
-1.43142114374173	1.17720326392022
0.0726407793337983	0.0298882078330516
0.377756681389916	0.234562993594081
-0.0878190027946908	0.0449107760250228
-0.346368138874065	0.317511045302443
-1.01159628131543	0.746747840844402
0.0111894599518788	0.00687266051570769
0.20210268392718	0.165033137413602
-0.295267594774818	0.24636356984414
-1.16919352805651	1.37701359638959
-0.550236918823595	0.472398343397188
-0.145362014988486	0.146394402226204
0.056057597594011	0.0545785331156226
-0.161776694505693	0.148904502635963
-0.212499344906025	0.236691528874303
-0.220240605430661	0.245473218795803
0.643834881138687	1.13515844658248
-0.110090217533885	0.0951607805280245
-1.21293358015428	1.92655722242616
0.0151659596913593	0.0121115583798237
-0.0617811837316981	0.0497909154283986
0.45976582897273	0.509088313479821
0.0186698639360431	0.0153581300553243
-0.0576791218554916	0.0462015791163608
-0.316966669679322	0.235496420641065
-1.13031164444482	1.17450046598241
-0.0189186401206865	0.0139737527787045
0.682029003872221	0.696392447999362
-0.183892088751724	0.134716981682858
0.915798939507809	0.917057529745472
-0.118006206200162	0.0777967457596609
0.211654333984041	0.16848127028704
0.457072599530978	0.350012451128375
-0.497130746274585	0.432270981461058
-1.09423347710175	0.985088809205069
0.309673473405902	0.243010027087325
-0.32643971415536	0.165709686400964
0.0819733371430253	0.0433798758744423
0.620318649493196	0.659461332787984
-0.626527016099465	0.398245549690829
-0.0966749761020843	0.0654530349662469
-1.17639632162162	1.37920154453263
-1.03176802861862	1.08310816963703
-0.265240776450236	0.180123460701444
-0.548117879436986	0.470203247737779
-0.931568208364277	0.994458666491898
-0.180739326465062	0.147189189503827
0.0438257764381027	0.0317091699632985
-0.0873002191758703	0.0585827293282879
-0.346070706137727	0.2900314454998
-0.280367770216424	0.240463675743746
-0.0200057305681852	0.0147291803419707
-0.608338230859013	0.609725196179006
-0.559357038337537	0.712147874331127
-0.32787697363045	0.326140799484747
-0.448616470370184	0.562835238768812
-0.252747397637831	0.30610291163712
0.149612141358282	0.151588729397045
-0.392109060869721	0.466747461419324
0.198793158462304	0.179987120928401
-0.491312730551425	0.775355989915187
-0.482516226081606	0.620701226311051
-1.37671948883332	2.33977715265639
-0.496415761086072	0.572413202635814
-0.442406883644025	0.48891401138849
-0.247346756125515	0.234089510104509
-0.5793684064157	0.618346562511467
-0.00444835725202321	0.00339368670156973
-0.205833640272581	0.165179325406801
-0.777967124784738	0.68812787436895
-0.640726978022503	0.583067718845548
-0.592018690592991	0.583393328562283
0.518249237771072	0.459964905810609
-0.79281709615401	0.814042447070232
0.211743230240772	0.14715212644007
-0.872634363590209	0.752486294588439
-0.207268446949126	0.147238060388198
-1.13155923623643	1.17945944071566
0.637836504891728	0.595903511895148
-0.0742548370427408	0.0512046130902429
-0.0283009015622158	0.0166419156300825
-0.319334659936714	0.210245568823231
-0.854916617039952	0.786600978206192
-0.575680638451511	0.531060934621263
-0.87185954579415	0.819514599456768
0.00147341972264506	0.000982849142751425
-0.364895798085887	0.232431846083045
-0.996267349747019	0.832114624175816
-0.00496441816250952	0.00305525247533468
-0.32389413628437	0.244703242112368
-0.387840111484659	0.18069672413867
0.0761806071055431	0.040358784733435
-1.2413428884223	1.07515795399926
-0.228611860312082	0.198995425104579
-0.0201440915438472	0.0145163320865368
-0.576837345511789	0.620879307006146
-1.00158471867335	1.45197115561256
-0.264331333967352	0.207710889889841
-0.419347211968203	0.437281986979598
-0.272568776038794	0.231994032803281
0.02661390729266	0.0179999795111456
0.9294346923077	1.2085068465516
0.038137220714584	0.0267631505698195
-0.354238188881966	0.37426449015308
-0.509964056400692	0.617719964195882
-0.37703604261586	0.338710153048039
-0.370881446997982	0.275674633357908
-0.887127328916285	1.29665608646733
-0.588393225026212	0.747858978861962
-0.039734134701538	0.0336769009883247
-0.2932526965111	0.349563693458217
-0.291350300890378	0.353543877165896
-0.292761168159493	0.225970511611342
-0.205572580996179	0.246754857785357
-0.340138620698307	0.403288372344779
-0.0619132165465501	0.0557808638251141
-0.051719600086853	0.0414936286613033
0.0343940457381611	0.0291530592843574
0.0350601476876891	0.0251820852415121
0.844060064289407	0.852633682753373
-0.013956378115355	0.0101827119443305
0.208354799920466	0.170065681522316
0.212095981923905	0.153668039847053
-0.0897848757332994	0.0614583474528147
0.394144177942968	0.343715055788174
0.767272861661332	0.744749449739973
-0.870005522795686	0.943416176055827
0.645063616451941	0.496459764564386
0.211944131329325	0.163584902258437
0.214476738286606	0.125439982446497
0.436380808761301	0.346346629291262
-0.200310244276152	0.143225123992163
0.537207608144917	0.463304281856787
-0.0884938904464127	0.0597111531503277
-0.694253823294253	0.569863528129941
0.545082265490162	0.463894661192857
0.326904616671663	0.23671078289283
0.0786935027840139	0.0415537801932024
-1.49397047795859	1.77339243096041
-0.577703946971642	0.53236512951666
-0.221174775900209	0.179351707178786
-0.732579490039154	0.808581016840052
-0.293757270465917	0.316078445851675
-0.20297096697018	0.19464501338511
-1.37679701604649	2.18828631914727
0.470787417840088	0.440593662705092
-0.292561368540917	0.226505794926351
0.336908051364061	0.428206797857887
0.256391069824427	0.246067171187391
-0.230900567423164	0.182449898861246
-0.0621024128554889	0.0502935652107202
0.7695765303612	1.00558604294234
-0.0856408116307075	0.0760345146842368
0.400657270934697	0.418061448165917
-0.541578062726896	0.50916736567403
-1.12767809149809	0.89756914086524
-0.483205565567025	0.457053722934916
-0.156654397607378	0.114356000638409
-0.369385497893055	0.274354675921593
-0.267214907093008	0.182808252064836
-0.273386609754141	0.149578653820449
0.202729611968955	0.17100664951133
-0.803496786482374	1.08173384240229
-0.721480899817912	1.07603245200093
-0.891000435631122	1.81075913078454
-0.241418286100835	0.327509522753147
-0.564681116583508	0.750906128034418
-0.887015617443964	1.21619011870836
-1.56069426994663	0.800483556784136
-1.40766714838581	0.882564120311358
-0.39275840962167	0.182212478668309
0.0709522594990424	0.0376145095238554
-0.0847150763231702	0.0569267650079477
-0.379112864168012	0.175664906335753
2.05122656610205	1.36479307313621
-0.164110432310015	0.102760062205998
0.907519995057259	0.909980276842112
-1.43579002572881	1.18391083491268
2.19682384169232	1.61055661535157
0.074234472888677	0.0274305829074115
0.282250234842118	0.134732300618729
-2.35034578716111	1.2054406233035
-0.156258769364727	0.0974349297449585
-1.35104877172973	0.616167841129993
-0.283547466992737	0.154677968865678
-0.761131007577177	0.539893528818141
-1.3416145031643	0.617793207028816
0.0984263901266027	0.0285972183246047
-0.385514131258978	0.180201700951996
-0.140523753496829	0.0623396076308541
-1.06001498023812	0.524748496577519
-0.104691490340648	0.0499314096325632
-1.29536345913995	1.49966261001507
-0.123362917572287	0.0807565726791634
-0.483535886245255	0.648573587964821
-0.419579830317388	0.594693391853997
-0.286137914262721	0.32869752798704
0.315712454768173	0.337659439140896
0.151339965449313	0.148321749918454
0.0610384259624724	0.0567376244433458
0.00927396763619503	0.0057472702201152
0.628580382080123	0.385052696320719
0.710586162969316	0.610531181004074
1.69099729095644	1.90266931696626
-0.93600527064048	1.00892030618089
-1.16716747342867	1.78686251892088
-0.401755477437404	0.475648533457354
-0.956532669247365	1.67414459991929
0.152242550963407	0.145488432819255
0.385715283399746	0.408285828635803
-0.454441654447296	0.611818492874847
-0.344712226252139	0.367214037617788
-0.571792677845032	0.30103108364771
-0.366417669227672	0.270025883584797
-0.184756515095381	0.181939729203687
-0.683289142279792	0.980720077965725
-0.881311165034062	0.674441359475456
0.0950651759370259	0.0571246138724862
0.258816175125915	0.133011278641689
-0.325868449239792	0.166569345850404
-0.523002683383042	0.410333400218135
0.347867500888734	0.242275031135071
0.822019918577626	0.424794539025205
-0.226374550429498	0.130075747834936
0.0794645034550934	0.0262268516113722
-0.781315129447024	0.272091885430255
-2.0195521525278	1.90461104960789
-0.582482095096919	0.304702311387754
-0.180814385099685	0.13229697956881
0.0791118391796359	0.0387434596783218
1.0005618085415	0.579943301418096
-0.217406245991229	0.0798344670299611
-1.24485732081129	1.0585232187215
0.299468314322764	0.242741065002622
-0.664954227906181	0.490175877179949
-0.157969698104879	0.11745107575801
-0.144535597964408	0.175726813880037
0.0743980174442721	0.0759662897854758
0.0950530334631999	0.0981216100467385
0.110443771188769	0.114751408651901
0.312008917639944	0.333574025616947
1.691097822353	1.24555268917783
0.50495352162504	0.443448601517928
-0.684063738192071	0.55962936376946
-0.317289498523624	0.318852046755322
0.139310968824871	0.127340573581106
-0.657526839113313	0.987922404920799
0.224097152901702	0.288763496553993
-0.174251150421871	0.225595652325614
-0.371162903333745	0.455006315526556
-0.489252454624204	0.622749038690241
0.0810502204107262	0.0457580879225732
-0.0875589901519265	0.045089883833352
0.208166798707203	0.13572938683394
0.309440614044555	0.242275747525266
0.232492378076666	0.129104005928744
1.49545825893247	1.48999222665113
0.823494614585387	0.424198698946652
-0.638650683410332	0.155084261982669
-1.24678204622668	0.691209004275132
-0.167160395379291	0.104216972630016
-0.421004894864718	0.257832564216096
-1.2523032925821	1.06757979226239
-2.13267694421676	0.98695778564171
-1.34230899665532	0.613420184707873
-0.221317461767018	0.0809508652491029
-0.877899106638819	0.675702494159608
-0.6721822943285	0.497705635188391
-0.111486117634864	0.0735274278600978
-0.425263076656663	0.308675303569562
-1.01029256531814	0.746149306952943
-0.692979170024207	0.570298381879266
-0.230277943808291	0.271471665380673
-0.128504474144631	0.139557515850715
0.163580904273391	0.182740519204499
1.04939711921325	1.78551660220955
-0.169349647586685	0.105700465776721
-0.016633736867559	0.0097499674829375
-0.422907066379511	0.255744561456986
0.761836116473655	0.982853116370527
-0.00454760340969181	0.0043227710272833
0.501062150162085	0.689792643419296
-0.130010645498253	0.171287778128732
0.440892256744646	0.663673601864721
-0.214881355696904	0.267949569314938
-0.0412667224442604	0.0433068013562792
-0.420754100790558	0.25508481148872
-1.18735275754772	1.14523407140945
-0.119373709850742	0.0578504284276312
0.31061991830881	0.244140752235701
-0.141196895580297	0.090845556482047
0.519113726213185	0.361581063459597
0.326519282754829	0.23478020913922
1.27875990875531	1.08109228777623
1.70841942640761	0.921256455939763
-0.215734039191936	0.0794186607996413
-1.18210220238462	0.80613704200983
-0.36376351646307	0.230054532189364
0.0666854198233301	0.0273876525546683
0.0777192995191192	0.038082577947512
-0.143412515930344	0.06341608962782
0.0699802854572839	0.0342756599699233
0.134580624513602	0.0332822882767434
-0.140319439415861	0.0624324595217767
-0.381162052680463	0.346305876674613
-0.727937720544798	0.42784986979604
-1.74482955275698	1.00210803881142
-0.302701911991386	0.234150927216129
0.458728877718704	0.437216842077108
-0.114582808796941	0.0554125921717111
-0.137100686211888	0.116852561284021
-0.249705859056421	0.307077873720985
-0.561628394092316	0.922621802902638
0.379405527574876	0.51633668742605
-0.323960165891784	0.370734803060941
0.787270327266902	0.906212898983239
0.0775099388443224	0.0411256970019702
0.650220401656771	0.498914905676685
-0.417846468046887	0.407132354303458
-0.831912707418152	1.35614435548068
-0.448618080218009	0.625959894248793
0.330788979440325	0.525214629094497
0.0698245274696254	0.0817624664348307
0.430204389646422	0.652004534752101
-0.031250720353967	0.0321323785575187
0.0762635367168553	0.0789075326701935
-0.053888844961943	0.044235421435918
0.0354107848131691	0.024660300605457
-1.03126528094151	0.640713923807487
0.610837705209368	0.362056581104758
0.0844273661385857	0.0477611434356857
-1.70327753693938	2.29903868950952
-0.737890798525464	0.442312455166066
-0.671142618554444	0.496849514199988
-0.866610547744863	0.479069103645963
1.50607479709128	0.72656254858984
-1.31472803725711	0.990312397307883
-0.506011733973671	0.439835057675307
-0.495392385268408	0.280212527520805
-0.471968863819731	0.201005767264039
-1.34608258375009	0.618776512770065
1.26903485065789	0.544915109346076
0.465089514033258	0.252836709263901
-1.1663387915426	0.353796776180306
0.523243328873148	0.259789090540719
-0.114748872470043	0.0556728020543275
-0.521309573838253	0.403481432400039
0.715185150572562	0.396980893591573
-1.09019794463442	0.971251153327945
-0.332112818023001	0.250510101532405
0.215641172528498	0.143586746059573
-0.635956216326445	0.407954205047103
-0.198397229060053	0.233147604132049
-0.551821112462581	1.0455212865238
-0.225029176747751	0.278199981134863
0.105252523462008	0.103506833016673
-0.0740579654029415	0.0727214445749831
0.0950544447490452	0.0936651462179213
-0.48873820770203	0.5676295983361
0.201445423199863	0.153919203996793
0.495172585040587	0.447462090679825
0.332428651826719	0.243184061021503
-0.183908286776057	0.168097889066059
0.339524837733016	0.434222225637243
0.103726679051505	0.0994586924228479
0.368947874095449	0.586008536973077
-0.0233263293567592	0.0216484568733471
0.119845781842612	0.131240874392881
0.544227755659662	0.845109519140334
-0.120842161670496	0.123123141664208
0.360756148768066	0.344005037790854
-0.709802573073794	0.922032653127485
-0.129902227919169	0.0836208278687665
-0.320328543004327	0.162894232670649
0.0723460647394591	0.0385261914084537
0.293056210547527	0.244570715881489
0.0403164920838201	0.0280820379733871
0.0831822099872145	0.0472878326219597
0.42270535500767	0.248333898825695
-0.466739394579269	0.197163710644111
0.824058990376416	0.425937762202767
-0.774789182818724	0.620370749952619
-0.729710508155173	0.434739834905438
0.0867103564340368	0.0285355139239009
0.254203699836253	0.132323557047423
0.622256976363515	0.278823803326807
0.0652187860858339	0.0267350204728494
0.354475997167844	0.233354870186227
-0.634436940707618	0.717662530809858
0.280026520602939	0.131740632821868
-0.0255456977099547	0.0148795019766227
-0.777058354770847	0.619915042079466
-0.759857441650087	0.536053659296135
-0.0637050772843548	0.0345487627800436
0.00638458220399248	0.00634697954586281
-0.302391852629341	0.435194177925266
0.398279024164686	0.59718097024959
0.171088024409233	0.198509898577696
0.197650074236604	0.239895667118581
-0.0180930478067532	0.0154430110397503
0.277897663870041	0.25825664590412
0.564337970871923	0.468689754424556
-1.43393598090837	1.81185778524091
-0.0474928221677518	0.0267134973452985
0.057538466493186	0.0452670583235229
-0.613919325433708	0.886189910963948
-0.474426699310758	0.610841373132263
-0.253460018988814	0.357843023596324
0.420063111181961	0.623061256805512
0.392707170365883	0.510667743330892
0.00506963974013519	0.00440117528274688
0.0487642053395518	0.0448834872494635
-0.159939316739024	0.13420205858884
0.0287745080921452	0.0242550388637037
-0.265772873066214	0.290967483054502
-0.346995457588576	0.416139000679462
-0.763819887560491	0.534906863245641
-0.636435270915364	0.407658698307846
-0.220050443315259	0.080826216952502
-0.777453821937005	0.270075260741115
-1.0087695083027	0.729344267572109
-0.574557209879889	0.306956936809278
-2.12807931281376	0.985366013866693
-0.216322364283445	0.0796101409174183
-0.741512959252598	0.440885828902584
0.826517569549686	0.42887608950356
-0.113579389933094	0.054927302216711
-0.781352561250892	0.799379704311367
-4.76257458960639	2.78060083180972
-0.840701636014478	0.371383003006767
-0.14242252326903	0.0634034617358416
-1.55933001226231	0.802979399184457
-1.05265653204335	0.530556549962529
-0.538674657862873	0.448623947520683
-0.192419448578795	0.213263788808392
0.139406671567968	0.134680646150112
0.104501341919194	0.109187658164673
0.287932277438214	0.339171206561915
-1.01191643891366	1.39233033363398
-0.27296565085669	0.296389264866603
0.564196829997497	0.708476331117089
0.855838404684198	0.978019950347604
1.14858768209626	0.896709122210079
0.092716190311483	0.0581268585003912
-0.458972876253137	0.362382248444401
-0.85439901506759	0.92159573434635
0.147728247330034	0.138361535736808
0.0622202921260034	0.0610672285294625
-0.141119538290237	0.151936377451535
-0.0437464081438321	0.0394840025470928
-0.174581551888163	0.173916056894997
-0.0303800479999685	0.0220869841462398
-0.0653466962620691	0.0588795856523906
0.785846366481834	1.1655330556967
0.00268952291691779	0.00246195109479162
-0.417272193099955	0.254487014952985
-0.884936928112647	0.679656310622268
0.0672442252118954	0.0331894006795892
-0.239699777550854	0.167968958771777
0.317056481215529	0.137252608182487
0.0859540870664535	0.0489515360840741
0.345206334995301	0.241869901190356
0.226601871485712	0.133504470652992
-0.633469011775112	0.403830835604591
0.349498671586791	0.245212230811851
-0.0389983955870385	0.0356260257449297
0.245491777168312	0.312316231229891
0.0757232620782817	0.0767417905090074
-0.0449331438781922	0.0452791648615636
0.126807836057144	0.147727288130809
0.326620712067621	0.426454697247453
-0.36610788356095	0.423858174878748
0.454060221981948	0.510240691929457
0.53773667065541	0.45700609518024
0.113383502232726	0.08327844886481
0.701658419359814	0.509774327006003
-0.29503928383462	0.275509216524982
-0.00304751653991636	0.00294928746317665
0.121633292296421	0.134909345330086
0.0105870910555521	0.0102918113915445
0.243541762914317	0.276557988730299
-0.189131054623981	0.223093201955841
-0.12608632996603	0.10876843948185
-0.355161999608911	0.444330075961099
0.0846356962978594	0.0874439428094755
-0.107894004523594	0.112088823421419
-1.24799859179203	0.698844656928281
-1.3492136037496	0.609581784424797
-0.323028018816129	0.164604433535967
-0.844232078712079	0.376830839866029
0.39898043956822	0.245964328404704
-0.130271041930112	0.083671752670933
-0.321099029438607	0.163388481379989
-0.268221285681227	0.142170741587251
-0.687304611330624	0.567794028238718
0.0883828489931362	0.0530339362336041
-0.0952720759269138	0.0489976807372571
0.101357701565364	0.0639737413447425
0.0912762436437878	0.0868292644595615
0.619738436263208	1.01011541823156
0.464755111409392	0.728649908281445
-0.729777433828175	1.24563473005389
0.39498987758663	0.423599089455346
0.170140090171988	0.198155234406696
-0.101977598541944	0.089537924823343
0.0567072430482613	0.0437091976648191
-0.234121250823899	0.135574778343662
-0.00234631362063083	0.00135335707393245
-0.166223942550859	0.104298070306556
0.280458372725441	0.247582347372951
-0.530442961919065	0.568217608853739
-0.579774461774128	0.61928064985924
-0.0576560412794875	0.056691234594634
0.632866764818248	1.05221684726435
-0.108660431537121	0.10115359611822
-0.133207636021202	0.123847861774244
-0.0209660240423446	0.0155704651528787
0.198394645942343	0.233514479297154
-0.132775842675134	0.123895994425465
-0.684343663529259	0.555001763292252
-0.936620286206241	1.00553549588545
-0.841289677047342	0.372404327111232
0.243043720588146	0.135607666169477
-0.586900170927205	0.449109109277079
-1.83267164762526	1.95095053288376
0.219585536502069	0.145373163503038
0.692823653879114	0.705372221800067
0.251245443204468	0.29529149644223
-0.499422546544888	0.845938087228389
0.418425744707501	0.579088450867972
0.0606847908395929	0.0647604221378633
0.306068372663585	0.340148656373707
0.347648133446689	0.420784955891008
-0.0181018418495216	0.0167821336072665
-0.324836895881573	0.323025797109746
-0.733436308823475	0.440984433572036
-0.131542126886205	0.0844506150772297
-0.0874022993593142	0.0590989277296919
-1.09030236828026	1.50717385713049
0.350895582364642	0.426894386114351
0.0306433441973177	0.0283029334165738
0.381434321979452	0.570016594350182
-0.1200494863868	0.130582540416726
-0.295821918462721	0.356479851002695
-0.0515139054762317	0.047322650852267
-0.290299231305294	0.313360543215345
1.34338790554362	2.63809762189517
-0.294458151333443	0.298263237866118
-0.583890069772683	0.225365877892044
0.0689149586497549	0.0311256982524715
-1.12763928264284	1.16166564121162
-1.04955362735693	0.524409988064455
-0.278988122148694	0.15279565006497
-1.00672732759787	0.735270892696085
0.601205260471246	0.475400034023738
-0.383857098710902	0.179468195685882
-0.768322898250729	0.609144596204783
0.0590143324192174	0.0610567478834935
0.0679350680092134	0.0646509435328527
0.0883892809789186	0.0922900081215466
0.55378830793522	0.926600386088174
0.421785391374963	0.565014208035
-0.066158866908885	0.0645162186012518
0.262534277862777	0.299387223672691
0.20576474046071	0.167575766350189
0.091912593341689	0.0517103298613866
-0.0427904714371275	0.0242560766548131
-0.872360632465342	0.742594876625674
-0.220906431512239	0.172829097045279
0.0560239165829507	0.0442270999755899
0.105508866573062	0.105367817585518
0.252130335188995	0.287227414517643
-0.0687322678247656	0.0679763344426912
-1.09975402049595	2.44076432073798
-0.252943365038556	0.293278556413351
-0.549156039777366	0.368140600439688
-0.0897118645534787	0.0465399593578095
-0.485148450202411	0.46010103305449
-0.271415274333768	0.148278245076169
1.03467189952794	0.855673763216151
-2.25099627729417	3.17014387820551
0.864351454480126	0.778819019731998
0.335086269497678	0.245903618420182
-0.139846962147171	0.0899316242331788
0.251159760162013	0.326594454061128
0.0369889954612027	0.0370683741749282
-0.182434078048164	0.214447396020879
-0.199027238343715	0.194767622732315
0.631793577283607	0.898213903323803
-0.247348050003416	0.303814097741215
0.209499044665949	0.229829904774627
-0.640803182431896	0.76028306543336
-0.131164873726282	0.0845560941570949
-0.420133520929091	0.257927453617237
0.316158070807654	0.238455365256192
0.634784013752565	0.73365299918453
-0.00707784349297662	0.00608514888391903
-0.373284184771427	0.412217582641696
-0.093643947719001	0.0963934082494195
0.0514716169913105	0.0385124590548284
-0.316887831326484	0.403076187209499
0.571714329265186	0.868742584712372
-0.64018976287033	1.00420821906928
0.0702155117461368	0.0318299637757158
0.092165498138335	0.052029217113756
-0.391357647484744	0.182340122733603
-0.280171009369204	0.152552469158805
-0.702959525093084	0.665723351628176
1.20238704175539	0.641069787889058
-0.139017811840861	0.062053296972884
-0.325686364063764	0.164326847886082
-0.547222347410122	0.464677043375502
0.816768798543418	0.767607124081334
-0.0687532010186764	0.0470115779392932
0.326863154632665	0.443698753328963
-0.193700815342603	0.218047469076338
-0.173903015105393	0.196385851750044
0.162992651464658	0.180056632682235
0.228493518089857	0.27046940407013
0.783147418111582	1.33604172058981
-0.0384601254060584	0.0350421193384722
-0.157393660911483	0.116901762731743
0.761746312960447	0.639078836372176
0.318171012179212	0.258595192733478
-0.483692531521311	0.339316436231839
0.754508952860793	0.808563217239671
-0.272619206421909	0.29220860825164
0.0432991915914101	0.0375365622022554
-0.467195316540367	0.662826729796057
-0.274703166368377	0.298987396393489
-0.228256147585237	0.2189583066493
-0.181752158586686	0.178567176923313
-0.0556016843924865	0.050618848573286
-0.26039566145111	0.261461326282424
-0.199956698860673	0.204174036837446
0.119985030824013	0.127489908567385
-0.563192840890576	0.820859115830384
-0.878433565684613	0.579947612129969
0.822636990249605	0.425352320182039
-0.173172953068998	0.0696650723275987
-1.56431036828826	0.801119895673552
-1.23902592168746	0.699184310345392
-0.639674645824532	0.408054855188071
0.383622351006283	0.240988192874595
-0.203064272882532	0.122234455938913
0.584504937824988	0.572061456253786
0.397712748645155	0.502762162018129
0.102352044820932	0.0967448481696007
0.31885107058384	0.356980221727738
0.510064221073721	0.623843708735327
0.210842945672303	0.215693842649705
-0.220332689285355	0.214236359783548
-0.231812763275265	0.222033272602962
-0.549070148011842	0.545293864271292
0.41917816175615	0.24639397599721
0.476957380009579	0.360749467116076
-0.734856562396154	0.442561836541732
-0.962775373785991	0.881428360254714
-0.557118137092544	0.561090650373134
-0.625199998653125	0.664709445240634
-0.769825748471289	1.18413046603573
0.0367769284389319	0.0257312654968694
0.0392906464139293	0.0273768646384852
0.0982294370429521	0.0887799071811821
0.295451550752811	0.339997624391366
1.26292019147729	2.11326472939374
-0.707422358862716	1.00177145526239
-0.284754992375984	0.31050866940495
-0.0191716316834592	0.0112913980442644
0.711424891086258	0.698451344676624
-1.74838160299249	0.993505879235856
-2.70005671218348	1.66317997034464
-0.065838906597008	0.045059360691015
-0.911019023327451	1.14234495309624
-0.00773468449691995	0.00467785789218053
-0.328241110063747	0.303384273828861
-0.00272102261168807	0.00261477779845579
0.114107809583946	0.118714277302304
-0.0898672808890092	0.0930035470384065
0.15304765624142	0.156243653535927
-0.391182823235618	0.440056738935901
-0.282041610495256	0.323945206083345
0.171090029544305	0.189696876726126
0.0718234691617514	0.0612170304532238
0.771201979397497	0.744696995408158
-0.416494512960479	0.300567016757591
-0.647103925621214	0.762977693778924
0.105394872657389	0.103618609726728
-0.00624575179643469	0.00531318530879963
0.322858848645856	0.409173591915434
-0.484608517821879	0.596494959636746
-0.277099583089797	0.151352502869847
-0.0415852859660533	0.0296885672490757
-0.107080095432493	0.0809535154521431
-0.974442054393337	0.887627877713018
-0.505372949562147	0.551231926192266
-0.262540534612306	0.320420920402061
0.321992228630575	0.358974060079624
0.0789249219946793	0.0677431123239236
0.72414570911486	0.974884666749724
-0.756425424560415	1.02380288812405
0.259727853991571	0.274115098662358
-0.255279704403311	0.222683773017259
-0.294021418420474	0.274165348384326
0.450922814085621	0.430652918589983
-0.203064362898317	0.163188220749299
-0.46653235635374	0.473742351804684
-0.136349483406733	0.11589815698084
0.0587298980121337	0.0464618082324906
-0.0820927515996396	0.0658821846632675
0.105179891377002	0.102656542145223
-0.108524988927232	0.0840258047140705
0.534526356105196	0.623829303791663
-0.422643694686996	0.472525175095029
-0.212133354906809	0.189443043634953
-0.22827968373751	0.199420001877718
0.384857958061956	0.335815197468824
0.111160912513426	0.0760337906292972
-0.16229911730622	0.160401632910948
-0.344211339609917	0.365708591863279
0.144951091600194	0.141568817005252
0.6311790714803	0.893859082421271
0.0670355467179769	0.0626441728454538
0.0013410989215084	0.000856416814191057
-0.857266986352163	0.932434238840231
-0.150951694718887	0.111669709984994
-0.241315142306971	0.168189910380595
0.463320371842195	0.356878087522897
0.0362704804969158	0.0254399771823044
-0.300849752582723	0.253377852100546
-0.652021917340598	0.631650096729423
-0.644243472783538	0.927031019224266
0.142885523873523	0.136023221221946
0.0457442135575971	0.043804047654051
-1.35504744276694	1.46504110253455
-0.235550861093719	0.163287106162505
-0.047819904361122	0.0271914413837908
-0.0599428947301784	0.0407491852607184
0.364350569017826	0.538317760636948
0.487050426504608	0.668294051909179
0.936184511000211	1.03491838881844
-0.315926021438591	0.210598177789256
0.202510394732867	0.150883796470198
-0.449397209787631	0.396538477139879
-0.0407792365896476	0.0291731604403945
-0.687874635953716	0.561632042863936
0.12921053498263	0.101021281836562
-0.801783155670566	0.935365522623669
-0.133658792448594	0.102240394452209
-0.0568211212079737	0.0307253774200531
-0.513815637889747	0.524577252208369
0.0575260409485386	0.0437996300856519
-0.792316466749281	1.11681129392931
-0.35761455080713	0.401568548137947
-0.0730528031980668	0.0652618449263673
-0.123891044005828	0.126675986605679
-0.0560357825568877	0.045137521491966
-0.13642105045038	0.103089211991862
-0.860529675775264	0.872067246489275
0.00844540359240838	0.00676027767345785
-0.12206995502999	0.0930942767861884
-0.141155058753098	0.1199235450603
-0.789942378133213	1.15440900251482
-0.796908065969651	1.21993564223827
-0.327448204031469	0.303506145360599
0.000691123285055186	0.000494978340643932
0.0116466109437015	0.00720097389344287
0.219322034040779	0.145214960325441
0.0213885195645287	0.0138930942466131
0.976677746854572	1.25178967732867
-0.0441977259033786	0.0436927778943789
0.36157024655718	0.434922136579703
0.233190325686519	0.129708707157293
0.62341880818828	0.569865546540744
0.859075526889565	1.14919963757495
-0.0853264405314229	0.0574892906697475
0.0495365158543922	0.0360108180771244
-0.0861271325295111	0.0678790209594745
-0.38427902112663	0.178861050979703
0.082558098902597	0.0273014951400138
-0.390106056190049	0.11275196876654
0.165719814080059	0.032118911098423
-1.56339879997311	0.559087917942227
-1.1663387915426	0.353796776180306
-0.323868340386761	0.164161395834974
0.869768726528323	0.550850853741666
-1.24581833974287	0.6960114477778
-0.572441775926095	0.304146536239073
-0.145958341010378	0.064638989307817
-1.03541800185463	0.641888248187579
-0.281281381012442	0.0918359242783691
0.104522548275487	0.030451402882796
0.0971329655172411	0.0282318626504774
-0.427020931483999	0.257889983475218
-1.0898022780586	0.437598767378414
-0.134696720293855	0.0597594826024865
0.0645172343108445	0.0263744794274287
-0.588633041171092	0.228206887041441
-0.323153957862754	0.164512524305154
0.221591337439576	0.130912825256229
-0.280321014485851	0.0926837226912554
-1.06132333554937	0.531266164498555
-0.281972984391248	0.092695894956706
0.134580624513602	0.0332822882767434
0.0719137689254005	0.0294213423175959
-1.55975746466202	0.55696545252166
0.0630360076370342	0.0484844398436646
-0.0991487100816732	0.076070802223935
-0.033669462793325	0.0243542042261901
0.39532268702179	0.433944680468146
-0.44386494265427	0.424503180461038
-0.504777045094364	0.65115516240979
-0.550140174041761	0.663902941715576
0.136149815006681	0.12138480793621
-0.421138897828938	0.6080687331054
-1.02222370958762	1.66144987120757
-0.406236594115612	0.392344837199838
-0.919760245145697	1.65256322232703
-0.0201432573141366	0.0168520593153917
-0.244833835594016	0.287703696339022
-0.445263977298552	0.603715703894865
-0.0942525406066533	0.102860683086994
-0.46234485609898	0.367945655589983
-0.467053503981048	0.571321645083797
-0.154369599363819	0.163334884403224
0.083141928489279	0.0891124525836122
-0.371537036977978	0.407117710288086
-0.111378629399916	0.0539941606691049
0.0773231538451444	0.0412070759325418
-1.24208693913817	1.08352836406108
-0.420743892275201	0.517292001332968
-0.329220110777106	0.352427728993319
0.222637102095548	0.140309701381921
1.31613943500159	0.947514482992426
0.225874864035405	0.135429142180106
-0.867254073224866	0.738146786331028
-0.325614712694763	0.166821577293185
-0.616227239228743	0.519901034077421
-0.572543981397476	0.301729353750942
-0.0916391687091101	0.101443983602601
-0.00732907598015184	0.00945569641966794
-0.229152359711185	0.323206599197921
-0.108161136327763	0.0843516383273934
-0.145714996016029	0.147051246890996
0.0198828963361535	0.0138685239018901
-0.119698663652031	0.152730977958137
-0.313189067083455	0.542252013969709
-0.0403701879497812	0.0510106534352692
-0.183462540962946	0.230963849238121
-0.334517359689861	0.575142665185058
0.182804228752947	0.321202475844923
-0.426974670969945	0.680767199810312
-0.291190550859027	0.44187290451532
-0.357325064021168	0.573259339509276
-0.414648293064532	0.677960932051545
-0.0775554997029013	0.115858271924613
-0.547630174851382	0.368038622805978
-0.137649504295041	0.0614860649071884
-0.164675668434929	0.103204173190004
-0.125404646148642	0.118141644991884
-0.121194237643406	0.162887238030274
0.154565971214908	0.207093179177246
-0.14258155058938	0.107716203514915
-1.55709170507295	0.555548176040839
-3.47202911181931	1.23103389985516
1.27789559971424	1.09006709781475
0.831559884576729	0.428051522247762
0.515085291472532	0.855554776403968
0.520628024894766	0.606124169739952
-0.176468438728591	0.0712823283874572
-1.55816239072764	0.806953138795292
-0.785510297747507	0.274807822870996
1.20603025919315	0.638883155209506
-0.471861364277958	0.200899221696111
0.00599191168293842	0.0053667563702436
0.00134930963414672	0.00146846079048346
0.103820542492308	0.103562739464257
0.310846592362269	0.516497185231686
-0.492780239899737	1.24103208312701
-0.471244652521015	1.15541713607359
-0.0134153174782447	0.0164360089665561
-0.0200189682568242	0.0272272106426572
0.0351429167530624	0.0533179076474001
0.0861238204835253	0.104729860509593
-0.122715710007639	0.170886874782489
-0.0665067338866466	0.0689694559423444
-0.145301459716998	0.0649066299784911
0.828585571655111	0.664814290690752
0.350607620983565	0.244804442428514
-0.103268248999025	0.0893232724164808
-0.695288974515477	1.11591435336266
-0.172840804806973	0.183675603090309
0.116473518436734	0.0795758516524499
0.0693648335837284	0.0312802827276868
0.0735319248615249	0.0271371945758418
-0.39253472880953	0.18309751489895
-0.322094315206559	0.16366708236961
-0.38880875813668	0.112228426170382
-0.218087388523012	0.0802373753364199
-1.05265653204335	0.530556549962529
0.0806674114381985	0.0676280292471274
-0.479268968513595	0.453731152260049
0.318512189615892	0.137436683570048
1.50463165938496	0.723394124986539
0.0666639228874761	0.0299455393009567
0.997741689418776	0.471063603228369
-0.17200301975216	0.0693627827644989
-0.324509868086644	0.16477835026777
-0.0923422096512194	0.0960578302070036
-0.12504867663152	0.13722205754612
0.209651651358206	0.171928973690313
0.0615688493234226	0.0787495789050704
-0.0984436507907726	0.179502693872192
0.317658912243899	0.76340049244399
-0.147998738035837	0.237809585639508
0.143901228621084	0.22802105682459
0.302266849067654	0.74289358423027
0.160106502390084	0.181730473908236
-0.632669543847687	1.47064208317378
-0.243716427170972	0.286362373187116
-0.573923393677413	0.306196740900234
-1.40518227980267	0.877970481426848
-1.03095547845433	0.631489482110601
0.00176428590476159	0.00129843778908943
-0.949773214696412	2.0290634910528
-0.212257760564559	0.272944189461404
-0.195424922746931	0.117034477536103
0.465007396929331	0.163757650783096
3.25902204351545	1.1057488043146
0.082558098902597	0.0273014951400138
-0.737890798525464	0.442312455166066
0.626057398278677	0.194690437073751
-0.288864825542078	0.0948491136794309
0.0831653344700419	0.027221527256504
0.366252891753709	0.422424534384876
0.463059312177289	0.356121189627687
0.467835554520711	0.164483539903032
0.622619267673717	0.19534691993008
-0.231691555832059	0.220222559221656
0.35629230516746	0.743220575283941
-0.180045063947167	0.337047199453896
0.0405985635353567	0.0613751522911634
-0.134080090576508	0.188154608962548
-0.00900018417972543	0.0113394096025795
-0.132009882385208	0.18976480600276
-0.0468337728493268	0.0527894492744214
-0.14802714094866	0.214608231278102
0.0702890199668845	0.0259890387489126
0.133707491985628	0.0329789895417372
-0.217994031175173	0.0801917593504676
-0.0723156142832506	0.0498322258526983
-0.0926020811025608	0.0880625321972351
-0.131544592369294	0.140883769484744
-0.481127429890589	0.27463790253007
0.0917203747625472	0.0266768635708117
2.06419285822954	0.895193324846409
-1.88122611969936	0.767315130455873
0.0844122789203791	0.0277183543732037
-2.57196810381088	0.687583434747214
0.0688332521331319	0.0282832559567393
0.133707491985628	0.0329789895417372
0.408998833076628	0.41850181131247
0.494751519021214	0.454329561255969
-0.0129905250940498	0.0133656653585685
0.0494508374724212	0.0551244583882843
-0.212658048409882	0.345184460038744
-0.252467253851791	0.412064876489569
-0.00728539349322957	0.00925240480332656
-0.116346992752418	0.159604239563048
0.064085980155305	0.0853383160378515
0.0545995200116393	0.0630683092514359
0.129077163765249	0.14297110403069
-1.53923660586678	1.37642530363682
-0.586195727986191	0.225244348789784
0.0826554483187954	0.0273070224947341
-0.16724515245111	0.0675781546496129
-0.140971876996736	0.129618621408315
-0.354220043683203	0.349501649573753
-0.669207803881936	0.489252589946423
0.625545825050412	0.19581710979278
0.750924872044659	0.305288755338205
-0.389198863236944	0.182344733542956
-0.8400205183428	0.373068218527666
1.03805718997189	0.853177503612796
1.38514922109825	0.830603494479094
0.527075522451272	0.535785639693008
-0.0414899949207372	0.0343696059594835
-0.130712377904135	0.187145475195471
-0.339082128099717	0.83712820743337
-0.149780676764904	0.258764927944157
0.602727143569024	1.02958125341326
-0.0785187231840777	0.0624301873044709
-0.121172805423384	0.170479014698826
-0.2678739892959	0.340740960699148
-0.839345856011256	0.374428244004784
-0.274621280192125	0.148937830852535
-0.479844953991353	0.637155933171574
-0.048091442866887	0.0435000903930133
1.38585728650298	0.827733360000518
1.50454401071683	0.731144176225521
0.667485899997293	0.897963716211391
-0.0892896563096194	0.152148890952173
0.0359768660768037	0.0569508534160455
0.0243451800853425	0.0330844888579016
-0.177980664321634	0.290570758843002
0.321773477312352	0.52467820799497
0.150490463224149	0.147723990113545
-0.129102759790461	0.180455952156726
-0.00572825852839409	0.00613970567821239
-0.0780820824762697	0.0924538508127749
-0.352272853864381	0.441136788693314
-0.170263091907876	0.212253572754105
-0.292655749219432	0.296087233405096
-0.717230140878813	1.12417799668874
1.26617237586217	0.544237689615947
1.42314513115208	0.464520674256509
-0.513057109253521	1.04810361474033
0.0951021430613428	0.120765033780598
-0.0219867402424295	0.0259051822015359
0.0578928916114971	0.0671351437339115
0.597047674079186	0.956603402587115
-0.117397990177555	0.144410583489218
-0.0769404141858274	0.112687122592362
-0.0479969581634189	0.0637956242338102
-0.00693764441491008	0.00819181793043784
-0.0663130592392459	0.0753288573824739
0.355790198272667	0.564955920068647
-0.0333828628346717	0.0374117394677693
-0.203958826806703	0.228055546746666
-0.114246459173564	0.136850184232474
-0.145796475588713	0.195794460268991
-0.0919370737492307	0.116238033327207
-0.130399811826069	0.178580740185264
-0.346100176623491	0.569955042196714
-0.144703542839133	0.165987481969021
