x	y
0.384977769985203	0.23919915494323
2.06205091907633	0.901569568491196
0.415770324697665	0.245282829198599
0.565175558836654	0.369597716338838
0.612039975334197	0.275189094957215
0.990491925275519	0.461688774429154
0.821309470372242	0.423230370868171
0.867158579777366	0.551166797448939
0.708473642439502	0.397653937300489
0.0807698904932284	0.0293468835900915
0.279391334922389	0.132288177044328
1.71337332282129	0.927761774665652
0.525474362668949	0.257792883622675
0.564260588413946	0.370319736974232
0.0639728340230533	0.026277553793259
0.984759554462192	0.364403212406029
4.52563196646421	2.46105560296837
0.0669586097425994	0.0275120383037179
0.0697531346568329	0.0286436318521398
0.994216674277184	0.467564201285153
2.29513759173243	1.12011878852641
1.42380936571803	0.464332625195306
0.381243441101558	0.147678210401033
0.75725327487272	0.310407208209414
0.0833374925807494	0.0274653619700873
0.622079022004482	0.190776277021093
-0.791426496769117	0.273604206025069
0.0862185678668648	0.028348922521292
3.62107653462254	1.39166271362354
0.163659914308261	0.0319253139355892
0.0999867485326459	0.029149847138739
-1.16590615448339	0.351201143085869
2.30085696442628	1.10625256357328
0.994134747743035	0.468425688789262
0.133925459616961	0.0333863221239572
0.234247197657269	0.131822873440055
0.240263813502885	0.134536317679754
0.940090400863303	0.246697605273809
2.76031666068075	0.80609461503235
0.134580624513602	0.0332822882767434
0.467835554520711	0.164483539903032
0.133487547685943	0.0330756337612284
3.2565918874831	1.1050644302855
0.753074878482267	0.30654294232232
-0.319167263745124	0.239430248233375
0.38104881105835	0.238347791356492
0.0880739275564029	0.0287926211861128
0.0773087476816271	0.0285285176364431
-0.3236716441718	0.164581074097728
0.251124530506633	0.128608185313035
-0.479822223603119	0.272969797066717
0.37038332711961	0.143557817475705
0.0736369275090234	0.027210195538483
0.0732624209407264	0.0301241896140021
0.0633493914807591	0.0259729121139909
0.472760813704932	0.163085931148018
0.702665703576254	0.395213951763048
2.05926724925634	0.900482160133906
1.688502026226	1.89063094231878
-0.416320925679332	0.335380408881473
-0.046975212672286	0.0265543707719495
0.380061483200544	0.147086055909209
-1.17818735096844	0.804151632327123
1.54137599377438	1.01151287655317
0.999699362363185	0.56367248889929
2.29878938774905	1.12311268037973
0.105081026275324	0.0304249291072773
1.38364191546085	0.823096599604635
0.0768702787110517	0.0313755593060014
1.78004190881562	0.684060345345096
0.619659147063242	0.280559925219425
0.073431908123437	0.0387052661218141
1.14938691580828	1.02927927031745
0.77289501023328	0.528976431823871
0.212999159502938	0.133694323232689
0.618904164119048	0.377081463674536
0.371057390878843	0.143767169308926
0.980775883816089	0.36599399400451
1.9760405399428	0.493213117693187
0.872021838461195	0.547873873767264
2.76098037058925	0.812188394353738
1.78420478138159	0.678695687668025
0.0693648335837284	0.0312802827276868
0.214160662748749	0.134089407234791
-0.360447107005749	0.23118803327466
0.521560685731046	0.365587446369634
0.0652187860858339	0.0267350204728494
0.881478516030819	0.795533306101778
1.42380936571803	0.464332625195306
-0.790867272495138	0.274544160007734
-0.529356700771713	0.49068923976036
0.0778243392388322	0.0410491054145402
-0.464301238282374	0.367256039158323
0.571585540655983	0.472873046794751
0.0847299492376715	0.0481155698197607
-0.153134116234369	0.0671960379698212
0.948632012245795	0.82557762179679
0.364795652870084	0.140096442696446
0.939435318789204	0.246610398890443
0.867675398894578	0.547820624665587
-1.68394929964907	1.26675726949032
0.316998098826858	0.238255622008297
-0.863357292427934	0.874122528376645
-0.31647876782403	0.207233009126596
-0.990128772591011	0.831150194626745
0.23251413084118	0.130530426498811
-1.31809501021023	0.994033244396924
-0.17779803637986	0.072249321254891
1.4252914117679	0.462007722411423
0.715640981865981	0.70515642069688
0.214806380461058	0.135060906747513
0.222630127766475	0.14089810124956
0.607407073477343	0.48866632256898
0.0750063587712772	0.0399677246001366
0.52168580529889	0.363156386023042
-0.233920258863338	0.133732441367289
0.255631568880429	0.13292017991812
0.217812646448803	0.138008901599912
0.704909924094355	0.509166678351211
-0.877837148236267	0.582836135862197
-0.493214885029878	0.283326962143516
0.380061483200544	0.147086055909209
-1.13028521684421	0.909458904439469
0.624191877039872	0.381341512765297
0.203630728519794	0.15703136131999
0.458984028916822	0.247010444989429
-1.1663387915426	0.353796776180306
1.0206842303655	0.72397820178409
2.29734246650929	1.1203750831082
-0.279021547659075	0.0916994777613714
-1.43077242661342	1.17557621424247
-1.55630384437353	0.796832001762128
0.0758798567500059	0.0403416531324204
0.208971855142079	0.156476393947965
0.0906068340750148	0.0539279040744321
1.04370414240299	0.96328062794629
0.462572009527524	0.249629719606898
0.564731211492779	0.3717655911299
-0.361084887845689	0.228133487034183
1.50745395376443	0.733906884256128
0.0667957279287884	0.027445698367091
0.389565775150871	0.242988136110392
0.504984357503728	0.52631688434531
0.277483866909123	0.131552853267023
1.01407560766511	0.718161916594596
1.02215033399236	0.72371443231265
0.523965919543708	0.258752461639989
-0.174149678111802	0.070873157448774
-0.678512128839688	0.331176419233809
2.50220739715343	1.35124354614248
-0.284392038770571	0.094028916343425
0.0171070491150151	0.0133340835701843
0.0284490387191088	0.019241829009509
0.115456796023144	0.0850171841799188
-0.295021995299656	0.22791972437604
0.315628588459467	0.136398646227853
0.936662065549594	0.245987967322767
0.463741052737693	0.163066696140039
1.42551433969465	0.464150673012566
-1.55825797222393	0.560915030422003
0.133271254304781	0.0330736858737192
0.743610698138803	0.300263476622545
0.614795958121372	0.274661901502934
0.773295440977686	0.531284681216069
0.20058260051904	0.217968729522505
1.37887644750967	0.814015487043126
0.754466660561436	1.04635509165843
0.768275447759949	0.738283771245691
-0.088147374008996	0.0592850620113617
0.0915573766812604	0.0549954825852987
-0.639889036078419	0.155465657511814
-1.78355593853231	0.415040398756502
0.163786424348353	0.0319491236824782
2.76098037058925	0.812188394353738
0.467259169041621	0.164195900844227
1.42447457253433	0.460766549668113
1.97547028331465	0.493643388518992
0.129702346791422	0.170776472464371
0.473331097220791	0.607079331569079
0.372801280336918	0.145288309234292
0.299372525200015	0.25139273660436
0.481830538989083	0.434126415881784
0.119728187445344	0.0906016609521802
0.209674379622483	0.20581656875851
0.457333171908461	0.349805651371723
0.625409925972999	0.19358581281195
0.163659914308261	0.0319253139355892
0.932859532871521	0.243517243890979
2.76164585943614	0.804933473584711
0.192098823165887	0.181385544366625
-0.22961635972965	0.159865295148604
0.21601540577564	0.136484539831465
0.0708603799455749	0.0348866566048546
0.22189030790966	0.14811692424765
-1.14610687665907	1.1940167806832
0.277989934496976	0.132800198172598
0.0666156935536434	0.0271079762351418
0.469133474081143	0.163814067909815
0.624899495342388	0.194695505334991
0.0788786542153796	0.0260382194440598
0.00300581716912707	0.00224140753178824
-0.315774252110974	0.290101622881988
0.303780986435538	0.245232018084675
0.237103915842863	0.131948160415965
0.232267663338379	0.129818386567716
0.826613574318771	0.42817474832775
0.134141369892695	0.0329755067389848
0.563611416444892	0.370943319342016
0.489315014384238	0.72666145052972
0.114676351798366	0.11752775996984
-0.223255397477441	0.234453366734472
0.315727541105804	0.136457985534746
1.26903485065789	0.544915109346076
0.468700819218951	0.163693269937157
0.617510971176847	0.192010662028043
0.28371371732536	0.134899501694652
0.330487207735483	0.250092978984307
0.478056008897849	0.344556236496107
0.320737486834019	0.243467668512728
-0.192060597575171	0.172464278583773
0.942355105008095	0.812416246798792
0.163659914308261	0.0319253139355892
1.42336872762447	0.463841960726504
0.206830699259158	0.179637249494538
0.121232846775641	0.0948188239080704
0.804708899455635	0.844418561931131
0.984303628045854	0.455278580049854
1.78004190881562	0.684060345345096
-1.06274194653806	0.528282573813276
0.0682147803402425	0.0277400063434243
-0.585661532921362	0.438158525780165
-1.3406178438758	1.23329176168058
0.761499445612828	0.637354545380428
1.15138425436766	0.88304829982966
0.104460235718623	0.0687955207147517
0.282343869711893	0.134684696258411
1.50745395376443	0.733906884256128
-0.283700683449066	0.0937434246457278
0.468557085842939	0.164670323898188
0.980647452713659	0.362963151381075
3.62107653462254	1.39166271362354
-0.203405900155359	0.163436971503946
0.847826274042968	0.868692700366798
1.19201389992416	0.621178193459724
1.384166480293	0.818335066549798
2.05503721356062	1.95093359023186
0.627152446163639	0.385565360817139
0.827227941132473	0.429558706524943
-1.05265653204335	0.530556549962529
0.391705668533858	0.245366191825951
0.224839969370887	0.1236799039286
1.15833632358257	1.39873583842181
0.236162857010254	0.132083656628064
0.618943919129985	0.376097801842549
0.574379459714281	0.375439659251671
0.237026967116818	0.132462855831316
0.61739391895516	0.278389945638731
-0.179524812222172	0.072436635976968
0.0747095295104298	0.0272162497955922
0.753074878482267	0.30654294232232
0.378392467045764	0.147777492160256
1.26548451956171	0.542796260351392
1.70779331082619	0.923808110385154
-0.0460027882885294	0.0261039433266368
0.529917427871625	0.367935852305424
0.0708898011188004	0.0261764793382678
0.604075902277486	0.484166982805203
0.619825336568926	0.378745817700595
0.0868053659238649	0.0285797585746745
2.05710919294836	1.36378006775059
0.282437043199721	0.134150004017248
0.994134747743035	0.468425688789262
1.26975493617444	0.545870640727711
0.081873967870621	0.0269399899837952
0.323853660700656	0.139469112890626
1.00571177526427	0.584671921477593
0.70824436411741	0.400267259702823
1.15250319710299	1.03460051857628
0.076478342186766	0.0432265244446465
0.465233444533237	0.25156980746961
0.415880187509503	0.240836319807278
0.10519628489181	0.071264780082484
0.874562389266177	0.556167154183559
0.517872163682713	0.362221258539122
0.616793408413798	0.277502572634063
0.133925459616961	0.0333863221239572
0.997069063863235	0.470868177372939
0.995803245844559	0.468949771077173
1.26617237586217	0.544237689615947
3.90414138502333	1.67239362430953
0.763767585055205	0.636330167817532
-0.680990538075514	0.5552613050158
0.0755345102613769	0.0278322263549384
-1.33871363523482	0.610811455530862
-1.16677175880733	0.353813253690907
0.0776012671993859	0.0316213676712282
1.26961298119583	0.541081832282185
3.261468973893	1.08978222533579
0.465007396929331	0.163757650783096
0.98407377907783	0.366453047925217
0.939788369692413	0.246515323141127
-0.283124516934905	0.0937185339860193
2.76164585943614	0.804933473584711
0.22538331149128	0.141755519732902
0.115149748003966	0.0789017372873421
1.310580328821	0.944850360706759
0.072987490491472	0.0384280730624893
-0.0669749687364712	0.0468457473817185
0.566727659083066	0.473339447335405
0.357168090515865	0.236586118151091
0.122678231972509	0.0978853326645978
1.26548451956171	0.542796260351392
-1.08681293384492	0.436195432282153
0.128703972957949	0.0319889921983585
0.665321107507401	0.595135684937461
0.205463900657581	0.147304986215382
-0.189619897703788	0.113978031489112
0.561679928047566	0.370484186023922
0.24002551352146	0.134609954469297
0.0617539239160854	0.0252707282300586
-0.0708411264027401	0.0385274309270943
0.0660619133842915	0.0271850450494382
-0.634474625267713	0.406633855101149
-0.470531252638211	0.198963907884397
1.38152441499461	0.823870185922236
0.75713284014556	0.311082427833555
0.447291531694353	0.356816363334994
-0.414486409654105	0.296652014830629
0.637073790903131	0.588052979032485
-0.046285982079921	0.0262233757165026
0.251179538721435	0.131109072151961
-0.281476836384645	0.15402256360364
-0.384896423954057	0.179688199015658
-0.123366712771397	0.058340399466554
0.234247197657269	0.131822873440055
-0.390466134450405	0.114207620517753
-0.283700683449066	0.0937434246457278
0.0839236022372932	0.0276941060567698
0.423249497274484	0.43067552612811
0.371623940476843	0.246755070094277
-0.231591023628721	0.134158508531803
0.701792440642438	0.392393718212357
-0.0467669724648954	0.0262412012191709
0.0712169845623006	0.0291096180326506
0.470785812215793	0.254565674763093
-0.634354925670669	0.407227064942436
-1.55827146507443	0.800664919137366
-2.69874591371252	1.6575720207905
0.459515119262792	0.248135487948289
0.710496342385995	0.402870549771682
-0.329920520965365	0.168412378099194
2.05922149085931	1.92154614687957
0.631645901477357	0.579232093353374
0.891843021868142	1.00977176081262
0.317770688387222	0.137244270339329
0.331110442578786	0.250876992204395
0.220166436872706	0.138656753777783
0.610319051690691	0.488745076736437
0.301066324052799	0.243588513332826
0.421887827726995	0.247885663842244
0.0611672563000933	0.0274772553645375
-0.763060344048739	0.537972230745124
-0.424877448084715	0.259406714388178
0.21731174944354	0.137494682384359
0.486706954191339	0.357946981708007
-0.235119147145301	0.136161955597867
1.20299045490496	0.641888668435994
1.38081552210439	0.824232677112136
0.98394802826387	0.363984610542907
0.982700209031034	0.363989286150721
0.265608245661655	0.26297845881776
0.872969605091414	1.23198340973186
0.526255239714853	0.260424728276403
0.762111638339069	0.623086324100854
0.994808869855531	0.468170594411037
2.49732683969002	1.33863707234057
0.0849507047437414	0.027801683375597
3.61777006975253	1.39242507742941
-0.786814061774511	0.269858690199098
0.980775883816089	0.36599399400451
0.128910057410825	0.0317963252686502
0.753571413536895	0.309463972555086
-1.55875747069186	0.561897601836786
1.77822198684398	0.683613630208253
1.0092104198012	0.59055428911251
-0.233622330016569	0.133278766027457
-0.580807652501366	0.306512933371408
-0.14301294231685	0.0919090831063285
0.303912154803779	0.247298679242653
-1.26975366267981	1.30487441482021
0.824305129696114	0.425601218251414
0.830234531746492	0.427355513831415
0.317809150744742	0.240567247569799
0.243463500516429	0.135925082963132
1.25127654505933	1.34324415652899
0.306582129454515	0.239423317829281
0.0650950405682503	0.0321307372276321
0.905107554492933	0.683342854002468
0.466057805975203	0.358980483767217
0.898884712749089	0.670955473138089
0.523212513069419	0.363958363834148
3.23140280100954	2.68497113208598
0.106326734435036	0.0668861716623665
-0.0225446216455995	0.013213686971104
-0.171605879065846	0.0698683792593281
0.094525300086411	0.0274778470661975
0.937310940021799	0.247681996839871
1.97547028331465	0.493643388518992
1.38444131906142	0.831771178104998
0.339808628416541	0.247932004305936
2.49851279466971	1.34570572203614
0.102604893354435	0.0297952404854722
0.463163017399524	0.161706881929458
-0.276836158185262	0.0904124638069009
-0.283816265891262	0.0940046780297161
2.06135081217216	0.89997766608553
4.14422800089266	1.93795209193351
1.42595936707127	0.46464634975394
1.69286161193865	1.88650171178272
0.361988361216883	0.240832757728694
0.0692426882752239	0.0282967680648066
0.205961003684964	0.1473214533169
-0.414808134391663	0.403425613943064
1.65280555734325	2.5173946787693
-0.32626139948066	0.166877753001368
-0.469119502299956	0.199881428567635
0.300989922971255	0.259124386364579
-0.0919204518177092	0.0732012543078037
-0.266680593987153	0.271839983665442
0.429803215907612	0.418181913708415
0.936887207187766	0.807857776788747
0.206785514939288	0.169744664878972
0.563723818720805	0.639222428340004
0.322237318499772	0.245398543599446
-0.17017180730567	0.069239171435283
0.121383411132561	0.0889778487571136
-0.863723038895765	0.81020137045636
0.340597937746939	0.236053514351613
0.776291944286363	0.529774282101592
0.203676791403238	0.161596981440408
1.57081025209329	1.36178422534843
1.89128216644991	1.14658335365811
1.42101126439911	0.457720047095474
3.90261706492631	1.66907818633132
0.147263061256875	0.143986250864406
0.717014449268032	1.03647907049067
0.432977723160797	0.342921459990472
1.27513213919906	1.08644355435958
0.0736994723882903	0.0332030053445744
0.0690486478546036	0.0284466947125538
-0.587272542856562	0.449688720067663
-0.491127785800658	0.283076220207466
-0.152392766109464	0.0667889055053651
0.247526292255824	0.128224556100747
0.369873070726338	0.144003268924923
0.558375845542284	0.643058296863452
0.0210717211286919	0.0140603380964506
-0.00558098987689117	0.00344013082369417
-0.0979749051178063	0.0758339714679928
0.621655724171996	0.661794078190159
-0.777967038425239	0.622563532887608
-0.411040885729158	0.33065242333132
-0.99024500106917	0.820152292208481
0.656049195666244	0.925460756986208
-0.511375680325331	0.444164926397405
-0.559455085251529	0.477127246577698
0.201519296056819	0.178117755099208
0.753526474242541	0.71945930741799
1.09364054222561	1.2344877544645
0.449046560156164	0.35775658625403
0.0720165766370592	0.0356328579080914
0.94254207620026	0.817005616991369
0.101965217150588	0.0695287595354876
-0.702675799647612	0.634700376349874
0.275975421083427	0.131328488824091
0.861980699609416	0.891268596427
0.221206540806268	0.147111977145805
0.383809925535278	0.240042935897183
0.696283549318408	0.505217308491701
0.419268894891391	0.345793638486728
-0.140523753496829	0.0623396076308541
2.05870771407042	0.899213345938946
1.45129052209553	1.14881252541383
0.0936652630259951	0.0563070341021741
-0.160120920960034	0.0994157695339628
-0.785191385680086	0.811773123047756
-0.0235917661638685	0.0139257278724185
-0.685863790115431	0.810002924195905
-0.454617177444402	0.399104571966302
-0.0773961972297421	0.0531964526379588
-0.0617598642242584	0.0420553026294741
-0.420972313847542	0.341119161241205
-0.33254011499915	0.248550860507742
-0.267073485413939	0.181144537241304
0.078484938245407	0.0316715588359196
-0.758276640635146	0.532208302586606
-1.35446807728954	1.46929095296654
0.122963343130564	0.0982379663922408
-0.228656374584359	0.0825494898509802
0.0994309972224636	0.0288202569153379
0.133707491985628	0.0329789895417372
0.321444206171853	0.139160939525151
0.489709401366073	0.36025563087496
2.05218860005445	1.3508128169446
0.100117895456633	0.0291617999676644
0.0872963994903979	0.0285591243296695
0.622012218198774	0.278622226471642
0.316577157280992	0.136703464542968
0.988555981524874	0.46356461503939
1.00353650013214	0.582454439017406
0.236582705189794	0.132742405085625
0.337539065050641	0.246262478094843
0.52913316741033	0.263611332106486
0.753478020566715	0.306657351763581
0.318547050453634	0.250135761678429
-0.426550157769182	0.305983157218497
-0.110627803165386	0.0859633725739156
0.0605609002913617	0.0467855985285255
0.205503382502315	0.1783650320575
0.354271843483261	0.319238888129704
-0.460671887540952	0.531990135150581
-0.389359257170383	0.383671808784988
-0.0948691998393211	0.0744593415820711
-0.515072463472645	0.523665960505944
0.094231204128967	0.0590342996767178
0.0914737854319086	0.0542215181411795
0.231305947289189	0.145904916956223
0.0938886290215343	0.0562574211828717
-1.17321617586553	0.802229667271617
0.618503016149164	0.376440182510684
0.24438072955006	0.124952164869759
-0.124262610318721	0.0953223313131072
-0.392260842370189	0.113299521073616
0.0845094585033182	0.0278486404260499
-1.08470982729867	0.435546391307148
1.42879600467533	0.459397393845691
1.04170630623166	0.857962792711727
2.06401739477547	0.902644344427815
0.459290127841087	0.160382766218069
0.103963772949001	0.0302885008832616
0.129357809157683	0.0318962640243527
0.0697531346568329	0.0286436318521398
1.26739782268432	1.06956718154224
0.081873967870621	0.0269399899837952
0.99639558224714	0.469558043528435
-0.779928198015439	0.271100929587385
0.754158908243701	0.307549234515271
-0.159530587796276	0.117440716843908
0.12677152926712	0.099417259262064
-0.0268608101803895	0.0197758535433873
0.0468996944816857	0.0358220531596791
0.204266328004252	0.157370909095031
0.209110936365078	0.166291125531114
-0.324926102274829	0.338991943642598
-0.242827833933459	0.234781389868184
-0.513270029471568	0.627572973615083
0.200002114526196	0.189131938644205
0.0754358347508014	0.0631890906882651
-0.631163567942338	0.834995226839287
-0.287962266230498	0.219328345235394
-0.0637985381700419	0.0346826349983031
0.0725317238371792	0.0297811028960305
2.200334405429	1.59616045248409
0.316680815359778	0.13645439217374
0.649290311947048	0.500132365829466
0.811107888666968	0.752733846612494
0.575578116173691	0.481447261097299
1.00547382354357	0.443769698346332
0.136691698731902	0.0337280912386556
0.997069063863235	0.470868177372939
-0.639596283054735	0.156460136265019
-0.220050443315259	0.080826216952502
0.0745503900435437	0.0245175425706276
-0.118474919806514	0.0571823640104994
1.56481552813115	1.34803863379298
0.624388721245183	0.19309266257856
0.464318818128795	0.16335416808787
0.280907328504824	0.132901240922811
0.908350357519423	0.681718725173858
0.252550084178996	0.129833557317721
0.464429236846016	0.16346936705331
0.468411691961078	0.163627726712943
0.228451964543535	0.12649027684621
1.16026166322213	1.29042279917711
-0.374709750543252	0.277352555177537
0.204253157584564	0.157923268349457
0.111039643974585	0.0732303637174045
0.514503733918355	0.538144928987557
0.669045222649916	0.771742627378066
-0.023304604184478	0.0172214297735545
0.554338673599145	0.549598371414555
-0.749679230584767	0.972779614144549
-0.136652294896954	0.10319815857915
-0.0259531417028943	0.0187900222235008
-0.776504470569327	0.669164291078916
1.00773066089953	0.586434706687321
0.623771053802231	0.194253824652275
0.465695039429514	0.163664307663245
-0.0997763160375292	0.0509850690923119
-1.80570807782977	1.50032143515189
-0.361221903734906	0.226907199387784
2.29501022404741	1.12081418233569
0.98407377907783	0.366453047925217
-0.639889036078419	0.155465657511814
0.100542205310562	0.0293103472403775
1.01260598920139	0.716003304232986
0.0616457737597071	0.0277104829073234
0.984635146471807	0.364073470146932
1.42595936707127	0.46464634975394
-0.218675014975353	0.0805964287254102
0.385332976353168	0.241604596910254
0.415108720501104	0.244493814069148
0.618503016149164	0.376440182510684
1.02683132075185	0.838225404323231
1.26035343578504	0.53525164055728
-0.286990305564329	0.0941069169178948
-1.55630384437353	0.796832001762128
1.01532879128827	0.714230227612493
0.872590962532767	0.556578566750896
1.7091722979954	0.930348979498921
0.317691665103598	0.135823349061876
0.533877198511536	0.262736190829357
-0.115589037108301	0.0556931369608745
0.765554386682033	0.518410337039929
4.14127638054233	1.93175580890322
0.523189137852509	0.258389988444177
-0.586778855676222	0.226903688715173
3.61777006975253	1.39242507742941
0.623818789025106	0.277889243075767
0.519642317963042	0.256194796816499
0.0211021889095102	0.0135853573217046
-0.273468875955334	0.187738558950091
0.667463262890938	0.767792711774171
0.134037904773136	0.111251512404335
0.129452744320515	0.101795353231234
0.838676490077617	0.963241970079791
0.0784931606039077	0.0654799190615727
-0.248991847354845	0.234404436008086
0.0830516562252757	0.0720201207042835
-0.25882785947593	0.242714423177984
0.421044414466178	0.501392903959399
0.215140220882627	0.141297249363604
0.646204665574737	0.497137758808877
0.067830447792209	0.0305814946524548
-0.416870874962687	0.299367023904791
0.46489631380229	0.162505252822639
0.133271254304781	0.0330736858737192
-1.1723691622214	0.353254771284329
-0.215145956501995	0.0790627122176415
-0.734345107106826	0.441948061566645
-0.16811952715671	0.0669337762179948
0.617385432607574	0.192162315231533
-0.469825344885519	0.199979858542984
-0.39454491410749	0.113829451246513
-1.9104211382051	1.20515634853957
-0.310814189552748	0.203055168111435
0.295490231716615	0.246430621571542
0.0141148276249579	0.0091411413334667
0.302565732234469	0.243467229427871
1.02747534869387	0.849123621056078
0.0715557182572896	0.0352790312717289
0.62296926515137	0.379451670515644
0.216546758747969	0.144257311882041
0.0960536805497712	0.0601634425996941
0.940020592267872	0.812797246679686
0.771457309374895	0.52386477941322
0.319710006197318	0.137231674344697
1.56278944546182	1.34654630424943
1.15352634037286	1.25766646380764
0.419995815327668	0.246670734057372
-0.201076268134635	0.12119619779903
-0.846703387895641	0.370994231685817
0.101230426961354	0.0296586789627306
-0.632391604797015	0.407851010636327
0.82288231131435	0.42437824958488
1.01456340627033	0.713406844186998
0.529861614738492	0.263182348882103
0.220223269622696	0.146043086629248
0.0813022131663729	0.045846991505534
0.218245375275683	0.145626348969654
0.0718085410750044	0.0293605978288452
0.87956292598117	0.556880975761776
1.00291150680976	0.580545304052683
0.624006494924513	0.280067889695102
0.0839236022372932	0.0276941060567698
1.26617237586217	0.544237689615947
-1.24197081388543	0.700047016677192
-0.585744662718869	0.225365362036998
1.77873029868246	0.684469072770882
-0.588529738058223	0.227427413678833
0.0840277627749492	0.0473807501541311
0.400879346069417	0.350519973289333
0.219035443799231	0.158019647457458
-0.441714214546863	0.419394516634784
0.502540035497206	0.535550527280685
0.395066654829905	0.4334492732835
0.142194262184892	0.132473412019347
0.413295029888353	0.500151298726585
0.58084243431699	0.785358782159323
-0.656621912193023	0.845906510563399
0.0435792826412051	0.0311700578544148
0.397007814304938	0.247830532763867
0.223576124144943	0.141538957380042
-1.91486603969806	1.21398210194448
3.25585177993415	1.10585266920525
-2.57173719412033	0.687667960690795
0.619057806786092	0.279661972340535
-1.05906325737913	0.526198001617679
0.941927636854352	0.244286386588321
-1.03052252713913	0.639778426667976
0.826159865333003	0.421391399441348
0.0675615407548025	0.0275341869748454
0.443722835923767	0.354552466633736
-1.17178020564434	1.37478224245411
0.462386408453697	0.354381559990354
-0.255299308543412	0.199585189292233
0.463793677245699	0.252853135539883
0.0944371055356509	0.0594535654863233
-0.170279747579482	0.0693650303907704
1.54012046354133	1.01895971165508
0.823494614585387	0.424198698946652
0.242932714025832	0.12465890448974
0.527677901390679	0.262965216689551
0.318889655939309	0.249523415838072
0.215432422698743	0.161059013510755
0.291693723692223	0.262910813806961
0.103583143304532	0.0683151484335899
0.215534085617256	0.149965646330875
-0.867850391382718	0.48034920427639
1.310580328821	0.944850360706759
1.03412866852679	0.860618792878178
0.364209015528889	0.241386969223916
0.211178195417109	0.158568065517702
-0.423079087591461	0.257588267099123
0.0878258429836484	0.0498611497684583
0.521727311234235	0.258142158819884
-1.03604985118707	0.640704624050236
0.528198462262815	0.262151593184314
0.415800743240265	0.242675218728957
0.547470282835805	0.469803838469677
0.341483005427762	0.233712134653156
1.15419878936291	0.901329001713449
-0.00610482204871182	0.0037252933843858
1.26675231678754	0.540402083497145
-1.56273532022615	0.557911133428662
0.0800974759911684	0.0423670061656201
1.89492068821781	1.14185154524354
-1.56893867293001	0.558791267387197
-0.222984848817832	0.0820010323139345
0.652086779756498	0.499461372191332
0.334840901490267	0.245796012597094
-0.217500003936512	0.0795596754161882
0.371892280666528	0.333209073263824
-1.05754378083667	1.21196136391864
0.284161061913755	0.251559207390716
0.792275891129928	1.09384814869807
0.555025803459492	0.619146069247217
1.14826940300104	1.03077350038259
0.601235518688474	0.477372840770629
0.491524307560023	0.359953841282304
-0.473870669420158	0.201967542867535
-0.585058441613823	0.226217027835725
0.10602800985272	0.0302967445213747
-0.176091478556841	0.071696133520125
-0.780067822171114	0.273115694343224
-0.139685861916099	0.0620849401113798
0.623907306534403	0.194112599022884
1.27324516241524	0.537871829171885
-0.465437321555672	0.197921203551087
2.06478513569642	0.889025151009203
0.227349043077187	0.135610116547479
-0.0960886261979811	0.0647657308679659
-0.1348323987797	0.0865815495791741
0.65608162251478	0.501409211943559
-0.210443959880082	0.15012380938515
0.678043886327819	0.683114159500357
0.0819052353472357	0.0459466565505333
-0.631742430836555	0.40124547753387
-1.5570522825405	0.790667459430083
0.0831434633023487	0.0274562437249086
-1.55461854008558	0.797460945282106
0.463629307286172	0.162104107938766
0.0857253442401943	0.0484474855192806
0.360098522290195	0.238147506162313
0.557169884097901	0.362996614724381
0.0141542201244381	0.00923825544205022
0.38879959372673	0.243022432111943
0.0845094585033182	0.0278486404260499
0.0743470457842881	0.0335480421420109
0.252232324165469	0.130431752114517
0.623737305214201	0.380332833501124
0.356515564332315	0.235812978242722
0.0751676226809909	0.0396342066149424
0.945873868512177	0.823073958752437
1.44801423306977	1.15436868547081
0.100674308760322	0.0294967719119431
1.0012672727245	0.465372305630596
0.46245391975641	0.250039410999663
0.214158494458352	0.134560448956111
-0.0719397121146015	0.0391395242991439
-1.56117642432496	0.800730743169161
-0.355170184349903	0.224265232664493
1.04905005587505	0.974864058574095
0.458868415614017	0.247396180476696
1.56965092825336	1.36872762723741
0.76132721346321	0.633501958386192
-0.273199473632079	0.148864135960295
0.374104522892199	0.146250600873722
0.994808869855531	0.468170594411037
-1.23957062399781	0.703858738136818
2.06419285822954	0.895193324846409
0.0994309972224636	0.0288202569153379
0.992192255480416	0.465614826121623
0.458248966231902	0.248748783867838
0.557593730631875	0.363623557445473
-0.143056075861967	0.0635818520906282
-0.231303117426925	0.13356758456043
-0.282060899300849	0.153791052113999
0.58040804996081	0.569237011133345
0.0763469718061025	0.0604613199191186
0.0587920997441874	0.0452720807782685
0.481112126291217	0.525841977398898
0.280595836397762	0.254671823221931
0.813650061502714	0.865896436042772
0.420064727045478	0.2452147743355
0.525526559584382	0.260502409946486
1.16989229868714	0.766988342617137
0.622877225554589	0.664958460727857
0.102142863642971	0.0641136232726267
-0.586195727986191	0.225244348789784
0.0868053659238649	0.0285797585746745
0.133707491985628	0.0329789895417372
0.752809372640797	0.306603377300132
-1.34288976447951	0.614114746971278
0.0683159492014027	0.0281628877530193
0.615996072663699	0.27788426628617
-1.73993168531298	0.986529158356643
-0.862184700139465	0.474593847882704
0.971941607739638	0.943291014456147
0.536580210755107	0.462674185539011
1.08548336815627	1.23786611914071
-0.276485173768768	0.18868449718605
0.214073012829886	0.148798195277446
0.105741032867359	0.0723699812582783
-0.550388982146824	0.367539256081756
0.52130791064233	0.25542796083584
-0.223073545848601	0.0815240861220817
0.98678303888892	0.364200312773431
0.458571535160577	0.159975088507676
0.907954261698729	0.680229112317334
0.220537122396532	0.139014161844667
-0.0880030524523712	0.0456366728813479
1.27017099532405	1.08135255195209
1.01390565378976	0.706497859477959
0.0685516289037529	0.0334726685819729
0.0932472152919042	0.0559044945362307
-0.232024283035402	0.134534508697111
0.116549698642873	0.082916406732253
0.0853266529162168	0.0482577303127118
0.979300669540424	0.960553667121483
0.648594088120089	0.49377619053535
0.667550732788613	0.59057638950587
0.69932584529917	0.503253032937943
0.384016741179646	0.240434057502674
1.44320349017847	1.14166474841006
-1.171259671896	0.354268648704258
0.464318818128795	0.16335416808787
0.361281708650738	0.237415315881522
2.97759175105638	2.09554634210048
0.975499570610188	0.941297134883622
0.41272668483589	0.241262053043074
0.0862980417345714	0.0487485599033781
0.510560900696747	0.452863768457862
0.0881289224264521	0.0522401112968844
0.761672764678045	0.723351836001864
0.631839732497106	0.587436123277791
1.51057110316136	0.721934415117449
-0.386248846514272	0.180659211235652
0.135590585919605	0.0332948985203807
-0.390609043378598	0.113594128833838
-0.689174887675059	0.334909741769014
-0.218215621056238	0.0790163879139399
0.766753714694752	0.638887888275661
-0.0839081547760754	0.043272702168327
0.519641426661302	0.358594673839525
0.36059205732692	0.240765025332628
0.41851918673223	0.246246669670216
0.0717795688147285	0.0232700335482261
0.252321534135779	0.130341532675734
0.254142719798773	0.24242193050755
0.290952354500208	0.338613802033638
0.517216908824835	0.360068843042098
0.468557085842939	0.164670323898188
1.14583760579291	1.02631235136174
-0.369403261785229	0.272543641844932
-0.362072428939957	0.229482963125395
0.997125042025841	0.461820471907891
0.318512189615892	0.137436683570048
2.05532197479066	0.893805623916587
-0.680246734667009	0.332066059109218
-0.107420174174263	0.051641240677706
2.05926724925634	0.900482160133906
-0.389314007007522	0.11306509974214
0.994726535213289	0.465190965172412
0.997069063863235	0.470868177372939
-0.187443123526048	0.152964767990918
0.00863474710410247	0.00533599707406403
0.716494011120803	0.962910919047748
0.21239782704003	0.159591382584371
-0.0250600410523028	0.0147494303810074
-0.331609773059663	0.252173985022561
0.21225148893018	0.139900245871445
0.625052229196302	0.377226779573732
0.0730391036321189	0.0269364233219268
-0.0890290935987148	0.0597490961444555
0.86810066515622	0.775867175151236
1.04229013893303	0.972124440879938
0.0898180630540119	0.0537807514907533
0.0689317626640825	0.0364603976839512
-0.159085554194725	0.0990834751434982
0.455546304134791	0.344100169122697
0.249352903950366	0.12855119750615
0.00357668232844873	0.00221198307524769
0.547422514341169	0.473818025254327
0.576068263749535	0.481482808049808
1.45813559413772	1.61580336252212
0.484206561445568	0.351774186080126
0.635257631159711	0.592739467206629
0.372129054807722	0.144874346608988
-0.219356834667488	0.0807642610649521
0.821858934269825	0.420527758496773
1.0037344535468	0.577342242075022
0.336844553425705	0.24617948224372
0.367038026404603	0.333269627645732
-0.0867049356890472	0.044745194917117
0.577521240887813	0.476908598991468
0.218883212720577	0.146078912847823
0.22822046417082	0.136113189140658
0.376535793257321	0.14600429626007
0.529236072573511	0.2620653969797
-1.03467518549614	0.642209291974114
-0.737115095913232	0.442790609860602
0.0787046933661355	0.0385270695001443
3.61777006975253	1.39242507742941
1.42336872762447	0.463841960726504
0.342816047781777	0.238921312306434
0.416235694006951	0.34235700081808
0.0686686453621736	0.0336958858348195
-0.367871407222591	0.234536547635537
0.539161624868305	0.458963736529775
0.276753099109172	0.131044871308626
-0.142322074930481	0.063280940874981
0.1599077478601	0.158769448386561
1.03705858414059	0.860638713807639
0.103963772949001	0.0302885008832616
0.462512991175857	0.251582990746906
0.0775810794932163	0.0431480352694969
0.46295076779347	0.352868045743701
-0.309173634071321	0.328546975170868
-0.0148265639203198	0.011122762803444
0.621468832680959	0.650886538718298
0.190189042398614	0.177963626922128
0.211227253375178	0.169062083552691
-0.0119519531596142	0.0100611761707762
0.449329154804282	0.518712212485245
0.0745755566424256	0.039797964935441
0.0683159492014027	0.0281628877530193
-0.0668514160758831	0.0363278719043284
-0.0570310967765336	0.0405104321857283
0.0937454495929042	0.0561612927753359
-0.790308304019232	0.27324259770772
0.0997151553090041	0.0289351651650972
0.753753172995754	0.306004744599059
0.133487547685943	0.0330756337612284
0.101230426961354	0.0296586789627306
0.133487547685943	0.0330756337612284
0.133925459616961	0.0333863221239572
0.708142541485603	0.3988155145365
0.0958893779618936	0.0279651116674016
0.0660619133842915	0.0271850450494382
-0.387484492762439	0.180912689215551
-2.57196810381088	0.687583434747214
-0.325614712694763	0.166821577293185
-0.636588112230958	0.409268649651194
0.905003982690287	1.09677370811504
0.287915179662339	0.246884750738936
-0.23585657474769	0.165740096947775
-0.140142827619326	0.105301557389973
-0.0221771076052254	0.0130196602793446
-0.0400387623146928	0.0227129547437449
-0.990710994306122	0.817463629196948
0.222490574493956	0.132376469970511
0.101917990904754	0.0298160348051342
0.0935734265157138	0.0558591266969918
1.16706298603363	0.758370702367583
2.05131320277501	1.37829691814662
0.272863821036268	0.126053755334166
2.50592707134236	1.33845727744202
0.21899124411236	0.137659618868185
-0.493465939711357	0.281511211802851
-0.479838595966428	0.338249764982195
0.206906307285337	0.1546491145063
-0.0867435046656805	0.0446704142616674
0.0853043819049718	0.0485565917785627
1.25801728434981	1.21187361060137
0.0945297881702114	0.0565384875023576
0.951389384763682	0.826273978028585
1.27066767778643	1.07252297464375
0.000226326364745378	0.000192488608511654
0.623973531182235	0.37978919374913
0.0832413116588062	0.0275358424390173
-0.325793863512178	0.165371880793652
0.231009037347744	0.127830237855561
0.333700047847037	0.243919829767373
-1.18233978837683	1.14271118500715
0.347867500888734	0.242275031135071
1.23478107827367	1.45323686637275
2.29661765397574	1.11200869445197
0.314750745572081	0.135548136284906
0.992154440305028	0.466602915649268
0.992783972831721	0.466217843085374
0.0681982988985243	0.0306789807720791
-1.41442791076967	0.877500133920831
-0.170279747579482	0.0693650303907704
0.905772391765709	0.682179113424977
-0.83983128279799	0.374159788211206
1.00785845457382	0.590605046547605
0.527395007627152	0.25931719551377
-0.865705245233665	0.476122294804425
-0.455081226023822	0.354317870192408
0.418677324204786	0.245966232900233
1.24543858092868	1.33459062133593
0.384223933625756	0.24013035527092
0.629586769810029	0.385118352207336
0.277989934496976	0.132800198172598
2.98420164416343	2.10890413337474
-0.106938975026263	0.116744995339459
0.370248750984482	0.490766157159349
0.140674869480413	0.138101166355822
0.213036340778024	0.140506945887324
0.0686779541125663	0.0309168557313046
0.5356457327696	0.45388919378009
-0.0783515053681016	0.0541833308477344
-0.416821310677021	0.406736247538422
0.208231207832163	0.194364921085059
-0.353440691125696	0.349732864197448
0.872561432684776	1.33174532699667
0.348366756575596	0.419580875308588
0.422963670950797	0.424568090221554
0.104840078814101	0.0992832090597101
0.304785090409181	0.364212813179137
0.111223089647577	0.0730806447957276
0.325149760782116	0.247449362077749
-0.136914952945273	0.0611354786368051
0.529861614738492	0.263182348882103
0.217766028938464	0.136501375499971
0.761280505299171	0.813599300885871
-0.0258506830857485	0.0151512989606343
-0.391913536074903	0.183329676116835
1.42270583980072	0.464030812177167
0.74840345248913	0.30402182409578
-0.875784576739018	0.480543504972902
-1.30903097734294	0.981676613538093
-1.92535792533502	1.73161247109148
-0.785510297747507	0.274807822870996
-2.12750939290167	0.984385150911106
-0.639596283054735	0.156460136265019
-0.393294560199549	0.113555300931217
0.62326313623548	0.195382080165285
0.0813574285069234	0.0427041448721966
0.09520767585846	0.0278096122609245
0.752303267460555	0.308125810261955
0.0659518227198053	0.0270850237584361
0.463163017399524	0.161706881929458
-0.171605879065846	0.0698683792593281
-1.34002875490881	1.25356044610882
-0.127789358221827	0.0982765836619868
-0.00388326868070892	0.00292167463568353
-0.73238542636689	0.755277674398191
0.799431322845339	0.838731210242422
-2.11182692999486	2.1824869763317
0.217393683797997	0.135526770483938
0.601572856451949	0.480797470293313
-0.0237154315780912	0.0139299421144299
0.374104522892199	0.146250600873722
0.650743671805066	0.677647207468559
0.454078501285096	0.34453763967848
-0.231647840390599	0.161249189619645
0.700998380673784	0.509859167236811
0.564069866396785	0.372328081779674
0.821559669860152	0.774681626434858
0.100251013715688	0.0626525938862042
1.78220054511349	2.11453714291705
2.05127049836656	1.9101416490559
0.381190457546731	0.238455695196181
-0.090810643459249	0.0615046162825782
-0.485339487979479	0.340016464456566
-0.201801312186979	0.142523125424524
0.639436551932918	0.486460874460482
0.619541830651109	0.490785619330182
0.0995328215360904	0.0625956137771236
0.486057322687358	0.356917634584603
0.596271219411898	0.567536064016476
1.38010680411763	0.823413300367422
0.98338732932609	0.366366127152252
-0.119615980231998	0.0577045282068528
-1.91621086194668	1.73335749460696
0.414630698510104	0.243507027388385
-0.234429961474948	0.136343246912121
1.32016470334446	0.953131840001307
-1.13343230367333	1.17873236905675
0.21466564505637	0.155530571496829
0.826517569549686	0.42887608950356
1.19832298503541	0.636864411149424
1.7781581195877	2.1383056524363
0.713234886100858	0.403324955742439
0.313932827976172	0.134513904136539
0.251009340457724	0.129320370451032
0.0780094395620446	0.0287317627796464
0.0727493872046302	0.0298889195466464
0.493719686391709	0.361376578725139
-1.00091282497524	0.831234121644254
0.100111644475773	0.0628756894692251
0.349971012039556	0.253676726719053
0.514252326886252	0.452632772273826
0.240764769693533	0.132888322455907
1.71017039600731	0.922373827120668
0.33455092655172	0.423486387800331
0.0493346239382435	0.0428922945770367
-0.0940088425790072	0.106368572900731
-0.672430332031237	0.921688478528596
0.52314627673039	0.684566816756117
0.104799718486364	0.0659515735416088
0.138816482123903	0.0338207503157351
0.906523702189255	0.912007659496528
0.0297731977013767	0.0278296394794246
-0.0463598632120427	0.0381362465461577
1.51724426094261	2.85862321346406
-0.182005640209282	0.193849685416582
-0.153371877789878	0.152372663337618
-0.0348150107216819	0.0253268635635796
0.664581740747064	1.00171110183993
0.144410128614505	0.126754071873103
0.08973310820291	0.0824685152617607
0.111649225354533	0.0795193338123356
-0.517372518276367	0.401694619060729
-0.38619732980968	0.181083311133262
0.880301441117647	0.54635935482049
-0.71826410085824	0.699963643228338
0.284944442403444	0.249515998172951
0.0686686453621736	0.0336958858348195
0.27885163233485	0.132356018576167
2.49792118446918	1.34361759629582
-0.461273635583805	0.194388042061601
-1.02969704592445	0.633478101073938
0.709041527520967	0.401530167461462
-1.7442392569766	1.00127660480125
-0.587466526386645	0.227349400651964
-1.87067782435373	0.770898391840456
-2.57196810381088	0.687583434747214
0.993418067809502	0.464543167812599
0.0833374925807494	0.0274653619700873
-0.174654631111699	0.0709163981914775
2.76164585943614	0.804933473584711
0.374694297984096	0.146326663408155
0.533979828010966	0.263967372198447
-0.175152260220344	0.0712054303635601
-0.136000265377019	0.101964652674432
-0.0377430662349534	0.0268275707588894
-0.547583832722475	0.463503307495099
0.654015738432043	0.684418481385306
1.08421863392014	1.31626990365873
0.976186224449565	0.948591946315591
1.78069818661028	0.678815401849688
0.0809691213960877	0.0295755576568356
0.35740440717197	0.237125619891263
0.422863774270915	0.248240611589398
0.344948132991651	0.241584221447946
0.211162445994671	0.157334351872755
0.721997408825025	0.714006017416701
0.562543756188767	0.371487181222376
1.06112947295788	1.0982899871722
0.31035206586889	0.244090417624494
0.197446940990525	0.159830614954863
0.212259376625712	0.140784150564296
-0.163309756577271	0.102477999758277
-0.161682698072365	0.120343853976229
-0.699205472521887	0.628694338003852
1.49579455840412	1.49451409424179
0.0743459283882632	0.0366065744597781
-1.33511678285429	0.600681856135888
0.871179395238925	0.55495314189032
-0.195493305079188	0.1177027410678
0.565528049593989	0.373149915090551
-0.732992966447043	0.437111732575941
1.15428466444142	1.03565619610699
0.213287333216183	0.146851897378729
0.45768624981285	0.247981239611158
0.635481156766501	0.592445916620595
0.479733809918381	0.4497179956366
0.256074653728542	0.132638014421997
0.656978302276758	0.577300030257316
1.03194400049835	0.852787723144367
1.37907345767644	0.808445080558081
1.01501381975752	0.587553355442467
0.368524732410122	0.14326470900734
1.27324516241524	0.537871829171885
0.625545825050412	0.19581710979278
0.317082379599016	0.136401507975894
-0.141156362359126	0.0627909609661346
0.0837285748816505	0.0274852546661696
0.466381741358368	0.162794732593146
-0.197323798873784	0.118830561933695
-0.136728317521785	0.0880518945347992
0.146657577313202	0.149138188962804
-0.249960273605295	0.294576176137978
0.20002119926167	0.225724977251697
-0.199984157450948	0.210219049022845
-0.640291934959859	0.722703014760053
-0.632219968634382	0.402398706526182
-1.24330347553766	0.707661196276393
-0.836200729985186	0.369466478251462
-1.0503774281047	0.525367448642783
-0.537854078191057	0.352892645632544
0.522650140838645	0.458520800730776
-0.0340136991010093	0.0312939153122501
0.0477628186033894	0.043077122447222
-0.342339306298283	0.366486706465487
-0.456984609007946	0.496994456868674
0.254988424077196	0.277656929004203
0.393843413488323	0.430551507368453
0.820643229861889	1.20725173510692
0.119436629486098	0.135930665216042
-0.0963153720726671	0.0759163153628181
0.732409915376575	0.879996887545525
-0.0264473071408933	0.0154189137663089
0.765921866939192	0.633019091156955
1.30992821471972	0.941466866394877
0.0822634006602611	0.0487631923435813
-0.26372857945031	0.207328534632879
0.0282113371574193	0.0197156278515321
1.88763183042892	1.1367084348874
0.757721271472811	0.309155990768941
0.937014825487275	0.247501391945126
-0.175262066081875	0.0711978201234321
0.0734759763551057	0.039100340252329
-1.05277454419758	0.530378354757175
-0.183602235910131	0.0740188150475035
-0.461273635583805	0.194388042061601
0.16307322360636	0.0318815003319474
0.128703972957949	0.0319889921983585
-0.391616024859673	0.113083175201463
-0.63923865613969	0.155145012751728
-1.16523448224525	0.350479641287103
0.250008084969807	0.128963411741457
-0.272881205915648	0.148985540444827
-0.388695140679769	0.112231808666545
1.42314513115208	0.464520674256509
0.621559024428721	0.279168557258766
0.621655605023658	0.280433439609125
0.121674264021847	0.0868771868366355
0.380714537217414	0.412392140942452
0.566089397252901	0.472419085437105
0.454764962619503	0.343878614688211
2.04813964614763	1.35930442706378
1.53775549280161	1.00124414353237
0.282887432141073	0.134720087219957
0.76069081492329	0.717121708169968
0.724566457783654	0.724008737346824
0.563121485374302	0.464955551890476
0.208233353196629	0.166572897457129
0.333308325151425	0.243449195249902
0.323514594302846	0.244340005536039
1.06546285274293	1.10428427673582
-0.321614752414641	0.163912701330712
1.70782579058211	0.928636513332765
0.612547271008589	0.273813120634053
-0.0602718605070315	0.0328200615024619
0.646240675651673	0.489253442916165
-0.105923700121462	0.0693396416244934
-0.0961134929438129	0.048673254547116
0.094627511162992	0.0561487450072624
0.48972853760495	0.357863890190245
-0.452076218159272	0.398225273573937
0.317836438810996	0.240773948109734
0.564260588413946	0.370319736974232
0.0768702787110517	0.0313755593060014
0.31861691251463	0.137580075785141
3.90337898668853	1.67320397479904
0.0793374305990168	0.0261144923459964
-1.55576138011754	0.55747490290022
0.52417533327479	0.259085410430201
0.563866764735907	0.371249690025404
0.0830410802428068	0.027198845183722
-0.585058441613823	0.226217027835725
0.975558009542335	0.949723449519141
0.93309175827976	1.02893944248376
0.217199037687683	0.142466193978579
0.328361453634058	0.239428655926735
0.204458413745254	0.167681452709812
0.686070125792602	0.930798473582796
0.197860204687857	0.219575906773309
-0.834254490168447	1.36790970346816
-0.941388205542141	1.42986313040791
0.470032643653935	0.609173801291679
-0.682177772585379	0.557243865276718
0.124550747443866	0.0883945651691497
0.0167366875960787	0.0109094896071113
-0.126701152993458	0.0963830796478465
0.59132099375248	0.659710003202558
0.58714877486235	0.654984574611228
0.206129700563225	0.197440461944858
0.176209491438933	0.189171286513237
-0.0355060904541779	0.0330342211057681
-0.0515349500881815	0.0367412775630325
0.0165803926870269	0.0107190567945594
0.419495448813781	0.245887146774951
-0.0893179092589872	0.0462874784517179
-0.14244365893885	0.0637815924345432
0.227021444681	0.135714188105401
0.111314234998403	0.0751651135745848
1.14689660031469	1.158271288084
0.281612717622496	0.134473380004571
3.2565918874831	1.1050644302855
-2.12622700386646	0.979101784127943
0.464429236846016	0.16346936705331
0.226711642561281	0.125701781181441
-1.01404646200277	0.742767361849984
0.0640813986778806	0.026319934731505
-1.87843106457516	0.762504640757793
-1.78346459010975	0.415096457236971
-1.56426027155215	0.558219499337208
0.62326313623548	0.195382080165285
-0.395189973209262	0.114864985581358
0.467835554520711	0.164483539903032
0.725803817498444	0.726464531644808
-0.511515283861505	0.578000842530136
0.200015474074273	0.172394923031461
0.0661769731630409	0.0300290920572794
1.17461751420697	0.763937852920537
1.38593549107599	0.825566501587752
0.319227374738493	0.137596217609858
0.533407840393422	0.456380373365238
0.294650845831065	0.236541316295394
0.808515488609539	0.854774229806942
0.31107554199415	0.242712114676815
0.223986946705724	0.132661327240198
0.704215461953589	0.394157260928594
0.975881838815711	0.360865579987949
0.997069063863235	0.470868177372939
0.805284682227988	0.749081666980384
0.898632774723815	0.885071213460385
0.221937059910506	0.132690529998808
0.702541683620837	0.512713325605283
0.222180245043275	0.132979094767722
1.16683109649415	0.747176575414981
0.705496562959166	0.398989091787827
1.50259591692706	0.720878278886765
0.374782002964809	0.146461898398813
0.101917990904754	0.0298160348051342
0.378392467045764	0.147777492160256
-0.16806689590788	0.0675782652920566
0.618393457799265	0.377195901684744
0.489456800084865	0.360892904569526
1.16697765098218	0.752108104512257
0.710050072262794	0.514115190501166
0.246868163429212	0.127922674441974
1.68715859665251	1.22446070046032
0.980647452713659	0.362963151381075
-0.975284561140485	0.899809121079845
0.219794367880919	0.151036821550714
-0.216322364283445	0.0796101409174183
0.0716014298193411	0.0324287824303326
0.382549240133839	0.512543163592776
-0.385429751648811	0.479728215047338
0.728890718376112	0.956831629340759
-0.689171310041757	0.568157880310458
-0.576030911085399	0.306224324566045
-0.464840469712654	0.19786941047701
-1.1663387915426	0.353796776180306
0.213242404478577	0.16471068439015
0.0211908249811645	0.0142810066428916
0.920733429584659	1.46491098273531
0.0752610146909759	0.0616404548437326
0.26884825953861	0.261690713958489
0.874690237065125	1.34582485429852
0.132972918479545	0.110384750690411
0.456279208864624	0.683144503167929
0.0856672232822374	0.0751589418398098
0.510521850912948	0.729871361832952
0.10447951704364	0.111318849082143
-0.674921436359915	0.95505441312741
0.347756064355232	0.336158007542252
0.534505000287916	0.550305906243101
-0.175794924775607	0.127698074141007
-0.0439567753545261	0.024998312230449
0.565781508532783	0.372023235030661
-0.0402558233287525	0.022867376726998
-0.199357470212239	0.140934044566073
0.0376532639181158	0.0262381384711529
0.103963772949001	0.0302885008832616
1.26093344291291	0.535642330212435
-0.388186711086283	0.112834812193388
0.0780670570767601	0.0258238753791963
-1.06252187830399	0.530500020602665
1.01009038939577	0.587608731803405
-0.389083010431384	0.181856579516139
-0.638944530069775	0.156134678840522
0.377717317531447	0.147754653807085
0.932210207100964	0.245283527884345
0.617385432607574	0.192162315231533
0.281612717622496	0.134473380004571
0.260228148883933	0.249012796906486
0.271356070220507	0.249527705247796
1.20695591591074	2.12911892686893
-0.0617449545427753	0.0434264339233184
0.546006680403748	0.473382319261289
0.0859540870664535	0.0489515360840741
-0.219356834667488	0.0807642610649521
1.19398292593075	0.62881285473584
0.359693214675217	0.239774310202692
0.565851917594654	0.471735749583082
1.02966703848066	0.855866335714638
0.991775034354376	1.06424883774479
0.605095617598707	0.482626018440137
0.210712068950017	0.15152268550158
-0.48314234249736	0.338701787885619
0.807723005388097	0.746304222598725
0.549470250051783	0.472058728530114
0.348678513627494	0.2424823784044
1.02359290849044	0.723328186652418
0.867675398894578	0.547820624665587
2.0626131275164	0.90284879120541
-2.70391963593862	1.6696387217865
-0.27974678609119	0.0923967925857952
1.50395400550654	0.724000730214971
0.707833921094028	0.395964458196533
0.513103726881054	0.353535899190169
0.527882460246317	0.26016908737753
0.359041111238781	0.239333110634796
0.465265044535938	0.35330563240958
0.328344286017404	0.237570334924164
0.436868220216451	0.347890645023989
0.135590585919605	0.0332948985203807
0.104522548275487	0.030451402882796
0.100674308760322	0.0294967719119431
0.463741052737693	0.163066696140039
-1.03063237251559	0.639988807492277
0.527555828104154	0.366269388397989
0.939229951754626	0.806937864878538
-0.238279450148802	0.137689634384964
0.227349043077187	0.135610116547479
1.04655428903073	0.969574687866913
0.459129277950041	0.249661405189706
0.0818409949361366	0.0828044283645687
0.456932757493783	0.502227709148329
0.0630338858309008	0.0309807195142507
0.989972414097897	0.459618864391769
0.0774788770821167	0.0256345371130296
-0.639596283054735	0.156460136265019
-1.34724991215016	0.620538576333617
-2.12622700386646	0.979101784127943
1.2367386991637	1.45603301714671
0.537534611077254	0.549934539948731
0.333039639621361	0.323959328890939
-0.0205862974494224	0.0172234153223346
0.105160565971462	0.0995909291176572
0.601376697466453	0.573983963792785
0.452608410047099	0.584198295292074
0.412490248725804	0.433366761380581
0.247931093961278	0.253297697751461
0.199684226415108	0.221960840635911
-0.980507749673358	1.75978836440781
0.0104004021459224	0.00811395111436327
0.205721430507099	0.187981173276079
-0.0561616478567004	0.0392184339385156
0.217164822462176	0.137335995176337
0.0689411743014921	0.0284215972515579
0.237061591502168	0.131378568407547
-0.00773740591375811	0.00459072575632446
0.215890318492435	0.161189515135364
0.13436303694843	0.0332886519978548
0.159126058171774	0.0311056421910278
0.130358943644147	0.03211293530986
0.621751209299246	0.278964179258532
-0.144664734628246	0.0645887510789491
-0.83571180605683	0.371691268636919
-0.586092102296999	0.224880349950453
-0.179349162883429	0.0723995563478878
0.250778546026649	0.129592089250963
-0.78675750307229	0.273371828721461
-1.16677175880733	0.353813253690907
0.137134990538943	0.033631618011293
1.53641901313413	1.01335536489925
0.219637609444971	0.163803692254628
0.327571715189704	0.248212768663431
-0.0263758393711087	0.0193013293594155
-0.0787290567693315	0.0543389045658986
0.419660307329829	0.34528584054941
0.334252058528692	0.243282685630291
-1.18196481645221	0.81148666731755
1.2016008058668	0.634596762474708
0.707015749954648	0.398094442459728
0.70895433588137	0.400373986063134
0.250123113828433	0.129178429436103
0.716804258451246	0.622173769439375
0.711798015833719	0.619899058956509
0.30609686274018	0.255383457123014
0.228330510511451	0.137057322412434
0.329137587031519	0.237177614384115
0.872123740990337	0.781968767207333
1.50875125678524	0.728524381117766
0.704936779407404	0.86843066291825
0.0973917687924754	0.0607595573625659
0.232492378076666	0.129104005928744
0.521831532758256	0.258403455202201
1.77873029868246	0.684469072770882
0.627043180067983	0.384236605129731
-0.585058441613823	0.226217027835725
0.377041313631491	0.147334365665277
1.78069818661028	0.678815401849688
0.778654308415088	0.531887138507121
-0.240656099520587	0.168906868780908
0.560109661155781	0.363343352487078
0.549790899067007	0.475594020695703
1.14506994629677	0.885251287549859
-0.11180105413733	0.0542089615258131
-0.423255531536868	0.306589818205957
0.0696879575801437	0.0257387140951234
0.571806999309934	0.374686558484047
0.98394802826387	0.363984610542907
0.212861915977316	0.133067841741044
-0.0132823740913977	0.0079800504927312
0.776106936098335	0.525608106902543
0.111110089418276	0.0758762337938711
0.0642753765679436	0.0316633835877472
-0.0615032580671918	0.033433263286472
0.0186736477116376	0.0121079141315541
0.448594800832592	0.505386947244403
0.327352335981066	0.326929590057572
0.615396156429384	0.276997870352218
0.317902022971291	0.137420696679332
-0.779928198015439	0.271100929587385
-0.639303808570113	0.155405266784039
-0.391112366168209	0.113694348973874
0.622619267673717	0.19534691993008
0.615297029953488	0.276829614638302
-0.463538979453808	0.195960943211137
-1.55874608340206	0.805760443869497
-1.56186458844142	0.809327081936404
1.26617237586217	0.544237689615947
0.377032879621712	0.145690241354695
-0.118173979456897	0.0775663212265179
1.46252294248218	1.98093608216617
0.203458788001814	0.185246171349798
-0.0340484690316498	0.0284814184298918
0.255803909139749	0.276058783790661
0.293092228187502	0.346346491558719
0.428138976380471	0.499060538221012
0.830691785857616	0.943210400594029
-0.0473610397472999	0.0267488440368647
0.519425309557553	0.363753213475902
0.471463778279807	0.164335252131206
0.982826329529925	0.363125631743975
-1.16653738223204	0.350627556007068
-1.04978384639928	0.524358458075778
-0.885008664446757	0.58811929840159
1.68965689870187	1.23619699400283
0.622619267673717	0.19534691993008
1.26828733871925	0.539218979362345
3.2565918874831	1.1050644302855
-0.780067822171114	0.273115694343224
0.611848423939082	0.272782137431294
0.276707571783457	0.131763902448099
0.0684018400038665	0.0280630026592221
0.0708898011188004	0.0261764793382678
0.376450834640573	0.146813529842881
0.00458255239966242	0.00282906468009566
0.287870274828705	0.244970205174578
-0.0822800182968667	0.0642747379616829
0.880187272851689	0.795861512058663
1.00138752039399	0.579854893664442
1.05041846258507	0.983590805615517
0.752928386063156	0.307680866029832
-0.13965240944268	0.0623180442180972
4.14422800089266	1.93795209193351
1.16424612889953	0.754914602154675
1.27894699937065	1.08356905291163
-0.126327960191899	0.0805334362673561
1.14890211395061	1.25992620732985
0.565430088090808	0.466047728913687
0.540593829421862	0.466354873868472
0.512248734624079	0.454611760182173
0.441261521629503	0.349483777045978
0.131626371906458	0.100556736742729
1.38170269584901	0.825404315402269
-0.32638761904004	0.167322349436483
0.942234229613724	0.24446753278596
0.232654884479888	0.129156226523196
0.961276900696168	0.924032635368455
1.15607615685768	1.0342339093256
0.378095256445866	0.337318250261285
0.377631547004968	0.14740968509311
0.470785812215793	0.254565674763093
0.0860278711259439	0.0281908676698248
-1.1723691622214	0.353254771284329
0.616294322196536	0.278040952680414
-0.685926923525663	0.335757406838852
0.418955397994135	0.244114049531422
0.0810068335418755	0.0454771132563035
-0.772120836617025	0.61534903472231
1.25226211636062	1.2059992411269
0.484506938749103	0.354703549402423
-0.487944371922471	0.277550695559373
0.645306876513018	0.497103125559283
0.698462332986691	0.503264979534167
0.374694297984096	0.146326663408155
-0.0234098865978972	0.0138238252775619
-0.119252755076944	0.0576680158269741
0.0689945878809536	0.0337231532272669
0.381709442442625	0.239153879983416
-0.16958998867983	0.124709453532918
0.0728293052089366	0.0267376375781575
0.32623952110465	0.326915974146795
0.223146377819981	0.132579927931321
-1.08528397950011	0.436718249933636
-1.17148606342711	0.353067612488471
0.374782002964809	0.146461898398813
0.937961312100273	0.245882544650772
-1.87106838618942	0.77126476497402
0.623126048257491	0.194216648284533
-0.224842938400864	0.0825571119012428
-0.284968078457448	0.0936290272851495
0.0696742174800306	0.0287057071302054
0.981461684140044	0.365427522756322
0.753571413536895	0.309463972555086
0.068609124472358	0.0362874899550334
0.538046870994751	0.465027878865724
0.271992394567985	0.262123086918294
0.939435318789204	0.246610398890443
0.375371937183409	0.146537881804372
-0.774137358119133	0.539265146364226
-0.269167766650261	0.146365217833981
0.0841481755320867	0.0478225648532014
0.0732488751293303	0.0270631288953272
0.52901886753521	0.261654046625981
0.98338732932609	0.366366127152252
0.981461684140044	0.365427522756322
-1.08623976646056	0.433021107536857
0.0735319248615249	0.0271371945758418
0.622421067634004	0.378992053877358
0.415142058974814	0.242126003115403
0.98158648751995	0.359798997515771
0.902556633630936	0.67553000025131
0.113071213999014	0.0803147608711042
1.2545657727558	1.35639841384149
0.276122384705107	0.242259567083619
0.318915345744577	0.250721564937986
2.16568209805018	2.21378577276778
1.26107086258891	0.536676705386976
0.98407377907783	0.366453047925217
0.0729346750015772	0.0269175186835086
0.0701913399337448	0.0316334560141924
0.547720990733154	0.539791382794463
0.703696065356593	0.796927230016956
0.701381521092382	0.39064214899848
1.49636811106502	1.47943805560121
0.773241750484453	0.522029399707897
0.884009070777553	0.99932611852395
0.105275246499228	0.0721146987287235
0.903371781572028	0.899721864156405
0.546273395366546	0.468803511236343
0.0694218615090746	0.0314250772724684
0.623074100825918	0.379426671751595
-0.0923216987390385	0.0474589638978345
0.902146366785104	0.662205219990512
0.873910544725535	0.555334452535818
0.346580807001985	0.241014320185553
0.765743901608767	0.641358841429887
0.710039487126619	0.6115568804408
-0.0856413319843685	0.0440507874529222
1.15149013179363	1.14979243400651
0.606934640303686	0.485717695717491
0.133271254304781	0.0330736858737192
1.42270583980072	0.464030812177167
0.378392467045764	0.147777492160256
-0.639322318657563	0.40887788132855
0.565343599820409	0.369233463224745
1.31624546780867	0.944578335310936
-0.710748225221848	0.691539484584153
1.0363937633333	0.85900732031805
-1.29561500872467	1.50708192169527
1.89422983648385	1.14052247615539
-0.636609651155553	0.408295881902584
0.459747366715039	0.247542494036444
-0.283124516934905	0.0937185339860193
0.0661715666521362	0.0271893448494526
-0.139685861916099	0.0620849401113798
-0.0260388240621909	0.0153064930430182
-0.115245227152521	0.0561549726707077
0.147780580432725	0.168351502905476
-0.173108018568897	0.0702382328017004
0.381267616689283	0.329526848707313
0.385618780000143	0.424961620610718
-0.417099085306457	0.253737180220389
-0.639303808570113	0.155405266784039
0.98158648751995	0.359798997515771
-1.08922809137958	0.434705645120418
0.13436303694843	0.0332886519978548
0.133707491985628	0.0329789895417372
-0.387678621621037	0.112733540232719
1.88823612743379	1.12719964786988
0.471463778279807	0.164335252131206
1.37836363742217	0.811541781707049
3.2565918874831	1.1050644302855
-3.08744594535476	0.960811196593325
0.136032867380314	0.0336051051380813
-0.22230744623912	0.0815956844757139
-0.175262066081875	0.0711978201234321
-4.24774274559872	2.00922486996049
1.20003034177387	0.637596386975515
2.29513759173243	1.12011878852641
-1.55759199477803	0.559723883081557
0.359534879018398	0.239093086489391
0.712157260501162	1.08253523606218
0.682057804248578	0.693618236688316
0.0964512701931012	0.0282434359701024
-0.288434452467797	0.0952993614318452
0.756544151716899	0.310645399934827
-0.178516748310831	0.0724110436577479
-0.76725491259414	0.535482799937552
0.616201443353171	0.276463813712697
0.0748934222605231	0.0305377447363794
0.0999867485326459	0.029149847138739
-0.215826486408071	0.078902720888844
0.136032867380314	0.0336051051380813
0.103276218212718	0.0299839417626917
0.622619267673717	0.19534691993008
0.623771053802231	0.194253824652275
-1.09458479625129	0.440044988270864
-0.116121218572742	0.0559703943373194
2.06205091907633	0.901569568491196
0.74290420961863	0.299384278056345
0.752303267460555	0.308125810261955
0.0210931393877888	0.0142566563642028
0.300725947373605	0.252080127211238
1.14392683624096	1.13938207575955
0.222490574493956	0.132376469970511
0.0580806550576935	0.023549759305782
0.416383702933881	0.244120442524485
-0.173218203870301	0.0704305152755953
0.251996253537076	0.13132054107051
0.769494406680854	0.641727086696557
0.205735390925553	0.14705015527836
0.530369092440224	0.54460048080721
2.53842028990411	3.22959282281117
1.68793475708575	1.58817792429618
1.57970691702305	2.12890869833051
0.384941452863835	0.242565715629289
0.489921744343343	0.446843049472866
0.334645156472535	0.243071481558827
-0.0879088704488256	0.0592057574992101
0.106788605598081	0.0704653832636085
0.0757480067948422	0.0372970989012471
-1.75247897782164	2.14356253718972
-2.31744866057424	1.90925652224788
2.19406208072462	1.59729555894756
2.32458588737481	1.84781498182834
0.678379956866493	0.607860888124689
1.00818570170172	1.17323752086275
1.25000915877436	1.20594943486869
0.574842818401265	0.563610265664004
-0.161026509014059	0.100183253626289
0.346324187829947	0.241176309363677
-0.549529354750454	0.366454718770547
0.22950541114897	0.128154954418494
0.772694205723866	0.528788837379705
0.625941411621882	0.382361100637275
0.4389298009375	0.350113890285527
0.570673744993958	0.373790400553295
-1.08808454476495	0.441668138489739
0.931562386845422	0.243619932940969
1.1612736872831	0.749758813422465
-1.0921414580217	0.43963386986034
-0.284508943684361	0.0936429443614852
-0.0236866845496692	0.0138933845476534
-0.0293357274854115	0.0171690765716144
1.6814419900074	1.2140462881223
-0.233721571924324	0.164009985629229
-0.146985159647311	0.0648304562135681
0.243912042533211	0.125382490188293
0.466837071792579	0.357259650234686
0.75579845536751	0.305026431010705
0.233173415296577	0.130780332923
-0.370904523286789	0.275794446375359
-0.164384968178545	0.175817759677811
-0.221085711452539	0.256043259652357
0.218909553126412	0.15613020154198
0.0698638891333885	0.0286235830166392
-0.00868317011468485	0.00650289820668271
0.803272245654936	1.33335223272019
0.387516498083097	0.338591335515864
-0.54175573053653	0.362063267706972
0.752983662535768	0.309028918061035
0.101230426961354	0.0296586789627306
-0.389961680664391	0.114106955582715
0.101230426961354	0.0296586789627306
-0.638944530069775	0.156134678840522
0.865726998875033	0.546687083654195
0.98338732932609	0.366366127152252
-1.06263144458645	0.53231439897926
0.565784004222735	0.371839360644915
0.46653698232078	0.163076753759164
1.50745395376443	0.733906884256128
3.62107653462254	1.39166271362354
1.77938594611081	0.68549536418416
0.0745503900435437	0.0245175425706276
-0.639303808570113	0.155405266784039
0.86725707710898	0.546769437163316
-1.55630384437353	0.796832001762128
2.30465834189119	1.0984257701526
0.234577763209608	0.140232559241152
0.459045944059488	0.352206082487546
0.0743868350973374	0.0364177629011828
1.78004190881562	0.684060345345096
0.465089415623537	0.160167771082437
1.71404309737409	0.9249664541191
0.312706840377158	0.134862757121937
0.714604119664324	0.403947401265211
0.623907306534403	0.194112599022884
-1.92490960042865	1.16579481147585
0.074234472888677	0.0274305829074115
0.280638789133686	0.133017793287743
0.70330730603408	0.395160808854051
2.50521843923811	1.34177455194833
3.25827664062768	1.09904334310191
-3.47202911181931	1.23103389985516
-0.142540998606978	0.0639169811796109
0.937663816241147	0.245703942231671
-1.09328869545801	0.443390423166797
-0.191169787865446	0.114989002641496
0.16558870151055	0.0320942613353925
-1.09271495513081	0.442597192627695
1.26917630288726	0.540777679389135
1.68772623875749	1.24397965065282
1.70225768717248	0.912434551428692
-0.218784207169951	0.0799188548809075
0.0742274100555857	0.0335166994508384
0.250363539734303	0.130701718996846
0.0969586855020831	0.0580239866250253
-0.785352232114883	0.688875427159966
0.451956882004542	0.433262222054302
1.05972523693278	1.08401547654002
1.27789905284561	1.09101568602445
0.323975914369959	0.246451855272333
1.3832074092722	0.82218940168361
0.716856197435923	0.621175642301278
1.01503461462289	0.720452800868607
-0.73556151810983	0.439839394245205
0.225476674503046	0.142322029423455
-0.198613838068803	0.120174169344508
-0.388577909269751	0.1815890555311
0.617385432607574	0.192162315231533
0.0921990617110135	0.0553846018225158
0.599186578681334	0.477350324273952
0.455619233677025	0.245846011722535
0.883576554021313	0.796766570363563
-0.226808879956615	0.130335776616508
0.645635289798205	0.491207087870676
0.713981220468695	0.624512628737792
-1.43808952849773	1.43207919806888
1.67879560256066	1.57986362995026
0.219476561797842	0.130104945197183
0.871955809888086	0.554560671343635
1.68973920984102	1.23436859129309
-1.23963372588994	0.699390901551801
1.2782824125672	1.08973653479032
0.709198278186474	0.61832794358678
-0.32638761904004	0.167322349436483
-0.279005900997534	0.152708020994562
-0.780067822171114	0.273115694343224
0.753634741900196	0.306055221928823
1.7149690501342	0.919926870350652
1.50314215986916	0.724521991261677
1.54583880042504	1.02636836425129
0.319609325831975	0.138170072617659
0.415642077999623	0.242385763363292
-0.327205541441547	0.165697448584379
0.0934328217301361	0.0554567347699298
0.231612064265406	0.138062111744386
0.618263974468986	0.277564177938226
0.076009023568225	0.0279772351230863
0.0742994449067832	0.0391903858695579
0.551952880968661	0.939530934067523
0.205418919504776	0.209841172767496
0.713234886100858	0.403324955742439
0.38571258536858	0.439870851269717
0.711056658613752	0.397708408180536
-0.0858730348038079	0.0442532497947958
-0.292791199372468	0.0959561885458453
0.103834328016761	0.030145721331391
0.136474810645958	0.0335089325437728
0.98407377907783	0.366453047925217
2.76031666068075	0.80609461503235
0.937663816241147	0.245703942231671
-0.465545167647335	0.19826876166358
0.37596162622812	0.145864273453833
0.0868053659238649	0.0285797585746745
0.463163017399524	0.161706881929458
0.622754877518999	0.193758888404047
-0.178301391029978	0.0725302470865035
0.134141369892695	0.0329755067389848
2.06681956610041	0.895664188118743
0.755209800156126	0.306304987435101
2.07188531336053	0.851643109733192
0.623126048257491	0.194216648284533
0.393198160818557	0.246224158705989
0.12207259389262	0.092817869555586
0.0769059046203776	0.0403880762145924
0.350268763940234	0.335269749786439
1.85693504309203	2.27726410696019
0.605994020338094	0.482506258485095
0.901867093985605	0.892181976842723
1.1990168207708	0.637710715935114
-0.215145956501995	0.0790627122176415
0.134580624513602	0.0332822882767434
0.377631547004968	0.14740968509311
0.0746932565519395	0.0395251948089856
0.771610839611607	0.523740050682456
0.534853158490901	0.26308317496209
-1.40954891859325	0.879904086814705
-0.233694938060174	0.134013169429328
-0.633696223750574	0.402962061677578
-0.144464473282694	0.0641832793896803
2.06135081217216	0.89997766608553
-0.38880875813668	0.112228426170382
-1.55809261738805	0.56070230461001
0.98407377907783	0.366453047925217
-1.08821099882443	0.437632359737032
0.468060466292944	0.254393622264795
-0.327729192639511	0.167097625714751
0.130809758741575	0.0322137583391735
-0.172610468096185	0.0700239240651277
0.383809925535278	0.240042935897183
0.61134180875485	0.274697038803285
-0.323028018816129	0.164604433535967
0.0680603707811814	0.0335068819419816
0.754251130764505	0.309630028134212
0.00951204561472194	0.00589325983525148
-0.883890211036825	0.685479345949958
0.113441108076797	0.0780529982566671
0.437618890693535	0.430731295846304
0.531472617681985	0.26028751103333
0.814306018906273	0.758858287247352
0.829342366146306	0.66185087673924
0.350903466549454	0.243995193795053
2.60500474544374	3.49339577920456
0.426223324342941	0.249344025666379
1.04625559945469	0.972720961333015
0.22061093694854	0.137608052817885
0.0868053659238649	0.0285797585746745
2.05060795715649	1.3771220581389
0.520580575654899	0.358601589077434
1.38204540030657	1.26394893519149
0.0729103998905486	0.0386166838576293
1.03128156455013	0.852564558752287
2.0577154193706	1.95832004207443
0.536195555153753	0.46096431935066
1.14359501097484	1.0304371743164
0.234037147317469	0.130744349160942
-0.135845567905842	0.0876550611214945
1.3169578818592	1.61656262714373
-0.133539209119262	0.100144041743003
-1.17710382415474	1.12599884477398
0.282343869711893	0.134684696258411
-0.370857039171244	0.235852227780833
1.56892926623401	1.36459154842111
-0.121209134722837	0.058291178543182
0.872480415364461	0.554951509830152
1.77807496671479	0.679218438276244
0.0688332521331319	0.0282832559567393
1.54728081851141	1.02876396932112
-0.389961680664391	0.114106955582715
0.708954140612556	0.399854472108159
0.865839074703856	0.547279119553687
0.91349607229299	0.688300438617049
-0.188982137671267	0.113881414198074
-0.968887991576322	0.883817042713009
0.246046923101786	0.126242459155261
0.542756207941302	0.743195928878639
0.191809888211772	0.177044163372581
0.377631547004968	0.14740968509311
0.134580624513602	0.0332822882767434
0.626192457683071	0.194952303748009
0.163198318954765	0.0319050580443516
-0.843057151388165	0.373133963729181
0.980647452713659	0.362963151381075
-1.55630384437353	0.796832001762128
-1.56893867293001	0.558791267387197
-1.02702213627106	0.633804784243611
0.996313175876516	0.462938803801186
0.163786424348353	0.0319491236824782
0.756454115222154	0.310445711889242
0.0867103564340368	0.0285355139239009
0.865726998875033	0.546687083654195
-1.16523448224525	0.350479641287103
-0.83688429206074	0.372062233200924
0.754929919857585	0.309074112333256
0.0831653344700419	0.027221527256504
-0.639498587296487	0.409274896734997
0.508323353653134	0.446167348040345
-0.443560665631551	0.424955312143112
0.58619175196112	0.727571959726433
0.764787366724865	0.988653510139926
0.622468910951337	0.662490752199833
0.403766544810938	0.423432981477645
0.305545636589744	0.339607470679671
0.258219956535141	0.25395913824845
0.901957780623718	0.670277538936139
0.372801280336918	0.145288309234292
-0.778009319790352	0.270609365801523
0.0845094585033182	0.0278486404260499
0.627644224122401	0.277392726361289
0.823964978349933	0.423697021517906
-0.867796048712168	0.477641853274461
-0.176864194035721	0.0712891323044411
0.0647051846669545	0.026626486289584
0.62197570105732	0.193886107986901
-1.4018955406001	0.879947844463105
0.459868627727569	0.161415329046465
2.06552220289431	0.89439549588605
0.46585407780477	0.25321497322584
0.9753180046391	0.360574182878169
0.463850806492571	0.162104073343502
0.612643146958829	0.275593601456775
0.133487547685943	0.0330756337612284
1.26675231678754	0.540402083497145
-0.0881785607284894	0.0456056491296298
0.071286470299815	0.0291063583421752
-0.173936514348121	0.0707520766428087
0.616294322196536	0.278040952680414
1.01720258127248	0.72100455961862
0.0868053659238649	0.0285797585746745
1.50616311918023	0.72481807174305
0.455387072020802	0.245218363412363
0.312093405824781	0.134356647460201
-0.777563544986258	0.68206521704958
0.24841734906388	0.128680437846822
0.799689193270146	0.842969821768557
0.718078029573333	0.707375542662317
0.468037309045064	0.437736147900421
0.0896440383248632	0.0291051040923757
0.318183475830058	0.136464269591137
0.465883338131111	0.252865380149071
0.0603917268945537	0.0246899542332983
0.420725349700624	0.246663872231189
0.071514777373836	0.0323228988237437
0.667573290405014	0.600500622809709
0.0709933066552041	0.0290613379001477
0.22463303225948	0.134757454104366
0.720869253419657	0.716033060793442
-0.362996372444377	0.233254124822086
-0.488157393726844	0.28065243299934
0.0677863415856541	0.0329014351143892
-0.417445100318327	0.254458833360164
1.38240980293871	0.82878503762754
1.88907227711501	2.02943814553879
0.453696277810234	0.243277949045456
-0.232898813053596	0.162338775494157
-0.233807574404353	0.135081260765287
-0.283816265891262	0.0940046780297161
-1.23969333874689	0.697605948569435
-1.55809261738805	0.56070230461001
0.622619267673717	0.19534691993008
-0.677905388439909	0.330941128827722
-1.24555448068987	0.697095666836392
0.561017969600097	0.369395335874494
-0.0640088378628844	0.0346859632804534
0.00733550936871985	0.00456842944655968
0.349166973737644	0.463760949434777
0.16165313557031	0.186402914141528
0.746689224316663	0.991415335318438
0.373839920021733	0.425373704246114
0.346192498273316	0.333364315021204
0.753571413536895	0.309463972555086
-0.649523124662855	0.156260824569005
1.78171719375045	0.685418248181854
1.42248186635954	0.460999123934144
-0.396345440483101	0.115014501577438
-0.83581080358646	0.368764775685382
0.0779077110491222	0.0287506178142342
0.464441756715815	0.253125728291825
-0.283700683449066	0.0937434246457278
1.42204391977515	0.460518488476826
1.42595936707127	0.46464634975394
-0.284667265657633	0.0933902477297201
0.373514502534244	0.145732055908002
3.9060717520559	1.6728769939656
1.20672301707732	0.6391572393067
-0.214964488342103	0.0786486187566384
0.46558528697238	0.162904562033637
-0.732992966447043	0.437111732575941
-0.2014949655434	0.143347691182913
-0.137167199877221	0.116357059590103
0.641902580327561	0.836402219575805
0.19316885761204	0.173086402891543
0.149457492109381	0.131291894150652
0.265182782000141	0.2565493890574
0.246441777558902	0.253349755309493
0.132727430990235	0.110037983784897
0.565982080825407	0.3718183788001
0.312808102619239	0.134741631202937
0.620957951596701	0.280788197797856
-1.34347077887477	0.613680669788906
0.744906447234819	0.300691722413661
-1.05430865228204	0.531455751924312
-0.270319314904755	0.184650388527982
-0.115405192648894	0.0561496137280619
0.371810591497439	0.143507098612704
2.49714709455394	1.34360376656944
1.69318775822923	1.23449673019218
1.45015152618474	1.15422974787258
0.613944711078289	0.274318795618447
0.756544151716899	0.310645399934827
1.50395400550654	0.724000730214971
1.7104383969852	0.921494376347142
0.985492237242302	0.359261038829558
0.0765054747121097	0.0280829435861141
2.05870771407042	0.899213345938946
-0.17901970413642	0.0728532485467444
0.464814200668646	0.252019601971284
0.0854418214274984	0.0280370357838024
0.279265832490047	0.131787826638389
0.0633493914807591	0.0259729121139909
0.415642077999623	0.242385763363292
0.00265438513008465	0.00169421400879785
1.01150178657635	1.16537664846596
1.14614744107153	0.885525600069724
1.00075133863517	0.467529016929888
0.101361210294962	0.029653942309968
0.247758393434319	0.128155965628199
0.700394365463842	0.510762908601108
0.27792835601695	0.131039004871997
0.0694884743121466	0.0313124124123378
0.494412886746921	0.363811975062178
-0.228335465224052	0.131342481420591
-0.118596327148103	0.0574458143932096
0.991831943767649	1.04715921775567
0.459515119262792	0.248135487948289
0.340250159131907	0.233748548966619
0.771806923369144	0.644674268216388
1.81641363231193	1.45427378291396
0.527714252302479	0.258331982698189
1.54163651353818	1.81107694915204
0.875974454654958	0.556683027753256
0.253546900300812	0.131903644030945
0.204272946808107	0.162889019623768
1.26831385834692	0.541122042884536
0.995721248136698	0.466119360542734
0.37830771099079	0.147829593240572
-0.282548617323577	0.0934288649662158
0.0751143631422319	0.0338127053371302
-0.237311215964293	0.137341511455996
-0.313871481037567	0.209177308876577
-0.420497216300571	0.301171294780886
-0.0434351299569629	0.0246084322197909
0.358780243702237	0.485821457034653
0.394808834185674	0.597604501991623
0.291878592581043	0.365886985253663
0.248975527412454	0.303647564638601
0.0762648659538399	0.076584887391297
-0.293819267891294	0.227208222828313
0.623403420271365	0.279181662349811
0.403451530243552	0.4047151745933
0.210826686228744	0.20593352655824
0.368348733163665	0.444025175319146
0.0716878900992297	0.0742108955999483
0.302451058040561	0.253480995678344
0.486754820431388	0.356985955721948
0.317187319661597	0.137032961183765
0.622619267673717	0.19534691993008
1.26830889308263	0.534379845327292
1.9760405399428	0.493213117693187
0.102474476101686	0.0297923181105043
0.459868627727569	0.161415329046465
1.00342644321087	0.585186132626916
-0.86280157642846	0.475164283580752
-0.08713273528977	0.0452008377662642
1.50522191225853	0.730516957592047
-0.776203477696741	0.267814203554467
-0.580170069065922	0.30709529151408
-1.09021631937969	0.984966832415068
0.508390321365758	0.545407924311503
0.716398362777598	0.706566492606138
0.628664491317536	0.747492964847371
0.0451768547612273	0.0406494954484585
-0.254072522746119	0.241686358675434
0.317811889533892	0.340709315035533
0.366989114708187	0.43392056521412
0.353975915084738	0.410770990968325
0.441612959599261	0.426513262049041
0.0723460647394591	0.0385261914084537
0.414589371452396	0.332781661973165
0.624702235668494	0.278769618187371
0.97570660317586	0.95016706214232
0.474552310666202	0.437831642629365
0.425719404883011	0.350141976633166
-0.63923865613969	0.155145012751728
0.464429236846016	0.16346936705331
1.54567381250648	1.01701276255718
-1.08964934648613	0.43791966465954
0.0738837531331322	0.0303059169902893
-0.485336599949699	0.278474668667161
1.77887649352479	0.684635676036224
-0.218087388523012	0.0802373753364199
0.611848423939082	0.272782137431294
-0.572105208753344	0.301785741096908
0.101230426961354	0.0296586789627306
1.77822198684398	0.683613630208253
2.76098037058925	0.812188394353738
0.133487547685943	0.0330756337612284
0.616793408413798	0.277502572634063
0.992867904407715	0.467211941781042
1.26743963238372	0.540452730302901
0.0681982988985243	0.0306789807720791
0.824206230180937	0.425144701451731
0.0624138806436599	0.0282251695069322
0.281519272103082	0.134295404125124
0.0624138806436599	0.0282251695069322
-0.201268135996031	0.121443481752979
-0.132935662466113	0.0857493047059254
0.218041069707751	0.13624230545413
0.0891885436071193	0.0290431969400014
-0.47956320916906	0.331778299578223
0.647869385396302	0.495150487952851
0.284360582264169	0.135208927845238
-1.0038235875763	0.726841479321305
-3.10370089870663	2.44240416367008
0.416383702933881	0.244120442524485
-0.203122562311879	0.122142215197402
-0.465648735471622	0.373457991440632
0.253433239049321	0.131748297083619
-0.286109090934618	0.0939003772916518
0.0735319248615249	0.0271371945758418
-0.638944530069775	0.156134678840522
-0.685525588303978	0.332583742903735
-0.733424779974276	0.431213057022871
0.0773231538451444	0.0412070759325418
0.412232468706821	0.241408993730864
0.494267804819592	0.361849905353902
0.208525365311162	0.143595142047559
0.439832449754068	0.351339974029854
-0.033004761411172	0.0336290902638487
0.479921729299118	0.738640308712481
0.0759563618691756	0.0819616250328732
0.279223317742227	0.248647950860007
1.26845646886772	0.539839872432159
0.361726260975122	0.340555410673524
0.0154439683519334	0.0123789323867611
-0.088918129014489	0.0868418632707157
-0.229791891610914	0.249052395758938
0.201333130660935	0.186639764659533
-0.176824506917067	0.160643418459788
-0.967620438133308	0.878996873738591
0.081873967870621	0.0269399899837952
0.616595707063413	0.277849789266075
0.937014825487275	0.247501391945126
0.133271254304781	0.0330736858737192
-0.583204283461703	0.223838897766832
0.0830410802428068	0.027198845183722
1.26617237586217	0.544237689615947
0.281519272103082	0.134295404125124
0.937663816241147	0.245703942231671
0.982139877277301	0.360799468928431
1.20464441465422	0.632433621057452
-0.417929018039324	0.254705858688311
0.0831822099872145	0.0472878326219597
0.310742188380201	0.244972072878957
0.142805988762119	0.120503935859984
0.395341729557335	0.419368077009142
0.559373584578223	0.699884292898814
0.617306411466652	0.815281494316037
0.354412204768353	0.432514156130221
0.0229702261537914	0.0148854127853687
0.336960318233311	0.246440297790379
-0.0519601137565429	0.0292877365567483
-1.6847287603827	1.28248760836648
1.00128905915647	0.5806647723694
0.643800251576276	0.488562385012893
0.104787149511201	0.068932362587336
-0.466761565680209	0.369122184449897
0.990567138524913	0.462714953898227
-0.782325198541867	0.270060300390934
-0.838845852417279	0.366973314766359
-0.178408725165542	0.072623402232989
0.765434405712371	0.518661562783288
-0.233524644666264	0.162693649383906
1.01699347277824	0.721729216501167
0.0695660868841871	0.0286237648847791
-0.389704921894128	0.181967727756675
0.992867904407715	0.467211941781042
0.312706840377158	0.134862757121937
1.2662786845119	0.53920821418515
0.287100054255145	0.135827080063661
0.62197570105732	0.193886107986901
0.937014825487275	0.247501391945126
0.374782002964809	0.146461898398813
-0.229164905165212	0.0835726805566911
0.706104931870323	0.393753646851729
1.50386518134589	0.730362174541587
0.0669420199348236	0.0272605652903231
-0.42106980121989	0.305630288288469
0.764488706248314	0.513499877286772
-0.119373709850742	0.0578504284276312
-0.27271295405417	0.149065270734133
-0.418039522959865	0.336540808063258
-0.482918655588448	0.33533810734761
-0.373660418308692	0.274188970784078
-0.280647992836432	0.153925350459828
2.68121560056344	1.57801835428726
-2.06674288471453	1.42934322624367
0.524073629830628	0.260572218504614
-0.0914953167037921	0.0470377910442445
-1.05277454419758	0.530378354757175
0.464206409200603	0.161273592279678
-0.584474130413975	0.226044658568199
-2.35474361375508	1.19557220634529
0.754251130764505	0.309630028134212
-0.330251425601322	0.167684560871408
-0.236312597883099	0.136481974861777
-0.39117789869	0.183325431186027
0.220354561841893	0.137409307099564
0.0738532491753521	0.0363628966218454
0.0630605558684163	0.0284976826599527
0.20437161156266	0.156845485222951
0.314245366549613	0.243590909251404
-0.278276293385865	0.302771743075435
0.289752473520094	0.378979473853524
0.189598525379023	0.161504950524064
0.234909333446403	0.131019709280047
0.376048733616703	0.146429393060021
0.749233019536078	0.306404529636127
0.614039816624309	0.275084050197571
0.37830771099079	0.147829593240572
1.20264764162473	0.635048620463901
0.0759744314507048	0.0371581019235752
3.44450292942005	3.29951397407405
0.133870332194707	0.107302115132353
0.344537095244021	0.340017022956396
0.969122378589327	1.22849379877588
0.7139619696213	0.403309548273122
0.082558098902597	0.0273014951400138
0.0687147304788752	0.0363724806549699
0.0693246179599331	0.0340073162583707
0.823358134744885	1.0275472233569
1.88823612743379	1.12719964786988
-0.283587090060208	0.0924830104314932
0.62441636271746	0.193009143872031
0.104522548275487	0.030451402882796
-1.03404332085579	0.642410630574705
0.0698844960384845	0.0312434724409628
0.377041313631491	0.147334365665277
0.998334097952849	0.467800286387824
0.708870761878534	0.400396446756914
0.821137282130425	0.644472463525121
0.314035271085771	0.135385887427251
0.0997151553090041	0.0289351651650972
-0.184216183613652	0.0741624379584903
0.133487547685943	0.0330756337612284
-0.0934723633486204	0.0476707404775092
0.133925459616961	0.0333863221239572
0.247521502139231	0.128111054955728
0.0784031303601016	0.0286905325432056
2.30465834189119	1.0984257701526
0.980775883816089	0.36599399400451
0.875974454654958	0.556683027753256
1.51045187039854	0.727718870410599
2.05052118300081	1.36142385432633
0.482055809837978	0.430710699175797
0.518115815543743	0.357585452070261
0.822019918577626	0.424794539025205
0.365106577407819	0.242260207853002
0.445150858543796	0.353919941248979
-0.218087388523012	0.0802373753364199
-0.3130025738445	0.205651958005992
0.29822533290582	0.240923486499541
0.868826826183202	0.544778567641285
-0.595685686334412	0.453355946484584
0.0805477291297501	0.0452579507507059
-0.0935912514262898	0.048389252390714
-2.6240265207981	2.63404983682628
0.230141114284092	0.136333289293489
0.137134990538943	0.033631618011293
0.0707132921201738	0.0320659967517744
0.493970775419748	0.361054083130615
0.713149792223703	0.403231847516325
0.622754877518999	0.193758888404047
2.0626131275164	0.90284879120541
0.980216887401728	0.362749011960844
0.622619267673717	0.19534691993008
1.42270583980072	0.464030812177167
0.31882426206017	0.135919008310356
0.0249556015268999	0.0253792511126934
0.32389552988614	0.448654588350624
0.205940481967533	0.154017367504531
-0.0922059701522582	0.072133145917378
0.303923880328645	0.360298226073439
0.450006883602814	0.584125228721064
0.701600673036823	0.915329224599203
-0.111378629399916	0.0539941606691049
0.613246033967951	0.27430184274171
1.77873029868246	0.684469072770882
0.969187428981621	0.35126903738005
0.0708898011188004	0.0261764793382678
0.618452260207844	0.273624331538448
0.51763323308096	0.361717341379462
0.0889857404408384	0.0765977488182443
0.302083883826841	0.25262088253717
0.0849497642354054	0.074544675852885
0.341904767377248	0.33553760185736
1.00416117753873	0.5820977261349
0.222591741953981	0.133082291596183
0.351791839811354	0.329859548560605
0.734401463943106	0.727464806467782
-1.23824199650523	0.702033602041528
0.137134990538943	0.033631618011293
0.468557085842939	0.164670323898188
0.0850950615844485	0.0278758262028037
-0.489821555654805	0.281630613182953
1.16561971656532	0.761324535384158
-1.23957062399781	0.703858738136818
0.133707491985628	0.0329789895417372
-0.0774736834452716	0.039480137457437
1.44659745922541	1.15566266525012
0.0656555994311756	0.0293849267257744
0.467835554520711	0.164483539903032
0.823964978349933	0.423697021517906
0.704106217792714	0.390844815182494
-0.220640861070362	0.0811231369281859
0.456171599429302	0.348827817890962
1.00785845457382	0.590605046547605
0.128703972957949	0.0319889921983585
0.377041313631491	0.147334365665277
1.16070286246943	0.751678133979065
0.983260240509633	0.361648141884026
0.310505466873199	0.252508497796221
1.01071890794928	0.589552539217435
0.752221184864459	0.307913197586877
0.0676716513812154	0.0277115983459661
0.0144171177739165	0.00941027536069307
-0.0681471210090971	0.0468684873021779
-0.241881855589321	0.213495005419228
0.46346721638662	0.353482861762239
1.4994430949408	0.720927200554066
-0.320844090220131	0.163035839980288
-0.198875797749588	0.120056307319672
-0.764098176562844	0.535633211764562
0.0775971209368338	0.0282304328753676
-0.0905823338284297	0.0470851703879018
0.202633087283187	0.160683624203626
1.05013520979076	0.985593461690313
0.254126237083716	0.131632483813455
0.851519298747867	0.875470071333767
-0.389198863236944	0.182344733542956
0.0728144952480165	0.0328190054996278
0.819106264923202	0.421251789628366
0.463345795356449	0.161618675437089
-0.216322364283445	0.0796101409174183
0.256186453174069	0.132972600409986
0.41661837193109	0.242824379617231
0.0361812608195521	0.0261485551119599
0.542824055843015	1.03165920579528
0.0061657626531055	0.00687379865211046
-0.194730069969089	0.228813847167685
-0.0261756839099918	0.0245117840736424
0.302608829211993	0.240289932093912
0.136808260149403	0.113527156718308
0.0633969378514956	0.0514254257168924
0.440192287045419	0.350818928990211
0.280882084466602	0.134036754662528
1.44933805813185	1.15758870724981
0.518563202826037	0.357008837490283
0.0689614912044384	0.0561123268386189
0.670895155288666	0.77301548939367
0.379110260901898	0.432024793560376
0.488283752479067	0.356467081620596
0.510122911534235	0.531998422406277
0.769639643728679	0.741742908532713
-0.58804965889281	0.228034778047064
-0.569567640204399	0.301987499358097
-0.586883643452601	0.2256851194376
0.825807368829933	0.427294746951602
0.460511404605816	0.247753321431374
-0.141789285525686	0.0631396703625027
-1.55699571322313	0.80538119051126
1.26917630288726	0.540777679389135
-1.18076082385569	0.81387394370057
0.218680341246379	0.129798389057122
-0.331187896158363	0.167679257205218
0.819818048515072	0.421529609779242
0.997820636995742	0.469553391342769
0.830756284308195	0.428236529340891
-0.173218203870301	0.0704305152755953
0.0755345102613769	0.0278322263549384
0.610575035277834	0.488782479524864
0.316242902091932	0.136534920083559
-0.282665519660867	0.0929789106960824
1.26975493617444	0.545870640727711
-0.214466273514909	0.0787872059162844
0.754838872081418	0.307715712094555
1.42380936571803	0.464332625195306
0.202994543524468	0.159430180443255
0.0985686434965005	0.0643262251767533
0.0947355963039278	0.0597824351350508
0.70348437594054	0.394648777109719
0.644742341567	0.489005017235567
0.0728693995657145	0.0359495335309849
1.44310410791326	1.12839910198887
1.17262325500433	0.7676745277522
0.625409925972999	0.19358581281195
1.05160791305249	0.986726546587015
-0.0697811414321818	0.0376733624460268
0.0839447055871739	0.0469829030273014
-0.690489499621948	0.561374448655743
-0.785140062133816	0.695172402324117
-0.660180429302447	0.64961161295772
-0.191502924922279	0.115664924867539
-0.370881446997982	0.275674633357908
0.217288499557176	0.135474569569338
0.0694668965944562	0.0344384921296278
-0.616996690430658	0.51326680525537
0.251462618388971	0.129864387378196
0.317187319661597	0.137032961183765
0.623126048257491	0.194216648284533
1.42034491184431	0.46018446512664
0.201508603914197	0.200537398086774
-0.112995513123336	0.124487942099907
0.00857975532103386	0.00763682924926212
-0.323756047603784	0.36978667861809
-0.245361935234382	0.270543695668441
0.153576777532915	0.170562200433094
1.27513213919906	1.08644355435958
0.562949197933383	0.368996858411022
1.19971055263332	0.637365369720368
1.29813193133256	1.71954359070998
1.15707020358267	1.4917067346818
0.199599667791353	0.193874002791921
-0.104914296310839	0.0816237333327549
0.813486655646314	1.1877511979052
1.68837155768788	1.24573495464663
-0.63923865613969	0.155145012751728
-1.55155354136836	0.78379039980881
0.640745907602813	0.489138226200832
0.413509146589159	0.240956462100413
0.116232370876047	0.0843208759193985
-0.271889877779674	0.148371907318664
0.871179395238925	0.55495314189032
-0.762612762748158	0.534797471092231
0.021239937538784	0.0144088636526214
0.770643488038185	0.523101747362045
0.526149688057342	0.260965745163726
1.50289568633505	1.49618101108208
2.50019536089335	1.34921753145788
-0.153874923617457	0.0674948506372545
0.562098497098714	0.365439999073108
-0.551468885412182	0.372628981037137
0.112789155511901	0.0704300484171577
-0.268027168609791	0.144815400088794
-0.391112366168209	0.113694348973874
-0.470693733486151	0.19875824327339
0.997149032001263	0.470452595493581
0.985321591311577	0.362064960947767
0.909498356650636	0.910415022833362
0.101048176175994	0.0659209551246117
0.082558098902597	0.0273014951400138
0.0690220459803635	0.0283406372769482
0.228755018506038	0.13651167735957
0.0727760595702705	0.038345173556598
0.215309658445051	0.149705893778095
0.569220542659666	0.373999425664466
0.348324856300561	0.243609635363775
0.230323099676465	0.144871692472344
0.46511648404163	0.163376575467926
0.135019543462428	0.0331874904235952
1.54021431593659	1.00831292667282
2.31750605064654	1.82435352564669
0.515002308443409	0.357827116262893
-0.381883411645278	0.178505118122415
-0.484709840130654	0.277858166011671
-1.43355343508141	1.1812190049267
-0.783457796306566	0.690700216031262
0.0673979218916984	0.0356035011737827
0.536263512023678	0.462332553666404
-0.0921540278053105	0.0473112585008558
-0.243013351890306	0.168827017832837
0.980216887401728	0.362749011960844
0.908544484309255	0.68382840737436
0.997602338181689	0.56888932998356
0.62441636271746	0.193009143872031
0.193427360152633	0.233444829172954
-0.572173057045783	0.611717756619163
-1.14428125368786	1.42395572987986
0.040045127116905	0.028998641677571
0.542127924940906	0.536288880188136
0.215594464595085	0.161973395664528
0.426848559501992	0.351494674811891
-0.193042255167165	0.116152997644393
0.110100109716315	0.0780184976207893
-0.266375307640444	0.209845288140852
-0.0631458856046129	0.0342520636036468
1.0782405720342	1.23497977768312
-0.554739140121147	0.373768662270806
0.0747907587821715	0.0399316428145875
0.0784538345691384	0.0384294627921876
0.628365986917308	0.574843086591521
-0.135929449343693	0.0866994692054578
0.768755020446367	0.836485717088859
0.566089397252901	0.472419085437105
-0.0439567753545261	0.024998312230449
-1.17522118140109	0.795853847611917
-0.0452389287702803	0.025622590114647
0.901957780623718	0.670277538936139
0.859543912558149	0.534212521768196
-0.114351631122376	0.0549562057070384
-0.307652493773887	0.203119282632336
-0.678398940952451	0.330361183262604
-0.689862132664154	0.5700453465725
0.458112456412623	0.348149654916262
0.0689865725021668	0.0255026192095195
0.0668262456255112	0.0304056128764771
1.38152441499461	0.823870185922236
0.460845713691199	0.353503275113631
0.903593134946831	0.674935944543762
0.252088437821912	0.129788759003677
0.131015079699388	0.0322345028092498
0.226101634908442	0.124944113025042
0.623467966542954	0.378355032963023
0.0749991619536115	0.0305224873450872
2.06401739477547	0.902644344427815
0.240894653388953	0.134965997052452
-0.865828234310902	0.477277005314321
0.698570062262355	0.505480807189593
0.223489718144869	0.133941888131092
0.32191485356293	0.137163687769636
0.997241962274734	0.461542438094231
-1.88141442269144	0.768883152221144
0.415196902736106	0.241506156139516
2.67598268450289	1.58429736670879
0.465695039429514	0.163664307663245
-0.389457563445465	0.113252691370962
-0.468524063138772	0.199832219373257
-0.585058441613823	0.226217027835725
0.371455965711671	0.143807857902936
1.167718372767	0.764242630528896
1.20498344425088	0.637553727866375
0.216131343340019	0.149310264009006
-0.0147995982087189	0.0171855390090558
-1.00690734041962	0.734734462115972
0.997125042025841	0.461820471907891
0.37762277486643	0.145168649478469
0.458753088968164	0.348911166906252
0.0492999945519133	0.0452999408142401
0.139419841139479	0.122019232432025
0.765643051306881	0.64372984097767
1.25552540861529	1.22630933503873
-0.30857841916253	0.405568387209342
0.209985286023073	0.243613017843003
-0.324352618405882	0.369157194172851
-0.285927109521833	0.380894911584965
0.0712314527158931	0.0350131041719502
-0.500057398665724	0.545423715056613
0.765042504597839	0.912731797155199
0.21512847694248	0.241992686909539
-1.02869003580997	1.3554926167244
0.375678078989208	0.233318077730206
-0.025389226773534	0.0148598314671316
-0.855490380975233	0.987723068742228
-0.855302623484573	1.10083295752346
0.347216178911723	0.421442690762972
0.148585278298873	0.138520577076092
0.533265155118245	0.457646644615747
0.259967499925572	0.2513841938631
-0.884673449542313	0.590322572942791
-0.106717554291323	0.0927460670333653
0.0460247236422441	0.0343658081165641
-0.637967582630334	0.86455180410186
0.260331597085043	0.269869982996977
1.68837155768788	1.24573495464663
1.50745395376443	0.733906884256128
0.772478286779852	0.529550596973563
2.76031666068075	0.80609461503235
-2.57196810381088	0.687583434747214
-0.390970925105678	0.113585794693815
0.165719814080059	0.032118911098423
0.619145961661694	0.191350879359355
1.77887649352479	0.684635676036224
0.937014825487275	0.247501391945126
0.306211876825102	0.262597221947876
0.0328387051873919	0.0307284022915727
-0.0709408719993362	0.0387125097601523
0.311752818225866	0.133389847067161
-0.421004894864718	0.257832564216096
0.981461684140044	0.365427522756322
0.128910057410825	0.0317963252686502
1.42380936571803	0.464332625195306
-1.17192744414291	0.355003538565994
-0.64191731743694	0.155462954524495
-1.87161914657441	0.769308082532686
0.937663816241147	0.245703942231671
4.13818438853155	1.91102799098982
1.50666473839308	0.721181555771543
0.937310940021799	0.247681996839871
0.133707491985628	0.0329789895417372
0.442180872205966	0.351220849959565
-0.788518768177321	0.694554689606139
0.508368685083357	1.02417787411534
-0.0675608795870053	0.0460157165290381
-0.0454950261270974	0.0257313592600776
0.0874354581444185	0.0745739305705459
0.044187291474776	0.0404637827348667
0.260488866165394	0.309121847415565
0.38319039355552	0.333085575397212
0.0196748541177988	0.0161611970688833
-0.0680259625077137	0.0673080362304321
-0.169204536562641	0.181762147688864
-0.643551113010039	0.789444358369682
-0.614533348997282	0.887627231302001
-0.412093218693937	0.333406761266905
-0.332483267494926	0.370836861222954
0.142625672170539	0.12790400569853
-0.00501089035756196	0.00431956341960651
-0.58439180031043	0.624722168763567
0.575552842339994	0.561699509765391
0.0105814382278094	0.0069686867681786
-0.41475309947489	0.370891739905638
0.109825054045303	0.0723291288766911
-0.348941225540379	0.343748648126207
-0.169979253631053	0.152608106763285
-0.0673150614160783	0.0460688951835172
0.65949167972107	0.844651937445931
1.27341361304385	1.08650831607572
0.337581298042123	0.331386784139071
0.201990616747011	0.170618806242902
0.311486999661789	0.323462021040016
0.266895600995289	0.259697848085459
0.711865289386246	0.403204098631347
0.756544151716899	0.310645399934827
-0.686286379941761	0.55576852845059
-1.56245010376956	0.810228431329491
0.343198623121803	0.236023126051042
0.153098678086035	0.144563078041346
2.06419285822954	0.895193324846409
0.823347906353663	0.42603239733205
-0.780621338588044	0.27365972431568
2.30230260442764	1.11540182845627
1.42662830143714	0.462133777671899
1.42204391977515	0.460518488476826
-1.08964934648613	0.43791966465954
0.62035659580121	0.280825650264746
0.0950288758297708	0.0595985511384177
-0.208873018420331	0.185648081329681
1.0201860705628	0.720949705187481
0.0729346750015772	0.0269175186835086
0.136474810645958	0.0335089325437728
2.50403937861618	1.31147684580958
1.42270583980072	0.464030812177167
0.931562386845422	0.243619932940969
0.622754877518999	0.193758888404047
-2.57584548566592	0.689261699424094
-0.281972984391248	0.092695894956706
3.61951558331876	1.38249504606301
0.133925459616961	0.0333863221239572
1.20386528840324	0.633761334163491
2.30172167834504	1.11374868557319
1.20072647376775	0.637822490018349
0.133925459616961	0.0333863221239572
0.0991558512875216	0.0289072234958687
0.98407377907783	0.366453047925217
0.764680364870046	0.735164268398477
0.908540052791175	1.43154199001179
0.150467253109622	0.141499958603223
-0.0897084652968793	0.0789262663275196
0.443545015464905	0.511099679746945
-0.154216380125839	0.131442072225032
-0.113471678494463	0.0863767855425007
0.569859580236134	0.47639071773678
0.319900370013754	0.242552605821966
0.0180318020531946	0.012148464583645
0.0109606375930888	0.00854898150159619
-0.406372722172296	0.500434674676439
0.676209494290622	0.608932608890904
0.415770324697665	0.245282829198599
0.377631547004968	0.14740968509311
0.530615882051448	0.451672204833501
-0.055798234690725	0.0388201614665689
-0.466709692696181	0.507650466199155
1.15890825343789	1.38834786761716
-0.105054807358475	0.0691260131852798
0.206830670834783	0.148011110424471
0.120182335267035	0.0938618848884336
-0.327439316293478	0.248053041060935
-0.880931406098882	0.760230109660983
-0.16669705614393	0.104038768707663
0.27812000835583	0.1320371005728
-0.847777642657954	0.371804777809639
-1.13790937771744	1.18977549791468
0.0949479997144766	0.0571443865326359
0.208842617188543	0.143837834083344
-0.481391933883642	0.339257578420387
0.716602927586526	0.40261159050057
1.01120169075813	0.703762487904242
0.491923094733904	0.360157398062979
0.218968555342626	0.129744737753394
0.308660305302243	0.242394128561407
0.205925672756476	0.186702287845084
-0.167680834751139	0.104946601915828
0.416328446986256	0.341297234657348
-0.629962295723319	0.401563791006661
0.0763927144506656	0.0405183134518523
-0.112781304649078	0.0542932355678192
0.36960324178716	0.240959738770188
0.0964325659367168	0.0575683088994302
0.811361179102555	0.75887519175782
0.237026967116818	0.132462855831316
0.540521350798159	0.462366604862556
0.0781255616041266	0.0437031144764714
0.530013571284504	0.367504916878265
0.0748982201773106	0.0272625550052738
0.69989593592404	0.508588512108904
0.0701238624461172	0.0345231418452466
1.78717430237754	1.80991644292023
1.01245838224325	0.711633412727118
-0.173329072668266	0.0703444645992616
1.01365994153116	0.585271410957934
0.0774098988428949	0.0284533149610014
0.0696742174800306	0.0287057071302054
-1.13212867404337	0.897673318139545
0.564962297725109	0.463289287342375
-0.524064229541726	0.412516952436861
1.68700474124586	1.24198907771164
0.757042298692838	0.308527468469745
0.081873967870621	0.0269399899837952
1.50589888209026	0.728312851544929
0.0756393472684119	0.0278486743977225
-0.740460126123203	0.440760806144359
0.489456800084865	0.360892904569526
0.132834683092633	0.0327681675512275
0.459149783339874	0.161003582936581
1.26961298119583	0.541081832282185
0.27960674916688	0.132795301332566
0.252321534135779	0.130341532675734
0.69598724166556	0.504337161565161
0.321648395107452	0.139081157060614
0.421480564379295	0.564987333871485
0.505019185577034	0.697427315015966
0.303717289642554	0.358532859641262
-0.0498552878342802	0.0408387569082431
0.202085804431464	0.179502698211752
0.592973061387423	0.787524516135718
0.872686640083612	1.08232043464254
0.515791704686837	0.457574366628734
0.200777611016717	0.197900093685353
0.742633560715712	1.04148641221971
0.375518251860375	0.422865156325997
0.56760379170909	0.4744613919953
-0.0391052615221987	0.0323472158636232
0.0949791952460838	0.104018585776225
0.389805108777258	0.244952645090669
0.615996072663699	0.27788426628617
-0.634265738581935	0.406338898278414
-0.376862789507271	0.340909415195624
0.249406541711891	0.247695170628874
-0.0482701753103783	0.0400221711525467
0.831262020952518	1.04919718129064
0.0661715666521362	0.0271893448494526
0.195034039769741	0.188429634399637
0.214968191134783	0.160839600293007
-0.360346599548527	0.226311481534393
-0.143179406840092	0.0641353825533249
-0.126156686263015	0.0602927310742054
0.537771635471965	0.617358835341325
0.822196811362408	0.773844974248218
-0.0316190198780693	0.0228882537645044
0.628242788334732	0.575854184237552
0.726255164635326	0.719959239293418
0.377066077845489	0.338034553002575
-0.67926059048915	0.926049414951494
-0.28257939911942	0.240707431361132
-0.329826671546902	0.250519060335864
0.36339685880511	0.241151292013431
0.216692857588152	0.150835354725761
0.577858687026952	0.478955784867108
0.365032695590295	0.240439430605354
0.38123907787742	0.342139734739607
0.070307913480369	0.0344671742871809
0.0874442316244204	0.0520519189451703
0.81981473316875	0.76268667408856
0.105738671631396	0.0720411044369557
1.15282560680617	1.0355942792855
1.25538719670278	1.20505049242861
1.54370722638643	1.02972953602529
0.370465354342482	0.144289627041669
0.380531217210644	0.237875323433451
0.705665123987928	0.512935338988802
-0.090972155176191	0.0613413639525136
0.471463778279807	0.164335252131206
-0.267707271459931	0.181551349474475
0.909671650171937	0.68713780947036
0.0735319248615249	0.0271371945758418
-0.590176044829628	0.226966774681667
0.277257123630663	0.132361906392653
0.0785728871146609	0.0416761989579341
1.14292591510169	0.880305072985899
0.527677901390679	0.262965216689551
0.0774326865504155	0.0437000505185799
1.16569596334212	0.758632433215401
0.317056481215529	0.137252608182487
0.411129627847154	0.416993945795926
0.112968507482138	0.0777863386509664
1.0429216604947	0.972039896387339
0.661155478055848	0.932469327952519
0.33896440076223	0.526525275721232
-0.116602697055935	0.0893211529367242
0.298152433049755	0.239948156623518
1.15146178428516	1.56971476780513
0.760559180130563	0.726551714725953
0.461619833809642	0.250078369817728
0.311822472611095	0.245364499314226
0.605523214390528	0.484172902493259
0.445758338411173	0.515635570449762
-0.0741858201940391	0.0718280114508437
0.036971152391081	0.0365836542344633
0.106577917601086	0.103153911265671
0.0756043540824059	0.0645277949334271
-0.193717575311692	0.214405206311867
0.306451213941879	0.353695077555406
0.413295029888353	0.500151298726585
-0.120800146826756	0.113633272597341
-0.0356028167909744	0.0301444497970495
0.263178643480326	0.260888611518347
-0.0964242272267365	0.0846764342048648
-0.913090034180185	1.1027247981419
-0.683243545190395	0.758310567074518
-0.790702301760896	0.819134773306799
0.200825293950912	0.167745017927219
0.204868097578059	0.162451268298084
0.0237964810325567	0.0190829722229146
0.369369784557476	0.424238602915647
-0.551487204613756	0.628044473326939
-0.232499110899507	0.266913995676635
-1.0686971560319	1.25816712997617
1.41393693484493	1.71350841493921
2.35651010313914	2.73086145200121
-0.144423082741632	0.0638342520608198
1.38081552210439	0.824232677112136
0.647286624591784	0.488542863423953
1.38223348186748	0.822252672796346
0.774169283522159	0.530230025114555
0.525421214488514	0.260651582132445
1.53506372401639	1.00375612378242
-0.226111840662886	0.0820712610939055
1.87119540022937	2.35512803865247
0.604533202961961	0.659973727720954
-0.552407238022149	0.366127766534305
0.463483854299277	0.162356812948838
0.466273324453877	0.162815458073122
0.979531088057991	0.362109067513178
0.463345795356449	0.161618675437089
0.617195059867311	0.276258716786844
0.467835554520711	0.164483539903032
0.254317792576078	0.132281857391789
0.936662065549594	0.245987967322767
1.4252914117679	0.462007722411423
0.524701774449903	0.261424135640367
2.29586147916117	1.11886443206135
-0.328452443236812	0.167231650406724
0.383212266774672	0.237011116328434
0.679746751594991	0.611569179590724
0.454702028969364	0.43736619465001
2.49851279466971	1.34570572203614
0.387414131140137	0.242801833444044
0.318006158681415	0.137250037498352
0.133487547685943	0.0330756337612284
1.78004190881562	0.684060345345096
0.982125649114417	0.359277822083209
4.13973149950428	1.93323506941988
1.89854688509027	1.13129687592446
0.322738159819037	0.244556689495693
0.303258430742983	0.252805004758156
0.414044922146041	0.338878614842975
0.377866146629511	0.520147718193241
0.571994808871905	0.374549133306347
0.00620014030146473	0.00384258028484456
0.0209506455045958	0.0266795835017876
-0.480743741646988	0.966865673761366
-0.11658989664426	0.152982931152518
-0.0575611465212304	0.0673353180210713
0.478274803491588	0.521181076473474
-0.672937098962377	1.01749389469246
0.384495926419149	0.576710147035841
-0.0228018109978295	0.0169772910655509
-0.00763407096063327	0.00463998739686757
0.21111636515246	0.249014362767498
-0.321561863083413	0.492981924020284
0.128553261775432	0.150342719022288
-0.878187708351248	0.7503272686748
-0.0463815744224406	0.0424383165872119
-0.00853914787896467	0.00729247897045462
0.158577312060666	0.145834264222924
0.0616523335601466	0.0497882759872703
0.388757438186054	0.578763336919922
-0.112038239106945	0.0970395969324605
-1.56792498097701	0.803029118583683
0.622619267673717	0.19534691993008
2.29513759173243	1.12011878852641
2.05225857425805	1.9224005255347
0.158538842469227	0.0310613719570749
0.939788369692413	0.246515323141127
0.161056325615986	0.0312754627502879
0.699390829044267	0.51129921314867
0.937310940021799	0.247681996839871
1.9760405399428	0.493213117693187
0.937663816241147	0.245703942231671
-0.790867272495138	0.274544160007734
1.97547028331465	0.493643388518992
1.97547028331465	0.493643388518992
0.752395655029035	0.306376687805518
0.830141033517896	0.428418363334735
1.78538408410715	0.6765180553611
0.528123856009533	0.367902842028015
-0.135218438439499	0.0865479976650417
0.720804628247068	0.716715541422351
0.195583424295175	0.162715596735141
0.446383689504869	0.35710547820149
-0.880148300513165	0.755533917787196
-0.221007967666491	0.124856089030808
0.460739426034968	0.348178982537449
0.251574546992361	0.129083302677186
0.0708603799455749	0.0348866566048546
0.207303737208589	0.209995514221623
0.657698507096259	1.00792030351725
0.31357447007772	0.32622350549037
0.351857354379822	0.399986429098154
-0.10900920144383	0.0943818495310758
-0.972098068337489	1.79642676631225
-0.171436610969735	0.157448517309191
-0.540913816940548	0.658812318441658
-0.00255480984048337	0.00223576912904605
0.377808063448394	0.434608407434033
-0.426004125861785	0.525239247389756
-0.170536921616683	0.180423896828521
0.157096124035817	0.154527687069376
0.639364923477953	0.825813281054873
0.729730629334124	0.724863104191297
0.127695345297641	0.105770526528171
0.0486552066642305	0.0362150447331897
-0.119827355142138	0.0919437899617669
0.0650036901298203	0.0502903841168957
-0.377439120125229	0.444944922218413
0.214356889154092	0.148082367279282
0.0693768313638637	0.0339076732719424
0.644693494054486	0.488911311010416
0.628306354291064	0.572842860955633
0.0140470182669779	0.00920090944097845
-0.970540575392804	0.887380226973736
0.0705922002028482	0.0319072497862805
0.754251130764505	0.309630028134212
0.917344526510563	0.688942635065243
0.614597909803952	0.274630566273289
0.620431355299832	0.191604868233991
0.470886445839635	0.16405003937808
0.980089419556064	0.365342534656041
0.6224813462881	0.192778829678731
1.505133756116	0.725661881665558
0.128051098867474	0.0316879701950879
0.0869054347079695	0.0284112185385816
0.996476567092237	0.470257234277615
0.199433533836865	0.185043813165512
0.199125683660067	0.180717894401015
0.204737525121892	0.212818692591987
-0.147988201515923	0.146531728525115
0.118904623312033	0.0960193128686964
0.403195605711108	0.423338475441391
0.121466686082759	0.094897999386465
0.614952017555363	0.995633292884205
0.267370677032418	0.265827066198588
0.214168993288685	0.185884543362966
0.669386485953478	0.825949890019885
0.208611117576486	0.253175826256664
-0.329704806583506	0.470427222907793
-0.0589643213403066	0.0414404208866569
0.513765631678455	0.353837396924557
0.101159684433099	0.113744243857341
-0.00976231952458523	0.00830144356471976
0.351345376174333	0.327311630312529
0.364421173725073	0.428625499346768
0.304166231779269	0.389423991746008
1.70799638076771	2.21764019373788
2.67476141535706	1.57923319672754
0.764507201651403	0.743120377495702
0.968293546595713	1.40850702709159
0.668089762429214	1.00148477344769
-1.32125849385047	1.98741175403828
0.220473155001096	0.174410098618143
0.38870309164556	0.335054492948942
0.728810697634399	0.807444532711136
0.755849610516041	0.725427886972981
0.459129277950041	0.249661405189706
-0.689127129811009	0.569401403807287
-1.08929109441511	0.970584220342122
0.526149688057342	0.260965745163726
0.0816682409960079	0.0296841341297938
-0.570204111469655	0.302275458177957
0.230589365193204	0.128776906627772
0.907955193301942	0.686130870438057
-1.24269712486197	0.707456819805298
0.0697531346568329	0.0286436318521398
0.623737305214201	0.380332833501124
0.27235631736492	0.128540627145925
0.795278298746866	1.02015109329885
0.0699625403230554	0.0554508988715139
0.347723953361376	0.325646673929732
0.568628324358436	0.555034175903844
0.485497006827272	0.594455290810026
-0.377723918524251	0.310810873538566
0.0412447801627797	0.03609980258186
0.00313455237928085	0.00301056171223332
0.552597116810556	0.858964949436188
-0.0518824306848603	0.0362120005033756
1.0529132461571	0.987553153036266
0.284802112671541	0.242338870114682
0.0241252861546235	0.0262375826272657
0.0549552307573394	0.0411970698995955
0.0763927144506656	0.0405183134518523
0.655542277426897	0.826905035151377
0.566711879278819	0.644039655677554
0.207867919564379	0.166139005037412
0.219335037099385	0.137239479843163
0.21562059607704	0.162061940716619
3.45119392266147	3.31105642770387
0.248637214860792	0.137636809322817
0.326538615674216	0.237367939032499
1.79117554493021	1.81323442209738
1.38531810146151	0.824497322224029
0.282437043199721	0.134150004017248
0.625545825050412	0.19581710979278
2.84060600259934	1.83235312362542
0.0730391036321189	0.0269364233219268
0.321392201817921	0.137304744281854
0.0773087476816271	0.0285285176364431
0.314035271085771	0.135385887427251
0.103276218212718	0.0299839417626917
0.223489718144869	0.133941888131092
0.219362662609649	0.139149072383377
0.344968042950617	0.333237803145231
0.349321807427143	0.243537346700168
-0.0877900082879145	0.0455536456682598
0.0866525687696199	0.0518426141472533
0.766134192194448	0.51192075205016
1.44074639103405	1.13684404600408
0.396338103107676	0.506623877835925
0.256802150047008	0.250802636357423
0.0913497366819879	0.0960259774139456
0.342118042563237	0.526119560290622
-0.110059373956666	0.119167284074066
0.796726946929063	1.34347298335015
0.356325936171415	0.611436920340941
0.335359054654839	0.410945202146331
0.419555892291893	0.419172256147028
0.320554256167318	0.24078836276367
0.5166329367173	0.358595734855263
0.416258467369468	0.243257402491018
0.622619267673717	0.19534691993008
1.26756816493844	0.542987717651751
-3.08772760270414	0.960654182521525
-1.87645058958283	0.771634568567856
1.42248186635954	0.460999123934144
0.937663816241147	0.245703942231671
2.49937574063611	1.3362304713093
-0.390466134450405	0.114207620517753
1.89128216644991	1.14658335365811
0.463629307286172	0.162104107938766
0.990814139838021	0.461919409277385
0.0184851824908507	0.0235342885229053
0.984516800012193	1.03677393012695
0.871609639529074	0.546596329471331
1.69181902337187	1.24678694471459
-0.780067822171114	0.273115694343224
-0.691446645541352	0.329716156236727
0.102717811394304	0.0296482726730967
-0.841197161770435	0.374296017318541
-2.13756055212771	0.97638926733986
1.78406171894374	0.676235325571217
0.869308598742939	0.546560518035473
0.292046618809634	0.243582745859231
0.403758147265774	0.525988832132117
0.0953838839176496	0.11875519277462
-0.10487763411197	0.128610761968543
0.193983234391947	0.264902526474005
-0.0672121989677759	0.0758620868866747
0.300821613675105	0.345421214094113
2.76098037058925	0.812188394353738
0.133707491985628	0.0329789895417372
1.26743963238372	0.540452730302901
0.752395655029035	0.306376687805518
2.29661765397574	1.11200869445197
1.77873029868246	0.684469072770882
0.623126048257491	0.194216648284533
2.06065694818366	0.902556246962296
0.937014825487275	0.247501391945126
2.76098037058925	0.812188394353738
0.623771053802231	0.194253824652275
0.937310940021799	0.247681996839871
3.62185877251935	1.38159020964055
0.628490628725909	0.194302976090237
0.16307322360636	0.0318815003319474
0.827842011676406	0.429370920090642
-1.34373843420381	0.613375843518545
0.464441756715815	0.253125728291825
0.348273511643018	0.343627831651689
0.195930831413602	0.302247725813562
0.768186403519509	0.836107347619679
0.216299521448993	0.142075671776155
0.0645959654678398	0.0265323278286121
0.252554082952206	0.129347099623538
0.236374611590572	0.132930124990324
2.67901246256553	1.59190868254541
-0.465545167647335	0.19826876166358
3.90530673287845	1.66049831475697
-0.863659721344456	0.47256788269622
0.981461684140044	0.365427522756322
0.704769227476185	0.39584996930998
2.06009607993176	0.901279670990857
0.654148178002249	0.677244426286182
0.256023671101472	0.286812634632259
0.111627478634621	0.144015214858045
0.135491450652761	0.182974314871777
0.0121096787854918	0.0144833242600502
0.131055330057102	0.16265067092228
0.376870125823628	0.417303502724264
0.0633957200497409	0.0599999133442497
0.037898493305935	0.0374997346336277
0.00807095357565758	0.00899910635839281
1.26598529392917	0.538019806190305
-0.170996987486736	0.0695869593109789
-0.840618187088832	0.372490174678596
1.26698997561288	0.537947778137258
-3.08744594535476	0.960811196593325
0.62197570105732	0.193886107986901
2.76098037058925	0.812188394353738
0.13436303694843	0.0332886519978548
-0.584373148640493	0.224681008157042
0.623907306534403	0.194112599022884
3.25733366582328	1.09527269154755
1.26822587635726	1.06176979235141
1.42314513115208	0.464520674256509
0.623126048257491	0.194216648284533
-1.09386267919551	0.442883617920134
-0.21937454168579	0.0805510726716672
0.163198318954765	0.0319050580443516
0.980089419556064	0.365342534656041
0.614039816624309	0.275084050197571
0.467835554520711	0.164483539903032
0.0863739289359125	0.0487079464151809
0.571822101863351	0.734137129579612
0.135301573742261	0.200842310444706
0.210769132289664	0.329476521878642
0.485631184444964	0.936774768623778
0.467097901197943	0.356955235489828
0.445807329658729	0.353690849579521
-1.01303503049748	0.744251179109286
-0.481266343517796	0.33805114509574
-1.0361602672048	0.636929550860814
2.84034021196101	1.82896750498448
-0.567432434501204	0.302257767903201
-1.09328869545801	0.443390423166797
3.22716309145743	2.6574465018081
0.0872528745238014	0.0759876149217219
0.137230813740953	0.152087395016529
0.443548495618262	0.729411686845556
0.122920119682058	0.0928613287364069
-0.348514891720568	0.440464822035048
0.0592327698038007	0.0539152374999308
0.273840308267864	0.371433903913249
1.89119511291341	1.13479182029239
0.133487547685943	0.0330756337612284
0.376450834640573	0.146813529842881
1.78406171894374	0.676235325571217
0.0846049667255492	0.0277313721235758
0.752983662535768	0.309028918061035
0.529654022729013	0.263786460922429
2.05870771407042	0.899213345938946
0.163786424348353	0.0319491236824782
0.980775883816089	0.36599399400451
0.625033907361873	0.194191984025024
0.161056325615986	0.0312754627502879
0.936662065549594	0.245987967322767
1.97547028331465	0.493643388518992
3.90683725051476	1.67519305392193
0.779867479311194	0.531887399614587
0.0741288966992	0.0273019571630374
-3.08744594535476	0.960811196593325
0.163198318954765	0.0319050580443516
-1.78355593853231	0.415040398756502
0.937310940021799	0.247681996839871
0.163659914308261	0.0319253139355892
-1.09907368175309	0.438598636051229
0.163786424348353	0.0319491236824782
0.623818789025106	0.277889243075767
0.908187247543071	0.911786937069965
0.986223464787951	0.361027856807904
0.616695036234033	0.278380171501393
0.694087220991585	0.501265985372505
0.37038332711961	0.143557817475705
1.14710776436614	0.895106447942703
0.292040760953628	0.541384011487138
-0.0707863247977464	0.0790696209021522
0.218058101746921	0.168557885569236
0.133657457694222	0.108247784467229
0.526930410578724	0.260709372477326
-1.01159628131543	0.746747840844402
-0.839931367129846	0.374943853029174
-1.05467000993773	0.527748357690145
0.980647452713659	0.362963151381075
0.459868627727569	0.161415329046465
0.081608507298928	0.100749256108949
0.153120708118519	0.210922156799304
0.00360057010607744	0.00326551677041485
0.529728368631748	0.858898805374903
0.120886056013934	0.147532099603497
0.0729437934155022	0.0622280468671005
0.209173632081479	0.160853654958796
0.0723519884910784	0.0690139259526531
0.937310940021799	0.247681996839871
3.25827664062768	1.09904334310191
1.42336872762447	0.463841960726504
0.133925459616961	0.0333863221239572
0.13436303694843	0.0332886519978548
0.133925459616961	0.0333863221239572
-0.391112366168209	0.113694348973874
-0.643736593348132	0.156287938793396
0.937310940021799	0.247681996839871
1.42767388357112	0.458605251137047
0.975881838815711	0.360865579987949
0.251674465824379	0.130562785041391
0.409752816258811	0.239183069998253
0.106585386523823	0.0306329946609564
-0.639303808570113	0.155405266784039
0.163786424348353	0.0319491236824782
0.16307322360636	0.0318815003319474
-1.78355593853231	0.415040398756502
0.752890772068621	0.308559001730058
0.13436303694843	0.0332886519978548
0.753571413536895	0.309463972555086
0.470200156937642	0.359754406739299
0.0725486388701937	0.0267913425520773
0.240685227493067	0.13506513017323
0.278877294859064	0.13211015148127
1.42336872762447	0.463841960726504
0.626192457683071	0.194952303748009
-0.0137508924881165	0.0101391063726308
0.324562337601676	0.489337144460139
0.0906504601158348	0.0810508601620447
-0.00939439159950273	0.00810639132748027
0.576451009953796	0.63938491585315
-0.0674185241898827	0.0471664847838476
0.310688115712783	0.240996935191266
1.7868790596732	2.12616173121915
-0.966792942453411	0.891656293345868
1.0492880657047	0.980767415672661
0.318927446568208	0.250505098150401
-0.129827001484543	0.123113442775564
0.295524114054269	0.447514328544183
0.103357809320001	0.117475817474867
-0.0244359436667646	0.0231843195411472
1.14938691580828	1.02927927031745
0.309037202761621	0.131161005803967
0.0708898011188004	0.0261764793382678
0.0837285748816505	0.0274852546661696
-0.781315129447024	0.272091885430255
-0.280170750154363	0.0920114426251746
2.05884463404964	0.89402322361837
0.822171173632838	0.42260981298521
0.163786424348353	0.0319491236824782
0.0749369475930201	0.027667789793538
0.753571413536895	0.309463972555086
0.528925970940343	0.263232633414496
0.994216674277184	0.467564201285153
-1.56324329756038	0.561504402611844
0.625545825050412	0.19581710979278
-0.17901970413642	0.0728532485467444
-1.1723691622214	0.353254771284329
0.625545825050412	0.19581710979278
2.763165878025	0.807280260774878
-1.01740351829832	0.747189965240765
0.624006494924513	0.280067889695102
0.0838269217908602	0.0276906273654729
0.0637802288867658	0.0313090438681196
2.49714709455394	1.34360376656944
-1.88197028188757	0.768979153664877
1.77938594611081	0.68549536418416
1.9760405399428	0.493213117693187
0.980089419556064	0.365342534656041
0.0908984958291132	0.0972373025398952
0.208135350697049	0.175929430261324
-0.384034479965398	0.377618069493923
-0.54961943646819	0.471950179938611
-0.272618193224371	0.183681079410159
0.0838269217908602	0.0276906273654729
0.465695039429514	0.163664307663245
0.069587337553761	0.0257524688016311
-0.0302610775713168	0.0277757520294337
-0.314093160713785	0.355552348305932
-0.435777895793659	0.614082573348512
0.310715316864403	0.337558453806104
0.52347748171976	0.688078741619338
0.755326520758876	0.304585856290766
-0.17371662472812	0.0704101840588028
1.50816326525644	0.734040558131918
2.05678516556351	0.884554228668503
0.937310940021799	0.247681996839871
-3.08744594535476	0.960811196593325
0.0957688983643984	0.0280872494074502
-3.77952094156138	1.50154148909554
0.130358943644147	0.03211293530986
0.100674308760322	0.0294967719119431
0.974636709227496	0.359938747239884
0.0816175952502967	0.0266475064433073
1.781861412626	0.684439683958863
3.25733366582328	1.09527269154755
-1.08681293384492	0.436195432282153
0.827131342027728	0.428689146778807
1.89128216644991	1.14658335365811
0.386681477792036	0.24431871814196
0.995400816906766	0.464945099537785
0.464429236846016	0.16346936705331
0.135019543462428	0.0331874904235952
0.936662065549594	0.245987967322767
0.085191069527998	0.0278852087852391
-0.396345440483101	0.115014501577438
-2.70268581592877	1.64610107187332
1.54147118111446	1.02057579101948
1.42336872762447	0.463841960726504
-0.472354040154755	0.199150903699937
0.752221184864459	0.307913197586877
3.2565918874831	1.1050644302855
0.208965089213061	0.156197155559719
-0.114755846167825	0.0879331992819747
0.386198674995	0.24241938914638
0.085050832025215	0.0484186736630511
0.937663816241147	0.245703942231671
2.67405442738461	1.57928418976749
0.0845094585033182	0.0278486404260499
1.19926292794599	0.622354782508578
0.644798813436326	0.664541414667926
0.198557220044412	0.171108313513861
0.429483066408721	0.565717042953691
0.143023267244697	0.125391713654738
-0.0199476570676927	0.018902284998044
0.329346686717982	0.438737358223574
-0.0821833215525427	0.0861782463022771
0.611562250880889	0.876200887406796
-0.111916978586684	0.115231623801921
0.502678125193875	0.608612149728675
0.546423506036181	0.774147751189175
-0.135944015873634	0.124411761636847
0.200276518731531	0.168834910783749
1.50658609735793	0.722978971048567
2.05500377471335	1.35678010018269
0.755865674835745	0.310009902242014
0.0647224702307564	0.0293421187658672
0.612039975334197	0.275189094957215
0.25408946203807	0.131966562537528
0.937042035182779	0.81028495438046
0.824800833999232	0.660528297998896
2.06906766487643	0.883000401319801
0.133487547685943	0.0330756337612284
-1.16566845088931	0.353063396931639
-0.639596283054735	0.156460136265019
2.76098037058925	0.812188394353738
1.42447457253433	0.460766549668113
0.0832413116588062	0.0275358424390173
0.376364458929799	0.146246027832389
0.133487547685943	0.0330756337612284
-0.780621338588044	0.27365972431568
0.163786424348353	0.0319491236824782
0.75725327487272	0.310407208209414
0.613341525727591	0.275607624145917
-0.273535319975235	0.149487296210531
0.225287462835576	0.135150584913826
1.17598619258247	0.764482969548388
-0.470531252638211	0.198963907884397
2.49792118446918	1.34361759629582
3.90337898668853	1.67320397479904
-1.16610275079213	0.35308024748219
-3.08744594535476	0.960811196593325
0.53127217970343	0.263610975853228
0.282992121872412	0.134104350522069
0.976758231060948	0.357684033513123
1.20081964000837	0.636210756812847
2.05632925428969	1.36709828063756
0.367303214936438	0.494517887181428
0.484567397780466	0.701047299598515
0.302699594976665	0.243928914440961
0.141503823540967	0.12415417475145
1.01066239917321	0.588067542195643
-0.175043138190648	0.0709309143871982
0.750924872044659	0.305288755338205
0.103834328016761	0.030145721331391
0.0784031303601016	0.0286905325432056
0.624006494924513	0.280067889695102
0.442130388580598	0.435574915924274
-0.110037627945004	0.11836077434972
0.545634532799736	0.847034789044483
-0.094645512272866	0.0917666295872973
0.0427506548269352	0.0471885743557611
-0.00775903599365102	0.00728287771566686
0.255801485969881	0.291993609526749
-0.205983741131815	0.227410617003502
-0.123181885733164	0.141749184254649
-0.117300230963847	0.122458628220399
-0.103885210050422	0.0795983346491298
-0.152854908890374	0.154558780597988
0.158326764097693	0.168082327785444
0.154249417072909	0.147448888584586
1.19615829610537	0.627552348264945
0.989227225685263	0.464165285064366
0.134580624513602	0.0332822882767434
0.0647224702307564	0.0293421187658672
0.0762372057665764	0.028012713445288
0.533251530386836	0.264213456461763
0.133271254304781	0.0330736858737192
-3.09193101813948	0.961049195592252
-0.644039115012711	0.156345619732878
2.76031666068075	0.80609461503235
-1.78346459010975	0.415096457236971
-0.469493332510107	0.199927656331241
1.26685929533059	0.54428495837387
0.102474476101686	0.0297923181105043
1.9760405399428	0.493213117693187
1.97547028331465	0.493643388518992
-1.17148606342711	0.353067612488471
0.0832413116588062	0.0275358424390173
0.318406771351198	0.136464327648006
-0.489565483173536	0.280523532662642
-0.315158673806137	0.209756537797385
0.324466760812789	0.139800965814163
-1.16351711030998	0.351194977573717
-1.16610275079213	0.35308024748219
0.16307322360636	0.0318815003319474
-0.779928198015439	0.271100929587385
-0.780482666096768	0.27079703060311
1.42380936571803	0.464332625195306
-1.08763861363483	0.434438717987884
0.383155056979911	0.23940927974658
3.2565918874831	1.1050644302855
0.528405262968864	0.263519175239301
-1.03254789715763	0.630142535974567
0.16307322360636	0.0318815003319474
0.195579707824568	0.235914383500882
0.611080523005992	1.20019059471835
0.360118232582032	0.584354771692544
0.131541473646963	0.175671355989286
0.170646979941256	0.209285119868198
0.107956584769366	0.0710984350106169
0.573779422814191	0.561489238005441
0.6112461327876	0.274057587251125
-0.17658712253488	0.0712246705852239
0.997227569464785	0.46531379036068
-0.0455564044503128	0.0326436897932985
0.0850692468633241	0.0790810955111204
-0.0978162905266379	0.103652431317235
0.0557018954807766	0.0590883182179029
-0.0962955430244917	0.109904081469361
-0.0850337852696962	0.083020827080445
-1.38876285496381	2.51881763895724
-0.0830753597992275	0.0808936447578914
0.206959720847167	0.211529609016937
-0.132394298324987	0.135870027622087
0.997149032001263	0.470452595493581
-0.143318570026702	0.0634206257911964
-1.55757893406072	0.80682923037613
0.0745503900435437	0.0245175425706276
0.623771053802231	0.194253824652275
2.76098037058925	0.812188394353738
0.128051098867474	0.0316879701950879
3.2565918874831	1.1050644302855
0.937310940021799	0.247681996839871
-1.55759199477803	0.559723883081557
-0.78606888648088	0.274941922247046
0.982851564029381	0.357969664298301
0.626057398278677	0.194690437073751
-1.78346459010975	0.415096457236971
1.42314513115208	0.464520674256509
0.526149688057342	0.260965745163726
1.44368659700668	1.15322948393376
-0.142675288214542	0.0631518188962216
0.0860278711259439	0.0281908676698248
2.67665745710702	1.58298768746601
1.97547028331465	0.493643388518992
-1.78707841532115	0.414309017630871
-1.78355593853231	0.415040398756502
-0.289157881285003	0.0949427839529242
0.936367330247619	0.245810660023444
1.15559538578594	0.901625342793571
-0.110813498043373	0.0533917041322572
-4.0328232000208	1.76577020126629
0.387340556087927	0.244498432146679
1.57647493172159	1.35593495178743
0.16307322360636	0.0318815003319474
3.25902204351545	1.1057488043146
0.40293606382115	0.595228762935103
-0.158781094949705	0.201708615401459
0.3385311761393	0.562288283407396
0.0890992313579309	0.100626498654388
0.341101332782398	0.597571521018737
0.216799787844893	0.27787604859433
0.105565922561083	0.129249153404654
0.0262540190308692	0.0298159554334603
-0.0722659693904451	0.079769193601435
0.562433852372725	0.853052646599353
0.601180000828542	0.478060270430276
0.508986001366883	0.451920017304429
0.519642317963042	0.256194796816499
0.241094544291505	0.122218992795052
0.377041313631491	0.147334365665277
0.318284397617841	0.136389453425219
0.0720188280434704	0.0296062458777047
0.82288231131435	0.42437824958488
0.39297572469649	0.341315776137291
-0.530412851141117	0.770969801497732
0.135880184236495	0.150847982666928
0.0577321000852779	0.0586243639596439
-0.0355995305389275	0.0388200768857239
0.257218534904297	0.282414057764711
-1.02696471847038	1.66261446853595
0.62906428635707	0.829803723032851
0.210286885493929	0.25699576863609
0.754929919857585	0.309074112333256
1.27061323287349	0.53678531969835
1.19812987015014	0.629484386152849
0.0750412100200845	0.0276283558612873
0.377126678351936	0.147232023552729
0.135019543462428	0.0331874904235952
2.76098037058925	0.812188394353738
0.4672963428361	0.25423476131757
0.210038396284784	0.162933424061663
0.165719814080059	0.032118911098423
0.100674308760322	0.0294967719119431
0.16558870151055	0.0320942613353925
0.163659914308261	0.0319253139355892
0.976032040674124	0.360044501331557
0.617510971176847	0.192010662028043
0.622754877518999	0.193758888404047
-3.78803876264971	1.4927976152877
0.0708342327405061	0.0321229667300894
0.0905723636855362	0.0537451845760607
-0.668415264077439	0.495195061728294
0.0684018400038665	0.0280630026592221
-0.838659705397213	0.373789470849522
-1.16610275079213	0.35308024748219
1.97547028331465	0.493643388518992
0.165719814080059	0.032118911098423
-0.836297929353151	0.372203399815473
1.97547028331465	0.493643388518992
0.611848423939082	0.272782137431294
0.374015819562388	0.145789427860504
0.751715506531468	0.30548948499211
-0.0845640059527917	0.0436413914170073
-0.218182140439343	0.0797276437815378
-0.644689815674165	0.156669091829783
1.42403258571937	0.460282807242908
0.0418049852623082	0.0467411305066485
0.081241597476606	0.0801208210918506
0.174629354082061	0.232383635132114
0.344360409800447	0.510556595188854
1.26903485065789	0.544915109346076
4.52324441137521	2.45111128604496
0.462048919409131	0.161069788522029
0.467835554520711	0.164483539903032
-1.05074333207937	0.522217053873057
1.77938594611081	0.68549536418416
0.937663816241147	0.245703942231671
2.05940222473833	0.901470944452967
1.03698488028324	1.38446399385528
0.804627031588441	0.856220547576564
-0.350463194990152	0.421786853056269
-0.0701390908891778	0.074798953367797
-0.115086518273611	0.134284863826254
-0.00679967184967849	0.00646332098305408
0.0121249474594197	0.00963754480319447
0.116186427723558	0.0849618367126909
-0.0127232606771468	0.00942928616994414
0.375495210455422	0.482900087830496
0.163786424348353	0.0319491236824782
0.133487547685943	0.0330756337612284
0.747935802202099	0.304247887044627
1.50386518134589	0.730362174541587
0.0789410004719599	0.0418205967708184
1.6835432518328	1.22748371730312
0.648420969464579	0.674190671967696
0.0607373367080858	0.0273799706407787
0.623126048257491	0.194216648284533
0.937014825487275	0.247501391945126
-0.638650683410332	0.155084261982669
0.987342354239128	0.361873460508843
1.16779979731775	0.763698676659221
0.120508333414111	0.0912062061019095
-0.644039115012711	0.156345619732878
-0.639889036078419	0.155465657511814
1.97547028331465	0.493643388518992
0.163198318954765	0.0319050580443516
0.16307322360636	0.0318815003319474
0.137134990538943	0.033631618011293
0.0802699015492865	0.0293367916396709
0.456919151145422	0.247438874900957
0.113466548242291	0.0806513932253428
0.709022247249933	0.398324137330672
-0.390106056190049	0.11275196876654
-3.47202911181931	1.23103389985516
0.934984032362509	0.244315128681489
2.76383716543789	0.807175794601505
0.128051098867474	0.0316879701950879
0.0833374925807494	0.0274653619700873
-0.639303808570113	0.155405266784039
0.615196951493111	0.274601848976572
-0.162107217102902	0.101431581536043
0.163786424348353	0.0319491236824782
-0.781315129447024	0.272091885430255
0.0822334187254372	0.039866275544987
-0.389819593414635	0.113165790285367
0.936367330247619	0.245810660023444
0.296545221920824	0.345783079899054
0.512433228128818	0.885439117422831
0.0242190815425546	0.0313608866738717
0.126560719667209	0.17145054094314
0.0326635428349428	0.033842181310527
0.376450834640573	0.146813529842881
1.42595936707127	0.46464634975394
0.623771053802231	0.194253824652275
0.626192457683071	0.194952303748009
0.288181532871885	0.328225136131471
0.516047726744746	0.811120963157931
0.0408879394201178	0.0490543354220418
-0.17811354292472	0.21059076863218
0.300359838612392	0.462644861371525
0.0173508028379034	0.0112773635971129
0.611072226994163	0.793426548141262
0.0623016471166975	0.0579340691108854
1.42336872762447	0.463841960726504
1.42767388357112	0.458605251137047
3.2565918874831	1.1050644302855
0.985492237242302	0.359261038829558
0.422203657200442	0.247682632821396
1.15485006630957	1.15884690864868
-0.707466923894001	0.63696248272901
0.0838269217908602	0.0276906273654729
2.76098037058925	0.812188394353738
1.9760405399428	0.493213117693187
0.133487547685943	0.0330756337612284
-1.55875747069186	0.561897601836786
0.936367330247619	0.245810660023444
0.097012862349392	0.0282746419971321
-0.412412833188486	0.247828261537419
-0.0295156697884356	0.0245744665109249
-0.140421379223887	0.0624895283009795
-0.390466134450405	0.114207620517753
2.0626131275164	0.90284879120541
1.42248186635954	0.460999123934144
1.9760405399428	0.493213117693187
1.77822198684398	0.683613630208253
0.937014825487275	0.247501391945126
3.61699457579572	1.39046393901408
1.9760405399428	0.493213117693187
2.763165878025	0.807280260774878
3.25827664062768	1.09904334310191
1.42248186635954	0.460999123934144
1.42314513115208	0.464520674256509
-0.318860394769049	0.16148449987471
-0.0948765377014826	0.049135572278276
-0.453385556893495	0.399795789660442
-1.02008058224683	0.744241054117637
0.418477463499135	0.246974800469029
3.25585177993415	1.10585266920525
0.16307322360636	0.0318815003319474
0.936662065549594	0.245987967322767
0.939134676375762	0.246428972725703
1.27105274438352	0.541318295208866
1.9760405399428	0.493213117693187
0.37339402759439	0.145575931370138
-0.584137632530153	0.445392320030305
0.378221534955674	0.146730904247365
-0.566826744716876	0.294516291012656
2.76031666068075	0.80609461503235
0.133050952422786	0.168864549087045
0.26264464696143	0.420259682329229
-0.0126187615272966	0.0119208244997968
0.616201443353171	0.276463813712697
0.09520767585846	0.0278096122609245
0.936367330247619	0.245810660023444
0.463483854299277	0.162356812948838
1.24662548031123	1.45733506154963
0.4389298009375	0.350113890285527
0.0631203155338373	0.0497929488968961
0.207751573487751	0.207947253745226
-0.236159787962112	0.316371102017951
-0.00220046737666521	0.00244692592141405
0.155849711988119	0.183799484450179
0.00800754639790346	0.00621642706321698
-0.443915303683703	0.424381324591415
0.202136145940825	0.221671854042859
0.986051407179619	0.362396756544584
-1.35221576715845	0.61649659017049
1.26743963238372	0.540452730302901
0.319445373848626	0.136142033855287
0.530739715236895	0.364341505683997
-0.337569046154826	0.255234220310262
-0.23786505657411	0.166172566135533
1.68989373937128	1.23915446205705
-1.16677175880733	0.353813253690907
1.42270583980072	0.464030812177167
0.937310940021799	0.247681996839871
0.0838269217908602	0.0276906273654729
-0.636818099084377	0.155245621420264
-0.226593450521839	0.129842758698309
-0.5057358916862	0.552814502377153
-0.283816265891262	0.0940046780297161
0.163659914308261	0.0319253139355892
3.25733366582328	1.09527269154755
0.98407377907783	0.366453047925217
1.42336872762447	0.463841960726504
0.937310940021799	0.247681996839871
0.902556633630936	0.67553000025131
0.158538842469227	0.0310613719570749
0.135019543462428	0.0331874904235952
1.42484773808557	0.461519344198087
-0.638944530069775	0.156134678840522
-0.219944544617823	0.0809556339123812
-0.770840474900712	0.61766218436107
0.299268209268844	0.248007909219098
0.0809691213960877	0.0295755576568356
-1.24047624285779	0.700670918992634
0.101230426961354	0.0296586789627306
0.159126058171774	0.0311056421910278
-1.78355593853231	0.415040398756502
0.133707491985628	0.0329789895417372
0.128051098867474	0.0316879701950879
2.76098037058925	0.812188394353738
1.19942805925457	0.636785891476019
0.711668232632038	0.398598218104554
0.101230426961354	0.0296586789627306
0.650963123655926	1.31808640082669
-0.256956565827823	0.377418506381895
0.570534082808997	1.02797533616227
0.0775803705633346	0.0255563265722586
0.374694297984096	0.146326663408155
2.68256001596161	1.58469556735979
0.0279534393770334	0.0189148669998497
0.21771635224465	0.156197486210425
-0.0263934104794281	0.0245482281840049
0.453016490159913	0.732686862462056
0.112464559590222	0.126764954354799
0.0291421470400361	0.0251230215717068
-0.0236516710670733	0.0195868380448793
0.866177286065902	1.21255823473172
0.526043686587977	0.260458003268651
0.467403564490526	0.163015331706981
2.50822999020716	1.32531983268136
-0.0236866845496692	0.0138933845476534
0.340452589532849	0.235826645827068
0.0782324861356674	0.043528748592522
0.257477781951038	0.131425274768682
0.465007396929331	0.163757650783096
-1.16610275079213	0.35308024748219
-0.389961680664391	0.114106955582715
0.13436303694843	0.0332886519978548
-2.57173719412033	0.687667960690795
1.77822198684398	0.683613630208253
1.97790917110466	0.492162248022775
1.42595936707127	0.46464634975394
-0.281972984391248	0.092695894956706
0.821226025615694	0.656565251841102
0.470317551394214	0.524038921504972
1.50887174444886	0.732386958014986
1.70976625287889	0.922945192822728
-1.78355593853231	0.415040398756502
0.9866103186927	0.360099286407892
0.984635146471807	0.364073470146932
0.982826329529925	0.363125631743975
1.42270583980072	0.464030812177167
0.747726057613304	0.301759279565659
-0.639889036078419	0.155465657511814
0.16307322360636	0.0318815003319474
0.133925459616961	0.0333863221239572
1.41967953912455	0.457595452936098
0.414287717956377	0.244210530526197
-0.043395534898072	0.0247026156718669
-0.134771599264284	0.103236474931157
-0.32832452617975	0.24947381851882
0.0673557838359544	0.0329549458714268
1.77938594611081	0.68549536418416
0.980775883816089	0.36599399400451
0.623126048257491	0.194216648284533
0.158538842469227	0.0310613719570749
2.76031666068075	0.80609461503235
1.50816326525644	0.734040558131918
2.76098037058925	0.812188394353738
0.0709244185462526	0.0289984942460054
0.104539801954585	0.068139941257149
0.064216666873075	0.0687453541083407
0.259508321848089	0.254345869795682
0.760807414004007	0.905510925000007
1.01486905267427	1.17001576209824
0.144331867607148	0.126233526570308
0.408710321116073	0.34558020039956
0.199848158429439	0.186321823163717
0.489201796099533	0.606712110112522
-0.116255864606176	0.126136953287537
-0.0140435462767156	0.0103126726750858
0.316763560265334	0.235894094063849
0.887984049095078	1.14893544893755
0.68332569130458	0.944170270938817
0.548937171835859	0.635456191151083
0.652665235183926	0.499349895184957
-0.182452836683077	0.132545455498689
-0.610266878897464	0.732416969342905
-0.0619226624690009	0.0501574676474102
-0.285749614067463	0.32953816874279
0.0778237689485752	0.0644405257862845
0.0845735534209591	0.073891512966047
0.547882748724764	0.693612632036111
0.123744999470661	0.0933782582658008
0.106696107200703	0.0694150084417653
0.137186709622319	0.127522074472026
0.313312882530483	0.350516661390781
0.252929161295541	0.271219187185021
0.0287727540949501	0.0230760499714761
0.52156832256769	0.609183932833695
0.421933809565788	0.345431547576418
0.0769775277398666	0.0313860915282956
-0.485701206282513	0.279032325885303
0.0743459283882632	0.0366065744597781
0.813901061153956	0.760273837291755
-0.372838006285004	0.272096826494528
-0.132935662466113	0.0857493047059254
0.426569076405367	0.350471114698508
0.0723371468870804	0.0266452267759741
-0.786627771418967	0.273542517139253
-0.597489598823551	0.229650389545099
0.0690220459803635	0.0283406372769482
1.50589888209026	0.728312851544929
-0.587362233118177	0.227587398386815
3.61699457579572	1.39046393901408
-0.638944530069775	0.156134678840522
-0.141054629507749	0.0628380544809144
-2.19623093860856	1.68761056859031
0.234644288233594	0.130818980444607
-0.327805969456841	0.167475622466149
-0.425707178685281	0.258761098124122
0.981334581311431	0.363606045743479
0.757042298692838	0.308527468469745
1.42314513115208	0.464520674256509
0.616695036234033	0.278380171501393
0.980216887401728	0.362749011960844
0.617994147170137	0.278355595731634
-0.780621338588044	0.27365972431568
0.61083852429109	0.271236777693907
-0.224252897124801	0.0824648870882623
1.70849946629861	0.930278475157444
-0.764761033783372	0.540746136808872
0.649219719041739	0.499501962725111
-1.03763592226728	0.640757991749042
-1.09095138309366	0.437886579237747
0.622172941977286	0.27543087072504
-0.227306211000706	0.0826327595757146
0.525421214488514	0.260651582132445
-0.846090916774774	0.373926586360546
-1.08808454476495	0.441668138489739
0.773448890455183	0.531310400221005
0.136691698731902	0.0337280912386556
0.236093702203009	0.382523900148504
-0.499817338592221	0.91553053929354
0.00797788099558987	0.0092269148013706
0.303947387632051	0.449630989412362
0.305047475965846	0.488867751790929
0.531326447529443	0.921041926471974
0.153247110991233	0.17972456721683
-0.0338060719680174	0.0385902321322237
0.109271901867667	0.121623329063169
-0.342346442455902	0.494917542231837
0.399499757421074	0.640445296122161
0.0188032000361451	0.0172075282000815
0.175076887360906	0.183031967982112
0.210450649391373	0.274704511281731
0.557290849683054	1.07650265766237
0.709515449506719	0.40033905810195
-0.0447790330446058	0.03716227422454
0.246053615481736	0.256782465710889
-0.4191019929168	0.465492152832787
0.0929645565952762	0.0995141026847152
-0.0721645222832287	0.0732056317542811
0.020778685229826	0.0170924642180725
0.252446862108175	0.29668780686947
0.484923266259045	0.870616697039442
-0.198852890545528	0.245398345715347
-0.0167003262869988	0.0156069821463973
0.176688787988318	0.260829480473645
0.258810988002976	0.241481285615051
-0.0972433852851828	0.107913641345707
0.000933797104250949	0.000886729128236342
0.156127943745364	0.162692279806114
0.420725349700624	0.246663872231189
0.754158908243701	0.307549234515271
0.704807260789842	0.389254181982727
0.0934939967071178	0.06073692738442
0.210121364640786	0.181902899286814
0.392812769450564	0.343844560046436
-1.40250786881635	0.882574176025044
0.09520767585846	0.0278096122609245
2.29878938774905	1.12311268037973
-1.87715426154877	0.773308234772495
-1.55875747069186	0.561897601836786
-0.586195727986191	0.225244348789784
0.101786250320483	0.0296355349486725
2.05996242596197	0.902747392217676
-0.390466134450405	0.114207620517753
0.463051935976224	0.161819764975749
1.19863782475229	0.633802666431708
-1.34277677301109	0.618051447663223
0.827323817273502	0.428074757713237
0.378183574942531	0.340260695399202
-0.140667876127977	0.132186547927807
0.524013589987817	0.367001356124452
1.78171719375045	0.685418248181854
-0.16652899143209	0.0669587472325705
-2.05451159619366	1.41811229226793
1.26903485065789	0.544915109346076
1.41687819534724	0.456619894300455
0.936367330247619	0.245810660023444
-0.384794091245683	0.178177246864115
-0.280450595029981	0.092203603611508
-1.08992973161317	0.438015032318793
-0.400967075683135	0.11581170254107
-1.08935655759627	0.438933068712187
-0.00209096047702175	0.00118101132177174
0.0736025400648935	0.0413489697234554
-0.019230735574695	0.0142000104054563
0.216410584264683	0.144108913596331
1.27408723104807	1.08580240863658
0.0964512701931012	0.0282434359701024
2.76031666068075	0.80609461503235
0.626057398278677	0.194690437073751
-2.57584548566592	0.689261699424094
0.128051098867474	0.0316879701950879
-0.387484492762439	0.180912689215551
0.936367330247619	0.245810660023444
0.0239000716110003	0.0161474904037577
0.586232479097718	0.864314181301454
0.962297626139455	1.14332959930244
-0.131606991017635	0.0828463520173706
-0.268250395161443	0.18239585411475
0.972331981936555	0.949538499001386
0.0713935019333362	0.0351969384013629
-0.325943196167018	0.325011141605073
0.496997610190673	0.614628908957975
0.117963176033488	0.141818595687333
1.24760572878084	1.35355714926484
-0.527361321143383	0.411056726548534
0.0146792600346926	0.00903037587984366
0.402506425752866	0.352786281153749
0.420112241991508	0.346588739043626
0.348986183212699	0.336995015654531
1.10181706517735	1.4558499691831
0.323714849484608	0.32391912763163
0.33689439795311	0.347782347608063
-0.157906981495671	0.153967299487042
0.245107262032012	0.286569837964592
-0.919556486493731	1.54090775037872
0.0621006258763526	0.0489421702745723
-0.719210008531399	1.02659386539228
0.156355193741772	0.183217410725517
0.207399276859143	0.260392177688074
0.651990023528565	0.679758276191716
-0.414275240642961	0.335271884543849
0.903897370351678	0.676111291145039
0.193785227828926	0.187141765062493
-0.25877180385781	0.349625980055922
-0.134831522634225	0.159471200231495
0.138844944616836	0.122870425575212
0.275960650433807	0.249856744847712
0.166212583229707	0.176102784596307
0.410286609842095	0.417951320892844
1.07958731368656	1.22614731717538
0.424161813421865	0.350930191095556
0.224013612662761	0.140496784678567
0.205750862394525	0.162946259497464
0.0641969922664454	0.0289446093303335
0.647316420113015	0.602157018631284
-0.715302162639277	0.695424350537659
0.811829839849048	0.763585378103593
0.0684794129593237	0.0339424396425995
-0.120150391337148	0.0581707805947292
-1.05589395509969	1.04000637865454
-0.278247179405847	0.152088842421976
-0.684063738192071	0.55962936376946
-0.233403797536258	0.134006315445897
-0.681573678845061	0.332804888868376
-0.278396250967139	0.151101453210823
-1.12831920103177	0.882515655118451
1.01511538857462	0.714162513763544
0.41366637328242	0.240745589416982
0.0703733748218045	0.0288783052212046
0.251179538721435	0.131109072151961
-0.46841372657181	0.199132057531372
-0.113273744474711	0.0548880460687008
-0.321226706653914	0.162601018286224
-0.207540390619426	0.148279943695389
0.370321950693574	0.328172936363436
0.611944682065797	0.275100761621018
-0.268482796877802	0.183625966482687
-0.491326837987348	0.283161935354963
0.62321688242638	0.279474083640534
0.0774788770821167	0.0256345371130296
-0.384837052971727	0.179110797296558
0.0838269217908602	0.0276906273654729
0.0767125206774843	0.0432988857813895
0.869009745223983	0.548126396085526
0.279487783498487	0.132613367013059
1.20810819490934	0.633924570372062
-0.220532496710589	0.0809810374733878
-0.139698969621551	0.0622042682931226
0.0648139659485531	0.0266210623918291
0.229965225705903	0.136619372847539
0.710232259544852	0.397307990079718
-0.467928898948995	0.199452398403393
-0.171126795408462	0.069167230621114
-0.204377195781013	0.123187246404644
0.905109186082686	0.678519952868823
0.0896307895423482	0.0534909725222698
0.706286614488987	0.607532539695114
0.774777388442828	0.531480118439237
0.460690030413956	0.245447640768476
0.0831434633023487	0.0274562437249086
-0.175869788469115	0.0713688951240805
-0.585058441613823	0.226217027835725
-0.682493017345913	0.33174190969668
-1.03552905286412	0.637119372287899
0.378335914220026	0.144740785668073
-0.113600854128291	0.0548240898865377
0.073132062859829	0.0241099594081858
0.335960552210012	0.244879694092424
1.14821442757309	1.01665092505051
0.82957671834831	0.663108725487629
0.0783595833438361	0.0414733358175759
-0.505043931471594	0.439401400899471
0.298614171456917	0.242115998788179
0.249423591821702	0.29772473072601
-1.29903707604894	1.67393791196345
0.085191069527998	0.0278852087852391
0.0696419436578508	0.0285750582923436
0.851429593233755	1.14256907948208
0.210062206640594	0.161689384268528
0.521976176784829	0.36533828814217
0.695413071868925	0.504350774218941
0.13105127781787	0.111225745861961
0.200492902364578	0.198381743024682
0.559150395864253	0.628152801473019
0.59339555236426	0.715271412536287
-0.877382960088736	1.42995641673866
0.197755065437952	0.21645392052065
-0.268096302777925	0.287406159017968
0.460751737148223	0.521071429612724
-0.558561025966597	0.655515952791445
-0.0491299072878403	0.0513520845154801
0.117539611942001	0.154525920944662
0.766806724443705	0.740644536395249
0.478294343667736	0.346104682699421
0.315285765366511	0.236844045483141
0.557991705221842	0.562361701496823
-0.147524503733962	0.147262426235859
0.395241489620029	0.609035972784985
-0.119648618399671	0.10383347154051
0.220732016831428	0.194322776010558
0.513368693809053	0.453095988078696
0.380855740999423	0.3412339557498
0.716989129986349	0.712398311758888
1.15266099094427	1.25816463239108
0.777023910954237	0.53261445592351
0.632292940134102	0.67219157900969
-1.04933930750839	1.31924581297873
-0.733632579366569	0.43741106788989
0.0632258793002213	0.0257475912065597
0.86999894707283	0.791489511735304
-1.24354364175317	0.701593249342405
-0.0732489593189256	0.039782870242326
0.603675205955561	0.57419206836829
1.54433691784598	1.03111792691154
0.210209227233105	0.145651576670226
1.14905077223749	1.03962669116464
-0.647897170083427	0.632904256303641
-0.88378789703638	0.682457315107204
-1.01682883246941	0.739087769888199
-0.472460021909457	0.201119374465073
0.0670710881129159	0.0329596345941606
0.936562943651996	0.800138252288554
1.81641363231193	1.45427378291396
-1.13093576347377	0.910834174637277
0.240921728963668	0.134713964929004
0.245389384097785	0.126113307671563
0.108913384669191	0.0720600952543183
0.777838762229079	0.532677210725235
0.527677901390679	0.262965216689551
0.464918926069637	0.354298278299971
-1.13558163379845	0.907177898143052
-1.1740879775232	0.79641094312601
1.4461965655749	1.1401760120268
1.00983722929579	0.586240656760593
1.02056351695785	0.722254519823905
0.906712181367884	0.677108208287611
-0.483564781897232	0.334879160078643
1.14672146271672	1.02948042959533
-0.145938502664467	0.06512326058243
0.91310769050487	0.688882861277597
0.0663361219397892	0.0298137715905094
1.7091722979954	0.930348979498921
-1.24849032012399	0.704814576786829
0.622619267673717	0.19534691993008
0.378084080359247	0.235149190884541
0.387274056675638	0.242730356252546
0.0647224702307564	0.0293421187658672
0.0761398320807985	0.0310546886539463
-0.668415264077439	0.495195061728294
1.49414823172543	1.87705613515829
0.279294439421413	0.131236192272892
-0.387669506069407	0.181965989492005
0.0659518227198053	0.0270850237584361
-1.34511202317894	1.25383092621299
0.272399048310283	0.128748562910245
-0.139554282583162	0.0622813090255827
0.31879480099819	0.137096347180832
-0.473870669420158	0.201967542867535
-0.0929803052513442	0.0477320070671645
0.583084779563414	0.649996620879107
0.40112801603568	0.340342172012944
0.6025929551259	0.733405626277154
0.936349970381029	1.03239973503858
0.495228677278177	0.363796499138622
2.31290944784775	3.19494618373286
0.696347662760665	0.855706536455344
0.216316770413222	0.173198408533232
0.471448505610497	0.506385281017797
0.332429447335645	0.352281507177644
1.25380682732658	1.21084043353184
0.314035271085771	0.135385887427251
0.301165059387403	0.243852535751494
0.441231708281457	0.4337533606355
0.514488656803922	0.458340902009009
-0.901034586714345	1.26275104429497
0.111667005956085	0.109711412604003
0.705141245776985	1.10202585369797
-0.106060985448035	0.114049669842471
0.00492621091027224	0.00367475538042423
0.0130195796784429	0.0102953623286729
0.395448200466202	0.407805586031053
0.0286737478676633	0.027284920731034
-1.29771814002674	1.63940484344209
0.205275343186563	0.152285232279831
-0.163634403612449	0.135324176824657
0.29806571223964	0.335649553032721
-0.945185888130446	1.55488543668121
-1.17168370936503	2.4524237518496
0.211270762159404	0.217246808952129
0.132177894332947	0.100321266890865
1.43797869185211	2.11170105213097
-0.116022415891583	0.0886272110273714
-0.492151873923396	0.283846424557497
-0.280487873372946	0.153511594911417
-0.237573638726382	0.209712566130155
0.381401274665395	0.237990283378245
-0.279491970432308	0.152164427443618
-0.546755785947008	0.366729732438246
-0.470364474191341	0.375881185080474
-0.0677754817977309	0.0466311252363145
-0.465575707646759	0.373330644146783
0.0838269217908602	0.0276906273654729
0.319837545601771	0.13700867390152
-0.578583138517303	0.304708076676122
0.513344731528612	0.351878932975351
0.226711642561281	0.125701781181441
0.0755345102613769	0.0278322263549384
-0.46494888779423	0.197890227426924
-0.0698797817907791	0.0381802579741788
-0.766518280458504	0.544607246093782
-0.330928866234924	0.167228591566933
0.870609008372466	0.549785031963873
0.320832871735918	0.139148002813198
0.0741031355489976	0.0303945592269563
-0.282433701091464	0.0928412262010472
-0.68001430797082	0.328781635024445
2.06009607993176	0.901279670990857
-0.280321014485851	0.0926837226912554
-1.40692265007156	0.870804797497808
-0.61802539453756	0.515727441688844
-0.364475021837364	0.231391611665161
0.0934613205550429	0.0524529830760061
-0.229381345056551	0.158969126941615
-0.482272793077711	0.335436401556902
-0.678398940952451	0.330361183262604
0.524073629830628	0.260572218504614
-1.34608258375009	0.618776512770065
-0.881220288761316	0.590883898916581
1.01730529006603	0.721331698789502
-1.01303503049748	0.744251179109286
0.937014825487275	0.247501391945126
0.823525515380346	0.65420551527443
0.752983662535768	0.309028918061035
-0.568948645366283	0.301515445690125
-0.234002438495887	0.163340884547876
0.460394926469996	0.248813639927264
-0.276111817849434	0.0901952057258271
0.128703972957949	0.0319889921983585
-0.170513168527727	0.0688028784763814
0.0790690736022678	0.0421724640509529
-1.80580135492465	1.50051148042173
0.982940689626573	0.961324816293797
-1.01030888310349	0.736049869137996
0.0779479724851404	0.0440401719278716
-0.238981759733997	0.138009787529376
-0.840608719524567	0.37410133209998
1.00363570868998	0.582130650081228
0.0897732097865361	0.0292727130976203
1.89266683364384	1.14492945018487
-0.0966100737258783	0.0498500538679204
2.04486990083102	1.33963166497591
0.374104522892199	0.146250600873722
0.756459016074246	0.724011378846302
0.765140706184469	0.832108394824499
0.72207288299953	0.973302442928858
-0.300056992414445	0.343998030990744
0.576010268282088	0.636201814921137
0.358971268558649	0.525818612604199
1.05920171836762	1.09349820498885
-0.0426611967846042	0.024076815879932
0.0848371907781337	0.0506759241518347
-0.363250007524549	0.233803577337445
-0.52054180390552	0.529075388508587
0.529867031682982	0.683994930068808
-0.0943137929787295	0.07415207881692
-0.0156438263557454	0.013190141554102
-0.0923864847505102	0.0625359038571814
-0.381243256514787	0.398310061565865
0.148174075901653	0.142150328143877
0.172802123071433	0.203529435496706
-0.637499220439752	0.719301327720835
-0.209354845062513	0.182352130464058
-0.179109858000883	0.131140699540646
-0.236438848324201	0.209416519043868
-0.759143659662375	1.16495263927351
0.194324136217636	0.183889053901529
-0.578463623967424	0.700316427608833
0.354003873565772	0.343505561290752
0.0655200555654338	0.0533411371021199
0.251494032580477	0.269411079618576
0.203993171348154	0.172211931904351
0.317214917060017	0.250450584932013
0.644316603810097	0.492306816721248
0.630736757716085	0.379682264315829
0.417815263664932	0.246182370095139
-0.426963782955751	0.260070836589765
0.232060920759454	0.130160817792404
-1.43127362620547	1.17207863153206
-0.886132104133206	0.58751343249081
0.284256450065512	0.134362239072345
-2.05734366425583	2.58757663988294
0.352969144563286	0.246019194994112
0.523212513069419	0.363958363834148
2.19327608807997	1.59676378052297
1.19933412486648	0.636333257228447
0.0696879575801437	0.0257387140951234
-1.43043915237178	1.15997237698783
-0.138722842311193	0.0615327350504308
0.820530009582781	0.421150221819543
1.2662786845119	0.53920821418515
0.764716815711416	0.638638538761415
0.106794564594073	0.0705785687024168
-1.55809261738805	0.56070230461001
-0.217313886823962	0.0794199648994304
0.129357809157683	0.0318962640243527
2.50161752495105	1.34914339244887
-0.170279747579482	0.0693650303907704
0.0833374925807494	0.0274653619700873
0.979531088057991	0.362109067513178
0.980775883816089	0.36599399400451
0.469133474081143	0.163814067909815
0.313421833938519	0.135249087427043
0.0679532085813264	0.0306970195614157
1.03233991097505	0.852274130757559
-0.422062777771458	0.257592726560004
1.02655349281894	0.844320308919171
-1.40312049393548	0.883917826274096
0.101230426961354	0.0296586789627306
-1.3465610047598	0.614270307458563
0.827842011676406	0.429370920090642
0.0726407793337983	0.0298882078330516
0.970634898371221	0.354496062542945
0.464429236846016	0.16346936705331
0.0831434633023487	0.0274562437249086
0.223838936547778	0.154999521370572
1.77953131384354	0.683203120627312
2.98639325921601	2.09143811253815
0.41661837193109	0.242824379617231
1.51127803217793	0.721066874523038
-1.34405204003525	0.611976336957259
1.50607479709128	0.72656254858984
-0.784821679690783	0.272251756501701
2.44695692937482	2.13895750204593
0.614039816624309	0.275084050197571
0.0785896089949217	0.0446157594234397
-0.0911585717178676	0.0465165665762696
0.520159400777615	0.36138473376022
0.369269430529401	0.142474165013982
1.00000330477145	0.467688648809361
0.616870867297751	0.191973847001387
0.46558528697238	0.162904562033637
-1.16677175880733	0.353813253690907
0.273864462053174	0.129995116698945
0.464206409200603	0.161273592279678
0.464429236846016	0.16346936705331
0.594484067341266	0.986023903049046
-0.0295462116436046	0.0236690770102297
0.34673798334705	0.433425250887775
-0.0826733636107288	0.0811153192454323
-0.0150344226159539	0.0154190335120042
0.106485267282656	0.128096804921271
0.0267060253517072	0.0276185648094846
-0.334792919002616	0.522328080711328
-0.118781789498104	0.145282233685481
0.793966468042817	1.10115151465597
0.873241577579785	0.55574089297061
-0.468893550270494	0.19970686918878
0.462766847205785	0.162171458063141
0.621918658791668	0.376547582219179
-0.871509860757488	0.657992713376072
0.206899274267759	0.175043954545502
-0.410013139393848	0.425624765162956
0.55203126426895	0.706764738447646
-1.11141996634372	2.11561762641398
-0.0851421158406667	0.0813994256512185
0.00351701935370279	0.00302689570918373
-0.25905373671161	0.245665069544358
-0.406096929713268	0.449533504391207
-0.34640913611738	0.513413141674412
-0.0363179664726375	0.0339497809844198
0.033424622710607	0.0328730630336041
0.230185626905992	0.284113218722248
0.0298892232137391	0.0294257307556365
0.025332311903662	0.0240578778872212
0.0216407041235947	0.0173352828027101
0.287636248940742	0.353913500051226
0.50585600137078	0.685559871264505
0.0761480459363006	0.0619351119886866
0.31050211008987	0.360640149703037
0.470853984684002	0.509595818972002
0.627617154887969	0.572800259447706
-0.735696590452251	0.440678506678466
1.50223864271683	1.49378660172072
0.321648395107452	0.139081157060614
1.54650602569369	1.02416051151049
0.238111284945477	0.133669907507707
-0.326309458367114	0.164400239625129
0.377126678351936	0.147232023552729
-0.387392817210429	0.381184156261237
0.117675200452988	0.0836880209921811
-0.412587442719696	0.335658347273654
1.14371973698404	0.995895660435881
1.00352246634794	0.585751711436236
0.101230426961354	0.0296586789627306
-0.143818134246527	0.0642392034340885
0.0627106118787029	0.0283854782909774
0.463163017399524	0.161706881929458
1.20072647376775	0.637822490018349
-0.390466134450405	0.114207620517753
-0.29017591852792	0.222408668284394
-0.570948332732372	0.30351010073389
-1.09271495513081	0.442597192627695
-1.88122611969936	0.767315130455873
-0.470301964540194	0.199277430118427
2.0545890088993	0.893959169265072
0.623126048257491	0.194216648284533
1.50986332998428	0.720707810834825
0.975199871719412	0.360229309149372
0.0839236022372932	0.0276941060567698
-0.676577835970859	0.329652918397422
0.391330237367045	0.245343428328355
0.425885816344661	0.349246101254897
0.201195853552876	0.183036241951072
0.56446023239763	0.369939935807947
1.01081402240512	0.588506011618673
-0.390325517661547	0.1125609136692
1.01654088956785	0.719944925411715
0.070484780823928	0.0289022134005227
1.42380936571803	0.464332625195306
-0.212703941867073	0.0776329796689752
0.996476567092237	0.470257234277615
-1.5592573014063	0.560959739167039
0.0809691213960877	0.0295755576568356
0.623907306534403	0.194112599022884
-1.3516321504007	0.617205365338464
0.713235086366508	0.401639301206234
0.316441276516953	0.136738196757276
0.0817438495561464	0.0269368955091815
-1.5592573014063	0.560959739167039
1.31505206801905	0.949923972765656
0.00436330176539298	0.00272412583781237
-0.207142582682359	0.146636177533105
0.332481902520769	0.335164400281073
0.0760613641094776	0.0428863495372486
0.230136482443585	0.128151398700322
-0.784262720726161	0.270561596576703
1.505133756116	0.725661881665558
0.16307322360636	0.0318815003319474
-0.283010261852416	0.0928684689638022
-4.25365715809014	2.02370833354562
0.520371502698173	0.257378285467559
0.131467259354295	0.0323356406007025
3.25585177993415	1.10585266920525
-0.865130084708273	0.474326803749814
0.616695036234033	0.278380171501393
0.611326864639356	0.584825007627076
0.064751845630746	0.0340665739025524
0.764345444146757	0.632093998091632
-0.720176089185977	0.750644561030972
0.551064440022767	0.548273644772754
-0.137191648301832	0.0875490758880322
0.533571303117233	0.546468625722549
-0.776136970768038	0.829744756553299
0.335473277423575	0.230628614467927
-0.384148296024755	0.477292225054852
0.601808350071323	0.914720486468769
0.570310932148164	0.473576092943231
1.23688143787939	1.76977409463025
0.712588266422582	0.614896425765149
0.21232015062988	0.153519818703507
0.312768363386927	0.243995545916246
-0.279084626308224	0.190304879987439
-0.358704754769146	0.228621885804759
0.0220778551515321	0.0153609983699207
1.00830066093029	1.7341010693681
-0.128354131456603	0.119498073080426
-0.536458532578038	0.643633570433785
0.351271079888674	0.335761183412145
-0.00920537830158202	0.00787579135404539
0.383116146834947	0.428690605778317
0.511294559798468	0.922274258576104
0.202384737228545	0.171047439395959
0.379452316848154	0.237422981955383
0.0436270373996357	0.0331186939751031
0.44878288402637	0.67015047933152
0.0843123870145966	0.0907049469235162
0.199082054923866	0.147400096610816
0.288375099462753	0.135553404273206
0.867247384698387	1.06216976284099
0.221655040668674	0.14606954378384
1.15726357847076	1.15024769586314
0.0908326985676356	0.0540519356140398
1.35158845953091	1.38660048658433
-0.543572442376587	0.364169116027278
0.486706954191339	0.357946981708007
0.568191479153052	0.474964759813457
-0.769326259180735	0.543482519932276
-0.878597125799496	0.755134850299143
0.699390829044267	0.51129921314867
0.0725650114774519	0.0381755765534332
0.526848308054058	0.260185254831994
0.242435365835659	0.124228911775963
-0.11991665726702	0.0573091244753368
-0.175374276008982	0.071476017314262
0.391223906765875	0.245003738860865
-0.423079087591461	0.257588267099123
-1.05395976125607	0.531601431621284
-0.0238164285829745	0.0139103794214383
0.486765649544767	0.357393916789592
-1.34714528908302	0.612995108958221
-0.292791199372468	0.0959561885458453
-0.487103018455255	0.278197751427155
0.0749369475930201	0.027667789793538
2.06009607993176	0.901279670990857
0.516660150792767	0.353313800144865
1.31472779502482	0.955336405326788
-0.277407120506921	0.150190169228613
0.523972278835045	0.260868365725364
-0.144464473282694	0.0641832793896803
0.101361210294962	0.029653942309968
-0.322325664445891	0.162528058478715
-0.329601628119385	0.16784173731437
0.69495774040094	0.502127505135957
-0.382074998046385	0.177177743741468
-0.317319477325073	0.159350098700629
-0.969964386164768	0.898417110624087
-0.839931367129846	0.374943853029174
0.0809691213960877	0.0295755576568356
0.450263667715487	0.154173468152253
-1.34783394984159	0.619225327990964
0.069587337553761	0.0257524688016311
0.101230426961354	0.0296586789627306
-0.320911249197978	0.160024841228366
-0.121041843668579	0.0583186469265395
0.465120859706528	0.251740822874949
-0.216322364283445	0.0796101409174183
0.324366647957714	0.139350915801124
0.701658419359814	0.509774327006003
-0.173826227316092	0.0707120984295597
-0.219944544617823	0.0809556339123812
-0.392260842370189	0.113299521073616
0.622724488720145	0.383461638918718
0.650220401656771	0.498914905676685
-0.894742924100426	0.679527609563132
-1.01034065481811	0.731875391163736
0.619057806786092	0.279661972340535
0.699185107636496	0.509461989021169
1.77756779398868	0.678378627324389
1.70787206313544	0.922413508664118
-0.884151483490139	0.591322142992825
-1.05680494432559	0.532287789311994
-0.684101346353456	0.334073035698257
-0.381380074398003	0.177869373426655
1.54012046354133	1.01895971165508
1.50156438620934	0.719020408767362
1.37923388101196	0.825389968004642
0.0659518227198053	0.0270850237584361
0.0855375092670015	0.0281508086620049
-0.5639309364827	0.297233900822628
1.00353650013214	0.582454439017406
0.362400321121882	0.343456692686301
0.118557676972567	0.0945634976908441
0.261182964589428	0.271356087319026
0.485642202219383	0.43900259339422
0.405771529294297	0.345623136826651
-0.629870729655119	0.571020422058147
0.855192421747323	1.23744900234631
0.104052392801323	0.0652699302976415
-1.1888468096362	1.73047241635047
-0.326540777143387	0.24748114334398
-0.684360263370374	0.802103137395003
-0.157274981857806	0.16762235977419
0.617445339217193	0.732774106995317
0.545147437142989	0.462965413748159
0.473208856420926	0.361809123726196
-0.693150179662644	0.566572923089326
-0.720088468235964	0.700257870498432
-0.51871747644556	0.406359716769968
-0.233163735027199	0.160785691369149
0.767718032417753	0.740414658015919
-0.232926955968374	0.163003657449986
0.015634702743282	0.0128555374983664
-0.399003779766	0.439169163190087
0.0447568934479952	0.0394221524457612
-0.356247982250686	0.443842221975545
0.00792807963923837	0.00606090805355633
0.273588332347746	0.262118971469162
0.312415555097713	0.330462683918109
0.399695557120892	0.350070905114411
0.270252997055074	0.267046598014712
0.00568231485825165	0.00460466626472697
0.273189221668369	0.272689474795216
0.192129086181771	0.197285803344537
0.206291767355704	0.174514178588194
0.109717008274382	0.077945410958156
0.106123220329861	0.0728067941491425
0.00636116435708694	0.00427071304836884
0.118708151255826	0.0898162538139966
-0.0191235787590669	0.01617343292291
0.801609934011196	0.940915883021264
0.567225860315914	0.472075957260592
0.490602650080514	0.446710405460614
1.27473708227065	1.07089631452222
0.21736942711215	0.150361601108683
-1.55822382740803	0.799286467017581
-0.199200453225342	0.12051946408347
0.462618690498342	0.251554249939301
-0.11491461879819	0.0556329588706618
0.240263813502885	0.134536317679754
1.49790602890005	1.48958001527396
-0.882456573340265	0.589758639317453
0.273037710966513	0.129113754382654
0.815120855756431	0.629891760174324
0.706154843387646	0.603482886163107
0.997820636995742	0.469553391342769
1.167718372767	0.764242630528896
0.253546900300812	0.131903644030945
0.628376775506871	0.38553463082235
1.01210661121603	0.711280160477471
1.14794915776393	1.02779403182152
-0.882258252566039	0.679105977266577
-0.566694840661989	0.301177263668935
1.31133843762296	0.945771456130946
0.915214334043799	0.691582345089177
1.38696713840495	1.28360245396153
2.05500377471335	1.35678010018269
-0.284508943684361	0.0936429443614852
-0.110696832383935	0.0533130722383065
2.06345732778866	0.901367384248894
0.465885932121338	0.251718398019389
0.526984470600236	0.259874872190418
0.464483870125833	0.357004462170508
-0.0520549243963847	0.0294856231108842
0.0628673353386132	0.0308791059924405
0.0825788586269211	0.027033022189508
0.0787865764579775	0.0417783974754217
0.75351673799093	0.306376593250972
0.468557085842939	0.164670323898188
1.26756816493844	0.542987717651751
0.0742697509234804	0.030204560062568
1.00497625413566	0.58543996591799
0.463741052737693	0.163066696140039
0.773870925103445	0.526537949512251
-0.866371294604351	0.47558927291924
0.618190329013529	0.275359741524743
0.748523608683393	0.306221588451572
-1.180451239778	0.793322021692157
-0.178408725165542	0.072623402232989
0.0782925621682661	0.0257268169780382
2.498607541444	1.34121182760598
0.369873070726338	0.144003268924923
-0.146773997811873	0.0653852791647061
-0.224165007049779	0.0823923664621569
2.44900445449695	2.11500931191706
0.375371937183409	0.146537881804372
-1.56743436344267	0.798552113469841
0.452765072331637	0.358410074345887
0.460511404605816	0.247753321431374
0.377717317531447	0.147754653807085
0.163659914308261	0.0319253139355892
0.616695036234033	0.278380171501393
0.62197570105732	0.193886107986901
0.46245391975641	0.250039410999663
-0.680968673530225	0.332069052227357
0.619659147063242	0.280559925219425
1.00487984697894	0.586813431181186
0.754251130764505	0.309630028134212
0.995721248136698	0.466119360542734
-0.639889036078419	0.155465657511814
0.0752582951462279	0.0245832656200675
-0.175262066081875	0.0711978201234321
-0.145287387423046	0.0644010360054822
0.336606447120018	0.337585981217544
0.146769551363483	0.146123993932867
0.355599335774758	0.44177248302781
0.708966031714916	0.865998408157158
0.447869338329155	0.518135581434223
0.359380533356607	0.430996057727722
-0.856443916889459	1.04892075921352
-0.589496139338663	0.8562037327805
-0.533954827296759	0.766813852810127
0.0507058031653072	0.0451007787018442
-0.406281504575876	0.62830273985879
0.811779002690364	1.18451477945502
1.10173658856545	1.44730440657086
0.384111916302639	0.238818259850857
0.0719467454944798	0.0265390545213781
0.217753628333556	0.143871635043069
0.256186453174069	0.132972600409986
0.808161310445317	0.756523362514449
0.232060920759454	0.130160817792404
0.817966418149318	0.864818312308549
0.198754182364231	0.175278798498914
-0.373095402110258	0.422501999630605
0.192898000162558	0.198548013351316
-0.185734678089548	0.151700119832047
0.728245137941277	0.88382943308712
0.412722417885062	0.423404987017755
0.162991860004182	0.169485341160729
0.153067018590312	0.141648508004226
0.254306717890472	0.259731285757937
0.25921906211476	0.267133318090695
0.640701101681012	0.745605526148549
-0.687571880663357	0.814088514074363
0.0471310913829893	0.034187121168711
-0.265958553979653	0.232868633686901
0.12241058713293	0.130052729609181
0.40692139178264	0.342344727213164
0.900604523642963	0.674329907649303
0.0663361219397892	0.0298137715905094
1.30517512877655	0.930473195735809
0.463741052737693	0.163066696140039
-0.204364757708675	0.122792024245524
-0.0195417075701964	0.0116535862519822
0.970696556992969	0.938028746326133
0.240676945234537	0.134359488328821
0.706465330048302	0.392817708163562
-0.174149678111802	0.070873157448774
0.822636990249605	0.425352320182039
-1.24320960811406	1.07924144849846
0.27373523680098	0.129506506528189
0.753663132968624	0.309194895580188
-1.87177717005934	0.772948358215421
-0.0227557267280087	0.0133536367342787
0.0794645034550934	0.0262268516113722
-0.322581943021996	0.160548103478755
0.461165063750906	0.160791774044423
0.0723371468870804	0.0266452267759741
0.711136782020848	0.403509729686404
-0.386132143301682	0.180457470735018
-0.237099135483659	0.137571353507895
0.754341674864498	0.308640642869206
-1.5552571448088	0.55650722237525
0.0746153435697346	0.0305888049554565
-1.56303585672473	0.809603260887761
1.00868087514383	0.588315623273816
-1.08964934648613	0.43791966465954
0.826517569549686	0.42887608950356
0.0853792636886473	0.0483943881155791
0.319059905658222	0.241892559052875
0.514617052769267	0.354412465067322
0.980089419556064	0.365342534656041
1.26559216149866	0.539157585636164
0.377631547004968	0.14740968509311
1.50463165938496	0.723394124986539
0.617894616730998	0.276749208122004
-0.388695140679769	0.112231808666545
0.0802699015492865	0.0293367916396709
0.62441636271746	0.193009143872031
-0.565403591215604	0.296536114386365
-0.393553784543545	0.18097271644069
1.71270268613866	0.928549822066278
0.46532243080511	0.25321659517033
0.258613495409389	0.133810811957507
1.50648912284411	0.72289658955396
1.42662830143714	0.462133777671899
-0.217406245991229	0.0798344670299611
0.936367330247619	0.245810660023444
-0.630254968139774	0.404637012667326
-1.40456826894253	0.877777076663688
-0.107152829535431	0.0705046579041857
1.00782474615044	0.5854968381908
-0.115245227152521	0.0561549726707077
0.0794645034550934	0.0262268516113722
-1.05788245094186	0.533640777814412
0.0724410010251793	0.026565783655468
-1.56390564122763	0.562697971919826
-0.683505399462593	0.330738190710776
0.467259169041621	0.164195900844227
0.234455158815438	0.131752595616444
1.42380936571803	0.464332625195306
0.0862185678668648	0.028348922521292
-0.785510297747507	0.274807822870996
-0.473870669420158	0.201967542867535
-0.219170328198474	0.0804099411378192
1.53786876815224	1.01253158757921
0.857986214184788	0.882883427975735
0.150842883946047	0.161866834306905
0.355351856067506	0.539937574186365
0.344006472202959	0.507760751713255
0.269734915800795	0.390496490371207
-0.243691796473266	0.349249018114886
-0.0231027149196184	0.0267497540467545
-0.501711276267761	0.757826779524611
0.0543831277171113	0.0428225544360444
-0.0813022203593903	0.0717505930071254
-0.196352015786262	0.119192195074071
0.987943584885167	0.458049645521221
0.0737409865014652	0.0271727618595232
-0.141156362359126	0.0627909609661346
-0.141890811299239	0.0629713551579725
0.826517569549686	0.42887608950356
0.0819724814771635	0.0270734904071074
-2.19698129722735	1.67117080947259
0.20004700954654	0.164024229541134
-0.0753821784618986	0.0603877686049637
0.622501084297293	0.661571791438473
-0.336153422087507	0.358383148180826
0.148641180854794	0.153349018021065
0.194194301009103	0.184086932209421
1.16532378401118	1.48226135524022
1.15557373949371	2.55327568776284
0.0000493035459050632	0.0000983515453699481
0.0273590569714085	0.0218965837157271
-0.0540454201110789	0.0497931978412239
-0.616248498364863	1.03026815878904
-0.0598300961231475	0.0577402541376682
0.261170175537959	0.288253975022304
0.265909825543086	0.258572761485912
-0.301013973965138	0.348311106705241
-0.0500298617080649	0.0398923849126325
-0.0312372283872577	0.0309960534188711
1.25820514758306	1.22555208137682
0.619843686065597	0.276128594703283
2.05554085969707	1.36244374947271
0.622619267673717	0.19534691993008
0.562097912987211	0.354669936765116
1.78018644761027	0.677970975097183
-0.364947287678403	0.233609713621365
-0.132807882269777	0.100069342532814
-0.447585548095081	0.461162236175846
-0.259188397252837	0.20085578856921
-1.34150217198866	0.612233890669978
1.7737119434339	0.678758397601244
1.9760405399428	0.493213117693187
0.377041313631491	0.147334365665277
-0.387537698572509	0.112635492163704
0.622619267673717	0.19534691993008
-3.08772760270414	0.960654182521525
0.0933119948301248	0.0557723049089491
-2.19064007077201	1.64937837695708
1.26685929533059	0.54428495837387
-0.586227816491514	0.224640522737123
0.163198318954765	0.0319050580443516
-0.784821679690783	0.272251756501701
0.133925459616961	0.0333863221239572
-0.638650683410332	0.155084261982669
0.134141369892695	0.0329755067389848
3.25511333794459	1.09678833621524
2.05884463404964	0.89402322361837
1.42314513115208	0.464520674256509
1.42551433969465	0.464150673012566
-0.780621338588044	0.27365972431568
0.70760039480602	0.400325504450642
-0.507212711668775	0.443201092587417
0.999998711401218	1.64479620930207
0.77299798117426	0.526187182719266
-2.57596917637172	0.689272210449406
-2.12693973261943	0.981192405235996
-0.284508943684361	0.0936429443614852
0.980089419556064	0.365342534656041
-0.784262720726161	0.270561596576703
0.937310940021799	0.247681996839871
-1.78346459010975	0.415096457236971
0.990491925275519	0.461688774429154
1.42314513115208	0.464520674256509
3.62107653462254	1.39166271362354
0.129357809157683	0.0318962640243527
0.317571375542802	0.136606550142843
0.700521807008766	0.389125478158578
3.2565918874831	1.1050644302855
1.42380936571803	0.464332625195306
0.753634741900196	0.306055221928823
0.161056325615986	0.0312754627502879
-0.475814756825717	0.331648294466397
0.680994285067717	0.615558669317938
0.198810947125737	0.162584065498749
-0.481758664134132	0.33296641863121
-0.885239502108956	0.6826362682105
2.06009607993176	0.901279670990857
-0.780621338588044	0.27365972431568
1.42248186635954	0.460999123934144
1.97547028331465	0.493643388518992
-0.638944530069775	0.156134678840522
-0.466627350273262	0.197949563128434
1.77822198684398	0.683613630208253
0.711865289386246	0.403204098631347
0.383517047236219	0.240799720057949
0.16307322360636	0.0318815003319474
0.163786424348353	0.0319491236824782
0.625679394754016	0.19334807077947
0.134141369892695	0.0329755067389848
0.937014825487275	0.247501391945126
0.0720188280434704	0.0296062458777047
1.24487948270457	1.34991910463448
0.919633590629921	1.89379066887413
0.560502128692935	0.997863474417663
0.294234856634817	0.393107561405285
0.00500486323297874	0.00532234620264644
-0.00505331751937265	0.00552410293829541
-0.0650241659975558	0.0835486084540478
-0.409206626015281	0.662366318155251
-0.0378708039411967	0.0473849954215219
0.637486116006503	1.38575153737447
0.456842643952567	0.439142547404227
0.601936867481731	0.733523526020502
0.0961203576958197	0.0576209563271701
0.754838872081418	0.307715712094555
1.02457517958861	0.719506037653884
0.61134180875485	0.274697038803285
-0.117818242640195	0.0569596856787077
0.313217427175479	0.133877204439622
1.77887649352479	0.684635676036224
0.72444879391223	0.803775151705383
0.0591289764783281	0.0548937994228991
0.0333772725878621	0.0356908218879604
0.637718076541592	0.826468158606565
-0.0181799893752648	0.0147515786822847
-0.239949084355528	0.168600646066676
-0.465932798240258	0.543265887077125
0.0808596351382073	0.0803849088774698
0.941734943865107	1.65457783725361
-0.399910138251515	0.5451741978837
-0.181516733566261	0.190433464205283
-0.509095009763353	0.390406170995667
-0.375106864348015	0.474186462842015
0.0388279974135886	0.0271722898789625
0.455172426015285	0.644795396329276
-0.00513382982753611	0.00526529819285255
-0.0272078909229068	0.0279019310554383
1.20368513575766	0.642741413337426
1.00918442452911	0.584768774854012
0.622754877518999	0.193758888404047
0.234964627717742	0.130411602091215
0.377126678351936	0.147232023552729
-0.141265138548194	0.0631658655313475
-0.0850089886755091	0.0437362917185467
-0.429766603495962	0.437981032283073
0.31806495464142	0.250724293499788
0.0952740233679029	0.0596274511758124
0.0984263901266027	0.0285972183246047
1.77887649352479	0.684635676036224
-0.283124516934905	0.0937185339860193
2.19246939967747	1.58844882889688
1.2660640649717	0.538984141591235
-1.08923141279672	0.440851756420907
0.980647452713659	0.362963151381075
0.518291300422188	0.458005395911567
-0.582274831805535	0.305568357422697
0.163786424348353	0.0319491236824782
-1.78346459010975	0.415096457236971
0.742786493745924	0.297408256079232
0.0832413116588062	0.0275358424390173
1.42595936707127	0.46464634975394
1.71218391414266	0.925611669029466
0.62326313623548	0.195382080165285
0.937014825487275	0.247501391945126
-0.390970925105678	0.113585794693815
0.16307322360636	0.0318815003319474
0.62326313623548	0.195382080165285
0.102604893354435	0.0297952404854722
-2.34650024465582	1.19984793263964
0.466203278603228	0.357377508850074
0.0986589225536517	0.0992297031377505
-0.310627794093543	0.204898616521621
0.316680815359778	0.13645439217374
0.0999867485326459	0.029149847138739
-0.17404415100386	0.0708347026504022
0.98338732932609	0.366366127152252
-1.86941783433778	0.763375586839547
0.981334581311431	0.363606045743479
0.937310940021799	0.247681996839871
0.0817438495561464	0.0269368955091815
3.61854672806477	1.38893852172017
-1.56091317868299	0.558273794061398
1.42662830143714	0.462133777671899
-0.481251263908525	0.274179203755496
-0.0638871070112587	0.0342212438849109
0.317187319661597	0.137032961183765
0.16307322360636	0.0318815003319474
3.90490426011718	1.66679633895813
0.98678303888892	0.364200312773431
-0.780748371215029	0.625146246914566
-0.467622368815335	0.374822389214122
-0.140611206870138	0.10586844342344
-0.0709408719993362	0.0387125097601523
1.30670199318113	0.935185140253025
1.77669331755714	0.678546997880114
0.133925459616961	0.0333863221239572
-1.78355593853231	0.415040398756502
0.163198318954765	0.0319050580443516
0.1282575787163	0.0318886336124139
-1.16677175880733	0.353813253690907
0.350057482356633	0.245673068448462
-0.287178140287255	0.221117006968758
0.133487547685943	0.0330756337612284
0.136691698731902	0.0337280912386556
0.16307322360636	0.0318815003319474
2.76383716543789	0.807175794601505
0.0691325858927214	0.028365230111291
0.622619267673717	0.19534691993008
0.46489631380229	0.162505252822639
0.0712532179571276	0.0378367212877668
4.14502452667838	1.932081772471
0.435736542749071	0.590778296242639
0.248721729196133	0.270183847115509
-0.0632193529728595	0.0578095139385709
-0.511751207486386	0.765434006904798
-0.320565669216096	0.436407276442468
-0.734591737678551	1.40761031763202
0.0762180094603266	0.0915725680643399
0.325571703596667	0.341849260073631
0.286902780161063	0.359908208462853
0.35874359278722	0.335902124453411
0.825530627978341	0.422631793631396
0.625833465415678	0.384201440843606
0.467385290149388	0.252714651847247
0.42797385381556	0.588844894568538
0.784254208559313	1.23331074647088
0.00445513075426719	0.0033056887581418
0.0601959016586117	0.0477135171203856
0.268780023657756	0.25487279678433
0.939446901065478	1.1959354599952
0.403228020914932	0.433436253455015
-0.176276915743133	0.160549204340269
0.359396427931392	0.340177036468074
0.198556033376134	0.201833163796083
0.209107837888782	0.238963219168841
0.20520707736833	0.198899620271805
0.076692800512256	0.0652860329975917
0.095710813178949	0.088294559817036
0.425405263794237	0.249117669016256
0.386551833028987	0.241805206481245
0.212915937499807	0.158118702185001
-0.474728675530375	0.488216844287296
0.0554122095814608	0.0423748963258621
0.93815289301941	0.803793854003395
1.4461965655749	1.1401760120268
2.29501022404741	1.12081418233569
1.00993614113334	0.589900065020611
0.325278803100237	0.139112845105727
0.463850806492571	0.162104073343502
0.240884063984953	0.133655441404008
0.486090062109753	0.354040516707273
1.27047411080225	0.545147475204001
0.566183012630443	0.370477367687831
-1.03467518549614	0.642209291974114
0.623847822452315	0.380458699208274
0.464673493840572	0.252459671357484
-0.732992966447043	0.437111732575941
0.31779719093561	0.13704953791404
-0.284508943684361	0.0936429443614852
-1.16677175880733	0.353813253690907
0.983512110240855	0.363213938331089
1.38382451433764	0.830684994706267
0.0773087476816271	0.0285285176364431
0.613341525727591	0.275607624145917
-0.514503400601915	0.521836016522756
-0.253948008426276	0.220736582454678
2.35967746844821	2.72186574673179
0.0746153435697346	0.0305888049554565
1.20533739111077	0.637095415580339
-1.13399037002351	0.896518837878767
-1.05133954937039	0.521665665995521
0.616793408413798	0.277502572634063
-0.870624452465294	0.479998173217555
-0.839345856011256	0.374428244004784
-0.279021547659075	0.0916994777613714
0.756454115222154	0.310445711889242
0.622112146922877	0.193722380790939
-0.784262720726161	0.270561596576703
-0.335018629639801	0.168295375574655
0.233587644433645	0.131368882759617
0.772271829995036	0.524013226460584
-1.55859357319854	0.559769753604985
-0.288434452467797	0.0952993614318452
0.319507934290598	0.138238292104863
-0.58848004711324	0.448150604008296
0.761122557183957	0.734059004485616
-0.223273652714868	0.199836098493137
0.638510731952906	0.590069230984674
-0.0828768059635733	0.042398593190872
-1.08980524224228	0.437958411809945
0.0727437541791427	0.0266577903227021
0.61978851016507	0.192439142212925
-1.56313894146376	0.804024692341469
-1.56375161456735	0.56156516596452
0.368524732410122	0.14326470900734
-1.34315692175553	0.611795257048078
0.13436303694843	0.0332886519978548
0.62451534288885	0.278536277421996
0.0732625853370047	0.0356312926217022
0.0808760665945886	0.0428747200633823
-0.63923865613969	0.155145012751728
2.06135081217216	0.89997766608553
0.0287456938176145	0.0281839238262071
0.332887560543677	0.452336800563103
0.0355452120740785	0.0309710601765162
-0.331430545568143	0.440843201883159
0.219996310479878	0.327323495693702
-0.612169349130407	1.18362927877135
-0.447804489042412	0.831662008386494
-0.243676851437915	0.384218998185393
-0.411521956419776	0.541217151729853
0.50994592266311	0.775452388834027
0.374065547568243	0.145601251955631
0.0864551406504936	0.0517927343471435
1.38179329707391	0.820323414715481
-0.108802957425082	0.0844982075458361
0.542099922820774	0.700332427825145
0.0760992010928116	0.0606020648079013
0.394071251385997	0.433155328891623
0.0879144081120554	0.0790492464012205
0.365489754450292	0.507941393637519
0.240235527673734	0.285063300042056
0.0252165873891441	0.0233936173446808
0.159790250591625	0.165101067736058
0.101502810020466	0.0978448239396202
0.461199305264889	0.251672473930235
0.100674308760322	0.0294967719119431
0.0690220459803635	0.0283406372769482
-0.0801669360205802	0.0552836238670572
0.081132868402218	0.0696989690742334
-0.180283763216933	0.164382946650276
-0.234150706671602	0.162919030879387
1.19952102644786	0.630946404830896
1.89492068821781	1.14185154524354
0.0712467172724825	0.0261588200280504
0.823906247013363	0.660718689406154
0.0268632842644806	0.0187325648785643
-1.08903576070703	0.984787274842185
-1.23698116333092	0.690298337276473
0.279487783498487	0.132613367013059
-0.466036739673913	0.195465917312687
-1.34677290413272	0.614408413911561
0.322158287342664	0.139440863095662
0.374191823377954	0.145943064220837
0.372208285446924	0.144222923358372
-0.117161888901876	0.0566583382060261
-0.174434538675536	0.0708838429663545
-0.22117019930863	0.0799947535863462
0.0697876200610355	0.0255739506555174
-1.34347077887477	0.613680669788906
-1.05026241981727	0.5282538841184
0.458048237112799	0.448726416296165
-0.34788100905983	0.418663501138022
-0.17759403120858	0.127913280390221
-0.22230744623912	0.0815956844757139
0.823494614585387	0.424198698946652
-2.35022576368948	1.20181587707921
0.315825776229982	0.135623905452969
1.50255195120164	0.724022154570055
0.0798596401094417	0.0260915533750681
1.88730542639226	1.13131140750234
-0.389961680664391	0.114106955582715
0.98407377907783	0.366453047925217
0.0786087004304239	0.028953787173917
1.50463165938496	0.723394124986539
-0.38470415462001	0.178907478711344
-0.116934226336878	0.0563765079336296
-0.173070833057826	0.0697961017624337
-1.09443690653571	0.440294681889257
-0.279596026287824	0.0919836761311389
0.623397908215768	0.192519078919056
0.360187357964759	0.240244149680184
-0.346867633252952	0.31788906642214
0.670710930956288	0.774905077090285
-0.262060115415704	0.205977159223113
-0.388655614148344	0.353194692919711
1.70976625287889	0.922945192822728
1.2666992802459	0.534742207492316
-0.221231523100836	0.0812172613137178
-0.283240759595836	0.0937144526238611
0.825114879219743	0.422665967059238
-0.175043138190648	0.0709309143871982
-0.386933697773998	0.181796345605486
-0.372329774954242	0.276808385808327
-0.777871959247022	0.269980753620937
0.978066547555564	0.361016645395885
0.462474295041684	0.160483322068039
1.00581157976744	0.581793420913002
1.20021647468211	0.630169980381535
0.368606957211746	0.142738557986594
0.0855375092670015	0.0281508086620049
2.05492045959308	1.3746687295981
1.20299045490496	0.641888668435994
0.616094822984501	0.27749158985842
0.319362485379615	0.537299220877498
-0.11533589027103	0.14591948995259
0.133235431863445	0.149663818263508
0.904642984074536	0.90391966657498
0.224232087091435	0.148658919455116
0.602563073173249	0.574007901000243
-0.48603669460058	0.4625546186407
-0.406236594115612	0.392344837199838
-0.463247703409595	0.370586266577731
-0.444100440276666	0.58859282068363
-0.64550616973782	1.04183166305595
0.10725152539387	0.121328628501563
0.730125121215924	0.881586267162124
0.0119120207424529	0.00954911154894386
-0.918691527023626	1.11594310880652
0.295043289986878	0.236991588168892
0.345474168024222	0.332835066844928
0.104879265169946	0.068983567989708
0.388585270286172	0.34071775120052
0.100314691351456	0.0658939895291936
0.543618036779364	0.541968350652365
0.0125637704278546	0.00816175231933836
0.213537402244682	0.142009425987021
0.252321534135779	0.130341532675734
0.374531089244831	0.332634755460764
-0.215112452935246	0.173530169267841
0.0787865764579775	0.0417783974754217
-0.734856562396154	0.442561836541732
-0.54882465769383	0.368559666954523
-1.18383351973536	1.13448283804954
0.704612946684237	0.5117804798152
0.0888448038081857	0.0533150461529651
2.32023091457569	1.84112694720743
-1.17243946769338	0.794715860858005
-0.41454833147539	0.251673708924831
0.318006158681415	0.137250037498352
-0.141054629507749	0.0628380544809144
-0.111258539087292	0.0538828582091426
-0.416688621344458	0.339962296079945
-0.460589274200261	0.368170459081455
-0.335161186183802	0.25481032581251
0.295180331152409	0.246959449323893
-0.14244365893885	0.0637815924345432
-0.280400481716109	0.152420786317586
-0.091005397550648	0.0467622456900881
0.0924188971655548	0.052212945036852
-0.481391933883642	0.339257578420387
2.19325653805033	1.60932610077961
-1.08585839601005	0.436841154743975
-0.486452161727582	0.277873345599755
0.417859902061368	0.245689298240775
-1.6813041234745	1.28139792064278
0.0688075960147018	0.0340546397308964
-0.263870180565274	0.206919084959228
0.814583974728571	0.761572108874664
-0.206454794623074	0.147814230413891
-0.867674573819194	0.477018036694399
0.0642568219653843	0.0290497538040525
-1.51859899985636	1.574205959615
-0.573923393677413	0.306196740900234
-0.996505323976298	0.833399156606312
0.38438623949414	0.241618883208351
-0.615098363024695	0.518115812136649
-0.139515246256814	0.0894901855838476
-0.595307826945884	0.446817142449534
-1.55933001226231	0.802979399184457
-1.64354786972239	1.5716694756737
0.823691937650819	0.424239017471513
-0.334034344362931	0.169225323018192
0.227741588378749	0.13589571058041
-0.422594478200052	0.253448180900742
0.0929492449570587	0.0558558898807256
-0.0444778202169629	0.025263263136492
-0.619995371667984	0.52322290071476
-0.734919176179023	0.438576481176407
-1.03478646241135	0.642088367608527
-0.632046351178562	0.401195135698003
0.360835616508905	0.240401721413396
0.282343869711893	0.134684696258411
0.0833374925807494	0.0274653619700873
0.0715917002902023	0.026359925939105
-1.18574615400011	1.13702616505622
-0.215054515894036	0.0791424138047077
0.193871945457618	0.274714106955996
0.298999311502551	0.352433881596556
0.471792503399534	0.441800426016546
0.0987328197276645	0.0873645956349825
0.295180331152409	0.246959449323893
0.201804944959601	0.182264961409715
0.377036476811702	0.417475536153251
-0.267183694027577	0.263318723030563
-0.361758704420291	0.528879235781238
-0.815746473676711	1.68998488519818
0.128666379103711	0.147743999306533
-0.21064007262082	0.294054163619605
0.160033978927666	0.172877043768752
0.0844214684099913	0.0726551019909656
-0.182358225890938	0.166330030473979
0.56784725629666	0.619833623684184
0.387107292583231	0.423579968387879
0.809355020798978	0.854332848157243
0.0384482844433094	0.0276621553424169
0.137112904529161	0.153358207164486
0.250104547857992	0.310001071985571
0.796304506556842	2.03497979389902
0.352740461768494	0.517043056693515
0.677187339108675	0.996224101378397
0.303512310881623	0.336821195524784
0.826734720710087	1.21793757663281
0.451831639239518	0.567999981341882
0.725068872000527	0.801758174203446
-0.344324437770278	0.358446703844361
0.896910643744554	1.51096312650454
0.0810621361321649	0.0690898740920731
0.200437668609758	0.168693145396754
-0.114172532895083	0.0873200423048883
0.425304459709388	0.490760691394515
-0.0976835588789047	0.0855253628480934
-0.0507535630600273	0.0420919510231182
0.457681749414153	0.439110228147829
-0.271792447399651	0.184511865569255
0.913888503666185	0.689446549427226
0.359147138038104	0.38879344993298
0.68154175917369	0.684813801199722
-0.42281123536857	0.341523411048801
0.24841734906388	0.128680437846822
0.420977200878279	0.342016706347071
0.704661059906442	0.50635896581606
-0.794624982598753	0.818613027389376
1.01494953262206	0.710148934186434
-0.698661620090542	0.624659690920821
-1.31668492506219	0.989528850309721
-0.634298806619958	0.406157971797276
-0.196736329706419	0.119003872019277
1.3915497186842	1.27143111644366
0.352708387971284	0.2461853073625
0.514437046642695	0.45440398381221
-0.0302253166661921	0.0252548989986821
1.06917057956768	2.13499550930511
0.216603239619604	0.162540437761615
0.222054874357902	0.154115906653315
0.824490842481007	0.657867512336844
-0.785555235913696	0.697385250301567
0.228723444862968	0.126605790267622
0.0966765495690871	0.0627937953706513
-1.43244033545039	1.17976947691063
0.514211808373081	0.356358698649831
-0.551987026665789	0.370926340217709
-0.66863189002321	0.496285219885174
0.709515449506719	0.40033905810195
1.38621167843736	1.26902604789293
-1.22057144158026	1.33130943274137
0.508081823670456	0.447593456790748
0.220234003906806	0.137657823951704
0.838064157592356	0.661512912817875
0.253749922681651	0.13067981629398
-0.366969450298984	0.233970838704616
0.607574281033747	0.656497979786046
-0.410931426601435	0.366029058866315
-0.440873275697878	0.489315408548201
0.111740417906724	0.0768970587638246
-0.0873644278320944	0.0590066731602056
-0.0434351299569629	0.0246084322197909
-0.868411456100872	0.476886243304766
0.0681238269233788	0.0310055549511612
0.0762372057665764	0.028012713445288
-1.31343001900329	0.995283185566827
-0.117087315960947	0.0897135068007607
-1.23534031353643	1.06546127978318
-0.0543465317973315	0.0378929040801376
0.635492953993735	0.58668505532264
-0.379836075403546	0.174316784016712
-0.213947932130748	0.170978421175436
-0.0938798382200595	0.0629979096030977
-0.271889877779674	0.148371907318664
0.0784808936289439	0.0415071026354346
0.872811533737089	0.552389998858788
0.472183477589206	0.163916244595573
0.778654308415088	0.531887138507121
-0.633045745181564	0.408193947427303
-0.0362202833518713	0.0263397723552351
0.324143736120492	0.244018918373254
2.06681956610041	0.895664188118743
0.414325250899447	0.241686072260603
0.936993227763528	1.02195494492396
1.50386518134589	0.730362174541587
0.622619267673717	0.19534691993008
0.615597423484624	0.277774771852141
-0.328631467378665	0.167563739276599
-0.393383580545749	0.182476001854621
-1.57034495677711	0.786933809863512
1.44273640917788	1.14061066868384
2.84121530381114	1.83545262061737
0.413714370400596	0.241881723183585
0.111254906653639	0.0765436847570043
-1.27952074353577	2.53983467192453
-0.376252006700368	0.511836234321068
-0.0830153968243711	0.091800307227747
0.289000592662922	0.392815671500798
0.00155295324239709	0.00167901580520315
0.0581386571633657	0.0540152818090826
-0.22331226887374	0.249152334376074
-0.206364333289461	0.244378000906813
-0.0472228872407324	0.0470857085925277
0.252394384640424	0.350809315721251
0.167803537900147	0.205678324868601
-0.166548772723086	0.208988761045361
0.298249719746161	0.350174982132894
-0.195310530141183	0.190943271377617
0.701860129124114	1.18762455157218
0.524565197133797	0.692401659997995
0.822035874425118	0.653915834242888
-1.35149670782146	0.610353653805488
1.45255601599292	1.15546983830384
0.645382654876531	0.495683819109112
0.684131370459629	0.69626111696628
0.354583064240078	0.333564910293589
0.710291361193327	0.614019966577532
0.0347275539171626	0.0250887218406922
-1.43073327868761	1.61211343631226
0.75834629847075	0.626050166823645
0.8761268915363	0.792360122245202
0.101361210294962	0.029653942309968
0.415642077999623	0.242385763363292
-0.0828282422348653	0.0425578644994686
-0.0729395762199153	0.039405856873953
-0.782826798370904	0.689976877390973
0.154948956797874	0.138730332475047
0.0576134581143222	0.0441562626614473
0.475848483830963	0.57986082909667
0.590914238772056	0.633110732355197
0.594382265001672	0.464916129745286
0.212095981923905	0.153668039847053
0.7596256956716	0.901617298885815
0.45646015818654	0.437094377978229
0.544198895155251	0.705148530526889
0.139738188907939	0.128091263745756
0.20144066769899	0.164409719205982
-0.270822309521302	0.291562171705472
-0.942091082330026	1.00400136851372
0.113746913287953	0.0830938710504955
-0.143851065777787	0.107926612925915
0.515334024364934	0.45881545267522
0.600296243374022	0.653008117098734
-0.372360832772794	0.30410536575261
0.211847109099395	0.152226119716224
-0.635303080651445	0.407086919158623
-0.220050443315259	0.080826216952502
0.0331167540368863	0.023199691744361
-0.204364859826741	0.146433014765798
-1.13226715188327	1.17306649866635
0.992641512091842	1.06439866682765
0.981133095653736	1.2510729754875
0.453501300735307	0.523536559155898
-0.378079178731839	0.314283652639187
1.1478480640613	1.45592158803333
0.120291908725127	0.0939077363919308
-0.203810433766487	0.145412170497546
0.218715195139344	0.138640821471314
0.0223629847771734	0.0144718619356361
0.103618611764185	0.0652859077925453
-0.789693263723623	0.761728349488387
-0.792221919515832	0.922533794771189
0.872417996965757	0.784374734390764
0.0928174094385542	0.0577030169237767
0.597483705868031	0.468642669405747
0.364785716207508	0.241519939769743
0.249616563881085	0.12824607332675
-0.325614712694763	0.166821577293185
0.871288752523899	0.553277367460355
0.440360903370023	0.348274375243648
-0.0920754463477902	0.0615940703083063
0.063694048812021	0.0312859606905204
0.0107329134172812	0.00699960104122709
-0.552389452382727	0.556190337888237
0.108040278993868	0.0714963036743678
0.321060274258108	0.244400106691031
-0.49970556669829	0.430200590537396
0.766044586781963	0.734256431967687
-0.383237383789086	0.17946805851323
0.101271271164165	0.0634879403233998
0.450257893682223	0.236607473295419
-0.112687380986393	0.0545942220202021
0.109278099915494	0.0721569948320395
0.760176435693164	0.729426385064342
0.121509844472711	0.0889123888401927
-0.379561082856632	0.279612129567644
0.673499166175424	0.607592325019786
0.393986004019519	0.343401981955749
0.569220542659666	0.373999425664466
0.092028871510965	0.0548932838942994
0.0864221857216931	0.0308462028828524
0.618904164119048	0.377081463674536
0.297786913560357	0.241276691392221
1.27942050349848	1.09229156402425
0.517283346931357	0.847616144822261
-0.193095392091279	0.157781194270895
0.101786250320483	0.0296355349486725
0.107875923179308	0.0309872051264885
0.992950427331439	0.463587147894346
0.364872576104394	0.140904939401025
0.914551390169763	0.688608196977209
1.57242489015742	1.37039055393462
0.625409925972999	0.19358581281195
0.0773087476816271	0.0285285176364431
-1.17148606342711	0.353067612488471
0.0681238269233788	0.0310055549511612
0.528302092837199	0.263433613546199
-0.786199580091747	0.273238052886901
0.379978091553248	0.146645292218085
0.615689716804824	0.277633042349534
2.32667350802317	1.87161526067558
0.558439890924903	0.561751170547873
0.375951483121446	0.417111318424543
0.344804104530238	0.424586565018868
0.241755887248581	0.311763277411054
-0.144572269817684	0.174581097150702
-0.557322626130769	0.875521699062238
-0.214053401592576	0.250813692250696
-0.0049038241653936	0.00505406858897072
0.598852470083775	0.958297184199379
0.0291144774540014	0.033112470533279
-0.0119784481400735	0.0121810484425636
-0.00234080694780772	0.00262866429834257
-0.162066679420035	0.216220854541655
-0.496586572322615	0.798802348404983
-0.37205181961553	0.468691836503262
0.0357019667757646	0.0301704038875156
0.440360903370023	0.348274375243648
0.488531653261953	0.357189226320894
0.320920575337177	0.337855864747467
-0.0473412179170339	0.0386875706461286
2.05421628773584	1.37451115135195
1.8875417979601	1.12450489977892
0.869734580448623	0.5489193812564
0.366738271476521	0.242392646290285
0.761677424682283	0.628444458549683
-0.613193147903006	0.518181660667909
-0.304235389980344	0.199311981220462
1.24958653859016	1.34480192224239
-0.206499276075552	0.12410381936241
0.566441705450278	0.372070155222235
0.415770324697665	0.245282829198599
0.272492177010057	0.128839071032685
-0.0434351299569629	0.0246084322197909
0.597038315820336	0.559469927632126
0.133757807025294	0.121379435344961
1.01379869901775	0.711685787901028
0.225297062203863	0.133127895026849
0.19313616367257	0.1696668651271
-0.263156179886099	0.245522541225294
0.489141065618055	0.586960626829994
-0.899474411862854	1.19903516943948
-0.378696215093174	0.370397351361838
0.334691046814877	0.345557326776734
0.213335945579863	0.154319955696163
1.41130457853572	2.15871807262366
-0.330893338851419	0.326970038908744
-0.69678723971834	0.860430209840752
-0.185245056301486	0.151432176595219
-0.253118789718322	0.219141141919382
-0.213238139162527	0.17279657975555
0.222668082771612	0.132429171505997
-0.172819542400513	0.0698274063918017
-0.788024552795873	0.912794837873846
0.108295113118922	0.0716405312109269
-0.767551906792814	0.542443612798589
-0.0340615739037247	0.0244789580441797
-0.30527858414296	0.256570603897483
0.277304475610037	0.254486664574341
0.0132979854532109	0.00856026473743215
-0.866850810619604	0.877750660425242
-0.375246104609727	0.414805228312128
-0.492295493180294	0.470794675257081
-0.0794909743434995	0.0636680209910013
-0.292863204194648	0.223905770634058
-0.205926317152747	0.147737525810096
-0.464243893936466	0.197491298188801
0.953327421156101	1.12895801875691
0.109737853431828	0.0780006407847133
-0.249395952208489	0.234739320221956
-2.79020870421506	3.12439856413209
1.20238704175539	0.641069787889058
0.0721674563284288	0.0324764610335062
0.249352903950366	0.12855119750615
-0.976103877917603	0.897110425550591
0.063829638999797	0.0289148197759951
-0.289565179570334	0.221882872102109
1.14960891584223	1.14392173510213
-0.279917062521854	0.237249368585739
0.675808698206441	0.777578968019502
-0.930038256909375	1.05217547659497
-0.11480531325475	0.0755653657412439
-0.567744272509792	0.480459592861357
-0.0465293810326857	0.0262577672246513
-0.627351331855592	0.400305869919734
-0.66496104368332	0.48921119193428
-0.383467011465663	0.178143422709915
0.702524001309349	0.393369608775813
-0.116559695236895	0.0768593491616452
0.00988831560437718	0.00645368637487315
0.118457744639176	0.0873441872632639
-0.632689421099161	0.569677642776944
0.0285705819519205	0.0192041298985375
-0.16891325845937	0.139615412715918
0.61739391895516	0.278389945638731
-0.0903229371810767	0.046589696972601
0.234800510401464	0.130488984558605
0.460924941563241	0.249292506523845
0.0760323218813823	0.0307908075140917
0.70966066846218	0.395757038396672
1.20437971847725	0.642387146280789
0.461165063750906	0.160791774044423
-0.419628293808918	0.25322198789928
0.992867904407715	0.467211941781042
0.102604893354435	0.0297952404854722
-1.16523448224525	0.350479641287103
0.254974843488922	0.132702163480869
1.77953131384354	0.683203120627312
-3.08744594535476	0.960811196593325
1.26698997561288	0.537947778137258
1.70909326151591	0.922870384129192
0.0674751967854103	0.0307295946139021
0.0208606624975764	0.0134743817060736
0.0826601080887376	0.0676977154999555
0.145231539391525	0.136370554241717
-0.0913976036496474	0.0917725542170991
-0.0133066746196526	0.012655433424982
0.627929365916929	0.976592257090958
0.129591617910245	0.139742369263361
-0.0121503896616745	0.0115643295856031
0.476152557642312	0.734326539314485
-0.396151590521471	0.660917457043192
-0.910067306206435	1.8301232476067
0.199736032678007	0.185554819553298
-0.0724615263353991	0.0645293137416407
0.538607078991045	0.620802843667109
0.961007709063572	1.13702970547924
0.526326923006045	0.260770242874484
0.210460314617343	0.150081395986096
0.260737505612036	0.24296886462486
-0.0123162921107058	0.00914694335860835
-0.282017736136028	0.153594487121969
0.316082021389728	0.134645038727065
0.316577157280992	0.136703464542968
1.24935042600799	1.20427218492172
0.525513381644529	0.364057831068705
-0.0522157301591746	0.0279887854821608
0.526149688057342	0.260965745163726
0.747813371500537	0.305311762022531
0.334982160973455	0.241357684013285
0.528405262968864	0.263519175239301
0.0787100429489991	0.0288200466611711
0.566843778964227	0.371844954311595
0.540446493991066	0.466005195131624
0.056585906483493	0.0423246675269434
-0.0298656524768199	0.0216155429662856
0.136695874836487	0.113030822011121
0.327585570436939	0.337894508200787
-0.233714421145184	0.206151037699065
-0.408567882923086	0.36354588084258
0.289855147583269	0.25707059001917
0.103548132040304	0.0705489414626961
0.0627914765378546	0.0497426463456023
0.0242952175582659	0.0163644306075919
-1.10053659179033	1.2087838991047
-0.416820311714791	0.339209453294209
-0.104228895934939	0.0800053765800138
-0.427353972814704	0.257361661351486
1.26989522559169	0.540076308280599
0.51275002324254	0.451473576806043
0.625172267544105	0.743088713697796
0.941198914612297	1.29024475149948
0.762050306492931	0.635478614260707
0.670952363443316	0.694370276928827
0.460161867383523	0.43351422234065
0.207093653735603	0.159697077104474
-0.831179977523601	1.13456164986251
0.49267379302788	0.35906371002265
0.127541434040142	0.102622895898814
-1.56811176271651	1.96949397543847
0.635791901407254	0.582663150513306
-0.479454183429772	0.33807404079869
0.478792982702396	0.450712455249969
-0.0202196578909789	0.0116473779568714
-0.00558098987689117	0.00344013082369417
-1.21657622714744	1.33450829963049
0.0703733748218045	0.0288783052212046
0.369953266490633	0.14284962602654
0.830141033517896	0.428418363334735
-0.682381528144568	0.333978899710071
-0.882456573340265	0.589758639317453
0.205683647228318	0.15898084930399
0.290054668575681	0.249934560466384
-0.568980465343403	0.516474834963996
-0.434513862771281	0.442342009900775
-0.125410232007408	0.093399560624626
0.863725102975684	0.762030161361927
-1.28682307065249	1.46996788571315
0.067186634253496	0.0303270653345021
-0.173826227316092	0.0707120984295597
-0.875665811521389	0.479531392154758
1.01720258127248	0.72100455961862
0.770717391173231	0.522442223043655
1.00716483402145	1.16524502243656
-0.00188488696099269	0.00106966212748098
-0.613821683155115	0.51884976389028
0.0591914730172535	0.0266850337306661
-0.234490706986654	0.13429082717718
-0.841197161770435	0.374296017318541
0.908150516156368	0.686811121018156
0.414167598453234	0.241504047769944
-0.472846720266104	0.198634581184175
1.3947430193149	1.29003465006476
0.463483854299277	0.162356812948838
0.134580624513602	0.0332822882767434
0.758827154955977	0.307147906863414
-0.222984848817832	0.0820010323139345
0.346016876232249	0.512009004411983
0.564934967631291	0.372357786574734
0.622619267673717	0.19534691993008
-0.387678621621037	0.112733540232719
1.5037746796682	0.722526634113836
-0.687473419761192	0.332904625477837
-0.372533451675064	0.23585819502522
-0.0487275569015575	0.0276913201408959
0.628490628725909	0.194302976090237
1.77938594611081	0.68549536418416
1.50327542339675	0.72323220136473
1.89492068821781	1.14185154524354
0.995803245844559	0.468949771077173
1.26617237586217	0.544237689615947
-0.280321014485851	0.0926837226912554
0.995230431800292	0.461325645272203
0.372721640715564	0.145161318248194
-0.363560429595193	0.231444177664931
0.113961683190284	0.12067257657976
0.0529299842586568	0.041455493065953
0.165522207022448	0.201861747529719
-0.25669149473199	0.368580126343395
0.0596591503217201	0.0563034561469644
0.180460657792703	0.216891652028191
0.193773328180485	0.318394672390045
-0.218709989341271	0.328102344663427
0.0281272018108783	0.0305323697861597
-0.0802746966380763	0.0769770362993231
-0.134048937065131	0.145718803037752
-0.642902368729518	0.589289969072048
-0.262926755205176	0.204564611236586
-0.414648235467411	0.298631613614774
-0.109050683761323	0.0848827132809266
0.495672561430564	0.668548097902353
-0.533826795369187	0.503971609824174
1.15552143881538	1.16454684419263
1.54361494369512	1.03007653055771
0.525421214488514	0.260651582132445
0.822980735327691	0.423964046056738
0.216410584264683	0.144108913596331
0.59627202943169	0.472509758665133
0.207581586280044	0.143075187193352
-0.0565041655530024	0.0397054624948204
0.0750902970864094	0.0369386698359375
0.0794421689846716	0.0420985849078333
0.224693456280105	0.141237530562488
0.984601994990239	1.58352129756763
-0.290682143833988	0.350957746278089
-0.250461225883588	0.238395864461718
0.201000187412787	0.205764014705456
-0.0512709273974856	0.0419939313302364
-0.291805891486826	0.336965270700069
-0.122403658712122	0.0941823652605597
0.00676054593942365	0.00527860757158218
0.0591614892689699	0.0456764763080482
0.369402407995322	0.327939306971953
0.0936581841216052	0.0553136275151038
0.468557085842939	0.164670323898188
1.23363003832127	1.5686056345635
-0.688078669880414	0.807936291518448
-0.242245069833479	0.247671654616641
0.649729625324497	0.980680460237632
-0.0368470418008031	0.0307850241622686
-0.205167090402509	0.196508746883151
-0.172995086255501	0.159252182864271
-0.779797801670893	0.788484134539771
0.538110977200885	0.615664428303778
-0.090570400247145	0.0612296723254478
-0.254945882681675	0.198008534271361
0.292784816751009	0.250800802723195
-0.149154040013289	0.138665210270522
0.548151535505025	0.548914424667808
0.279340940764231	0.258429695647647
0.241335421605781	0.134900387087572
-0.172824528138243	0.0700906477171896
-2.11299537687761	2.18067864530103
0.0855584342980947	0.0485795831548245
0.529758049509103	0.264080569210415
-0.00857054041781652	0.00520027827622784
-0.0441202676489394	0.0314581029420235
-0.213151678755921	0.172297050283333
-0.464085778663279	0.507151701190485
-0.0402340424587484	0.0331857823437016
-1.3695219814055	1.99226862262297
-0.861744697306095	0.992725855951333
0.0878711478543473	0.0520290756906376
-0.471968863819731	0.201005767264039
0.112360128409164	0.0794561575290971
-0.632698442438651	0.400840564927241
0.621258075857958	0.378815433011731
0.0993952182085355	0.0625274119147495
-0.419191622671779	0.404094375076448
-0.500480403831537	0.437416470161995
-0.179998104332425	0.131640670706691
0.698665323276349	0.501453142020585
-0.0426611967846042	0.024076815879932
1.20299045490496	0.641888668435994
0.645008622730359	0.48920978553834
0.306302339786594	0.249380122497163
-0.196932547276054	0.118351424507355
1.00488607005957	0.583690024582868
0.772032532562094	0.527338464007177
0.834460443087354	0.425692767734498
-0.639303808570113	0.155405266784039
0.623126048257491	0.194216648284533
0.623126048257491	0.194216648284533
0.533877198511536	0.262736190829357
0.0255065317248214	0.0263103436054745
-0.0779509469847762	0.0870300818242363
0.296310114560341	0.356864748330373
0.437180062113963	0.348479105470928
-0.588737998484006	0.22675387575669
0.997741689418776	0.471063603228369
1.38373358136613	0.831527950810364
-0.589216673421053	0.227872967084399
0.98394802826387	0.363984610542907
0.932210207100964	0.245283527884345
0.756454115222154	0.310445711889242
-0.859291095716519	0.467767271643576
0.773295440977686	0.531284681216069
0.0702615333035173	0.0287584354482947
0.625545825050412	0.19581710979278
-1.56352054701536	0.793074882279214
-0.176091478556841	0.071696133520125
-0.844327920129182	0.373336147800985
-0.284810697804214	0.093930912507878
-0.168844718692357	0.068262770115803
0.625409925972999	0.19358581281195
-0.3319575984863	0.249496991620006
-0.0454016040191957	0.0409642074733018
0.233732901374428	0.259980145850702
0.474966301305595	0.729639798944477
-0.168311771257317	0.178278741353358
0.469468494107639	0.680442354744735
0.161127788888404	0.227888125233636
-0.146194061390919	0.199665692071164
0.235219700640137	0.29983705881911
-0.110133186727085	0.110831704097016
-0.0117946114439011	0.0100499988671013
-0.881524257161063	1.31976496944651
0.212259376625712	0.140784150564296
0.711136782020848	0.403509729686404
0.601690990993473	0.65597490176559
-0.0733006814058245	0.0586257949223023
0.20245566616927	0.182746274302589
0.768660274411703	0.518700553645535
0.373986527416329	0.145045781640742
0.456385799803888	0.24638487713823
0.204724615956417	0.166117450838949
0.0705922002028482	0.0319072497862805
0.277348914770415	0.132427065467541
1.49235593058767	1.48355182178656
-0.0275293651390783	0.0160893587731133
0.218477766957703	0.129448211029728
0.456319549634701	0.245879374690356
1.26165112175549	0.537068832662299
0.99512907182497	0.465518702956382
0.609211027437481	0.491226382388227
0.0695416313050537	0.0313872933715511
-0.0441301415346942	0.0364538586632829
0.194930777129716	0.195073720365514
0.0390718519787313	0.0338196717583035
0.272362405312985	0.252265948713929
-0.504305108811114	0.543647366819866
0.656092392698392	0.682522332663001
-0.17711851595728	0.159556556695066
0.204836640550006	0.15834096204979
-0.652251776703151	0.64167054645928
1.4500115778026	1.59914868091965
0.318006158681415	0.137250037498352
0.593081695040041	0.557887361772004
0.413614192159131	0.423444505804614
0.499744672905755	0.534135932658339
0.706180034732272	0.875866932808835
0.343995994083988	0.338389356739199
0.345235206768675	0.33214837856557
0.0383679286629451	0.0277695596541767
-0.449766194110421	0.396240206734948
-0.775487457735187	0.733436424921098
0.123291840911768	0.0965107526184364
-0.118809412798911	0.101935330695192
0.204183927509259	0.167401839418032
0.22808387369187	0.137015106837763
0.709681305181741	0.40216672802555
-1.03838134271172	0.640433169445069
0.705648854907614	0.395791236017297
0.38831207444583	0.243020955964846
-0.152337794220043	0.113109747729804
0.27033516845185	0.262902166535256
-0.13626011844793	0.127809263510568
0.975667666611573	1.24448869874825
-1.21958216906409	1.73058968423805
0.0784252751567883	0.0460895822465351
-0.656201497537846	0.649525183092427
-0.0942483586978088	0.0487434654630802
-2.06369100562326	1.43363117124989
-0.2340877252035	0.164371000199061
0.454391075410623	0.341824822245139
1.16787456201693	0.756463114313288
0.433143911931359	0.423389990664149
-0.016332401672919	0.0120813533238013
-0.0257060856204669	0.0189764731576291
0.201562912071442	0.137044854260591
0.87058266085059	0.783258537674527
0.0813311769947459	0.0457394530621739
-0.19653859055421	0.138982521689398
0.523239098014498	0.256534524891443
0.0724409460491987	0.0353674223408641
0.319374074705409	0.239306803581611
-0.689309657594442	0.557809420812836
0.494017076774971	0.361510706195194
1.00498613917673	0.584769758872767
1.31483277905797	0.956527832782155
0.16307322360636	0.0318815003319474
0.936367330247619	0.245810660023444
0.0791047998989641	0.0289636685525662
-0.778009319790352	0.270609365801523
0.249860076625303	0.129112765722083
0.50449565329284	0.969013715412488
0.293140938407538	0.363399715563244
0.0317859601410261	0.0328313116387479
0.233314578180739	0.314865234944935
-0.177034922458738	0.187790742095982
0.11408896422333	0.0854567746457194
-0.445134369889229	0.386513305997822
-0.168787329802693	0.121965255769645
0.815749513232396	0.631950441816895
-0.0130538518630361	0.00775835714678565
0.20354973315518	0.14538410319507
-0.042273710833071	0.0238195418376023
-0.382715419980664	0.316415080484792
-0.0883618969297927	0.0595816963471417
0.624991076827347	0.667944851421755
-1.27140190908904	1.29951729338033
1.54926591985619	1.01971303832941
0.219478320700724	0.136273593260356
0.0909483266995608	0.0545105753520258
0.478149441565905	0.363341324615164
-0.0448982314645097	0.0252726894134696
-0.782508772810878	0.749284131921608
-0.0546115861401594	0.0387822240955267
0.00220375327026914	0.00179987700565822
-0.44373171492074	0.57250974277212
0.134180512351451	0.159679466831644
0.0170160006461648	0.0174812532173372
0.362971582511508	0.514729795000208
0.201705083074807	0.216835552755949
0.167143380714435	0.188192569021345
-0.517457485979521	0.75931192669147
-0.150666001973259	0.199217299960482
-0.532447857261999	0.894070696789207
-0.126854594370614	0.119590339080591
0.651836804552051	0.994374692241385
-0.357141303931622	0.423241952090047
-0.249426341008709	0.257325894099485
0.557610574134249	0.851168796997571
-0.310536071284447	0.363250812616514
-0.010719114007587	0.0080358629527676
0.899436177018356	1.08244777327218
0.324361366887712	0.24724075252535
0.0647263383868908	0.0537017872749696
0.546651882908765	0.469256050131914
0.399421905330497	0.336422010027148
-0.203582903095359	0.145840171710409
0.564402631353414	0.366490948554911
0.121885100909832	0.089090764587372
0.128613183091178	0.103497740771515
1.39319335483715	1.80568359793297
-0.00798489873419748	0.00484111538839467
0.0277402611063106	0.0186249221015116
0.579137451950989	0.568003179012105
0.404266224576574	0.343850482441242
-0.311270773664443	0.205007024597019
0.39029999666601	0.342282604249876
-0.315710363870392	0.207219819484112
-0.163100271900597	0.101431576901015
0.880889375877288	0.796481578237417
0.0362357510536679	0.0252442853061216
-0.2430946596012	0.19429715284172
0.207935731847415	0.176033757945347
0.638853251863249	0.745830794773291
0.456519004881773	0.346091574699953
0.208506483530702	0.149288224223907
0.0919483794460865	0.0575390679213608
1.57149802762926	1.36374021619488
0.313936447789309	0.234975835907497
1.15608876192162	1.39237980897023
-0.00679598585450853	0.00415006438462808
-0.0849398253991993	0.0571103993631621
-0.0602718605070315	0.0328200615024619
0.41864002165458	0.344491218857946
-0.876741897425883	0.759110922155969
1.08947721562897	1.34414078308358
-0.766741668353369	0.54375395910101
0.694085696814512	0.702660503635434
0.208893456736532	0.171987684591688
-0.862444196497312	0.865799729551345
0.812704350021776	0.763112253586619
-0.312479874951762	0.20407002631723
-0.0129035415164258	0.00775140545002572
-0.481657375398161	0.273919784883226
-0.584281683598739	0.537719490266285
-0.948379276845773	0.953665250489323
0.486569766126304	0.440431998573132
-0.27095394170552	0.184798091162492
0.904048574201573	0.685403745445075
-0.33100814673505	0.247838175399938
0.664687025919712	0.59407769150202
-0.142214017177714	0.0909214933898302
-0.00919841136060545	0.00556404088761948
-0.478930831843748	0.336664284264163
-0.0401725973476039	0.0286523378785493
0.253990453594599	0.130336984456289
1.36036882453643	1.41360516597738
-0.361846869186601	0.22859146325051
-0.482918655588448	0.33533810734761
-0.479838595966428	0.338249764982195
-0.0886936042940306	0.0454405685663083
0.621234666688089	0.274790392555613
-0.48859011944053	0.282255566783139
0.619054201656931	0.377854970805569
0.384769221708022	0.238415238318047
1.77822198684398	0.683613630208253
0.566412401555714	0.472087241557476
0.253908065245356	0.388004943196929
0.174009253059978	0.215073836383524
-0.419945615820612	0.726215930358569
0.0265208870471044	0.0280874433969925
0.292752883658355	0.244481136478271
0.0731502503834905	0.0269786968223666
0.0724496254292697	0.0265954306209212
-2.13756055212771	0.97638926733986
-0.563296889910897	0.29676007990772
0.0824590869389574	0.0270942034629352
0.323754139360655	0.139335987014503
0.211835450364168	0.158146193339795
0.332185360835286	0.243193398734847
0.254860174065063	0.132541678993871
0.616231059156243	0.190557249502947
0.1282575787163	0.0318886336124139
0.277388911779575	0.131527318102224
-0.868767395186373	0.479228135367641
0.0729346750015772	0.0269175186835086
0.0728932895362604	0.0329840687999769
-0.84493105550596	0.37248148502259
0.252205054350125	0.130266527574203
-0.266963066236489	0.210239361815557
0.207349837915012	0.220633279338098
-0.291921351428732	0.339495839170334
0.716628359660571	1.34878987970642
0.909531888825099	1.43578922679984
0.750746938668096	1.0751681408631
0.197777634409424	0.179326320101047
0.395167982191065	0.490505737484179
0.0621241187161184	0.0567776946217526
0.263420452292005	0.290160254979912
-0.245970152621225	0.251414195351244
0.119659701716973	0.090962227779228
0.462680501523518	0.356100684555433
0.203242691055329	0.16517523237274
0.791586914989223	1.17657773258979
0.566420166978107	0.774988112486294
1.56654231995691	2.08642659338143
0.76083359130147	0.309662508031632
0.0831434633023487	0.0274562437249086
0.414949208511648	0.244999864893426
0.342534460357127	0.339037313238996
0.303688596279867	0.247231636007852
0.111632396959948	0.0768138058555075
0.774322106286774	0.530414115005022
0.101230426961354	0.0296586789627306
0.638194304421396	0.483756680820203
-0.101753033793186	0.0482554975653256
1.49226095436183	1.90222549333886
0.912847401141757	0.692043966926683
0.760888290755409	0.723992243644716
0.00153800141803161	0.00099089241049441
0.562009264373427	0.464177657465638
0.937028834551434	0.804712024215802
0.86220194889093	1.04921325629172
-0.879001924184737	0.588571366880484
0.933608753854736	1.03144754221054
0.602915256917806	0.484329576347459
0.63049605505664	0.584558247271623
0.440077412532734	0.351539110740283
0.017241370998241	0.0116723614014394
0.544036927897275	0.467222346046392
1.57251158577535	2.09010296215147
1.16706298603363	0.758370702367583
-0.734856562396154	0.442561836541732
-0.143156317889286	0.063582467312905
0.223014447202574	0.133048413396397
-0.629010183737833	0.401971911181864
0.997981828099477	1.06788623113561
0.0810068335418755	0.0454771132563035
2.25661983224177	2.43552167558876
1.82120866693714	1.45842559849803
-0.486324864038926	0.276635998965653
-0.325741514242309	0.167019683051782
-0.419936449634981	0.254584752563023
0.459747366715039	0.247542494036444
0.673276196386205	0.610362737745618
0.414483065150138	0.241184657139161
0.0624138806436599	0.0282251695069322
0.847648299363312	0.874527795522517
-0.092721972404707	0.0478833685724819
0.381173681859599	0.238425952368608
-0.766420686363295	0.539430329702749
0.364110801867648	0.242185954171819
-0.198945102269768	0.120145853664197
1.26698997561288	0.537947778137258
0.86778606227105	0.54649956011192
-1.1848731043898	0.812510353286056
0.317056481215529	0.137252608182487
0.073351563572141	0.0388390950730384
0.314648414313261	0.134897495950439
0.824845190387026	0.655034234785169
0.220279428635153	0.129498835846876
-0.841103106455917	0.373908345060131
0.0623734140804105	0.0306270376253313
-0.113606066895946	0.0551085555648728
0.31879480099819	0.137096347180832
0.529029799672864	0.263988616341318
0.250238004155072	0.129027039789869
0.231194687872567	0.129428463296005
-0.486373187200832	0.280749442740652
-1.08808454476495	0.441668138489739
2.29878938774905	1.12311268037973
0.14057066912637	0.194159835524063
-0.10036020514669	0.132665477700725
-0.112835097348999	0.145208293543482
0.458931050846541	0.732835032619538
-0.0329587507046888	0.027598436367849
0.362584774586091	0.239204996457627
1.38250027072795	0.821945996226353
2.04998904453602	1.36134568598348
1.0099801123601	0.708449993901037
0.311992031941167	0.13421956797353
-0.113273744474711	0.0548880460687008
0.70732556789304	0.51446098171771
0.118889117972955	0.0928119158117355
2.04981357364221	1.35968551581779
-1.05371159407796	0.530772124745951
-1.24433387988318	0.696663598252566
0.317770688387222	0.137244270339329
1.15908467752535	0.900216232512074
0.624699618879891	0.381427442410972
-0.330708968234772	0.250756636378659
0.355044547370913	0.234402218263058
-0.0804671888705654	0.0412126915750395
0.0571651009299314	0.0428115607059779
-0.218208714742911	0.222417990370165
0.306714318894797	0.45175554126136
0.608855576615901	1.05315869174451
0.108071019018574	0.102467823357105
0.312944584380887	0.35628750343565
-0.348201551514232	0.317869415151208
-0.419397158310618	0.374175667496702
0.206646772837224	0.179073707225156
0.187363150081423	0.187609438492124
0.409741294878783	0.507016754263372
0.420993354821755	0.347539932786452
0.518249563382419	0.253250823311973
0.420411537989482	0.246895749954569
1.06456236902864	1.1036446916816
0.201239446516046	0.182560821692657
1.14975054181016	1.2684460222652
0.480817942229452	0.453535052162899
-0.170786487702493	0.106386514122214
0.593936523978212	0.712391745719267
0.443722835923767	0.354552466633736
0.0261300246244831	0.0175964898968416
0.335068861173741	0.243142025798068
0.476018148219403	0.448670876150008
-0.294913494854732	0.227821833451338
0.464365881134658	0.353591331046093
0.522083675984886	0.466943450259389
0.679166790622567	0.850177329848123
0.36949056553615	0.246488606284556
1.27789426314878	1.06790940693241
0.313012324675257	0.243425498905045
-0.624295693005026	0.520234623220657
0.869768726528323	0.550850853741666
-0.30993812733977	0.205867981110547
-0.681660455492398	0.333424200731368
-0.785971863364723	0.682559565717113
-1.4379063542375	1.39416062740388
1.70909326151591	0.922870384129192
0.234455158815438	0.131752595616444
0.621053950473521	0.28046950031276
0.359979319710101	0.237139918532359
-0.688580448492508	0.560924713325653
0.093854212036461	0.0591221278231593
0.652956833885093	0.502166467978403
0.343492626984487	0.237162711367844
-0.0315120583948192	0.018429166863605
0.623383177870724	0.384130890127359
-0.567961146242358	0.300935990904508
-0.731762601061138	0.434407770203439
-0.0720369651787321	0.0389377633476039
-0.146137927644156	0.0650680981790435
0.710543722968426	0.614875610656798
0.342114480032614	0.238826500927645
0.821935687254569	0.652801405288838
-0.09293443160085	0.0479737926588077
1.23207155752287	1.57256582811357
0.235547629929365	0.140193228683201
0.771457309374895	0.52386477941322
0.624191877039872	0.381341512765297
-0.197255783800287	0.119594502190744
-0.467222533979231	0.198703394805602
-0.0891818123424715	0.0457017072433167
0.0881289224264521	0.0522401112968844
-0.874917348718458	0.755885310636935
0.236642089474479	0.13265443188149
0.819818048515072	0.421529609779242
0.626973217785413	0.38604493979387
-0.685014061663265	0.558190976513362
1.14717708704203	1.02193025212079
0.363696527971745	0.241502557425121
2.05342692504961	1.95073153875942
1.01445868295775	0.710473542380418
0.623958191179798	0.379327608240496
0.0701880914724538	0.0317802484841732
1.15126155744553	1.15846396810149
0.230907598965572	0.299469525622852
0.212137721840238	0.299548361362898
0.76380457347924	0.51022015416278
0.866266301854687	0.543558311168191
-0.0732489593189256	0.039782870242326
0.0173564812203917	0.0106154479701359
-0.790830769633217	0.819383681700664
-0.170616932369269	0.0684860453363767
0.870201054754436	0.545423215212733
1.88893037063151	1.12815353875197
0.404772174412969	0.34271936339543
0.639317522746499	0.595519729539242
-0.272058724490957	0.148563814765506
0.210254853504715	0.129825756367754
0.655954569299283	0.687026022683213
-0.715249833366948	0.698986895831582
-0.167373715429063	0.179532577420599
-0.315477720642241	0.380819298053018
-0.206714104406798	0.245211731492028
-0.141199701829878	0.143796999421396
0.536623687536177	0.782459002276119
0.410132651951896	0.419183854246776
0.131559305478206	0.111657224143099
0.149939959946196	0.137696603360676
0.736580572445606	0.957684271056152
0.310240635243032	0.35329605291514
0.147170805379762	0.148509198580862
0.104551642556441	0.104493299403697
0.311521670015242	0.348713590870403
0.11648230650829	0.0903401340905446
-0.282425507246826	0.263583230069823
0.318448449916977	0.338511415494434
0.201232157371042	0.224786797298806
0.0485378157494003	0.0351353552205008
1.26747887252257	1.22343320982363
0.821693869747635	0.654780364442734
0.939103179679212	1.03742145130472
0.758197537279467	0.727311555592849
0.652742048971001	0.676119008276107
0.347077213336921	0.333707899596623
0.908675016065788	1.09570989274794
1.02406600241914	1.26100970339098
0.316595546395573	0.238878020198576
0.95355736297088	1.1336193145422
1.04459416043923	0.965265134308583
0.907249921325295	0.908361507238526
1.16041869110092	1.28521269351582
0.0263582196621654	0.0177845580704587
-0.521309573838253	0.403481432400039
-0.150936250061933	0.113186216091393
0.429917479136976	0.353792144803708
0.646150015376222	0.492175603901805
0.699692700345597	0.596217785551902
0.288376220676506	0.244642318158782
0.209660327433587	0.138200712708571
0.57047481283471	0.473280033331478
0.937918584301459	0.806101606185317
0.226384746833566	0.133700410526422
-0.423799729541538	0.254536134453011
0.091386926956321	0.0543776870544129
-0.687960445428603	0.552180031174847
0.459129277950041	0.249661405189706
-0.0401078917118791	0.0226176429357188
0.527053396324385	0.261844046300137
-0.320844090220131	0.163035839980288
-0.091005397550648	0.0467622456900881
0.359782503100174	0.237924068762115
0.356922471097104	0.236215749231458
0.776058251860694	0.530309606780402
0.56108685631194	0.363019018655278
-0.0461399405137541	0.0260837423600874
0.563408226410129	0.372004015085563
0.073345544740186	0.0388828776345821
0.906237731568477	0.686344032220613
0.524701774449903	0.261424135640367
-0.878499150363773	0.75571608083216
-0.272123356419987	0.147611943840754
0.117650592975235	0.0840434697252828
-0.312889211715002	0.205523502197398
-0.234711087597939	0.134712531310944
0.364518338572335	0.242701903966996
2.0489996337757	1.35320881874944
-0.732149009002408	0.439095729950184
0.309803647103238	0.131043963058841
-1.18053846823129	0.810657054209505
1.26548451956171	0.542796260351392
-0.867058826250644	0.477775870502144
0.378133475670438	0.235875100047251
0.0690220459803635	0.0283406372769482
1.16633697055236	0.758057578191565
-1.92333615271212	1.73941584716802
0.910260644393409	0.687869962858038
-1.68323163781037	1.28305604382899
0.769113836002298	0.527396760986534
0.701861698925307	0.510709432979263
-0.58667572507615	0.225552031540273
0.823347906353663	0.42603239733205
0.237685358960476	0.133001767281476
-0.637263385383505	0.408111515050537
-0.176196647878592	0.0713606040843986
0.62035659580121	0.280825650264746
0.455058095620116	0.240851272805303
0.404775474027989	0.342089614109326
-0.0936365977723435	0.0485033383995646
0.38027802238313	0.235466776658251
0.427627180408971	0.352953962500882
0.562906320493838	0.46659613067179
0.407277703353738	0.343871285059212
0.71634955116827	0.51251512289921
0.132396579897676	0.106694358902938
0.369333677990525	0.340046749383942
-0.325741887286394	0.265739202875383
0.0883828489931362	0.0530339362336041
0.494665183129572	0.361780259946932
0.434017047641745	0.357263953391742
0.272117229765709	0.250674042652969
-0.0406964940351197	0.0290595850728177
-0.483326363809001	0.51522260142059
-0.254313744070114	0.243445837700183
-0.321308010091632	0.261159183626306
0.0625858477566664	0.0598752670641428
0.410239360473002	0.497903959476124
0.105474462809309	0.103468044670838
-0.138470446465096	0.117214900515789
0.26046263764486	0.264524650151535
0.809289939176661	0.860013683913284
0.829741913725055	0.659068901004529
0.405727823521978	0.345276236698789
-0.420954571393931	0.305241049287931
0.218217857168865	0.152059400356077
0.443998068774257	0.355272688288762
-0.0317340809684527	0.0266073430164191
0.0283353046576111	0.0244209522967622
-0.107403822366641	0.101806470601828
0.585433385596035	0.653279294524482
0.0124344045952136	0.00928065902283663
0.411792059303682	0.431745773146585
0.207293706253695	0.206838394824972
0.710388813182709	0.875147532191094
0.497518963195795	0.457002638630757
0.525104852007357	0.532084100176554
0.299944446281643	0.250166427191708
1.23805424561149	1.41969390360945
1.04503831528072	1.39825181961968
0.606133147411046	0.482820265515143
0.629843064331835	0.386903623423407
0.769473746391698	0.519456731443699
2.31960080086865	1.82801773505835
0.529029799672864	0.263988616341318
0.343374175493845	0.238293269381188
1.31342607299998	0.952350625907046
-0.0261856665798513	0.0191661367033474
0.374104522892199	0.146250600873722
0.252889775172683	0.131285709720146
1.31123211327445	0.944022588999164
0.753571413536895	0.309463972555086
1.44593321430685	1.15681229187571
0.616094822984501	0.27749158985842
-0.465398105703083	0.372194281063097
-1.31264351430863	0.991222050549103
0.0689865725021668	0.0255026192095195
0.0762468842880215	0.0311401320891568
0.279364293485506	0.133091874734042
0.132834683092633	0.0327681675512275
1.14583921973904	1.15085717983855
1.09527896780219	1.34745199065916
0.564260588413946	0.370319736974232
0.107429957698396	0.0757742442027168
0.34452551146411	0.239207780297585
0.620307926277283	0.192629180043662
-0.782421718713389	0.270135277882134
0.993624229971505	0.463343678355411
0.458477401013212	0.247428437781159
0.824152271418213	0.424413963549296
0.318006158681415	0.137250037498352
0.079110060430292	0.0319531510436533
-0.0931473736612072	0.0478174740104382
0.437811754878028	0.349052737764587
-1.02786607692205	0.627141710998525
0.487105277122686	0.35772142570451
-0.0968030597227861	0.0498998782534405
0.100674308760322	0.0294967719119431
-0.387537698572509	0.112635492163704
-0.273967532995293	0.148441356954821
0.754838872081418	0.307715712094555
-2.35474361375508	1.19557220634529
0.521831532758256	0.258403455202201
0.628680837503281	0.384010917155567
1.38197874380778	0.816961935790659
0.702023775359859	0.393961334704417
-0.570412238025908	0.304993202571265
-0.728738904066801	0.430997377329152
-0.32105255530216	0.161504251643193
-0.426368216117507	0.259375850668619
0.253210844558158	0.129949463743877
1.94639802338433	1.71134756151954
0.344948132991651	0.241584221447946
0.365617169295746	0.140212217281164
-1.32029187338272	0.981952358235323
0.468595048633883	0.254218447682668
0.524693291675457	0.259942760347575
0.383454321689889	0.238763727246215
0.0763686484625738	0.0375917948272923
-0.671487940568986	0.494259693199463
0.464019213756717	0.353653801996352
0.555791560148555	1.08923786103622
0.250640550593811	0.319490350840129
0.0971184750679309	0.100343227372452
0.119507254779827	0.128223507297711
-0.113332780514352	0.107089849747713
0.284398224387976	0.249249004901644
0.541606686655849	0.836014523802006
0.337784092820101	0.246486356693505
0.0881123494529107	0.0784934464786531
-0.58124932131591	0.8098030920597
0.479362210997756	0.519033476957812
1.16420545740042	1.80819342896252
0.263862039847235	0.256049921489255
-1.05853823460849	2.00546348534385
-0.147389657210094	0.186554623131838
-0.507152868025859	0.880131298435544
0.222335036865655	0.3283537408148
0.0923648191749602	0.115413247325803
0.923194081764839	1.17904790299783
-0.0977028636981572	0.0773439505235335
0.825710048052452	0.657169511813058
-0.0107353572862384	0.00646495123591067
0.0844010403680809	0.0480243536769942
0.455665769114766	0.245749060132917
0.286460825023956	0.135838447107831
-1.40082096268112	0.881146505282554
0.777622495775064	0.532967519053016
-0.22230744623912	0.0815956844757139
0.0660170917133646	0.0298363514205729
0.906047045041807	0.678675754776335
2.06534553710464	0.890264270171904
0.47273386956828	0.509120416551876
0.270849297157074	0.257733253899001
0.619762203025278	0.883731152044141
0.903631169543982	1.53591912204716
0.0141988053228849	0.00965929063245333
0.213036255515283	0.165545554634018
0.180576006400492	0.232136881236087
0.347691072821872	0.438345048532379
0.445511498133041	0.638658705114574
0.891874648067496	1.18165822793298
0.62197570105732	0.193886107986901
0.0750768367370122	0.0335529951238509
0.981461684140044	0.365427522756322
1.50454401071683	0.731144176225521
1.41820054505868	0.459890984284061
0.622619267673717	0.19534691993008
-0.791040022681655	0.271734915300568
0.980647452713659	0.362963151381075
0.16307322360636	0.0318815003319474
0.0904858053739874	0.029381864379665
-0.119252755076944	0.0576680158269741
-0.35805411700212	0.227768028949587
1.51045187039854	0.727718870410599
-0.282665519660867	0.0929789106960824
-0.780067822171114	0.273115694343224
-1.24715458350741	0.704140949251989
-0.235342518860984	0.136549380694562
-1.07552685580449	1.27570746310119
1.1154737794768	1.76178663831241
0.215329056880988	0.155460047027943
0.33449494088386	0.243136522369246
-0.467222533979231	0.198703394805602
0.159126058171774	0.0311056421910278
0.133925459616961	0.0333863221239572
1.78120407332178	0.684553659991903
1.42595936707127	0.46464634975394
-0.222897563371428	0.0818933593429611
2.06135571412034	0.895223074609355
-0.551856314501724	0.373270499426409
0.44263432555314	0.435351499634323
0.465007396929331	0.163757650783096
-0.0490404954152064	0.0276603561487606
0.213429833826746	0.176077943407345
-0.84481990320661	0.377025193866205
0.101917990904754	0.0298160348051342
0.0819724814771635	0.0270734904071074
-0.284810697804214	0.093930912507878
1.9760405399428	0.493213117693187
0.989149972859528	0.461335955144462
0.878323680238286	0.540319835979035
1.5046946339842	2.29251064087274
2.06401739477547	0.902644344427815
0.6224813462881	0.192778829678731
-1.5592573014063	0.560959739167039
-1.00942386501301	0.730658302551192
0.676815706428075	0.613348939421552
0.776209753714307	0.531752019911073
0.516564693325636	0.46038248536166
0.60372247687726	0.484998693997118
0.134141369892695	0.0329755067389848
-0.871235592887222	0.747226407416713
0.068980612024157	0.0364630588870678
0.290628690289123	0.135483716294762
-0.121697067779357	0.0586658035268033
1.01969633497555	1.82498014849286
-0.0118274331620264	0.0139237726415719
0.224814205502064	0.39446947622131
0.13760955231194	0.179596786582021
-0.327986975806742	0.434296317123277
-0.158781731896402	0.183035061544784
0.068289612136554	0.0658232981445907
0.401870804807688	0.492910149379483
0.648315877672812	0.76071978881545
0.511683587977474	0.77662017713998
0.637640606344774	1.18765823692321
-0.011699190580792	0.010937042438661
0.44798403883945	0.585023747552058
0.0996180652609517	0.117086397384305
0.083836853645762	0.089198439535424
-0.813125617348839	1.80169717765059
-0.411694731541809	0.795879208255745
-0.957290433040893	2.94576436445284
-0.238875437429635	0.368695908932816
0.471540300575417	0.442172372507947
-0.672852794687957	0.705822160906252
0.356270133591022	0.235777390746526
0.688009343453826	0.702696740356263
-1.23957062399781	0.703858738136818
0.825630002289963	0.425030382226869
-0.739665663993434	0.441350715343602
-1.01095773397683	0.737180946702682
-0.139154417395871	0.0619351705550451
0.065145080035691	0.0264940848239696
0.52417533327479	0.259085410430201
0.295234966161816	0.356818613697268
2.06135081217216	0.89997766608553
1.20195548210499	0.634772928972553
1.41886317820118	0.456392471123935
0.937961312100273	0.245882544650772
-0.215643000776201	0.0793338764916521
0.0779747858594981	0.0255358514072203
-0.280170750154363	0.0920114426251746
-1.08808454476495	0.441668138489739
1.77873029868246	0.684469072770882
-1.56324329756038	0.561504402611844
0.527501872334939	0.260695235632194
-0.23775839434895	0.137188037195796
-1.24715458350741	0.704140949251989
1.26743963238372	0.540452730302901
0.978066547555564	0.361016645395885
3.2565918874831	1.1050644302855
-0.133194888692301	0.0858522666536919
0.696479490172852	0.787819884949197
-0.376153876873595	0.418365139204289
0.945218678826991	0.821798441131651
-0.229264060607288	0.15969823908988
0.0861240597616357	0.0283812447522542
-0.217994031175173	0.0801917593504676
0.937014825487275	0.247501391945126
0.612831993113165	0.27267975870281
0.622619267673717	0.19534691993008
0.62869050051782	0.385254944307758
-2.57185252800851	0.693041972437165
-0.24437229568187	0.170667068122996
-1.00607230021115	1.14321242249982
-1.23957062399781	0.703858738136818
0.761992587134117	0.640217167239669
0.29997658008032	0.240650862330508
-0.390609043378598	0.113594128833838
-0.588633041171092	0.228206887041441
1.42270583980072	0.464030812177167
0.980216887401728	0.362749011960844
1.32230569363672	0.947644466407298
0.386955461371485	0.336300967671757
1.78120407332178	0.684553659991903
0.101097367816232	0.0292900508131344
0.133925459616961	0.0333863221239572
4.52324441137521	2.45111128604496
0.319710006197318	0.137231674344697
0.374191823377954	0.145943064220837
0.263981414240632	0.242627774856386
0.163659914308261	0.0319253139355892
-1.17145156110256	1.37739357674142
-0.972725685031505	0.893166631140534
0.242932714025832	0.12465890448974
0.329176978098288	0.540716118707414
0.163591116586571	0.208864505567665
0.197204861100667	0.211381310877401
0.0512689624359087	0.0502048802263697
0.43756398649586	0.513098882301652
0.0419429635282141	0.0409812838805506
-0.0460929006562794	0.0426533790028519
0.0967551387548379	0.0874548729337302
-0.135674492175386	0.134972316526081
0.362175621909582	0.501036501830983
-0.429099942337137	0.525402228421693
-0.0593707266397238	0.0583473039384327
-0.223233365107429	0.29006482093542
0.176144769824489	0.241946171706117
-0.254477371349539	0.369546645193868
0.447058911266628	0.936329349711039
0.108685150144553	0.140532792246251
0.366081827627545	0.337473430232437
0.0538425735178157	0.0401835737935228
-0.524476491375561	0.409289656642572
-0.634443042756006	0.407700739352883
0.0832540407646365	0.0494626102206936
0.710974073849312	0.401067448739739
-0.137649504295041	0.0614860649071884
0.379066758581279	0.14716842867151
0.0803998527152064	0.045667524316633
-0.328430889304576	0.166960064106824
0.630653173239599	0.387352370057598
3.25976913072438	1.09873456934601
1.26548451956171	0.542796260351392
0.979959664940194	0.360274384606939
0.975199871719412	0.360229309149372
-1.16395575317034	0.351212781854335
2.76164585943614	0.804933473584711
0.100542205310562	0.0293103472403775
-2.57196810381088	0.687583434747214
0.256331381911598	0.132865920951383
0.389147095009553	0.244535916018259
-0.843549652094389	0.37619342222366
-1.16523448224525	0.350479641287103
0.36979145085905	0.144079676335978
-1.09777251593518	0.44122320852969
0.073047045816754	0.0389299536765938
-1.08802242860646	0.982608001104399
0.138196530260659	0.118136027714467
0.0941491270177854	0.0590317292159627
0.482158301935439	0.351475669769443
-1.08808454476495	0.441668138489739
-0.58804965889281	0.228034778047064
-1.08528397950011	0.436718249933636
0.755915587810987	0.30653301861756
0.979531088057991	0.362109067513178
0.825728666027757	0.42401385336728
0.133925459616961	0.0333863221239572
-0.793179988763007	0.695021466761173
-0.0666588671578318	0.05261635594227
-0.219944544617823	0.0809556339123812
0.724421765639278	0.797598016658022
-0.1406082137906	0.106365108956479
-1.55825797222393	0.560915030422003
1.42248186635954	0.460999123934144
0.13436303694843	0.0332886519978548
0.0813866108206162	0.0267313970497595
0.449942663176299	0.521570004416945
1.78004190881562	0.684060345345096
-1.8817826341144	0.763169823095747
0.755865674835745	0.310009902242014
1.02244669988228	0.722495756849491
1.0071341530565	0.58930067628041
0.456385799803888	0.24638487713823
0.133925459616961	0.0333863221239572
0.523868701516522	0.364193489508967
-0.0927674078613062	0.0480961987998505
0.613341525727591	0.275607624145917
0.100237328725715	0.0596556880260444
0.224973940700039	0.124328199622396
-0.526268472720759	0.494366124826712
-0.465908659056088	0.373773952134155
-0.0722781812184883	0.0577217319585488
0.0832798597948872	0.0469740465723601
-0.222984848817832	0.0820010323139345
-0.0877900082879145	0.0455536456682598
-0.139249917312068	0.105294362335035
0.90091660178218	1.25563450136071
-0.291095711594396	0.224934507956535
0.367370715043876	0.339275687596876
0.342224541584793	0.249281269005441
-0.237081284973272	0.209900822082659
0.529989899272973	0.758696022846914
0.820969718984239	1.83701949916138
-0.135582219296555	0.165191801336715
0.412659058179654	0.624285799550098
0.367812236789016	0.409752554309327
-0.0861916008202935	0.0674587372886491
0.515105093310995	0.615350476876681
0.669812380887794	0.693940011501946
0.757735483447394	0.818207532466643
0.259154160747849	0.255739495638942
0.214070940598472	0.159215853636574
0.370670070094104	0.244941030402038
-0.232245363993887	0.134849938444041
0.913304946940389	0.690043366641822
0.640382883945961	0.596054466957692
0.0732624209407264	0.0301241896140021
0.335967392679588	0.246265639313382
-0.609114744364827	0.506202030270774
-1.34335827825194	0.616310037678989
0.48695830537748	0.357140860826414
-0.341850916280324	0.287883450973693
-0.592605460802294	0.446217563095676
0.573836698984445	0.477998286336469
-0.143056075861967	0.0635818520906282
0.0660170917133646	0.0298363514205729
-0.489847271125332	0.281424465370615
-0.777905960555516	0.619921807079071
0.468375645145863	0.357624477167566
0.311698726125172	0.245064431967459
0.823525515380346	0.65420551527443
0.492423070492673	0.360349659977499
0.226909717310555	0.135309787122253
0.702023775359859	0.393961334704417
-0.469597715708637	0.200105602686121
-0.137450725616178	0.0612693406304067
0.624283686175287	0.376359784296405
-0.656178174043488	0.474476156492436
-0.66534700201364	0.489314272272675
0.486198365284964	0.4428806768591
0.111740417906724	0.0768970587638246
0.664145513294793	0.587935399856152
-0.213560599897047	0.171497291395724
0.566412401555714	0.472087241557476
0.867812421106737	0.552955863579205
1.0146679695455	0.713186664587645
1.31015611993638	0.94167940552332
0.0785885841471161	0.0316188583005033
0.902399672890449	0.671176642532399
0.346594384062007	0.242454385939143
0.0690866137224392	0.0253900467391085
0.254122002666803	0.132161410526779
0.0862185678668648	0.028348922521292
0.418842393953833	0.339796954532006
-0.00321421676024593	0.00240657598611319
0.148432536740315	0.126790484485835
0.0259203417291796	0.0213306034058644
-0.369557783197275	0.416553555016905
0.545009983429939	0.707484822043378
0.953648493965943	1.50635687280784
-0.127877243768498	0.110487826037409
0.138189411825064	0.110528991193831
0.757377918061405	1.13036269519468
-0.385040168978605	0.400461595733466
-0.547096886742768	0.768626818536906
-0.210755039222972	0.26251879301796
0.332421592862434	0.462450979172686
-0.462361018216591	0.76339802607693
-0.0966799365833591	0.124669488539857
0.0279103445316997	0.0286929427764464
-0.166981897404529	0.181882859882413
-0.690608573178868	0.807289385821089
-0.793674909233348	0.913231389777482
-1.13707811884356	1.41754349344552
0.112510190876415	0.0735472087797353
-0.555567352678243	0.47877534609517
-0.0287024054223098	0.0166570855619014
0.36920550135133	0.341392374360873
1.15108504501748	1.28147981542633
1.56522794575755	1.34057105036434
0.710959133813853	0.39027497616154
1.23965485581466	1.45658756086639
-2.07088674776434	1.42625340374149
-0.466141723326558	0.198320043999154
0.0675838029368044	0.0278232372748504
-1.31665456422494	0.995957739389221
-0.310424262616533	0.20573987232367
0.0774788770821167	0.0256345371130296
-0.885823477636015	0.587769664618319
0.0768904416671585	0.0253241886845593
0.9422232431067	0.818034950544466
0.440077412532734	0.351539110740283
0.874003428471573	0.555722538307909
0.820434239065344	0.42208187424271
-1.75016025887952	0.999236359617015
-0.849134129608869	0.375874028171401
0.70125296970653	0.501052339590934
0.0423886475712632	0.0295808868243607
-0.168653383204529	0.140117542993718
0.444043654342502	0.436176677671815
0.209552962679723	0.144392084858492
0.461159231659729	0.249023810990445
-3.77952094156138	1.50154148909554
0.132834683092633	0.0327681675512275
0.626345845698049	0.27754088573017
1.00633748858037	0.584312802087633
0.9672735050333	0.94101430044355
1.19803613773379	0.633000727166371
0.820626248810041	0.645862545529628
-0.171524978655547	0.124387225240264
-0.364552572320387	0.234338552882078
0.0262686595688812	0.017823500121838
0.468269716625149	0.438470318285785
0.0732488751293303	0.0270631288953272
0.317187319661597	0.137032961183765
0.711224518623223	0.402566101439273
0.987883883622542	0.461985570770376
0.629843064331835	0.386903623423407
0.721760163636914	0.721189956777144
-0.881021373217203	0.585771954211528
1.38611210135517	0.820072770000194
0.622754877518999	0.193758888404047
0.0760364423003858	0.0400354519391209
-0.256039985771302	0.170904569235358
-0.199132027268181	0.120883311558355
0.139442960564479	0.124870801063347
-0.0218757945430001	0.0129756958906912
1.16497079418847	0.757317858281469
0.244408169178177	0.125435981014553
-0.409251566607748	0.290194440926949
0.0770146295657642	0.0428599678781778
-0.238745071534443	0.1667872578837
1.02020423595783	1.18494068987039
0.914354889195884	0.69052310273067
0.942459583161524	0.816885833008642
0.064021788429805	0.0530174078676457
0.248253664317786	0.286296625799616
-0.376207279559225	0.584044066847002
-0.666072331755598	1.09392669530633
0.0926882272741616	0.08854013258888
-0.0957175895379447	0.0839281037773721
0.25889669455782	0.256052332377711
0.154330562584048	0.147703277165572
0.616388626030705	0.734881050146344
0.136616411450017	0.116424045418592
1.49980265999184	1.49449826974535
1.9503568330935	2.58443688729632
-0.323739151014241	0.164125412638592
0.492071133769254	0.357749839715578
-0.327654153686128	0.166464856997233
-0.0475956106732746	0.0266353984225404
-0.764929141304723	0.534697099224648
0.706925992659809	0.398114252832393
0.976055186166466	0.953270042898656
-0.617482091421714	0.514566203898566
0.416431617336997	0.24560201337434
0.610372496700784	0.490723364094075
0.0883872017855718	0.052354546878022
1.00119013385578	0.576458535763691
0.971049144743944	0.942200862932621
-1.60283090909844	1.7712895502718
1.02808637465381	0.844432477964953
0.385844261737911	0.239310671898015
-0.554136972525295	0.475207887467904
0.0313984866162558	0.0219635426360079
0.76222163453602	0.634458165790182
-0.181655883591291	0.0729312584301128
0.228242377014495	0.126719650411559
1.54307721291405	1.01858791278227
1.02002470519188	0.722917455857643
0.341147563328361	0.234918540331439
1.71151359937248	0.926395460293649
0.293872669390114	0.235022179169994
-1.9061717708633	2.17307937252302
0.343497076664467	0.240122862572636
0.00935479684539607	0.00573476733769776
1.6868977968233	1.58433164364369
1.02900323058728	0.854612119179127
0.76844993816495	0.525063325106416
0.470785812215793	0.254565674763093
0.248743304521186	0.129265465755943
1.20063233883561	0.632827222194418
-0.288599129791902	0.0936748478044912
0.765434405712371	0.518661562783288
0.238137189147668	0.133168434361828
0.321444206171853	0.139160939525151
-0.52001987952849	0.529597219054367
-0.677791620643901	0.330621247446234
0.62197570105732	0.193886107986901
-0.223574805971743	0.0822999127273226
1.44320349017847	1.14166474841006
-0.234494066444833	0.134158596548474
0.999933164079133	0.57922139071646
-0.767411386206544	0.608938372701708
-0.111258539087292	0.0538828582091426
0.22463303225948	0.134757454104366
-0.301246245564488	0.281762804183738
-0.0194381593610969	0.018287563129185
-0.213281238774908	0.25067598849405
0.191527225868535	0.237671025439698
0.200451426422336	0.223241713767277
-0.0305385548214035	0.0271348238239074
-0.137400957249522	0.116888119837124
0.341614038001976	0.458390588558311
0.304422667592953	0.247338136617871
0.442360104853506	0.43497302190484
0.0794368369293227	0.0667887461421978
0.372123869224542	0.245421235118224
0.576067230857702	0.560247278111678
0.635612969332632	0.588617118722311
0.69673953651197	0.700555467865714
-0.248706919628237	0.215107156359329
0.531126169027046	0.542941131902231
0.30460860016072	0.245881894555719
-0.0804191018850206	0.053743933844545
-0.654210240704901	0.639681234198329
0.301591995286742	0.244394804694335
0.645868962490856	0.496813919066477
0.0972225122739997	0.0580732924133734
0.715958455001901	0.621544439486148
0.053705699329707	0.0398614207184563
0.567624918521466	0.471932398608859
0.549219849245746	0.472836267659148
0.699122576947286	0.504136740605503
0.0647051846669545	0.026626486289584
0.219221891820132	0.158363769666463
0.770437114143623	0.728352268826793
0.360918175718661	0.239103713998387
0.564402631353414	0.366490948554911
1.53868479869096	1.79886309717456
0.384769221708022	0.238415238318047
-0.871817377657501	0.817505838173104
1.27275686183909	1.07892300371378
-0.707846441278127	0.631644547399638
0.709599488768891	0.401131425550086
-0.666642907978599	0.701359974664075
0.118486051600872	0.0840819337568613
1.38830199747703	0.811672443854051
0.614309163216741	0.489390005891212
0.223462555488652	0.146134758379143
0.411912603720703	0.240335228920344
0.705665123987928	0.512935338988802
0.80871499631374	0.754045428459969
1.37490833503491	0.815240796241337
0.625346875955305	0.384484550740059
0.542833094120578	0.468593420968721
0.106814567346793	0.0701022830675961
-0.708024204907375	0.6394177647
0.576530563728647	0.566026574846505
-0.253647748701738	0.195675752577781
-0.417378770532536	0.374088515210181
0.21858916321926	0.145293909748372
-0.781405062436113	0.619724035495092
-0.57889585150661	0.306512031994576
0.871771096675141	0.785249786654002
0.603006083359518	0.476797600327852
0.0537039933029754	0.0388186098347305
0.55670238618904	0.557109663831017
0.109285076151382	0.0721558852068816
0.144884073301171	0.129211400676853
0.142491745236053	0.137582521467141
0.324103097967549	0.445424850569701
-0.0805705149970175	0.0946980110077683
0.47020022363832	0.606306256334864
0.0190235781096146	0.0151772684745965
0.25135077178283	0.251884854844373
0.572407290593259	0.696315694103898
1.82183971981035	3.12353278466486
0.126571044165523	0.0989734248686999
0.260971058223724	0.276258824206985
-0.007716845610604	0.00470471267480684
0.138444623435808	0.117375672867141
0.208895079299439	0.150774230565801
0.573236833524979	0.561292912240576
0.606869918172235	0.578837446916006
0.810785195125182	0.757370732355141
0.608026384148359	0.662328381338648
0.293093942022944	0.244486454861421
0.512486752768782	0.448417081626639
0.233587644433645	0.131368882759617
0.586596678259909	0.652660538135328
0.441717397613762	0.438830924362351
0.760675815593591	0.630801111504173
0.454002092261077	0.431702981978839
0.612738055513816	0.275203393322681
0.634715096855775	0.385023731913995
1.04216059155211	0.954452623016499
0.0784120660879102	0.041829693695465
-1.18042860695934	1.13654446766521
0.210312258244418	0.131224166962658
0.769113836002298	0.527396760986534
1.49691452962458	1.45873360389488
0.210136605491776	0.144155253187081
0.0939663321510798	0.0531492285598929
0.543656319212828	0.468157548441357
-0.0718612360788978	0.049612703416627
0.210592919632581	0.166502039293198
0.0845094585033182	0.0278486404260499
0.229092524770838	0.136455957845154
0.757562675246376	0.626680471695412
0.211091493822517	0.139877789067813
0.102489386957061	0.0648907231299993
-0.200926441179646	0.143707462178065
0.0874442316244204	0.0520519189451703
-0.538297711118759	0.506108911375055
0.0195488547727055	0.013266943399908
1.44472882347478	1.1436560943797
1.43481601649134	1.11558796958198
1.16142990311329	0.752990208430753
0.823219622185228	0.650689956798031
0.565781508532783	0.372023235030661
0.695782200004066	0.504106751164918
1.15312655310747	0.899979258733579
0.540137396894843	0.463460486283343
0.210973788012802	0.139162643353711
-0.124197373016114	0.0954283165822713
0.338503487673435	0.321118831903021
-0.0685801779864058	0.0556319235662445
-0.552810660287531	0.473408387350141
-0.17841441519981	0.130206532436167
0.214250936579743	0.160703078489391
0.513301872264752	0.455151066745828
0.132866488950012	0.109301433898047
0.5455093467025	0.471322684580099
-0.0216235998548021	0.0182850335520922
0.673149882756243	0.777257256764015
0.0969613573348481	0.0914998721611929
-0.78414984704356	1.57018282257794
-0.348857281971704	0.459900004580613
0.107286986904695	0.142493974936747
0.194195229485446	0.187236001602998
-0.0729771286751225	0.0581752650994742
0.198450819479064	0.162125736564345
-0.107246256097882	0.0837728935395986
-0.0330992039968546	0.0240747669311523
-0.0441700850841087	0.0316038927070736
0.417174113282189	0.436660151608869
0.589870239042929	0.550939682910078
0.438530541597422	0.428425006490843
-0.234665337403469	0.207416827567992
-0.0554406679393847	0.038993043494596
0.0259736936596744	0.0219358847357001
0.724064493127183	0.72090955393256
0.601180000828542	0.478060270430276
0.969912664790739	0.931955367501249
0.100627632041836	0.0631637867800185
0.277565550151815	0.250088436235556
0.869454275486225	0.786106910957454
0.424161813421865	0.350930191095556
0.515674329589294	0.455985750685158
0.456666504220322	0.244058614714769
0.314582094013264	0.325715992731546
0.27392263824244	0.273621868869673
0.128939282506807	0.100231546582847
0.211397606917824	0.145671130568195
0.606777768499117	0.481280878458049
-0.683088038507458	0.556518690316774
0.624958281349428	0.383340788153658
0.561881809299708	0.370394993867441
0.346608196134303	0.240335067192818
0.0178636652472106	0.011619208958431
0.336119116923535	0.330099924087402
0.575364997743641	0.63607040083163
0.277904510159525	0.235856915867497
1.03845504278732	0.860170756325599
-0.45969859493259	0.365755561378252
1.56678956045555	1.3569286460037
0.29822533290582	0.240923486499541
0.20448723047351	0.16800227281887
0.565121017597028	0.371309713708729
0.816465992391731	0.767984090424695
0.658629612918664	0.686400295762311
0.0679532085813264	0.0306970195614157
1.7920074023784	1.78600496138196
0.657540324050061	0.502665764145889
0.617613292544235	0.492691687979258
0.704921541432873	0.39461344645176
0.532480617420041	0.694584804949709
-0.854092355165211	1.1467053009091
0.199945845678848	0.171978680526398
-0.938932423825338	1.40906038234466
0.123519001954025	0.0958708005267509
-0.389056650138269	0.440263014920697
1.17441745277701	1.81155246615505
0.505932359650042	0.540931432087277
-0.741887559285815	0.867564783687191
0.409867485740192	0.513906815500798
0.201096196222304	0.169412362691506
-0.288649500141556	0.333701339471639
0.16838789432542	0.206565756425298
-0.0394760464355329	0.0444535175903534
-0.378390513569917	0.668880706753015
0.160991125989499	0.168542704254965
0.0476750048034439	0.0542005703146961
0.274312551817775	0.254464167660622
0.758725997483961	0.888786251077496
0.327309372444794	0.248285597687069
0.10749387404259	0.103506696953736
-0.543218433415356	0.683482876388339
0.113068359584959	0.113956085065969
0.204629493941958	0.171880290928954
-0.0486771638593377	0.0275191876878558
0.0828628951421316	0.0468710292683738
1.45943534284336	1.59466324019105
1.55133082156933	1.81761689014849
0.222393386923153	0.132182135133408
0.668409369391195	0.599910276841536
0.64632284507915	0.494338816090192
0.26279318522097	0.290089756890275
0.498883281528508	0.844394739402289
-0.569374742680216	0.753360701927123
0.98203196545167	1.25172962097576
0.202941392034509	0.161214375899653
0.757969438620598	0.816111980874054
0.378584214109894	0.23650638121693
0.819713131010109	0.63563512758971
0.517414356170338	0.253419104699008
0.328763111089276	0.236545278708588
0.0681238269233788	0.0310055549511612
-0.904915921147951	1.14850071798606
0.702521721859463	0.510623629922783
0.124971424057144	0.0978099663308989
0.138749138149708	0.126867401877001
0.515718045131103	0.458771405788546
0.272740411051998	0.284262473479672
0.82288231131435	0.42437824958488
1.00487984697894	0.586813431181186
0.456919151145422	0.247438874900957
0.699937766308346	0.511059302229838
0.615996072663699	0.27788426628617
0.758539477298526	0.733228397432227
0.802046961097117	0.851970650907459
0.39640293009465	0.333499059752723
0.228410727262506	0.151206993452259
0.997069063863235	0.470868177372939
0.755186263334919	0.307871765890995
-1.86786454148417	0.766439041194303
0.127606060129718	0.0315885413447163
0.235357288585939	0.130978225223875
0.461042164359947	0.249558050825877
0.209080206015106	0.144220835452272
0.0861549298687843	0.0279661250308999
0.624899495342388	0.194695505334991
-0.283816265891262	0.0940046780297161
0.0697931822821814	0.0255189423289216
-0.78606888648088	0.274941922247046
-0.223487924529932	0.0819864308343905
0.0687204883853475	0.031025783413819
0.980647452713659	0.362963151381075
0.996011864114362	1.06452285417855
0.045559190426956	0.0401500122076672
0.446232066158436	0.583781353351127
0.590610503713898	0.94383592015818
0.111482502895227	0.113997243167955
0.398792862511019	0.428490093805567
0.373278288896279	0.342997076451437
0.751471062568923	0.884894232904748
1.62937565718695	2.02469190032489
0.0755246835180128	0.0399950875428955
0.948632012245795	0.82557762179679
-0.156883088484577	0.116861968704868
-0.415130890182556	0.401640444925924
-0.595080692841348	0.668447340972962
0.137200450355565	0.113247044032821
0.0679075159211878	0.0564925142532771
0.206639607771009	0.168725731704353
0.305954923279245	0.34668649558479
0.124647230046965	0.104550472321054
0.294615090854478	0.244927715259405
0.270664221327481	0.250184861375204
0.0612216684799469	0.0481900369351884
0.657437468659448	0.745538279172238
0.33796370717207	0.321096541520336
-0.00885910225824947	0.00662720720552622
1.01565574735285	1.45333393466461
0.323637608315233	0.339803436791254
0.662827327179679	0.848193174970352
0.386692480003902	0.337517339479768
0.134263169826625	0.107812052439043
0.285447263376883	0.244532256753934
0.620763240272924	0.654109362298016
0.611128459758327	0.484950801784346
-0.143056075861967	0.0635818520906282
0.330893068359702	0.349060597532324
-0.613527492245767	0.630546828995549
-0.411500050495492	0.394423769293341
0.104892143989649	0.0713928383712925
0.775885640217855	0.839795176420473
0.489665809133668	0.440172609922286
0.434508360987512	0.425919956801109
0.43120530576353	0.419461502800421
0.581778771679147	0.485740115640528
0.529654022729013	0.263786460922429
0.215863243168882	0.14935506988695
0.0157592513909967	0.010244415202978
0.204025398024224	0.167626272784174
0.280083410091353	0.24271338800387
-1.0095914716227	1.14747185510349
-0.636435270915364	0.407658698307846
0.455161244955738	0.345680449270656
0.212633767359042	0.141279338638524
0.415091535587948	0.241712872397237
0.514932150518502	0.451352600154943
2.18822440631984	1.57767696824047
0.759945706825787	0.635627887832838
0.643271162806233	0.493522519364778
0.13436303694843	0.0332886519978548
-0.214466273514909	0.0787872059162844
-1.55630384437353	0.796832001762128
1.42595936707127	0.46464634975394
2.84060600259934	1.83235312362542
0.0819810081427174	0.0461962341965177
0.0838269217908602	0.0276906273654729
3.2565918874831	1.1050644302855
0.936367330247619	0.245810660023444
-0.842961909031265	0.375153317583501
0.459149783339874	0.161003582936581
-0.0473149179631483	0.0476710721415674
0.132426320056516	0.15727932513046
0.996608534210493	2.26755675148372
0.454646156852791	0.688651348542203
0.15086830368362	0.156413555664938
-0.0408814961613135	0.0292206154771604
0.218410020145347	0.129755233290165
0.702996247152941	0.514637134182395
-0.0423665801348484	0.0241131141650789
0.342077253357223	0.339074717555193
-0.141430361623835	0.130252208983629
0.14508400170168	0.133384201851598
-0.0891436982279839	0.0854120397722252
-0.0495084982543038	0.0500838899594914
0.0861180222590961	0.0769593983430149
0.720978414561192	0.95371285989582
0.0721995454703977	0.0602009123770653
1.63283463546541	2.0402947455936
-0.00768370523482814	0.00575555511488135
0.202355710381417	0.189201384941235
0.133651163620579	0.115724284744208
0.482220744124348	0.657842328892732
1.05252116282472	1.85737553315466
0.0977936667787558	0.0873813399892354
-0.0812481846334955	0.0717208405001635
0.187465686001548	0.168882500673645
-0.0101772459891372	0.00864820698752644
0.0754093334203435	0.0643888657518541
0.0765370685701721	0.040732278717418
-1.05336701709835	0.531406571242799
0.227307422753125	0.142300705814019
0.310122585912197	0.243904526929885
0.793808408993486	0.926783054522961
0.432918107028629	0.422443061412793
0.292510621499323	0.24469232147906
0.526970061828789	0.617580967881459
0.459170762106904	0.351826885819984
0.967466669230979	0.93516459739291
0.267002327875363	0.245977695568734
0.337010709667408	0.331568947998828
0.354412433396521	0.334860205451943
0.280953270985524	0.132640195280596
0.698462332986691	0.503264979534167
0.0968478107180748	0.0633270448145271
0.876745235851776	1.33665353551368
1.20512165981567	1.80157220324577
-1.34998559368021	1.46134626423879
-0.196078383374681	0.161535348193691
0.581160504577633	0.48251055907706
-0.381883411645278	0.178505118122415
0.103636116049386	0.0655534037338805
1.9475412262239	1.71447566240735
0.911782639911924	0.69026234964082
2.05664663775137	0.887880810297644
0.278024405868376	0.13178413737364
0.45465101329093	0.157556342383991
0.980647452713659	0.362963151381075
0.626705175154963	0.193843349012669
0.937961312100273	0.245882544650772
-0.593218581822449	0.228060659480059
0.931562386845422	0.243619932940969
-0.838074275115695	0.372519564044159
1.77969329044304	0.669939421808711
0.465007396929331	0.163757650783096
0.995721248136698	0.466119360542734
0.915214334043799	0.691582345089177
-0.0192973925854858	0.018084194263009
-0.226315456762406	0.197460755670884
0.0802819545633655	0.0426825268219093
0.861833564500868	1.06207905236972
0.434254701718697	0.600036080875055
0.352007348038402	0.428817574891453
0.0379490971774084	0.037497182899779
0.114832190756217	0.086671037643312
-0.106287017286657	0.0694640029208864
0.124973938350535	0.100426888585398
0.210546102320892	0.219570367662894
0.603012920495767	0.785667195505707
-0.630600339127794	0.708919162116362
-0.000450245594748067	0.000452837399259721
0.359289199699309	0.420914798550167
-0.395770968043045	0.444080291547091
-0.502084478038562	0.605856613398612
-0.0209017014161679	0.0176394870984424
-0.652601362289689	0.779895537410621
1.04073046667307	1.38292629725005
0.285322380022171	0.244493378111402
0.712508306338288	0.402595019855817
-2.57584548566592	0.689261699424094
0.406486350552438	0.34465518611077
-0.324769491120617	0.245710110928218
-0.0772771668946699	0.0533543783087208
-0.10924145119628	0.0844426242658947
0.968895147610527	1.2221775124118
0.470558821720714	0.438488558860219
-0.0652705502909795	0.0355340913877952
0.68077685399607	0.69012056508959
0.56939858925596	0.551129801905697
0.402470780125473	0.515828719442629
0.320322515753621	0.13844913250372
0.384597351672752	0.242456543386623
0.997419235585464	1.07461832024901
0.1994318479628	0.175888144639306
0.359651272278275	0.237057345486258
-0.254472603728879	0.197518722606999
-0.127072892273807	0.0810369146327861
0.121286863706274	0.08248397235043
0.665865324257943	0.597772703777392
0.369280539833824	0.142947659801086
0.948530879444435	0.824609206062215
1.01299775961783	0.705827088531354
0.527143944606697	0.466567881803694
1.14994826014011	0.896544480270081
0.0751383558327577	0.0246146154852915
0.369873070726338	0.144003268924923
1.57084524479364	1.36461905903021
-1.05076025890848	0.522363396655689
0.622619267673717	0.19534691993008
0.975881838815711	0.360865579987949
0.379978091553248	0.146645292218085
-0.21455811602454	0.0783938514120932
0.755865674835745	0.310009902242014
2.04707609222451	1.3496322331143
1.19933412486648	0.636333257228447
0.0826734908480772	0.0864163582060274
0.366625967051464	0.324517074888707
0.252213878493572	0.305026507621533
-0.20480933799931	0.214337530096532
0.0065982025008746	0.00533506454511544
0.45282310228546	0.524657136367763
0.0862041587521895	0.0742421080876147
-0.711962726417333	0.694115988453928
0.387445983318863	0.34925459549821
0.0849272905256416	0.0725864864460455
0.303801319628366	0.342852181358304
0.0169020831945632	0.013441661017669
0.259722450704674	0.282888972968149
0.290682877207785	0.358827467361823
0.0131838865955233	0.0105844489762609
-0.31412730773102	0.336740151303857
0.197206389194032	0.191119541880168
0.204176811274735	0.203583822641666
-0.830600527168217	1.1301125463346
-0.0244932609611507	0.0179638127590168
0.0347013257756294	0.0242670366874246
0.103783055777433	0.0648260088944607
0.46245391975641	0.250039410999663
0.460073700237149	0.352868478549348
1.03412198218099	1.38079018674192
0.0467414190203621	0.0338473414793096
-0.857543033006749	1.04903743271627
0.0604789862356501	0.047740855450998
0.661232881224506	0.903472595185374
0.59064491829228	0.778916644616416
0.678789240630707	0.843755850245034
0.402676843899685	0.432649663922759
-0.450828518560323	0.395498692899941
0.343918355483113	0.240290371245511
-0.387963190559053	0.38207639261007
0.913489221185737	1.10672212865551
0.62034481978946	0.816855698428908
0.374810880283201	0.34462354935773
1.00498613917673	0.584769758872767
1.14733479413955	0.878303779330186
0.907685653998514	0.689366398062836
-0.322511227021236	0.164112493583588
0.320775147641437	0.242752140904808
0.273445397939883	0.259584018415794
0.617337983728828	0.812501346341503
0.0546322641224342	0.0430459165350215
0.116595323787831	0.0848497364266886
0.205338778441848	0.146566139648082
0.271073163710667	0.237075894658776
0.771412701381367	0.52989738135531
-0.485929599544901	0.277131870836509
0.566441705450278	0.372070155222235
0.131769005889867	0.109107904602253
0.118807146747536	0.090099502082575
0.43768512139871	0.34306178464451
1.56556613867205	1.3517581235199
0.604663918615409	0.486921940440642
0.868608147767422	0.542755772291138
0.981461684140044	0.365427522756322
1.77240823783918	0.672603664198795
0.755276977321576	0.307352999453228
2.06330834065533	0.904215395141773
2.05060795715649	1.3771220581389
1.77873029868246	0.684469072770882
-1.09834904415861	0.4413878983024
-1.16590615448339	0.351201143085869
2.29878938774905	1.12311268037973
-0.638650683410332	0.155084261982669
0.622754877518999	0.193758888404047
0.626057398278677	0.194690437073751
1.50386518134589	0.730362174541587
0.0816019891231052	0.0837719750993989
-0.418245686633066	0.434512455504443
-0.579756644621754	0.700219120729759
0.00265646612754232	0.00213726902307085
0.0115410149543989	0.00710234391784499
-0.322123476801842	0.274144571533737
0.0412027044347649	0.0298111541371458
0.0437056085739928	0.037931012829178
0.212073299782752	0.20090131166145
0.121532527733717	0.094772578346276
-0.343789218023434	0.313139627973386
0.135804389993742	0.120859260226902
0.127820918065325	0.0972420773199658
0.261647096503772	0.255555057901669
0.329735971747242	0.353643016411564
0.951690225013988	1.68382263837785
-0.120371646655632	0.112721825168122
-0.0881558035354566	0.0689851715226325
0.319123774248119	0.326793021453714
0.761992587134117	0.640217167239669
0.827227941132473	0.429558706524943
0.215244945102256	0.143239317697887
0.120812828239612	0.0889880770742552
-0.663401950984591	0.489880769489416
0.67545251662833	0.775322552993574
0.627231201876698	0.74868813914343
-0.00904962287174683	0.00770983665633824
0.671481305501002	0.775488594170447
0.264325164709971	0.24944701613315
0.125945588469045	0.0973327795971173
0.206082181742685	0.205447927533001
-0.086575393533015	0.0682745427709569
0.593521489232265	0.737296621738263
1.418951788448	1.72873874656437
1.31418685083361	0.953462145636906
0.651554739697495	0.680606721757691
0.631215281584266	0.586749058042262
0.561437893937712	0.703225350567273
0.284533752285716	0.234402970897977
0.256186453174069	0.132972600409986
-0.44873094990328	0.387728596754254
0.0700893876257104	0.057083846103719
-0.248144459158357	0.191721366670819
0.127700088038408	0.100475183766059
-0.379202233669525	0.340626844488447
-0.117748775255746	0.0777433500616218
-0.270229463708216	0.211722346561696
0.634188456093106	0.590146526121872
0.418255746446717	0.242055430040915
0.11162103964113	0.0792884908321953
0.341948522395686	0.234307435377155
0.0068537488682638	0.00508084512153603
0.63672397380974	0.742481325650628
0.571766638013499	0.560392015690551
1.35497219685904	1.40189869241522
1.5444293832879	1.02921325572808
1.77873029868246	0.684469072770882
1.54065339377532	1.00991903856181
-0.780621338588044	0.27365972431568
0.378392467045764	0.147777492160256
-1.34783394984159	0.619225327990964
0.130809758741575	0.0322137583391735
1.53641901313413	1.01335536489925
1.50613374704386	0.718541490359432
0.198445061536973	0.196004300461937
0.255870384469277	0.278315286658796
0.194572917769282	0.18765645924494
1.10373119773619	1.6356709694585
0.288168774261681	0.252704498354915
0.0527055864005819	0.0414640517963236
-0.479927681786675	0.59007185700376
0.0417533864628457	0.0302666721551912
0.825961994213691	1.12193419414072
-0.719213697622814	1.10983833440967
0.196389257472479	0.217751324709315
0.460335857943489	0.509949049049681
0.401544477774047	0.50391087808136
-0.113677260363976	0.108570422099412
0.615172974518188	0.732489315658097
-0.383746612034362	0.349541964521835
-0.441548641420084	0.518647428220903
-0.191897587186545	0.157908517213227
0.215580680623224	0.150258105878069
-2.06158334388795	1.43094872222419
-0.993335470772094	1.19917932280189
0.350032773349314	0.334416014019354
0.206870541656606	0.191879848450816
0.145528463941664	0.129765244910568
0.471319881508477	0.441959652870527
-0.549269040990836	0.699145257323777
0.200720964563182	0.18293565063454
0.395707270695612	0.422544662467163
0.337723001675519	0.33155969813387
0.30822563177012	0.250277536207576
0.521677349311599	0.611836625603514
-0.149892935403237	0.124818292680866
0.471920587778131	0.442010168306761
0.388760327790041	0.244977126482085
0.424909741039713	0.42602886077578
0.52625445582717	0.528832004871804
0.122003037833933	0.0955664497291772
0.670830396294322	0.605602783507369
0.85532159767966	0.877572967479031
0.34001541068664	0.33584403309859
0.200154870289279	0.18221323869814
0.452222351927583	0.432161632341403
0.121466686082759	0.094897999386465
0.493076392731146	0.447883977154723
-0.413432191502262	0.367203718787676
-0.359491320137466	0.229452888916861
0.968472350402116	0.929112705977086
0.70246453332177	0.510142820058184
0.126808447982832	0.102348870656844
0.142312463487075	0.129123972430396
2.29442873951501	1.11913760335961
0.163198318954765	0.0319050580443516
1.20003034177387	0.637596386975515
0.752983662535768	0.309028918061035
-0.389961680664391	0.114106955582715
0.622619267673717	0.19534691993008
-0.842868068838061	0.372691518604112
-0.283124516934905	0.0937185339860193
-0.780621338588044	0.27365972431568
0.624388721245183	0.19309266257856
0.713136763071095	0.398440800525723
0.465007396929331	0.163757650783096
0.454397555570676	0.360074700953497
0.544840269520538	0.770178088733935
-0.277213717820951	0.336041770948369
0.249058302528667	0.27191501002785
0.638216582418184	1.04263148915354
-0.535421934573585	0.642958046963705
-0.00673128217185396	0.00410019806592398
-0.802371660215174	1.04186075231646
-0.487390093095695	0.561260819995382
0.0578276492500289	0.0444941476620131
-0.708776879736721	0.883828364009147
-0.181290631426274	0.178734749752792
0.00607038963080328	0.00471961870900281
0.197504718971234	0.215537596220316
-0.476875105598352	0.524485775669683
-0.31768131109587	0.318063809321654
-0.182442343243117	0.151148598279272
-1.07054632311149	1.53299822590266
-0.0304165187311835	0.02529635200165
-0.580581327033875	0.614633555148674
0.810550315819194	0.761099517049517
0.824744918952252	0.650676941967124
0.273957992697499	0.129665896260243
-0.108233748595043	0.0823438130257929
0.66836160806858	0.601563113996509
-0.135659568861711	0.0865867018913304
1.25596902928265	2.30294812063748
-0.0945963082019467	0.0747806409683086
0.646968279272787	0.898767172582446
-0.182765978035471	0.162003179623313
0.0202945401241516	0.0158040478511945
0.25689897442515	0.263670451326226
0.133394114780423	0.111006597736748
0.0656990352522377	0.0521140965255181
1.09339861636261	1.34959336645663
0.132511271976209	0.117801084064207
0.336482952802776	0.348935556882289
0.545221324713019	0.544143510385569
0.914294275977253	1.11355066206352
0.670586669419853	0.602534461806523
-0.163415787209122	0.101891782262236
-0.482879470883997	0.274219767525824
0.0618618673795744	0.0252486287537362
-0.556795963683111	0.474495887395477
2.06384726536432	1.95529274873848
0.487233668459148	0.35520611796021
0.0427649630303337	0.0309771272800643
0.0180661695555153	0.011744203968506
0.120063849481706	0.0936397979017653
0.277071687165965	0.248510918775815
1.31548627238012	0.9556735466623
1.2660640649717	0.538984141591235
0.105769244360977	0.0304573870679322
1.1990168207708	0.637710715935114
-0.136306692210295	0.0601551931347459
0.705411164024072	0.393597331325394
0.374605190833351	0.145122430181168
0.097012862349392	0.0282746419971321
0.61739391895516	0.278389945638731
0.0868053659238649	0.0285797585746745
0.462904402283858	0.161321814310871
0.826517569549686	0.42887608950356
0.219959641925677	0.145741727206554
0.283126510612574	0.359686131244915
0.0565022843749032	0.05149354027361
0.394798056394173	0.503157403919542
-0.55527998647672	0.637072667982037
0.651224543526338	0.76065315113593
0.125790235349554	0.0983748484332379
-0.237594803110922	0.247748005330362
0.583591963791172	0.720994161919008
-0.408025163114649	0.478192580924321
-0.0522473892303744	0.0475361298076862
0.473291257738698	0.59457897088912
0.925262519266793	1.69063113637677
-0.102348674149061	0.0796809938080009
0.20533330831967	0.181733795578706
0.541366979715206	0.698796428415978
0.511552074031031	0.611685397428186
0.203620569929581	0.189953793033415
1.48305630173686	2.73379956365322
-0.135334009997336	0.115098338756052
-0.114898118656828	0.0757547933620559
0.0633047026910337	0.0286927046400655
1.47335821068669	2.37113047148898
0.699091707058478	0.851814607426051
0.425047854239515	0.426462287326507
0.958027953519708	1.1369858958717
-0.458572767093527	0.531480441253739
0.361696779810987	0.343067945650956
0.637485692830015	0.908305825389067
0.373592463263462	0.413108131294201
0.788699453556903	1.08584320616054
0.567298047915736	0.713235310185805
0.265604288638451	0.257439985206449
0.212647768792478	0.15242523334779
0.646357216109164	0.664947250469899
0.911344746365665	1.2710262943245
-1.18660017648734	1.76151028807488
-0.515769890440673	0.399674756097309
0.257060298050091	0.133070459664938
0.416279347558152	0.353390293799917
0.0728144952480165	0.0328190054996278
0.461924237545234	0.248887790740416
0.208437215557726	0.150412970254578
0.202811865110317	0.185262842795186
0.16307322360636	0.0318815003319474
0.62326313623548	0.195382080165285
0.369269430529401	0.142474165013982
0.0824590869389574	0.0270942034629352
0.617195059867311	0.276258716786844
0.525331246423691	0.253604112932275
0.135019543462428	0.0331874904235952
0.936662065549594	0.245987967322767
-3.08716456321314	0.953073801543469
0.467835554520711	0.164483539903032
0.995803245844559	0.468949771077173
0.0729346750015772	0.0269175186835086
0.516899033573985	0.358537761738592
1.37446229405185	1.89432548047262
0.0688276188048616	0.0561566329068085
0.0549382053136815	0.0408298885101905
0.217538867008082	0.136011466914878
1.14717859198415	0.885205697924102
0.3844920783474	0.242039282741459
0.0600720831740481	0.0468445305672313
0.457348725338123	0.502216106577047
-0.0459385971252282	0.0417739120413298
0.803801673187089	1.24869014754108
0.204265069311048	0.216064953523873
0.493305869196904	0.597728692552783
0.984257424828909	1.25492379581459
0.763791301739144	0.642235933773056
0.422933541231247	0.422581070372411
0.629446251326261	0.802473213912532
0.021733180190953	0.0185183217124154
0.163222706458608	0.164751755632541
0.0230125692528137	0.0182997362278865
0.792091831602944	1.00444822299838
0.616358313338263	0.811774832339238
0.110883491629317	0.0726701778411574
-0.00963128376700666	0.00820727064656179
-0.184628043259861	0.181092808009685
0.730421008666128	1.0247403928391
-0.42073560856404	0.406985790030217
0.34004725104346	0.322167193356914
1.78156934613135	3.2312761596631
0.0652617349715315	0.0321418673398209
0.653544021843029	0.501953115991083
0.816394181663553	1.01152995088753
-0.911417497249033	1.09799910532376
-0.981701626565315	1.23351585290691
-0.542096456062256	0.748604806107196
0.206906307285337	0.1546491145063
-0.253152459875243	0.220514582757456
0.952482599742991	1.11354614159477
0.204505792159278	0.177159622752485
0.359050985120213	0.339652150498929
0.0131656933017116	0.0105219194225114
0.0314856830649897	0.0220955895848638
0.724844733002235	0.720161473243917
0.244116170322628	0.136180495243331
0.770796435174468	0.523591814839238
-0.634987080156675	0.582985827202572
0.360187357964759	0.240244149680184
-1.18161081530866	0.788756631870565
-0.112535386822694	0.0729221537881899
-0.589771135736435	0.66220566979464
0.62960116470259	0.663217140923161
0.310651591941762	0.323186178765067
0.133487547685943	0.0330756337612284
0.939435318789204	0.246610398890443
-0.638944530069775	0.156134678840522
-0.638944530069775	0.156134678840522
1.77807496671479	0.679218438276244
0.248892019191932	0.129569663323905
0.0762468842880215	0.0311401320891568
0.567038761251005	0.371878504282025
1.26018691402742	0.529517353540739
0.937310940021799	0.247681996839871
0.46511648404163	0.163376575467926
1.20229567768793	0.639652981116402
0.99639558224714	0.469558043528435
0.467980449379951	0.164382558502621
0.37339402759439	0.145575931370138
0.192669947504158	0.226848167391872
0.133634892219106	0.123886449409976
0.424623377038222	0.434760372509348
0.347308472987017	0.243782166322741
0.0840875620011397	0.0501164638251159
0.512520496536829	0.454469884728536
0.864165247556876	1.06943767194227
0.205383981571708	0.177179059889237
0.350026282317123	0.407428582772284
-0.118078887613733	0.103161290427956
0.347607379052141	0.43733503207834
-0.375489892482013	0.311848365046806
-0.0945603605052302	0.0745530899110786
0.322220622896671	0.346754138201438
0.204260207414396	0.19952654488345
-0.0511779981894492	0.0416147879374147
0.689706851781084	1.08176677472044
0.0159328160350408	0.0127486361453497
0.250442203957672	0.25590044974956
0.398830854577317	0.496606399709244
-0.158443408090662	0.147729513010483
0.63771320088478	0.825312495260599
-0.0589713507413446	0.0473197980455773
0.487216865904525	0.581197631145972
1.06309200213202	1.61205720130273
0.843866542827906	1.21610298774933
0.525437921453145	0.363474370148856
0.419995815327668	0.246670734057372
0.300049719098085	0.243337174070253
-0.0405640009743152	0.0288460295788314
0.512748845516827	0.454251425374166
1.05015669216854	1.49732060722066
-0.278226664918242	0.263314862704083
0.44231563327467	0.510750061358856
1.16689178456706	1.813643745776
0.690949002225526	0.861175691563246
0.0569270227942649	0.0437498975662035
0.218736262614835	0.137465073115026
0.0721804792405598	0.0357173790705027
0.478909167599668	0.449005363422747
-0.370321033625201	0.271310069281875
0.233826677084348	0.130835288564366
0.0570467897907516	0.0427827237218418
0.673607437246732	0.774797714095789
0.505447901771366	0.58836841388494
0.0672357679402529	0.0557405804098201
-0.0211419802976341	0.0180418363856514
1.49250848268287	2.24148981913085
0.475093505977918	0.163206926108644
0.0738507851640948	0.0272505991998173
0.623771053802231	0.194253824652275
-1.34735619803472	0.615998685416403
1.88566302639165	1.12009801813232
0.830046799033734	0.426942545622501
0.245389384097785	0.126113307671563
-0.284233923048635	0.0932789184665373
0.939788369692413	0.246515323141127
2.06065694818366	0.902556246962296
1.71143693421663	0.935035578533458
0.202452219484429	0.222197661078094
0.323094345591807	0.337029141161605
0.574636941411065	0.725089730221906
0.346743978070845	0.333875003287452
0.383809925535278	0.240042935897183
-0.777967124784738	0.68812787436895
0.397337638938125	0.246351207437343
0.0857943309089921	0.0532571776748393
0.0169994644305022	0.0139732998475336
0.0310864270802544	0.0256060271757337
-0.442155203434083	0.455177419858499
0.538292909976024	0.465244576755294
0.209749249247154	0.150401790176141
0.494998481292409	0.596983000382555
-0.0815116618248188	0.0639843579283381
-0.0380378221827482	0.0309963186372195
0.622107556179869	0.81401427157248
0.430548785211494	0.486530607526559
-0.34555106244093	0.412383869987149
0.464473953101302	0.514953047289567
0.147507981115243	0.135354437815134
-0.757777495813916	1.02435058457493
0.583763782857472	0.789530284542977
0.790404234616164	1.01081134068386
2.84354946866564	1.81522738335883
0.407638439023342	0.343602160801917
0.493650507376578	0.523985588267854
0.194042289411903	0.174036876537572
0.426090286229978	0.350420797156042
0.343753304890941	0.330150863687853
0.136931475370574	0.122275535601294
0.221737249228428	0.139402146176603
0.205272615069097	0.176634135763814
-0.0152858796293246	0.0114358663074113
-1.24263918884126	1.0781295165083
0.0709550218215535	0.0320856549920411
-0.491912466660968	0.4250293347156
-0.453162715642848	0.394103161320914
0.386022109209672	0.243727427347946
-1.70970450940147	2.2911417725383
-1.31656265768326	1.85495831151425
-0.203016605914494	0.1451673766415
0.29800589925391	0.241313160601583
0.12000089988889	0.0883204162248828
0.422918406302603	0.349723564123576
1.97547028331465	0.493643388518992
3.61854672806477	1.38893852172017
0.136474810645958	0.0335089325437728
2.06065694818366	0.902556246962296
-0.689174887675059	0.334909741769014
0.101786250320483	0.0296355349486725
1.70841942640761	0.921256455939763
-1.35236438094615	0.60118421410965
0.989149972859528	0.461335955144462
1.42380936571803	0.464332625195306
0.325012662981313	0.446516530752055
0.264939315111073	0.292564055988101
1.1478708914956	0.885814770855696
-0.109949929394862	0.0531535979567126
1.17189921945011	0.767339234571801
0.119692334201401	0.0854181894885857
0.271467660581838	0.263906274305608
0.536881231027558	0.613126590929529
0.794605309368938	1.10047126631775
0.49168492615541	0.446822039916736
0.204022301221148	0.172314114914712
0.733211529945477	0.967542574427339
0.219814845698014	0.164941919579386
-0.173045968812687	0.179976316248034
-0.431316149852459	0.472151642424103
-0.38441632068154	0.428449369090642
0.998894795744566	1.54717169621918
0.457339475072419	0.60415703002207
0.256354848064824	0.264642403206928
0.644932463977449	0.98118765315312
1.64577318995455	2.30277987493238
0.214195088242569	0.158650402033389
0.255376610344007	0.263173278810717
0.550686386150768	0.719296066691972
0.0526297693062759	0.039338459364045
0.20256568558636	0.161263695937988
0.37546701287192	0.233197549242387
0.384289815948979	0.343077006989564
0.350816417935316	0.328004142706758
-0.0595380556896648	0.0415603898529982
-0.477428638142018	0.332172420612793
-0.737115095913232	0.442790609860602
-0.517388282780837	0.400703312539726
-0.988770350686752	0.827022594169834
-2.05328962033374	1.41061818460707
-0.264807082189679	0.206822549834441
0.215558288814538	0.170622709360638
-0.899962259252102	1.20296963083534
1.31176859668637	1.72978509292475
0.616591188780644	0.648220324195697
0.76417391804355	0.636001554079807
-0.390672072698808	0.182808903941664
-1.78346459010975	0.415096457236971
0.101917990904754	0.0298160348051342
0.757042298692838	0.308527468469745
0.521727311234235	0.258142158819884
-0.389457563445465	0.113252691370962
-3.08744594535476	0.960811196593325
1.42595936707127	0.46464634975394
0.320934732296339	0.139094817121576
1.42248186635954	0.460999123934144
0.595399103597784	0.562165313308516
0.693077978657087	1.32976541307967
-0.106769201351567	0.107934310288149
0.202692095936709	0.184420436980346
1.78633809293636	2.15200935521153
-0.0921096360130752	0.0478610025583683
1.26197653019126	1.2256576269712
0.398380416168728	0.498087064317673
0.433571507994552	0.485432541152771
-0.169598884380757	0.15317554444653
1.25714071725355	2.31008434925519
-0.0288459121091218	0.0241491158839114
0.11009266210084	0.106430234128629
0.543641170534675	0.62917085540739
0.893777944634083	1.17683054067259
0.795376667657285	1.18422666310333
0.918890372059335	1.61205575482514
0.145157296548577	0.130082250389649
-0.389672589304138	0.410677499659981
0.366613550052836	0.412934150954923
0.230589365193204	0.128776906627772
0.127386718610015	0.102893970100063
0.427588344802357	0.414585130034923
-0.73530271796197	0.819566286395886
0.459780829432003	0.250778218932627
0.0888110244498918	0.0529389829737664
0.487829416080817	0.351649157486666
1.26917630288726	0.540777679389135
-0.78046729859551	0.747833205852045
-0.253109914484066	0.218430510253685
-0.278776389427869	0.239833172214806
0.366245677912012	0.3239510103857
0.352052317391578	0.341435915950972
0.215691861911303	0.142353722876653
0.477217698129616	0.450107759679346
2.29501022404741	1.12081418233569
0.755774456083869	0.30830273213035
3.61777006975253	1.39242507742941
2.98482433049841	2.11270779621472
0.988073469049018	0.360552546881991
-0.636640103102375	0.404725723483902
0.461571269939934	0.249017697662826
0.983512110240855	0.363213938331089
3.25585177993415	1.10585266920525
2.05857142180283	0.893475363865258
0.459727781906658	0.160455256960286
-0.592534427483149	0.229347002712227
0.464318818128795	0.16335416808787
1.78171719375045	0.685418248181854
1.24869140797731	1.19857889968002
0.390875720998941	0.34287883478755
0.361377894775356	0.440987233998119
0.251938659069361	0.262215923512043
0.114271338631535	0.117718237913832
0.273907787005354	0.302797144387051
0.936976508292979	0.799081296120142
-0.230146885608529	0.133446366043466
0.204611171670689	0.17142462539425
0.417547986505452	0.341442098465037
0.428532787037839	0.440152033115657
-0.0591751094648878	0.0464102139104703
-0.152094087623571	0.141247207716263
0.13271235280133	0.114463198010708
0.373134047657524	0.34361962639344
0.127780609924255	0.102860625673699
0.328813536035432	0.337039515191244
0.204022301221148	0.172314114914712
0.301926985128952	0.243551991842453
1.09394099481078	1.34233033837048
0.221169367313025	0.13996065277374
-0.0865097792517538	0.0583485274729339
-0.224078529905759	0.0817498584556515
-0.179573214742029	0.14494356111576
-0.314931680504687	0.20654671966633
0.467385290149388	0.252714651847247
0.36173968006978	0.24146730126081
-0.680673365572207	0.715531370042622
-0.32894397515605	0.249913122883893
-1.36260081600621	1.83693719078219
0.0794421689846716	0.0420985849078333
0.431518273549631	0.338748867300442
0.00848095682707593	0.00520915069912432
-0.0293047253524095	0.017162067620137
0.858876951002371	1.49993541803538
0.409497879770918	0.440779410300867
-0.541245008936505	0.652140813992997
0.664519587789426	0.852960052108845
1.0024144818266	1.90420954165642
-0.167568484270739	0.165557169764217
0.424944261350827	0.518391412138194
0.00550191651604554	0.00406397817668197
0.118106110753232	0.0943163396342793
-0.792462160070391	1.00216380138067
-0.0218204234633752	0.0157774383772973
1.04329324328558	1.68162341331868
0.11916755495535	0.0905737318691175
-0.081377359097289	0.0718495341450661
0.238971314260256	0.277315224937408
0.470610467779936	0.615566937348455
0.147753485505409	0.19443665238329
0.466794742779054	0.516088763437077
0.0831822099872145	0.0472878326219597
-0.852177142861587	0.977818679677448
0.535519277399479	0.45328005708005
0.465310358268868	0.680990893231316
-0.652151018788063	0.91741724009857
0.332572160471491	0.238999379662815
0.852170281947021	0.870330515075988
0.508274727411705	0.687179621965064
0.266279778572282	0.238194063839254
0.21304843199721	0.141110170846683
-0.0436564802521603	0.0248704812585181
1.02799563768435	0.843620065281731
-0.664731395486369	0.489256346558807
0.598791637986454	0.476200332160244
0.41199860997831	0.349448232523993
0.568128877426529	0.471098289616972
1.06694627213381	1.10640325133733
0.0058436341762549	0.0045292935542555
-1.0137511158399	1.39499748575442
-1.08923141279672	0.440851756420907
0.100542205310562	0.0293103472403775
0.695782200004066	0.504106751164918
0.0689411743014921	0.0284215972515579
0.415770324697665	0.245282829198599
-0.793790977085965	0.814033867721245
0.335939518063416	0.245954123251883
0.0747907587821715	0.0399316428145875
0.12224200698616	0.0982109803655295
0.544219130575787	0.641778173111102
0.305956749577087	0.249339283434533
-0.0867903381156912	0.0586286679762834
0.493145680035542	0.45000680226198
0.390875720998941	0.34287883478755
-0.211870808742691	0.189130928155366
0.340125069817737	0.352922021737644
0.123526635864083	0.0968845493150596
-0.308385628984652	0.204330515736221
-0.549533794161543	0.462323853830366
-0.0416819348461675	0.0235764280792583
0.211352916070381	0.168259500617267
0.354139351561154	0.233424696187271
0.21386604584787	0.180273059884541
0.206733317899483	0.169191434447764
0.614335341059243	0.803626763106914
0.120898438591967	0.0909898278146616
0.297110666667331	0.238422884182334
0.395396523748149	0.423009702445528
0.104120950926976	0.068708622745761
0.605994020338094	0.482506258485095
1.19873214023549	0.635525561920682
0.603675675070056	0.573949309176257
0.413053672151007	0.241564070336695
0.0272386614803272	0.0184477434765884
-0.116241639023449	0.0560237449066007
0.211679781945906	0.145574225586491
0.32947489104045	0.318220387059128
0.317633348070609	0.2372508852313
0.221220647706829	0.165491783689514
-0.055674848432042	0.0394203779420291
-0.742513994343841	0.443036055829636
-0.566062156729481	0.300698044062781
-0.0888635108604464	0.0454199833314549
-0.269518222613595	0.183366416401035
-0.236527616145576	0.134473989467117
0.75900320377408	0.636019344319
0.762834784411859	0.820032686299619
0.458160458832073	0.592300795818105
0.853497388670375	0.871274078194958
-1.20409296975744	1.5521018910633
0.622199412929645	0.657125798951785
0.120986075074121	0.0916228202898489
0.240150689616892	0.25370054952494
-0.0756171430594242	0.0500213720443037
-0.108797059149652	0.0922070323517261
0.730697634752635	0.880241662529601
0.205337501823765	0.213255474101632
0.354357456193474	0.42334825102977
1.05613109013102	0.991327699757293
0.0736642689130056	0.0364191861486101
0.316577157280992	0.136703464542968
0.0954783304548587	0.0598211552013558
0.2534247904887	0.129719394920488
0.32381482202082	0.341376350172802
0.107714207523829	0.067649622483449
-1.56245010376956	0.810228431329491
0.869120370787517	0.549132262322028
1.50395400550654	0.724000730214971
0.709933618715361	0.393613275058331
0.618542868355922	0.276767799965094
0.874003428471573	0.555722538307909
0.620628602658934	0.276054118341688
1.16772249366727	0.757862013840223
0.467259169041621	0.164195900844227
2.83826168559675	1.84306696972195
0.622112146922877	0.193722380790939
0.0793500415078759	0.0420140739982715
-2.69946933191328	1.66099905483469
-0.530596689910335	0.499584899785969
0.135947640344056	0.110114823039536
-0.680246734667009	0.332066059109218
-1.42638617111741	1.38761932964422
-0.719672266827935	0.731351665564679
0.0957688983643984	0.0280872494074502
-0.223073545848601	0.0815240861220817
0.621469716638925	0.192291266459957
-0.388186711086283	0.112834812193388
0.982021046962427	0.363053655165164
1.50816326525644	0.734040558131918
0.623913136616253	0.28012882664238
0.247758393434319	0.128155965628199
0.22307898615544	0.133661109956723
0.831242971383761	1.53730432092094
-0.395289335391579	0.428710829733082
-0.0180132491304557	0.0132214198088755
-0.0440787346315734	0.0364635939135317
0.14163335782485	0.132361066351654
0.258536418888368	0.268098050344669
-0.011032320997933	0.0093208906481692
1.04426311188152	1.66546150581943
-0.371255837948669	0.274469872637996
0.417973532139619	0.354019834405262
1.62955923636188	2.01254691534041
0.322860136401171	0.24105117281407
0.213215493459443	0.146338750867962
-0.776190373166928	0.611633597114118
0.811829839849048	0.763585378103593
0.494769586657282	0.454242408578918
0.140796040693029	0.11996206974023
-0.269742757386887	0.211467365618226
0.0662650940033313	0.0298740918517848
1.3106860545503	0.942382939920444
1.15975332008099	1.1626485506153
0.0767095047073909	0.0282502445453201
0.753663132968624	0.309194895580188
-1.17778087304668	0.799246661516754
-0.270411630193662	0.146881299244619
-0.558491968727533	0.478772716030534
-0.0368286602871941	0.0265182179525612
0.827793474063427	0.660212490502121
-0.266955643515979	0.20378752415583
-0.457651220216068	0.402983224546039
0.524025730310491	0.256271671101314
0.698523985610502	0.510436491557201
-0.585058441613823	0.226217027835725
0.829618386265823	0.423548611205513
-0.115289532562038	0.0556556134516473
0.0714800553870425	0.0324229000069652
0.864851208411953	0.540264518790418
0.584635097258025	1.04086268918251
0.779965282751876	1.33516074635185
-0.171337361055621	0.170550191686802
0.200672899445106	0.227409284065302
0.258662368849649	0.296045189783161
-0.477385615708049	0.488039272414313
0.24905443146347	0.282637954381075
0.456288991902315	0.694639203895819
0.410182207208881	0.52667546828653
0.0692370643366324	0.0755095665187298
-0.222885584364433	0.229295505647706
-0.0518424972446219	0.0620787910511253
0.319552571214652	0.424451336522064
0.68952038009926	0.701578108607079
0.0645994337974109	0.0292851041889526
-0.0426672689585976	0.0241896306352262
0.274561054583895	0.129169702868849
1.38152441499461	0.823870185922236
0.10684166419547	0.0666899842901697
-1.13113471851448	0.905083730417473
-0.560612403962966	0.479137320025481
0.364723854368714	0.421392855620115
0.103012617268082	0.10419870738505
0.375528135050477	0.440484579239874
-0.377064153118659	0.334946165802154
0.772271829995036	0.524013226460584
1.30992821471972	0.941466866394877
1.81914188200236	1.46957019386429
0.615396156429384	0.276997870352218
0.386198694417423	0.334811308998576
0.101917990904754	0.0298160348051342
-0.467314615353735	0.372381319271808
-0.057881370778468	0.0467365892014774
1.94426637935432	1.69052676006249
0.94185938537422	1.275691216722
-0.131046367210489	0.0985034143265176
1.19528339639787	0.628002984173446
2.05870771407042	0.899213345938946
1.20437971847725	0.642387146280789
-0.217902073272513	0.0796102772342279
1.71344835799394	0.932376125157504
0.527883268765927	0.367514864554192
0.411167510726133	0.239913337246574
0.405933701898888	0.426357917411126
0.352327936989328	0.618880418347795
0.211220740493756	0.291127336141295
-0.175359319932424	0.21160484597959
0.377952677471211	0.512601176173344
0.271290055915887	0.407510086395983
0.155254632176983	0.211370808934518
0.585146077319984	1.09264628668189
0.100878195496658	0.134804481103056
-0.078782359164786	0.0915630082631536
0.278951572808863	0.465036381293642
0.983569158556531	1.25010821248465
-0.177665278263841	0.257915714689864
0.241896147376694	0.301968514588785
-0.0208370361683962	0.0249037771731826
0.403178708339132	0.604083791918583
0.0312227724265958	0.0396926884185845
0.244149377327227	0.319509011405532
1.95172121080239	2.56943518518638
0.713790953046737	0.402753836474718
-0.178194748428693	0.0721391256483877
0.829337475039409	0.423774854954937
-0.0695580936371027	0.0371907183735897
0.525474362668949	0.257792883622675
0.21161276498421	0.139609310337995
0.515967563133153	0.74597398908749
-0.46472142130211	0.729435298967911
-0.469545490132131	0.691135985683464
0.118118811652497	0.0895246334486931
4.52637808423393	2.46505296250891
0.749820743140374	0.305103989441613
0.467835554520711	0.164483539903032
2.05996242596197	0.902747392217676
-0.378151083567305	0.341278053621645
0.0734259820452331	0.0269021545430357
0.29123926567445	0.249201493248781
0.0948421225848578	0.088987022709778
-1.06203260745441	0.532100418773592
-0.345554488639223	0.291051674159415
-1.20304927337845	1.5355030142688
0.280818289285917	0.133513457363205
0.98394802826387	0.363984610542907
-3.47286901881966	1.23062907931592
0.465007396929331	0.163757650783096
1.41687819534724	0.456619894300455
0.0720165766370592	0.0356328579080914
0.465883338131111	0.252865380149071
0.163174743976776	0.196947487318885
0.209443710394318	0.228775630446839
0.283997608393713	0.361281430983479
-0.0463241084787087	0.0454823132346721
0.0560031959298124	0.052902816774763
0.0465419527280832	0.0470825700306137
-0.462452536174533	0.656409719615531
-0.31186672805554	0.314640920400306
-0.150581342089569	0.182232464717587
-0.108805840140823	0.1278651558049
0.181946838795538	0.263432855374567
0.0768516135240644	0.0904402352077256
0.21366167628074	0.253186436105863
0.172812785576622	0.241960715858283
-0.116173957301862	0.133975257362565
0.48449570208104	0.437441840834609
0.564081502733706	0.369522555158622
0.236642089474479	0.13265443188149
-0.135751352840164	0.0870154554226848
-0.420419313053123	0.253590211061826
-1.43694240683536	1.42722130505346
0.29113415057734	0.331317876894622
-0.266344109140281	0.353670194632859
-0.0287758046282266	0.0288615679965487
0.601607660132182	0.573018749623132
-0.118596327148103	0.0574458143932096
1.781861412626	0.684439683958863
-0.21681870277396	0.0791613581998472
0.320221245039203	0.138814948755662
-0.109838632511622	0.0724668072043767
0.0676716513812154	0.0277115983459661
-0.0710240154785749	0.0695038650861807
-0.876399213178417	0.581745930785643
0.135600019443099	0.112825812579176
-0.49807458946508	0.541963207397932
1.37419967893648	0.811587329058669
1.26548451956171	0.542796260351392
0.0708898011188004	0.0261764793382678
0.314035271085771	0.135385887427251
0.511389051995902	0.75321417704324
0.332744283782205	0.344708468968738
0.467157830448947	0.520236918175891
-0.151684644547153	0.14084178767182
-0.107214667330592	0.108716994427567
-0.665939673489863	1.03145825032382
-0.891674764319767	1.28212739834836
0.395134230144799	0.403010559136984
0.761375615281332	1.06419754340554
0.349289473733598	0.401796337151211
0.12694273030035	0.133510254574136
0.236578734330253	0.279301196279528
0.579760062499644	0.642703087682843
0.418762823500054	0.520590978667476
0.270880181406482	0.418176985659101
-0.312223265952544	0.39437698472622
0.475033074190685	0.595214687898846
-0.117663866682294	0.0762994191287341
0.0672891423262447	0.0535027572807891
0.20659049033931	0.169211717945568
0.0260185593467886	0.0217583520849011
-0.703675357489696	1.0465677327537
-0.340580787194563	0.384054137860722
-0.630913582030378	1.15341135228642
0.206459346590434	0.201878363416874
0.245436408583923	0.126770882699299
0.486439382135934	0.504143553663323
0.0243190626216004	0.0200142279105885
0.640926366803757	0.827308314399787
0.308446961535961	0.319423293397976
-0.123438688977955	0.105793780165628
0.0868579413582111	0.0494234151883957
1.79151264701912	1.8143332036283
0.377126678351936	0.147232023552729
-1.23348135067998	1.04101449347788
0.394817034985448	0.3459442488395
0.565934704976933	0.468777111969211
-0.0892682506968841	0.0463161998963946
-1.03562024415778	0.634432987121663
1.26756816493844	0.542987717651751
-0.0908369097112989	0.0467142619561546
1.17053534546215	0.766397244950294
0.459665507295332	0.250509387227851
0.598529386712036	1.32776458434347
0.722763637811485	1.49640711151799
0.387371443100669	0.501820115337024
0.150347595772629	0.154797920259713
0.474589266862996	0.881677183004605
0.617395964823835	0.983279840040314
0.0118817830701979	0.0096854093471279
0.0995687534996261	0.0947804210962828
-0.035628772647759	0.0333569246447
-0.597477481930564	0.793760792454305
-0.161210846280647	0.157933916454986
-0.438250692857639	0.409951686354563
-0.0250043832897469	0.0180293111399271
-0.235913408039016	0.188391290587277
-0.569602424310929	0.6877871076382
0.679067904161662	0.778295233720407
0.629727274763296	0.582128393562302
0.346542570036565	0.237061307664315
0.0596625871393102	0.0470209827574465
0.205218762460625	0.152631418089475
0.640026983050492	0.596811735257925
0.207978716785602	0.15973660466205
0.366162463270386	0.243221947802223
0.11942067416224	0.0925465490285134
0.387065010206224	0.242933595047498
-1.40323432502163	0.883998356120159
0.905376412546998	0.685394801192416
0.0791047998989641	0.0289636685525662
0.0950858538676768	0.0277514170192314
-0.784821679690783	0.272251756501701
0.0695660868841871	0.0286237648847791
1.50816326525644	0.734040558131918
0.468557085842939	0.164670323898188
0.824305129696114	0.425601218251414
-0.115785622441109	0.116218372341035
-0.132361438476545	0.142106306244806
0.483558324064615	0.696598187881918
0.120653180740196	0.134139725879577
0.166622499725767	0.203649193181439
0.49306610067031	0.830895979744884
0.245364358562292	0.299895564291813
0.509383448011453	0.673740589091059
-0.77173789528049	1.36389007621265
0.577649675190333	0.927508656332193
-0.466354803583729	0.597301064223662
-0.0249872444543908	0.0146515415601956
-0.0530415956857149	0.029982898294745
-0.361695572235262	0.23249481181553
0.409705068532199	0.431347535675983
0.639212455135054	0.991783348607219
0.960755035260719	1.77499933715267
0.781374627695356	1.15227017010417
-0.165776374523435	0.118531277208874
-1.02134831053788	1.42204204701435
0.513136406572654	0.456404462264592
0.638805774913984	0.586013688524034
-0.139849335549331	0.105513107869146
0.101277497188529	0.0665746865386703
0.370875987386603	0.340627191333468
0.978844627562927	0.359432084872755
0.617510971176847	0.192010662028043
0.460924941563241	0.249292506523845
2.04901796151951	1.35313545512737
0.643513070032258	0.495330926650661
0.128703972957949	0.0319889921983585
1.42551433969465	0.464150673012566
1.42380936571803	0.464332625195306
0.818298531177503	0.419110840059967
0.37830771099079	0.147829593240572
1.68136454537883	1.22477933650597
0.0778050222396063	0.0286395572991355
0.0732624209407264	0.0301241896140021
1.01445868295775	0.710473542380418
0.223751595753437	0.166010596176917
0.118513682958317	0.120448271456031
0.088347136993276	0.0913818892221861
0.376732004847762	0.639900667032208
0.173096486132791	0.198789637715748
-0.0306611099265085	0.0303090695770895
0.34971330239882	0.503156147654239
-0.0836525204528428	0.0915508143789968
0.284532950664716	0.349569667622121
0.079866184775185	0.0958672802469249
0.115304783788207	0.123873592328416
0.401486690299995	0.514675816769549
-0.0860350648545019	0.0770678552949446
-0.635409353824718	0.874228245084161
-0.553289246731778	0.69695409786923
-0.168378151406306	0.119677060575392
0.493760374035695	0.44334316166222
-0.152465323154009	0.112863885067928
-0.231503261630473	0.240307444402693
0.130264268222403	0.10726463173931
0.622067040855189	0.990591808147886
0.113631039388152	0.112468905209228
0.0546328320984104	0.050664573023599
0.145290632681551	0.126430597741065
-0.203600965650595	0.184442147489327
0.770554374101335	0.922703058348011
1.08114361692097	1.96673285096546
0.481831679508581	0.671700665033757
0.6505664338327	0.675312208603113
0.389956428196792	0.423888294988742
0.712080571118739	0.617218078013501
0.762098274533164	0.738637200498664
-0.308864479147857	0.262236595547988
0.933855743055702	1.02071287100865
0.330141626801309	0.341185456310431
0.738330789159559	0.820136535443834
1.26961135965542	0.359299866023842
-0.0911736911500182	0.0466937401435504
1.56759647677974	1.36073286184149
0.493959414735964	0.358283106944148
-0.13905259928764	0.0616361464682869
2.19974239094903	1.58594235080006
0.0659518227198053	0.0270850237584361
0.905381593112654	0.678415430867318
0.282250234842118	0.134732300618729
-0.471861364277958	0.200899221696111
-0.474264609065496	0.33080208833845
-0.0534274594181123	0.03003974408113
0.514857465413348	0.352567675690869
-1.19670098509624	1.55772104257953
0.0118138869089085	0.00918458322417869
0.593905382015827	0.878750176932072
0.303017063620899	0.374705760854829
-0.329864877677446	0.41538560429795
0.326278381784986	0.447496091147803
-0.297319126083398	0.398937392041797
0.174915197164431	0.216165874640452
-0.0354069339724005	0.0353101666469777
0.437935536666129	0.671269817137552
1.14949768871699	1.03383697608816
0.730645252048857	0.866515130456238
-0.108895821277667	0.109687802071796
-0.00239940178560275	0.00204748944975301
0.144925549444693	0.151582802121718
0.0657075369391478	0.0536547044897456
0.275288721532761	0.255174289430946
-0.524129513515804	0.729452582523518
0.345554246887088	0.322268362152631
0.622659327214049	0.746631710633911
0.439835344149225	0.433203061706529
-0.229644207637676	0.218736031866588
-0.00154982353138337	0.00117395214485474
0.6221790137457	0.818000661678235
0.148035388380021	0.13605585195936
1.08015858251322	2.18619506977143
-0.170793797330609	0.153341903411292
0.577664957413522	0.724287055404209
-0.57935670637115	0.540164263924526
0.489257340253675	0.515592063715343
0.0883706601699495	0.0891666641628935
1.11076530868918	1.74772531356446
0.606510449075276	0.655852151498101
0.336321959303083	0.339467753716566
0.277813028437058	0.258303139936761
0.406287966658568	0.345279874836808
0.207503562568096	0.16046819979152
0.766149123774777	0.743962855099296
0.665170825197413	0.763615455087419
0.27859410549715	0.245122767824702
0.113549339476083	0.0777156289893618
1.02512255055749	1.19081787393903
0.525315420089609	0.25975101011921
0.828552851438305	0.429269860305914
0.525907382747128	0.368589781894681
0.504491377564174	0.520099353961344
0.217068852727678	0.151251172281567
0.38153989539223	0.240344421214313
-0.0912398066731183	0.047382915411091
0.87266627621909	0.788211092080402
0.106934450455822	0.0700444488426201
-0.781883268731214	0.69227465304477
-0.0165539663326997	0.00982519885315771
-0.529578190249654	0.563119215649612
0.720098042110266	0.793221480185665
-1.04820422455879	1.56832475140994
-0.520972180047512	0.663445504172597
0.324353662413771	0.342215168139057
0.559325697983231	0.917796494393937
0.507046145248874	0.741841140931591
0.0823004623906604	0.086979214425762
-0.293660287654584	0.347528710943006
-0.832237839771126	1.26123282264164
-0.147412159327439	0.146216012690681
-0.366014335292456	0.43653984354217
0.0283432639280341	0.0233356402487865
0.421446711002753	0.347881074852764
0.490046672145369	0.441693199284274
0.215724089502136	0.17246113277185
0.0942964506375116	0.0851744047142619
0.202576974788722	0.21358125521623
-0.0472070722045238	0.0335347913592276
0.646291428479585	0.756474436524143
0.129255786350455	0.106566426343098
0.404228127501604	0.416912058516669
0.611013153045801	0.81584074024729
0.586159648335435	0.572390021949701
0.138608772558349	0.117347708872406
-0.0714873678853084	0.0578881637216535
0.380791975970325	0.340416705734975
0.124887989967745	0.0917654999321083
-0.131099471449122	0.111140098057159
-0.131444390821512	0.0987119896024089
0.214955154986593	0.172319524136176
0.801363428559246	0.937855761517816
-0.0717629967387922	0.0571655405270745
0.202583187218053	0.163824672405346
0.372961773823552	0.332516144430018
0.435624816597049	0.513420151559305
0.197106335690082	0.165555993492457
0.862064779088407	0.890271911165486
1.16557050693467	1.62098246280546
1.16053473528767	1.40846168983278
0.682823384774388	0.695813075992251
0.531357360135856	0.625742284329918
0.668051007370358	0.768941692914685
0.110511452262098	0.0757614066112328
0.315114924920897	0.247135586692043
0.417147889520577	0.339891577590362
1.33857813498167	2.19482333893671
1.30342345804003	1.74466760675947
-0.0988301052714236	0.064535254856601
-0.165047456731005	0.103534047248978
-0.0702158988759577	0.0379486789985761
1.16099236729311	1.39384103942342
0.461199305264889	0.251672473930235
-0.523569421345545	0.408717905055303
0.215830279392446	0.150459247231431
0.224202483220197	0.132616637303215
1.57232676970446	1.36881568802024
0.322260616180465	0.139413835829458
-0.0577496585375563	0.040530650003201
-0.153614938827691	0.0950584421902569
0.216844405366935	0.162303876180205
-0.0110383865958761	0.00824242684876485
0.567558252585588	0.711057197937218
0.350917591493497	0.338484548704932
0.378599476408624	0.348562438198253
0.405331421957553	0.412856910788002
0.141323361876129	0.133361338790305
0.557869038267783	0.698350724402275
-0.143124719206819	0.141241435085072
-0.0338210733078155	0.0245085501719709
0.723990796151225	1.11742269787015
0.687494918869641	0.700770161125222
0.873313047659745	0.787325672379705
0.37445605129562	0.333812306764425
0.0567099495783895	0.0435031025451922
0.436062403215057	0.579645839590821
0.0200646449871018	0.0160893651505145
-0.28889028439239	0.222007818108141
0.0355234707692005	0.0249270633794324
-0.00546367325386541	0.00335991376499226
0.2872782323956	0.243823870325243
0.296206895463328	0.238522683822833
0.205617133476408	0.173370383234487
0.281539957213235	0.253558604750196
-0.0816301866100866	0.064200521454544
0.295022116775629	0.253512847744587
0.334599057853045	0.33818289225863
-0.70806094220635	0.683667637098315
0.199661211347254	0.167333013176624
-0.600046765682033	0.599603874756763
0.97499069223796	1.23555722319556
0.547422514341169	0.473818025254327
-0.524202265227396	0.409527808159282
0.0411348912732413	0.0294980496184306
0.28400476549298	0.243734682677245
0.219773499450159	0.152394333472042
0.216891520773273	0.156782966254058
0.239865993660439	0.13374186243562
0.10312241987545	0.0652059298593491
1.79384756024776	1.80706750889147
0.228923450118007	0.14447494782838
0.39112026877186	0.244564282101372
-0.97356198234124	0.897696047532768
0.0989127940974159	0.0625722886980847
0.905179213224545	0.678523546293879
1.4527875804389	1.61711448873659
-0.203174142320649	0.144780385557241
-1.20937411103544	1.56634508670888
0.0343853251991747	0.0241442260832105
0.531686004178094	0.779105463437041
0.048611804628611	0.0452784141862318
0.135284435636207	0.118065219789979
-0.377887974169751	0.416136859290111
-0.59043467436973	0.750124850715113
-0.118297931713043	0.101206417792923
0.0893006790841261	0.0802992041965801
-0.458375418452076	0.56470817378468
0.707831193638249	1.04247110349237
0.0213360072227696	0.0166124803737108
0.801543843941106	1.36511988127575
0.276511532690893	0.292716259764659
0.457016051928953	0.530846313460322
0.453365419474133	0.435188041831289
0.524649093464547	0.465820325596498
0.664115593574751	0.594596579161681
0.367762972316296	0.33651881496756
0.13529471535044	0.114039210096362
0.601466582359886	0.655449699751958
0.376482732932831	0.345460843630794
0.595848239150834	0.560461022957618
0.212551037675267	0.151604129852113
0.108381344100232	0.110684530641952
0.293111201304356	0.334786238577566
0.488182466620635	0.354871667264285
-0.282358989710048	0.244327880702068
0.495008929878916	0.452342587593306
-0.0494214885418322	0.0344820858005004
0.517941706045373	0.514564621110381
0.131389859629967	0.100281498737306
1.57054562269422	1.36689755802059
0.203879546163663	0.181000920541864
0.555360071373064	0.71297888730122
0.21431378389805	0.141551730061563
-0.0626603774265534	0.0439211062378947
-0.041601768837266	0.0345131296223579
0.205660929117486	0.190904035522118
0.133011926236034	0.109127650626014
0.423996726421413	0.34885489632855
0.839372387316071	0.967108289237581
0.485138750477365	0.351424250217584
0.778650904186409	0.749467996117586
0.62326313623548	0.195382080165285
0.908617495741152	0.684512534780071
0.458748351780445	0.246456596559856
0.981334581311431	0.363606045743479
0.0897732097865361	0.0292727130976203
0.0958893779618936	0.0279651116674016
-0.0417140395358772	0.0234558056675106
0.0958893779618936	0.0279651116674016
2.04689834377871	1.34714003797444
-0.287808767300017	0.348794340980647
0.0438690808174729	0.0465480077064507
0.480312515070634	0.726769609332835
-0.893139159920332	1.82511556465919
-0.197914005221666	0.257929657228923
-0.742325430772217	1.2817142002866
0.0314588537937842	0.0339439588573768
0.073927586316682	0.0851523649050846
0.478318815010035	0.585834783948165
0.213106515164967	0.190185154783647
0.720402953239093	0.713694772203529
1.37606287011161	0.809784862475138
0.998678279686913	1.06907391236869
0.294760046300522	0.246932180809323
0.0798122476649837	0.0258354999870743
0.468700819218951	0.163693269937157
-0.46841372657181	0.199132057531372
0.00913279863723985	0.00563888093987764
0.0906958812627201	0.0535708549691479
0.854915861870211	0.889453809949169
0.200690358666397	0.220143817585326
0.669806151638631	0.765880617731375
0.483630365749921	0.526655842910538
0.266865408075415	0.25231399299201
-0.120015303156535	0.120332754727444
0.764924961980257	1.22740356971122
0.198795682839117	0.209123452425126
0.373314190033674	0.432688965758967
0.340587889741696	0.426393770104413
0.0116227771246503	0.00902837942484772
0.151910811874366	0.155059939607973
0.560782341865285	0.699916923134012
0.960399021729927	1.13390081951557
0.122124815389595	0.0946635954053166
0.244571355502494	0.254612184307181
0.625725362371466	0.384604276725562
0.758593545993464	0.961966956785142
0.256439446088362	0.25931889395674
0.800090035399642	0.939736571337089
1.15981096775248	0.734548796221314
0.981334581311431	0.363606045743479
0.279294439421413	0.131236192272892
0.980775883816089	0.36599399400451
0.0667472603282184	0.0270037063747272
0.467835554520711	0.164483539903032
-1.16590615448339	0.351201143085869
-0.58322581544845	0.302936150342333
0.31879480099819	0.137096347180832
0.203528046158633	0.211342879374166
-0.0654285057636749	0.0719590976686878
-0.0312178094789876	0.0317262950786262
0.173717513377094	0.216764171932996
0.146003182104943	0.191342919652242
0.308463314322138	0.466455389650959
-0.210136320723495	0.292766914815061
0.128155430210468	0.165799171609427
-0.422677918232476	0.791580040047819
0.0936802899559328	0.128127306258384
0.0204936588015598	0.0239982211704284
0.203120458521358	0.266473429135535
-0.0218407907007011	0.0215766716325598
0.417082824755188	0.343464663380782
1.24392557394347	1.46009054362623
-0.172378383438721	0.125340245192591
0.193889535464675	0.175295526969517
-0.200010142747076	0.179505190684756
0.089291267774996	0.0770267929813885
0.526772503979915	0.260772031611633
0.280244576915309	0.133545416851607
0.282437043199721	0.134150004017248
0.864283299127637	0.77586538563759
0.631618101095664	0.385910114291511
1.19787991095733	0.623234559472139
0.0733418474006243	0.032848859042437
0.212358286065488	0.132763578688749
0.414540517247956	0.241045545519963
0.432480654200773	0.606474727122838
-0.0598125365268127	0.0640380537393341
0.12305050047189	0.137179556527626
0.318563071683671	0.435290069872446
0.301975502480222	0.362231472326949
-0.238650151711613	0.211187338115338
-0.348209096544561	0.318721686704361
0.000440065889461371	0.000401137194276911
-0.0150680476859104	0.0142470608880335
-0.0249681481874654	0.0233783404929537
0.316458936939238	0.4521024745845
0.116734286348259	0.125729230472187
0.809060348390357	1.50511650983051
0.102406749646206	0.0968212262615258
0.0962635875619542	0.106319883724843
0.129093430128561	0.155634715957062
0.361923262462604	0.327247618813582
-0.0565899015415669	0.0452809724770749
0.126731006004924	0.140706362124722
0.158969247200341	0.168655426135561
-0.280566847599117	0.266226699539092
0.262576532680898	0.237685896720837
0.0740638703096049	0.0632904912304167
0.203102453519039	0.192080748500376
0.710959889660563	0.39906496171379
0.458899659285293	0.249253525148904
0.561478415700611	0.369267045442907
0.823691937650819	0.424239017471513
-0.779374022118994	0.270566801509696
-0.737115095913232	0.442790609860602
3.2565918874831	1.1050644302855
0.0762372057665764	0.028012713445288
0.481964751600507	0.344554328025539
0.126620333809062	0.0990966371380889
0.209687184297101	0.204518619202569
-0.021014607580281	0.0197512007110503
-0.269972800542439	0.389461709396844
0.152527708429882	0.166176229863571
-0.249042749068452	0.338945345085317
0.217435659629114	0.32804545201947
-0.523293164490084	0.859165711163854
-0.175982704152069	0.276573028276264
-0.0805268329503947	0.0957521747186281
-0.441217951929625	0.793926454496341
0.184405345367642	0.264698138827574
-0.0988236977687611	0.123816819655208
-0.13801615257846	0.148494048374072
0.560202310354929	0.635938638687941
0.0231755419753329	0.0179806984244012
0.100046655880819	0.0632639627085117
0.59204790808115	0.709791209962937
0.318706909027108	0.334877865836978
-0.301478176385797	0.280210415942351
0.0707880249212882	0.0260206083949691
1.77938594611081	0.68549536418416
-0.137682946027381	0.0604638650806725
0.314035271085771	0.135385887427251
0.76716113464107	0.746208509730287
0.808010549073413	0.756857904234895
1.50327542339675	0.72323220136473
0.773096401342479	0.522975722093118
0.873637122795224	0.79582809163538
0.650158168430455	1.06996152329957
-0.00695973100941963	0.00745479578332037
0.44175218798875	0.591356829308091
0.427799476901063	0.680069878323547
0.689054826414569	1.09308074833796
0.267744939503816	0.25922896875302
0.133999304403984	0.116882634782465
0.253064228431059	0.312192172142908
0.220842998200921	0.25623441025976
0.44071136064332	0.667059749378676
0.551557232346776	0.844506147556513
0.239826480615892	0.272836691278987
0.429380456933247	0.675086187281895
0.973442103973344	1.93712368538705
0.514325164714741	0.772848117170457
0.10196306232245	0.0963112056435867
0.940900334130152	1.03436935778138
0.0252608177077358	0.0213176387047437
0.207527577615505	0.229163871173298
0.493428567134663	0.52110665377893
0.304482473367485	0.336484669317905
0.0248910099389094	0.0212211222997076
0.0791543497620633	0.0679432159271281
0.635524462240974	0.586713645074517
-0.139155822146924	0.0613707615573344
1.26617237586217	0.544237689615947
0.621655605023658	0.280433439609125
0.992275779402305	0.462989785445949
0.0501135810979033	0.0462777899242239
0.0890246389695608	0.0964876197273382
-0.173096298289053	0.236116101188093
0.0683036437684119	0.0740564481522426
0.450848108041949	0.777563464827829
0.0222843973819535	0.024861443096773
0.0507440938906076	0.0634896815603904
-0.289522861615239	0.488031326656928
0.124507115870313	0.161659624196264
0.0345704134873418	0.0433445728348839
0.359117130702442	0.683845614985895
0.617422631003085	1.35412817840505
-0.0413940250253887	0.0440186914731779
0.327585570436939	0.337894508200787
-0.190405615829531	0.171743866632896
-0.0357239188367631	0.0207638952515668
1.04816142601586	0.967947680003737
-0.211530701915254	0.171211096082394
-0.387713392008634	0.458191117010096
0.387809602547519	0.347981584218154
0.414930635593807	0.242758450457418
1.19667475401413	0.629468173493748
1.16481216299729	0.761618284346843
-0.489040261825486	0.280677836495722
0.825503506155407	0.772756478998931
0.237880693763996	0.300882086763948
0.150343170400051	0.201071101875615
0.413843916560606	0.611910273421601
0.45431651413603	0.711459738190346
0.203940839494676	0.202619311381293
0.42170962825476	0.511756697418343
0.0944049369563699	0.10230055928404
0.116008679041172	0.112836485406011
0.137792500333547	0.168271701866961
0.131591335260918	0.141983376599807
0.297774052933762	0.449214697972929
0.362830766029455	0.493062168711122
0.251413692579374	0.290550697299432
0.410088545796834	0.506224608428474
0.325998267408582	0.433566282830961
0.793848280545713	1.09930094447851
0.0805307897002081	0.0686338962419514
0.0602821033616878	0.0572621418152279
0.737733783705953	1.29027840714253
0.274924562942949	0.345411508569816
0.0920302486414079	0.0810292594726214
0.992325113575097	1.33634008129769
0.61739391895516	0.278389945638731
1.5128612604096	0.70933016590664
0.459631321335504	0.248278506282288
0.284822601828594	0.340901316739263
0.150511158084914	0.164007555293704
0.163350247339697	0.222534364063932
0.842725397568275	1.63581381421881
-0.225139186504099	0.328462348232076
0.497670732328026	1.01803784667269
-0.015361632628694	0.0174104310166729
0.134151280818783	0.183096371265842
0.0173777730946207	0.0196166918781186
0.132740590937236	0.197574571963895
-0.126999859668678	0.165198026519919
-0.410075770813498	0.629882882248504
-0.114809342305767	0.109421755163109
-0.596350283527727	0.924833960852513
-0.218918321236515	0.195648138073173
1.30288128212029	1.74560554300986
-0.243192359245802	0.169670542715146
0.693507919085333	0.782260746131715
0.0614985149840913	0.0498045228209694
-0.15338059818458	0.128911275094886
-0.136259351993306	0.0601873353802553
-0.381451202605198	0.175766458404028
0.384930972702111	0.146981904920588
-0.497278409548191	0.283088570798509
0.365562166435303	0.34413809571365
0.385020752347748	0.241782177314501
0.515259190643666	0.892966199704073
0.831608877415799	1.60439567643171
0.369547314072488	0.514403302203182
-0.225036698465559	0.264411756914679
0.238523356609121	0.272699860178319
0.145157356985116	0.185737866960731
0.289330421721212	0.420194679709808
0.427905684399173	0.577917569711919
0.567408754788572	0.708806830834344
0.472855153072671	0.58898283167717
0.973728000496017	0.942668881851029
0.304364916112968	0.336066244603962
0.155580877147997	0.155744528827103
0.138858572987065	0.121329077577142
0.426483282177681	0.588078583898095
0.703458649229543	1.1865110419107
0.110488419270566	0.106030292906377
0.257450510928394	0.301511025540178
0.763119615627471	0.978602411007841
0.357890093518243	0.324290581232553
0.483630365749921	0.526655842910538
0.142764026590784	0.135931680209885
0.443358463843352	0.492814939204621
0.617894616730998	0.276749208122004
0.52314171558432	0.257700543743341
0.468557085842939	0.164670323898188
1.71571306509687	0.929773175136468
0.383287854811269	0.571028737746301
0.317529805572822	0.507655455237148
0.664955062172929	1.21092230958187
0.0865211178929861	0.0990240652348514
0.445798926643613	0.81103073301867
0.0992060712178828	0.134265559957193
0.418317062233263	0.704723562927563
-0.0526683021752516	0.0639694821635754
-0.495168996700131	1.04392446665629
-0.263516359663774	0.383880654435452
0.0289106682389311	0.0282284655504819
0.414046413028132	0.575368774550426
0.306484899415328	0.333400125801804
0.654510880393687	0.504072862938129
0.133585188428006	0.102043615584859
-0.388863818091796	0.382096089122471
0.205779896754677	0.177691120163534
0.765670464575391	0.509018024360497
0.521008671870144	0.256691808154335
0.998413455338397	0.470161902017132
0.281519272103082	0.134295404125124
0.345761291666739	0.242082164662577
0.532342841418008	0.54393535973651
0.332509394271111	0.458916156592616
0.190894185530808	0.227647806634978
-0.32508305442256	0.38129579340473
0.169960190162487	0.187314777825904
0.382742946893276	0.552519782933468
0.362547408301869	0.494066447961588
0.963521907383058	2.11830796428982
0.634161725795935	1.05096392964146
0.59560160535436	0.791362525927792
0.392944887037161	0.420947918857176
0.203671354912999	0.171859628291143
0.827227941132473	0.429558706524943
0.86374949138086	1.069425300367
0.41538829042195	0.505033514328797
0.356422455681899	0.43871555127758
0.634340924525678	0.822645878887862
0.20379542398698	0.238924846362874
-0.28720735074613	0.332753779167849
-0.201422441846379	0.224600529465836
-0.331807587485609	0.386399236566238
0.201617869389057	0.174015328761446
0.119061474896335	0.0920473874679012
1.07819885987923	1.81011979256666
0.519276158884117	0.60455172300023
0.992154440305028	0.466602915649268
0.980775883816089	0.36599399400451
1.50522191225853	0.730516957592047
0.544769047607025	0.952134934816206
0.476933465697405	0.804602349757323
0.232122372371658	0.290316339758079
0.067852240794353	0.067890323222831
-0.200579385508423	0.224887524403668
-0.0848802312902274	0.104316471550914
-0.403382854301566	0.635850392762331
-0.0366767575162898	0.0410647529590682
-0.185528222951585	0.210286671459603
-0.364883380221175	0.387285295047132
0.77713600625658	1.00902100208063
0.570073136286483	0.47246784473973
1.77794649316983	2.99633846029529
0.084888005590673	0.0732025718234123
0.570631075139374	0.623744511646012
0.0680123674067163	0.0333454855857441
1.26756816493844	0.542987717651751
0.349768187633071	0.355220774502779
0.38673553021584	0.486994969485584
0.488678583588986	0.664081551438892
0.394371384095651	0.496405928738255
0.384358007921932	0.428942958477131
-1.07999045615629	1.73145922376791
0.130732547706123	0.0994785911865728
0.544148486723565	0.466695448389515
-0.41400134453795	0.370885344406689
0.0528576555831733	0.0406402013371411
0.354339218880387	0.343924979683349
0.294274161253386	0.329772562015931
0.2801724210988	0.278257679078627
0.503786468538938	0.611797053066246
-0.341565977343512	0.408850308471297
0.771030918279966	1.00384800206076
0.669495897776799	0.764685604935514
0.466768195822876	0.772455835906603
0.132574467071839	0.158841108094761
0.165103706672764	0.2158990401139
0.0799298228250969	0.0948620325716604
0.238902999719887	0.293265576278569
0.177913981985686	0.246433247437969
-0.121695671635412	0.151712997440123
-0.25658693299513	0.35374149042049
0.701371413969108	1.12037195533651
-0.186942463050245	0.197362336617721
1.00802423063987	1.45384709999491
0.135950243184474	0.129086258891454
1.44976261541685	1.60600268874738
0.204338129232284	0.226336937268802
-0.423746193402043	0.520244374293173
0.20658140294646	0.219586924024353
0.844834676490659	1.63096926366294
0.628283822406204	0.965800984520094
0.202302791020131	0.195981338527133
0.357420120566174	0.406640305156075
0.27142982445571	0.243982762240427
0.217461079294026	0.142197831111575
0.715003744824103	0.960854284833463
0.570171725340263	0.718455557700129
0.293507833787565	0.249473708339753
0.272632873505812	0.271907611993944
0.212637660834055	0.230780692599616
0.417955960562266	0.430796770769877
0.208516731660699	0.176728633775927
0.464312263486495	0.514867070858246
0.321326310868371	0.460695227752206
0.00329944994993442	0.00321422024982231
0.0683461773280848	0.0772282501410764
-0.0258688559255666	0.0259984227980343
-0.363809160685767	0.520262295889527
0.379709278796476	0.60861443575127
-0.350661449403899	0.503667937699157
0.0428696549115588	0.0433426917685998
0.164999299030381	0.176057662056593
0.304663948351978	0.327728278190541
0.91390319325452	1.28896425894413
0.827842011676406	0.429370920090642
1.50686587768587	0.726722484656385
0.439217440265783	0.509298912342778
-0.33810549786985	0.402643945110459
0.159566099536566	0.172779068767415
0.45455419169088	0.600030920719184
0.197240375309117	0.199390143790342
0.798812623128779	1.10903806995924
0.557243959343218	0.776534218792851
0.670724517118662	1.03076117153742
0.892809814514278	1.34807634039839
0.253625524325402	0.259263605546401
-0.866885759397885	0.876066883789642
-0.361743434888908	0.231964793732026
0.0430456371944478	0.0312521763843339
0.51864268903865	0.522449050908452
0.196887184741522	0.180951997451953
0.136656734289115	0.123932326614394
0.209940627035158	0.187246844406085
-0.79193450867922	1.1031010595928
0.769960143176303	0.915105204666696
0.58035617141098	0.872382011088273
0.475232941870063	0.811809528269534
0.204553837553988	0.248634998648118
0.0390483681524748	0.039680045925918
0.0675134384332377	0.0815613786744124
0.379913067464804	0.57415452619523
0.205598965588449	0.279909227229652
0.298573758233525	0.446920559480615
0.248862878684498	0.355169912216742
0.349408430652936	0.423375507346511
0.252978256119294	0.254520288254719
0.668421922740034	1.24095657284816
1.00919335842146	1.92437752919169
0.164998216637027	0.178577695900473
0.25939418441976	0.298183621319892
0.682424944741844	1.07679952111493
0.115076296442838	0.117898681864307
0.37659713192026	0.425854925245846
0.318819351164388	0.333326170028602
0.672077575361558	0.770175101050408
-0.0266001708563033	0.0156670618966156
-0.350285835874577	0.363658188763695
0.308799702315728	0.343566950597258
0.261710207933026	0.265563734774074
0.300544904040521	0.344391121036723
0.44411970672961	0.438914386265755
1.08321577930575	1.23275444332549
0.0478276300172491	0.0531201823077083
0.369571071995469	0.59695278948287
0.133922421179528	0.169494639890558
0.265472450523572	0.383403546341458
0.446201882381987	0.570133828162556
0.245726173991288	0.30355210899155
0.603083101964167	0.729166135273067
0.3137557801025	0.349344777860661
0.197882491411217	0.234421243446232
-0.00583931343093647	0.00556360932566387
0.200085084069805	0.19848769880509
-0.112582366132507	0.0959022006844028
0.271236792192812	0.257431202602465
1.33988991388753	1.52818839801011
1.14813559032116	0.88792445975732
0.793798115494807	1.01367180529696
0.504313286389264	0.520605983991212
0.837378355618839	1.52022223540528
0.383734062402313	0.488190198766095
0.595184000468	0.862446788766689
0.26558548194354	0.270188206193071
0.37011026187546	0.408769985178067
0.179624472626831	0.243831539126424
0.685178055528717	1.30861914371114
0.170168557165509	0.209460969748968
0.0820813759242445	0.0965948046584272
0.202809465601615	0.273622591776461
0.548516165623568	0.839205607887014
0.599013721976975	0.819093928995554
-0.195345542155662	0.222975331350464
1.62255470850679	3.29253859546097
0.663080215987596	0.931649914094813
-0.414104966536995	0.489661566281927
-0.477660495542296	0.584140997574726
0.298014128224773	0.374532591243263
0.738305116993305	1.04546329405277
0.322773732520586	0.367900149546613
0.291409384975187	0.251096218089307
1.031479056853	0.851763191274015
-0.415071083114998	0.463116599815626
0.49065951854811	0.52744381793844
0.645371728960618	0.837093704556285
0.747804723480677	1.07129943006532
0.573860370239742	0.794788276874596
0.594652021628014	0.809114448014396
0.305353525669048	0.323375034545186
0.442359139619971	0.600847046125551
1.0452772614901	1.78539520388039
0.261710207933026	0.265563734774074
0.363504515192119	0.407059781707084
0.166159126148877	0.211294836262361
0.0293025525214196	0.0315234954388879
0.777390269787374	1.00748805946105
0.106410363995111	0.106530139935688
0.688663359894014	1.02022799616934
0.195005330075003	0.176314171395901
0.0729044922926508	0.0717585356558201
-0.301141274862171	0.326522168539703
0.0973715915040308	0.0901329876618918
0.310801506631832	0.338514883305128
0.132804223960884	0.117832683891743
-0.241202177996049	0.169614201682654
0.0783595833438361	0.0414733358175759
-0.216353243543234	0.174710485457163
0.0548059790549355	0.0422236012534888
-0.0586790221105842	0.0527672235408877
0.474618041487338	0.527180699809943
0.254618531332902	0.275745215546835
0.27729516961066	0.244097427415142
0.260949955436004	0.235829870682732
-0.112044670917533	0.106214520282695
-0.00659319166076647	0.0056691019872172
0.205279188864856	0.179821465079324
0.989411536788555	1.05652586378325
0.212953288524663	0.255594198117015
0.20888638805134	0.235070122432597
0.20224626645618	0.18459519944184
0.550671009056214	0.719561492229485
0.278225590113872	0.257364461643069
0.00210579370083808	0.0015368871348687
-0.494659924354745	0.534142646382104
-0.404104092941886	0.417806650886846
-0.196792618863955	0.205068621240885
-0.850622702368003	1.03377914996159
-0.499034231267482	0.430179190513377
0.31861691251463	0.137580075785141
0.672680891731772	0.605149868742995
0.115329302704236	0.0849219979032177
0.329630806790182	0.339436782002222
0.115598363136452	0.0824270820792211
0.470428358463675	0.524838105311765
-0.420528601889896	0.483659326271411
-0.022708335486791	0.0164281136509962
0.258220691310575	0.260007275701851
0.510340115162618	0.624658507855705
0.655219617199242	0.685282992674725
0.458564801451212	0.440764504189369
0.400237990314985	0.337405171833234
1.30542643124762	1.85160386052502
0.632577661746286	0.732884188903154
0.276414229019263	0.261935613327374
0.162052169213738	0.158859727493449
0.545749642303856	0.755137411491592
0.311147843863781	0.331952660143188
0.196104654029346	0.189701663690633
0.132798696208764	0.122915573386189
-0.117836067086076	0.126410842642804
-0.256517744210271	0.279506547133118
-0.793656110618734	1.16460217737875
1.32644111096608	2.39842014488336
1.48973469386941	2.89766878559775
0.583169461484072	0.711898390877222
-0.043395534898072	0.0247026156718669
-0.53515590516252	0.648669909366039
0.404987905977201	0.411230171318159
-0.235944129375511	0.208092471847133
0.32536140965969	0.343570763967486
0.214283822185789	0.200152320482084
0.257324219973387	0.26628875351101
0.530576806502585	0.700674769402467
-0.173105397949719	0.156957882274727
-0.0473479637129778	0.0426431197700788
0.0359578315187952	0.0311113918917187
0.28034112366839	0.261106238404855
0.136366415603269	0.124165342699269
0.445565724614976	0.439143002333223
-0.608591462579014	0.722227221040054
0.205871651491495	0.190843887951287
0.405435846383152	0.498888651025919
0.771444708135117	0.643269149165294
0.29345856079546	0.260043606789255
0.47616498001275	0.517078748919555
0.0744647612158642	0.0623341576483812
0.667190823873242	0.922001928611314
0.790223296625375	1.09509648197892
0.626399791887545	0.751875616216525
-0.030106558792813	0.0218182765636221
-0.0160904836975529	0.0120242874766892
-0.178388221145623	0.161975313476894
0.790415689169871	1.06898548001694
0.46729671722881	0.579359396330802
0.958150447005764	1.12976101841585
0.326464038861354	0.345092042723846
0.14607212787867	0.13386180815003
-0.0929105340199904	0.0735363987646543
-0.0444093384183869	0.0352906353250836
0.209812444324996	0.138307643151177
0.0263611068517763	0.0221454831147797
0.258825549061954	0.267401052335405
-0.164729184019227	0.135462082512509
-0.426853555324693	0.415971503400845
0.210690817441023	0.166110256587622
0.0261236758681036	0.0168729744687014
0.277088296543135	0.256728801338983
0.386913543047506	0.345266400828869
0.415379776698254	0.351484730561804
0.329530845315797	0.250287418600179
-0.123304897257293	0.0783712218301484
0.975156293295228	0.949977264651253
0.928089619261482	1.19800377744289
1.235815637798	1.45529214499138
0.614279100322068	0.586234640973654
0.11921405136557	0.0873161533415722
0.21000315987298	0.151709809976835
1.06743787402398	1.10646803659994
0.0701258894973549	0.0347751231716306
0.410592201620106	0.240224281635823
-0.573080768283266	0.525967038506375
-0.262759993039809	0.205574508637775
0.874003428471573	0.555722538307909
-0.0289077240183825	0.0209834978898743
0.0923777734382686	0.101918342496675
0.00156749614597628	0.00168193739425125
-1.155422246652	1.96006803367318
0.87133802728744	0.786709122574075
-0.490693628566333	0.467799704908267
0.869714816418699	1.07876859126154
-0.00876574610433009	0.00529676907915531
-0.0728096534127591	0.0501798793688726
0.72031552960156	0.711445509553028
-0.0715885157216834	0.049372222914402
0.103147053923404	0.0668868516080216
-0.478531489302775	0.331850238939772
0.436208178682027	0.341069989176265
0.523130767964269	0.544247346888898
-0.528636291656539	0.568055262608212
0.403041669582657	0.342253781049685
-1.54079658483643	1.34556597389232
0.421543229685064	0.246720068550109
0.333974443490413	0.34428894174821
0.284019062462833	0.264789811960226
0.530253635367113	0.543183474876934
0.299173478888083	0.239783921709729
-0.195493305079188	0.1177027410678
-0.116061836056295	0.0565318577116739
0.0747907587821715	0.0399316428145875
0.287912066880855	0.135481577819823
0.668530114150574	0.600569503292412
-1.04964838609803	1.01185638628599
0.675723602300521	0.606790005388856
-0.23710142179386	0.164588163741984
0.599089934393614	0.643731209386333
0.307654485941591	0.256521596492001
0.40255378461148	0.51371930837801
-0.641970368950745	1.09985129045233
-0.168888810675583	0.181591636200872
-0.121352810033874	0.111569062383807
0.00596617453051367	0.0036936835678653
-0.37786322023275	0.338933904168661
1.03848507717255	1.38893810200489
-0.165857685413404	0.103239891191513
-0.604360603782955	0.605102347301475
0.223547932246732	0.140336078789856
-1.01668518468915	0.745411559900165
0.76875933781237	1.00438855625826
0.876297014931518	0.792497593672742
-0.422505864872347	0.34361397032637
-0.071273288728558	0.0385423366025678
0.0632276987260932	0.0500747163827743
0.00153126882500485	0.00114143982360242
0.688083197202822	0.702172754949243
-0.333916916982321	0.277724342618648
-0.26601165711773	0.181178956693394
0.902754597754755	0.908431439651792
0.458049504164617	0.441703190946533
-0.159576863936716	0.144533968744515
0.0898466604215793	0.0804841077779023
0.219786667587475	0.146750450844893
0.0980297174164527	0.0619252448878932
0.442408803717562	0.347868372637205
-0.0706541967592656	0.0487225001543866
-0.0485246084914961	0.0274857859178742
1.16898811326277	0.763059247637301
0.0762468842880215	0.0311401320891568
-0.839345856011256	0.374428244004784
0.136032867380314	0.0336051051380813
-0.17901970413642	0.0728532485467444
0.0819724814771635	0.0270734904071074
0.324466760812789	0.139800965814163
0.253803282639212	0.13217543817546
0.824152271418213	0.424413963549296
-0.310627794093543	0.204898616521621
-1.75537844355835	0.989217780892739
-2.3520895221529	1.19142887550933
0.524070851318425	0.259481270332205
1.20072647376775	0.637822490018349
-0.146575863747582	0.0652243283097974
0.0890597770662626	0.0289532856538359
0.100674308760322	0.0294967719119431
-0.387537698572509	0.112635492163704
-0.882323606452148	0.587170735563173
-0.389820124723566	0.18275645386278
0.103162041375651	0.0297730754480684
1.01740783100882	0.718397783500762
-0.468294046555813	0.199065033932078
-1.00868640942914	0.737346810836645
0.611848423939082	0.272782137431294
1.26527037832677	0.538718320722548
0.0696879575801437	0.0257387140951234
0.62504766609417	0.274969093430733
-1.40217575399411	0.874865436257113
1.88693779951929	1.13396255607383
-0.591948751244404	0.227812106984222
0.459868627727569	0.161415329046465
0.936662065549594	0.245987967322767
0.0862185678668648	0.028348922521292
1.77669331755714	0.678546997880114
0.774322106286774	0.530414115005022
-0.87074510598565	0.482245210013273
2.44761562690225	2.11685108629194
-0.62286662373851	0.521407515637187
-1.1749499990681	0.791413944488004
-0.068470034165029	0.03700577431104
0.488636647957427	0.744141760667742
0.926833864995171	1.37499153075295
0.21942257387673	0.158682194990766
0.528198462262815	0.262151593184314
-0.184740900164925	0.135289697739713
-0.175152260220344	0.0712054303635601
0.901932785894017	0.67838493127843
0.0795968666344977	0.0448419369739721
1.16989229868714	0.766988342617137
0.232102027034452	0.138275396341386
0.904049741341353	0.672974008773034
-2.32166155048474	1.93299774395214
-0.836297929353151	0.372203399815473
-0.684062078169527	0.762026765374205
0.126752316172168	0.101049259150065
0.567302750071883	0.372578742998826
0.0722854912439114	0.0324762355850805
0.61343604754571	0.274681281469178
0.325052278257137	0.33990651210514
0.0856957774575849	0.0793613710735707
-0.45029711363041	0.55513402905769
0.264761829018019	0.252832072798497
-0.0905823338284297	0.0470851703879018
-0.588529738058223	0.227427413678833
-2.13772261732107	0.979833957967466
0.319869012050778	0.137319855177847
0.253094062334326	0.130461427701111
0.0749369475930201	0.027667789793538
0.62326313623548	0.195382080165285
0.0933559819458141	0.0299378381879535
-0.639303808570113	0.155405266784039
-0.282548617323577	0.0934288649662158
0.983512110240855	0.363213938331089
1.50804178234093	0.728388309702657
-1.22495123400525	1.34420774306995
0.337744241589363	0.523997005295012
1.70779331082619	0.923808110385154
0.463698800798784	0.355866129974556
-0.372194629808236	0.273673467491148
0.315727541105804	0.136457985534746
0.829263860347646	0.428286747143892
-0.0959497894935734	0.0495533071926644
0.276616433842932	0.131989555007325
-0.457610074469038	0.189672658746111
0.0773087476816271	0.0285285176364431
-0.387537698572509	0.112635492163704
-0.786627771418967	0.273542517139253
0.400000803666633	0.339578882088876
0.439851048775221	0.345207693657086
-0.987788075759579	0.82401458236955
-1.24342322866106	0.708596444931798
0.377041313631491	0.147334365665277
1.50386518134589	0.730362174541587
0.613932498272578	1.2445023165887
-0.0821732470828919	0.0910130557445502
1.26743963238372	0.540452730302901
-0.842961909031265	0.375153317583501
0.376048733616703	0.146429393060021
0.991484722661662	0.465309828800261
0.0855375092670015	0.0281508086620049
-0.023467557073656	0.0169079487976091
0.46489631380229	0.162505252822639
0.738337931060056	0.894152374197073
1.78171719375045	0.685418248181854
0.374104522892199	0.146250600873722
0.464318818128795	0.16335416808787
0.372208285446924	0.144222923358372
-1.87533985700744	0.771516887980316
-0.570948332732372	0.30351010073389
0.0698470329064431	0.0340606855614788
0.597898585842995	0.957814902307431
0.282981716610713	0.134943610422084
0.0909418174601781	0.0294440870174115
0.533877198511536	0.262736190829357
0.0682086836428352	0.0280810769577729
0.999006024693506	0.466920371490985
-0.283816265891262	0.0940046780297161
-0.842961909031265	0.375153317583501
-0.283240759595836	0.0937144526238611
0.275817792876356	0.129746128372889
-0.390970925105678	0.113585794693815
-1.08923141279672	0.440851756420907
-0.271499549277253	0.186171006677539
-0.236521120614611	0.188768414879275
0.208506483530702	0.149288224223907
-0.390970925105678	0.113585794693815
0.991161612375053	0.460507165987664
1.38081552210439	0.824232677112136
-0.00507687738457727	0.00434317262969618
-0.681457614952445	0.333037669649154
0.101361210294962	0.029653942309968
-1.34288976447951	0.614114746971278
-1.08808454476495	0.441668138489739
-0.681573678845061	0.332804888868376
0.645306876513018	0.497103125559283
1.26759519101268	0.534219174150947
0.676770430520947	0.681171850074831
0.529758049509103	0.264080569210415
-0.227980864211145	0.082795188699707
1.26743963238372	0.540452730302901
0.163659914308261	0.0319253139355892
0.831465929855641	0.428543398561313
0.623126048257491	0.194216648284533
0.463219459462719	0.249901140310542
0.636956005836028	0.922879248594607
1.26617237586217	0.544237689615947
0.427938625260665	0.247858048217125
0.13436303694843	0.0332886519978548
-1.34230899665532	0.613420184707873
1.77887649352479	0.684635676036224
0.370465354342482	0.144289627041669
0.09520767585846	0.0278096122609245
0.136032867380314	0.0336051051380813
-0.787544537614337	0.270194572827944
1.42270583980072	0.464030812177167
0.826694160536035	0.664591096571995
0.273832037648183	0.251121621741184
-0.327931294346695	0.166741886357524
1.77756779398868	0.678378627324389
-3.4724489022409	1.23315077833711
0.472040861872733	0.163495349723538
0.582483544140835	0.572242611906544
0.258949041374808	0.253772152688568
0.0476516516621147	0.0412618509245416
0.101361210294962	0.029653942309968
0.135590585919605	0.0332948985203807
0.134141369892695	0.0329755067389848
-0.639596283054735	0.156460136265019
0.128051098867474	0.0316879701950879
0.23834346046676	0.133368038798868
0.375371937183409	0.146537881804372
0.00280334452882809	0.00178299371048443
1.26975493617444	0.545870640727711
0.466385376572857	0.162040629919775
0.99639558224714	0.469558043528435
0.980216887401728	0.362749011960844
-1.86996773031939	0.769222955735338
0.0769775277398666	0.0313860915282956
1.20377570585964	0.641567406860707
-1.87122735341729	0.772931215282389
-0.283816265891262	0.0940046780297161
1.89128216644991	1.14658335365811
-0.425707178685281	0.258761098124122
1.0470813390772	0.978403122415213
-1.05455277689063	0.530967260724477
0.760123976929143	0.309432958586382
0.317056481215529	0.137252608182487
0.270993021496397	0.127435734011193
1.27338433366604	0.541781692948465
-2.13196960458349	0.984856774662777
2.30009196731425	1.12186286336497
0.754158908243701	0.307549234515271
0.31695705897609	0.137107793098675
0.647823845343514	0.496532150657578
0.717245803457578	0.402143773969888
0.824918026386795	0.425420350735163
0.288464452243836	0.13606743530858
-0.56340040193925	0.296424764046717
0.562351756825644	0.366072975241347
-1.23721914761125	0.695655727906681
-0.132050544389724	0.0581024725484913
-0.390466134450405	0.114207620517753
0.6674185451733	0.596225849063911
-0.521962446865805	0.408267654652607
0.2299786188842	0.137721208982507
0.625211791472358	0.278447668191636
0.318512189615892	0.137436683570048
0.987208394208625	1.33423093329032
-0.68664858602839	0.335752020175109
0.0838269217908602	0.0276906273654729
1.21457690357393	0.624089617163102
1.38373358136613	0.831527950810364
0.708156987517014	0.398245349529214
-1.55827146507443	0.800664919137366
0.826517569549686	0.42887608950356
3.90414138502333	1.67239362430953
0.991515768585571	0.461987203044548
0.128703972957949	0.0319889921983585
0.0729346750015772	0.0269175186835086
0.626057398278677	0.194690437073751
1.7810590229939	0.680897698501377
0.256074653728542	0.132638014421997
0.346789311478808	0.242951714528297
0.0736369275090234	0.027210195538483
1.77756779398868	0.678378627324389
0.198315286353335	0.169749550419101
-0.77731550474039	0.270283019147446
2.67994582792057	1.56302657250552
1.50454401071683	0.731144176225521
1.00696288534038	0.580100534684568
-0.283816265891262	0.0940046780297161
1.38725924931703	0.82177639406524
1.50816326525644	0.734040558131918
0.366871336983506	0.432780998210597
0.338642081429864	0.342226703262949
1.26975493617444	0.545870640727711
1.97790917110466	0.492162248022775
1.56763355581681	1.35285567890577
2.29719712712849	1.11365885688804
0.0756393472684119	0.0278486743977225
0.992867904407715	0.467211941781042
0.709515449506719	0.40033905810195
0.282343869711893	0.134684696258411
0.318512189615892	0.137436683570048
0.624791413306533	0.37963102680947
0.243701730176045	0.135784211886191
0.536823261781231	0.462778285092788
0.561080760966658	0.366315822837057
