x	y
0.627261556716015	0.38542062261812
0.710320759131824	0.401686521366101
1.8656453249704	2.34899119701245
-0.0377836956950341	0.0370014798626039
0.264752762430423	0.266072960639535
0.652064219809939	0.89766166878411
1.97547028331465	0.493643388518992
0.260914029735093	0.304635639950597
0.365885038888057	0.499392959771703
0.768503852311819	0.997823063869564
0.819064070510529	1.27511897604534
0.152336058310134	0.157568850274236
-0.0106177208327543	0.0101623023489586
-0.636941739429898	1.09919885782035
-0.00273809155770107	0.00261291452490623
0.126253299956749	0.14490167178312
1.04193576524657	1.39428509049004
0.882302403766269	0.991363751696474
0.521216881261558	0.462607045021305
0.475369922449263	0.447349450859233
-0.135720402194814	0.101154535236173
0.477262822632511	0.446247203727072
-0.310722499211788	0.311644188740821
0.197651882476736	0.175031782281461
0.22545755612	0.284632539142882
0.203907377762563	0.264030849659586
0.100764369439648	0.140887121012702
0.624388721245183	0.19309266257856
-0.389819593414635	0.113165790285367
0.624041554500054	0.383766596509915
0.996987669974107	0.466315384018549
0.470673028904747	0.254444994811995
0.426539948243721	0.247028739953496
-0.63091750645575	0.400795189799569
0.0540780282113346	0.0587721476161321
0.54126668153344	0.965122027975257
0.345733982230114	0.502707607067377
0.312930909238785	0.246906490056439
0.57094421288488	0.375024580551125
0.479283780548733	0.448965840650071
0.698198951076845	0.786287678707605
0.0731214882255721	0.0386964933979394
0.515799379514434	0.617291929378203
0.00613317022214662	0.00480479906150728
0.3429308616562	0.431243147342515
0.608439052216149	1.01757163253296
1.2377960562828	1.44564716028821
0.252773598113614	0.271471186774961
0.554266444226836	0.708796424387851
0.413772835789368	0.470646420690616
0.125958402192994	0.0959754726399591
0.163786424348353	0.0319491236824782
0.196451837480006	0.213045958570125
0.60495032856203	0.953584675727464
0.701519825683527	0.794783507064406
0.897873238466128	1.22567841831836
0.0125174769960998	0.00969690478531638
0.252558362042519	0.253342756535133
0.561745434264704	0.637893142804359
-0.0557113763756753	0.0391526317785476
0.418631790847285	0.519404328511134
0.681925669408574	0.683362651554049
-0.373676971134601	0.308036732468777
1.00424909060438	0.586078809219248
-0.0581891232863436	0.0523419015641181
0.339324180623499	0.3442452659724
0.158456775738926	0.20753733848811
0.428157063891393	0.637819754296682
1.70849946629861	0.930278475157444
1.7091722979954	0.930348979498921
0.622619267673717	0.19534691993008
-0.286990305564329	0.0941069169178948
0.620307926277283	0.192629180043662
-0.644039115012711	0.156345619732878
1.9760405399428	0.493213117693187
-0.173329072668266	0.0703444645992616
0.5166329367173	0.358595734855263
0.804931292887289	1.42438669925773
0.525937236835189	0.258305452612282
0.490923078109752	0.448665586428847
2.50078490780542	1.35131909559065
0.98407377907783	0.366453047925217
0.372129054807722	0.144874346608988
-0.678123459704908	0.328014486940525
1.19812987015014	0.629484386152849
0.377631547004968	0.14740968509311
1.97547028331465	0.493643388518992
-0.286205821491849	0.21933527506555
0.0842522306280189	0.0470197885148788
0.0696547224899326	0.0673860050076243
-0.0305839683447795	0.0281167041380598
1.38302600897967	0.829866755816836
0.373514502534244	0.145732055908002
-0.242085280085646	0.170116948138163
1.88962452585056	1.12748361096658
1.51104016294551	0.72234347373097
0.374868300903171	0.145836204549542
0.98253621691747	0.447525576658347
0.0766079690770658	0.0282543091890972
-0.839345856011256	0.374428244004784
0.527677901390679	0.262965216689551
-0.282548617323577	0.0934288649662158
0.557202027421826	0.361937680833674
-0.0632718202925503	0.0343751695965343
0.319405834160419	0.137425017547853
0.219931586971493	0.146610566784809
0.997149032001263	0.470452595493581
1.50445467967086	0.724890448382186
0.464318818128795	0.16335416808787
1.3149483128186	0.953080637670314
-2.13657584598991	0.971929270907062
0.912598427895964	0.916524421299122
0.0813179416633625	0.0431127070689839
-0.0316483585277786	0.0310386717496261
0.124666009658678	0.102766975949592
0.1085437791414	0.110545643493587
0.451861423331703	0.973258490951671
0.254015120207118	0.425589640814172
1.39821358854709	1.82351087215191
1.69102315283464	1.2307217326684
0.291020381108695	0.242226045385845
0.219497775563389	0.152652032337017
0.215979640673912	0.147815053637208
0.496463627905339	0.363488231744864
-0.143179406840092	0.0641353825533249
0.163198318954765	0.0319050580443516
0.297760630177243	0.240576457123714
0.217529386843883	0.163328151642561
-0.609011754896461	0.691250975471333
-0.136491813635218	0.115553190766453
0.346578805771152	0.420416893512115
0.118003782399724	0.128961916667418
0.352606953887129	0.493219512570239
0.200282539119815	0.270497245673302
0.0444013976915773	0.0311817565763765
-0.0256959300324483	0.01513978630378
-0.0873515140825262	0.045155661222601
0.0751531546980309	0.0275290715189459
0.800822492385396	0.737878057130892
1.94071119414231	1.68653825586023
0.206100886762807	0.141101336421918
0.568640967491941	0.471583075024091
-0.0896903104599081	0.0458380531298513
0.315368655950558	0.134192079672354
0.718558483249194	0.618510473100896
0.248235473987675	0.128786802334959
-0.321159107843955	0.29822335835715
-0.493580039213118	0.423112646902809
-0.0840895323923503	0.0744241342185638
0.145460074368699	0.135602857612654
0.200820795128201	0.232153575561101
-0.101930809399072	0.110844580811144
-0.100291270423211	0.10342195796829
0.114259910088224	0.117305922986602
-0.177690116576462	0.0723004191641344
1.01125084166787	0.582779156761164
-0.287905903359886	0.218360858693729
0.233380341406351	0.131267605845236
-0.683987135831147	0.334069602218028
0.270156471684622	0.126056555102574
0.7048526013826	0.395591036757267
0.468479679575066	0.252170922915717
0.250894012253942	0.129633601710064
1.50757502611848	0.726858655012998
-1.78355593853231	0.415040398756502
-0.589897830525728	0.44597084800141
1.60524626847449	1.71326242336817
-0.151466777565864	0.136768722588061
0.0161148238339341	0.0125362030592089
0.158593452305921	0.162253680256951
0.284651181466749	0.355828735768758
0.676779172481905	1.13878116506542
-0.0523879533907225	0.0525555165915235
0.509334858497294	0.763328748604295
-0.0960270806591492	0.112365713001068
0.102375353998041	0.132235124329572
0.673901303490893	0.932265046663316
0.609928729278463	1.0344337959706
0.384138220060721	0.726555613391334
0.386110901512604	0.606395170115295
0.714028140325828	0.700139721606353
0.870721545552419	0.547856478458818
0.072247518965061	0.0327287914916185
0.420654596546519	0.246313848976497
-0.0794712603625579	0.0531138526040217
0.104392141069775	0.0301215924423131
0.082558098902597	0.0273014951400138
1.14661374652711	1.01601503791455
1.31350931205247	0.943258653722318
1.15404262427728	0.885198443141813
1.21095893386771	0.633807674118265
0.0733716825542203	0.03017139908691
0.828290314567669	0.422325428403464
0.332428651826719	0.243184061021503
-0.362908606319957	0.230675106844528
0.515957498019798	0.614905614799892
0.198793807640882	0.180121602195753
0.425790952255748	0.520153473219228
-0.313098365900624	0.352869365320612
-0.036695113851233	0.0332557927638833
-0.118496931427994	0.122016553001964
0.238229127111205	0.330834447077911
0.240317581518683	0.309455006420563
0.277202303030204	0.422289765302458
-0.0107383810997934	0.0110321092848877
0.0411075952228104	0.0462669826198908
0.0997952496784	0.131563064151382
0.275376296830371	0.396253953104115
-0.67116205948656	1.22717975162302
0.299287563168594	0.470970558142138
0.765797530124254	1.80872290549373
-0.0628803245171486	0.0341031052467085
-0.265874254008094	0.180530478280612
1.37606287011161	0.809784862475138
-1.06274194653806	0.528282573813276
-2.69829536365999	1.64843937060064
-0.238289359190171	0.190532598515889
0.529029799672864	0.263988616341318
0.377801667398873	0.147255922187708
-1.03467518549614	0.642209291974114
0.873164304050776	0.788751798447984
0.600162586019228	0.800186747594017
0.431960520905975	0.435670534135791
0.429348067103435	0.579313885499412
-0.578929255856142	0.731232083511823
-0.713801795520227	0.975613557715273
-0.146593922375976	0.135322348899085
0.203557292356587	0.21104083029745
-0.6895777933954	1.03285377197621
-0.158953371114209	0.196669955725459
0.121744372048624	0.135277760558073
-0.359167926277819	0.605224485780824
-0.479362463494893	0.869680827522602
-0.051594056251031	0.0584314160741944
0.134436255292548	0.157606764198772
0.672558559160703	1.28765727429972
1.00353650013214	0.582454439017406
0.82793848261862	0.429456469619633
0.309555752019776	0.132255083129483
0.463909037162414	0.252473241637929
-0.0665760008931818	0.0363090287607857
0.221180986969151	0.131423589366271
1.31765897776592	0.944115953753699
-0.0896681708859162	0.0457878051807039
0.0831434633023487	0.0274562437249086
0.312808102619239	0.134741631202937
1.15062646770501	1.27015917783059
0.256986508519671	0.133484949629406
0.524693291675457	0.259942760347575
1.16134707952247	0.752606509526887
1.56519897025242	1.34674392983927
1.14459465320503	1.02203558591845
-0.140421379223887	0.0624895283009795
0.482811565861033	0.585211007386671
0.209123434474737	0.156269059227538
-0.00235728397631388	0.0018541836776331
-0.124006887759473	0.106808740184784
0.258791813488934	0.262392892138171
0.243350851509872	0.293998682904527
0.289782464888358	0.357506768052137
-0.493182180256246	0.666782151096396
0.598572318551742	1.10383042829783
0.0511163515086682	0.0567470729520559
-0.355109042968162	0.548104967226936
0.120297649432166	0.158530745512828
-0.166680263619822	0.211407566226637
0.305240706034264	0.453976250435238
0.681883329509878	1.32050872720618
3.25585177993415	1.10585266920525
0.526149688057342	0.260965745163726
0.0999867485326459	0.029149847138739
0.097012862349392	0.0282746419971321
-1.34677290413272	0.614408413911561
0.381917230186652	0.147907633908956
-0.141054629507749	0.0628380544809144
1.43736998974231	2.10694057547633
-0.96655571094101	0.873365992650318
0.992823289166871	0.466797675215531
0.0804458680477757	0.0264031460773778
0.468557085842939	0.164670323898188
-1.06596267764815	0.526967680686814
0.217589121092764	0.151508530803526
0.459727781906658	0.160455256960286
0.937310940021799	0.247681996839871
0.629007026780303	0.193214190277191
-0.177079132557658	0.0719271434887037
0.627701595403739	0.381689729801973
0.462627614741364	0.160528174068484
0.454657751499935	0.241464496368551
-0.322455879294104	0.162622814017069
0.496313452859278	0.529578627045742
-0.464677361475002	0.369908909465804
0.355492403269573	0.34434270028805
-0.918150435006314	1.10432417523319
0.507769171231551	0.446993288449045
-0.534659732953393	0.577282721180009
-0.229836880915451	0.237388095201281
0.297520272527264	0.239189349517901
-0.143453370526027	0.187361966553143
0.650401013105785	1.27202493882777
0.139387819004699	0.180471884135828
0.0962890037192624	0.10908839293407
0.670606050869588	1.38009518888132
1.5001510231504	0.721716938958027
0.994413296175011	0.460451663909508
-0.217406245991229	0.0798344670299611
0.315727541105804	0.136457985534746
0.98338732932609	0.366366127152252
0.127606060129718	0.0315885413447163
0.660677354195132	0.843241907026272
-0.517016613254349	0.403485896750723
0.822019918577626	0.424794539025205
0.0779747858594981	0.0255358514072203
-0.220050443315259	0.080826216952502
1.42662830143714	0.462133777671899
-0.405547763254333	0.32492691265774
0.762128976571037	0.306477641432363
1.26675231678754	0.540402083497145
-0.289010527972478	0.0954623470694033
0.463483854299277	0.162356812948838
1.42314513115208	0.464520674256509
1.70486396312235	0.918198494276321
-1.3416145031643	0.617793207028816
0.753478020566715	0.306657351763581
0.10714250774514	0.0307937699964655
0.0652187860858339	0.0267350204728494
0.195282409482751	0.217777896285349
0.0532548786271917	0.0395598187164777
0.463283133225365	0.535785306666884
0.446991313673376	0.423150950209538
0.201816943863657	0.154671122795489
0.0571650603408108	0.0451352956313824
0.439347981749511	0.593572216418737
0.0743321740993541	0.0634015496515045
0.241032204605713	0.34609099769843
0.57799337982529	0.798368786682404
1.53848882656977	0.992462832833331
0.983512110240855	0.363213938331089
0.707015749954648	0.398094442459728
1.38382451433764	0.830684994706267
1.19933412486648	0.636333257228447
1.20132876874498	0.633054125993341
1.00703647593676	0.586434966124441
0.100674308760322	0.0294967719119431
0.0837285748816505	0.0274852546661696
0.372801280336918	0.145288309234292
-0.23728573401125	0.187908772781989
-0.581946287077264	0.440902400771387
-1.056094629165	0.531445247178974
-0.461380072834145	0.19317218105946
0.463345795356449	0.161618675437089
0.133707491985628	0.0329789895417372
0.663420221150472	0.691664055238669
0.753571413536895	0.309463972555086
0.0784031303601016	0.0286905325432056
0.0880739275564029	0.0287926211861128
2.05940222473833	0.901470944452967
0.0696419436578508	0.0285750582923436
0.13436303694843	0.0332886519978548
-0.177187637534694	0.0716022108406671
0.744906447234819	0.300691722413661
-0.593023803741619	0.22926907871397
0.526687846223931	0.26028676149907
1.14425642057655	0.88268597386678
0.435872620678145	0.509266149452658
-0.0894400831027615	0.0610425729726425
-0.171620984956261	0.155378052802044
0.568284877615868	0.634493690503469
0.722021667828356	0.785418004037386
0.00904332643749103	0.00728146708737578
0.502070353162929	0.773742836787334
0.823593630304247	0.425325766771612
1.17032179629892	0.758532398310288
-0.378999581262024	0.175751282484182
0.371730599508662	0.1436670929236
0.865186133739529	0.545524717309375
1.68554290568519	1.23635726288488
1.30971742125274	0.93839185653657
-0.219262883482219	0.0807880002133907
0.255089368336872	0.132463844364385
-0.844232078712079	0.376830839866029
1.78004190881562	0.684060345345096
-0.677298932951174	0.330206942578881
0.766017756636391	0.638580690107873
0.461903141742477	0.445663032709018
-1.31991040251097	1.80937311788318
0.280086379462994	0.133182731520612
-0.869665533465983	0.472974230142493
0.75636239210252	0.306420041564954
1.16924892317318	0.764330962090809
0.0611549733361846	0.0471297566251241
0.249821406677576	0.128729467611191
-0.841289677047342	0.372404327111232
-1.05277454419758	0.530378354757175
-1.9121976885966	1.2063051345522
0.771457309374895	0.52386477941322
1.71337332282129	0.927761774665652
0.627811442258906	0.384915699656068
-0.217500003936512	0.0795596754161882
-0.0624598006629352	0.0331138413130696
1.9760405399428	0.493213117693187
0.95327877676601	0.812138068931274
-0.230867117347871	0.13297871967162
-0.63799543587676	0.839571303943403
0.276307765117494	0.287101188384939
0.00828266842262635	0.00821474918326734
-0.126684587960862	0.117455105317346
0.212156726353096	0.182869216271085
-0.00855707557047539	0.00851094737974734
0.0607348151658102	0.0687686078883174
0.117990680539331	0.0829394441338825
0.102303062868223	0.0609619013505749
-0.0953167767310159	0.0644322546391621
0.310386498912836	0.259112045013061
0.218205710476747	0.138070652609895
-0.0933117036794314	0.0476189212283896
0.20957922833007	0.144929564968205
0.413309106685208	0.243406451583539
-0.0910071927836997	0.0472002825913318
0.46617260775483	0.357311812462557
-0.0487275569015575	0.0276913201408959
0.58508275701071	0.573254870282689
-0.21070434425234	0.184433327195701
0.219211757152169	0.130264823957116
0.438200628952995	0.347499086781977
0.221234102185481	0.146356190552325
0.0929492449570587	0.0558558898807256
-0.151504729752954	0.112328256698838
-0.635452301404179	0.407031327591357
-0.480556540025112	0.332531117944612
0.102830374328132	0.0647173921914762
-0.720122661248563	0.740511796996381
0.306793650250392	0.129809915209761
-0.425980359339769	0.309039995291808
-1.05885846301024	1.03400274051144
-0.30215656318486	0.271088512319344
0.46599634292785	0.252176498782824
-1.78355593853231	0.415040398756502
-0.335968626201533	0.254841514709856
-0.45832490742916	0.529721419699645
0.124412572394332	0.0997144655118808
0.488363160467537	0.58729056971409
0.057391093451557	0.0573360698901057
-0.223387094149141	0.274826942287964
-0.499955783656906	0.89816611043579
0.337536945592198	0.529464216689993
0.0910396179568721	0.118492657397928
0.622570316148265	0.38340675632896
-0.112806461229402	0.0546795473487029
-1.13536991287494	0.906387155671792
0.828034228955951	0.427096812932446
0.226511343844474	0.134089943361512
0.0725434488642121	0.035491390045416
0.93917599531325	0.819768993276088
0.0930510716712435	0.0555795918250325
-0.466249943482893	0.197453569297649
0.247199367928001	0.127642710800522
0.437569250417444	0.347866622874211
-0.472428807724717	0.607191740938837
0.199325334452078	0.172080886102627
0.351509403126447	0.24527171848112
-0.0341806221420787	0.0198538433529878
-0.545675516857837	0.366924821293636
-1.17656470378687	0.811095792928754
-0.844333443377041	1.07610812626211
-0.141068316890764	0.0630753987745491
-0.165681053299476	0.103188937078062
-0.495787304165014	0.28349472571176
1.57323323299795	1.37163419002553
2.04698758151992	1.3631548769756
-0.383435009570101	0.17833440776792
-1.0577554259712	0.52745801974933
-1.01386640953785	0.745635135417855
-0.54936209006946	0.369899418841485
1.97547028331465	0.493643388518992
-0.784144261324965	0.787697802414546
0.125475209209317	0.0984718796141586
-0.387311330500504	0.533201711349889
0.246835579114221	0.263259827333642
-0.384866205595791	0.67497198451541
-0.225575341868284	0.304027854605574
-0.384525820691689	0.555561691042745
-0.502721923378068	0.872105832612123
0.221312503051211	0.358414425510607
0.827904504757765	1.13280406225186
0.498037588046699	0.530623547454708
0.0986701846421523	0.0909705348543812
-0.415741358649382	0.372313036233508
-0.306628401734204	0.260119173119832
-0.124674816873914	0.107459143252862
0.0538425735178157	0.0401835737935228
-0.72192421110267	0.703908546684012
-0.367317873026224	0.360810358016407
-0.329941347483769	0.388926007799532
0.269949953402676	0.256567214491968
-0.688948347999399	0.760950284411801
0.218434426940546	0.189748573020052
0.124233819845857	0.097215667935392
-0.176535295865603	0.126924181830836
0.470215232037117	0.644568117642847
0.546411219505073	0.609186511969003
-0.603290853216125	0.719213770648099
0.110600474344704	0.075572546465903
-0.113592346675262	0.086330980321219
1.10241843921471	1.448555961537
0.0556253899288984	0.0414642365097123
0.478977033085547	0.44878877194675
0.7043573778695	0.870282036667751
-0.675501476564347	0.494852274010317
0.573652231086486	0.632953280304114
0.0537648254565001	0.0412787092637649
0.26568756334243	0.254884415146061
-0.157329932729848	0.153449171595578
0.0514967296001547	0.0545788560004621
-0.155570194425855	0.236398481857257
-0.292232316083046	0.466612804724709
-0.270701662673813	0.472448893463993
0.310422694661174	0.624253915652792
0.510582051649146	0.611044180014312
0.197329792110814	0.178167087594159
0.20070774993781	0.172240319566782
0.211727621000942	0.261841864269767
-0.968086334245114	1.62418832156722
-0.731585531914522	0.928670388033387
1.34392981616903	2.10061942477459
0.150952687415228	0.132016219379333
0.060411191659623	0.045316992250223
0.197657217935725	0.188196574799198
-0.153230906528787	0.1530457701848
0.202672314903187	0.179330793914362
-0.0474687001050732	0.0387487069572368
0.99866766166389	1.62752367893962
0.571298769218455	0.624435787199302
0.696362359930759	0.711780309730667
-0.044184458516772	0.0404762034583193
-0.0683511890409728	0.0554640984125661
-0.121360449445707	0.0923457180429504
-0.116836194748715	0.10184343096585
0.206246334195465	0.187614754992336
-0.342241001421883	0.364444471135195
-0.0338253038659605	0.0283324374937591
0.112499798237577	0.0822056748285041
0.445942551519619	0.598970675026903
1.25185318430042	1.32689028057024
0.494336106466249	0.780551872917943
0.378770529091848	0.482006337093895
-0.250399472165603	0.217538917158242
0.446488165139398	0.609872260941951
-0.754464927126336	1.34149490622504
0.0414233688019976	0.0523410731740962
0.297849045242071	0.589980826325117
-0.522075036644999	1.16985657099415
0.258056804418849	0.448948917055281
0.267956539611889	0.24745822306587
-0.851525685619566	0.8536790286868
1.10498983626153	1.46420012448688
0.00626286568830777	0.00419730209911555
-1.06770166715223	1.50281203117492
0.339910744336043	0.335463044813206
0.111905637754338	0.0768871865419142
1.15946288351645	1.28496769513897
-0.355974425378152	0.353087380118644
0.864994038500303	1.46348052442925
-0.339387251324448	0.361455568189482
0.0358031867579302	0.0251348101155741
0.125358327422942	0.0984057435037879
-0.325320681719469	0.245732572376434
-0.42241312185394	0.302644785310338
-0.607673746311916	0.727512358810486
0.982677385876971	0.953476560805099
0.458268327113627	0.350372170760916
0.397568508372272	0.336211148561464
0.819698722964425	0.866287611771386
1.32847500828721	1.51520292906566
0.762108374589348	0.735898577450643
-0.710770763474618	0.639834256182181
0.383984842904406	0.333746218413757
-0.606693350216304	0.505367576469725
-1.78346459010975	0.415096457236971
0.186955856078091	0.182237190363649
0.202642529809998	0.175927756051882
-0.210615491255893	0.215659085964474
0.00182411615287284	0.00170266519031339
0.451749537952907	0.779116686995806
-0.664312516941572	1.25473027907977
-0.0666127423524979	0.0850997365912422
-0.173720247343438	0.237879708778846
0.0080859783749194	0.0102415250107575
0.408069204436994	0.347466600605337
0.437422970176423	0.34846418635424
-0.0724609883357119	0.0498977729107366
0.625366948287588	0.66674209530793
0.699593601463602	0.783615607695612
0.100850608553676	0.063224011910119
-0.50298056435025	0.435029575310311
-0.795333795399766	0.807637852159141
-0.781311084967593	0.689964100099938
0.253669008674618	0.255661981849777
-0.318237056004827	0.322103645521207
0.761829635132567	0.984722869944091
0.0313399140268908	0.0210122280202382
-0.00912260591959625	0.00549015019762923
0.0694944683250499	0.0367929396970395
-0.233898082622291	0.205268787138487
-0.0322905483423629	0.023379793529251
-0.278347158193487	0.209976271631353
0.827685660545025	0.659107611533685
0.378375773953798	0.235471120870432
0.600823239757967	0.574252028363245
1.08731355334943	1.34376257244692
0.91554124379183	1.11667526430483
0.648901584362506	0.493054975764124
0.682547985914128	0.922199071639648
0.037533637075944	0.0263937288452316
0.216407927693122	0.221748893736094
0.240666934498751	0.268641413742377
0.0104826202418751	0.0106018229969086
-0.338542061895641	0.48006921589051
0.19086416204682	0.25860872634422
0.0919271730833839	0.108502383435213
0.210179488568712	0.320049352069074
0.204246829598955	0.254642537444369
0.700479111869091	0.792872438659819
0.381989720587418	0.239957375317764
0.999877907483447	1.0760968220702
0.654288065947114	0.500911976910558
1.26978950881133	1.07616755428295
0.277989934496976	0.132800198172598
0.564921088463688	0.371031599224843
0.0819563493580473	0.0464800129385221
-0.0484657952474674	0.027577551693383
-1.31291952629814	0.994103525765876
-0.0893515079886027	0.0458652143971355
0.38557662246008	0.554205762588524
0.144367669335902	0.138302450629924
-0.0962971115559549	0.0647147561205642
-0.24002918270133	0.168725739416371
-0.196419214640972	0.117887238715479
0.254459661156962	0.132210742564363
0.138116566988987	0.120341677619056
0.711461989147227	0.613649876701353
0.36239152444309	0.241909035976705
0.454231042273366	0.241828948157147
-0.483131541699506	0.277238127446596
0.41661837193109	0.242824379617231
-1.55885476457132	0.800790824625946
-1.78355593853231	0.415040398756502
0.527462671208683	0.368979066989813
0.877738463068601	1.2456839156148
-0.261987476508368	0.318347218049862
0.690584659401325	1.29140293085431
-0.0965288343583663	0.119808412413293
-0.442015798922338	0.682948513601355
0.0133210882309904	0.0127448830952589
-0.153617119295284	0.19338629013066
0.0860204648293638	0.115489946648369
0.0664560165462007	0.0750199240745616
0.0810136189334063	0.113458499754954
0.423612234123051	0.504487234236552
0.284489271530139	0.242451702731632
0.722379557401466	0.721929903843723
0.414892043519057	0.339976193177226
0.516887633778021	0.542394225284534
0.206773148419665	0.157972203491525
0.391257526895882	0.343207262422029
-0.462099393083285	0.369837774012574
0.383322949643013	0.345896028104164
-0.457702212065178	0.404339403728254
0.130218619933881	0.10807561657302
-0.241013332434622	0.213927227771739
-0.284202597466864	0.245967718299157
0.33851135616719	0.322288503546623
0.954629686697884	1.3168652425524
0.102239860054152	0.0646234865697507
0.197082555774422	0.181902285154958
1.05344826435902	0.985771865985141
0.720408827957513	0.718355810684742
0.616088260089362	0.645815120156124
0.349063439094123	0.243564099594981
0.262216385287922	0.262927779208679
-0.234055407456405	0.222127196444027
-0.510620415859807	0.622160954475352
0.646355255828688	0.756334408490945
0.384248840749439	0.559630734973657
-0.222627905300355	0.345675434260543
-0.0998695359994263	0.12804128806176
0.374612194961638	0.660317322429957
0.0150679041833126	0.018892813690848
-0.184842525274997	0.245765392516101
0.650986018170986	0.932589819683893
0.593658126534933	0.949613980937946
0.58716744775551	0.725545836962076
0.212061076824814	0.174510183942517
0.407998235667404	0.424318372940038
0.519813129079044	0.456810835690749
0.406939128271738	0.412763357910345
0.376661632873733	0.3386809173666
0.213408459881055	0.165834363794904
0.786706825942094	0.996431529694422
-0.599470650465263	0.597612931174803
-0.200741770212001	0.179886541028379
-0.308410699817344	0.262317813349905
-0.1813322152743	0.147421540272699
0.845044905681899	0.871594110950583
0.219475839215866	0.164145172116501
0.960375627365391	1.1370064709963
-0.516154432722498	0.526992901100313
0.432861340834074	0.443102580316929
0.630338947273487	0.674201457041945
1.15206290100507	1.56828419446585
0.532867231441683	0.53822628266443
0.202148282637085	0.170690063798111
0.811190202454726	0.762995035698864
-0.522002031088001	0.407930773497366
1.97790917110466	0.492162248022775
0.302693073945249	0.341764805081988
-0.110090014651507	0.0838968308095278
-0.324256862346853	0.300351486237438
-0.0157243498817011	0.0133769361167866
0.28651322763491	0.393897548438947
-0.0490665553209369	0.0560224414544526
-0.697211108058243	1.53955039699864
0.37869543074015	0.634530039222157
-0.0665210444628846	0.0862320157347872
-0.0799505950721867	0.088396335688854
0.0583778496340626	0.0560574059330105
-0.0363709765691394	0.03641075604067
-0.0411489975064393	0.0293696866215872
0.275713518078781	0.439253919807092
0.142937311974272	0.169073216245324
0.207751388313587	0.160926576450305
1.15153083375165	1.3715213138108
1.06115900360972	1.10351402905064
1.3423139898062	1.53673395389142
0.0302017210290823	0.0211699133946148
0.304720796545928	0.243240062175357
0.552445992984387	0.551363706103913
0.702725650223607	0.510938224509802
-0.109742894069061	0.0725579433299589
-0.32389413628437	0.244703242112368
-0.272729194012242	0.149340522237753
0.511068148584903	0.351716030525354
0.422920057459218	0.346866180524541
0.110702588992765	0.0732570581696048
0.549010166312017	0.67508761878348
0.60037656186706	0.652461725533643
0.758670325940657	0.821243683549229
-0.0256959300324483	0.01513978630378
0.362821127404014	0.339849275614065
0.110061225799133	0.07260693044118
0.511094844653204	0.606060267089587
0.569494601267958	0.553983426796344
0.642282521430702	0.481061942478625
0.391257526895882	0.343207262422029
0.25101959349738	0.131003896274538
0.800027331050221	0.834145275340511
0.0314667874422744	0.0213210956890317
0.0728144952480165	0.0328190054996278
1.42314513115208	0.464520674256509
0.879946443069018	0.988282771228337
0.279332650539443	0.245714015047077
0.0553764961989735	0.0512345180672758
-0.475250049135153	0.555071830273008
-0.488879408409731	0.714019255869106
-0.0867759457304855	0.102621238771679
0.515856841954747	0.839437153764878
-0.211803059558029	0.288160161633457
-0.457021206809437	0.864985168854528
0.0220283966619889	0.0243611090562546
0.379227015174244	0.575109967550162
0.0373426709446601	0.0364231597247978
0.00404985516123801	0.00337178700113666
0.365879147945826	0.441045597710703
1.15793139687133	1.39780981420116
0.643884001626663	0.489648013881954
0.295497461333967	0.441515377850875
-0.107380115796124	0.051611739747847
-0.116479969559868	0.0549552689344192
0.615996072663699	0.27788426628617
0.358718806947513	0.237593202766703
1.15325428450271	1.02423082932687
-0.277088546332554	0.15061318868021
0.0826554483187954	0.0273070224947341
0.421730149257872	0.246686464648097
2.33554981717387	1.85857942562073
-0.143318570026702	0.0634206257911964
-0.862063559644732	0.471183324647092
1.00700457572946	0.585532260636142
1.69388182050293	1.24052712730921
1.27808882798714	1.09307667784399
0.428679647112409	0.595333557133682
0.141504977587441	0.117759076195368
0.564962297725109	0.463289287342375
1.69458250432431	1.59020100949405
-0.322511227021236	0.164112493583588
0.565784004222735	0.371839360644915
-0.854616214585813	0.928027789452863
-1.42833011502254	1.62711864281154
0.707513676484291	0.400560000844903
0.249548255626879	0.130099034193057
0.868324636921228	0.548638843589748
1.27396366620361	0.538033709670239
0.258210748212718	0.133881982216097
0.0997151553090041	0.0289351651650972
-1.78346459010975	0.415096457236971
0.0952449676501069	0.0571523562692443
0.316877513171822	0.249108920829219
-0.293083168976653	0.328369572467278
-0.00680525231881288	0.0064050576898236
-0.0392756659386015	0.0446924389832619
0.424624094444798	0.515754762100477
-0.0974630873581371	0.0984737086625965
0.522624935593772	0.893277957737936
0.269097344604175	0.368907959643759
0.535157708754096	0.822802604149739
0.425211908120796	0.774040268891104
0.50445914049543	0.877700800164514
0.333535840735301	0.516953145769098
-0.566813068883977	1.26449202667444
0.0904072312062794	0.116680607881311
0.313643122317561	0.35063868085215
0.527677901390679	0.262965216689551
0.627841522543988	0.194084718523273
0.240921728963668	0.134713964929004
0.568640967491941	0.471583075024091
1.68860242580456	1.59461180846258
-0.167337787478524	0.104323947409773
-1.1808998612414	0.813126108172922
0.569880540322446	0.373221797307936
0.25039225322187	0.128543426186762
0.226909717310555	0.135309787122253
0.246983702470893	0.127857819325648
0.258798692944866	0.131956145546709
0.251835718158301	0.131411270729409
0.246043336418183	0.127014773380834
0.217867135035486	0.144136230164632
1.05445814884516	0.985416714390823
0.0647759283418594	0.0340202724503564
0.360085168978251	0.420748949227777
1.05613811023089	1.58550873373895
-0.780013189432637	0.618060022206088
0.350866753448602	0.244776366625746
0.706198019192424	0.396924685561163
0.783724748209558	0.53084726676406
-0.366366272868163	0.235537003715779
-0.676791888454304	0.324888777604028
-0.88069926594905	0.585474589243818
0.525957113543477	0.260186018500572
0.0682086836428352	0.0280810769577729
0.0814633377033976	0.0430057035189621
0.128051098867474	0.0316879701950879
0.104813816720893	0.068584050308828
0.576239998210134	0.558098994931982
0.591938454870668	1.07036899784795
0.110084872512457	0.110597493385984
0.22791297244517	0.335289110565982
-0.0366757293463874	0.0388650597530264
0.0242430015815277	0.0221414633357207
0.441233689934134	0.67950327915517
0.475613191012702	0.934266196713859
0.630962997340882	1.39365644273329
0.287072479815626	0.498477155590501
0.191986829201809	0.278146675722165
0.0351423399180589	0.0418241925403317
0.120692423021582	0.161868513239778
0.531253564555031	0.919843452855284
0.221406718468809	0.137633854697471
0.407682969388112	0.344338629365466
0.456919151145422	0.247438874900957
0.0620858706059136	0.0480263849424145
-1.74902777118137	2.12352148426146
-0.479778919785138	0.333853471778367
1.70286479624611	2.2386554386062
-0.936426297680428	1.00334846452
0.373514502534244	0.145732055908002
0.371892280666528	0.333209073263824
-0.027796472268232	0.0162443461491204
0.206243373396748	0.173373395657002
-0.238304086239261	0.188975011805588
-0.525624165092521	0.409604637329983
-0.585149755899255	0.446635084592978
-0.786695591330871	0.693875025307962
0.443288685329671	0.661786070511379
0.604704469323278	0.921996105917179
0.106315616460734	0.0668070177038521
0.712953632738319	0.621735238929562
0.602008461705299	0.477445334934794
-0.581159532284986	0.439796001664691
0.324563322106331	0.350105692151722
0.304072352458132	0.24701293848504
1.0473588925661	1.48744235508295
0.38277506041126	0.332151854746642
0.221484887636409	0.138830519160364
0.165719814080059	0.032118911098423
-0.20778075089392	0.166657204507347
0.289771873221429	0.262915797647121
0.15687457890609	0.184214746232231
0.344126755202308	0.595610453768749
0.318144737195013	0.587362516423522
0.208935392944185	0.287078296314921
-0.488340404571973	0.831378999362016
-0.387010502622473	0.591210621206323
0.151250922642303	0.211710277783566
0.56520223793144	0.866987647575731
0.78396082788599	1.50183304428657
0.596730130437125	0.737982726934167
0.536164316684944	0.615364874974119
0.415995955235937	0.339258730424954
0.138685996310892	0.117909454446444
0.120291908725127	0.0939077363919308
0.20742339435411	0.149459323586355
-0.23430714777098	0.186866401444716
0.330119651637519	0.241135136309417
0.122762449777055	0.0839870711165103
-0.793325321077862	0.758607302409779
-0.556795963683111	0.474495887395477
-0.878097739317803	0.753587930009394
0.246026080330597	0.136673744811609
0.214403313133647	0.149382135506075
0.413981312127969	0.237543160647965
-0.110608959927756	0.0730255462391489
0.56461085143853	0.468462421910704
0.294105254472117	0.371291397810328
0.294108022934087	0.337664750933711
-0.0216048464019566	0.0124392767997776
0.21161276498421	0.139609310337995
0.313374606391365	0.235431832293606
0.712825314199099	0.623743663619978
1.31256020198258	0.95132964250623
1.04854589539693	1.4973078075017
-0.385543746837164	0.426717895406794
0.439025687442959	0.739302345465659
0.246645701113757	0.294676061346486
0.311400653694448	0.441871656170198
0.144785888876809	0.229482400278911
0.0911622307884941	0.111749069286257
0.126153143559148	0.183247677805185
0.174766757120192	0.211746903114899
0.337550711953602	0.503229340049016
0.873709439590256	1.34533208263509
0.210596657894145	0.22854921835342
-0.0912412892389091	0.11420434066363
0.341979304386431	0.478927866436482
-0.0857717531691314	0.0760599065366323
-0.487072572306648	0.341253135361125
0.311341585667335	0.25229079887141
1.14957823520149	1.16176032476642
0.766557932632855	0.519881733697322
0.197455259792703	0.298112458890289
0.00785089157287188	0.00811283441908957
0.343422006705304	0.423330675348588
0.115152844058917	0.122610269551252
0.143335743117256	0.136580073222671
0.254065490204823	0.261908407606131
0.256991198903079	0.259931941217879
0.127548219428326	0.134366687587507
0.202930593687876	0.211177701641919
0.319757975461228	0.444428942260908
0.239109163315877	0.298273491403198
0.546986969043926	0.629290713375976
0.534751666632605	0.684436742940384
0.032560385960328	0.0320482842376324
0.116579525474139	0.121190267783681
-0.159606427515889	0.176326927851247
0.073224671843519	0.0830362787731338
0.157283325679319	0.197611911399186
-0.681239809167489	1.033231548723
0.255500641695517	0.245460695558681
0.128467799674475	0.111430516105357
0.0141043284590138	0.0116064304904567
0.203029500385491	0.237670491617482
0.113759047220822	0.0829738892509815
-0.123341850278063	0.149946297731895
0.0771121847928281	0.0813050282120239
0.0639555611430393	0.0721774740763818
0.205730930948598	0.241295218098305
-0.218466875247348	0.239526934150973
-0.0461881351089634	0.0380925649638317
0.320849283272281	0.350076422997244
0.495695698925494	0.614400340978456
0.781802081520762	1.26368974215619
0.201376249444994	0.187609724879833
0.0640251775657089	0.0635207143093394
-0.49082422944353	0.685665113632233
0.0657582598048509	0.0838970575912398
0.0670332174298939	0.0858097706698102
0.311295808624845	0.55103955274992
0.278416214276047	0.445291122035823
-0.238921379553278	0.309465035997054
-0.111631638709244	0.105700690313328
0.142816300041086	0.140178459784186
0.288297347876958	0.410243150147971
0.497195812485452	0.604051837875066
0.174527868678655	0.231445674563061
0.219164038790755	0.331200233698188
0.00756793842102638	0.00826513145643637
0.246581914800302	0.331620647738821
-0.21949274440124	0.25634981631565
0.539644698556043	0.850624548169302
0.406726366112302	0.510985276388194
0.154785096664705	0.141687293752427
0.196098059536618	0.277930793523688
-0.0641240702844468	0.0796063774143592
0.193849800003919	0.296164608385395
0.14061426058107	0.20135975311607
0.444312510946789	0.945335019108683
0.462253372030203	0.842577602816468
0.312584995167394	0.47878781934566
0.377890516409996	0.58667643475294
0.114042290796398	0.110701861485197
0.349653418293539	0.432731581094283
0.6843648966626	1.33485483453388
0.191181420786832	0.194068171930002
0.303316714150788	0.244635982226613
0.251515114957025	0.129937387050797
1.68901654426614	1.2341422066857
0.110080465781028	0.0728280930929645
-0.0195608937062898	0.014452422349786
0.0248990949563264	0.016521977548485
0.769843222491455	0.743103155029052
0.395924477239356	0.48089383107063
0.399218544363691	0.551562621379931
1.05413437892278	0.9899025185835
0.205795842627329	0.238373491495492
0.45562815216483	0.526320039166105
-0.0534769006416787	0.0602701091980605
0.308743608112963	0.480422193619583
0.330357145319363	0.569440055065654
0.463989332806618	0.79742472418364
0.0985501810294745	0.134828900453178
0.0356445818628163	0.0306231503245225
0.320131544968817	0.464685603684494
0.13413523550976	0.22305961202815
0.534786213757119	1.28201850076358
-0.241634362106077	0.420172394906815
0.246537780913266	0.40937150303186
0.128538359231353	0.192053017011016
0.510842630095343	0.676139930286628
0.235809101843207	0.310952456308119
0.557431278271953	1.06513953016583
0.260334225708087	0.423432009485264
0.35628058150695	0.605000651071652
0.330154661314242	0.622812610758803
0.198792506292683	0.187177713372574
0.20238587706426	0.166287283765931
0.512721512681678	0.765389875199583
0.153252200587072	0.144465106695365
-0.464816633905762	0.570189160367147
0.256027488858689	0.250378679645699
-0.280627259934419	0.283435155950018
0.555469087053946	0.360065185766157
0.699275698074292	0.508358996894005
0.624958281349428	0.383340788153658
0.311093284308548	0.243583503927408
0.546661063280344	0.546714063973317
0.450771064499059	0.522665270182057
0.400717840166994	0.489983812290975
0.60190399893387	0.963070052450939
0.254136887400731	0.259375716502562
0.309048547295336	0.242107319390036
0.619925383002019	0.816583081333637
0.209494755926911	0.302340042918567
0.493529943111318	0.608087774290143
0.146387206999273	0.1314625389301
0.0803842330584047	0.0826771505367216
0.23589541120862	0.312917032015286
0.141400493875072	0.200373413565554
-0.0301623446308207	0.0391426337151765
0.284773287620689	0.468760034488815
0.227817045913158	0.373283050123822
0.445964539538749	0.846110972176053
0.432987427118248	0.436723229521909
0.20556811317474	0.172529557988626
-0.101660413526392	0.103356320731592
0.0733090405386586	0.0976231211700224
0.205734995061556	0.326706717728009
0.311329236660464	0.519189088830553
0.204555522270068	0.280571428590058
0.368912743025132	0.415262699888058
0.20383010263744	0.22025232739935
0.433247384820213	0.720517744946633
0.365396661060666	0.646388060097188
-0.276927819716992	0.403564898136143
0.425481615011528	0.866555273118259
0.360194512710766	0.393754628410484
0.660874946712553	0.688329907706428
-0.363394866459729	0.333559237279367
0.0813022131663729	0.045846991505534
0.832358722324742	0.664858304505133
2.76031666068075	0.80609461503235
0.6224813462881	0.192778829678731
1.15715973921431	1.38066673652983
1.94319457334863	1.71045165310584
0.333358494681311	0.343952925379176
0.260911672743306	0.245573025548771
-0.00279928754928621	0.00216425824278418
0.494819033065804	0.524566816646957
-0.0768419338003529	0.0768039980854032
0.0955376815211919	0.105020395612345
-0.0135600443185981	0.0137821737640087
0.207850177846905	0.285958521372573
-0.218753802813969	0.309815980435634
0.0699029000255527	0.0921507817997559
0.194415048107324	0.246601637872361
0.0548536996487455	0.0509534975283695
0.593252198936886	0.559433631741805
-0.320332550771655	0.296988739218991
0.573535124821523	0.941127504797882
0.157156286756299	0.255122785758258
-0.213962504644008	0.3564491734634
-0.106071153873022	0.161731144567978
0.344553082590876	0.691277663954027
0.232997052074481	0.419180523699598
0.399765472612602	0.923214945297939
0.116588988756834	0.154203451308066
0.206186384594886	0.315034581057563
0.390351125360212	0.662484956689615
-0.0501277253913011	0.0459210764552777
0.576757086507747	0.699587123467118
0.00692148714732486	0.0042452474835199
0.0803593685804835	0.0323645676309565
0.0832461168851364	0.04714836788111
0.932410399157813	1.01556163112486
0.0786549818591754	0.0258839866538855
0.755865674835745	0.310009902242014
-0.902234323893875	1.20783683170404
0.00178697189092813	0.00114879549257679
0.353581865058892	0.330926184985388
-0.141336041500553	0.119756111505462
0.282061455677546	0.351805726900989
-0.155759234836655	0.207465230008479
-0.0766436482631315	0.101567325836401
0.345663561830588	0.665926804591133
0.392250639543441	0.859170461450107
-0.0585084151696497	0.0792634358866498
0.160775113369116	0.258529318776558
0.510254667841582	1.15385397671974
-0.0310390993386255	0.0372550317266773
0.0589617325930311	0.045237865091742
-0.198068056880292	0.253918812147407
-0.125819023741997	0.191908178432527
-0.677204569785592	1.76274553665046
-0.0202762213181059	0.0264864615595946
0.143586048856785	0.195387980143574
0.2416977047311	0.363038840682001
0.294425738173763	0.496998862473049
0.315465784152386	0.609881664251648
-0.153532940161493	0.205532213084087
0.213773177841768	0.34489010848338
0.18396494954063	0.321094145924564
0.22962683802318	0.396151170017408
0.632177996917203	0.958537806501739
0.742566484337344	1.12383202788077
0.769000962173536	0.642640181145549
0.416931812438825	0.243762265308679
0.0630491497893566	0.025392780702531
-0.13682968162025	0.0871831684787391
0.322848369155924	0.245711178878378
-0.148362518509535	0.065299239497534
-0.592534427483149	0.229347002712227
0.196714540781643	0.155578405517738
-0.111243780949215	0.0735862790975399
0.707105044779997	0.396464914792523
0.350125941732966	0.43084390322425
0.0795928979463389	0.0683014565345458
0.276004687922517	0.350984230559524
0.511401457665315	0.943330184826085
0.23071952659711	0.368192914077727
0.205048274275355	0.320090374391554
0.194730108416519	0.309152914279108
-0.00722265102232079	0.00683722542110203
0.235418066046138	0.377403753174466
0.363456215323004	0.474627747504378
0.539735515369762	0.9220248382515
0.085792920645537	0.0940107633747062
0.542803132553986	1.11349327164477
0.0750967915656817	0.0809321432909243
0.307076179889846	0.544613124548808
-0.000289827468430481	0.000390547934859838
0.0809638983987289	0.0917420979745905
0.43761594663243	0.830740711635823
0.353395321703842	0.511130801826582
0.0284396162396355	0.026639225621254
0.150324791682424	0.192960855611293
0.274955453511849	0.429854981261386
0.203432121602041	0.239441860927165
0.253020958041622	0.3414084411794
0.253911906847586	0.367198564944259
0.39914802759143	0.428778875870985
0.285293764604044	0.244869250982352
0.376089039269155	0.427655783014991
0.0110082674464681	0.00678723809485768
0.852507329625456	0.884801159760244
0.245058310205977	0.277330530581809
0.343744345331944	0.500893857613608
0.490585876997819	0.872554371951095
0.507436679975685	0.896784100596962
0.0682542139081733	0.0773239131460431
0.204354246480966	0.225992282446911
0.0649272355343939	0.0722335913621528
0.209028822472924	0.324533682783931
0.341746420009763	0.344355577565371
-0.165179925105956	0.186759234169425
-0.240032415481381	0.324514259032414
0.377462695571883	0.450616777131831
0.205698117764583	0.242552919243269
0.65062858064851	1.16344470241832
0.145796778563787	0.183708025272735
0.544958703242398	0.993937135713115
0.255187854465094	0.312439648487106
-0.0423885939146688	0.0430604782183776
1.35869234188788	2.55141375871445
0.369508525797024	0.547580396832725
0.507198869149	0.82210048745231
0.177560080895696	0.216984023917677
0.373606933149885	0.42401902711513
0.244778205694428	0.311146751286559
0.192635865241153	0.227121435374231
0.30677158698857	0.333121266324594
0.75001235043224	1.49626783856913
0.5208699800876	0.698508626390496
0.339526347370408	0.426582435201623
0.209358881727777	0.156974910283542
0.390015319815749	0.342041552544237
0.319837545601771	0.13700867390152
0.540320793605941	0.716827808159905
0.533520015311131	0.855806616050424
0.306018738643798	0.338322557119317
0.337708021310302	0.427971814687577
0.253632504258297	0.271084136402391
0.495545975778696	0.711097589079129
1.01224610193212	2.00891529627282
-0.0495527767799514	0.0441202916830978
-0.0877192154285063	0.0905397165482558
-0.0185170248507724	0.0174986342704369
0.477761481342629	0.600865089774673
0.249689593275828	0.267533620263954
-0.00236998342813782	0.00201550389294944
0.260792539847718	0.342244128481765
0.399949317037113	0.794486573214836
0.105321104888237	0.133279151093889
-0.102819188318748	0.104829331447996
0.20256670984225	0.22625296041392
0.487580002920889	0.830420632822124
0.0947286640655245	0.107330162708082
0.195866312848684	0.248627667253907
0.101977450176617	0.112808095927561
0.0528300728500832	0.0551946555442159
0.068122619233509	0.0762796689473922
-0.0128174772153728	0.0130030665515094
0.206671093745647	0.247282889154058
-0.0348698924281964	0.0343041223738495
0.66387627953359	1.23996610495464
0.673722875236071	1.10342348701431
0.348707601722437	0.510132374273612
0.770714643240168	1.39312705706265
0.541869118537357	0.534481630150911
0.994816610761757	1.07276250422277
0.624472409732904	0.663541140965776
-0.482558251633118	0.339204023571328
0.495564112744938	0.362877114372352
0.392065186751347	0.519473134262015
0.0312795008471147	0.0337495205191009
0.196275791498624	0.26647079213574
0.243708239552599	0.251477869712912
0.180278519227126	0.243154122280218
0.504080304310647	0.884507798670384
0.452427498974854	0.670721165279309
0.427180849901312	0.635374895909485
0.43751908458074	0.671549780197932
0.345647616782518	0.495659218413948
0.218538935005368	0.251194822199317
-0.279146401270561	0.35461944049224
0.111472266191703	0.109820309138143
0.700913642927192	1.09214510258841
0.706433261339535	1.32403462760089
0.456613919255585	0.681642243602554
0.176809316634299	0.205498482342189
0.208152683760287	0.259137667295616
0.0385353597863429	0.0390921077166085
0.321735312651413	0.426268689206411
0.359915544274967	0.642208678141372
0.273024011758488	0.40599029991911
0.20953698738135	0.293569256286786
0.398019244211993	0.656911340559609
0.964503149371495	2.40290103195328
0.521358308408689	0.924868601297982
0.40891157976498	0.505172243132773
0.554956940323761	0.787696935535632
0.194377388615622	0.236595074920963
0.512882621961379	0.769694363691678
0.205749393211064	0.222419974784837
0.753848545950448	1.31666106849104
0.350241061669541	0.439091884066976
0.449092008332275	0.600617626030303
0.512054497341531	0.767048709764929
0.438125954410951	0.614942246308475
0.656301519328534	1.06633932149396
0.811107615694528	1.44124957464317
0.400779480094675	0.483133350837415
0.106817289778156	0.0726559154513402
0.936662065549594	0.245987967322767
0.362689456856952	0.518120037675311
0.261259323283457	0.228701449364228
0.119583346805816	0.0874773227903808
-0.015374174685564	0.00909710237194628
0.169367477863982	0.207721721135071
0.59843894146039	1.31046799506725
0.503278912844638	1.02221480466424
-0.0603038806877591	0.0675985348205735
0.627020873591401	1.27523453206449
0.379076271847433	0.564227628065143
0.327373251357272	0.515871868471762
0.00206287567885555	0.00204406690790546
0.349758443091425	0.412642785359118
0.107773035394816	0.107842218190615
-0.0209443464518002	0.0196322137866971
0.03197174416432	0.0305514693509977
0.00941692635254985	0.00814811618495244
-0.0855800882833862	0.0883795755812036
-0.148310743777248	0.14274996754856
-0.00119510074325479	0.00107412526322863
-0.318681988688917	0.342781788126843
0.3353182121587	0.410378326096862
0.405447620734347	0.496668389251938
0.0903401675589222	0.0814087736170523
-0.366249339666518	0.513789199896702
0.199016413820258	0.214181262841658
0.545535647124275	0.8022438674371
0.0623254723295588	0.0580477737048708
0.247713672252093	0.30702727183062
0.404870756625201	0.565382998256907
0.0420771447842634	0.0430324372134806
0.276619086462737	0.388111929827627
0.506663725126582	1.05472272945616
0.489210935388543	0.603331944662518
0.799151232780605	1.18820373606644
0.525284633979912	0.536700431947835
0.896401279599567	1.33773034740136
0.535349572919768	0.549445445135719
-0.145679386279082	0.123736899675731
0.199333031582218	0.181175259517238
0.298614171456917	0.242115998788179
0.568213016007367	0.547539730115187
0.36888822574794	0.403115122328819
0.456624976200404	0.51574679046754
-0.0171708760556192	0.0124858640002693
0.319025977528386	0.242125298925338
-1.78355593853231	0.415040398756502
0.201780591057496	0.190160085373186
0.627502883696568	0.908165434530412
0.280049756034399	0.354853991449954
0.871897061473662	1.57003387677099
0.587064411991706	0.722296393629349
0.0436491551439827	0.038628111091925
1.45408314114687	2.45411916248434
0.468128308192407	0.521019684521527
0.338954980333421	0.527966785874406
0.207245552347489	0.255969587355853
-0.0240109404329885	0.0243815949232132
0.341571534639236	0.427783960220493
-0.552356514238329	0.920135994998339
0.204718634381427	0.248478172994861
0.161442045206418	0.171528243120932
-0.00175419826044528	0.00163041185955906
0.0927371476224774	0.0993924158630413
0.382562351409356	0.414309042746205
0.802097245745842	0.938537834786018
0.130554783140267	0.102209435117987
0.147973801987017	0.136019534651516
0.576951745703022	0.562686758720153
0.0427649630303337	0.0309771272800643
0.00129869943631092	0.000982012764642469
0.890283256535686	1.17156335689274
-0.362837275340925	0.357158035694266
0.366410734103069	0.427481900573932
0.13291624562098	0.120537854395176
0.0493035166316905	0.0365166487296027
0.0839032887319087	0.10110074286429
0.149877847336476	0.149721522124622
0.146789729753415	0.226788696652517
-0.0610740156862821	0.0870048971031526
0.521060644389807	0.462382904464775
0.634598747032517	0.586260067489375
0.611700432660109	0.491001755727254
-0.106495137540986	0.0512123371230871
0.424744970288535	0.248971116236176
0.994808869855531	0.468170594411037
0.0113639790507376	0.007026549935422
0.617294967403163	0.278345231473078
-0.735184391978404	0.430981573336151
0.579788330852162	0.482096084275445
-1.55768840130858	0.799241607063026
0.936662065549594	0.245987967322767
-0.487642895060054	0.463280704106495
0.57082700847535	0.473336370633178
0.472821953613127	1.07303866260334
0.0671869436824003	0.0819189922233218
0.180877575179833	0.227552730692497
0.421307391721184	0.807467724486203
0.273953516897004	0.388494871423704
0.655158114172522	0.916621807473881
0.279406070599367	0.377008492251206
-0.00542546562766525	0.00673404412473438
-0.578136601885048	0.851432762192293
-0.0132192671256517	0.0125413274910556
-0.275177290972463	0.298117333630529
0.132284046516917	0.148947825540811
0.130956109713079	0.105450172264948
-0.454165912228354	0.526803314319437
0.033028725740948	0.0355936367540121
-0.160722272715125	0.196854785833584
0.398501718070007	0.496221750578094
0.0199329412786551	0.0129571672387387
0.214949086581416	0.126194473100642
-0.197897528030764	0.140082610417969
-0.183497737194384	0.0740035857983911
-1.54569657546197	1.37089182331612
-0.666449588245489	0.494379126856677
0.713131962557261	0.391669408604407
-0.0716303712878997	0.0493215554886328
-0.350308063011672	0.539815985654445
0.472306442281707	0.361162785216365
0.440982258494921	0.350264750315563
0.111718353785117	0.145698549615046
1.16451277287737	0.896044776218372
1.54911037700633	1.79995356362176
1.78359359089438	1.78899696534756
-0.0485639288237459	0.0273200843257276
0.0619140762196499	0.0277185819024759
0.0838235110215585	0.0301627227049607
0.566986951433561	0.471018402679154
0.777622495775064	0.532967519053016
1.97547028331465	0.493643388518992
0.20354973315518	0.14538410319507
-0.247805242214912	0.190036243692776
0.57608677038335	1.06611398931252
0.68785478991745	1.24690661680079
0.755006817906984	1.78726218923659
-0.484934905739212	1.14412449681496
-0.149342302854903	0.223008383695558
-0.1096612751592	0.110232460040606
0.0517729564574789	0.0536061111907269
-0.0387723458579996	0.0555522440664212
0.285300882150322	0.380220008265629
-0.298034754453581	0.383159974812487
-0.855782568196478	1.15288193841811
0.295781564652714	0.347697604525391
1.55554698879859	1.82459337853025
0.214696436995163	0.141516525152685
-0.0552073334850726	0.0384872752855523
0.578113817961756	0.642381694682156
0.330774300733519	0.529783680929702
0.496010478750796	0.748803316080453
0.126960822719919	0.10428717638906
0.567699356185889	0.372590822908438
-0.703747298378279	0.675424807223508
-0.0497583726403711	0.0282590586600407
-0.173936514348121	0.0707520766428087
-0.388694833712531	0.180586954538558
0.0610187912910109	0.024971556496668
0.397665644773599	0.247873286218802
1.2324230361584	1.44688313535148
-0.146014481903471	0.155650812666935
0.0693246179599331	0.0340073162583707
0.230589365193204	0.128776906627772
0.830562274340247	0.422345354340474
0.218185619257045	0.136289756389103
0.703294819086146	0.509542153041798
0.347048637690372	0.243669894017355
1.63202256819607	2.02589061585739
0.104522548275487	0.030451402882796
-2.57185252800851	0.693041972437165
0.755767068059754	0.998855829489933
-0.439506420488451	0.417387921659124
0.022716368765277	0.0254196668628834
0.870321149433725	2.09996765230697
-0.0290576166984857	0.0374322047243299
-0.177728211189209	0.279908896252584
0.285059730591951	0.37100788591225
-0.0466523756858843	0.0493093912928695
0.894424884292274	2.14648439262015
0.212147528411902	0.217523760462023
0.49141278240887	0.756274541077674
0.43782553653443	0.801596873918951
0.465024431245112	0.444360692483783
0.807928097253307	0.758030214615371
0.768587902353534	0.828005658482059
1.14147526735778	1.01722940124823
-0.0221714317945325	0.0130349313934802
-0.118596327148103	0.0574458143932096
-0.496013385998316	0.428214737605792
0.1026950587361	0.0677133979501527
0.181358154200166	0.237782693622607
-0.579919652061085	0.437895012842226
1.3153806887276	0.947175845287151
0.701399937652981	1.12492165716892
-0.105977226897071	0.108461841855392
0.652081458859965	0.99749983220526
0.853283003865073	1.33126189214321
0.37727619855136	0.339539278314086
0.163198318954765	0.0319050580443516
0.348375218416253	0.440087134999908
0.362390704826148	0.519416125244692
0.0746140614730162	0.075858102966565
0.598433143236096	0.888329367650812
-0.184245485857398	0.150132985066292
0.358690571140708	0.338706559041265
0.201338669028614	0.27817024274728
0.212616586017596	0.243386283147295
0.386694328920915	0.486891988920134
0.6229315049938	1.20701479978496
0.151368246102933	0.204993683108818
0.246557397745363	0.363555944416564
0.233993488637116	0.329138679283892
0.149432190585647	0.133493039956205
0.547975940169472	0.695316250221979
0.48454248232372	0.530081330085988
0.208373178572897	0.211425469118065
-0.319474005760987	0.343772835630081
0.255808035752424	0.300389358607767
0.641871394028649	0.917680946383267
0.436335439109087	0.499717215865423
0.328556644015769	0.431534300918991
0.581686140050919	0.648689482295842
0.606546118597905	0.582500362890955
-0.0740268634326205	0.0510936367676119
-0.203368900209029	0.145379632684312
1.32466025147957	1.6403186081749
0.349482931535054	0.242697292911354
0.336391975405315	0.421525516047839
0.364444689916099	0.610788207107173
0.74045229853457	1.45868556861184
-0.251796946816597	0.319770660452357
0.0627337790054609	0.0651134248955042
0.386942120465212	0.616810418974297
0.326975497529697	0.61165012334972
0.323349353617165	0.580725253031034
0.0934683283350868	0.0856785953339442
0.101447648481317	0.101197212984289
0.101003353712599	0.103707871231023
0.142083162453363	0.212784161703302
0.574617802639131	1.16786327666649
0.626962728867625	0.576737400944884
0.342077253357223	0.339074717555193
-0.293783091881222	0.227022439377839
0.403845481886609	0.423934612672047
-0.235937441674402	0.208353547099204
-0.0988967929635084	0.118628616612809
0.275538947613865	0.240051470029288
0.0063719705413825	0.00475956443147315
0.430424045144536	0.665216510730671
0.105006936281683	0.128468856683308
0.212517118960252	0.245820081296786
0.204336341164398	0.244111706573807
0.239799540878434	0.264347162187889
0.317385366578271	0.337642240099631
0.311335352082342	0.381674276821908
0.99463875706266	1.34940241777073
1.33997615098684	1.54208675105941
0.243359850035404	0.305072930332259
0.323711148048894	0.501971757082075
0.406980306402712	0.580601496804152
0.629610040477744	0.891576388041897
-0.081755200520904	0.0707601950153269
0.00694594515747463	0.00583864963010352
0.290935628564368	0.338397280137829
-0.436154355347441	0.641192932381939
0.0986654375055845	0.0994011421145243
-0.182687821027142	0.179675578731229
-0.167136544041966	0.201883968935757
0.27172519686105	0.382238821806286
0.679368554296181	1.11029170310388
-0.112239749105468	0.125411089520502
0.189572771919674	0.166184816382316
2.76098037058925	0.812188394353738
0.36784036401232	0.575132975213189
0.0660170917133646	0.0298363514205729
0.203888671713105	0.222719963017153
0.534846218587116	0.855419013512752
0.576126997492841	1.02147210589472
1.08504288258251	2.40482176823417
0.202717020240707	0.245390019616791
0.0028356435842139	0.00287550196746938
-0.616211417467142	1.00144816647518
0.0291226202191112	0.0281296467423223
-0.495889292847759	0.800242263398592
0.318371611313795	0.461242559144168
-0.2747430260685	0.320913680484169
-0.0832496189917955	0.0970751613161516
0.166182542851629	0.198474615302566
0.104640024971805	0.101061523757204
-0.0463974739668189	0.037850472231708
0.20130600517781	0.203436102362147
0.133531755375612	0.115678276713176
0.305345244267914	0.352982940132818
0.202901461232134	0.221638948103417
0.528120891325127	0.770230296130595
0.122047766447327	0.0866362907462936
0.404404432119787	0.519628502981903
0.541229328860358	0.838485060065171
0.202477909795301	0.197641343528668
-0.241692204381756	0.26518413178853
0.442658157678967	0.529385283447716
0.308506339854923	0.357799436161081
0.201048571610577	0.212400604312979
-0.158568575396794	0.154653056157416
-0.105483974503269	0.127004234707979
0.553220564815428	0.94061137601832
-0.00496716248939295	0.00428476197276717
0.369015089892602	0.514051583546736
0.0513387753105308	0.0535285683010391
-0.14682647954991	0.170093920293132
-0.257332980774806	0.29856249949243
0.00584036850843498	0.00575100184277222
0.78301957207777	1.31041223034798
-0.544604426624881	0.686236354572689
-0.634496651899504	0.716319130972151
-0.338159172111721	0.4229605035629
0.650383146507572	0.675459023653999
-2.57196810381088	0.687583434747214
0.537703565092479	0.896513015529177
0.392312404881174	0.608961521054313
0.259241533641363	0.268874811569563
0.412451521202255	0.558006197773371
-0.364470506727533	0.435607386991384
0.627366314756488	0.668213811288108
-0.306839177528838	0.30941833062127
-0.264583834344415	0.30366170826135
-0.429470610206613	0.499125498345568
0.617640843183054	0.960027363866907
-0.42607497948185	0.71708972431561
0.0219428121227905	0.0203780213388652
0.260645638216718	0.287710070985484
0.26595676349196	0.352122546293345
0.31333253324971	0.506343339207623
-0.167256966373502	0.179610493459155
0.249959883752016	0.279274117642752
0.395413995596661	0.523538681656851
1.22849591499206	1.64240391841137
0.468152406670061	0.578228154283777
-0.313539211606632	0.355262977537111
0.499840285856004	0.691669166732861
0.686023245982485	0.700327303046097
-2.57185252800851	0.693041972437165
0.190177422748522	0.229205054171949
0.17661022665438	0.212636905899152
0.161979625709264	0.175598384243361
-0.545628935163642	0.754054733238238
0.0116930169283514	0.00941472913817388
-0.238226529862018	0.275614666468692
-0.112385526955261	0.0979905351013352
0.317160729763592	0.362992879144844
0.318982253043437	0.325533885922632
-0.060201260078235	0.0835812771783345
0.237579347507486	0.309538811856059
-0.405974564958905	0.475758580168803
-0.00327454427112789	0.00383594589681452
-0.062119354355039	0.0846514893104553
-0.0516843148145199	0.0551711669184746
0.759251780764218	1.16489334953809
0.630421207500795	0.672764727060056
0.304790883268266	0.37269673896378
0.655405919623037	1.57315306019208
0.178358891575598	0.257647849908346
0.437028690916885	0.816561589935463
0.449600481256582	0.757877363357015
-0.00704332620592346	0.00780618892398625
0.487702655063344	0.923507210939155
0.0989361256883007	0.117549755885799
0.0925612386337588	0.102826619901061
0.203463635816644	0.231720724362974
0.685911474612311	1.48728917214087
0.389417190504008	0.659881015576136
0.232649136348325	0.347756720484684
0.867918759496051	2.03886478692386
0.579523756871616	1.24566320713155
0.252538055192732	0.356972962946996
0.148286057628896	0.135494238775733
3.25585177993415	1.10585266920525
0.140409204960837	0.172610115254297
0.525308141371497	0.848935727630108
0.343378599051715	0.355963844834328
0.140151355385616	0.120961332538562
1.03806607832261	2.10454143249451
0.0453259141685577	0.0544626956709562
-0.110921527227719	0.137164351784023
0.4952402691405	0.892026015963319
-0.403446189891454	0.685537985547018
0.450915643516796	0.836405940401564
0.0960885247325449	0.124323477838572
-0.140881713222576	0.172014660132586
-0.5745405616227	0.796922047074238
-0.0744556538697419	0.0909529482100982
0.84142172518916	2.08349380568647
-0.510928340829277	0.856633871249047
-0.0363977725151322	0.0336960995907176
0.594942524807601	0.96997790124938
0.464816645260227	0.529496625884069
0.221191396491689	0.159521657284329
0.136836084695816	0.228695931741962
0.177763545785154	0.272086143052397
0.400308270272102	0.73878776197987
0.111872117916827	0.167698388047143
-0.00547358489552531	0.00744339628583294
0.0674446636162836	0.0882021237682559
0.106907260396057	0.147175488601532
0.0620036012666154	0.0779777840966991
-0.266808137311114	0.480509922412372
0.0481440527042142	0.0617390646956492
-0.354884613741504	0.655711678326336
0.331016838157824	0.52423595859079
0.0301465739203632	0.0354255445167441
0.350990409153897	0.425805823962202
0.154066385624084	0.173665272224472
0.233551595258656	0.388909400819306
0.0363476597675162	0.0429750540642504
0.311646677109116	0.557897943743642
0.413949065887176	0.85842610572509
-0.0379704821316331	0.0501157854547384
0.314482948876467	0.575035709080422
-0.0115028758859031	0.0141892852922768
0.20476434580424	0.324832141115943
0.479615273419936	0.966884868026988
0.211676183939031	0.308521438637591
0.369947859812048	0.613214825090537
-0.00844815021391646	0.00632401438568429
-2.57185252800851	0.693041972437165
-0.0214255973704809	0.0212849450095902
0.280298237783869	0.384822529300745
-0.083796545064957	0.0874129622286781
-0.055593404041751	0.0452296722379879
0.0603744992944915	0.0466504318717242
-0.092280626966894	0.0873316710547056
0.0724905089626397	0.073497899477877
0.0613270382402406	0.0740793252257936
0.0457258283142617	0.0580154602194682
0.294632091691454	0.501858792515022
0.0476757445628717	0.0579854975080946
0.177697842317974	0.270958616747347
0.351258309077567	0.671471403158157
-0.212190263858163	0.308540586350902
0.21487846847849	0.251012676164214
0.100739157123828	0.135351289545593
-0.0621656117231872	0.0793609898342271
-0.242172932859635	0.278233472426693
0.0392067723398124	0.0346650049604942
0.342793697836073	0.422850864585202
0.329175896656538	0.507558604147349
0.199501845138242	0.176295870210847
0.508900087547739	0.53074699575976
0.450599374667823	0.487198282497691
0.289888138640778	0.397497106323143
0.256727268777496	0.427575663963853
0.449174734981307	1.03031093132669
0.249279567379459	0.412532079492859
-0.339826326589078	0.532925266970667
-0.212265575022118	0.362031033083258
0.31043325281743	0.580781616481892
0.114266066548764	0.162725316298261
0.0406989727745814	0.0517263704226009
0.588252206713971	1.25691216751175
0.37210756826	0.706083493181299
0.0956149211937214	0.128753443782129
0.163120194575931	0.218449942831892
0.188005837318408	0.273621877581543
-0.0237685644571105	0.024656972013843
0.0664130717891612	0.0633250523878836
0.448590035644103	0.588642553215464
0.346810407957564	0.40093312641097
-0.000240368310173314	0.000224114931562667
0.123415808297195	0.188449353831658
0.141853703332468	0.216181875106305
0.25357987596295	0.40429047403595
-0.208862362819521	0.301249398093398
-0.0428027684040771	0.0527308442319085
-0.0773201617419291	0.099147037677284
-0.132349308791953	0.189700128003421
0.526424509267326	1.1743724798273
0.43721371705379	0.758058097450223
0.439405226287608	0.506210170529455
-1.78355593853231	0.415040398756502
0.470341779649235	0.742245243576867
0.476918917433309	0.673816884980482
0.310795272296373	0.364524592347443
0.128346190955407	0.0977665462372895
0.72322585528587	0.79891834128169
0.720082815228955	1.20086532705519
0.356280300998218	0.547522078606797
0.172977606110309	0.22939004353288
-0.197680003004035	0.290123811778408
0.331300022599354	0.590002028436025
0.245139647624178	0.365182251925944
-0.13123913782348	0.181430262089323
-0.682867059319265	1.76444566551988
0.116636616491565	0.149503031400495
0.549398597248349	0.718499223059426
0.540809362340955	1.12637298181443
0.0794478866291905	0.102334524041919
-0.119414172465217	0.113920822859451
0.566850786720698	0.778638873119315
0.512198630322112	0.682458822599358
0.065518269986974	0.052015485344619
0.213788598962543	0.183908492002535
-0.515595792866072	0.472920497489402
-0.198283663438093	0.239204070672741
-0.113367807991478	0.169883761984929
-0.106786656257307	0.144533439861349
-0.182286168802194	0.306541394232555
-0.0452574020782193	0.0565629331112536
0.340880023273955	0.695965863515914
-0.243899439366237	0.45334441172634
0.0780555708838528	0.103527795469889
0.129037545601486	0.183474038167825
-0.105512516749679	0.140683762493783
-0.0554023177513767	0.0737307629544108
-0.156254801867945	0.239927451248511
0.369921909348619	0.731664396464504
0.0563913586002382	0.0754173739604519
-0.474690082270215	0.702786383088771
0.0787787523829856	0.0793688857612948
0.562194288013075	1.18033870654288
0.706441319490224	1.72779916836351
-0.113274260125816	0.170386741311939
0.0835069401381121	0.107991282060489
0.229609692572843	0.358938207544967
0.0593774891947395	0.0715633378432002
-0.254396277056293	0.425580945999083
0.35641864703793	0.681500053235341
0.493306604952472	1.07006905792159
-0.0217665500103148	0.0263479450778991
0.0627923314608495	0.0764159544891759
0.281383114402241	0.274646740572749
1.97547028331465	0.493643388518992
0.425048610593937	0.643702750466532
0.417299471386989	0.569733953088615
0.211371818723198	0.168390703500156
-0.294474081684202	0.275795216503371
0.441428534718937	0.590475055120083
-0.00474676139921432	0.00522822938953025
0.0428174302063855	0.0520265564148773
0.031453844410779	0.0419221328067466
0.702844576033004	1.82981244574349
0.399310677179384	0.78587560189928
0.013026628169886	0.0166765069148533
0.0182196360222899	0.0215206675752341
-0.101548544243902	0.0975776531652713
0.302539974053302	0.479126498702462
0.511861898642945	1.12830028502573
-0.307187872871553	0.423761298387067
0.436453484791032	0.508895970673275
0.730197664373139	0.93830382556189
0.426701374129355	0.511914617310439
0.364501229417341	0.342987704255163
0.409199278608415	0.349269193670317
0.59831036940892	0.650572664408081
0.0790220208215504	0.0808712961257038
0.0102690776820314	0.0130478630761269
0.158270826499156	0.219666163753001
0.46957133079283	0.947314416303668
0.539222381617831	0.95386545926124
-0.0386250667093729	0.0513642986401726
-0.0210657931349004	0.0257311911826835
-0.1356747071272	0.187976404833102
0.311588378946437	0.518683966287455
0.0666786815140169	0.0822759729316732
0.126698880477381	0.179482143980617
-0.254575949503863	0.445304680789141
-0.291973407044195	0.470065921992706
-0.144863504854402	0.190637427356596
0.548032127396843	0.942379499375336
0.0339368240541115	0.0290070135857939
0.577419036800555	0.874625573918469
0.413531662906197	0.593441695333944
0.346638165381295	0.597274606913949
0.506554419530178	1.00223805218648
0.0191862805097145	0.0216403382701152
0.456380138664002	1.02197724141858
0.231798978917198	0.355273582692324
-0.378527253830944	0.737149103578797
-0.00585059168576979	0.00691056583495242
0.205120228254274	0.300302381020357
0.116940569822502	0.1729024811498
0.150257330588708	0.195536783095878
0.0284617548623096	0.03299992859562
0.18033015235667	0.257165492098012
0.672853605123633	0.842266216432673
0.388126452218393	0.48841312422902
-0.0328725060545549	0.0237111984181686
0.207010328183	0.154957254465991
0.156365047642146	0.210952945099544
-0.305682570228125	0.454863933880065
0.250674278446961	0.415102574540579
0.524073257953774	1.03370966537351
0.118347884472234	0.16844508734153
-0.455320989759741	0.991747468046853
-0.0651169157970169	0.0765796141951116
0.0733131525739336	0.0776095249239519
0.143076871956998	0.195013237517019
0.253030361296164	0.389607691253708
-0.0418104174401117	0.0420866261971848
-0.0636559806104157	0.0511822029388081
0.876331520180197	1.25305618386662
0.147139422432469	0.138209646489228
0.0864950985089351	0.0758741786557802
0.40018445423931	0.416917394546223
-0.60103066437748	0.708155792169027
0.219600395483971	0.277979340394594
-0.467008423552787	0.920649148134275
0.0271110949905701	0.0364474718703173
0.0919197840118024	0.136345807130293
0.104518830844734	0.14835890420422
0.190011457394614	0.290381020536953
0.075753220014559	0.103563750996379
0.172023433686172	0.23094765804032
-0.427215795461402	0.83963926534901
0.147674231865811	0.220828621851131
-0.249144801575157	0.375486359647077
0.282073400427049	0.457967744934804
0.0102664716435951	0.0118950830509337
-0.492951729757019	1.04515190566019
0.477922758371753	0.701882258737997
0.00824388825107221	0.00783504186537314
-0.0307982392452399	0.0285109853234937
-0.302153593160563	0.416434933383424
0.231452754156951	0.358958645968265
0.310818620075159	0.54543385378475
0.16060301051572	0.21314727599511
0.112312290584659	0.162188874548921
0.428939333726079	0.7473810823418
0.424303923651775	0.864134571317106
0.377127931381767	0.664487457850603
-0.48236956275019	0.893966652000368
-0.0203646292525984	0.0252550682166464
0.400280074061999	0.661652285506462
0.356463603469942	0.685902604672855
0.114031213972188	0.152815383222064
0.357977565560883	0.407920350587345
0.165719814080059	0.032118911098423
0.52622055469443	0.952922237288071
0.439408694206643	0.745733230523519
0.207760917183293	0.325816429265704
-0.0144889047572948	0.0167503076137741
-0.238911812402574	0.36490037257071
0.130423764904947	0.181014414312305
0.0676900094991371	0.0821646141027468
0.236121069777827	0.323974098754627
-0.554559162242291	0.842659719212614
-0.386926151254378	0.706424199511176
-0.495032946180881	0.93625111390412
-0.112620882811898	0.10719813597056
-0.434087577403547	0.497593581290032
0.384305391420158	0.506118409033735
0.9788928235004	1.25100801497091
0.453149429089682	0.50913749986871
-0.0987881762575288	0.0851788550812951
1.33966605057599	2.22562664510424
0.205693500938319	0.163961310608565
0.33297303027843	0.333153034114727
0.253737302995739	0.319584536345722
0.059386210661146	0.0758341814078736
0.213042619508325	0.347607078275081
0.158606720804717	0.210754558417673
-0.354321837984621	0.66208307351455
-0.159421718111311	0.249060066958161
0.0176816560473973	0.0239414653341259
-0.221379413663951	0.348491523168643
0.403051564960738	0.8156810003313
0.485758051901956	1.04245063358605
-0.286319238197722	0.489742283308948
0.172017087372838	0.238796622268102
0.0227810522604118	0.0257388124464973
-0.02171979739798	0.0259482314047236
-0.960939755503933	2.2117836072851
-0.337803731924984	0.402813476130759
-0.0305121123221834	0.031276582460848
-0.158203556710327	0.218794728323576
-0.231901922774314	0.35422952871016
-0.321456638176592	0.586751703985706
0.235283470635768	0.347239097392141
-0.201389478026281	0.324443991568746
0.147339622948085	0.210973006966504
0.0517924305677839	0.065011598159065
0.282375745528501	0.429626449998452
0.311371186210326	0.534339479457834
0.523224873806937	1.15898419964268
-0.163523523284991	0.235032966193706
0.127449662094294	0.179669604229017
0.635203267465399	1.21206266650538
0.314414808065116	0.344641902304368
1.97547028331465	0.493643388518992
-0.207192531601124	0.295951813509791
-0.1805026038354	0.236259883725471
0.149331956315382	0.208221287978273
0.606548274359709	1.25795078480003
-0.0390984138558901	0.0488990997027175
0.0922644853274121	0.112206398324412
-0.308370166975237	0.390767348408896
0.307329335391648	0.451966993872489
0.10623047106815	0.123048699767188
-0.0643568282589769	0.0636486383036669
0.253599126004993	0.26151143344491
0.218187774022547	0.163785339751483
0.443154241803413	0.351821087964971
0.391305215523121	0.417952828089264
-0.447924542190957	0.515925991172793
0.207293313136257	0.207426736213166
0.249592053536383	0.261907228110207
0.587557941090687	0.722181685426377
0.387430760126806	0.498523374837785
0.435493226829724	0.913516201223198
0.0059572223647704	0.00722240404701153
0.275963477797736	0.487582685274322
0.354522190822991	0.596953901842645
-0.0270497328757804	0.0332279529242937
0.334897804573797	0.639706661211813
-0.291173953324994	0.494835463609771
-0.0115913325600301	0.0151519275418596
0.220667961837827	0.350782777540657
-0.247844393434553	0.372055460352946
-0.0814780588431954	0.106914044626044
0.288188579645174	0.479353574212932
-0.272060515370363	0.405428105021838
-0.439430956661198	0.662100262896685
0.296628202924941	0.386928696093303
0.411505370660006	0.576143924077304
0.627643721426301	1.13377167020561
-0.400801646164654	0.750499419391779
0.129356659238176	0.188308621855608
0.565015218047034	1.1418415301062
-0.00328792672766684	0.0042277360226012
0.0258815895400096	0.0322595234809242
0.467694372335407	0.990342821858103
-0.157329475762848	0.220942315704112
0.401297626018501	0.672142350980666
0.0327645553330522	0.0439100185127907
0.0360101687531352	0.0460722802238534
0.439758328889926	0.811863571423253
0.319830661089917	0.531299964392766
0.730420956658844	1.13284030663597
0.163198318954765	0.0319050580443516
0.720345954881466	1.42488179790518
0.359249538012345	0.411113149071289
0.118716255498686	0.133336955434856
0.250959451470325	0.290511237828414
0.0853671579946449	0.108311093685079
0.1758264898118	0.245330296904889
-0.0928210388923494	0.119185729440975
-0.0832132609965399	0.104469567188965
0.236057866213019	0.369152011177141
0.474886358749046	1.02062533199374
-0.475140872072609	0.815857949818959
-0.537393190411746	0.785694104303102
0.209291099488899	0.314266169894834
-0.349345313234079	0.527050826075427
0.121082429531293	0.12346217274168
-0.00167766904010414	0.0014308824319626
0.249124876390387	0.293863905687735
0.382199236361478	0.240931739016405
-0.108639451734039	0.0391101474503892
1.37748446723776	2.32722725615874
0.258558033793791	0.2659040861591
0.446694691259436	0.528172509835008
0.330246976251051	0.3188894395118
0.619620468834478	0.65789197154129
0.306870890990637	0.355200866052733
0.53033263887028	1.23653363681532
0.214130361566413	0.347511846002326
0.172639034649824	0.214592846247963
0.21906597893089	0.370218923533278
0.0971362446424174	0.132882159906525
0.375674221617821	0.650311313962872
-0.0957408615169012	0.126027842877187
0.0423196595171705	0.0519899622524251
0.0518087118511288	0.0589853446039271
0.223201343115251	0.344358240978752
-0.291344178367262	0.470100932793281
0.140705939993099	0.189418071482321
-0.734444019781873	1.37554786932353
-0.484925527203077	0.608522245816305
0.375361351935941	0.416840098721666
-0.409728560306177	0.614209283081839
0.431971687810282	0.750314390999922
0.126043137725857	0.163609866872483
0.174795817680252	0.20346125537209
0.0321537123182682	0.0424237979079095
0.164644687989066	0.23817596814922
0.388588432597022	0.727541758074431
0.505755100406681	0.992554138619422
0.0924584265955855	0.112280709422171
-0.0460013845343012	0.0559269960988932
0.151344496768	0.20397600932829
-0.0826546136266997	0.0990379409892392
0.193116388812394	0.251020075782868
0.476096965748266	0.597489607590687
2.763165878025	0.807280260774878
0.285188468526853	0.344138778779525
-0.133217032498291	0.146273179317242
-0.283201768211747	0.39643874992066
0.720668686641767	1.68915165951203
-0.115293334750449	0.140333203617792
0.214184569601862	0.287271450975647
-0.229061696230291	0.370403961295549
-0.397365019143142	0.634111806160171
0.549615321861528	0.945839461720207
-0.0857899592763467	0.0686931398874236
-0.062969862615932	0.0719248924414736
-0.0505572983372515	0.0618869868402582
0.35436826538082	0.504629972633935
1.44287190617765	1.5795515629407
-0.239915959687769	0.212340019077319
-0.42054233712628	0.256323044773897
0.105631957836017	0.078560000072471
0.472264535182889	0.592550081411213
0.188905527913183	0.192656346233079
0.210065701900552	0.162264699700061
0.339285444793532	0.593295698917756
0.370812454529555	0.66372695358079
-0.0470453178441976	0.0587223203879492
0.497883966503067	0.988706268618915
0.0646678606450442	0.0870926600890269
0.339126670281423	0.626920508390248
-0.0562570576732083	0.0717301104271645
0.0754561443475647	0.0985198403223059
0.488043957593027	0.96573320994714
-0.291680416353501	0.528457545525238
-0.113191470943616	0.146055834153261
0.527847951345994	1.04186891383606
-0.00780324018170049	0.00806820974744391
-0.206661908916085	0.23122889172913
-0.0566337750973447	0.0513792601056283
-0.425652502874784	0.649966125482738
-0.430697667123517	0.775325998573088
0.565872888608093	1.21093756579347
-0.379456498633966	0.632632084838356
0.113374704072427	0.164071902484962
0.706595975516622	1.74710264855141
-0.207713200936971	0.326866010167963
0.207561993777969	0.33213529447639
0.300636396348934	0.465523559161664
0.549591284254921	1.09770238008271
0.208862935866242	0.31257321853612
0.258464030164391	0.428334549802624
-0.557686398887514	1.10805418214681
-0.236944464464945	0.208661984196721
2.76383716543789	0.807175794601505
0.0793323387586243	0.0680569464480911
0.131753984550846	0.162196660221793
-0.341683339876939	0.562137011405705
0.135065918014801	0.170645344935431
0.357576304113319	0.596629410837729
-0.324662215790722	0.54321677460883
0.075971612101751	0.0983126479979931
-0.0346888388028159	0.042767320830151
0.258497380061779	0.383548525417867
-0.158901485080424	0.164125618660569
0.196056878691658	0.295623988588289
0.192759021038247	0.279689360169867
0.171599149491743	0.189685256804692
0.525253515622778	0.746409579173414
0.662367399293212	0.588589835557563
0.0790631158677518	0.0386581303593496
0.227023201525475	0.142968814648616
-0.158386507999875	0.117393342593414
0.00403573275101043	0.00254574621157846
0.494589449549185	0.527422463930656
0.206142189762033	0.193012470363667
0.447880698979437	0.502969631518729
0.154190871997129	0.15357105030516
0.26054749792575	0.461600547595762
0.195357457263765	0.288425801828544
0.705929493110295	1.70346160762701
0.317362858376658	0.544933730357132
0.12465778820421	0.193170570519013
0.200111353149933	0.30658899862874
0.0974415022229049	0.120087715990079
0.379024552130521	0.730086764580509
0.279013483101046	0.444403190237622
-0.408677156928887	0.824272639213141
-0.242786536738662	0.363873340955775
-0.215667355764193	0.319589418005887
-0.27237505702021	0.428387311402006
-0.548129969422508	1.01473718685688
-0.494557460378866	0.652515675577926
0.698902168694118	1.02090136605887
0.889770756625602	1.78087020226749
0.037709456358836	0.0461745673683865
0.461220075196791	0.938214742409166
0.0934532369579407	0.117562039550345
-0.0545251322203718	0.0728558723178251
0.2587479343673	0.474981296322614
0.388738300170621	0.754529643457244
0.0404225894574066	0.0485579996851949
-0.300865432772284	0.471096225960051
0.0216654758635308	0.0247151357130272
-0.412951538132855	0.659089794699214
0.135275885146273	0.184308122359411
0.327897188378859	0.56469746004071
-0.550656140026421	0.625804216288635
3.25585177993415	1.10585266920525
0.190878458152173	0.21014174534541
0.232274913493134	0.31339834827336
-0.462960274112309	0.754325390450464
0.0985763932152042	0.125635724180839
0.454626985541484	0.811114199526215
-0.319521238933552	0.517739380009019
0.0229401080109204	0.0292124173870419
-0.897564710532591	2.35829623025487
0.0889510283349063	0.102565899128
0.0213273493416396	0.0175677641563244
-0.38143346501559	0.643452860212522
-0.301441289632571	0.510873215155302
0.321296411080702	0.448022378927241
0.401456856647535	0.418244250141716
0.408922852002159	0.415802790245782
0.351822433491306	0.434913460061173
-0.204438602348951	0.146352635667881
0.711029857842433	0.619564548964531
0.215388281781829	0.155949958970841
-0.335474421358863	0.252641755115982
0.518960592928699	0.61657556791808
0.797292259841251	0.932377102311573
0.41114771774893	0.691255621377325
-0.375631221287444	0.680389341799673
0.0614697646811062	0.0822238819266304
0.220802188535591	0.330689333889512
0.0080436642501466	0.00921159798738355
0.373639026260966	0.691196223781318
0.306930051464684	0.464854147072909
-0.352180683565764	0.587190812703785
-0.59808563524038	1.32730659163394
0.18716929078828	0.255048620281504
-0.320088028258924	0.534000336032972
0.152933604817015	0.214751822236826
-0.325011254641875	0.490350443007175
-0.359985680234527	0.498718061249584
0.141409127236845	0.123934319476733
0.199794540837365	0.206606241084932
0.579197696131119	0.954103003151959
0.255618550258665	0.381206040712351
0.100461703491355	0.131273862356658
-0.0478325564493215	0.0578210141517789
-0.209861385204044	0.350094291981411
-0.212563347776219	0.325567144985368
0.189906309003347	0.280693745356243
0.407949864445751	0.660339402955095
-0.237428451451274	0.320184782890406
-0.300432432251877	0.485235096039109
-0.160144224440021	0.21189709250979
-0.284497537926336	0.460848423623456
-0.31946686141967	0.475657037703991
0.535057267369547	0.693833920792536
0.163786424348353	0.0319491236824782
0.424962462801193	0.506518546867323
1.16227560617761	1.89877730221545
0.120368549449356	0.0884614836233901
0.319485422651085	0.237396295151581
0.314521964625956	0.358672901989402
-0.259256946191765	0.332601728946318
-0.711049752975641	1.26314511304227
-0.254401328539854	0.402986828045069
-0.00144734991277324	0.00169321062668164
-0.109219654924081	0.155672524502584
-0.0938674328131043	0.120494653506442
0.188310253170627	0.269263648769327
-0.0725096896689585	0.0865053439476818
0.14952735971834	0.140769517162055
0.323404051203904	0.43057013121012
-0.179621211477939	0.258490628684578
-0.000939220474797098	0.000685164179996693
0.380913173402023	0.425530011918025
0.503782339909017	0.458998995764312
0.0278631394619725	0.0188365653302009
-0.800658579954419	0.987669586049824
0.0405036961110717	0.0343490476503498
0.602063581809332	1.32954195820889
0.0314000800103526	0.038826740350435
0.0591430732779732	0.0727199517225697
0.263085399403919	0.491754353097151
0.207448656738396	0.329555095505914
0.266288247046566	0.444867164894358
0.578226156917333	1.36423976834076
-0.294781595780694	0.520597978724144
-0.151845905850556	0.243628751280142
-0.00452169438173108	0.00524847138243362
0.182028595318628	0.252642639875236
0.204971595679244	0.30930890269835
-0.424583279984848	0.701817767452797
0.31807407483144	0.395576107252233
0.302899710957593	0.350061282014556
0.0104454875701376	0.0101580220015284
-0.182103837101649	0.264957406704418
0.239012549898297	0.406496610341742
0.0451292363172334	0.0524810078131975
0.336320281009673	0.700468984289879
-0.162744474532299	0.251441278888121
-0.48661361908019	1.00314176712403
-0.361766718189843	0.679493570693344
0.448558674454411	0.845601970730403
0.219279341691417	0.375632725182284
0.147375462244262	0.196715503179734
0.136823844898794	0.185192553748944
-0.154344896604663	0.224705920322362
0.889604388732152	1.4263571678707
0.560538756248978	0.778306340723873
0.80919132835379	1.26204978989146
0.276125028251037	0.249130583964273
0.20051082713931	0.196399017846603
0.421391585457164	0.583428136533955
0.00540316549570492	0.00586691241796217
-0.412742131580194	0.697827601135333
-0.0167732697675643	0.018538461334983
-0.0388915500849469	0.0450277460224994
0.299401433691958	0.456835658009806
0.22946686889889	0.350282962652401
0.0206091646148007	0.0243695141427521
-0.136164369863851	0.184017044719003
0.230616311876977	0.275210703397834
-0.0272020815973567	0.030936913227128
0.0983530254407971	0.131491572024907
0.0538554052910309	0.0490577876506755
0.503056992001726	0.698086964248015
0.219060559726576	0.156436033061049
0.838101705380288	0.960704366650407
-0.20958159025776	0.150554771810532
-1.36462108538193	1.84142147354296
0.0381251770465275	0.0335177190311543
0.458538167977607	0.595841133548664
0.38983725196239	0.723020199409223
0.410213062492814	0.588735115682988
0.5138483076144	1.0631882374796
0.142189283822024	0.16154180069595
0.362283324874489	0.634765856867197
0.278596851404563	0.386477779038417
-0.130404878897014	0.157117924356435
-0.0520106965828213	0.0524979925682817
0.355227294150735	0.513751915575589
-0.122496186803324	0.150454797591794
-0.311690143228053	0.486408025202401
-0.430558659621165	0.661151775973421
-0.201152082254903	0.196017809578163
1.10939708256237	2.11903319160734
0.507223094144784	0.743494489205941
0.0285658691928064	0.0291372680323901
-0.736581803315334	1.52997615747222
-0.358796104574043	0.529742706907699
0.180220624338542	0.259509380031184
0.64512845350781	1.35647918820166
-0.0282405032155935	0.0337287098450869
0.435784633491823	0.671887887378103
-0.204430005596238	0.264355126507081
-0.40333300119214	0.669191839374834
0.401805901370674	0.572644022086592
-0.219784904712014	0.284565275734467
0.044639820698349	0.0473146571985043
0.845275980591364	0.976620327126398
-0.10852309741944	0.116486874185879
-0.629309394437434	0.973890076989478
-0.440763870034234	0.421310767033825
0.274079495629857	0.265298063520255
0.206523451342899	0.206278430796048
0.191122722385713	0.214335033359656
0.032936217571107	0.03201913698631
0.482089982724568	0.797513369550925
0.119515522304601	0.1269478023767
0.373570089601877	0.538808263331058
-0.0196310299655181	0.0195828627277836
0.205167972118654	0.256581516931936
0.14148630149132	0.139521303203141
-0.0859463591600064	0.0994342460920807
0.026076814339242	0.0293704058484153
0.447545269519481	0.697012530588536
0.3428462576187	0.604846765369942
0.383563829502509	0.581973262938208
0.265533339431161	0.368192806035903
0.51100492326537	0.761608812184618
0.295903921421275	0.353663760789731
0.873103556049113	1.49325804474411
0.504209755429581	0.612931780638043
0.200120333935821	0.190588281684725
0.197947389965879	0.203669811310044
0.012155323065997	0.0108604966265664
0.452325629193995	0.512582631975072
-0.0832538357246103	0.072134679162593
-0.474063218075152	0.624781796400028
0.244324228910105	0.402746670484716
0.339041390504754	0.516188264389494
0.374050726040659	0.48660361545799
-1.08220983891596	1.90270188731922
0.736290611630552	0.974543440608626
-0.383132493773792	0.348160673720754
-0.0435969134202037	0.0468919134201284
0.041678243351706	0.0361902779641098
0.199779241695045	0.181659747234266
0.0956596537026867	0.0844501626615885
-0.283261410484285	0.285564393965947
0.197931828703473	0.18842786038533
0.599839015230737	0.781057688365573
0.360215536514543	0.34025776661528
0.144279754130862	0.142974758979242
-0.450753555602927	0.398187693003053
0.346651994306377	0.519676661214657
0.0331099032361197	0.0353106374021916
-0.14722597927773	0.176339858241253
0.233178063863788	0.400179525174935
-0.0591234016765678	0.0763210529360375
-0.538876921684117	0.874625643052135
-0.0916886008517414	0.0964520354048299
-0.0673747775177948	0.0599352983668131
-0.270253459724816	0.276306297073133
-0.0261052256386794	0.018858241996342
-0.279997817019008	0.325069433412994
0.54356786931349	0.746147021056415
0.332949164285691	0.438754311902511
0.359743588008994	0.422498969826712
0.592317679702096	0.947471288545552
0.127085081927942	0.152052205826183
0.153889741933731	0.137729413335762
0.0844567521425782	0.0755892457159061
-0.0218412430281292	0.015801183388109
0.202394991991429	0.193189669307793
0.14521639549282	0.144092255138357
0.374903769461028	0.517646513853502
0.124049982131374	0.142150278219969
-0.0409319164805153	0.0337585998583975
-0.416631724099744	0.488525902872881
0.424400985520919	0.416347063706889
0.633158364589765	0.586206415228381
-0.00993840747915541	0.00849225057958463
-0.38933136260192	0.409430375307671
-1.09381066528598	1.70668236425799
-1.15615017990199	1.76085697104899
0.0671022489147592	0.0518312748470854
0.338154477447359	0.332100665415093
0.134147087672357	0.114315060863495
0.0409178698609626	0.0442383244010763
-0.0413364836717514	0.0416054680235
0.308299921111706	0.354345413550047
-0.15095639120064	0.140580667099079
-0.736313442299835	1.29663463883444
-0.137881800528359	0.1374688434563
-0.12732903892725	0.137623922359159
-0.0607567001943941	0.0542732222529544
0.205027950481877	0.187219446190752
0.00431164617155933	0.00341315118326932
-0.0128841747377767	0.00951239962820891
0.0705111625703771	0.0561269111747004
-0.347861055774571	0.341110247673982
0.289649408977306	0.255345407879269
0.444080014269762	0.511689851609273
0.069753926011896	0.0810597172006376
0.611706602933089	0.582761955214364
0.494713456968814	0.362945534126787
0.697801795477051	0.501461519310277
0.489428810284038	0.357797619537175
0.498560148674175	0.534150774495633
0.825696012097467	0.65950482920086
1.00777821521807	0.699333433433494
0.90120875752713	0.902130467734993
0.218517516978471	0.138342359352939
0.547268651071642	0.54544463984179
-0.591153642729009	0.956594565257804
-0.917853824931101	1.43356436262219
-0.0631476518388563	0.0508349461725449
0.545400655017747	0.469060075828764
0.536165164463273	0.460220579703237
0.231697445448342	0.12960337236158
0.357994726326105	0.338837895868109
0.755829076456307	0.813998732378903
0.301444263866724	0.238103094842063
-0.613943751523222	0.513329063844227
-0.0637238904122258	0.0348308077138769
-0.477567045153279	0.330859818448561
0.269647672914291	0.244456971672693
0.424870088813982	0.349485282067419
0.540666635026705	0.467076941780492
0.0645994337974109	0.0292851041889526
1.9760405399428	0.493213117693187
0.271839107635334	0.316360532960763
0.523046223493609	0.773868932799312
1.00514403332794	1.45592634743538
-0.282696597097966	0.339159762995025
-0.0371087008139532	0.0342302913888666
0.299829504400611	0.448334230584533
0.871147316978288	0.793317038280894
0.143078380897025	0.125181130436806
-0.517958561181834	0.692646257405638
0.330695871702052	0.340147000089068
0.0496201148762203	0.0550016192617059
0.0874566608623956	0.0862562017428704
0.266339929708876	0.250502157297381
1.01300742918493	1.18554291973312
0.213400909191309	0.153836155323855
-0.671512371118273	0.496637479654185
0.98165554174207	0.95403783446014
0.861152695433103	0.889707820763406
-0.138548363389245	0.0889020239513944
0.770066198476681	0.749664487311744
0.602483019690851	0.807562648288512
0.919464724568445	1.28946538653955
0.146647628999704	0.130842804424094
0.385783956842818	0.429874639851803
0.775602055902827	0.84070068299177
1.61010308956943	3.00875861834498
0.433661294140285	0.524993028141379
-0.0132416722659841	0.00989320905622865
0.0435966487991276	0.0316208509230684
0.0832083544464623	0.0716957302980571
0.411355001576567	0.432963926580361
-0.790105243346645	0.919738374542161
-0.0248831471880704	0.0246878381200083
0.571871011976253	0.929554311018279
-0.0981247712047464	0.0760881882757039
0.476869105457855	0.533028498691033
0.640558799928237	0.678185026057606
0.286999741061877	0.250765938382607
0.142185136969006	0.14039717638831
-0.0269259643114575	0.0224980253599118
1.16256023742378	1.98465011150217
0.316005316606438	0.354642667962442
0.211231607630808	0.163163919215178
-1.00386512441042	1.45452583377311
0.759393340678585	0.977018426529835
0.455614200396745	0.528169470273584
0.531369193973962	0.701745849920968
0.0756635886392663	0.0403586781976116
2.76098037058925	0.812188394353738
0.484634752038762	0.673824487794571
-0.0816500707319779	0.0842220661548989
0.017083625778864	0.0203000414182077
0.114695598129278	0.1263960243749
-1.31106052412255	2.36759543842251
0.205628187828884	0.2053817041113
-0.874595726032953	1.4908080950272
0.294487609553227	0.396051769946287
0.60004826916972	1.21511055035292
0.0392016798600082	0.0452456093043044
-0.158075973750983	0.173374456900532
-0.319496836909513	0.294818401411524
0.25398016570455	0.261699913076117
0.315149798546115	0.254584365755405
0.770282070134836	0.917211854344284
0.64812265163944	0.754626373935771
0.597468951708479	0.725682415306548
0.901945802077948	1.17880452494776
0.11137743882754	0.0789925164737609
-0.305747501654136	0.259831083513747
0.287962530698817	0.237317925402969
0.706180034732272	0.875866932808835
-0.993478436256023	0.825388883496694
0.318058577136638	0.240733827198658
0.0321663948301139	0.0217171942100044
0.205750862394525	0.162946259497464
-0.495257775044442	0.430814814045917
-0.000220786300288535	0.0000184193726648918
0.217710629324295	0.182976257637317
0.259469690359642	0.435887301310589
0.0904780564392006	0.104118221459962
-0.0243711780024355	0.0180058708889868
-0.0284938720272129	0.0208029940284009
1.15396169529338	1.28869587970413
0.210204623511246	0.157735147149645
0.417700172056258	0.503860973808084
-0.153768702742045	0.114344779042285
0.534615009624118	0.550024156567402
0.0145257938545248	0.00945905548917909
0.214110312305072	0.147894670648209
0.651866940232219	0.679084080293853
1.08947472062969	1.42871664521624
-0.491808495785853	0.42589612918825
-0.0099241132804456	0.0059803062073562
1.31994759511462	1.6497447450724
0.274393885570802	0.2585809966166
0.323129147233679	0.33831939449452
0.0656612831328793	0.0730121210612189
0.0558147118648845	0.0439382848335631
0.535535480126626	0.602510986868195
0.335414236493396	0.434840789753875
-0.279198282980102	0.338802288442271
-0.582526310013508	1.38913002610836
0.0697165186684497	0.0792975392099145
0.990514799715471	1.73141670499957
-0.029255000196423	0.0211645001535652
0.434417737496813	0.423352403568884
1.01522364272099	0.712187469293907
0.435556920209036	0.34282441961179
0.245224475627065	0.13630304974554
0.562918949238466	0.366551884753866
0.316584275866495	0.23867932234685
-0.112696251578628	0.0742013662067799
1.03498893286779	0.845392497451682
0.946805315570728	0.823858929644793
-0.170574052561802	0.106473844895616
0.218931812691202	0.157467673554339
0.609855533801097	0.490909237539233
0.648110474828406	0.496090087413548
-0.413121807661853	0.294130154952774
1.78308167025535	2.39496309943606
0.16682550381409	0.259091481750239
0.343725724677167	0.505451440106549
0.121779584666593	0.0863035243596063
1.01842794624232	1.19541898151458
-0.667261874447018	0.485835466354897
0.0742274100555857	0.0335166994508384
-0.10446931016597	0.0905872474311716
-0.308700420814859	0.203431042291949
0.224602886860565	0.147965260973335
-0.550610453361073	0.368484608910424
-0.4326472564408	0.31069179507534
-0.633309658098842	0.401429273180649
-0.138798602595841	0.0891539653068089
0.484155486091091	0.345962320043173
0.414387146664757	0.337876208513108
0.830046799033734	0.426942545622501
-0.661395552979498	0.895577665413286
1.23133734055035	1.88901681695078
1.09363867878294	1.33589894199966
0.0744721725696245	0.0647971439876646
0.153480265469007	0.16098585557639
0.165729632293695	0.262936125672829
-0.143364555052875	0.160570368038586
-0.0896822661812348	0.084783317287949
0.0871976977147645	0.0493413852050701
0.582851119630226	0.648533267953294
0.121441915797914	0.0860149564741773
0.506195643859498	0.528821254455449
0.539656209184186	0.553888344896265
0.983323401585902	1.31810496808941
1.02584484884215	1.26808919367116
0.794310471079023	0.921030541117819
0.632608667742205	0.759617110535595
0.526706709251763	0.53205404471218
0.0182651439644095	0.0223722805184314
0.9226489358582	1.51305322194014
0.635122816946792	0.587382540122187
0.510259699809846	0.535309293374803
0.87012443327015	1.07914761009163
0.759862571560277	1.05933697165414
0.0403981332602348	0.0291484928878446
0.0458912890944312	0.0332563948067813
-0.0754301963820881	0.0610693862436586
0.761437367289031	0.824445043670701
1.14883750654314	1.03099147815048
0.370795205118364	0.348834212056541
0.198344707405458	0.166102640178964
-0.0464440126658077	0.0261764246583599
0.634411002425213	0.591785667704347
0.551472091596534	0.636292709017598
0.384938717579591	0.41974223411915
0.140655846648571	0.161349033875583
0.0327395196915143	0.0377546360771705
0.682720355962911	0.939638637443555
0.615514500727378	0.731961216987201
0.677172270250997	1.15057909053099
0.141937170820292	0.132236973110966
0.0767985299763244	0.0811389629145346
-0.319828420018885	0.36447644448794
-0.136914849397786	0.128041424429763
0.092853344085526	0.0852397978424805
0.274033011568395	0.38376716350646
0.506042922406647	0.687559164608136
0.472173537247492	0.604766631444982
0.156401259050544	0.15975097767117
0.940942617131506	1.47159280956068
0.761116553981917	1.39625279323814
-1.15658496224123	1.7826077380391
-0.322806188765412	0.358022157009255
-0.147472151458374	0.141453104507704
-0.109994456134934	0.0855939464241961
0.376079480671731	0.678292929369562
0.181764892064002	0.228740983298367
0.320764967585542	0.534088204315918
0.27528739218166	0.379787287618411
0.0809428921000498	0.0970399857118599
0.378305087911124	0.579006390278936
0.202147061051642	0.276762740247905
0.393869985657758	0.70870061691862
-0.0137046786822096	0.0146278844108549
0.163222775797282	0.173933834664872
-0.381407786590741	0.687960983687471
0.0771994055699769	0.0881143272696612
0.556763422332454	1.02612033059005
0.0358779861387689	0.0393759787844904
-0.179227176198203	0.23929847376343
0.120131920831005	0.134254872605134
0.48202787728975	0.826447711494895
0.342269160937848	0.452982555575249
-0.114875116651056	0.141177834626048
0.0495174981777443	0.0469766914805626
-0.639596283054735	0.156460136265019
0.483136506859698	0.8917075118937
-0.102669361985019	0.106373362626201
0.167675327182989	0.233553573799568
0.252266060295134	0.377584925318488
-0.0661801848688697	0.0814812714179284
0.249385594902379	0.293982065843499
0.480206477671296	0.963973458112827
0.410062319725471	0.799081760031479
0.597699008560009	1.36312132266616
0.341940875409266	0.525821988765141
0.363377242581429	0.533008961786684
0.0262544154413063	0.0289779673925602
-0.343717425609167	0.614796487299429
-0.187073548538618	0.27566119632823
0.557164716563695	1.12710100062267
-0.2609875468708	0.249215218202121
-0.644388682715615	0.156611606851412
-0.0826748491255991	0.09353228742007
0.150559132374876	0.198516652682528
0.253527840915607	0.33928418123519
0.0850542422765072	0.0991508771423313
0.358489111161419	0.662260766191686
0.722615620344424	1.6977499342781
0.539063173492897	0.934433519511677
0.01294936122642	0.016171613987492
0.130434803565187	0.192321170066158
0.148905946430603	0.243280263235579
0.46430504991343	0.908396901673063
0.00805727012693006	0.00951992689077035
0.284922153601629	0.443190500786575
-0.0172980238653486	0.0187551370247773
-0.184948880858076	0.250197815117074
0.530739439195537	1.01122003985425
-0.172103831564312	0.167257154520553
2.763165878025	0.807280260774878
0.299275352165835	0.450202176791671
0.195830247213869	0.24166519135255
0.792935112357607	1.66746797552047
0.850413171309557	2.02557289249912
0.300685481937646	0.438073494300502
0.45904091390354	0.904302286950725
0.243357994324123	0.332678077751333
0.232651755497964	0.4578531122485
0.166065005952043	0.236608881875317
0.334160626178685	0.553178293959638
0.0862921108474605	0.10380059148041
-0.559593848518817	1.04831122828345
0.365719723287971	0.633413693578808
-0.0473737621356755	0.0529968526137029
0.0407735933062579	0.0511052171865898
-0.336465948593187	0.568390978556299
0.0522807057886649	0.0475210871513059
-1.78346459010975	0.415096457236971
0.0841091741306707	0.0963421962605439
0.079976535275415	0.083602867226889
0.714700806331278	1.56717939413011
-0.387660563196975	0.546787208696475
0.0471123641885053	0.0540061927100958
0.634794948577722	1.13882527539718
0.099375131168642	0.117762852992373
0.402857397776203	0.583934640000708
0.0362097131548137	0.0331669288264802
0.59372614129986	1.10926707626977
-0.306325535333276	0.349126502488877
0.563645103803773	0.973533066468319
0.590643773459192	0.964019634022214
0.284978907508084	0.250949811001913
0.256624040005717	0.293240543105718
0.404136019725907	0.504909016576904
0.561135521026551	1.12745775752605
0.611325407234751	1.07884527185907
0.360508089693042	0.547306004532655
-0.678059230061671	1.02480829878585
0.439035302737004	0.602145902473699
0.176063039594837	0.207744431831131
0.776428052808308	1.42305984776028
-0.10715734597888	0.113945897658491
0.241468244126744	0.31305550731618
0.206808359428815	0.169582410443662
0.937310940021799	0.247681996839871
0.61712890248149	0.909571067385506
0.441082080257326	0.586695009147362
0.488449514610714	0.836131218029871
0.272803543520105	0.381281646286872
-0.141249664958651	0.14135569501755
-0.565333002495037	0.757133899818132
0.158881796938015	0.206423771931793
0.621326780338709	0.96724423778151
-0.344870613762984	0.454804141155426
0.213364802804007	0.252712889964559
-0.381238247073362	0.374047796034232
1.97547028331465	0.493643388518992
-0.268624080542271	0.343083403448227
0.172618360260792	0.203453053989633
0.310010912961344	0.533143436686817
0.281925366781733	0.469803059987287
-0.059541401634415	0.0750125777641204
0.448599352987032	0.862280528234305
0.649164953217144	1.45010962455763
0.069921187618879	0.0816193715411544
-0.576943934405389	1.23683655301212
0.00120823151246508	0.00132745752846576
0.0773588387624604	0.0925004098915176
0.555893005189809	0.713453579580128
0.163786424348353	0.0319491236824782
0.704931471042803	1.18949623355984
0.394568591042382	0.594390681313597
0.150520767826827	0.215751102178426
0.132686874159429	0.234324810182109
0.230272725773281	0.405096371485097
-0.0417733878257468	0.0575758286057873
-0.0306642933203129	0.0405396717122925
-0.0433778892752381	0.052297953248397
-0.249362340282591	0.439778671644725
-0.0740813287551441	0.0953373770804026
0.148557627911398	0.224264315829767
0.386578997555108	0.773850093145375
0.253378246259523	0.282967537767258
0.136474810645958	0.0335089325437728
0.0620461050682499	0.0690129463684499
0.322990462696481	0.693390421932468
0.176282861736773	0.259010768922982
0.308948744441933	0.65535201832249
0.0647395523880462	0.0965229986806359
0.0615145075527001	0.0855080012077934
0.113072351958139	0.163348051018079
0.405239151734099	0.751916474927389
0.048811110123487	0.0689910996450581
0.0938767967352148	0.146726132856445
0.341999717031782	0.617153854308047
-0.158057344821943	0.243634087776699
0.0870861424798051	0.0781326818835395
1.97790917110466	0.492162248022775
0.0824012716592947	0.0926018405301766
0.324916860204166	0.423399706179299
0.26386187881476	0.50008801822122
0.513337323258526	1.12058866446078
0.1282800018601	0.218720524747546
0.0167419592348421	0.0233777742179836
0.338175231191368	0.675243763909515
0.114686152626476	0.172330707631395
0.106743735830937	0.15178390346786
-0.00111591702824609	0.00146195679364588
0.173324837508414	0.294936028485303
0.301682683770588	0.566077466339078
0.100029797284168	0.146250606305263
-0.32536102794754	0.415090408953145
-3.47689322920378	1.23280103827797
-0.26876664266178	0.357155251855561
0.140213513759043	0.16961964039553
0.395682897186551	0.43158893563668
0.392623361676468	0.67988230495317
0.14463171589041	0.24389080737977
0.591297386796987	1.52725158827987
-0.00767397237099916	0.00965917140937011
0.103504624303716	0.15170908622798
-0.0976552219977405	0.146642205197134
0.075392014742891	0.111410925269527
0.221517787655814	0.37440645182831
-0.00725646876974249	0.00928893303281787
-0.0177804433943382	0.0237159703266842
0.116894043690017	0.167592397070347
0.334171334427234	0.595618502753499
-0.10799057164147	0.147126784159287
0.51960941275877	0.765480819045264
0.135590585919605	0.0332948985203807
0.342403022075733	0.503232632976899
-0.0760418847046697	0.0774810761871034
0.403446174482939	0.56261575732239
0.461059920620129	0.936757952312772
0.28876330358222	0.545550626847555
-0.131991083953303	0.210035453152675
0.40200850142639	0.782534774350927
0.13853339394443	0.239066976472881
0.0758137125667305	0.116720911011768
0.303459319096758	0.592381378941771
0.469145385210219	1.05499735995515
0.361112300208343	0.667991946957397
0.421395084685527	0.977388767701873
0.315206920626119	0.607386949281018
0.817626606302042	2.04521520237438
0.539523050319685	1.04376374762919
0.390186706946003	0.496300587647472
2.76604731521397	0.797140328730968
0.0480637741298422	0.0510592869302402
0.0780682853895081	0.0761356159039776
0.133558190825997	0.177582624811483
-0.0288234968458104	0.0342439694264335
-0.0809546190106335	0.0911424612737506
0.181716013595624	0.311015256185553
-0.247777827552714	0.367226499098705
0.467477720483507	0.979157575087482
0.303271715184517	0.497220649732038
-0.274983394606665	0.381581117542416
0.376236169896351	0.667138841096037
0.0832242138187549	0.103936245299396
-0.0756046502328639	0.0976050920739097
0.167798928430157	0.229059030683599
0.837992809110906	1.04362284900355
-1.78346459010975	0.415096457236971
-0.00971262893429081	0.00986555834848441
0.687058194195144	1.26694536282795
0.56121305829616	0.946591150942156
0.120779784952215	0.180400721190894
-0.0506154153182722	0.0686683020170259
-0.205210231706043	0.358915524544563
0.365997280100506	0.739720067595397
0.153064607172278	0.245834183468961
0.545024912044416	1.33234692868217
0.456572188826253	0.967387625079353
0.0342396137637279	0.0456921867416246
0.266322321921903	0.473374602695831
0.166535385287217	0.236576834995396
-0.0318582271384482	0.0422807268746756
-0.433162005561808	0.766179344409278
0.257654148869486	0.282482953350575
0.163786424348353	0.0319491236824782
0.0342563834148148	0.0375045951722905
0.237255361785256	0.255297213149348
0.295606284649134	0.379534898775026
0.412279384643519	0.736962386273034
0.210749716974634	0.329033752117796
0.530975221448057	1.24758470039025
-0.0376823660811498	0.0457808509950409
0.332829557509439	0.632395061244333
0.298173014478064	0.507642189786249
0.270357530389486	0.469303925835674
0.60472334928982	1.31651536465827
-0.0419792515771158	0.0502324411003134
0.151742075751118	0.218558873123876
-0.314165573403962	0.522869433336226
0.355157830277393	0.541965640504403
0.339401499096495	0.521902093547653
0.850320771526934	1.2256640835138
2.76383716543789	0.807175794601505
-0.501604008224026	0.719178549764139
-0.0194517952903417	0.0181915205311474
0.365920957432721	0.421653173770512
0.37191189641681	0.624823431559735
-0.222326805387599	0.339624555053315
0.265963182753356	0.439346399276242
0.286629057957622	0.492486724369485
0.869575260947433	3.04309884138503
0.925015161592347	3.05917495993489
-0.0231212132029107	0.0273010412633262
0.297154528145478	0.482780774846488
0.347972365605508	0.588863348962699
0.0727892068839435	0.10070194848223
0.651041801372599	1.48157963886
0.411557198961444	0.797805310539645
0.556097073048	1.08642262928116
0.821295776598858	1.29228547206083
-1.78355593853231	0.415040398756502
0.153791569343879	0.170247821715962
-0.00805820328969637	0.00826751938116814
0.471482954462775	0.585516116949708
0.436342969567326	0.674613723645302
0.521460164418497	0.763418829737242
0.431873801281953	0.68900249808778
0.41891312459124	0.733215016071424
-0.160533172131789	0.249699979363955
0.581175728336969	1.0567131960198
0.211153501295992	0.373026280098358
-0.290961489623623	0.529055399939639
0.60160474882039	1.49827862370296
0.354815808227411	0.615206483546985
0.306715654268765	0.535294132206493
0.195666946819801	0.279601861301487
0.590844916876389	1.30183837044389
0.555393604324608	1.12501424942525
0.414518921193558	0.716676433600352
-0.242448523871703	0.229022141027478
-1.78707841532115	0.414309017630871
0.0669410085094109	0.0670503647740227
0.363258943808664	0.494340994196773
0.373472706804224	0.522955425526637
0.4766291051547	0.862794700316106
-0.0649869883255256	0.0806233924912234
0.295844031092077	0.488251324494115
0.590675813961853	1.32669810474185
0.338916194033095	0.713484233957196
-0.0920135550338872	0.117589104227733
0.254843884598567	0.390757669368737
0.174446069389294	0.250426467983793
-0.124103449635416	0.162283320129843
-0.0289459222131569	0.0320917541714838
0.130796844399645	0.166928619436739
0.126490606101338	0.175693187371933
0.204258060736492	0.28877329058261
-0.433576143116334	0.4770302602917
-1.78346459010975	0.415096457236971
-0.263726227771549	0.303949811161261
0.00769388412168549	0.0068727462452012
0.46140360613676	0.669030634927221
0.163093558654437	0.172958992492988
-0.141483515881159	0.192175199289083
0.158398536934209	0.212729818377561
-0.0723254866890095	0.0832537798658336
-0.0617974956850353	0.0865889841387001
0.279485003595007	0.468862124174103
0.166471482827715	0.221605207802862
0.564004439451099	1.15193918133858
-0.129307177266169	0.162525012213938
0.0589846553686044	0.075836870693946
0.306818041139085	0.49713678659996
-0.31617081325898	0.480249997441708
0.315984729477121	0.474972597497279
0.407353454966114	0.42823362657422
1.97790917110466	0.492162248022775
0.290694488272992	0.353035979052908
0.285794761010289	0.368216875703065
0.610611132519631	0.810954018794739
0.33403263073741	0.423455422525718
0.0703954072797644	0.0785820344010506
0.642611308611143	1.25188469398907
0.0665795303394894	0.0751221047984308
-0.083496679763314	0.100963267593521
0.964688977411863	2.34664410278504
0.594767386008527	0.970252785685419
0.0550915104820296	0.06372914328909
0.166190480232216	0.20615810172029
-0.0199464398971027	0.0186721034495433
0.200923581159213	0.227135861933535
0.25451291052077	0.299776514700776
0.196778877849607	0.224544612726382
-0.238808436961465	0.167612698266151
0.547067286965104	0.694516268398751
0.401135583799335	0.631840821832149
0.000891588814234293	0.000782238593162041
-0.269025908512314	0.345516755408545
0.271608752883869	0.411185972724701
0.356478869757432	0.621560356003719
0.031538968562987	0.0321753598235983
0.285715052309772	0.526404005675529
0.303257714502124	0.485784228369065
-0.10430584964126	0.115484742668947
0.279129271460472	0.434206774456286
0.348452076055313	0.527539394425652
0.328901779005326	0.515096056667398
0.246601300694681	0.362575425690001
0.570736945402463	1.06890531826669
0.0891577185871864	0.0983502484928117
0.127918541144314	0.105478068554885
0.163659914308261	0.0319253139355892
0.190612548755553	0.253197642421224
0.569314036288242	0.843485450648135
0.30827506050907	0.44765768172888
0.282611507003238	0.342333726165102
0.0479965778221918	0.0559677905571345
0.00262323462665277	0.00269036494530309
1.03439447771613	2.25530035090311
0.539042542778233	0.992929332698459
0.240839923540316	0.312135061026421
0.636118131119539	1.06168172214256
0.405378556689821	0.521084206218113
0.539574435522831	0.8355467761316
0.325112236372213	0.42884968149468
0.4914214487797	0.687240710518027
0.148731552667249	0.145837241884151
0.559495720462944	1.40107348596884
-0.0456301360825149	0.0416834081839656
0.127100589875154	0.140616624438028
-0.116845346514254	0.109569020983719
0.165719814080059	0.032118911098423
0.399440953474499	0.65480342252701
0.499261934744857	0.689289043102358
0.40112053175295	0.57774635749146
0.833520163194523	1.28262162532864
0.408347127812681	0.572957621336094
0.610967710391891	1.03266864535118
0.069298663672807	0.0706488380239171
0.150654087508901	0.14799604167608
0.160253906500885	0.1760888107134
0.038734512950011	0.0352294321297872
0.534366062078214	0.85808446162604
0.174237554095627	0.192869520582894
0.170111523228762	0.182024097170599
0.485904914777241	0.597986206627213
0.567889526068463	0.72593462746519
0.611056247109145	0.491315884129762
0.208313986687772	0.166513884169905
0.383427458385306	0.333403901414054
0.849423671951403	0.872462106200212
0.365815922095646	0.244382081921917
0.681843535766159	0.693896276997175
0.0874308614914786	0.0495918210146831
-0.61739878873636	0.523011227809839
0.415354745159773	0.243555303256834
0.312699321508949	0.246598699160721
0.00601045135927802	0.00375707846267301
0.0868579413582111	0.0494234151883957
-0.0955515570279342	0.0620581699669337
1.24374032629867	1.34311366304091
0.461571269939934	0.249017697662826
0.207327891583965	0.149228336993847
0.823171744694549	0.653903300082736
0.242299392884799	0.505624533724326
0.573925944352941	0.694511089214095
0.371014234910066	0.415457908764448
0.512974536376743	0.602651050105899
0.271733875578575	0.258443688120439
0.122054993620977	0.0948628752806929
-0.190492373222884	0.156421956002007
0.141627295521536	0.116739348885054
0.598937876103154	0.724498575908893
0.252372714643746	0.336902273726412
0.364540238786468	0.430767874418434
-0.291357936942781	0.296666709227062
1.41931690294254	2.19698949363913
0.160124836352727	0.362846783428962
-0.0987528165796875	0.066753216872733
-0.435642152892096	0.260026200743436
0.86696280280649	1.06991765909274
0.708944324943753	0.615848936036729
0.44693128007969	0.35580566018662
1.23915160422102	1.46497177174911
0.568560251282367	0.373954128340576
0.220934553101495	0.130515083191814
1.14749758317743	1.03760429735732
0.213705268701217	0.141908353651874
-0.124737919087289	0.0960886321831586
0.477855795921774	0.961574848135694
0.314851661126568	0.488629908659886
0.603404764193158	0.659478424134837
0.21508294441807	0.148889202556209
0.0671146922237162	0.105252383013856
0.677173309788532	0.849998106093251
0.4238160823129	0.348647551344183
1.31387567000092	0.937209492180914
1.3133170453669	0.954508271065577
0.564920050684249	0.468386428054132
0.763822138251431	0.636455134307019
0.454719627401689	0.344483503898788
-0.68484666677078	0.560258326612967
-0.138515277456331	0.061510662131828
-0.571162682198969	0.300633588472916
-0.614969282243736	0.519041925427927
0.411763670839789	0.631732070241014
0.733463372898644	1.06363449821552
0.342224541584793	0.249281269005441
0.868806793169924	0.78845066885856
0.324498315604353	0.771196399031767
0.0914191705077784	0.13082548110595
0.900876724174844	0.67397484889279
0.3593873847393	0.237753251215413
-0.878086098449907	0.477130957971777
0.28215614010652	0.134284126729096
0.232772945005584	0.138643399739838
0.303642241571546	0.127693632259209
0.617937422465659	0.276364042696107
0.524701774449903	0.261424135640367
0.375283828004178	0.145653764648268
1.71870427216507	0.919617449219348
-0.836297929353151	0.372203399815473
0.0816136141231251	0.0840543472825138
0.715327245136911	0.95845179663774
0.226841303335694	0.135712632080217
0.622859030658098	0.377426349286415
0.068001893761218	0.0308672267008891
0.631666224365224	0.451678137032913
0.621758163857924	0.382099639621282
0.413122484709584	0.240689211795853
0.754251130764505	0.309630028134212
1.38302600897967	0.829866755816836
0.744200634015938	0.300509778374626
0.981461684140044	0.365427522756322
0.61083852429109	0.271236777693907
0.363406699117866	0.23730647513698
0.757155254369739	0.62977290719684
-0.0444120841557774	0.0251977726055728
-0.234999745563138	0.135781400472785
0.899822951022957	0.661846210247713
1.06572037740313	1.11395492469519
0.910510637877254	0.681292458899236
0.385116762837168	0.241687930365231
0.490704963918315	0.590348300140575
0.70439242420375	0.5121089040714
0.758732842948252	0.717880781646434
0.411078800834923	0.239683411810531
0.0960536805497712	0.0601634425996941
0.880789311666265	0.790348752243321
0.253975079338383	0.131127284002147
1.25395008529979	1.34009413173121
0.0748317400036176	0.0275952637707166
0.465508481331885	0.57660546409267
0.935756561143421	0.809707829016478
0.373986527416329	0.145045781640742
0.0621873068975728	0.0226324051470038
0.64439684158864	0.494664015858786
2.0626321202466	1.92115266409807
0.311675132597024	0.339855143022745
0.634052187059452	0.73634047759351
0.390287978199884	0.415826201452663
0.0831434633023487	0.0274562437249086
1.02986762459352	0.855138979363215
1.4414912532007	1.12729063990943
1.02795977266585	0.825401785281609
0.960540424343281	1.14054153210536
0.449096972238823	0.520047919695087
0.15169759311922	0.142576300652734
-0.087455457815649	0.0585253500133385
1.1593318031438	1.27186013962314
0.871123931574894	0.784677271218722
-0.131128095763959	0.0838543577332625
0.931210266434877	1.37412595218492
0.296042621145874	0.244064392427261
0.701760236388234	0.50914555576503
0.332487035678875	0.239529149348052
-0.367601685631975	0.272354885585849
0.907487991983264	0.688906141189632
0.427658284863887	0.598079333768112
0.624489877375376	0.974531620208048
0.53471530490034	0.458893115722603
1.0143525842714	0.710271740509036
-0.323153957862754	0.164512524305154
0.468637228670296	0.35734419871036
0.433013874033402	0.357834120791756
-0.660208737852799	0.481679204259295
0.528302092837199	0.263433613546199
0.252914647050456	0.129920799433706
0.560217460167894	0.36559481230022
0.939831959299848	0.817763628446781
0.63699358496011	0.588435184409801
0.657980107039113	0.68986796147089
0.362183173087087	0.332005689519391
1.293313759917	1.67081749094052
