x	y	clickSelects
-0.11522557001534	1.27747704006541	99
0.0449662875852199	1.02210806295436	304
-0.11909121003898	0.822801909189956	441
0.0039540055065399	0.724000730214971	83
0.04301347746045	1.01093397346746	7
0.00581190513373997	0.72505210715856	7
-0.07515226191443	0.461519344198087	1442
0.00887174444885996	0.732386958014986	1442
-0.07619063428197	0.464332625195306	6
-0.07552542746567	0.460766549668113	123
-0.0744856603053501	0.464150673012566	6
-0.07685486884792	0.464520674256509	6
-0.07619063428197	0.464332625195306	6
-0.08032046087545	0.457595452936098	217
-0.07404063292873	0.46464634975394	217
-0.0744856603053501	0.464150673012566	38
-0.07619063428197	0.464332625195306	1328
-0.0744856603053501	0.464150673012566	122
-0.07232611642888	0.458605251137047	15
-0.07552542746567	0.460766549668113	155
-0.08032046087545	0.457595452936098	219
-0.07685486884792	0.464520674256509	219
-0.0796550881556899	0.46018446512664	81
-0.07663127237553	0.463841960726504	81
-0.07729416019928	0.464030812177167	252
-0.07729416019928	0.464030812177167	235
-0.07552542746567	0.460766549668113	569
-0.0890106791151599	1.66660709471627	99
-0.11565021317444	0.824728769169963	304
-0.07685486884792	0.464520674256509	441
-0.07685486884792	0.464520674256509	83
-0.0518183764167801	1.15636087886753	91
-0.0744856603053501	0.464150673012566	7
0.00804178234093	0.728388309702657	251
-0.07381808162839	0.461642678393369	293
-0.07729416019928	0.464030812177167	6
-0.00185951917966998	1.47529580296564	123
-0.07663127237553	0.463841960726504	6
-0.00185507719617006	0.718062344271828	6
-0.07685486884792	0.464520674256509	1641
-0.0759674142806299	0.460282807242908	88
-0.07619063428197	0.464332625195306	88
-0.07552542746567	0.460766549668113	122
-0.0796550881556899	0.46018446512664	75
-0.07795608022485	0.460518488476826	81
-0.07729416019928	0.464030812177167	147
0.10006440699789	1.70704820689628	99
0.0449662875852199	1.02210806295436	99
-0.12367382929761	0.818123477249889	99
-0.12112355249033	0.814015487043126	304
-0.07685486884792	0.464520674256509	304
-0.07663127237553	0.463841960726504	304
-0.11061981338964	0.820030401705595	83
-0.07663127237553	0.463841960726504	83
-0.07552542746567	0.460766549668113	7
-0.07515226191443	0.461519344198087	7
0.04370722638643	1.02972953602529	1442
0.00816326525644007	0.734040558131918	6
-0.07404063292873	0.46464634975394	88
-0.0744856603053501	0.464150673012566	88
-0.0733716985628601	0.462133777671899	88
-0.08113682179882	0.456392471123935	1126
-0.0733716985628601	0.462133777671899	155
-0.0718766753974001	0.459092046764703	81
-0.0733716985628601	0.462133777671899	130
-0.07381808162839	0.461642678393369	130
-0.07685486884792	0.464520674256509	881
-0.0733716985628601	0.462133777671899	378
0.00869880906027998	1.9120167422794	99
0.000858121471249973	0.721135873958608	304
0.00454401071682997	0.731144176225521	83
-0.09043716359845	1.67496365075739	91
-0.0824611150621299	0.460075319194046	7
-0.07404063292873	0.46464634975394	7
0.00986332998428008	0.720707810834825	1442
-0.0733716985628601	0.462133777671899	293
-0.07619063428197	0.464332625195306	6
-0.07729416019928	0.464030812177167	6
0.00325750397276003	0.724158010353504	6
-0.11565021317444	0.824728769169963	6
-0.0759674142806299	0.460282807242908	6
-0.07729416019928	0.464030812177167	38
-0.07552542746567	0.460766549668113	104
-0.07729416019928	0.464030812177167	38
-0.0733716985628601	0.462133777671899	88
-0.07685486884792	0.464520674256509	88
-0.07663127237553	0.463841960726504	88
-0.07663127237553	0.463841960726504	1536
-0.07685486884792	0.464520674256509	75
-0.07685486884792	0.464520674256509	75
0.01656449962595	0.687423760958733	75
0.00318542801638011	0.727955576198877	81
-0.07552542746567	0.460766549668113	81
0.0688389934676801	1.36745665841877	304
-0.07729416019928	0.464030812177167	91
-0.07685486884792	0.464520674256509	7
-0.07751813364046	0.460999123934144	7
-0.07515226191443	0.461519344198087	293
-0.07729416019928	0.464030812177167	562
-0.0796550881556899	0.46018446512664	123
-0.07663127237553	0.463841960726504	88
-0.0759674142806299	0.460282807242908	88
-0.07795608022485	0.460518488476826	88
-0.07685486884792	0.464520674256509	122
0.0756623671563299	1.36362032084559	441
-0.11989319588237	0.823413300367422	83
0.00318542801638011	0.727955576198877	414
-0.07685486884792	0.464520674256509	6
-0.0712039953246699	0.459397393845691	38
-0.0817994549413199	0.459890984284061	1328
-0.07729416019928	0.464030812177167	81
-0.0759674142806299	0.460282807242908	81
0.04926591985619	1.01971303832941	7
-0.07685486884792	0.464520674256509	7
-0.07663127237553	0.463841960726504	414
0.00314215986916011	0.724521991261677	6
0.00522191225852997	0.730516957592047	6
-0.0759674142806299	0.460282807242908	1416
-0.07751813364046	0.460999123934144	38
-0.07663127237553	0.463841960726504	38
-0.0759674142806299	0.460282807242908	38
-0.07404063292873	0.46464634975394	122
-0.07404063292873	0.46464634975394	632
-0.07685486884792	0.464520674256509	15
-0.07381808162839	0.461642678393369	75
-0.07619063428197	0.464332625195306	81
-0.07663127237553	0.463841960726504	604
-0.07685486884792	0.464520674256509	130
-0.07729416019928	0.464030812177167	130
-0.07751813364046	0.460999123934144	569
-0.07685486884792	0.464520674256509	147
0.10349491603954	2.39635077791181	28
0.0465595481678101	1.02847494050688	83
-0.0744856603053501	0.464150673012566	83
0.0118669009994501	0.728075307220014	83
-0.0824611150621299	0.460075319194046	7
-0.07619063428197	0.464332625195306	293
-0.07663127237553	0.463841960726504	104
-0.07619063428197	0.464332625195306	88
-0.07663127237553	0.463841960726504	1482
-0.07404063292873	0.46464634975394	122
-0.07685486884792	0.464520674256509	140
0.00445467967086	0.724890448382186	75
0.0111598076314099	0.728969790168013	75
-0.07685486884792	0.464520674256509	414
-0.07404063292873	0.46464634975394	6
-0.07685486884792	0.464520674256509	6
-0.07404063292873	0.46464634975394	6
-0.07552542746567	0.460766549668113	6
0.0464695685442	1.02774655385711	6
-0.0824611150621299	0.460075319194046	38
-0.0796550881556899	0.46018446512664	38
-0.08032046087545	0.457595452936098	88
-0.07795608022485	0.460518488476826	81
-0.07404063292873	0.46464634975394	252
-0.0747085882320999	0.462007722411423	252
-0.05406678569315	1.15681229187571	99
0.00191548995894997	0.715271740427554	441
-0.07685486884792	0.464520674256509	83
-0.07663127237553	0.463841960726504	83
-0.07663127237553	0.463841960726504	7
-0.07751813364046	0.460999123934144	414
-0.07619063428197	0.464332625195306	7
-0.07663127237553	0.463841960726504	6
-0.0716547990712699	0.45890870010031	6
-0.0733716985628601	0.462133777671899	6
-0.07729416019928	0.464030812177167	38
-0.11795461400951	0.814930383471246	88
-0.0824611150621299	0.460075319194046	15
-0.07729416019928	0.464030812177167	15
0.00624720645088006	0.719270663089057	75
-0.0744856603053501	0.464150673012566	130
-0.0744856603053501	0.464150673012566	125
-0.00624438190658005	1.90061560624251	99
-0.05111702335508	1.5858042853462	3
-0.11423397485868	0.823837497307551	83
-0.07685486884792	0.464520674256509	7
-0.07619063428197	0.464332625195306	414
-0.07515226191443	0.461519344198087	7
-0.07515226191443	0.461519344198087	211
-0.0747085882320999	0.462007722411423	251
-0.07685486884792	0.464520674256509	1575
-0.07795608022485	0.460518488476826	6
-0.07685486884792	0.464520674256509	38
-0.07685486884792	0.464520674256509	130
-0.0759674142806299	0.460282807242908	147
0.0392756199686799	1.02305588727417	99
-0.10287211815984	1.2791116806804	83
-0.07685486884792	0.464520674256509	83
0.1222354925439	2.01996415287965	91
-0.07663127237553	0.463841960726504	7
-0.12218159563632	0.820388825479914	6
-0.11979980473609	0.823163404864463	85
0.0357874414897099	1.00534469168523	85
-0.0796550881556899	0.46018446512664	122
-0.0718766753974001	0.459092046764703	130
-0.07685486884792	0.464520674256509	440
-0.07685486884792	0.464520674256509	440
-0.07619063428197	0.464332625195306	74
-0.07619063428197	0.464332625195306	825
-0.07729416019928	0.464030812177167	7
-0.0733716985628601	0.462133777671899	7
-0.07663127237553	0.463841960726504	7
-0.0759674142806299	0.460282807242908	1003
-0.0718766753974001	0.459092046764703	6
-0.0817994549413199	0.459890984284061	260
0.0728311042018901	1.34935813418949	99
0.0465595481678101	1.02847494050688	99
-0.11498112620939	0.815118972096789	99
-0.07751813364046	0.460999123934144	83
-0.07729416019928	0.464030812177167	83
-0.07795608022485	0.460518488476826	414
0.05011986874495	1.02364457955405	211
-0.0744856603053501	0.464150673012566	6
-0.07515226191443	0.461519344198087	6
0.00445467967086	0.724890448382186	6
-0.07729416019928	0.464030812177167	85
-0.11847558500539	0.823870185922236	38
-0.07619063428197	0.464332625195306	75
-0.07685486884792	0.464520674256509	25
-0.0593953777918399	1.1434494467741	99
-0.08270835444897	1.69573756049367	99
-0.11918447789561	0.824232677112136	99
-0.11847558500539	0.823870185922236	441
-0.0747085882320999	0.462007722411423	83
-0.07685486884792	0.464520674256509	825
0.04226450486572	1.02598956059218	211
-0.07751813364046	0.460999123934144	211
-0.07795608022485	0.460518488476826	6
0.0387706579662801	1.00647400246906	6
-0.0817994549413199	0.459890984284061	440
-0.0456318452876101	1.15134551737255	99
0.0465595481678101	1.02847494050688	99
-0.0718766753974001	0.459092046764703	441
-0.07552542746567	0.460766549668113	83
-0.07685486884792	0.464520674256509	414
-0.0824611150621299	0.460075319194046	6
-0.07729416019928	0.464030812177167	6
-0.07685486884792	0.464520674256509	38
0.00377467966820011	0.722526634113836	88
-0.0744856603053501	0.464150673012566	75
-0.07685486884792	0.464520674256509	125
-0.11468189853849	0.824497322224029	28
0.0111598076314099	0.728969790168013	3
-0.10878088906081	1.27953708188657	3
0.00318542801638011	0.727955576198877	304
0.00974309304194998	0.722878371932961	83
-0.0747085882320999	0.462007722411423	7
-0.0817994549413199	0.459890984284061	211
-0.07751813364046	0.460999123934144	6
0.0717579346417001	1.37188156402176	6
-0.07663127237553	0.463841960726504	38
-0.07795608022485	0.460518488476826	219
-0.07729416019928	0.464030812177167	81
0.0067535686531599	0.731963105910918	440
-0.07619063428197	0.464332625195306	25
-0.0759674142806299	0.460282807242908	25
-0.08405905874229	1.71340426979788	441
-0.0476250985798601	1.15623694914784	441
-0.1100825736223	1.26666076679867	83
-0.0497163498154201	1.16120714386886	7
0.00745395376443003	0.733906884256128	211
0.00974309304194998	0.722878371932961	211
0.0067535686531599	0.731963105910918	6
-0.07751813364046	0.460999123934144	6
-0.07729416019928	0.464030812177167	88
-0.0744856603053501	0.464150673012566	81
-0.0744856603053501	0.464150673012566	440
-0.00208346546661997	1.48584290510353	3
0.0646731539009899	1.35975643036564	1075
-0.000746544197739896	2.25804948402496	441
0.00828334195858993	0.725250770819157	83
-0.11617548566236	0.830684994706267	91
-0.07619063428197	0.464332625195306	83
-0.05625284837033	1.14540016612924	825
-0.11909121003898	0.822801909189956	661
0.00616311918023005	0.72481807174305	7
-0.0744856603053501	0.464150673012566	6
0.00377467966820011	0.722526634113836	6
-0.07663127237553	0.463841960726504	122
-0.0759674142806299	0.460282807242908	75
-0.07515226191443	0.461519344198087	75
-0.07404063292873	0.46464634975394	440
-0.07685486884792	0.464520674256509	125
-0.07404063292873	0.46464634975394	56
-0.11857502798676	0.819599345618924	83
-0.0824611150621299	0.460075319194046	211
0.00804178234093	0.728388309702657	6
0.0111598076314099	0.728969790168013	6
0.0436149436951201	1.03007653055771	85
-0.07663127237553	0.463841960726504	38
-0.07729416019928	0.464030812177167	38
-0.07751813364046	0.460999123934144	38
-0.0733716985628601	0.462133777671899	88
-0.07729416019928	0.464030812177167	122
-0.07729416019928	0.464030812177167	122
-0.07685486884792	0.464520674256509	122
-0.0744856603053501	0.464150673012566	122
-0.07663127237553	0.463841960726504	140
-0.0744856603053501	0.464150673012566	75
-0.07729416019928	0.464030812177167	219
-0.07795608022485	0.460518488476826	1763
-0.0796550881556899	0.46018446512664	440
-0.08113682179882	0.456392471123935	25
-0.07729416019928	0.464030812177167	74
0.0654844533094301	1.36178318598304	421
-0.07795608022485	0.460518488476826	1075
-0.1134474197977	0.818914155531719	83
0.0421945122354299	1.01946703036785	83
-0.07729416019928	0.464030812177167	661
-0.07795608022485	0.460518488476826	661
0.0118669009994501	0.728075307220014	14
-0.0716547990712699	0.45890870010031	6
-0.07663127237553	0.463841960726504	6
0.00616311918023005	0.72481807174305	38
-0.0747085882320999	0.462007722411423	39
-0.07663127237553	0.463841960726504	88
-0.07552542746567	0.460766549668113	122
-0.07619063428197	0.464332625195306	122
-0.07663127237553	0.463841960726504	75
-0.07663127237553	0.463841960726504	440
-0.11274075068297	0.82177639406524	421
-0.000421325910699988	1.49533731054496	421
0.0671825447322301	1.35238989721411	441
-0.11909121003898	0.822801909189956	661
-0.07404063292873	0.46464634975394	211
0.0067535686531599	0.731963105910918	1755
-0.07729416019928	0.464030812177167	1755
0.000858121471249973	0.721135873958608	38
0.00386518134589009	0.730362174541587	38
-0.0744856603053501	0.464150673012566	38
0.00386518134589009	0.730362174541587	39
-0.07663127237553	0.463841960726504	39
-0.07795608022485	0.460518488476826	39
-0.07751813364046	0.460999123934144	236
-0.0733716985628601	0.462133777671899	122
-0.07729416019928	0.464030812177167	530
-0.07685486884792	0.464520674256509	75
-0.07663127237553	0.463841960726504	75
-0.07685486884792	0.464520674256509	272
-0.11989319588237	0.823413300367422	421
-0.00126565947390001	0.71855738020418	1075
-0.00177354248338002	0.712267241357666	1075
0.0401204635413299	1.01895971165508	441
0.0679225282917899	1.35756405630309	83
-0.07232611642888	0.458605251137047	83
0.00318542801638011	0.727955576198877	83
-0.0824611150621299	0.460075319194046	83
0.00184555672573006	0.722119329813537	83
0.00454401071682997	0.731144176225521	30
-0.07685486884792	0.464520674256509	341
-0.07751813364046	0.460999123934144	341
-0.07663127237553	0.463841960726504	38
-0.07552542746567	0.460766549668113	602
-0.07515226191443	0.461519344198087	140
-0.07515226191443	0.461519344198087	15
-0.07663127237553	0.463841960726504	272
-0.0733716985628601	0.462133777671899	272
-0.07729416019928	0.464030812177167	25
0.00804178234093	0.728388309702657	83
0.0385832441723	1.01043599424876	83
0.00386518134589009	0.730362174541587	30
-0.07232611642888	0.458605251137047	661
-0.07381808162839	0.461642678393369	6
-0.07552542746567	0.460766549668113	341
-0.12376479200153	0.812636423859971	38
-0.07404063292873	0.46464634975394	38
-0.07751813364046	0.460999123934144	38
-0.07381808162839	0.461642678393369	39
-0.07685486884792	0.464520674256509	39
-0.07663127237553	0.463841960726504	39
-0.07751813364046	0.460999123934144	602
-0.0759674142806299	0.460282807242908	15
-0.07729416019928	0.464030812177167	530
-0.07619063428197	0.464332625195306	75
-0.0824611150621299	0.460075319194046	272
-0.07685486884792	0.464520674256509	1598
-0.08312180465276	0.456619894300455	83
0.00513375611600009	0.725661881665558	83
0.0684040786354001	1.3627285995101	917
-0.07685486884792	0.464520674256509	661
0.00804178234093	0.728388309702657	6
-0.07751813364046	0.460999123934144	6
-0.07751813364046	0.460999123934144	38
-0.07663127237553	0.463841960726504	39
-0.07729416019928	0.464030812177167	39
-0.07795608022485	0.460518488476826	602
-0.07663127237553	0.463841960726504	15
-0.07552542746567	0.460766549668113	236
-0.07685486884792	0.464520674256509	530
-0.07685486884792	0.464520674256509	75
-0.07663127237553	0.463841960726504	1598
-0.07685486884792	0.464520674256509	441
-0.0733716985628601	0.462133777671899	83
-0.000438720257460057	0.721218899436236	30
-0.07404063292873	0.46464634975394	30
-0.07619063428197	0.464332625195306	661
-0.08032046087545	0.457595452936098	38
-0.07663127237553	0.463841960726504	38
-0.07552542746567	0.460766549668113	88
0.00318542801638011	0.727955576198877	39
-0.07552542746567	0.460766549668113	39
-0.07685486884792	0.464520674256509	602
-0.07898873560089	0.457720047095474	236
-0.07898873560089	0.457720047095474	75
0.01427313263403	0.713518118960937	75
-0.07729416019928	0.464030812177167	75
-0.07663127237553	0.463841960726504	272
0.00589888209025991	0.728312851544929	1075
0.00982854686432999	0.711166363232684	83
0.0690707509856101	1.36808165627828	83
0.00377467966820011	0.722526634113836	30
-0.07619063428197	0.464332625195306	661
-0.07729416019928	0.464030812177167	661
-0.07751813364046	0.460999123934144	661
-0.07515226191443	0.461519344198087	6
0.0465595481678101	1.02847494050688	6
0.00745395376443003	0.733906884256128	38
-0.0718766753974001	0.459092046764703	38
-0.07515226191443	0.461519344198087	38
-0.07685486884792	0.464520674256509	39
-0.0733716985628601	0.462133777671899	39
-0.07552542746567	0.460766549668113	236
-0.07795608022485	0.460518488476826	236
-0.07404063292873	0.46464634975394	143
-0.07795608022485	0.460518488476826	539
-0.07552542746567	0.460766549668113	25
-0.0470265953645701	1.60949260026999	99
-0.0571203557472	1.1520897972931	83
-0.07795608022485	0.460518488476826	661
-0.11348758003904	0.810037699108851	6
-0.0747085882320999	0.462007722411423	6
0.00875125678523991	0.728524381117766	6
-0.07729416019928	0.464030812177167	6
-0.07619063428197	0.464332625195306	6
-0.07404063292873	0.46464634975394	38
-0.07729416019928	0.464030812177167	38
-0.07552542746567	0.460766549668113	38
-0.07751813364046	0.460999123934144	39
-0.07619063428197	0.464332625195306	39
-0.0744856603053501	0.464150673012566	39
-0.07685486884792	0.464520674256509	39
-0.07404063292873	0.46464634975394	39
-0.07729416019928	0.464030812177167	236
-0.07795608022485	0.460518488476826	1619
-0.12296465158656	0.817772199821683	441
0.00223864271682994	1.49378660172072	1109
-0.0441236615366001	1.60506838530623	83
0.0636015790622899	1.34613961933803	83
0.04867973667978	1.01859565491803	83
0.0393985567349699	1.01734195516207	917
0.04370722638643	1.02972953602529	30
-0.0733716985628601	0.462133777671899	14
0.00683804893060991	0.71976461693437	6
0.00522191225852997	0.730516957592047	6
-0.07685486884792	0.464520674256509	6
-0.07729416019928	0.464030812177167	88
-0.08032046087545	0.457595452936098	38
-0.07619063428197	0.464332625195306	38
-0.0824611150621299	0.460075319194046	39
-0.07795608022485	0.460518488476826	602
-0.0744856603053501	0.464150673012566	602
-0.07663127237553	0.463841960726504	75
-0.0747085882320999	0.462007722411423	160
-0.0747085882320999	0.462007722411423	255
-0.07685486884792	0.464520674256509	5
-0.07404063292873	0.46464634975394	477
0.0068658776858701	0.726722484656385	421
-0.11909121003898	0.822801909189956	1075
-0.0471034906483001	1.15811650536142	83
-0.05407301984383	1.14401566827299	83
-0.11326960654555	0.828484301249648	83
-0.07795608022485	0.460518488476826	268
-0.0817994549413199	0.459890984284061	268
0.00589888209025991	0.728312851544929	211
-0.07729416019928	0.464030812177167	6
-0.07729416019928	0.464030812177167	6
-0.0747085882320999	0.462007722411423	88
-0.07685486884792	0.464520674256509	39
-0.07552542746567	0.460766549668113	39
-0.07751813364046	0.460999123934144	602
-0.07381808162839	0.461642678393369	73
-0.07619063428197	0.464332625195306	15
-0.07729416019928	0.464030812177167	236
-0.07381808162839	0.461642678393369	236
0.0401008929114599	1.78624644562186	28
-0.11326960654555	0.828484301249648	83
0.00816326525644007	0.734040558131918	30
-0.07795608022485	0.460518488476826	6
-0.0744856603053501	0.464150673012566	88
-0.07619063428197	0.464332625195306	88
0.00875125678523991	0.728524381117766	39
-0.07619063428197	0.464332625195306	15
-0.0759674142806299	0.460282807242908	236
-0.07795608022485	0.460518488476826	15
-0.07729416019928	0.464030812177167	75
-0.07619063428197	0.464332625195306	160
-0.12476154608115	1.4133269485298	99
-0.12083609022933	0.806486006921601	3
-0.1170657894254	0.819773625916108	83
0.09829220457872	1.70046776229607	83
0.00318542801638011	0.727955576198877	268
-0.0824611150621299	0.460075319194046	268
-0.07552542746567	0.460766549668113	14
0.00683804893060991	0.71976461693437	14
-0.07619063428197	0.464332625195306	6
-0.07685486884792	0.464520674256509	88
-0.07795608022485	0.460518488476826	39
-0.07515226191443	0.461519344198087	1520
-0.07619063428197	0.464332625195306	75
-0.07619063428197	0.464332625195306	75
-0.07898873560089	0.457720047095474	75
-0.0759674142806299	0.460282807242908	255
-0.1080255199043	1.28205452526309	1075
0.09829220457872	1.70046776229607	1075
0.0957715587600101	1.68862307739866	1109
0.00522191225852997	0.730516957592047	83
-0.0747085882320999	0.462007722411423	83
0.01486247107114	0.720319656247383	30
-0.11838244156681	0.821188445757107	30
-0.0817994549413199	0.459890984284061	14
-0.07898873560089	0.457720047095474	6
0.00454401071682997	0.731144176225521	6
-0.07751813364046	0.460999123934144	88
-0.0744856603053501	0.464150673012566	39
-0.07795608022485	0.460518488476826	75
-0.07751813364046	0.460999123934144	25
0.00875125678523991	0.728524381117766	83
-0.07685486884792	0.464520674256509	30
0.00804178234093	0.728388309702657	14
-0.07663127237553	0.463841960726504	6
0.00804178234093	0.728388309702657	6
0.000151023150400054	0.721716938958027	6
-0.07663127237553	0.463841960726504	6
-0.07619063428197	0.464332625195306	387
-0.07552542746567	0.460766549668113	88
-0.08312180465276	0.456619894300455	88
-0.08312180465276	0.456619894300455	88
-0.0744856603053501	0.464150673012566	73
-0.07381808162839	0.461642678393369	15
-0.07663127237553	0.463841960726504	15
-0.07619063428197	0.464332625195306	75
-0.07663127237553	0.463841960726504	75
-0.0824611150621299	0.460075319194046	75
-0.07663127237553	0.463841960726504	409
-0.07663127237553	0.463841960726504	409
-0.07515226191443	0.461519344198087	510
0.04291838220813	1.01684872341641	99
-0.07619063428197	0.464332625195306	30
-0.07515226191443	0.461519344198087	30
0.07524334268452	1.37304021941034	268
-0.11777332687922	0.812853323246734	14
-0.07404063292873	0.46464634975394	6
-0.07619063428197	0.464332625195306	6
-0.07404063292873	0.46464634975394	6
-0.0774968262133	0.454742268472816	387
-0.07663127237553	0.463841960726504	88
0.00589888209025991	0.728312851544929	88
-0.11303286159505	1.28360245396153	88
-0.07685486884792	0.464520674256509	39
-0.11759019706129	0.82878503762754	75
-0.07729416019928	0.464030812177167	25
-0.07404063292873	0.46464634975394	510
-0.07663127237553	0.463841960726504	423
-0.07795608022485	0.460518488476826	52
-0.0796550881556899	0.46018446512664	477
-0.11918447789561	0.824232677112136	1075
-0.11468189853849	0.824497322224029	83
0.0442439657338001	1.02108202142395	83
0.0393985567349699	1.01734195516207	83
-0.07685486884792	0.464520674256509	6
-0.07663127237553	0.463841960726504	6
-0.0824611150621299	0.460075319194046	6
-0.07751813364046	0.460999123934144	6
0.00396221130199992	0.722556705902846	6
-0.07729416019928	0.464030812177167	6
0.00255195120164009	0.724022154570055	88
-0.0824611150621299	0.460075319194046	387
-0.0796550881556899	0.46018446512664	88
-0.11989319588237	0.823413300367422	88
-0.0744856603053501	0.464150673012566	73
-0.07663127237553	0.463841960726504	73
-0.07663127237553	0.463841960726504	73
-0.07685486884792	0.464520674256509	75
-0.07795608022485	0.460518488476826	75
-0.07552542746567	0.460766549668113	333
-0.07751813364046	0.460999123934144	409
-0.07795608022485	0.460518488476826	25
-0.0733716985628601	0.462133777671899	25
0.03964632515686	1.82097426472031	99
0.0666496504101901	1.35628884084567	441
-0.00185507719617006	0.718062344271828	1075
-0.07663127237553	0.463841960726504	577
0.00386518134589009	0.730362174541587	1319
0.10392763553052	1.70185039988676	268
-0.07729416019928	0.464030812177167	6
0.0039540055065399	0.724000730214971	88
-0.07685486884792	0.464520674256509	88
-0.07663127237553	0.463841960726504	245
-0.08312180465276	0.456619894300455	15
-0.07619063428197	0.464332625195306	15
-0.07685486884792	0.464520674256509	384
-0.08312180465276	0.456619894300455	255
-0.07404063292873	0.46464634975394	25
-0.07552542746567	0.460766549668113	477
0.0067535686531599	0.731963105910918	83
-0.07619063428197	0.464332625195306	577
-0.05000050791703	1.14708164710789	280
-0.07404063292873	0.46464634975394	280
-0.0759674142806299	0.460282807242908	6
-0.11768139713747	0.826477844572328	6
-0.0718766753974001	0.459092046764703	6
-0.07619063428197	0.464332625195306	387
-0.0759674142806299	0.460282807242908	1264
-0.07685486884792	0.464520674256509	15
0.00974309304194998	0.722878371932961	223
-0.0771707802198101	1.71157060217428	99
-0.11194493694313	0.829031366630746	83
-0.07515226191443	0.461519344198087	6
-0.07515226191443	0.461519344198087	6
-0.0733716985628601	0.462133777671899	6
0.00757502611847993	0.726858655012998	6
-0.0759674142806299	0.460282807242908	6
-0.07795608022485	0.460518488476826	6
-0.0747085882320999	0.462007722411423	387
-0.07663127237553	0.463841960726504	387
-0.11688292391163	0.8304422596219	88
-0.11651344175243	1.25832183541756	99
-0.12041543073246	0.814819387588429	83
-0.07619063428197	0.464332625195306	577
-0.07795608022485	0.460518488476826	1319
-0.0759674142806299	0.460282807242908	268
0.00616311918023005	0.72481807174305	6
0.0111598076314099	0.728969790168013	6
-0.0759674142806299	0.460282807242908	6
-0.07729416019928	0.464030812177167	6
-0.07685486884792	0.464520674256509	387
-0.07381808162839	0.461642678393369	387
-0.07685486884792	0.464520674256509	88
-0.0796550881556899	0.46018446512664	88
-0.07381808162839	0.461642678393369	88
-0.07663127237553	0.463841960726504	15
-0.07381808162839	0.461642678393369	214
-0.0718766753974001	0.459092046764703	331
-0.07751813364046	0.460999123934144	5
-0.07619063428197	0.464332625195306	423
-0.10883868487805	1.28500864518665	605
0.00923723152855005	0.710681950631042	30
0.00184555672573006	0.722119329813537	1319
0.00377467966820011	0.722526634113836	1571
-0.0759674142806299	0.460282807242908	6
0.00624720645088006	0.719270663089057	6
-0.07663127237553	0.463841960726504	6
-0.07619063428197	0.464332625195306	6
0.0068658776858701	0.726722484656385	387
-0.0824611150621299	0.460075319194046	387
-0.07404063292873	0.46464634975394	883
-0.07381808162839	0.461642678393369	333
-0.07729416019928	0.464030812177167	409
-0.0744856603053501	0.464150673012566	409
-0.1185694499478	0.8175628677592	6
0.00816326525644007	0.734040558131918	88
-0.07685486884792	0.464520674256509	743
-0.07663127237553	0.463841960726504	88
-0.07729416019928	0.464030812177167	15
-0.07729416019928	0.464030812177167	409
-0.07619063428197	0.464332625195306	6
-0.07663127237553	0.463841960726504	387
-0.07751813364046	0.460999123934144	88
-0.0759674142806299	0.460282807242908	88
-0.07552542746567	0.460766549668113	743
-0.07404063292873	0.46464634975394	883
-0.07381808162839	0.461642678393369	214
-0.0744856603053501	0.464150673012566	1710
-0.07404063292873	0.46464634975394	1571
-0.07729416019928	0.464030812177167	6
-0.07685486884792	0.464520674256509	6
0.00522191225852997	0.730516957592047	6
0.00816326525644007	0.734040558131918	6
-0.07663127237553	0.463841960726504	88
-0.0817994549413199	0.459890984284061	88
-0.07685486884792	0.464520674256509	88
-0.07619063428197	0.464332625195306	15
-0.07404063292873	0.46464634975394	238
-0.07663127237553	0.463841960726504	333
-0.07685486884792	0.464520674256509	333
-0.07404063292873	0.46464634975394	1710
-0.0733716985628601	0.462133777671899	409
0.0385523945052	1.02036829380214	99
-0.10124465701849	2.26639032285798	99
-0.07729416019928	0.464030812177167	83
0.00386518134589009	0.730362174541587	862
0.04156589306757	1.01810781553275	268
-0.11546788328067	0.829520284639196	268
-0.0747085882320999	0.462007722411423	6
-0.07685486884792	0.464520674256509	6
-0.07751813364046	0.460999123934144	6
-0.00055690505920003	0.720927200554066	387
-0.07751813364046	0.460999123934144	88
-0.07685486884792	0.464520674256509	15
-0.07729416019928	0.464030812177167	214
-0.0796550881556899	0.46018446512664	172
-0.0824611150621299	0.460075319194046	32
-0.07729416019928	0.464030812177167	14
-0.0712039953246699	0.459397393845691	6
0.00816326525644007	0.734040558131918	6
-0.0712039953246699	0.459397393845691	6
0.000268214782570109	0.720638558221708	6
-0.07795608022485	0.460518488476826	6
-0.0744856603053501	0.464150673012566	1401
-0.0747085882320999	0.462007722411423	743
-0.07619063428197	0.464332625195306	15
-0.07619063428197	0.464332625195306	214
-0.07795608022485	0.460518488476826	172
-0.07663127237553	0.463841960726504	172
-0.10830491562699	1.28250681159038	99
0.0378687681522401	1.01253158757921	46
0.00757502611847993	0.726858655012998	83
-0.07515226191443	0.461519344198087	14
-0.0744856603053501	0.464150673012566	6
-0.07685486884792	0.464520674256509	6
-0.07619063428197	0.464332625195306	6
-0.1185694499478	0.8175628677592	6
-0.07663127237553	0.463841960726504	88
-0.07795608022485	0.460518488476826	883
-0.07729416019928	0.464030812177167	214
-0.0744856603053501	0.464150673012566	409
0.0068658776858701	0.726722484656385	409
-0.0718766753974001	0.459092046764703	25
-0.07729416019928	0.464030812177167	1080
0.10249830819883	1.70813800128976	99
0.0414484982671399	1.02145310484994	442
-0.0796550881556899	0.46018446512664	605
0.00607479709128	0.72656254858984	83
0.00445467967086	0.724890448382186	14
0.00386518134589009	0.730362174541587	387
-0.07515226191443	0.461519344198087	885
-0.07515226191443	0.461519344198087	88
-0.08312180465276	0.456619894300455	743
-0.0744856603053501	0.464150673012566	743
-0.07404063292873	0.46464634975394	1532
-0.0747085882320999	0.462007722411423	1532
-0.07552542746567	0.460766549668113	25
0.06668925392435	1.34876424661956	99
0.00386518134589009	0.730362174541587	46
0.00589888209025991	0.728312851544929	46
0.00454401071682997	0.731144176225521	14
-0.07619063428197	0.464332625195306	780
-0.07729416019928	0.464030812177167	883
-0.07663127237553	0.463841960726504	15
-0.07685486884792	0.464520674256509	15
-0.07729416019928	0.464030812177167	15
-0.0744856603053501	0.464150673012566	255
0.03862281872044	2.20166996151649	99
-0.10339871662431	1.2934747683409	441
-0.07685486884792	0.464520674256509	6
-0.07729416019928	0.464030812177167	780
-0.07619063428197	0.464332625195306	6
-0.0712039953246699	0.459397393845691	88
-0.07619063428197	0.464332625195306	88
-0.07619063428197	0.464332625195306	88
-0.07232611642888	0.458605251137047	172
-0.0796550881556899	0.46018446512664	238
-0.07751813364046	0.460999123934144	409
-0.07685486884792	0.464520674256509	409
-0.11934998966707	0.824490122324127	99
0.00325750397276003	0.724158010353504	46
0.01427313263403	0.713518118960937	46
-0.11715089410691	0.815638074615182	83
-0.0733716985628601	0.462133777671899	83
-0.07729416019928	0.464030812177167	233
0.02986762303688	0.966998685498272	6
-0.07404063292873	0.46464634975394	271
-0.0733716985628601	0.462133777671899	271
0.0124555217381701	0.722702748116225	88
-0.07795608022485	0.460518488476826	57
-0.0824611150621299	0.460075319194046	743
-0.07751813364046	0.460999123934144	238
0.01257314675124	0.723749679787365	238
-0.07729416019928	0.464030812177167	331
-0.0744856603053501	0.464150673012566	1075
-0.07663127237553	0.463841960726504	46
-0.07404063292873	0.46464634975394	46
-0.0744856603053501	0.464150673012566	14
-0.07795608022485	0.460518488476826	6
-0.07663127237553	0.463841960726504	59
-0.07729416019928	0.464030812177167	276
-0.07729416019928	0.464030812177167	344
-0.0759674142806299	0.460282807242908	214
-0.0759674142806299	0.460282807242908	172
0.00386518134589009	0.730362174541587	172
-0.08113682179882	0.456392471123935	1133
-0.0759674142806299	0.460282807242908	25
-0.04421728811227	1.15689546060205	99
0.06461788164676	1.34340301757786	99
0.0975967675124401	1.69999843079566	99
0.0407794962272701	1.82114458072538	99
-0.0497163498154201	1.16120714386886	99
0.00658609735792992	0.722978971048567	702
-0.00247632460830993	0.710425678742684	1102
-0.07404063292873	0.46464634975394	233
-0.07619063428197	0.464332625195306	88
-0.07663127237553	0.463841960726504	88
-0.07515226191443	0.461519344198087	883
-0.12438283406787	0.817307577850357	1075
0.0457489944271501	1.02341997475199	442
0.00666473839308002	0.721181555771543	83
-0.07751813364046	0.460999123934144	561
0.00522191225852997	0.730516957592047	14
-0.07751813364046	0.460999123934144	153
-0.07404063292873	0.46464634975394	118
-0.07685486884792	0.464520674256509	6
-0.0712039953246699	0.459397393845691	271
-0.07685486884792	0.464520674256509	271
-0.07663127237553	0.463841960726504	271
-0.07729416019928	0.464030812177167	1024
-0.07381808162839	0.461642678393369	88
-0.0744856603053501	0.464150673012566	172
-0.07685486884792	0.464520674256509	331
-0.07685486884792	0.464520674256509	25
0.01415679754376	0.720101271336698	83
-0.11158314994177	1.26234449249862	46
0.0101677059453	0.722063499970155	83
-0.07729416019928	0.464030812177167	83
0.00530838115049992	0.721248544537409	208
-0.07663127237553	0.463841960726504	153
-0.07619063428197	0.464332625195306	6
-0.07751813364046	0.460999123934144	233
-0.07381808162839	0.461642678393369	6
-0.0744856603053501	0.464150673012566	271
0.00816326525644007	0.734040558131918	88
-0.07685486884792	0.464520674256509	319
-0.07663127237553	0.463841960726504	416
-0.07404063292873	0.46464634975394	172
-0.07619063428197	0.464332625195306	1075
-0.0747085882320999	0.462007722411423	1075
-0.07619063428197	0.464332625195306	83
0.0124555217381701	0.722702748116225	208
-0.07729416019928	0.464030812177167	14
-0.07795608022485	0.460518488476826	153
-0.07381808162839	0.461642678393369	153
0.00455274882065004	0.723054786609415	6
-0.0747085882320999	0.462007722411423	271
-0.07515226191443	0.461519344198087	271
-0.07729416019928	0.464030812177167	1024
-0.07619063428197	0.464332625195306	1024
-0.07232611642888	0.458605251137047	319
-0.07552542746567	0.460766549668113	331
-0.0759674142806299	0.460282807242908	531
-0.07751813364046	0.460999123934144	255
0.0471364393384	1.01532976611528	99
0.07202109223831	1.35248743909447	1075
-0.0828277694016599	1.71462851437114	442
-0.12367382929761	0.818123477249889	561
-0.07663127237553	0.463841960726504	561
0.04505942289481	1.03060043826884	561
-0.07404063292873	0.46464634975394	1329
-0.07381808162839	0.461642678393369	14
-0.07663127237553	0.463841960726504	6
-0.07795608022485	0.460518488476826	6
-0.07381808162839	0.461642678393369	233
-0.0744856603053501	0.464150673012566	6
-0.07795608022485	0.460518488476826	271
-0.07685486884792	0.464520674256509	271
-0.07404063292873	0.46464634975394	57
-0.07515226191443	0.461519344198087	57
-0.07795608022485	0.460518488476826	88
-0.0747085882320999	0.462007722411423	214
-0.07685486884792	0.464520674256509	25
-0.07795608022485	0.460518488476826	83
-0.07729416019928	0.464030812177167	14
0.00314215986916011	0.724521991261677	14
-0.07751813364046	0.460999123934144	6
-0.0712039953246699	0.459397393845691	319
-0.07729416019928	0.464030812177167	276
-0.07619063428197	0.464332625195306	172
-0.07663127237553	0.463841960726504	721
-0.07515226191443	0.461519344198087	25
-0.07404063292873	0.46464634975394	25
-0.0718766753974001	0.459092046764703	1020
-0.07685486884792	0.464520674256509	430
-0.07795608022485	0.460518488476826	430
-0.07663127237553	0.463841960726504	232
0.0039540055065399	0.724000730214971	1102
-0.07751813364046	0.460999123934144	1102
-0.0747085882320999	0.462007722411423	1731
-0.07663127237553	0.463841960726504	276
-0.07619063428197	0.464332625195306	172
0.00816326525644007	0.734040558131918	83
-0.11838244156681	0.821188445757107	46
-0.07685486884792	0.464520674256509	83
0.0067535686531599	0.731963105910918	14
-0.07751813364046	0.460999123934144	14
0.00613374704386005	0.718541490359432	233
-0.07381808162839	0.461642678393369	233
0.01057110316136	0.721934415117449	6
-0.12050822473745	0.822345913826972	6
-0.07663127237553	0.463841960726504	6
-0.0747085882320999	0.462007722411423	6
-0.07685486884792	0.464520674256509	88
-0.07729416019928	0.464030812177167	193
-0.07404063292873	0.46464634975394	1055
-0.0747085882320999	0.462007722411423	1055
-0.08032046087545	0.457595452936098	172
-0.07729416019928	0.464030812177167	35
-0.07663127237553	0.463841960726504	25
-0.07685486884792	0.464520674256509	1075
0.01127803217793	0.721066874523038	1075
0.0039540055065399	0.724000730214971	83
-0.07729416019928	0.464030812177167	944
-0.07381808162839	0.461642678393369	14
-0.07515226191443	0.461519344198087	153
-0.0733716985628601	0.462133777671899	153
-0.07663127237553	0.463841960726504	233
-0.0744856603053501	0.464150673012566	233
-0.07663127237553	0.463841960726504	271
0.00757502611847993	0.726858655012998	88
-0.07619063428197	0.464332625195306	172
-0.07381808162839	0.461642678393369	25
-0.07619063428197	0.464332625195306	1075
-0.07685486884792	0.464520674256509	1075
-0.11838244156681	0.821188445757107	83
-0.07663127237553	0.463841960726504	83
-0.07685486884792	0.464520674256509	430
-0.12041543073246	0.814819387588429	1329
-0.07685486884792	0.464520674256509	6
0.0725661612586399	1.37312710618778	6
-0.07552542746567	0.460766549668113	271
-0.07552542746567	0.460766549668113	88
-0.07795608022485	0.460518488476826	276
-0.07552542746567	0.460766549668113	276
-0.07515226191443	0.461519344198087	172
-0.07619063428197	0.464332625195306	172
0.00957938763296995	0.727439120047027	1075
-0.11776651813252	0.822252672796346	561
0.00887174444885996	0.732386958014986	14
0.00377467966820011	0.722526634113836	1329
-0.0759674142806299	0.460282807242908	153
0.00463165938496002	0.723394124986539	233
-0.08113682179882	0.456392471123935	233
-0.0747085882320999	0.462007722411423	233
-0.0824611150621299	0.460075319194046	88
-0.07404063292873	0.46464634975394	276
-0.07663127237553	0.463841960726504	1345
-0.07729416019928	0.464030812177167	214
-0.0796550881556899	0.46018446512664	25
0.0358207048675501	1.75131705794029	1075
0.0394922177086501	1.00805771451216	561
-0.0744856603053501	0.464150673012566	430
0.0343405480174599	1.00069265064131	1329
-0.0759674142806299	0.460282807242908	153
-0.07619063428197	0.464332625195306	153
-0.0747085882320999	0.462007722411423	118
-0.07729416019928	0.464030812177167	88
-0.07685486884792	0.464520674256509	276
-0.07685486884792	0.464520674256509	276
-0.0747085882320999	0.462007722411423	276
-0.07619063428197	0.464332625195306	172
-0.07685486884792	0.464520674256509	25
-0.11705727820409	0.819057170396115	83
-0.0532838488935701	1.15790820753353	58
0.00616311918023005	0.72481807174305	83
0.00757502611847993	0.726858655012998	561
0.0471906654323899	1.02985864427833	561
-0.07751813364046	0.460999123934144	4
-0.07751813364046	0.460999123934144	233
-0.0744856603053501	0.464150673012566	276
-0.07552542746567	0.460766549668113	101
-0.07685486884792	0.464520674256509	172
0.00309375996791994	0.716895988843817	172
-0.07729416019928	0.464030812177167	205
-0.07663127237553	0.463841960726504	83
-0.0535004675373101	1.14257734750312	561
0.00377467966820011	0.722526634113836	83
-0.0759674142806299	0.460282807242908	14
-0.07404063292873	0.46464634975394	4
-0.07619063428197	0.464332625195306	153
-0.07685486884792	0.464520674256509	4
-0.0716547990712699	0.45890870010031	233
-0.00055690505920003	0.720927200554066	59
-0.07795608022485	0.460518488476826	6
-0.07663127237553	0.463841960726504	88
-0.0744856603053501	0.464150673012566	1149
-0.07729416019928	0.464030812177167	1149
-0.07619063428197	0.464332625195306	193
-0.0796550881556899	0.46018446512664	193
-0.08312180465276	0.456619894300455	172
-0.07751813364046	0.460999123934144	172
-0.07685486884792	0.464520674256509	696
-0.05421008656911	1.58563399820207	99
0.0452442301370699	1.01185043989771	83
-0.10330082601398	1.26842705127322	83
-0.0817994549413199	0.459890984284061	179
0.0067535686531599	0.731963105910918	6
-0.07552542746567	0.460766549668113	6
-0.0744856603053501	0.464150673012566	404
-0.11626641863387	0.831527950810364	6
0.00745395376443003	0.733906884256128	1149
-0.07404063292873	0.46464634975394	947
-0.0759674142806299	0.460282807242908	205
0.03999937908194	1.02409552751679	83
0.0414711811144599	1.02057579101948	166
-0.07795608022485	0.460518488476826	232
-0.0744856603053501	0.464150673012566	4
-0.0817994549413199	0.459890984284061	4
-0.07729416019928	0.464030812177167	4
-0.07729416019928	0.464030812177167	827
-0.0759674142806299	0.460282807242908	6
-0.07751813364046	0.460999123934144	6
-0.07685486884792	0.464520674256509	6
-0.0759674142806299	0.460282807242908	89
-0.07751813364046	0.460999123934144	1286
-0.07729416019928	0.464030812177167	193
-0.07381808162839	0.461642678393369	101
-0.07685486884792	0.464520674256509	101
0.00454401071682997	0.731144176225521	831
-0.07663127237553	0.463841960726504	946
-0.0744856603053501	0.464150673012566	205
0.00875125678523991	0.728524381117766	742
0.00666473839308002	0.721181555771543	83
-0.0534083407833299	1.15520673248075	83
0.00454401071682997	0.731144176225521	232
-0.11979980473609	0.823163404864463	4
-0.07404063292873	0.46464634975394	4
0.00522191225852997	0.730516957592047	692
-0.07729416019928	0.464030812177167	4
-0.07404063292873	0.46464634975394	827
-0.07729416019928	0.464030812177167	6
-0.07663127237553	0.463841960726504	89
-0.07663127237553	0.463841960726504	1286
-0.0712039953246699	0.459397393845691	172
-0.0817994549413199	0.459890984284061	831
-0.07552542746567	0.460766549668113	205
0.09768116484663	1.70911689686395	99
-0.12429247204601	0.811986780497393	99
0.12103897952556	1.9786605396079	83
-0.11256322869182	0.827954037268072	83
-0.11406450892401	0.825566501587752	83
-0.07685486884792	0.464520674256509	232
-0.07751813364046	0.460999123934144	692
0.00396221130199992	0.722556705902846	692
0.00327542339675002	0.72323220136473	692
0.0117482641264799	0.723574757364088	4
-0.07619063428197	0.464332625195306	4
-0.07232611642888	0.458605251137047	4
-0.07729416019928	0.464030812177167	101
-0.07619063428197	0.464332625195306	831
-0.07381808162839	0.461642678393369	25
0.0041233724516101	1.49986220424763	99
-0.07404063292873	0.46464634975394	83
-0.05066194186815	1.15758870724981	83
-0.0824611150621299	0.460075319194046	179
-0.07515226191443	0.461519344198087	1169
0.0444293832878999	1.02921325572808	1186
-0.07685486884792	0.464520674256509	232
-0.07729416019928	0.464030812177167	4
-0.07619063428197	0.464332625195306	233
-0.07685486884792	0.464520674256509	4
0.00757502611847993	0.726858655012998	6
-0.07729416019928	0.464030812177167	88
-0.07232611642888	0.458605251137047	89
-0.07232611642888	0.458605251137047	25
-0.11077885572887	1.28700689196112	83
0.00386518134589009	0.730362174541587	83
0.04289350043473	1.02736813154353	83
-0.07552542746567	0.460766549668113	1169
0.00454401071682997	0.731144176225521	1186
0.0465595481678101	1.02847494050688	232
0.01257314675124	0.723749679787365	692
-0.07663127237553	0.463841960726504	543
-0.07619063428197	0.464332625195306	827
0.00386518134589009	0.730362174541587	6
0.0068658776858701	0.726722484656385	88
-0.0759674142806299	0.460282807242908	193
-0.07552542746567	0.460766549668113	360
-0.07795608022485	0.460518488476826	360
-0.0744856603053501	0.464150673012566	101
-0.07729416019928	0.464030812177167	35
-0.07381808162839	0.461642678393369	409
0.00445467967086	0.724890448382186	83
0.00327542339675002	0.72323220136473	83
-0.11697399102033	0.829866755816836	83
0.00327542339675002	0.72323220136473	179
-0.07795608022485	0.460518488476826	357
0.0039540055065399	0.724000730214971	232
-0.07685486884792	0.464520674256509	4
-0.0744856603053501	0.464150673012566	59
-0.07751813364046	0.460999123934144	6
-0.07663127237553	0.463841960726504	6
-0.07685486884792	0.464520674256509	193
-0.07685486884792	0.464520674256509	193
-0.07685486884792	0.464520674256509	291
-0.07685486884792	0.464520674256509	35
-0.07552542746567	0.460766549668113	409
-0.12085471457038	0.818991491883299	1706
0.0486344273733299	1.02862100490664	83
-0.07404063292873	0.46464634975394	83
0.00463165938496002	0.723394124986539	357
0.00386518134589009	0.730362174541587	1186
-0.07619063428197	0.464332625195306	232
-0.0817994549413199	0.459890984284061	4
-0.07381808162839	0.461642678393369	543
-0.07729416019928	0.464030812177167	6
-0.07685486884792	0.464520674256509	4
-0.07685486884792	0.464520674256509	4
-0.07729416019928	0.464030812177167	690
-0.0747085882320999	0.462007722411423	172
-0.07663127237553	0.463841960726504	121
-0.07404063292873	0.46464634975394	121
-0.0488100506684901	1.61679040739526	99
-0.110308106685	1.28834078355732	83
-0.05355154919223	1.15627079103853	83
-0.12175749363771	0.806877840804031	83
-0.00114648547845997	0.720429849574687	83
-0.07729416019928	0.464030812177167	1186
-0.0796550881556899	0.46018446512664	1186
-0.07552542746567	0.460766549668113	89
-0.0759674142806299	0.460282807242908	4
-0.0744856603053501	0.464150673012566	4
-0.07404063292873	0.46464634975394	690
0.0471000141276701	1.01883433867815	99
-0.11617548566236	0.830684994706267	99
0.0506848842041701	1.81771748370958	99
-0.10811813369326	1.80407372862725	99
0.00757502611847993	0.726858655012998	58
-0.0424621220745001	1.6074723488574	58
0.04352217490786	1.01842631919781	1063
-0.11489822993321	0.811356835529396	4
-0.0796550881556899	0.46018446512664	59
-0.07751813364046	0.460999123934144	6
-0.00055690505920003	0.720927200554066	409
0.07485197062998	1.36842035428642	99
0.04307721291405	1.01858791278227	58
0.00257392843274995	1.4973239020557	83
0.0414484982671399	1.02145310484994	83
-0.07404063292873	0.46464634975394	357
-0.0747085882320999	0.462007722411423	357
-0.11759019706129	0.82878503762754	4
-0.07685486884792	0.464520674256509	543
0.00581190513373997	0.72505210715856	59
-0.07729416019928	0.464030812177167	802
-0.08312180465276	0.456619894300455	690
-0.07751813364046	0.460999123934144	409
-0.07729416019928	0.464030812177167	357
-0.07685486884792	0.464520674256509	1186
-0.08113682179882	0.456392471123935	4
-0.1185694499478	0.8175628677592	543
-0.07663127237553	0.463841960726504	802
-0.07404063292873	0.46464634975394	35
-0.10767747433173	2.25595507225292	99
-0.11522557001534	1.27747704006541	99
-0.07619063428197	0.464332625195306	868
-0.07381808162839	0.461642678393369	868
0.00757502611847993	0.726858655012998	4
0.00314215986916011	0.724521991261677	6
0.00816326525644007	0.734040558131918	353
-0.0744856603053501	0.464150673012566	670
-0.07663127237553	0.463841960726504	35
-0.0744856603053501	0.464150673012566	243
-0.0718766753974001	0.459092046764703	409
0.0785787626427401	1.36790666351644	99
-0.1069748134895	1.2908611145486	99
0.01474572227591	0.714898856852301	99
0.0429856002484099	1.02869092299929	99
-0.0718766753974001	0.459092046764703	99
-0.12305548835896	0.813444568398379	58
0.00945989922272994	0.726908707876507	226
0.00945989922272994	0.726908707876507	58
0.00666473839308002	0.721181555771543	58
-0.07381808162839	0.461642678393369	407
-0.07663127237553	0.463841960726504	83
-0.11688292391163	0.8304422596219	4
0.00875125678523991	0.728524381117766	115
-0.0747085882320999	0.462007722411423	132
-0.07552542746567	0.460766549668113	6
-0.07729416019928	0.464030812177167	89
0.00454401071682997	0.731144176225521	172
-0.07663127237553	0.463841960726504	298
-0.07619063428197	0.464332625195306	35
-0.07729416019928	0.464030812177167	409
-0.07663127237553	0.463841960726504	205
-0.12280540508566	1.91158854656932	99
-0.04179284149218	1.62644849180564	99
0.03850071106659	1.00634854860981	58
0.00172820526816997	0.717331490583935	83
-0.0744856603053501	0.464150673012566	14
-0.07663127237553	0.463841960726504	458
0.0067535686531599	0.731963105910918	4
-0.07515226191443	0.461519344198087	4
0.00816326525644007	0.734040558131918	4
-0.07663127237553	0.463841960726504	132
-0.07751813364046	0.460999123934144	4
-0.07729416019928	0.464030812177167	4
-0.0733716985628601	0.462133777671899	853
-0.07795608022485	0.460518488476826	89
-0.0716547990712699	0.45890870010031	89
-0.07619063428197	0.464332625195306	89
-0.0733716985628601	0.462133777671899	298
-0.07729416019928	0.464030812177167	298
-0.07729416019928	0.464030812177167	172
-0.07795608022485	0.460518488476826	172
-0.0824611150621299	0.460075319194046	172
-0.0718766753974001	0.459092046764703	35
-0.08113682179882	0.456392471123935	35
-0.0718766753974001	0.459092046764703	409
-0.07404063292873	0.46464634975394	205
-0.07552542746567	0.460766549668113	4
-0.07729416019928	0.464030812177167	4
-0.08113682179882	0.456392471123935	4
-0.0744856603053501	0.464150673012566	172
-0.07663127237553	0.463841960726504	172
-0.07729416019928	0.464030812177167	172
-0.07619063428197	0.464332625195306	1415
-0.07381808162839	0.461642678393369	35
-0.04364882641069	1.613123610624	58
-0.0565982588010201	1.14049280177582	626
-0.07381808162839	0.461642678393369	4
-0.07663127237553	0.463841960726504	59
-0.07404063292873	0.46464634975394	523
-0.07795608022485	0.460518488476826	523
-0.07232611642888	0.458605251137047	4
-0.0759674142806299	0.460282807242908	853
-0.07404063292873	0.46464634975394	4
-0.07729416019928	0.464030812177167	4
-0.0718766753974001	0.459092046764703	1030
-0.07729416019928	0.464030812177167	1542
-0.07685486884792	0.464520674256509	35
-0.07404063292873	0.46464634975394	409
-0.0733716985628601	0.462133777671899	83
0.04433691784598	1.03111792691154	14
0.00581190513373997	0.72505210715856	4
-0.07619063428197	0.464332625195306	132
-0.11617548566236	0.830684994706267	4
-0.07619063428197	0.464332625195306	4
-0.07663127237553	0.463841960726504	4
-0.07663127237553	0.463841960726504	4
-0.07795608022485	0.460518488476826	4
-0.0744856603053501	0.464150673012566	4
-0.07619063428197	0.464332625195306	89
-0.07515226191443	0.461519344198087	4
-0.07729416019928	0.464030812177167	172
-0.07729416019928	0.464030812177167	172
-0.0733716985628601	0.462133777671899	172
-0.07795608022485	0.460518488476826	172
0.04370722638643	1.02972953602529	1419
0.0067535686531599	0.731963105910918	83
-0.0747085882320999	0.462007722411423	458
-0.07729416019928	0.464030812177167	4
0.00113832427189009	0.716838799197385	4
-0.0718766753974001	0.459092046764703	4
-0.0744856603053501	0.464150673012566	4
-0.07729416019928	0.464030812177167	853
-0.07619063428197	0.464332625195306	853
-0.0712039953246699	0.459397393845691	4
-0.07729416019928	0.464030812177167	1195
-0.0659949226529499	2.06815826542633	99
-0.10950349927191	1.28316881919678	1419
-0.11294763365961	0.813114749241463	83
0.00513375611600009	0.725661881665558	67
0.04800261141567	1.02724021061634	14
0.00648912284410996	0.72289658955396	4
-0.07685486884792	0.464520674256509	4
-0.07663127237553	0.463841960726504	172
-0.07663127237553	0.463841960726504	1195
-0.0716547990712699	0.45890870010031	409
-0.07552542746567	0.460766549668113	409
-0.07663127237553	0.463841960726504	99
-0.07515226191443	0.461519344198087	166
-0.07232611642888	0.458605251137047	67
0.00454401071682997	0.731144176225521	4
-0.07515226191443	0.461519344198087	132
-0.0824611150621299	0.460075319194046	4
-0.07619063428197	0.464332625195306	4
-0.07685486884792	0.464520674256509	89
-0.07619063428197	0.464332625195306	4
-0.0759674142806299	0.460282807242908	1237
-0.07685486884792	0.464520674256509	121
-0.07381808162839	0.461642678393369	679
-0.0744856603053501	0.464150673012566	35
-0.0824611150621299	0.460075319194046	205
0.03345475604535	0.993670377994495	99
-0.10944657620984	1.29044204130167	99
-0.0573607550061199	1.14017198236478	58
-0.0532838488935701	1.15790820753353	166
-0.11156935323536	1.78531051970942	83
0.00745395376443003	0.733906884256128	67
0.00804178234093	0.728388309702657	132
0.00463165938496002	0.723394124986539	132
-0.07552542746567	0.460766549668113	4
0.00757502611847993	0.726858655012998	4
-0.07232611642888	0.458605251137047	4
-0.07619063428197	0.464332625195306	4
-0.07663127237553	0.463841960726504	172
-0.08113682179882	0.456392471123935	56
-0.00745020435277999	1.46843693124756	83
-0.11194493694313	0.829031366630746	67
-0.07751813364046	0.460999123934144	4
-0.11697399102033	0.829866755816836	4
-0.07381808162839	0.461642678393369	4
-0.07619063428197	0.464332625195306	4
-0.07663127237553	0.463841960726504	4
-0.0733716985628601	0.462133777671899	89
-0.07619063428197	0.464332625195306	353
-0.07685486884792	0.464520674256509	647
-0.07619063428197	0.464332625195306	298
-0.07404063292873	0.46464634975394	298
-0.07663127237553	0.463841960726504	1030
-0.0744856603053501	0.464150673012566	356
-0.07729416019928	0.464030812177167	35
-0.0847271978876501	1.67750235792964	99
0.0457824588445701	1.02842455582156	83
-0.0445152095458901	1.14647427458211	458
-0.08113682179882	0.456392471123935	4
-0.07751813364046	0.460999123934144	4
0.04587528939115	1.02278953506234	4
-0.07619063428197	0.464332625195306	309
-0.07404063292873	0.46464634975394	4
-0.07404063292873	0.46464634975394	647
-0.0824611150621299	0.460075319194046	121
-0.07663127237553	0.463841960726504	35
-0.06980517466079	2.08440797530168	83
0.0039540055065399	0.724000730214971	4
0.00327542339675002	0.72323220136473	783
-0.07729416019928	0.464030812177167	4
-0.07663127237553	0.463841960726504	4
-0.07751813364046	0.460999123934144	4
-0.07685486884792	0.464520674256509	474
-0.07381808162839	0.461642678393369	474
0.00887174444885996	0.732386958014986	172
0.00097431594701991	0.718525392744257	121
-0.07685486884792	0.464520674256509	121
-0.07685486884792	0.464520674256509	121
-0.08032046087545	0.457595452936098	765
-0.0817994549413199	0.459890984284061	35
-0.0744856603053501	0.464150673012566	409
-0.0102018409275899	1.45140994189438	99
-0.11768139713747	0.826477844572328	83
-0.07795608022485	0.460518488476826	166
0.0067535686531599	0.731963105910918	67
-0.11909121003898	0.822801909189956	4
0.0068658776858701	0.726722484656385	4
-0.07685486884792	0.464520674256509	4
-0.07685486884792	0.464520674256509	4
-0.07685486884792	0.464520674256509	37
-0.07381808162839	0.461642678393369	35
0.0935635411729101	2.37009395382901	99
-0.0471034906483001	1.15811650536142	14
-0.08113682179882	0.456392471123935	4
-0.0824611150621299	0.460075319194046	309
0.00522191225852997	0.730516957592047	4
-0.07404063292873	0.46464634975394	4
-0.07663127237553	0.463841960726504	4
-0.07663127237553	0.463841960726504	4
-0.07619063428197	0.464332625195306	121
-0.07729416019928	0.464030812177167	25
0.0068658776858701	0.726722484656385	524
-0.07619063428197	0.464332625195306	781
-0.07404063292873	0.46464634975394	67
-0.0718766753974001	0.459092046764703	14
0.00250475458900001	0.722216825686463	4
-0.07685486884792	0.464520674256509	4
-0.07619063428197	0.464332625195306	309
-0.07552542746567	0.460766549668113	4
-0.07619063428197	0.464332625195306	4
-0.07663127237553	0.463841960726504	37
-0.0759674142806299	0.460282807242908	121
-0.0747085882320999	0.462007722411423	356
-0.07729416019928	0.464030812177167	25
-0.07232611642888	0.458605251137047	205
-0.11335814005064	0.828484260259448	34
0.0659833287802401	1.35102644619898	166
-0.07663127237553	0.463841960726504	67
0.0067535686531599	0.731963105910918	4
-0.07685486884792	0.464520674256509	4
-0.09992966227125	1.27368715489336	4
-0.0712039953246699	0.459397393845691	309
-0.07515226191443	0.461519344198087	121
-0.07685486884792	0.464520674256509	532
-0.0733716985628601	0.462133777671899	35
-0.07685486884792	0.464520674256509	35
0.00386518134589009	0.730362174541587	25
-0.11546788328067	0.829520284639196	34
-0.10772161979256	1.28966458817464	34
-0.05196169074338	1.14623950600537	166
0.07028322977639	1.3633299337375	1215
-0.07552542746567	0.460766549668113	67
-0.08312180465276	0.456619894300455	67
-0.07404063292873	0.46464634975394	781
-0.11979980473609	0.823163404864463	4
-0.07663127237553	0.463841960726504	4
-0.11150612857044	1.27396810284534	4
0.00318542801638011	0.727955576198877	4
-0.07515226191443	0.461519344198087	309
-0.0747085882320999	0.462007722411423	309
-0.07751813364046	0.460999123934144	4
-0.0744856603053501	0.464150673012566	474
-0.07729416019928	0.464030812177167	121
-0.07619063428197	0.464332625195306	111
-0.11322635847349	1.27026821860774	633
0.03641901313413	1.01335536489925	34
0.0437990213553801	1.01809276879926	1215
-0.11626641863387	0.831527950810364	1215
0.00816326525644007	0.734040558131918	1215
-0.00114648547845997	0.720429849574687	1215
-0.00126565947390001	0.71855738020418	1215
-0.07685486884792	0.464520674256509	67
-0.0747085882320999	0.462007722411423	67
-0.0759674142806299	0.460282807242908	781
-0.07404063292873	0.46464634975394	4
-0.0718766753974001	0.459092046764703	4
-0.07552542746567	0.460766549668113	4
-0.07663127237553	0.463841960726504	309
-0.0747085882320999	0.462007722411423	474
-0.07515226191443	0.461519344198087	356
-0.07685486884792	0.464520674256509	356
-0.07232611642888	0.458605251137047	35
-0.07515226191443	0.461519344198087	1207
-0.0733716985628601	0.462133777671899	35
0.00581190513373997	0.72505210715856	4
-0.07552542746567	0.460766549668113	4
-0.0759674142806299	0.460282807242908	132
0.0104518703985399	0.727718870410599	4
-0.07685486884792	0.464520674256509	4
-0.0796550881556899	0.46018446512664	121
-0.07515226191443	0.461519344198087	121
-0.07751813364046	0.460999123934144	111
-0.0716547990712699	0.45890870010031	25
-0.0718766753974001	0.459092046764703	205
-0.0569769958815101	1.1517749338183	633
0.0128612604095999	0.70933016590664	166
-0.07795608022485	0.460518488476826	83
-0.07663127237553	0.463841960726504	4
-0.07751813364046	0.460999123934144	22
-0.0509412598452501	1.14273299009012	4
0.00745395376443003	0.733906884256128	4
-0.07232611642888	0.458605251137047	172
-0.07685486884792	0.464520674256509	37
-0.0824611150621299	0.460075319194046	121
0.0111598076314099	0.728969790168013	47
-0.0497163498154201	1.16120714386886	58
-0.07729416019928	0.464030812177167	34
-0.07381808162839	0.461642678393369	34
-0.07685486884792	0.464520674256509	67
-0.07685486884792	0.464520674256509	4
-0.07663127237553	0.463841960726504	4
-0.0747085882320999	0.462007722411423	4
0.0392756199686799	1.02305588727417	4
-0.11635808453915	0.823096599604635	47
0.0117482641264799	0.723574757364088	111
-0.00764406941233009	1.48355182178656	111
0.00097431594701991	0.718525392744257	4
0.0465595481678101	1.02847494050688	4
-0.0744856603053501	0.464150673012566	4
0.00581190513373997	0.72505210715856	309
-0.07685486884792	0.464520674256509	1404
-0.0796550881556899	0.46018446512664	4
-0.0824611150621299	0.460075319194046	4
-0.07729416019928	0.464030812177167	1225
-0.07404063292873	0.46464634975394	49
-0.0747085882320999	0.462007722411423	67
-0.12050822473745	0.822345913826972	67
0.06409313492554	1.34392535481939	781
0.00191548995894997	0.715271740427554	4
-0.11335814005064	0.828484260259448	4
0.0039540055065399	0.724000730214971	4
0.0408429089686999	1.01921387211563	4
-0.0747085882320999	0.462007722411423	309
-0.07619063428197	0.464332625195306	4
-0.07663127237553	0.463841960726504	111
-0.07619063428197	0.464332625195306	35
-0.07232611642888	0.458605251137047	35
0.0466490285111301	1.01768759865624	67
0.00386518134589009	0.730362174541587	67
-0.12147393938669	0.823742638059941	4
0.00648912284410996	0.72289658955396	4
-0.07404063292873	0.46464634975394	4
-0.11028856407023	0.814236641062055	4
-0.0716547990712699	0.45890870010031	4
-0.07685486884792	0.464520674256509	4
-0.07663127237553	0.463841960726504	4
-0.0759674142806299	0.460282807242908	1225
-0.07381808162839	0.461642678393369	4
-0.0747085882320999	0.462007722411423	37
-0.07685486884792	0.464520674256509	1191
-0.07404063292873	0.46464634975394	1191
-0.07729416019928	0.464030812177167	390
-0.07619063428197	0.464332625195306	934
-0.07619063428197	0.464332625195306	47
-0.07729416019928	0.464030812177167	111
-0.07685486884792	0.464520674256509	35
0.0451520709564399	1.02704282254903	67
0.0718987671722799	1.36774678316344	67
-0.07663127237553	0.463841960726504	14
-0.07685486884792	0.464520674256509	4
-0.07663127237553	0.463841960726504	4
-0.07619063428197	0.464332625195306	4
0.0408429089686999	1.01921387211563	4
-0.07729416019928	0.464030812177167	4
-0.07663127237553	0.463841960726504	1225
-0.0744856603053501	0.464150673012566	37
-0.08032046087545	0.457595452936098	390
-0.0744856603053501	0.464150673012566	47
-0.07729416019928	0.464030812177167	35
-0.0747085882320999	0.462007722411423	25
-0.07685486884792	0.464520674256509	49
-0.07663127237553	0.463841960726504	183
-0.00196909494574005	1.49005894851254	99
-0.00757882706866009	1.89785944270056	34
0.03999937908194	1.02409552751679	4
0.0429856002484099	1.02869092299929	4
-0.07663127237553	0.463841960726504	4
-0.0759674142806299	0.460282807242908	4
-0.07795608022485	0.460518488476826	4
-0.07685486884792	0.464520674256509	4
-0.08312180465276	0.456619894300455	4
-0.07663127237553	0.463841960726504	4
-0.07515226191443	0.461519344198087	1225
0.000151023150400054	0.721716938958027	4
-0.07729416019928	0.464030812177167	4
-0.07795608022485	0.460518488476826	37
-0.07795608022485	0.460518488476826	121
-0.07729416019928	0.464030812177167	47
-0.0817994549413199	0.459890984284061	163
-0.07663127237553	0.463841960726504	111
-0.07663127237553	0.463841960726504	1392
0.00624720645088006	0.719270663089057	67
0.0068658776858701	0.726722484656385	4
-0.11414271349702	0.827733360000518	4
0.0068658776858701	0.726722484656385	4
-0.07404063292873	0.46464634975394	4
-0.07404063292873	0.46464634975394	528
-0.07404063292873	0.46464634975394	4
-0.07619063428197	0.464332625195306	522
-0.07552542746567	0.460766549668113	522
-0.07663127237553	0.463841960726504	4
-0.07619063428197	0.464332625195306	37
-0.07663127237553	0.463841960726504	37
-0.0759674142806299	0.460282807242908	390
-0.0747085882320999	0.462007722411423	111
-0.07795608022485	0.460518488476826	111
0.00828334195858993	0.725250770819157	67
-0.11997041872404	0.818268051870838	4
0.00974309304194998	0.722878371932961	4
-0.12147393938669	0.823742638059941	4
-0.0580245488273801	1.12748554977777	4
-0.07663127237553	0.463841960726504	528
0.00745395376443003	0.733906884256128	4
-0.07619063428197	0.464332625195306	4
-0.0744856603053501	0.464150673012566	4
-0.07619063428197	0.464332625195306	37
-0.07685486884792	0.464520674256509	121
-0.07685486884792	0.464520674256509	390
-0.07619063428197	0.464332625195306	1748
-0.0817994549413199	0.459890984284061	183
-0.1052569806851	1.29003465006476	166
-0.11918447789561	0.824232677112136	67
0.04156589306757	1.01810781553275	1042
-0.07619063428197	0.464332625195306	4
-0.10973834048177	1.26763843161436	4
-0.11970713448667	0.81447348455247	4
-0.0824611150621299	0.460075319194046	4
-0.07795608022485	0.460518488476826	1193
-0.07663127237553	0.463841960726504	111
-0.0733716985628601	0.462133777671899	47
-0.07685486884792	0.464520674256509	1211
-0.07685486884792	0.464520674256509	25
-0.07381808162839	0.461642678393369	183
-0.10765826422418	2.23864093350426	133
0.0903475028363501	1.67017583132165	99
0.04074838879969	1.02032087884928	166
-0.0747085882320999	0.462007722411423	166
-0.11829730415099	0.825404315402269	67
-0.07751813364046	0.460999123934144	4
-0.07663127237553	0.463841960726504	1194
-0.11934998966707	0.824490122324127	1211
-0.10905381973967	1.28623809597683	1211
-0.07381808162839	0.461642678393369	111
0.00454401071682997	0.731144176225521	133
0.00377467966820011	0.722526634113836	199
-0.11123810474477	0.826680320885397	58
-0.000438720257460057	0.721218899436236	58
-0.0824611150621299	0.460075319194046	34
-0.07685486884792	0.464520674256509	67
-0.07619063428197	0.464332625195306	165
-0.07404063292873	0.46464634975394	22
-0.07729416019928	0.464030812177167	1087
-0.07663127237553	0.463841960726504	4
-0.07729416019928	0.464030812177167	522
-0.07729416019928	0.464030812177167	1177
-0.07515226191443	0.461519344198087	1177
0.00257392843274995	1.4973239020557	133
0.00522191225852997	0.730516957592047	133
-0.07795608022485	0.460518488476826	133
-0.0744856603053501	0.464150673012566	58
0.01474572227591	0.714898856852301	34
-0.12156267073473	0.815684630147646	34
-0.07795608022485	0.460518488476826	166
-0.0796550881556899	0.46018446512664	1042
-0.07685486884792	0.464520674256509	4
-0.07381808162839	0.461642678393369	4
-0.0759674142806299	0.460282807242908	4
-0.07685486884792	0.464520674256509	35
-0.07232611642888	0.458605251137047	787
0.00875125678523991	0.728524381117766	199
0.00318542801638011	0.727955576198877	199
0.00445467967086	0.724890448382186	199
0.00454401071682997	0.731144176225521	725
0.0486344273733299	1.02862100490664	34
0.00875125678523991	0.728524381117766	34
-0.07795608022485	0.460518488476826	166
0.00377467966820011	0.722526634113836	14
-0.05537139721808	1.1330875774949	14
-0.0747085882320999	0.462007722411423	4
-0.07404063292873	0.46464634975394	1042
-0.07381808162839	0.461642678393369	445
-0.07795608022485	0.460518488476826	4
-0.0824611150621299	0.460075319194046	121
-0.07729416019928	0.464030812177167	121
-0.0744856603053501	0.464150673012566	108
-0.00659820655751009	1.90282098909286	34
-0.07404063292873	0.46464634975394	166
0.00734375787265007	0.726480257611812	165
-0.0824611150621299	0.460075319194046	445
0.00875125678523991	0.728524381117766	35
-0.11979980473609	0.823163404864463	787
0.12387829272349	1.99926998833626	199
0.03641901313413	1.01335536489925	166
-0.0824611150621299	0.460075319194046	1697
0.00445467967086	0.724890448382186	67
-0.07685486884792	0.464520674256509	67
-0.07685486884792	0.464520674256509	4
-0.07663127237553	0.463841960726504	195
-0.0733716985628601	0.462133777671899	22
0.01545156105686	0.715117784519349	445
-0.0747085882320999	0.462007722411423	37
-0.0759674142806299	0.460282807242908	199
0.00875125678523991	0.728524381117766	725
-0.07729416019928	0.464030812177167	34
-0.00114648547845997	0.720429849574687	911
-0.07404063292873	0.46464634975394	165
-0.07751813364046	0.460999123934144	37
0.0522839223048699	1.01218653235179	35
-0.0492918526687101	1.61095593605791	133
-0.00267452763838993	1.9124557836853	133
0.0068658776858701	0.726722484656385	34
0.00513375611600009	0.725661881665558	34
-0.0733716985628601	0.462133777671899	165
-0.07729416019928	0.464030812177167	192
-0.07729416019928	0.464030812177167	4
-0.08113682179882	0.456392471123935	121
-0.0375253779195099	2.00866251489596	587
-0.11738793298569	0.800467897852637	34
-0.0733716985628601	0.462133777671899	67
-0.0744856603053501	0.464150673012566	67
-0.07795608022485	0.460518488476826	50
-0.07404063292873	0.46464634975394	4
-0.07619063428197	0.464332625195306	4
0.00251381293857	1.92089725012258	4
-0.07729416019928	0.464030812177167	301
-0.07795608022485	0.460518488476826	37
0.0458388004250401	1.02636836425129	111
-0.10711972003597	1.83199703711198	133
-0.00354247216088011	1.49303337652967	199
0.00624720645088006	0.719270663089057	67
-0.07619063428197	0.464332625195306	4
-0.0565982588010201	1.14049280177582	67
-0.07685486884792	0.464520674256509	195
-0.08113682179882	0.456392471123935	4
-0.07619063428197	0.464332625195306	37
0.00530838115049992	0.721248544537409	218
-0.0718766753974001	0.459092046764703	218
-0.0744856603053501	0.464150673012566	218
0.0735105865833701	1.35959811006314	34
-0.11697399102033	0.829866755816836	375
-0.11565021317444	0.824728769169963	375
-0.07515226191443	0.461519344198087	375
0.0380496366540599	1.0034124272258	4
-0.11357015186786	0.817723328071959	209
-0.07795608022485	0.460518488476826	4
-0.07685486884792	0.464520674256509	37
-0.07685486884792	0.464520674256509	1638
-0.10320403126958	1.291135374235	49
-0.0519857669302299	1.15436868547081	133
0.00191548995894997	0.715271740427554	199
-0.05549244155414	1.14981099652475	58
-0.07729416019928	0.464030812177167	4
-0.00443035887566001	1.48783658184967	14
-0.07663127237553	0.463841960726504	375
-0.07729416019928	0.464030812177167	4
0.00318542801638011	0.727955576198877	4
0.00986332998428008	0.720707810834825	895
-0.07619063428197	0.464332625195306	192
0.0391367022203499	1.00282324542379	4
-0.07663127237553	0.463841960726504	4
-0.07619063428197	0.464332625195306	4
-0.08032046087545	0.457595452936098	4
-0.07404063292873	0.46464634975394	37
-0.07404063292873	0.46464634975394	1637
0.0457824588445701	1.02842455582156	111
-0.07729416019928	0.464030812177167	159
-0.10817417135173	1.28210698584458	199
-0.00440759049484996	1.47440012398006	199
-0.0817994549413199	0.459890984284061	34
-0.0535004675373101	1.14257734750312	323
-0.07685486884792	0.464520674256509	50
-0.0744856603053501	0.464150673012566	50
-0.0747085882320999	0.462007722411423	1330
0.00318542801638011	0.727955576198877	4
-0.07729416019928	0.464030812177167	192
0.0111598076314099	0.728969790168013	4
-0.07663127237553	0.463841960726504	363
-0.07729416019928	0.464030812177167	37
-0.07751813364046	0.460999123934144	37
-0.12225530187356	0.816181440416138	463
-0.07795608022485	0.460518488476826	354
-0.07404063292873	0.46464634975394	657
-0.11397583016577	0.827408068616722	133
-0.12014659405125	0.820618144321973	133
-0.12376479200153	0.812636423859971	725
-0.0747085882320999	0.462007722411423	34
-0.07685486884792	0.464520674256509	216
-0.0747085882320999	0.462007722411423	67
-0.07619063428197	0.464332625195306	4
-0.07619063428197	0.464332625195306	4
-0.07619063428197	0.464332625195306	50
-0.07751813364046	0.460999123934144	4
-0.08312180465276	0.456619894300455	4
-0.07515226191443	0.461519344198087	363
-0.07381808162839	0.461642678393369	37
0.07380888714446	1.35813629873094	199
0.0754984028132499	2.10520192673615	34
-0.07552542746567	0.460766549668113	4
-0.07729416019928	0.464030812177167	4
-0.07515226191443	0.461519344198087	4
-0.02662632929833	2.01443097397487	4
-0.11546788328067	0.829520284639196	209
-0.07619063428197	0.464332625195306	363
0.0408429089686999	1.01921387211563	354
-0.07729416019928	0.464030812177167	351
-0.07619063428197	0.464332625195306	35
-0.07619063428197	0.464332625195306	218
0.06003317722725	2.46000991427575	725
-0.0949594993755301	2.29038894988919	58
-0.11688292391163	0.8304422596219	34
-0.06055410637273	1.13812815893617	4
-0.0747085882320999	0.462007722411423	1089
0.00445467967086	0.724890448382186	141
-0.0744856603053501	0.464150673012566	4
0.0117482641264799	0.723574757364088	4
-0.0796550881556899	0.46018446512664	732
-0.0733716985628601	0.462133777671899	121
0.00314215986916011	0.724521991261677	354
-0.0733716985628601	0.462133777671899	657
-0.07381808162839	0.461642678393369	657
-0.0759674142806299	0.460282807242908	657
-0.0712039953246699	0.459397393845691	205
0.00454401071682997	0.731144176225521	725
-0.07404063292873	0.46464634975394	67
-0.07729416019928	0.464030812177167	4
-0.07729416019928	0.464030812177167	209
-0.07619063428197	0.464332625195306	301
-0.07404063292873	0.46464634975394	732
-0.07685486884792	0.464520674256509	732
-0.10969687983506	1.2853375567096	133
-0.0563134029933201	1.15322948393376	133
0.0420314611642501	1.01037609913389	133
0.05210688252635	1.01552673218861	133
0.03999937908194	1.02409552751679	199
0.00386518134589009	0.730362174541587	34
0.00828334195858993	0.725250770819157	34
-0.07663127237553	0.463841960726504	67
-0.07751813364046	0.460999123934144	4
-0.07663127237553	0.463841960726504	4
-0.07685486884792	0.464520674256509	945
-0.08032046087545	0.457595452936098	351
0.0039540055065399	0.724000730214971	49
-0.07685486884792	0.464520674256509	67
-0.07619063428197	0.464332625195306	1089
-0.07685486884792	0.464520674256509	22
0.09205914773711	1.67527869142996	4
-0.11459382129382	0.819016590597169	141
-0.0817994549413199	0.459890984284061	369
-0.07404063292873	0.46464634975394	4
0.00454401071682997	0.731144176225521	4
0.00816326525644007	0.734040558131918	732
0.0104518703985399	0.727718870410599	121
-0.07795608022485	0.460518488476826	218
-0.05406678569315	1.15681229187571	133
0.00666473839308002	0.721181555771543	133
-0.07619063428197	0.464332625195306	199
-0.07515226191443	0.461519344198087	67
-0.11897120458154	1.77397307252527	84
-0.07619063428197	0.464332625195306	4
-0.07729416019928	0.464030812177167	1326
-0.07729416019928	0.464030812177167	1016
-0.07404063292873	0.46464634975394	351
-0.0744856603053501	0.464150673012566	351
-0.0744856603053501	0.464150673012566	657
-0.07685486884792	0.464520674256509	205
-0.04274944783382	1.15617213799398	199
0.00455274882065004	0.723054786609415	199
-0.11626641863387	0.831527950810364	199
-0.07619063428197	0.464332625195306	58
0.0456891404690101	1.02161020328412	58
-0.0747085882320999	0.462007722411423	67
0.06615305465743	1.36352186979684	67
-0.07663127237553	0.463841960726504	84
-0.0817994549413199	0.459890984284061	84
0.10488874305153	1.70712843746658	4
-0.07619063428197	0.464332625195306	1326
-0.08113682179882	0.456392471123935	1736
0.00745395376443003	0.733906884256128	479
-0.07232611642888	0.458605251137047	945
0.0068658776858701	0.726722484656385	8
0.00377467966820011	0.722526634113836	8
-0.07729416019928	0.464030812177167	351
-0.07751813364046	0.460999123934144	351
-0.07404063292873	0.46464634975394	351
0.0288853945615299	2.18723870676581	133
0.0660896726554201	1.33502561014927	133
-0.05066194186815	1.15758870724981	133
-0.05450750030269	1.14263138401284	133
-0.12305548835896	0.813444568398379	199
0.06615305465743	1.36352186979684	199
0.0387565562832599	1.81680563847288	199
-0.08526309154463	1.70412277531731	199
0.0355760329588699	1.00274346953485	725
0.0128612604095999	0.70933016590664	725
-0.11934998966707	0.824490122324127	34
-0.0824611150621299	0.460075319194046	67
-0.0817994549413199	0.459890984284061	820
-0.07729416019928	0.464030812177167	84
-0.07685486884792	0.464520674256509	192
0.00259591692705996	0.720878278886765	192
-0.07685486884792	0.464520674256509	479
0.0067535686531599	0.731963105910918	369
-0.07729416019928	0.464030812177167	4
-0.07404063292873	0.46464634975394	111
-0.08059145231557	1.71759945269178	199
-0.07404063292873	0.46464634975394	820
0.000268214782570109	0.720638558221708	84
0.00513375611600009	0.725661881665558	4
-0.07729416019928	0.464030812177167	1154
0.00816326525644007	0.734040558131918	301
-0.07381808162839	0.461642678393369	43
-0.0824611150621299	0.460075319194046	111
0.0392756199686799	1.02305588727417	199
-0.07751813364046	0.460999123934144	820
-0.07404063292873	0.46464634975394	67
-0.07619063428197	0.464332625195306	4
-0.07729416019928	0.464030812177167	192
-0.07729416019928	0.464030812177167	4
-0.07663127237553	0.463841960726504	4
-0.07619063428197	0.464332625195306	4
-0.07404063292873	0.46464634975394	301
-0.05355154919223	1.15627079103853	8
0.10252169515099	1.710710909771	133
-0.115833519707	0.818335066549798	133
-0.08312180465276	0.456619894300455	67
-0.00055690505920003	0.720927200554066	84
-0.07729416019928	0.464030812177167	84
0.06892926623401	1.36459154842111	84
-0.07751813364046	0.460999123934144	4
-0.07795608022485	0.460518488476826	4
-0.11847558500539	0.823870185922236	479
-0.07619063428197	0.464332625195306	4
0.00463165938496002	0.723394124986539	369
-0.0817994549413199	0.459890984284061	732
0.00554306985018993	0.718048667559638	111
-0.07729416019928	0.464030812177167	17
-0.05000050791703	1.14708164710789	133
0.00607479709128	0.72656254858984	133
-0.07795608022485	0.460518488476826	67
-0.0538442119803699	1.13242139491673	4
-0.07685486884792	0.464520674256509	4
-0.07381808162839	0.461642678393369	4
-0.07619063428197	0.464332625195306	8
-0.0817994549413199	0.459890984284061	218
0.01486247107114	0.720319656247383	587
-0.05887425973505	1.12946432004838	587
-0.07381808162839	0.461642678393369	199
-0.10705597233464	1.27880206010774	199
-0.07552542746567	0.460766549668113	199
-0.07685486884792	0.464520674256509	34
-0.0526226104887999	1.15675302907646	34
-0.07685486884792	0.464520674256509	84
-0.07685486884792	0.464520674256509	192
0.04505942289481	1.03060043826884	209
-0.07751813364046	0.460999123934144	4
-0.0747085882320999	0.462007722411423	248
-0.07619063428197	0.464332625195306	1715
-0.08113682179882	0.456392471123935	336
-0.0817994549413199	0.459890984284061	351
-0.05732238720128	1.13116319014244	218
-0.0824611150621299	0.460075319194046	49
0.00754149394248005	0.718899663299923	587
-0.07751813364046	0.460999123934144	133
0.00616311918023005	0.72481807174305	133
0.00875125678523991	0.728524381117766	1446
-0.08113682179882	0.456392471123935	34
-0.0733716985628601	0.462133777671899	480
-0.0694775206352301	0.45248960675072	84
-0.0824611150621299	0.460075319194046	369
-0.0747085882320999	0.462007722411423	209
-0.07685486884792	0.464520674256509	4
-0.07619063428197	0.464332625195306	301
-0.07663127237553	0.463841960726504	43
-0.0470265953645701	1.60949260026999	336
-0.0796550881556899	0.46018446512664	205
0.00580075839304994	1.49934090733028	34
-0.0744856603053501	0.464150673012566	34
-0.07729416019928	0.464030812177167	480
-0.07663127237553	0.463841960726504	820
-0.07795608022485	0.460518488476826	151
-0.0824611150621299	0.460075319194046	43
-0.11918447789561	0.824232677112136	1446
-0.07404063292873	0.46464634975394	199
0.00454401071682997	0.731144176225521	199
-0.08113682179882	0.456392471123935	820
-0.07751813364046	0.460999123934144	820
-0.08032046087545	0.457595452936098	146
-0.07685486884792	0.464520674256509	84
-0.0733716985628601	0.462133777671899	42
-0.0747085882320999	0.462007722411423	151
0.04212003646427	1.02088669062132	248
-0.07729416019928	0.464030812177167	17
-0.11497157983984	1.91539645523236	133
-0.10821789132813	1.26435815874687	660
0.00377467966820011	0.722526634113836	1446
-0.1178684509346	0.822488829388086	199
0.04226450486572	1.02598956059218	199
-0.11918447789561	0.824232677112136	199
-0.0556501307992601	1.14440149288082	199
-0.10954689025135	1.27907513931916	58
0.00455274882065004	0.723054786609415	34
-0.08312180465276	0.456619894300455	34
0.0068658776858701	0.726722484656385	480
-0.07619063428197	0.464332625195306	820
-0.07685486884792	0.464520674256509	84
0.10509884630763	1.69454076399156	4
-0.07729416019928	0.464030812177167	151
-0.07619063428197	0.464332625195306	4
-0.07619063428197	0.464332625195306	4
-0.0744856603053501	0.464150673012566	248
-0.0747085882320999	0.462007722411423	248
-0.0817994549413199	0.459890984284061	17
0.0110401629455099	0.72234347373097	133
-0.07729416019928	0.464030812177167	133
-0.07685486884792	0.464520674256509	1446
-0.07685486884792	0.464520674256509	1446
-0.07795608022485	0.460518488476826	34
0.000151023150400054	0.721716938958027	34
-0.07663127237553	0.463841960726504	480
-0.07729416019928	0.464030812177167	67
-0.07663127237553	0.463841960726504	84
-0.0747085882320999	0.462007722411423	4
-0.07729416019928	0.464030812177167	151
-0.0824611150621299	0.460075319194046	17
-0.07685486884792	0.464520674256509	87
-0.08032046087545	0.457595452936098	87
-0.09874219933749	1.83361180812565	133
-0.11565021317444	0.824728769169963	199
-0.11979980473609	0.823163404864463	146
-0.08312180465276	0.456619894300455	146
-0.07751813364046	0.460999123934144	151
0.00386518134589009	0.730362174541587	192
-0.0796550881556899	0.46018446512664	4
0.00386518134589009	0.730362174541587	4
-0.07404063292873	0.46464634975394	910
-0.0747085882320999	0.462007722411423	294
-0.11265161571899	0.829563029346075	17
-0.0759674142806299	0.460282807242908	1600
-0.11518409799965	1.25733427904599	133
-0.00164492790552995	1.48565661026592	1446
-0.0488100506684901	1.61679040739526	34
0.000268214782570109	0.720638558221708	84
0.03936603468974	1.01590945391303	4
-0.07685486884792	0.464520674256509	22
-0.07619063428197	0.464332625195306	151
-0.07729416019928	0.464030812177167	4
-0.0796550881556899	0.46018446512664	965
-0.07619063428197	0.464332625195306	544
-0.11688292391163	0.8304422596219	77
-0.08113682179882	0.456392471123935	294
-0.07751813364046	0.460999123934144	294
-0.000644858580969965	1.4886207373484	133
0.07524334268452	1.37304021941034	199
0.0111598076314099	0.728969790168013	199
-0.0477660163978799	1.15926358648726	34
-0.0590794703179001	1.12675610503299	34
-0.07729416019928	0.464030812177167	34
-0.1185694499478	0.8175628677592	166
-0.07729416019928	0.464030812177167	820
-0.0817994549413199	0.459890984284061	84
-0.07515226191443	0.461519344198087	151
-0.0716547990712699	0.45890870010031	544
0.0463962117804599	1.01836547019709	77
0.04226450486572	1.02598956059218	910
0.0646731539009899	1.35975643036564	133
-0.02973342834796	2.33263114769822	133
-0.0313702397587701	2.01153312721852	199
0.00167344275031001	1.48729921674228	113
-0.07663127237553	0.463841960726504	146
-0.0744856603053501	0.464150673012566	1461
-0.07663127237553	0.463841960726504	4
0.00327542339675002	0.72323220136473	4
-0.0817994549413199	0.459890984284061	4
-0.07663127237553	0.463841960726504	965
-0.07619063428197	0.464332625195306	544
-0.07515226191443	0.461519344198087	544
0.0735170408615899	1.36455233681557	77
-0.1026905788129	1.82718493923889	133
-0.11626641863387	0.831527950810364	199
-0.0744856603053501	0.464150673012566	199
-0.07729416019928	0.464030812177167	113
-0.07729416019928	0.464030812177167	4
-0.07795608022485	0.460518488476826	808
-0.07619063428197	0.464332625195306	42
-0.0759674142806299	0.460282807242908	42
-0.07515226191443	0.461519344198087	42
-0.07619063428197	0.464332625195306	151
-0.07729416019928	0.464030812177167	151
-0.07685486884792	0.464520674256509	4
-0.07663127237553	0.463841960726504	4
-0.07685486884792	0.464520674256509	544
-0.11565021317444	0.824728769169963	133
-0.0817994549413199	0.459890984284061	58
0.0140390281981699	0.710913161725194	58
-0.08032046087545	0.457595452936098	1446
0.00172820526816997	0.717331490583935	1446
0.0442439657338001	1.02108202142395	58
-0.00185507719617006	0.718062344271828	199
0.00513375611600009	0.725661881665558	199
-0.07729416019928	0.464030812177167	199
-0.0744856603053501	0.464150673012566	113
-0.0747085882320999	0.462007722411423	820
-0.07404063292873	0.46464634975394	42
-0.0716547990712699	0.45890870010031	22
-0.07795608022485	0.460518488476826	151
-0.07685486884792	0.464520674256509	4
-0.0733716985628601	0.462133777671899	43
-0.11555868093858	0.831771178104998	570
0.0406323984799299	1.01774302081552	133
0.0414711811144599	1.02057579101948	133
-0.0747085882320999	0.462007722411423	199
-0.11132694646096	0.822324972311213	199
-0.07619063428197	0.464332625195306	34
-0.07515226191443	0.461519344198087	34
-0.07751813364046	0.460999123934144	34
-0.0744856603053501	0.464150673012566	113
-0.0796550881556899	0.46018446512664	84
-0.0744856603053501	0.464150673012566	84
-0.07795608022485	0.460518488476826	42
-0.0718766753974001	0.459092046764703	151
-0.0759674142806299	0.460282807242908	4
0.035665300872	1.00327274147521	967
-0.0817994549413199	0.459890984284061	4
-0.07552542746567	0.460766549668113	844
-0.11768139713747	0.826477844572328	133
-0.08312180465276	0.456619894300455	890
-0.00443035887566001	1.48783658184967	58
0.01057110316136	0.721934415117449	34
-0.07729416019928	0.464030812177167	34
-0.05549244155414	1.14981099652475	34
-0.0747085882320999	0.462007722411423	34
-0.0744856603053501	0.464150673012566	113
-0.07685486884792	0.464520674256509	84
0.0039540055065399	0.724000730214971	84
-0.09872677085271	1.79994239116671	4
-0.0733716985628601	0.462133777671899	42
-0.11574780508979	0.820726161040293	967
-0.07729416019928	0.464030812177167	43
-0.07552542746567	0.460766549668113	43
-0.1199873053512	0.814706170713407	77
-0.07381808162839	0.461642678393369	535
0.04505942289481	1.03060043826884	133
0.02359452532143	2.16103395029794	133
0.00386518134589009	0.730362174541587	133
0.00250475458900001	0.722216825686463	58
0.03940449525873	1.81251575469096	890
-0.11626641863387	0.831527950810364	199
-0.0718766753974001	0.459092046764703	199
-0.07619063428197	0.464332625195306	199
-0.07729416019928	0.464030812177167	34
-0.07663127237553	0.463841960726504	34
-0.07795608022485	0.460518488476826	820
-0.07685486884792	0.464520674256509	69
-0.0824611150621299	0.460075319194046	146
-0.07729416019928	0.464030812177167	42
0.0039540055065399	0.724000730214971	4
-0.12050822473745	0.822345913826972	4
-0.07751813364046	0.460999123934144	4
-0.0712039953246699	0.459397393845691	544
-0.07232611642888	0.458605251137047	844
-0.07381808162839	0.461642678393369	294
-0.0817994549413199	0.459890984284061	570
-0.07795608022485	0.460518488476826	570
-0.00612168794330992	1.46707558877934	199
-0.10425771216957	1.29214943826066	199
0.07591102017522	1.37155475537214	199
-0.11347296083465	1.26519445443682	113
-0.0849718851130701	1.70296226803482	808
-0.07685486884792	0.464520674256509	151
-0.07619063428197	0.464332625195306	176
-0.11265161571899	0.829563029346075	49
0.0633970729970199	2.05288703478134	133
-0.0461575476147	1.16004015085156	58
0.06340588159817	1.340212369357	199
0.0392756199686799	1.02305588727417	4
0.03042440649036	2.16182597802638	4
-0.0747085882320999	0.462007722411423	42
-0.07729416019928	0.464030812177167	151
-0.11786025912241	0.817214679245591	141
-0.07685486884792	0.464520674256509	176
-0.07729416019928	0.464030812177167	4
-0.0744856603053501	0.464150673012566	415
-0.07663127237553	0.463841960726504	43
-0.11124616232492	1.78714781126961	133
-0.0598912773932501	1.13955489234582	113
-0.11997041872404	0.818268051870838	141
-0.0474085423508399	1.98504241976085	141
-0.12138594666667	0.819141751644265	113
0.00377467966820011	0.722526634113836	69
-0.07685486884792	0.464520674256509	151
-0.07729416019928	0.464030812177167	43
-0.11107881915224	0.819849460288902	43
0.01127803217793	0.721066874523038	77
-0.07795608022485	0.460518488476826	1370
-0.12112355249033	0.814015487043126	199
0.0377752152339299	1.00741135327578	34
-0.07552542746567	0.460766549668113	4
-0.07663127237553	0.463841960726504	141
-0.0510134506547	1.15439696018788	4
-0.07619063428197	0.464332625195306	4
-0.0817994549413199	0.459890984284061	4
-0.0747085882320999	0.462007722411423	1067
-0.0744856603053501	0.464150673012566	43
0.00683804893060991	0.71976461693437	1226
0.0494477647210501	1.0151812504177	151
0.00454401071682997	0.731144176225521	151
0.0067535686531599	0.731963105910918	151
-0.07619063428197	0.464332625195306	151
-0.0744856603053501	0.464150673012566	4
-0.07552542746567	0.460766549668113	4
-0.0744856603053501	0.464150673012566	1067
-0.07619063428197	0.464332625195306	92
-0.07619063428197	0.464332625195306	43
0.00386518134589009	0.730362174541587	77
0.04420106432328	1.01697004111025	199
-0.0467869015715101	1.60626816685055	69
-0.07663127237553	0.463841960726504	151
-0.07663127237553	0.463841960726504	141
-0.11617548566236	0.830684994706267	230
-0.07751813364046	0.460999123934144	1459
0.01127803217793	0.721066874523038	544
-0.07552542746567	0.460766549668113	43
-0.0744856603053501	0.464150673012566	1114
-0.11528748979619	1.26617545175863	133
-0.0584216405772899	1.13134872676267	199
0.0414711811144599	1.02057579101948	146
-0.07685486884792	0.464520674256509	146
-0.07404063292873	0.46464634975394	151
-0.07685486884792	0.464520674256509	176
0.000151023150400054	0.721716938958027	230
-0.07795608022485	0.460518488476826	4
-0.07619063428197	0.464332625195306	858
-0.07685486884792	0.464520674256509	77
-0.07552542746567	0.460766549668113	1529
-0.0824611150621299	0.460075319194046	36
-0.07663127237553	0.463841960726504	1114
0.00887174444885996	0.732386958014986	199
0.00875125678523991	0.728524381117766	34
0.000151023150400054	0.721716938958027	34
-0.07663127237553	0.463841960726504	67
0.00875125678523991	0.728524381117766	67
-0.0817994549413199	0.459890984284061	146
-0.0759674142806299	0.460282807242908	4
-0.07685486884792	0.464520674256509	151
-0.0744856603053501	0.464150673012566	151
-0.0824611150621299	0.460075319194046	151
-0.0744856603053501	0.464150673012566	1529
0.06880911808789	1.34210388977408	69
-0.0712039953246699	0.459397393845691	4
0.0458388004250401	1.02636836425129	4
-0.07381808162839	0.461642678393369	36
-0.11847558500539	0.823870185922236	36
0.0730426566703	2.10436212666478	58
-0.0598912773932501	1.13955489234582	199
0.00887174444885996	0.732386958014986	288
-0.0747085882320999	0.462007722411423	1005
-0.07232611642888	0.458605251137047	43
-0.0744856603053501	0.464150673012566	36
-0.11055445062427	1.28417667114764	58
-0.12050822473745	0.822345913826972	133
-0.0824611150621299	0.460075319194046	199
-0.0747085882320999	0.462007722411423	67
-0.0712039953246699	0.459397393845691	67
-0.07751813364046	0.460999123934144	67
0.03641901313413	1.01335536489925	69
-0.07685486884792	0.464520674256509	969
-0.07404063292873	0.46464634975394	151
0.00804178234093	0.728388309702657	141
-0.08312180465276	0.456619894300455	36
0.04307721291405	1.01858791278227	36
-0.0495114470590301	1.13729818670593	58
-0.11918447789561	0.824232677112136	199
-0.07795608022485	0.460518488476826	69
-0.0774968262133	0.454742268472816	969
-0.07404063292873	0.46464634975394	302
-0.11786025912241	0.817214679245591	302
-0.0718766753974001	0.459092046764703	575
-0.12085471457038	0.818991491883299	575
-0.07685486884792	0.464520674256509	151
-0.07795608022485	0.460518488476826	4
-0.07404063292873	0.46464634975394	176
0.0104518703985399	0.727718870410599	43
-0.07751813364046	0.460999123934144	36
-0.07729416019928	0.464030812177167	36
0.0373372439164501	1.7753518396918	34
0.0067535686531599	0.731963105910918	969
-0.07515226191443	0.461519344198087	302
0.0399313326142099	1.00683825640891	470
-0.0744856603053501	0.464150673012566	151
0.0401204635413299	1.01895971165508	26
-0.07795608022485	0.460518488476826	176
-0.11617548566236	0.830684994706267	230
-0.1090492903718	0.823526366111458	4
-0.07381808162839	0.461642678393369	790
-0.07795608022485	0.460518488476826	334
-0.07795608022485	0.460518488476826	176
-0.11357015186786	0.817723328071959	43
-0.07515226191443	0.461519344198087	36
-0.0744856603053501	0.464150673012566	1687
0.01036562749292	2.29225186232386	133
-0.05063999203946	1.59915509430577	69
0.00454401071682997	0.731144176225521	470
0.00386518134589009	0.730362174541587	575
-0.0817994549413199	0.459890984284061	611
-0.0747085882320999	0.462007722411423	176
-0.07729416019928	0.464030812177167	1114
-0.08451270164279	1.72044027742931	189
-0.11979980473609	0.823163404864463	302
-0.07685486884792	0.464520674256509	151
0.00314215986916011	0.724521991261677	151
0.0514739565469999	1.02431002859514	141
-0.07685486884792	0.464520674256509	176
-0.0747085882320999	0.462007722411423	4
-0.07663127237553	0.463841960726504	176
-0.07663127237553	0.463841960726504	76
-0.0744856603053501	0.464150673012566	1441
0.00318542801638011	0.727955576198877	151
-0.11515265409369	1.26016283462178	230
0.04289350043473	1.02736813154353	1375
-0.11979980473609	0.823163404864463	230
-0.07404063292873	0.46464634975394	4
-0.07751813364046	0.460999123934144	611
-0.0744856603053501	0.464150673012566	176
-0.0747085882320999	0.462007722411423	176
-0.07663127237553	0.463841960726504	176
-0.07685486884792	0.464520674256509	176
-0.07552542746567	0.460766549668113	1361
-0.07685486884792	0.464520674256509	36
-0.08032046087545	0.457595452936098	36
-0.07685486884792	0.464520674256509	36
-0.07795608022485	0.460518488476826	1441
-0.11688292391163	0.8304422596219	199
-0.07619063428197	0.464332625195306	4
-0.07751813364046	0.460999123934144	4
-0.0733716985628601	0.462133777671899	4
-0.07404063292873	0.46464634975394	77
-0.0744856603053501	0.464150673012566	567
-0.0733716985628601	0.462133777671899	1361
-0.07729416019928	0.464030812177167	225
-0.07729416019928	0.464030812177167	912
-0.12438283406787	0.817307577850357	4
-0.12050822473745	0.822345913826972	141
-0.0481062499373	1.15660799566189	26
-0.0759674142806299	0.460282807242908	176
-0.07685486884792	0.464520674256509	176
-0.07751813364046	0.460999123934144	76
0.01057110316136	0.721934415117449	581
-0.07619063428197	0.464332625195306	43
-0.0744856603053501	0.464150673012566	77
-0.07685486884792	0.464520674256509	225
-0.07232611642888	0.458605251137047	36
-0.07751813364046	0.460999123934144	36
-0.0733716985628601	0.462133777671899	36
0.00887174444885996	0.732386958014986	69
-0.07729416019928	0.464030812177167	4
0.00454401071682997	0.731144176225521	176
-0.0747085882320999	0.462007722411423	1273
0.00327542339675002	0.72323220136473	4
-0.0747085882320999	0.462007722411423	4
-0.0759674142806299	0.460282807242908	4
0.00377467966820011	0.722526634113836	4
-0.07751813364046	0.460999123934144	581
-0.07729416019928	0.464030812177167	581
-0.07663127237553	0.463841960726504	744
-0.07685486884792	0.464520674256509	912
0.0465595481678101	1.02847494050688	146
0.00745395376443003	0.733906884256128	26
-0.07663127237553	0.463841960726504	4
-0.07729416019928	0.464030812177167	4
-0.0718766753974001	0.459092046764703	176
0.0039540055065399	0.724000730214971	994
-0.07729416019928	0.464030812177167	567
-0.0744856603053501	0.464150673012566	77
-0.0747085882320999	0.462007722411423	904
-0.0744856603053501	0.464150673012566	744
-0.07404063292873	0.46464634975394	225
-0.07619063428197	0.464332625195306	36
-0.0824611150621299	0.460075319194046	1441
-0.11494217629183	0.824973448793675	4
-0.07729416019928	0.464030812177167	26
-0.07515226191443	0.461519344198087	26
-0.11943831015662	0.820866008765129	176
-0.11918447789561	0.824232677112136	1375
-0.0744856603053501	0.464150673012566	1375
-0.07795608022485	0.460518488476826	4
0.00454401071682997	0.731144176225521	312
-0.0759674142806299	0.460282807242908	176
-0.0817994549413199	0.459890984284061	176
-0.07729416019928	0.464030812177167	176
-0.07685486884792	0.464520674256509	76
-0.07381808162839	0.461642678393369	77
-0.07729416019928	0.464030812177167	225
-0.07795608022485	0.460518488476826	128
-0.07685486884792	0.464520674256509	36
0.04209913266494	1.01177001087102	34
-0.11256322869182	0.827954037268072	494
-0.11688292391163	0.8304422596219	494
-0.11909121003898	0.822801909189956	69
-0.07381808162839	0.461642678393369	69
0.0479122850557101	1.03014853925411	69
-0.0716547990712699	0.45890870010031	151
-0.0747085882320999	0.462007722411423	151
0.07510289168236	1.36912496260908	141
-0.07729416019928	0.464030812177167	1375
-0.0824611150621299	0.460075319194046	835
-0.07729416019928	0.464030812177167	581
0.0486344273733299	1.02862100490664	199
0.00384787691805011	0.724657863574207	189
0.00455274882065004	0.723054786609415	302
0.0379563587618199	1.00910005845031	141
-0.0532838488935701	1.15790820753353	4
-0.07729416019928	0.464030812177167	4
-0.07552542746567	0.460766549668113	176
-0.07515226191443	0.461519344198087	77
0.00757502611847993	0.726858655012998	77
-0.07404063292873	0.46464634975394	367
-0.07404063292873	0.46464634975394	1441
0.0731430302329401	2.0928405707312	133
0.04499937956767	1.81493207723694	199
-0.11918447789561	0.824232677112136	34
-0.11918447789561	0.824232677112136	494
-0.11688292391163	0.8304422596219	492
-0.07381808162839	0.461642678393369	302
-0.05722584733393	1.13667758820152	302
0.0762879202011899	2.12610794758261	69
-0.0747085882320999	0.462007722411423	151
-0.07619063428197	0.464332625195306	151
-0.07381808162839	0.461642678393369	176
0.0068658776858701	0.726722484656385	77
-0.07685486884792	0.464520674256509	77
0.00613374704386005	0.718541490359432	1441
-0.07552542746567	0.460766549668113	1441
-0.09665128870194	2.14738166943734	867
-0.10056192183827	1.83858460533675	867
0.0393044203849	1.0155563793857	554
0.0118669009994501	0.728075307220014	189
0.0111598076314099	0.728969790168013	34
-0.07404063292873	0.46464634975394	492
-0.07663127237553	0.463841960726504	69
-0.07685486884792	0.464520674256509	288
-0.07898873560089	0.457720047095474	151
0.0399313326142099	1.00683825640891	151
0.00513375611600009	0.725661881665558	151
-0.07515226191443	0.461519344198087	141
-0.05712809382235	1.5795515629407	77
-0.07381808162839	0.461642678393369	36
-0.07729416019928	0.464030812177167	36
-0.05329796217062	2.43910031277036	867
-0.10154900037893	1.82861262428406	867
-0.05539628983919	1.13946268122954	133
-0.11132694646096	0.822324972311213	133
0.0343405480174599	1.00069265064131	133
-0.12085471457038	0.818991491883299	133
-0.1192784656622	0.816754363675922	447
0.0471906654323899	1.02985864427833	189
0.00327542339675002	0.72323220136473	69
-0.07685486884792	0.464520674256509	492
-0.0744856603053501	0.464150673012566	288
-0.07663127237553	0.463841960726504	151
-0.11537782284342	0.818275226557841	4
-0.07729416019928	0.464030812177167	4
-0.0796550881556899	0.46018446512664	76
-0.07619063428197	0.464332625195306	817
-0.07404063292873	0.46464634975394	77
0.05003209523856	1.02365697150015	36
-0.00309084168203011	1.49358760551128	133
-0.11002032268058	1.27666731387914	133
-0.0519857669302299	1.15436868547081	133
-0.10357359572992	1.82792901354332	69
0.01057110316136	0.721934415117449	471
-0.1192784656622	0.816754363675922	492
-0.07381808162839	0.461642678393369	302
0.06461788164676	1.34340301757786	151
-0.07663127237553	0.463841960726504	833
-0.0759674142806299	0.460282807242908	176
-0.10975468619226	0.82321945655265	77
-0.07663127237553	0.463841960726504	128
-0.07795608022485	0.460518488476826	332
0.00828334195858993	0.725250770819157	1441
-0.11522943990177	2.38973097379877	867
0.0393044203849	1.0155563793857	447
-0.11887332069175	1.93585503338713	69
0.0401204635413299	1.01895971165508	69
-0.11716172074352	0.823561286366284	34
-0.0479068260607001	1.15474429535127	34
-0.1192784656622	0.816754363675922	471
-0.07898873560089	0.457720047095474	492
-0.000438720257460057	0.721218899436236	492
-0.07663127237553	0.463841960726504	69
-0.0824611150621299	0.460075319194046	86
-0.07381808162839	0.461642678393369	151
-0.07663127237553	0.463841960726504	151
-0.07729416019928	0.464030812177167	176
-0.0620233011099201	1.12553285669864	4
-0.0796550881556899	0.46018446512664	4
-0.07729416019928	0.464030812177167	4
-0.07729416019928	0.464030812177167	312
-0.0490511924566599	1.6176877917067	77
-0.00552882774979002	1.47526267884308	133
0.0680277508116101	1.36423744812572	288
-0.00114648547845997	0.720429849574687	151
-0.07381808162839	0.461642678393369	151
-0.07663127237553	0.463841960726504	26
0.00445467967086	0.724890448382186	176
0.04926591985619	1.01971303832941	176
-0.07685486884792	0.464520674256509	4
-0.07751813364046	0.460999123934144	4
-0.0733716985628601	0.462133777671899	176
-0.07381808162839	0.461642678393369	1523
-0.07685486884792	0.464520674256509	36
-0.07685486884792	0.464520674256509	36
-0.0747085882320999	0.462007722411423	36
-0.0744856603053501	0.464150673012566	49
-0.10716817794295	1.28586902163348	133
0.0785787626427401	1.36790666351644	133
-0.11188444652954	1.275881865758	554
0.0686424277731801	2.10617408392757	906
-0.11077885572887	1.28700689196112	189
-0.0135353563310301	1.4460575240184	447
0.04370722638643	1.02972953602529	34
-0.12163636257783	0.811541781707049	69
-0.07685486884792	0.464520674256509	4
0.00314215986916011	0.724521991261677	141
-0.07795608022485	0.460518488476826	176
-0.07685486884792	0.464520674256509	599
-0.11529958890629	0.816171206336362	77
-0.05285273160306	1.13630460064126	49
-0.0546973971231399	1.15092404647879	492
-0.11688292391163	0.8304422596219	492
-0.12305548835896	0.813444568398379	492
-0.11617548566236	0.830684994706267	26
-0.07619063428197	0.464332625195306	4
-0.07619063428197	0.464332625195306	70
-0.07404063292873	0.46464634975394	176
-0.07381808162839	0.461642678393369	36
-0.07729416019928	0.464030812177167	332
0.00804178234093	0.728388309702657	49
0.01057110316136	0.721934415117449	151
-0.07663127237553	0.463841960726504	176
-0.07729416019928	0.464030812177167	70
-0.07685486884792	0.464520674256509	176
-0.0744856603053501	0.464150673012566	618
-0.07685486884792	0.464520674256509	40
-0.07404063292873	0.46464634975394	77
-0.07751813364046	0.460999123934144	36
0.1064451196295	1.71213066140927	141
0.00327542339675002	0.72323220136473	176
-0.07751813364046	0.460999123934144	176
-0.0747085882320999	0.462007722411423	176
-0.07729416019928	0.464030812177167	176
0.0421945122354299	1.01946703036785	4
-0.07729416019928	0.464030812177167	444
-0.07751813364046	0.460999123934144	70
-0.07663127237553	0.463841960726504	176
-0.07663127237553	0.463841960726504	176
-0.07404063292873	0.46464634975394	77
-0.08312180465276	0.456619894300455	1603
-0.07663127237553	0.463841960726504	36
-0.07685486884792	0.464520674256509	784
0.0400261352412199	1.01869891010591	199
0.0497769115895199	2.37445410502331	199
-0.07404063292873	0.46464634975394	146
0.0039540055065399	0.724000730214971	1448
-0.07729416019928	0.464030812177167	176
0.00377467966820011	0.722526634113836	176
-0.07619063428197	0.464332625195306	176
-0.07795608022485	0.460518488476826	176
0.0414711811144599	1.02057579101948	4
0.04065339377532	1.00991903856181	185
-0.0733716985628601	0.462133777671899	446
-0.0796550881556899	0.46018446512664	176
-0.0712039953246699	0.459397393845691	40
-0.07729416019928	0.464030812177167	36
-0.07515226191443	0.461519344198087	36
-0.11565021317444	0.824728769169963	906
0.00745395376443003	0.733906884256128	4
-0.06146193655052	1.12447377909103	151
0.10842132018814	1.69311404521676	151
-0.07619063428197	0.464332625195306	1448
-0.08312180465276	0.456619894300455	1448
0.00816326525644007	0.734040558131918	176
0.04876667173242	1.01140589647638	176
-0.07685486884792	0.464520674256509	731
0.00581190513373997	0.72505210715856	446
-0.07663127237553	0.463841960726504	176
-0.07729416019928	0.464030812177167	36
-0.0747085882320999	0.462007722411423	784
-0.11029844870414	2.23087880858187	906
0.04275413671575	1.01460168959754	199
0.03999937908194	1.02409552751679	4
-0.07795608022485	0.460518488476826	1469
-0.11918447789561	0.824232677112136	1469
-0.05745937561773	1.14277793857674	176
-0.07663127237553	0.463841960726504	176
-0.0824611150621299	0.460075319194046	176
-0.0747085882320999	0.462007722411423	731
0.00745395376443003	0.733906884256128	446
-0.07729416019928	0.464030812177167	446
-0.11459382129382	0.819016590597169	446
-0.07515226191443	0.461519344198087	446
0.00463165938496002	0.723394124986539	176
-0.07381808162839	0.461642678393369	332
0.04289350043473	1.02736813154353	199
-0.0818677057348001	1.72305367142684	34
-0.10830491562699	1.28250681159038	4
0.0429856002484099	1.02869092299929	4
-0.04946185730181	1.60885794363575	4
0.0514739565469999	1.02431002859514	176
0.00875125678523991	0.728524381117766	176
-0.0744856603053501	0.464150673012566	176
-0.07795608022485	0.460518488476826	1475
-0.07515226191443	0.461519344198087	176
-0.07751813364046	0.460999123934144	731
-0.0744856603053501	0.464150673012566	383
-0.07729416019928	0.464030812177167	185
-0.07232611642888	0.458605251137047	446
-0.07751813364046	0.460999123934144	176
-0.07515226191443	0.461519344198087	40
-0.0474336238417401	1.95759520417431	906
-0.1090492903718	0.823526366111458	4
-0.0744856603053501	0.464150673012566	1448
-0.07663127237553	0.463841960726504	176
-0.07619063428197	0.464332625195306	176
-0.07685486884792	0.464520674256509	176
0.0110401629455099	0.72234347373097	176
0.0466490285111301	1.01768759865624	1322
-0.0817994549413199	0.459890984284061	1322
-0.07729416019928	0.464030812177167	176
-0.07729416019928	0.464030812177167	176
-0.07685486884792	0.464520674256509	40
-0.07619063428197	0.464332625195306	40
-0.07381808162839	0.461642678393369	784
0.0536977597894901	2.43992831460041	906
0.0779104785076901	1.3693725776972	69
-0.10253909792562	1.29298518082652	69
-0.11635808453915	0.823096599604635	4
-0.07751813364046	0.460999123934144	4
-0.0718766753974001	0.459092046764703	26
0.00255195120164009	0.724022154570055	176
0.00734375787265007	0.726480257611812	176
0.00454401071682997	0.731144176225521	176
-0.0759674142806299	0.460282807242908	70
0.00875125678523991	0.728524381117766	176
-0.07619063428197	0.464332625195306	1346
-0.07685486884792	0.464520674256509	36
-0.0716547990712699	0.45890870010031	49
0.0449662875852199	1.02210806295436	199
0.00581190513373997	0.72505210715856	199
0.0377752152339299	1.00741135327578	69
0.00184555672573006	0.722119329813537	1448
-0.11335814005064	0.828484260259448	176
0.0414711811144599	1.02057579101948	176
-0.07729416019928	0.464030812177167	176
0.0414711811144599	1.02057579101948	176
-0.07685486884792	0.464520674256509	40
-0.07663127237553	0.463841960726504	36
-0.0796550881556899	0.46018446512664	36
-0.08032046087545	0.457595452936098	49
-0.10716817794295	1.28586902163348	906
0.0941813884712199	1.68021746719495	34
-0.05445176997757	1.5980187081857	4
-0.07381808162839	0.461642678393369	4
-0.11397583016577	0.827408068616722	4
-0.07685486884792	0.464520674256509	1448
-0.07751813364046	0.460999123934144	176
-0.07729416019928	0.464030812177167	176
-0.07729416019928	0.464030812177167	176
-0.07751813364046	0.460999123934144	731
-0.07619063428197	0.464332625195306	176
-0.07685486884792	0.464520674256509	40
-0.07898873560089	0.457720047095474	77
-0.07663127237553	0.463841960726504	77
-0.07404063292873	0.46464634975394	784
-0.12050822473745	0.822345913826972	199
0.00745395376443003	0.733906884256128	4
-0.07552542746567	0.460766549668113	1448
-0.07685486884792	0.464520674256509	1448
-0.08032046087545	0.457595452936098	637
0.0400261352412199	1.01869891010591	176
-0.07729416019928	0.464030812177167	176
0.00318542801638011	0.727955576198877	185
-0.07729416019928	0.464030812177167	185
-0.07729416019928	0.464030812177167	176
-0.07663127237553	0.463841960726504	176
0.00463165938496002	0.723394124986539	176
-0.07685486884792	0.464520674256509	40
-0.07619063428197	0.464332625195306	40
-0.07515226191443	0.461519344198087	913
0.00589888209025991	0.728312851544929	69
0.00589888209025991	0.728312851544929	151
0.0696509282533599	1.36872762723741	151
0.0514739565469999	1.02431002859514	141
-0.07619063428197	0.464332625195306	637
-0.0817994549413199	0.459890984284061	637
0.0464695685442	1.02774655385711	176
0.0039540055065399	0.724000730214971	176
-0.07729416019928	0.464030812177167	185
-0.0744856603053501	0.464150673012566	185
-0.07619063428197	0.464332625195306	176
-0.07552542746567	0.460766549668113	176
-0.07619063428197	0.464332625195306	176
0.10412920998846	1.70835433329664	199
-0.0628377405340399	2.06871543336066	4
-0.0492744920042201	1.58658883593158	4
-0.00398006224829994	1.4922633765645	307
-0.00745020435277999	1.46843693124756	1107
-0.11265161571899	0.829563029346075	1107
0.0039540055065399	0.724000730214971	1107
0.0416351879091601	1.01492971547989	176
-0.0824611150621299	0.460075319194046	176
-0.0718766753974001	0.459092046764703	176
-0.0733716985628601	0.462133777671899	176
-0.07663127237553	0.463841960726504	731
-0.07729416019928	0.464030812177167	176
-0.07729416019928	0.464030812177167	176
-0.07795608022485	0.460518488476826	40
-0.07619063428197	0.464332625195306	36
-0.07685486884792	0.464520674256509	36
-0.0524797432713799	1.15751264785653	683
0.10192351208413	1.70667061434302	1107
0.0416351879091601	1.01492971547989	1107
0.0640043432666699	1.34604811243166	1107
-0.0759674142806299	0.460282807242908	176
-0.08312180465276	0.456619894300455	176
-0.07404063292873	0.46464634975394	176
-0.0796550881556899	0.46018446512664	731
-0.07685486884792	0.464520674256509	176
-0.07795608022485	0.460518488476826	176
-0.0817994549413199	0.459890984284061	176
-0.0744856603053501	0.464150673012566	306
-0.06902227155612	0.452967280935034	40
0.00683804893060991	0.71976461693437	40
-0.07663127237553	0.463841960726504	174
-0.07663127237553	0.463841960726504	36
-0.0579266096247599	1.14938153035689	683
-0.02712463581995	2.35988837351683	151
-0.0744856603053501	0.464150673012566	1107
-0.11864168272391	0.821661818829214	26
-0.00185507719617006	0.718062344271828	176
0.01785836368866	0.710031184074343	176
-0.07685486884792	0.464520674256509	176
-0.1170657894254	0.819773625916108	176
-0.07619063428197	0.464332625195306	185
-0.0824611150621299	0.460075319194046	176
-0.07729416019928	0.464030812177167	176
-0.07404063292873	0.46464634975394	176
0.00318542801638011	0.727955576198877	176
0.00454401071682997	0.731144176225521	176
-0.0796550881556899	0.46018446512664	40
0.00455274882065004	0.723054786609415	77
-0.07751813364046	0.460999123934144	77
-0.07729416019928	0.464030812177167	36
-0.0759674142806299	0.460282807242908	784
-0.08032046087545	0.457595452936098	49
-0.07404063292873	0.46464634975394	913
-0.07685486884792	0.464520674256509	913
-0.11399829837331	2.36808331703287	34
0.00150337054528005	1.9047171064223	4
-0.11326960654555	0.828484301249648	191
-0.0747085882320999	0.462007722411423	176
0.00386518134589009	0.730362174541587	176
-0.0774968262133	0.454742268472816	176
-0.07795608022485	0.460518488476826	176
-0.07404063292873	0.46464634975394	176
0.00445467967086	0.724890448382186	176
-0.08312180465276	0.456619894300455	1128
-0.0796550881556899	0.46018446512664	134
-0.0716547990712699	0.45890870010031	174
-0.07515226191443	0.461519344198087	174
-0.07663127237553	0.463841960726504	71
-0.04428643414858	1.62045790078417	69
0.03641901313413	1.01335536489925	307
0.0415439402258	1.02118449016336	307
-0.0733716985628601	0.462133777671899	26
-0.07795608022485	0.460518488476826	26
-0.0744856603053501	0.464150673012566	176
-0.0747085882320999	0.462007722411423	176
-0.07685486884792	0.464520674256509	176
-0.0759674142806299	0.460282807242908	176
-0.07751813364046	0.460999123934144	40
-0.07751813364046	0.460999123934144	40
-0.0817994549413199	0.459890984284061	174
-0.07663127237553	0.463841960726504	36
-0.07663127237553	0.463841960726504	49
0.0111598076314099	0.728969790168013	199
0.00314215986916011	0.724521991261677	307
-0.11617548566236	0.830684994706267	307
-0.12296465158656	0.817772199821683	1107
-0.07685486884792	0.464520674256509	26
0.00804178234093	0.728388309702657	176
-0.07619063428197	0.464332625195306	176
0.00875125678523991	0.728524381117766	176
0.00816326525644007	0.734040558131918	176
0.00454401071682997	0.731144176225521	176
-0.07663127237553	0.463841960726504	176
-0.07729416019928	0.464030812177167	176
-0.07795608022485	0.460518488476826	174
-0.03005529530464	1.99159473850638	906
-0.11934998966707	0.824490122324127	307
0.09627586635589	1.69555188132929	1107
-0.07619063428197	0.464332625195306	26
-0.07751813364046	0.460999123934144	26
-0.11011256501246	1.29161578836114	176
0.0393985567349699	1.01734195516207	265
-0.07729416019928	0.464030812177167	176
-0.07663127237553	0.463841960726504	176
0.00463165938496002	0.723394124986539	176
-0.07751813364046	0.460999123934144	176
-0.07663127237553	0.463841960726504	176
-0.07404063292873	0.46464634975394	176
-0.07404063292873	0.46464634975394	199
0.00327542339675002	0.72323220136473	69
-0.07685486884792	0.464520674256509	26
-0.07381808162839	0.461642678393369	26
-0.07685486884792	0.464520674256509	26
0.0471906654323899	1.02985864427833	265
-0.07729416019928	0.464030812177167	176
-0.08312180465276	0.456619894300455	176
-0.07381808162839	0.461642678393369	176
0.00648912284410996	0.72289658955396	176
-0.11626641863387	0.831527950810364	176
0.00957938763296995	0.727439120047027	176
-0.07663127237553	0.463841960726504	176
-0.07729416019928	0.464030812177167	176
-0.07619063428197	0.464332625195306	176
-0.07663127237553	0.463841960726504	40
-0.07232611642888	0.458605251137047	40
-0.07685486884792	0.464520674256509	306
-0.0817994549413199	0.459890984284061	306
-0.07685486884792	0.464520674256509	40
-0.08113682179882	0.456392471123935	174
-0.07619063428197	0.464332625195306	830
-0.07663127237553	0.463841960726504	71
-0.07619063428197	0.464332625195306	1508
-0.07751813364046	0.460999123934144	69
-0.07663127237553	0.463841960726504	176
-0.0744856603053501	0.464150673012566	176
-0.00114648547845997	0.720429849574687	176
-0.07795608022485	0.460518488476826	174
-0.07795608022485	0.460518488476826	36
-0.0759674142806299	0.460282807242908	26
0.00816326525644007	0.734040558131918	82
-0.07729416019928	0.464030812177167	27
0.00899082149683994	0.720427405490532	176
-0.07404063292873	0.46464634975394	176
0.00386518134589009	0.730362174541587	176
-0.07898873560089	0.457720047095474	176
-0.0759674142806299	0.460282807242908	1398
0.00875125678523991	0.728524381117766	1398
-0.07729416019928	0.464030812177167	176
-0.07663127237553	0.463841960726504	176
-0.07685486884792	0.464520674256509	176
-0.0744856603053501	0.464150673012566	306
-0.0824611150621299	0.460075319194046	36
-0.07751813364046	0.460999123934144	71
-0.12225530187356	0.816181440416138	69
-0.11715089410691	0.815638074615182	307
0.00184555672573006	0.722119329813537	1107
-0.07729416019928	0.464030812177167	1107
-0.07685486884792	0.464520674256509	1107
0.00616311918023005	0.72481807174305	176
-0.07381808162839	0.461642678393369	176
-0.0733716985628601	0.462133777671899	176
-0.10975468619226	0.82321945655265	40
-0.07685486884792	0.464520674256509	40
-0.07663127237553	0.463841960726504	332
-0.10649522954796	1.83441686785619	1107
0.0067535686531599	0.731963105910918	1107
0.0421725880529	1.02255068630866	26
-0.11494217629183	0.824973448793675	27
-0.07663127237553	0.463841960726504	176
-0.07685486884792	0.464520674256509	1398
-0.08312180465276	0.456619894300455	176
-0.07685486884792	0.464520674256509	176
-0.07515226191443	0.461519344198087	40
-0.0744856603053501	0.464150673012566	306
-0.0712039953246699	0.459397393845691	197
-0.07751813364046	0.460999123934144	197
-0.07404063292873	0.46464634975394	36
-0.0518183764167801	1.15636087886753	69
-0.00255880052721991	0.712461006448089	26
-0.0744856603053501	0.464150673012566	82
-0.07381808162839	0.461642678393369	176
-0.0744856603053501	0.464150673012566	176
-0.0747085882320999	0.462007722411423	176
-0.0744856603053501	0.464150673012566	40
-0.0712039953246699	0.459397393845691	40
-0.0747085882320999	0.462007722411423	1449
-0.07404063292873	0.46464634975394	1449
-0.07729416019928	0.464030812177167	197
0.0111598076314099	0.728969790168013	40
-0.07729416019928	0.464030812177167	174
-0.07729416019928	0.464030812177167	36
-0.07663127237553	0.463841960726504	36
-0.0634198995873101	1.11291094184162	1105
0.00259591692705996	0.720878278886765	207
-0.07795608022485	0.460518488476826	176
-0.07685486884792	0.464520674256509	176
-0.07619063428197	0.464332625195306	176
-0.07685486884792	0.464520674256509	176
-0.0824611150621299	0.460075319194046	176
-0.07795608022485	0.460518488476826	306
-0.0759674142806299	0.460282807242908	306
-0.0796550881556899	0.46018446512664	40
-0.0733716985628601	0.462133777671899	197
-0.07685486884792	0.464520674256509	197
-0.0824611150621299	0.460075319194046	40
-0.07663127237553	0.463841960726504	174
-0.0718766753974001	0.459092046764703	36
-0.0461357681151799	1.61076191996324	683
0.00386518134589009	0.730362174541587	1107
0.0459281077607101	1.0173984313878	1107
-0.11848946997023	0.816314918031118	26
-0.0733716985628601	0.462133777671899	279
-0.07685486884792	0.464520674256509	279
-0.07795608022485	0.460518488476826	40
0.00683804893060991	0.71976461693437	40
-0.0733716985628601	0.462133777671899	36
-0.07751813364046	0.460999123934144	332
0.07544895134237	2.12788788765717	189
-0.07685486884792	0.464520674256509	82
-0.07685486884792	0.464520674256509	82
-0.0744856603053501	0.464150673012566	176
-0.07663127237553	0.463841960726504	850
-0.07619063428197	0.464332625195306	279
-0.07685486884792	0.464520674256509	306
0.00172820526816997	0.717331490583935	306
-0.07685486884792	0.464520674256509	40
-0.07751813364046	0.460999123934144	350
-0.07515226191443	0.461519344198087	36
-0.0817994549413199	0.459890984284061	36
-0.07729416019928	0.464030812177167	36
-0.07619063428197	0.464332625195306	36
-0.07685486884792	0.464520674256509	36
0.00445467967086	0.724890448382186	1307
-0.07729416019928	0.464030812177167	1107
-0.0796550881556899	0.46018446512664	82
-0.07619063428197	0.464332625195306	176
-0.07685486884792	0.464520674256509	279
-0.07751813364046	0.460999123934144	855
-0.11918447789561	0.824232677112136	40
-0.05450750030269	1.14263138401284	691
0.05011986874495	1.02364457955405	683
-0.07685486884792	0.464520674256509	683
-0.0015380392050599	1.49854819031878	69
-0.11918447789561	0.824232677112136	1307
-0.07685486884792	0.464520674256509	1107
-0.07685486884792	0.464520674256509	176
-0.0744856603053501	0.464150673012566	279
-0.07751813364046	0.460999123934144	855
-0.05340254077459	1.15566266525012	40
-0.07663127237553	0.463841960726504	36
0.04433691784598	1.03111792691154	1105
0.04370722638643	1.02972953602529	26
0.01057110316136	0.721934415117449	82
0.00616311918023005	0.72481807174305	82
-0.07795608022485	0.460518488476826	176
-0.08312180465276	0.456619894300455	176
-0.07685486884792	0.464520674256509	176
-0.0744856603053501	0.464150673012566	279
-0.07552542746567	0.460766549668113	176
-0.07404063292873	0.46464634975394	306
-0.07552542746567	0.460766549668113	40
-0.0744856603053501	0.464150673012566	40
-0.07663127237553	0.463841960726504	174
-0.07685486884792	0.464520674256509	36
-0.07729416019928	0.464030812177167	36
-0.07619063428197	0.464332625195306	36
-0.12463634022421	2.35741997854967	691
-0.03872713387378	2.00503209261853	69
-0.11969306392817	1.93915780713122	69
-0.05583508918929	1.13947370540857	1307
-0.11749972927205	0.821945996226353	26
-0.07619063428197	0.464332625195306	27
-0.0796550881556899	0.46018446512664	176
-0.0744856603053501	0.464150673012566	1057
-0.07751813364046	0.460999123934144	1057
-0.0824611150621299	0.460075319194046	40
-0.0716547990712699	0.45890870010031	40
-0.07685486884792	0.464520674256509	40
-0.07232611642888	0.458605251137047	36
-0.07729416019928	0.464030812177167	71
0.0492966744460399	1.00275259710811	53
-0.0824518225300701	2.17721068668553	691
-0.10295639442012	2.24921922925909	683
-0.0903617033725701	1.82486519705962	26
0.00454401071682997	0.731144176225521	1107
-0.0733716985628601	0.462133777671899	26
-0.0733716985628601	0.462133777671899	26
0.00816326525644007	0.734040558131918	191
-0.0759674142806299	0.460282807242908	27
0.00607479709128	0.72656254858984	279
-0.07381808162839	0.461642678393369	279
-0.07685486884792	0.464520674256509	176
-0.07619063428197	0.464332625195306	176
-0.07663127237553	0.463841960726504	607
-0.07619063428197	0.464332625195306	281
-0.0824611150621299	0.460075319194046	40
-0.0796550881556899	0.46018446512664	40
-0.0817994549413199	0.459890984284061	40
-0.10564591457646	1.27584519481678	69
-0.0780650784264501	1.72119276737409	456
0.03782970268344	1.01559565074618	26
-0.12005813541955	0.825636815426313	26
0.00554306985018993	0.718048667559638	82
-0.000438720257460057	0.721218899436236	82
0.00745395376443003	0.733906884256128	82
0.04148561039869	1.01277976412771	27
-0.07685486884792	0.464520674256509	27
-0.07729416019928	0.464030812177167	27
-0.0824611150621299	0.460075319194046	1029
0.00887174444885996	0.732386958014986	176
-0.07751813364046	0.460999123934144	176
-0.07898873560089	0.457720047095474	607
-0.07381808162839	0.461642678393369	281
-0.07795608022485	0.460518488476826	40
-0.0747085882320999	0.462007722411423	40
-0.07729416019928	0.464030812177167	40
-0.0863554030543401	1.68390865075357	26
0.0597218574385401	1.30365113464352	456
0.0435470273132601	1.0081410830007	26
0.00745395376443003	0.733906884256128	82
0.0457824588445701	1.02842455582156	82
-0.07685486884792	0.464520674256509	82
-0.07663127237553	0.463841960726504	207
-0.07685486884792	0.464520674256509	27
-0.0744856603053501	0.464150673012566	1057
-0.07795608022485	0.460518488476826	1057
-0.0584216405772899	1.13134872676267	1057
-0.0796550881556899	0.46018446512664	1057
0.00522191225852997	0.730516957592047	1029
-0.07729416019928	0.464030812177167	306
-0.07685486884792	0.464520674256509	40
-0.07685486884792	0.464520674256509	40
-0.0733716985628601	0.462133777671899	40
-0.0747085882320999	0.462007722411423	36
-0.07795608022485	0.460518488476826	36
-0.07381808162839	0.461642678393369	60
-0.0733716985628601	0.462133777671899	1729
-0.07619063428197	0.464332625195306	36
0.00600611206521995	1.49884320827833	683
0.05466854320816	1.82686811581734	69
-0.11499334671598	1.26483381063779	1107
0.06784840772374	1.35095294766869	26
-0.11918447789561	0.824232677112136	26
-0.11626641863387	0.831527950810364	26
-0.11847558500539	0.823870185922236	26
-0.05314142917875	1.15314409616335	82
-0.1185694499478	0.8175628677592	82
-0.07685486884792	0.464520674256509	207
-0.07404063292873	0.46464634975394	279
-0.0733716985628601	0.462133777671899	281
0.00757502611847993	0.726858655012998	40
-0.0744856603053501	0.464150673012566	40
-0.07685486884792	0.464520674256509	40
0.00522191225852997	0.730516957592047	329
-0.07685486884792	0.464520674256509	60
-0.07552542746567	0.460766549668113	60
-0.0759674142806299	0.460282807242908	36
-0.07729416019928	0.464030812177167	1095
-0.0624248585659299	2.10165078100838	199
-0.0407280477869201	1.61094892528924	1107
-0.07663127237553	0.463841960726504	26
-0.11256322869182	0.827954037268072	82
-0.08312180465276	0.456619894300455	27
-0.00185507719617006	0.718062344271828	1057
-0.0759674142806299	0.460282807242908	1029
-0.07404063292873	0.46464634975394	176
-0.08032046087545	0.457595452936098	176
-0.07663127237553	0.463841960726504	176
-0.0744856603053501	0.464150673012566	40
-0.07515226191443	0.461519344198087	1000
-0.0744856603053501	0.464150673012566	36
0.0406323984799299	1.01774302081552	199
-0.07619063428197	0.464332625195306	691
-0.11162015666786	1.80654182126293	26
-0.05502252306315	1.15271136369059	26
0.07659592332804	2.11313205803382	456
0.04021431593659	1.00831292667282	26
0.07054562269422	1.36689755802059	26
0.00259591692705996	0.720878278886765	207
0.00454401071682997	0.731144176225521	1057
-0.07685486884792	0.464520674256509	1057
-0.11045993772821	0.820905042922312	281
-0.07729416019928	0.464030812177167	60
-0.0580362304183	1.13462650247284	576
-0.07515226191443	0.461519344198087	69
-0.07685486884792	0.464520674256509	26
-0.0744856603053501	0.464150673012566	805
-0.07619063428197	0.464332625195306	26
-0.12121646912878	0.820264876353278	82
-0.07663127237553	0.463841960726504	82
-0.07404063292873	0.46464634975394	82
-0.0824611150621299	0.460075319194046	207
-0.0744856603053501	0.464150673012566	176
-0.0824611150621299	0.460075319194046	281
-0.07729416019928	0.464030812177167	1000
-0.07663127237553	0.463841960726504	1000
-0.07685486884792	0.464520674256509	36
-0.07663127237553	0.463841960726504	60
-0.0824611150621299	0.460075319194046	36
-0.07729416019928	0.464030812177167	36
-0.07751813364046	0.460999123934144	36
-0.07729416019928	0.464030812177167	484
-0.0824304611061999	1.71057698287944	189
-0.000419686932690011	1.4864559423847	69
-0.11335814005064	0.828484260259448	26
-0.07619063428197	0.464332625195306	418
-0.07685486884792	0.464520674256509	418
-0.07751813364046	0.460999123934144	418
-0.12121646912878	0.820264876353278	82
-0.0733716985628601	0.462133777671899	82
-0.07515226191443	0.461519344198087	82
0.00522191225852997	0.730516957592047	1585
-0.11688292391163	0.8304422596219	176
-0.07729416019928	0.464030812177167	281
-0.07619063428197	0.464332625195306	1074
-0.07404063292873	0.46464634975394	1074
-0.0824611150621299	0.460075319194046	60
-0.12105022931784	0.807913973562523	691
-0.0824611150621299	0.460075319194046	69
-0.07751813364046	0.460999123934144	418
-0.07404063292873	0.46464634975394	176
-0.07619063428197	0.464332625195306	176
-0.07619063428197	0.464332625195306	40
-0.07685486884792	0.464520674256509	1000
-0.07685486884792	0.464520674256509	68
-0.07381808162839	0.461642678393369	36
-0.07685486884792	0.464520674256509	36
-0.0733716985628601	0.462133777671899	484
-0.11617548566236	0.830684994706267	576
0.05003209523856	1.02365697150015	26
-0.00451721045589992	1.47902936326432	26
0.01057110316136	0.721934415117449	26
0.00522191225852997	0.730516957592047	418
-0.07751813364046	0.460999123934144	1057
-0.07685486884792	0.464520674256509	279
0.00648912284410996	0.72289658955396	176
-0.0744856603053501	0.464150673012566	55
-0.07663127237553	0.463841960726504	1227
-0.07729416019928	0.464030812177167	1227
-0.07619063428197	0.464332625195306	68
-0.0824611150621299	0.460075319194046	60
0.07362799737834	1.36581955113362	189
-0.0415469775303501	1.62364934493158	69
-0.11759019706129	0.82878503762754	26
-0.07729416019928	0.464030812177167	26
-0.07729416019928	0.464030812177167	82
-0.0598912773932501	1.13955489234582	82
-0.0744856603053501	0.464150673012566	82
-0.07729416019928	0.464030812177167	82
-0.07795608022485	0.460518488476826	176
0.00816326525644007	0.734040558131918	176
0.00384787691805011	0.724657863574207	1227
-0.07685486884792	0.464520674256509	107
-0.0744856603053501	0.464150673012566	68
-0.07729416019928	0.464030812177167	36
-0.07619063428197	0.464332625195306	777
-0.07663127237553	0.463841960726504	332
-0.07663127237553	0.463841960726504	484
-0.07685486884792	0.464520674256509	484
-0.11485077890175	0.830603494479094	69
-0.07685486884792	0.464520674256509	691
0.10766792354635	2.39629903361936	78
-0.07381808162839	0.461642678393369	69
-0.11918447789561	0.824232677112136	26
-0.11274075068297	0.82177639406524	418
-0.07663127237553	0.463841960726504	418
0.0393985567349699	1.01734195516207	82
-0.07729416019928	0.464030812177167	27
-0.07619063428197	0.464332625195306	27
-0.11847558500539	0.823870185922236	176
-0.07619063428197	0.464332625195306	176
-0.07729416019928	0.464030812177167	68
-0.07552542746567	0.460766549668113	68
-0.07729416019928	0.464030812177167	36
-0.07619063428197	0.464332625195306	60
-0.0347607127665399	1.62092812484928	53
-0.10334035501112	1.27235924384182	26
-0.07619063428197	0.464332625195306	82
-0.07404063292873	0.46464634975394	82
-0.0824611150621299	0.460075319194046	610
-0.07751813364046	0.460999123934144	1115
0.00530838115049992	0.721248544537409	279
-0.11617548566236	0.830684994706267	176
0.00734375787265007	0.726480257611812	279
-0.07663127237553	0.463841960726504	36
-0.07619063428197	0.464332625195306	591
-0.0817994549413199	0.459890984284061	60
-0.07663127237553	0.463841960726504	82
-0.0759674142806299	0.460282807242908	1115
-0.07663127237553	0.463841960726504	1115
-0.07552542746567	0.460766549668113	27
-0.12138594666667	0.819141751644265	279
0.00513375611600009	0.725661881665558	176
-0.07619063428197	0.464332625195306	176
-0.07381808162839	0.461642678393369	176
-0.07729416019928	0.464030812177167	176
-0.07751813364046	0.460999123934144	1116
-0.07729416019928	0.464030812177167	55
-0.07619063428197	0.464332625195306	1227
-0.07685486884792	0.464520674256509	55
-0.0733716985628601	0.462133777671899	40
-0.07552542746567	0.460766549668113	40
-0.07663127237553	0.463841960726504	36
-0.07795608022485	0.460518488476826	36
-0.07685486884792	0.464520674256509	36
-0.07515226191443	0.461519344198087	12
0.07242489015742	1.37039055393462	576
-0.05755816801657	1.13855682614814	691
-0.07685486884792	0.464520674256509	82
0.0039540055065399	0.724000730214971	82
-0.07751813364046	0.460999123934144	82
0.00542859206188995	0.713824409063018	27
0.00318542801638011	0.727955576198877	176
-0.11335814005064	0.828484260259448	799
-0.07663127237553	0.463841960726504	305
-0.07729416019928	0.464030812177167	1116
0.00816326525644007	0.734040558131918	55
-0.0718766753974001	0.459092046764703	107
-0.0759674142806299	0.460282807242908	36
-0.07619063428197	0.464332625195306	60
-0.07663127237553	0.463841960726504	60
0.09674682548131	1.68505173920453	78
-0.10240444503204	1.28548529737621	78
-0.10420443845604	1.26960291933056	418
0.00804178234093	0.728388309702657	82
-0.0549250358829001	1.1485886971592	1115
0.00513375611600009	0.725661881665558	176
-0.07795608022485	0.460518488476826	176
-0.08312180465276	0.456619894300455	799
-0.07751813364046	0.460999123934144	176
-0.07685486884792	0.464520674256509	176
-0.07685486884792	0.464520674256509	176
-0.07685486884792	0.464520674256509	1116
-0.07619063428197	0.464332625195306	55
-0.07381808162839	0.461642678393369	60
-0.04437383767199	1.14674626349849	2
-0.12263242745636	0.809376159751541	26
-0.04985848480624	1.15967607340068	82
-0.07795608022485	0.460518488476826	27
-0.07729416019928	0.464030812177167	279
-0.07619063428197	0.464332625195306	176
-0.07619063428197	0.464332625195306	107
-0.07729416019928	0.464030812177167	107
-0.07795608022485	0.460518488476826	60
-0.11697399102033	0.829866755816836	476
-0.00363188893498001	1.47943805560121	26
-0.07619063428197	0.464332625195306	26
-0.12322841275156	0.808696427084211	82
-0.0744856603053501	0.464150673012566	82
-0.0747085882320999	0.462007722411423	176
-0.07619063428197	0.464332625195306	799
-0.07619063428197	0.464332625195306	176
-0.11494217629183	0.824973448793675	176
-0.0744856603053501	0.464150673012566	267
-0.07404063292873	0.46464634975394	40
-0.07751813364046	0.460999123934144	40
-0.07729416019928	0.464030812177167	36
-0.07751813364046	0.460999123934144	36
-0.07404063292873	0.46464634975394	36
-0.10883868487805	1.28500864518665	78
-0.11036171081971	1.28349552694874	82
0.0068658776858701	0.726722484656385	82
-0.07381808162839	0.461642678393369	176
-0.07751813364046	0.460999123934144	176
-0.07404063292873	0.46464634975394	176
-0.0733716985628601	0.462133777671899	467
-0.07404063292873	0.46464634975394	107
-0.0824611150621299	0.460075319194046	40
-0.08032046087545	0.457595452936098	40
-0.07729416019928	0.464030812177167	36
-0.07729416019928	0.464030812177167	36
-0.0759674142806299	0.460282807242908	36
-0.07515226191443	0.461519344198087	60
-0.0817994549413199	0.459890984284061	60
-0.07685486884792	0.464520674256509	82
-0.07619063428197	0.464332625195306	82
0.04209913266494	1.01177001087102	82
0.00386518134589009	0.730362174541587	82
0.00386518134589009	0.730362174541587	82
0.00648912284410996	0.72289658955396	27
-0.12192453700226	0.816581152067735	176
-0.07663127237553	0.463841960726504	176
-0.07663127237553	0.463841960726504	279
-0.07685486884792	0.464520674256509	176
-0.07404063292873	0.46464634975394	176
-0.07663127237553	0.463841960726504	176
-0.07685486884792	0.464520674256509	55
0.00875125678523991	0.728524381117766	1613
-0.07381808162839	0.461642678393369	777
-0.07663127237553	0.463841960726504	18
0.0696509282533599	1.36872762723741	691
0.00734375787265007	0.726480257611812	691
0.00386518134589009	0.730362174541587	82
-0.07619063428197	0.464332625195306	82
-0.07685486884792	0.464520674256509	2
-0.0733716985628601	0.462133777671899	82
-0.07751813364046	0.460999123934144	82
-0.07663127237553	0.463841960726504	176
-0.07381808162839	0.461642678393369	176
-0.0733716985628601	0.462133777671899	176
-0.07685486884792	0.464520674256509	176
-0.07795608022485	0.460518488476826	176
-0.07729416019928	0.464030812177167	176
-0.07685486884792	0.464520674256509	40
-0.07663127237553	0.463841960726504	60
-0.0716547990712699	0.45890870010031	60
-0.07729416019928	0.464030812177167	332
-0.1090492903718	0.823526366111458	576
-0.07619063428197	0.464332625195306	691
-0.07515226191443	0.461519344198087	82
0.00386518134589009	0.730362174541587	82
-0.0744856603053501	0.464150673012566	176
0.00386518134589009	0.730362174541587	176
-0.07619063428197	0.464332625195306	40
-0.07729416019928	0.464030812177167	36
0.0590807499213899	1.32399919366536	82
-0.11626641863387	0.831527950810364	82
-0.07619063428197	0.464332625195306	467
0.00386518134589009	0.730362174541587	176
-0.07404063292873	0.46464634975394	40
-0.0796550881556899	0.46018446512664	40
-0.0796550881556899	0.46018446512664	537
-0.07404063292873	0.46464634975394	60
-0.07404063292873	0.46464634975394	332
0.00377467966820011	0.722526634113836	576
-0.07729416019928	0.464030812177167	2
0.00454401071682997	0.731144176225521	176
-0.07729416019928	0.464030812177167	176
-0.07685486884792	0.464520674256509	188
-0.07663127237553	0.463841960726504	19
-0.07663127237553	0.463841960726504	19
0.00445467967086	0.724890448382186	148
-0.07729416019928	0.464030812177167	18
0.00377467966820011	0.722526634113836	691
-0.11389333713605	1.28088148774973	327
0.10369866192131	1.71158148070542	78
-0.0744856603053501	0.464150673012566	82
0.00445467967086	0.724890448382186	176
-0.07663127237553	0.463841960726504	176
-0.07729416019928	0.464030812177167	176
-0.07729416019928	0.464030812177167	176
-0.0817994549413199	0.459890984284061	36
-0.07663127237553	0.463841960726504	332
-0.07685486884792	0.464520674256509	18
-0.07751813364046	0.460999123934144	576
0.0251974505344399	2.14562063322034	691
0.01023175922459	1.91868850640106	26
-0.1090492903718	0.823526366111458	82
-0.07619063428197	0.464332625195306	176
-0.07404063292873	0.46464634975394	537
-0.0747085882320999	0.462007722411423	12
-0.11635808453915	0.823096599604635	576
-0.05416412130659	1.15302152766194	691
0.00445467967086	0.724890448382186	26
-0.07663127237553	0.463841960726504	82
0.00542859206188995	0.713824409063018	117
0.00581190513373997	0.72505210715856	176
0.00745395376443003	0.733906884256128	176
0.04289350043473	1.02736813154353	176
-0.07751813364046	0.460999123934144	188
0.000858121471249973	0.721135873958608	55
0.00745395376443003	0.733906884256128	55
-0.0817994549413199	0.459890984284061	914
-0.07619063428197	0.464332625195306	19
-0.07751813364046	0.460999123934144	148
-0.07729416019928	0.464030812177167	1592
-0.07685486884792	0.464520674256509	18
-0.07685486884792	0.464520674256509	434
0.0671091395986501	1.36074341821078	78
0.00386518134589009	0.730362174541587	26
0.00454401071682997	0.731144176225521	82
-0.07381808162839	0.461642678393369	82
-0.07619063428197	0.464332625195306	82
-0.0592287686006201	1.13095382349302	176
-0.07729416019928	0.464030812177167	176
-0.07619063428197	0.464332625195306	176
-0.07685486884792	0.464520674256509	176
-0.0817994549413199	0.459890984284061	176
-0.07729416019928	0.464030812177167	914
-0.0744856603053501	0.464150673012566	19
-0.0733716985628601	0.462133777671899	19
-0.07685486884792	0.464520674256509	36
-0.07685486884792	0.464520674256509	705
-0.0744856603053501	0.464150673012566	12
-0.07515226191443	0.461519344198087	758
-0.07685486884792	0.464520674256509	819
-0.12050822473745	0.822345913826972	176
-0.11256322869182	0.827954037268072	176
-0.08113682179882	0.456392471123935	267
-0.07685486884792	0.464520674256509	267
-0.08032046087545	0.457595452936098	176
-0.07751813364046	0.460999123934144	176
-0.07685486884792	0.464520674256509	184
-0.0817994549413199	0.459890984284061	176
-0.07685486884792	0.464520674256509	36
-0.07729416019928	0.464030812177167	568
-0.000438720257460057	0.721218899436236	758
0.00454401071682997	0.731144176225521	576
-0.11530874945002	0.790615939126533	53
-0.07381808162839	0.461642678393369	176
-0.0712039953246699	0.459397393845691	176
0.00454401071682997	0.731144176225521	656
-0.07515226191443	0.461519344198087	176
-0.07515226191443	0.461519344198087	176
-0.07663127237553	0.463841960726504	434
-0.07795608022485	0.460518488476826	176
0.03936603468974	1.01590945391303	176
-0.07619063428197	0.464332625195306	656
0.00816326525644007	0.734040558131918	55
0.00816326525644007	0.734040558131918	176
0.0068658776858701	0.726722484656385	176
-0.07404063292873	0.46464634975394	221
-0.07619063428197	0.464332625195306	1503
-0.0744856603053501	0.464150673012566	36
0.00191162334099992	0.707738276274675	36
-0.07685486884792	0.464520674256509	568
0.04212003646427	1.02088669062132	26
-0.07552542746567	0.460766549668113	176
-0.00451721045589992	1.47902936326432	176
-0.07685486884792	0.464520674256509	176
-0.07685486884792	0.464520674256509	598
-0.0824611150621299	0.460075319194046	267
-0.04918335082578	1.15568318772651	176
0.00804178234093	0.728388309702657	176
-0.07404063292873	0.46464634975394	36
-0.07404063292873	0.46464634975394	36
0.03550816834198	2.20046697974911	2
0.00377467966820011	0.722526634113836	27
-0.07619063428197	0.464332625195306	27
-0.07729416019928	0.464030812177167	176
-0.07795608022485	0.460518488476826	176
-0.0817994549413199	0.459890984284061	598
-0.0733716985628601	0.462133777671899	598
0.00581190513373997	0.72505210715856	656
-0.0718766753974001	0.459092046764703	176
-0.0759674142806299	0.460282807242908	36
-0.0759674142806299	0.460282807242908	36
-0.07685486884792	0.464520674256509	332
-0.07619063428197	0.464332625195306	27
-0.0716547990712699	0.45890870010031	1316
-0.05519542752582	2.10970139005849	2
0.0669651638433699	1.36385088298864	1101
-0.07619063428197	0.464332625195306	117
-0.0716547990712699	0.45890870010031	598
0.00318542801638011	0.727955576198877	55
-0.07751813364046	0.460999123934144	176
0.00816326525644007	0.734040558131918	176
0.00483807985650997	0.713336281368952	176
-0.07619063428197	0.464332625195306	36
0.00513375611600009	0.725661881665558	36
-0.0744856603053501	0.464150673012566	1513
-0.12060173805133	0.821327298216983	1101
-0.0744856603053501	0.464150673012566	267
-0.11485077890175	0.830603494479094	656
0.0068658776858701	0.726722484656385	55
-0.07795608022485	0.460518488476826	176
0.00525677183008999	0.71824551266908	176
-0.07619063428197	0.464332625195306	19
-0.0824611150621299	0.460075319194046	36
-0.0796550881556899	0.46018446512664	12
0.00875125678523991	0.728524381117766	26
0.00816326525644007	0.734040558131918	2
-0.0824611150621299	0.460075319194046	176
0.00386518134589009	0.730362174541587	598
-0.07685486884792	0.464520674256509	176
-0.1134474197977	0.818914155531719	188
-0.07729416019928	0.464030812177167	188
0.00589888209025991	0.728312851544929	19
-0.07552542746567	0.460766549668113	12
-0.07404063292873	0.46464634975394	12
-0.11716172074352	0.823561286366284	220
-0.0564147581655501	1.137081565192	1101
-0.11631534912446	1.23619459137417	2
-0.11928145087278	0.813017792769565	2
-0.0733716985628601	0.462133777671899	176
-0.0011024520679801	1.48437781259623	176
-0.07619063428197	0.464332625195306	188
-0.07729416019928	0.464030812177167	176
0.00386518134589009	0.730362174541587	176
0.00745395376443003	0.733906884256128	176
-0.1190042442269	0.818357620225657	19
-0.07404063292873	0.46464634975394	12
-0.0269186850535701	2.36069298178031	189
0.0136686357447	1.91525293778401	164
0.00804178234093	0.728388309702657	327
0.0883267847995299	2.11883551161482	220
0.00554306985018993	0.718048667559638	2
-0.07685486884792	0.464520674256509	951
0.00522191225852997	0.730516957592047	117
0.0436427910739801	1.01227524954379	176
0.0393044203849	1.0155563793857	176
0.0387706579662801	1.00647400246906	176
-0.07619063428197	0.464332625195306	176
-0.07552542746567	0.460766549668113	36
-0.0747085882320999	0.462007722411423	12
-0.07619063428197	0.464332625195306	18
-0.0510669504643599	1.12508082309183	327
-0.07381808162839	0.461642678393369	26
-0.11083403169972	1.26191120468892	26
-0.11697399102033	0.829866755816836	26
-0.11123810474477	0.826680320885397	2
-0.07729416019928	0.464030812177167	1101
0.0457489944271501	1.02341997475199	1101
-0.07751813364046	0.460999123934144	2
-0.0747085882320999	0.462007722411423	2
-0.07404063292873	0.46464634975394	429
-0.07381808162839	0.461642678393369	176
-0.07729416019928	0.464030812177167	176
-0.07663127237553	0.463841960726504	19
-0.0744856603053501	0.464150673012566	36
-0.0637429150550199	2.11043618981661	189
0.00877564977132006	1.49518033563377	189
0.0696509282533599	1.36872762723741	53
-0.0537446186446799	1.58282576542761	691
-0.0319130611807299	2.00349750931239	327
0.00522191225852997	0.730516957592047	78
-0.0462994707873701	1.15945795214488	78
-0.12050822473745	0.822345913826972	27
0.0393044203849	1.0155563793857	27
-0.0747085882320999	0.462007722411423	176
-0.0534083407833299	1.15520673248075	267
-0.07751813364046	0.460999123934144	326
-0.0768267362428901	0.455042653992607	176
-0.07795608022485	0.460518488476826	36
-0.0759674142806299	0.460282807242908	12
-0.07685486884792	0.464520674256509	12
-0.07685486884792	0.464520674256509	1775
-0.11350391192489	1.28137422743986	691
-0.11423397485868	0.823837497307551	78
-0.07663127237553	0.463841960726504	231
-0.07619063428197	0.464332625195306	1350
0.0435470273132601	1.0081410830007	176
-0.10843010695716	0.816961660311768	176
-0.11989319588237	0.823413300367422	176
-0.07663127237553	0.463841960726504	176
0.04289350043473	1.02736813154353	19
-0.07552542746567	0.460766549668113	36
-0.0747085882320999	0.462007722411423	36
-0.07685486884792	0.464520674256509	343
-0.05888372944719	1.13541777976087	576
-0.11378832156264	1.26902604789293	220
-0.11768139713747	0.826477844572328	26
0.0371436197931001	1.01361750650538	26
0.00548459572376991	0.719542116694175	1101
-0.07404063292873	0.46464634975394	2
-0.11688292391163	0.8304422596219	176
-0.07729416019928	0.464030812177167	1493
-0.07663127237553	0.463841960726504	1493
-0.07663127237553	0.463841960726504	36
-0.07515226191443	0.461519344198087	36
-0.07751813364046	0.460999123934144	12
-0.07729416019928	0.464030812177167	18
0.00530838115049992	0.721248544537409	18
-0.0718766753974001	0.459092046764703	18
-0.0580692737018	1.13619533817741	53
-0.11140041128455	0.808259470323947	164
0.00581190513373997	0.72505210715856	327
0.04728081851141	1.02876396932112	231
-0.0733716985628601	0.462133777671899	1276
-0.0759674142806299	0.460282807242908	1276
0.06612279974142	1.34107210108494	26
-0.07381808162839	0.461642678393369	2
-0.0744856603053501	0.464150673012566	2
0.00734375787265007	0.726480257611812	27
0.00423085812605994	1.48878732274328	176
-0.11697399102033	0.829866755816836	176
0.00513375611600009	0.725661881665558	176
0.0068658776858701	0.726722484656385	176
-0.0587321655586099	1.14488730839743	176
-0.0744856603053501	0.464150673012566	176
-0.07663127237553	0.463841960726504	326
-0.07729416019928	0.464030812177167	176
-0.07795608022485	0.460518488476826	707
-0.07685486884792	0.464520674256509	707
-0.07729416019928	0.464030812177167	36
-0.0759674142806299	0.460282807242908	18
-0.07685486884792	0.464520674256509	18
-0.0572733609826099	2.10279600673626	576
0.00377467966820011	0.722526634113836	576
0.00613374704386005	0.718541490359432	327
-0.07663127237553	0.463841960726504	674
-0.049574102172	1.15548736937083	26
-0.07795608022485	0.460518488476826	1101
-0.07729416019928	0.464030812177167	1101
-0.07619063428197	0.464332625195306	2
-0.0587861183789	1.12585752837732	2
-0.07663127237553	0.463841960726504	27
0.06826303240666	1.36607224908839	27
-0.12005813541955	0.825636815426313	176
-0.0744856603053501	0.464150673012566	176
-0.07685486884792	0.464520674256509	36
-0.07515226191443	0.461519344198087	18
-0.0744856603053501	0.464150673012566	231
0.00542859206188995	0.713824409063018	674
-0.07404063292873	0.46464634975394	2
0.0459281077607101	1.0173984313878	176
-0.07619063428197	0.464332625195306	176
-0.07729416019928	0.464030812177167	707
-0.07619063428197	0.464332625195306	1501
-0.0493268135757201	1.14740692977341	53
-0.07685486884792	0.464520674256509	1101
-0.0716547990712699	0.45890870010031	2
-0.00551970638902999	1.45991668457838	2
-0.11477072133095	0.818912417080018	27
0.00327542339675002	0.72323220136473	176
-0.07381808162839	0.461642678393369	176
-0.07751813364046	0.460999123934144	176
-0.07729416019928	0.464030812177167	176
-0.07619063428197	0.464332625195306	201
-0.08032046087545	0.457595452936098	36
-0.0824611150621299	0.460075319194046	12
-0.07619063428197	0.464332625195306	12
-0.0759674142806299	0.460282807242908	352
-0.12158828998246	2.36307454341673	2
0.0698791557940901	1.36838144939513	220
-0.07619063428197	0.464332625195306	220
-0.0796550881556899	0.46018446512664	1079
-0.0759674142806299	0.460282807242908	592
0.00522191225852997	0.730516957592047	176
0.000151023150400054	0.721716938958027	707
-0.08113682179882	0.456392471123935	36
-0.08032046087545	0.457595452936098	718
-0.0650538974855399	2.0983335815536	164
-0.0747085882320999	0.462007722411423	220
0.00511819733981	1.49509840276077	26
-0.07729416019928	0.464030812177167	1101
-0.07404063292873	0.46464634975394	1079
-0.11476011774015	0.826657285978315	2
0.0356019785097701	1.00248179318036	176
-0.11617548566236	0.830684994706267	176
-0.07404063292873	0.46464634975394	176
-0.07685486884792	0.464520674256509	31
-0.11697399102033	0.829866755816836	31
-0.07619063428197	0.464332625195306	707
-0.07619063428197	0.464332625195306	36
-0.07515226191443	0.461519344198087	12
-0.07404063292873	0.46464634975394	12
-0.07619063428197	0.464332625195306	12
-0.07619063428197	0.464332625195306	343
-0.0744856603053501	0.464150673012566	18
-0.07663127237553	0.463841960726504	352
0.0103312219357301	0.71759262142271	674
-0.10819219237627	0.807376204955697	1101
0.00522191225852997	0.730516957592047	558
-0.11759019706129	0.82878503762754	2
-0.11847558500539	0.823870185922236	408
-0.07729416019928	0.464030812177167	201
-0.07685486884792	0.464520674256509	36
-0.07619063428197	0.464332625195306	488
-0.07515226191443	0.461519344198087	343
-0.07619063428197	0.464332625195306	352
-0.04985848480624	1.15967607340068	176
-0.07663127237553	0.463841960726504	176
-0.07685486884792	0.464520674256509	176
-0.0747085882320999	0.462007722411423	352
0.00212411636002008	1.48900882861877	53
-0.07404063292873	0.46464634975394	231
-0.0733716985628601	0.462133777671899	231
0.10029157872615	1.69838592537037	26
-0.07404063292873	0.46464634975394	2
0.04156589306757	1.01810781553275	408
0.00816326525644007	0.734040558131918	176
-0.07619063428197	0.464332625195306	201
-0.0744856603053501	0.464150673012566	201
-0.07685486884792	0.464520674256509	36
-0.07619063428197	0.464332625195306	12
-0.0824611150621299	0.460075319194046	12
-0.07381808162839	0.461642678393369	12
-0.07404063292873	0.46464634975394	131
-0.0747085882320999	0.462007722411423	26
-0.07729416019928	0.464030812177167	231
0.04728081851141	1.02876396932112	26
-0.12183149884612	0.811979260916687	176
0.00522191225852997	0.730516957592047	176
-0.07404063292873	0.46464634975394	19
-0.07619063428197	0.464332625195306	707
-0.0747085882320999	0.462007722411423	36
-0.07729416019928	0.464030812177167	36
-0.04421728811227	1.15689546060205	164
-0.00378863343231006	2.2835771957974	2
-0.0759674142806299	0.460282807242908	231
-0.0607961224420599	1.13250184430586	2
-0.07795608022485	0.460518488476826	176
0.00396221130199992	0.722556705902846	176
0.00513375611600009	0.725661881665558	176
0.00522191225852997	0.730516957592047	176
-0.07795608022485	0.460518488476826	177
-0.07619063428197	0.464332625195306	12
-0.07751813364046	0.460999123934144	343
-0.07898873560089	0.457720047095474	231
-0.0744856603053501	0.464150673012566	231
-0.1192784656622	0.816754363675922	26
0.00513375611600009	0.725661881665558	2
-0.049574102172	1.15548736937083	176
-0.0759674142806299	0.460282807242908	176
-0.00247632460830993	0.710425678742684	176
-0.07729416019928	0.464030812177167	176
-0.07663127237553	0.463841960726504	176
-0.0733716985628601	0.462133777671899	1444
-0.07751813364046	0.460999123934144	1444
-0.07404063292873	0.46464634975394	36
-0.0747085882320999	0.462007722411423	36
-0.07232611642888	0.458605251137047	36
-0.0759674142806299	0.460282807242908	12
0.00957938763296995	0.727439120047027	2
-0.00185507719617006	0.718062344271828	318
0.04641252438747	1.01949099156035	318
-0.11397583016577	0.827408068616722	26
-0.07619063428197	0.464332625195306	150
-0.0796550881556899	0.46018446512664	558
0.00325750397276003	0.724158010353504	558
-0.07619063428197	0.464332625195306	558
-0.0759674142806299	0.460282807242908	558
-0.07619063428197	0.464332625195306	176
-0.0759674142806299	0.460282807242908	176
-0.0733716985628601	0.462133777671899	176
-0.0747085882320999	0.462007722411423	176
-0.11934998966707	0.824490122324127	36
-0.07619063428197	0.464332625195306	36
-0.07663127237553	0.463841960726504	36
-0.07619063428197	0.464332625195306	352
0.0387706579662801	1.00647400246906	318
-0.07663127237553	0.463841960726504	318
-0.12218159563632	0.820388825479914	176
-0.07381808162839	0.461642678393369	176
0.000151023150400054	0.721716938958027	176
-0.05416412130659	1.15302152766194	31
0.04156589306757	1.01810781553275	19
0.00327542339675002	0.72323220136473	36
0.00445467967086	0.724890448382186	12
0.11307570517271	2.38413152782005	700
-0.0725328269616099	2.07188197736807	691
-0.12060173805133	0.821327298216983	2
-0.11197592355568	1.2856464855096	2
-0.07729416019928	0.464030812177167	318
0.000858121471249973	0.721135873958608	318
-0.07404063292873	0.46464634975394	176
-0.07685486884792	0.464520674256509	176
-0.11555868093858	0.831771178104998	176
-0.07404063292873	0.46464634975394	176
0.00250475458900001	0.722216825686463	19
-0.07404063292873	0.46464634975394	36
-0.07619063428197	0.464332625195306	36
-0.07619063428197	0.464332625195306	36
-0.07619063428197	0.464332625195306	36
0.00325750397276003	0.724158010353504	2
-0.10578821058575	1.78626232299014	318
-0.00220103940535998	1.49311133682058	2
0.0103312219357301	0.71759262142271	176
-0.0759674142806299	0.460282807242908	176
-0.07685486884792	0.464520674256509	110
-0.07663127237553	0.463841960726504	19
0.00384787691805011	0.724657863574207	36
-0.07685486884792	0.464520674256509	36
-0.07685486884792	0.464520674256509	343
-0.07685486884792	0.464520674256509	2
0.0413759937743801	1.01151287655317	150
-0.11635808453915	0.823096599604635	150
0.00581190513373997	0.72505210715856	176
-0.0747085882320999	0.462007722411423	176
0.04800261141567	1.02724021061634	176
-0.07552542746567	0.460766549668113	176
-0.07404063292873	0.46464634975394	176
-0.07619063428197	0.464332625195306	110
-0.0747085882320999	0.462007722411423	924
-0.07663127237553	0.463841960726504	455
-0.0759674142806299	0.460282807242908	31
-0.07751813364046	0.460999123934144	36
-0.07729416019928	0.464030812177167	93
-0.07685486884792	0.464520674256509	93
-0.12305548835896	0.813444568398379	164
-0.07663127237553	0.463841960726504	318
-0.0908872474551801	2.09738894896048	318
-0.12296465158656	0.817772199821683	1174
-0.07685486884792	0.464520674256509	144
-0.10511608538994	1.28893883734393	2
0.00384787691805011	0.724657863574207	176
-0.11617548566236	0.830684994706267	176
-0.07685486884792	0.464520674256509	1163
-0.08032046087545	0.457595452936098	1163
-0.0747085882320999	0.462007722411423	924
-0.07685486884792	0.464520674256509	1178
-0.07729416019928	0.464030812177167	36
-0.07619063428197	0.464332625195306	131
-0.07729416019928	0.464030812177167	96
-0.12050822473745	0.822345913826972	2
-0.07685486884792	0.464520674256509	26
-0.07619063428197	0.464332625195306	2
-0.0747085882320999	0.462007722411423	2
-0.0718766753974001	0.459092046764703	144
-0.12429247204601	0.811986780497393	2
-0.0539454062433999	1.15353299725011	176
-0.00114648547845997	0.720429849574687	176
-0.07404063292873	0.46464634975394	1219
-0.05603417951159	1.1433341129261	176
-0.07729416019928	0.464030812177167	110
-0.07619063428197	0.464332625195306	1163
-0.07619063428197	0.464332625195306	1163
-0.07663127237553	0.463841960726504	36
0.00816326525644007	0.734040558131918	392
-0.07751813364046	0.460999123934144	93
-0.0712039953246699	0.459397393845691	131
-0.07663127237553	0.463841960726504	131
-0.0733716985628601	0.462133777671899	96
0.0117482641264799	0.723574757364088	164
0.04370722638643	1.02972953602529	327
-0.0747085882320999	0.462007722411423	26
-0.07795608022485	0.460518488476826	318
0.04737047168848	1.01621084961164	2
-0.07552542746567	0.460766549668113	36
-0.07619063428197	0.464332625195306	96
-0.0712039953246699	0.459397393845691	352
-0.07729416019928	0.464030812177167	571
-0.07751813364046	0.460999123934144	352
0.00804178234093	0.728388309702657	164
0.00542859206188995	0.713824409063018	164
-0.11160314454466	1.27427109524615	53
0.00318542801638011	0.727955576198877	327
-0.07663127237553	0.463841960726504	1174
-0.07619063428197	0.464332625195306	150
-0.07619063428197	0.464332625195306	176
0.00875125678523991	0.728524381117766	110
-0.07515226191443	0.461519344198087	31
-0.0817994549413199	0.459890984284061	36
-0.0759674142806299	0.460282807242908	343
-0.07663127237553	0.463841960726504	343
-0.07619063428197	0.464332625195306	352
0.0704031302931401	1.35353692767971	164
-0.0718766753974001	0.459092046764703	26
0.00745395376443003	0.733906884256128	318
-0.0747085882320999	0.462007722411423	150
-0.11715089410691	0.815638074615182	2
0.00513375611600009	0.725661881665558	2
0.0414711811144599	1.02057579101948	176
-0.00219176357483009	1.4870364104736	176
-0.0796550881556899	0.46018446512664	1131
0.00607479709128	0.72656254858984	176
-0.07381808162839	0.461642678393369	182
-0.07751813364046	0.460999123934144	169
-0.07685486884792	0.464520674256509	12
-0.0796550881556899	0.46018446512664	12
-0.07729416019928	0.464030812177167	126
-0.07729416019928	0.464030812177167	12
-0.07729416019928	0.464030812177167	352
0.07377201401748	2.12547660945971	164
0.00757502611847993	0.726858655012998	2
-0.07552542746567	0.460766549668113	176
-0.11786025912241	0.817214679245591	31
-0.08032046087545	0.457595452936098	110
-0.07515226191443	0.461519344198087	169
-0.07619063428197	0.464332625195306	1069
0.08872870820541	2.35208183484031	2
-0.11455930253888	1.28203510111497	26
-0.07515226191443	0.461519344198087	31
-0.0747085882320999	0.462007722411423	12
-0.07515226191443	0.461519344198087	126
-0.07751813364046	0.460999123934144	1454
0.07393366082701	2.09169542093218	2
-0.0716547990712699	0.45890870010031	176
-0.07795608022485	0.460518488476826	176
-0.07685486884792	0.464520674256509	182
-0.00126565947390001	0.71855738020418	110
-0.11979980473609	0.823163404864463	169
-0.11326960654555	0.828484301249648	169
-0.07795608022485	0.460518488476826	36
-0.07619063428197	0.464332625195306	2
0.00745395376443003	0.733906884256128	150
0.0436149436951201	1.03007653055771	176
0.00243560141044008	0.722617328177476	176
-0.07404063292873	0.46464634975394	31
-0.12050822473745	0.822345913826972	182
-0.07619063428197	0.464332625195306	169
-0.07685486884792	0.464520674256509	36
-0.0744856603053501	0.464150673012566	12
-0.07619063428197	0.464332625195306	1379
-0.07619063428197	0.464332625195306	352
-0.07751813364046	0.460999123934144	352
-0.08623714289801	2.19379781231829	241
-0.11468189853849	0.824497322224029	318
-0.11062687069533	1.26675801380584	318
0.00804178234093	0.728388309702657	36
-0.0747085882320999	0.462007722411423	126
-0.07619063428197	0.464332625195306	352
-0.07619063428197	0.464332625195306	352
0.00513375611600009	0.725661881665558	352
-0.0744856603053501	0.464150673012566	150
-0.0817994549413199	0.459890984284061	898
-0.0796550881556899	0.46018446512664	932
-0.07515226191443	0.461519344198087	176
-0.07685486884792	0.464520674256509	176
-0.07619063428197	0.464332625195306	726
-0.11626641863387	0.831527950810364	31
-0.07751813364046	0.460999123934144	182
-0.0744856603053501	0.464150673012566	31
0.00386518134589009	0.730362174541587	241
-0.11989319588237	0.823413300367422	26
-0.07404063292873	0.46464634975394	26
-0.12112355249033	0.814015487043126	150
-0.07552542746567	0.460766549668113	150
-0.07663127237553	0.463841960726504	932
-0.07729416019928	0.464030812177167	182
-0.0716547990712699	0.45890870010031	110
-0.11045993772821	0.820905042922312	72
0.00309375996791994	0.716895988843817	241
0.00757502611847993	0.726858655012998	241
-0.0733716985628601	0.462133777671899	241
0.09613199813938	1.70656152983092	26
0.00454401071682997	0.731144176225521	880
0.00445467967086	0.724890448382186	2
-0.0817994549413199	0.459890984284061	318
-0.07729416019928	0.464030812177167	31
-0.07663127237553	0.463841960726504	182
-0.07404063292873	0.46464634975394	182
0.0067535686531599	0.731963105910918	36
0.00945989922272994	0.726908707876507	729
-0.0794585774140999	2.19608326940183	72
0.09466251001583	1.68953395439696	2
-0.07729416019928	0.464030812177167	898
0.0349397000751299	1.00226885337625	176
-0.07685486884792	0.464520674256509	1797
-0.11979980473609	0.823163404864463	176
-0.07685486884792	0.464520674256509	36
0.0416351879091601	1.01492971547989	36
0.00327542339675002	0.72323220136473	36
-0.07663127237553	0.463841960726504	12
-0.07619063428197	0.464332625195306	259
0.0293592713861699	2.19861078908884	26
-0.0747085882320999	0.462007722411423	898
-0.07619063428197	0.464332625195306	176
-0.07685486884792	0.464520674256509	1797
0.04782145984835	1.02090721841947	31
-0.07685486884792	0.464520674256509	182
-0.0759674142806299	0.460282807242908	36
-0.07404063292873	0.46464634975394	36
-0.12218159563632	0.820388825479914	36
-0.11265161571899	0.829563029346075	12
-0.07685486884792	0.464520674256509	729
0.00090216260966991	1.47721589856602	700
-0.00295340522882004	2.26112368816403	700
-0.10791874678048	1.27998198699929	691
0.0499438116737401	1.01124174009684	241
-0.05625284837033	1.14540016612924	2
0.00816326525644007	0.734040558131918	241
-0.07663127237553	0.463841960726504	150
-0.0484288619023601	1.15490107033454	31
-0.0747085882320999	0.462007722411423	176
-0.08113682179882	0.456392471123935	110
-0.11397583016577	0.827408068616722	36
-0.07685486884792	0.464520674256509	259
-0.06136027878448	1.13639492096792	241
0.0392756199686799	1.02305588727417	241
-0.11274075068297	0.82177639406524	880
0.00745395376443003	0.733906884256128	150
-0.07729416019928	0.464030812177167	898
-0.07751813364046	0.460999123934144	2
0.00386518134589009	0.730362174541587	176
-0.08312180465276	0.456619894300455	370
-0.07898873560089	0.457720047095474	182
-0.07663127237553	0.463841960726504	182
-0.07619063428197	0.464332625195306	36
-0.07663127237553	0.463841960726504	36
-0.07685486884792	0.464520674256509	36
-0.07663127237553	0.463841960726504	12
-0.0796550881556899	0.46018446512664	788
-0.115833519707	0.818335066549798	150
0.00327542339675002	0.72323220136473	898
-0.07404063292873	0.46464634975394	898
0.00757502611847993	0.726858655012998	31
-0.07619063428197	0.464332625195306	182
-0.07404063292873	0.46464634975394	182
-0.0747085882320999	0.462007722411423	110
-0.07729416019928	0.464030812177167	36
-0.07663127237553	0.463841960726504	788
-0.11584300467299	1.78168903728946	72
0.0961144374313101	1.67982716807557	241
0.0471364393384	1.01532976611528	26
-0.11895626353976	2.3538230990945	2
-0.07619063428197	0.464332625195306	176
-0.0744856603053501	0.464150673012566	176
-0.07404063292873	0.46464634975394	840
0.0461321947067099	1.81973461011278	700
0.0450921265636399	1.8120075524316	72
0.04630969926698	1.0108162217978	241
-0.07729416019928	0.464030812177167	880
-0.07232611642888	0.458605251137047	898
-0.0824611150621299	0.460075319194046	898
-0.07729416019928	0.464030812177167	31
-0.07404063292873	0.46464634975394	176
-0.12014659405125	0.820618144321973	176
-0.0817994549413199	0.459890984284061	176
-0.07729416019928	0.464030812177167	370
-0.0733716985628601	0.462133777671899	796
-0.07729416019928	0.464030812177167	12
-0.11242379050811	1.27021541204045	241
-0.11847558500539	0.823870185922236	150
0.00384787691805011	0.724657863574207	31
-0.11265161571899	0.829563029346075	898
-0.07729416019928	0.464030812177167	176
-0.07663127237553	0.463841960726504	370
-0.07619063428197	0.464332625195306	110
-0.11335814005064	0.828484260259448	110
-0.07729416019928	0.464030812177167	36
-0.07381808162839	0.461642678393369	12
-0.07404063292873	0.46464634975394	12
-0.0747085882320999	0.462007722411423	352
0.09674682548131	1.68505173920453	880
-0.11918447789561	0.824232677112136	150
0.09195149139438	1.66536937745679	31
0.03782970268344	1.01559565074618	898
0.00581190513373997	0.72505210715856	898
-0.07663127237553	0.463841960726504	182
0.00454401071682997	0.731144176225521	182
-0.11617548566236	0.830684994706267	110
0.0118669009994501	0.728075307220014	31
-0.07795608022485	0.460518488476826	36
-0.07729416019928	0.464030812177167	36
-0.07729416019928	0.464030812177167	788
-0.07729416019928	0.464030812177167	352
-0.10658701376221	1.28170779793963	241
-0.11342418839496	1.26973933537132	241
0.0662964482399999	1.36211207465441	2
-0.07619063428197	0.464332625195306	31
-0.10324794434209	1.82061879249947	700
-0.0523682979590201	1.59352999836259	691
-0.05746816426844	1.13661719186434	2
0.00327542339675002	0.72323220136473	880
-0.11555868093858	0.831771178104998	150
-0.07404063292873	0.46464634975394	150
0.0708102520932901	1.36178422534843	150
-0.07898873560089	0.457720047095474	150
0.00648912284410996	0.72289658955396	110
-0.116278399245	1.27128033446815	12
-0.0712039953246699	0.459397393845691	12
-0.0718766753974001	0.459092046764703	352
-0.11540854134091	1.94128531843478	398
-0.07685486884792	0.464520674256509	898
-0.0487094779044701	1.14881252541383	150
-0.07663127237553	0.463841960726504	31
-0.12138594666667	0.819141751644265	110
0.0401204635413299	1.01895971165508	21
-0.07404063292873	0.46464634975394	36
-0.0744856603053501	0.464150673012566	12
-0.0759674142806299	0.460282807242908	12
-0.0716547990712699	0.45890870010031	788
-0.0744856603053501	0.464150673012566	352
-0.05065648583703	1.15476789080656	691
-0.11626641863387	0.831527950810364	691
-0.11089892864475	1.2561891188878	691
-0.0551711259355101	1.1437410494049	176
-0.07619063428197	0.464332625195306	110
-0.0744856603053501	0.464150673012566	21
-0.07685486884792	0.464520674256509	21
-0.07663127237553	0.463841960726504	36
-0.0733716985628601	0.462133777671899	36
-0.0744856603053501	0.464150673012566	12
-0.07729416019928	0.464030812177167	12
-0.0796550881556899	0.46018446512664	352
-0.04673317301785	1.59809526659236	164
-0.05267141287985	1.60718583576052	164
-0.0744856603053501	0.464150673012566	398
-0.12014659405125	0.820618144321973	398
-0.0712039953246699	0.459397393845691	150
-0.0796550881556899	0.46018446512664	110
-0.07729416019928	0.464030812177167	12
-0.04379149948493	1.60644978145072	164
0.0684040786354001	1.3627285995101	691
-0.07404063292873	0.46464634975394	398
-0.0824611150621299	0.460075319194046	398
-0.07795608022485	0.460518488476826	161
0.06481552813115	1.34803863379298	150
-0.00055690505920003	0.720927200554066	31
-0.07515226191443	0.461519344198087	110
-0.07685486884792	0.464520674256509	110
-0.07729416019928	0.464030812177167	21
-0.07619063428197	0.464332625195306	21
0.00386518134589009	0.730362174541587	36
-0.07663127237553	0.463841960726504	96
-0.07729416019928	0.464030812177167	352
-0.11989319588237	0.823413300367422	691
0.01929212011422	2.1205722766959	691
-0.07404063292873	0.46464634975394	116
-0.07663127237553	0.463841960726504	398
0.00243560141044008	0.722617328177476	398
-0.07552542746567	0.460766549668113	398
-0.07663127237553	0.463841960726504	398
-0.07729416019928	0.464030812177167	161
-0.07619063428197	0.464332625195306	1271
-0.0824611150621299	0.460075319194046	2
-0.07404063292873	0.46464634975394	150
-0.0744856603053501	0.464150673012566	110
-0.07552542746567	0.460766549668113	138
-0.0824611150621299	0.460075319194046	12
0.06259007920118	1.33986554481788	164
0.0627894454618201	1.34654630424943	150
-0.07232611642888	0.458605251137047	21
-0.08113682179882	0.456392471123935	21
-0.07751813364046	0.460999123934144	21
-0.07663127237553	0.463841960726504	36
-0.07685486884792	0.464520674256509	12
-0.07685486884792	0.464520674256509	12
-0.07729416019928	0.464030812177167	352
-0.09870957889594	1.29010200689904	164
-0.0579266096247599	1.14938153035689	691
0.00454401071682997	0.731144176225521	686
0.04289350043473	1.02736813154353	398
-0.08113682179882	0.456392471123935	1271
0.0401204635413299	1.01895971165508	150
-0.07404063292873	0.46464634975394	110
-0.0747085882320999	0.462007722411423	12
-0.07685486884792	0.464520674256509	352
0.0660896726554201	1.33502561014927	638
0.10710413983627	1.71456558869717	164
0.06010620381966	2.47572601671012	1445
0.00384787691805011	0.724657863574207	398
-0.07795608022485	0.460518488476826	2
-0.07232611642888	0.458605251137047	161
-0.0519857669302299	1.15436868547081	150
0.0696509282533599	1.36872762723741	150
-0.07619063428197	0.464332625195306	110
-0.07663127237553	0.463841960726504	95
0.00318542801638011	0.727955576198877	352
0.0703199188628401	1.35766728928819	164
0.000268214782570109	0.720638558221708	116
0.00589888209025991	0.728312851544929	398
-0.05679650982153	1.14166474841006	150
0.01057110316136	0.721934415117449	150
-0.07515226191443	0.461519344198087	21
0.0464695685442	1.02774655385711	36
-0.07751813364046	0.460999123934144	352
-0.07729416019928	0.464030812177167	398
-0.07729416019928	0.464030812177167	161
-0.0418644058622799	1.61580336252212	150
-0.07663127237553	0.463841960726504	150
-0.07663127237553	0.463841960726504	110
-0.07729416019928	0.464030812177167	110
-0.0817994549413199	0.459890984284061	36
-0.07663127237553	0.463841960726504	36
-0.07795608022485	0.460518488476826	36
-0.07685486884792	0.464520674256509	12
-0.07663127237553	0.463841960726504	138
-0.07685486884792	0.464520674256509	352
0.04381923588254	1.80710248353621	164
0.00314215986916011	0.724521991261677	164
0.07485197062998	1.36842035428642	164
-0.07663127237553	0.463841960726504	398
0.0124555217381701	0.722702748116225	161
-0.07751813364046	0.460999123934144	161
-0.07404063292873	0.46464634975394	161
-0.11918447789561	0.824232677112136	31
-0.0733716985628601	0.462133777671899	876
-0.0747085882320999	0.462007722411423	876
-0.0733716985628601	0.462133777671899	21
0.05366601710176	1.0156358190579	36
-0.07663127237553	0.463841960726504	31
-0.07729416019928	0.464030812177167	12
-0.07404063292873	0.46464634975394	12
-0.0747085882320999	0.462007722411423	138
-0.07751813364046	0.460999123934144	352
-0.11776651813252	0.822252672796346	691
-0.07729416019928	0.464030812177167	150
-0.07404063292873	0.46464634975394	161
-0.07404063292873	0.46464634975394	161
-0.11989319588237	0.823413300367422	150
-0.07381808162839	0.461642678393369	21
-0.12005813541955	0.825636815426313	36
-0.11494217629183	0.824973448793675	12
-0.07515226191443	0.461519344198087	12
-0.07729416019928	0.464030812177167	36
-0.07685486884792	0.464520674256509	36
-0.07404063292873	0.46464634975394	12
-0.07663127237553	0.463841960726504	12
-0.07729416019928	0.464030812177167	138
-0.07663127237553	0.463841960726504	352
0.00875125678523991	0.728524381117766	164
0.09857049070746	1.71142360979079	164
0.00445467967086	0.724890448382186	691
-0.00055690505920003	0.720927200554066	398
-0.05066194186815	1.15758870724981	398
-0.0042054415958801	1.49451409424179	150
-0.12092654232356	0.808445080558081	150
-0.0747085882320999	0.462007722411423	12
-0.07404063292873	0.46464634975394	12
0.00327542339675002	0.72323220136473	12
-0.07619063428197	0.464332625195306	12
-0.07515226191443	0.461519344198087	12
-0.10763971402564	1.28900939807714	164
0.0140390281981699	0.710913161725194	691
0.09310274504773	1.6747273577576	691
-0.0824611150621299	0.460075319194046	398
-0.07404063292873	0.46464634975394	398
-0.11343448570498	0.821276583966228	398
0.00745395376443003	0.733906884256128	398
-0.07619063428197	0.464332625195306	161
-0.07685486884792	0.464520674256509	150
0.0377554928016099	1.00124414353237	150
-0.08032046087545	0.457595452936098	21
-0.07663127237553	0.463841960726504	21
0.00530838115049992	0.721248544537409	371
-0.07729416019928	0.464030812177167	12
-0.0517262842133801	1.60267508284875	691
0.0707944389775499	2.10345142901597	691
-0.07685486884792	0.464520674256509	398
0.0067535686531599	0.731963105910918	398
-0.0520403527337801	1.13385421250364	161
-0.11406450892401	0.825566501587752	150
0.00259591692705996	0.720878278886765	150
-0.07751813364046	0.460999123934144	680
-0.0744856603053501	0.464150673012566	680
-0.07663127237553	0.463841960726504	12
-0.07663127237553	0.463841960726504	12
-0.07663127237553	0.463841960726504	138
0.0980668050839499	1.69630953608691	691
-0.12050822473745	0.822345913826972	116
0.00318542801638011	0.727955576198877	116
-0.07685486884792	0.464520674256509	398
0.0443524058239899	1.81503270846916	31
0.0039540055065399	0.724000730214971	150
-0.1220934666848	0.817519687426178	110
0.00386518134589009	0.730362174541587	21
-0.08032046087545	0.457595452936098	371
-0.07685486884792	0.464520674256509	256
-0.07515226191443	0.461519344198087	256
-0.07729416019928	0.464030812177167	138
-0.0747085882320999	0.462007722411423	138
-0.05052036621249	1.16083457206661	398
0.04370722638643	1.02972953602529	161
-0.07619063428197	0.464332625195306	161
0.03641901313413	1.01335536489925	150
0.00875125678523991	0.728524381117766	150
-0.0747085882320999	0.462007722411423	21
-0.07729416019928	0.464030812177167	21
-0.12322841275156	0.808696427084211	371
-0.0824611150621299	0.460075319194046	12
-0.0747085882320999	0.462007722411423	138
-0.07729416019928	0.464030812177167	138
-0.07729416019928	0.464030812177167	12
-0.05406678569315	1.15681229187571	691
-0.000438720257460057	0.721218899436236	398
-0.07404063292873	0.46464634975394	398
-0.03747705751782	1.98093608216617	150
-0.11829730415099	0.825404315402269	150
-0.07729416019928	0.464030812177167	21
-0.07619063428197	0.464332625195306	371
0.0039540055065399	0.724000730214971	371
-0.07685486884792	0.464520674256509	12
-0.07663127237553	0.463841960726504	256
-0.07619063428197	0.464332625195306	138
-0.07663127237553	0.463841960726504	352
0.04163651353818	1.81107694915204	53
-0.00363188893498001	1.47943805560121	150
-0.07729416019928	0.464030812177167	150
-0.11194493694313	0.829031366630746	110
-0.07663127237553	0.463841960726504	21
0.00327542339675002	0.72323220136473	110
0.0658498535790899	1.33157039527054	110
-0.0796550881556899	0.46018446512664	12
0.00875125678523991	0.728524381117766	12
-0.0733716985628601	0.462133777671899	256
-0.0817994549413199	0.459890984284061	12
0.05849646374951	2.47536957426111	72
-0.12163636257783	0.811541781707049	150
0.07970691702305	2.12890869833051	150
-0.07619063428197	0.464332625195306	21
-0.07619063428197	0.464332625195306	21
-0.07795608022485	0.460518488476826	256
0.06250249680147	1.33384451116993	164
0.00745395376443003	0.733906884256128	150
0.0067535686531599	0.731963105910918	161
-0.07685486884792	0.464520674256509	161
-0.1167925907278	0.82218940168361	150
0.00314215986916011	0.724521991261677	150
0.0458388004250401	1.02636836425129	150
0.00804178234093	0.728388309702657	1047
0.00454401071682997	0.731144176225521	876
-0.07729416019928	0.464030812177167	12
-0.07404063292873	0.46464634975394	256
-0.07552542746567	0.460766549668113	138
-0.07515226191443	0.461519344198087	24
0.0353910791915	1.80624588217498	72
0.0394922177086501	1.00805771451216	161
-0.11795459969343	1.26394893519149	150
0.06892926623401	1.36459154842111	150
0.04728081851141	1.02876396932112	150
-0.07685486884792	0.464520674256509	21
-0.07663127237553	0.463841960726504	21
-0.07663127237553	0.463841960726504	21
-0.07619063428197	0.464332625195306	21
-0.0744856603053501	0.464150673012566	110
0.00454401071682997	0.731144176225521	256
-0.07619063428197	0.464332625195306	95
0.000858121471249973	0.721135873958608	158
0.00616311918023005	0.72481807174305	150
-0.11759019706129	0.82878503762754	150
0.07591102017522	1.37155475537214	110
-0.11131001504217	1.28448753756201	110
-0.07619063428197	0.464332625195306	256
0.00757502611847993	0.726858655012998	12
0.00658609735792992	0.722978971048567	95
0.00184555672573006	0.722119329813537	691
-0.07751813364046	0.460999123934144	150
-0.07795608022485	0.460518488476826	150
-0.07404063292873	0.46464634975394	150
-0.04984847381526	1.15422974787258	150
0.0039540055065399	0.724000730214971	150
-0.10783279457054	1.28879082145255	158
0.04163651353818	1.81107694915204	150
-0.0747085882320999	0.462007722411423	21
-0.07685486884792	0.464520674256509	110
-0.0747085882320999	0.462007722411423	29
-0.07663127237553	0.463841960726504	256
-0.07729416019928	0.464030812177167	138
-0.11565021317444	0.824728769169963	691
0.04505942289481	1.03060043826884	691
0.07671982901968	1.37187203547557	691
0.00804178234093	0.728388309702657	116
-0.07751813364046	0.460999123934144	116
0.00522191225852997	0.730516957592047	150
0.04567381250648	1.01701276255718	150
0.0717579346417001	1.37188156402176	246
-0.0733716985628601	0.462133777671899	21
-0.12112355249033	0.814015487043126	31
0.00454401071682997	0.731144176225521	138
-0.0716547990712699	0.45890870010031	789
0.00243560141044008	0.722617328177476	95
0.00386518134589009	0.730362174541587	150
-0.11918447789561	0.824232677112136	110
-0.07685486884792	0.464520674256509	21
-0.07619063428197	0.464332625195306	110
0.01486247107114	0.720319656247383	12
-0.07795608022485	0.460518488476826	24
0.00134718996262007	2.29002814287047	691
0.0104518703985399	0.727718870410599	150
-0.07729416019928	0.464030812177167	150
0.00525677183008999	0.71824551266908	1047
-0.07751813364046	0.460999123934144	110
-0.07795608022485	0.460518488476826	21
-0.0744856603053501	0.464150673012566	21
-0.07685486884792	0.464520674256509	138
-0.07729416019928	0.464030812177167	12
-0.0744856603053501	0.464150673012566	24
0.00828334195858993	0.725250770819157	2
-0.05340254077459	1.15566266525012	150
-0.00055690505920003	0.720927200554066	150
-0.0744856603053501	0.464150673012566	1047
-0.07663127237553	0.463841960726504	110
-0.07619063428197	0.464332625195306	21
-0.07795608022485	0.460518488476826	856
0.00318542801638011	0.727955576198877	110
-0.07729416019928	0.464030812177167	110
-0.07751813364046	0.460999123934144	29
-0.08032046087545	0.457595452936098	29
-0.07404063292873	0.46464634975394	103
-0.07663127237553	0.463841960726504	256
-0.0824611150621299	0.460075319194046	352
-0.1107992746408	1.81732396794839	53
0.0456891404690101	1.02161020328412	116
-0.05066194186815	1.15758870724981	150
-0.07619063428197	0.464332625195306	150
-0.05689589208674	1.12839910198887	150
-0.0796550881556899	0.46018446512664	150
0.04021431593659	1.00831292667282	521
-0.0759674142806299	0.460282807242908	110
-0.0824611150621299	0.460075319194046	110
-0.07232611642888	0.458605251137047	110
-0.07795608022485	0.460518488476826	110
-0.07404063292873	0.46464634975394	256
-0.0747085882320999	0.462007722411423	12
-0.07663127237553	0.463841960726504	12
0.0767092456870799	2.12058049878508	164
-0.0568723345041899	2.10417833198733	53
-0.05227042700539	1.15002871784374	53
0.00289568633505	1.49618101108208	150
0.0365117004890201	1.00560737503448	158
0.04021431593659	1.00831292667282	150
-0.04984847381526	1.15422974787258	521
-0.07619063428197	0.464332625195306	110
-0.07404063292873	0.46464634975394	256
-0.07619063428197	0.464332625195306	256
0.00454401071682997	0.731144176225521	12
-0.1095836301241	0.812599781453542	12
-0.07619063428197	0.464332625195306	791
-0.07729416019928	0.464030812177167	24
-0.11847558500539	0.823870185922236	150
0.0124555217381701	0.722702748116225	158
0.00717395195427995	0.7176704989465	246
-0.11388789864483	0.820072770000194	110
-0.07685486884792	0.464520674256509	103
-0.07751813364046	0.460999123934144	12
-0.0759674142806299	0.460282807242908	12
-0.07729416019928	0.464030812177167	24
-0.0039470275926099	1.89883797901814	53
0.0429856002484099	1.02869092299929	1445
-0.05340254077459	1.15566266525012	2
-0.07552542746567	0.460766549668113	158
0.00745395376443003	0.733906884256128	150
-0.11847558500539	0.823870185922236	158
-0.07619063428197	0.464332625195306	150
0.00666473839308002	0.721181555771543	150
-0.0733716985628601	0.462133777671899	150
-0.07795608022485	0.460518488476826	150
-0.07729416019928	0.464030812177167	150
0.00945989922272994	0.726908707876507	521
-0.07685486884792	0.464520674256509	521
-0.0651839835086601	1.11558796958198	110
-0.07685486884792	0.464520674256509	12
-0.07795608022485	0.460518488476826	352
0.0479122850557101	1.03014853925411	1327
0.00589888209025991	0.728312851544929	150
-0.07685486884792	0.464520674256509	110
-0.10763807016543	0.816426674213783	29
-0.10950349927191	1.28316881919678	2
0.0067535686531599	0.731963105910918	2
-0.1185694499478	0.8175628677592	1327
0.04370722638643	1.02972953602529	150
-0.07685486884792	0.464520674256509	110
-0.07619063428197	0.464332625195306	110
-0.07729416019928	0.464030812177167	12
-0.0744856603053501	0.464150673012566	791
-0.08606306515507	1.71350841493921	150
-0.11918447789561	0.824232677112136	150
-0.11776651813252	0.822252672796346	150
0.03506372401639	1.00375612378242	150
-0.0747085882320999	0.462007722411423	150
-0.07663127237553	0.463841960726504	31
-0.07515226191443	0.461519344198087	1006
-0.00055690505920003	0.720927200554066	12
-0.07404063292873	0.46464634975394	12
0.00816326525644007	0.734040558131918	964
0.000689400496830084	1.49400014357045	116
0.00454401071682997	0.731144176225521	361
0.0117482641264799	0.723574757364088	361
0.0732332329979499	1.37163419002553	361
-0.07729416019928	0.464030812177167	127
0.000858121471249973	0.721135873958608	158
-0.07619063428197	0.464332625195306	158
0.00513375611600009	0.725661881665558	150
-0.07663127237553	0.463841960726504	31
-0.07619063428197	0.464332625195306	31
-0.07404063292873	0.46464634975394	29
-0.07663127237553	0.463841960726504	12
-0.05416412130659	1.15302152766194	246
-0.07729416019928	0.464030812177167	31
-0.12076611898804	0.825389968004642	103
0.00530838115049992	0.721248544537409	103
-0.0352585184738201	1.97369910897192	103
-0.07729416019928	0.464030812177167	12
-0.11468189853849	0.824497322224029	150
-0.07685486884792	0.464520674256509	110
-0.07729416019928	0.464030812177167	964
-0.0592536089659501	1.13684404600408	150
-0.07619063428197	0.464332625195306	158
0.06527441686901	1.34379714284856	158
0.00648912284410996	0.72289658955396	158
-0.07751813364046	0.460999123934144	150
-0.07663127237553	0.463841960726504	246
-0.07663127237553	0.463841960726504	12
-0.07404063292873	0.46464634975394	12
0.00754149394248005	0.718899663299923	72
0.00389737353349995	1.49586907326336	53
0.0471000141276701	1.01883433867815	2
0.03705026122823	1.00714767367634	361
-0.11555868093858	0.831771178104998	361
-0.11037386960578	0.822158378698462	361
-0.05813137332104	1.13519860705874	2
-0.07663127237553	0.463841960726504	1656
-0.07729416019928	0.464030812177167	12
-0.110308106685	1.28834078355732	361
-0.07663127237553	0.463841960726504	198
-0.07751813364046	0.460999123934144	198
-0.07404063292873	0.46464634975394	198
-0.0747085882320999	0.462007722411423	158
-0.07685486884792	0.464520674256509	150
-0.07619063428197	0.464332625195306	110
0.04370722638643	1.02972953602529	103
-0.07663127237553	0.463841960726504	964
-0.11265161571899	0.829563029346075	72
0.0666496504101901	1.35628884084567	53
-0.11697399102033	0.829866755816836	295
0.0110401629455099	0.72234347373097	295
-0.0015380392050599	1.49854819031878	2
-0.07685486884792	0.464520674256509	1751
-0.07381808162839	0.461642678393369	198
-0.07619063428197	0.464332625195306	198
-0.07685486884792	0.464520674256509	1367
-0.03159884684326	2.00598358013226	72
0.00445467967086	0.724890448382186	295
-0.10686819508059	0.813830656905396	361
0.11781628732844	1.98188823710219	2
-0.07663127237553	0.463841960726504	150
-0.07232611642888	0.458605251137047	150
-0.07663127237553	0.463841960726504	150
0.00945989922272994	0.726908707876507	110
-0.11645483844856	0.823042574645305	103
-0.07619063428197	0.464332625195306	12
-0.0733716985628601	0.462133777671899	12
-0.0824611150621299	0.460075319194046	332
-0.10178641145291	1.82351087215191	295
-0.000735141843420051	1.92575514964292	361
-0.05112675740781	1.15214118643486	361
-0.0744856603053501	0.464150673012566	1450
-0.07663127237553	0.463841960726504	1656
-0.07729416019928	0.464030812177167	332
-0.07663127237553	0.463841960726504	791
-0.10631021375938	1.28792993415773	72
0.00816326525644007	0.734040558131918	150
0.04370722638643	1.02972953602529	198
0.00513375611600009	0.725661881665558	198
0.00695048587833003	0.718406713269127	428
0.0414711811144599	1.02057579101948	150
-0.07663127237553	0.463841960726504	150
-0.07515226191443	0.461519344198087	1450
-0.05745937561773	1.14277793857674	12
0.07485197062998	1.36842035428642	72
0.0459281077607101	1.0173984313878	1395
0.00757502611847993	0.726858655012998	295
0.10524626847449	1.71326242336817	295
0.00658609735792992	0.722978971048567	150
-0.07663127237553	0.463841960726504	428
-0.07381808162839	0.461642678393369	428
0.00386518134589009	0.730362174541587	428
-0.07552542746567	0.460766549668113	150
-0.07381808162839	0.461642678393369	110
-0.07663127237553	0.463841960726504	1450
-0.07729416019928	0.464030812177167	586
0.00121115352648005	0.70655275641971	1395
-0.08162882311444	2.12550621213179	361
0.0357874414897099	1.00534469168523	361
0.00875125678523991	0.728524381117766	428
-0.07619063428197	0.464332625195306	150
-0.0391664127879401	2.30614126038295	31
0.00589888209025991	0.728312851544929	103
-0.07685486884792	0.464520674256509	12
0.000348610426319951	1.50197720512559	72
-0.00809069077737989	1.47793129914757	53
-0.12393712988839	0.809784862475138	295
0.00816326525644007	0.734040558131918	428
-0.07685486884792	0.464520674256509	150
-0.0563134029933201	1.15322948393376	150
-0.07795608022485	0.460518488476826	1348
0.07647493172159	1.35593495178743	150
-0.07619063428197	0.464332625195306	1721
0.00386518134589009	0.730362174541587	127
0.0392756199686799	1.02305588727417	1450
-0.0747085882320999	0.462007722411423	1450
-0.07619063428197	0.464332625195306	103
0.00613374704386005	0.718541490359432	486
-0.07795608022485	0.460518488476826	332
0.06876419745549	1.34530260451751	53
0.0651989702524201	1.34674392983927	295
-0.07685486884792	0.464520674256509	361
0.00757502611847993	0.726858655012998	428
-0.0759674142806299	0.460282807242908	150
-0.07619063428197	0.464332625195306	127
-0.12280082275984	0.814222164957371	1450
-0.0744856603053501	0.464150673012566	16
0.0067535686531599	0.731963105910918	103
-0.07898873560089	0.457720047095474	486
-0.07685486884792	0.464520674256509	332
-0.1185694499478	0.8175628677592	72
0.00314215986916011	0.724521991261677	53
-0.06263001025769	2.10694057547633	295
-0.049574102172	1.15548736937083	361
0.00386518134589009	0.730362174541587	150
-0.07381808162839	0.461642678393369	428
-0.07663127237553	0.463841960726504	1721
-0.0796550881556899	0.46018446512664	1721
-0.07685486884792	0.464520674256509	1721
0.00522191225852997	0.730516957592047	31
-0.10954689025135	1.27907513931916	66
0.07121176789553	1.353843401796	72
-0.07663127237553	0.463841960726504	53
0.000151023150400054	0.721716938958027	295
-0.0733716985628601	0.462133777671899	295
-0.07685486884792	0.464520674256509	295
-0.10008711175676	1.82799625317328	361
0.00666746101912996	1.49526585213689	361
0.0421725880529	1.02255068630866	361
-0.07619063428197	0.464332625195306	2
-0.07404063292873	0.46464634975394	150
-0.07663127237553	0.463841960726504	150
-0.07232611642888	0.458605251137047	150
-0.07685486884792	0.464520674256509	428
-0.07751813364046	0.460999123934144	150
-0.07751813364046	0.460999123934144	150
-0.07685486884792	0.464520674256509	150
-0.07685486884792	0.464520674256509	1721
0.11877335736117	2.00754991637375	103
-0.07685486884792	0.464520674256509	563
0.03957134350336	1.80180102654945	53
0.00384787691805011	0.724657863574207	53
0.03848882656977	0.992462832833331	295
-0.11617548566236	0.830684994706267	295
-0.10736118719818	1.27008077647176	53
-0.07751813364046	0.460999123934144	361
-0.07729416019928	0.464030812177167	150
-0.07729416019928	0.464030812177167	158
-0.08312180465276	0.456619894300455	428
-0.07751813364046	0.460999123934144	428
-0.07663127237553	0.463841960726504	150
-0.07515226191443	0.461519344198087	150
-0.0544070290266401	1.14126948109089	31
0.0356949481287401	1.01174186501422	53
0.04433691784598	1.03111792691154	53
-0.07404063292873	0.46464634975394	150
0.00887174444885996	0.732386958014986	150
-0.07729416019928	0.464030812177167	150
-0.08032046087545	0.457595452936098	150
0.00816326525644007	0.734040558131918	150
-0.07685486884792	0.464520674256509	1583
-0.0768267362428901	0.455042653992607	860
-0.07619063428197	0.464332625195306	16
-0.07552542746567	0.460766549668113	563
-0.0744856603053501	0.464150673012566	1518
-0.10958463548861	1.27914804730988	2
0.00589888209025991	0.728312851544929	150
-0.07685486884792	0.464520674256509	150
-0.07729416019928	0.464030812177167	127
-0.11406450892401	0.825566501587752	16
-0.07404063292873	0.46464634975394	1521
-0.07751813364046	0.460999123934144	563
-0.07663127237553	0.463841960726504	563
-0.07552542746567	0.460766549668113	66
0.0732332329979499	1.37163419002553	295
-0.04839264950133	1.14950729801021	361
0.04289350043473	1.02736813154353	361
-0.00055690505920003	0.720927200554066	428
-0.08312180465276	0.456619894300455	150
-0.07795608022485	0.460518488476826	16
-0.0747085882320999	0.462007722411423	16
-0.07404063292873	0.46464634975394	1521
-0.07619063428197	0.464332625195306	563
0.0055128353290399	1.93449175527668	2
0.00327542339675002	0.72323220136473	127
-0.0824611150621299	0.460075319194046	94
-0.0733716985628601	0.462133777671899	94
-0.07619063428197	0.464332625195306	66
-0.12121646912878	0.820264876353278	66
0.04433691784598	1.03111792691154	150
-0.0569769958815101	1.1517749338183	428
0.09258967801823	1.66104752596694	428
-0.0538034344250999	1.1401760120268	150
-0.00585176827457001	1.87705613515829	150
0.0393985567349699	1.01734195516207	127
-0.07404063292873	0.46464634975394	94
-0.07619063428197	0.464332625195306	94
-0.07685486884792	0.464520674256509	66
0.0401204635413299	1.01895971165508	66
-0.06202130814789	2.11170105213097	150
-0.0759674142806299	0.460282807242908	16
-0.0817994549413199	0.459890984284061	16
-0.07619063428197	0.464332625195306	94
0.01127803217793	0.721066874523038	150
0.00607479709128	0.72656254858984	150
-0.07685486884792	0.464520674256509	16
-0.0824611150621299	0.460075319194046	16
0.00522191225852997	0.730516957592047	94
-0.07795608022485	0.460518488476826	94
-0.0718766753974001	0.459092046764703	66
-0.07619063428197	0.464332625195306	44
0.0772261378493999	2.11080491422492	72
-0.110308106685	1.28834078355732	53
0.00223864271682994	1.49378660172072	150
0.04650602569369	1.02416051151049	150
0.00986332998428008	0.720707810834825	150
-0.07619063428197	0.464332625195306	150
0.00513375611600009	0.725661881665558	150
-0.0817994549413199	0.459890984284061	16
0.00804178234093	0.728388309702657	16
-0.07663127237553	0.463841960726504	94
0.00754149394248005	0.718899663299923	1566
-0.07685486884792	0.464520674256509	66
0.0401204635413299	1.01895971165508	150
0.00156438620933996	0.719020408767362	150
-0.12076611898804	0.825389968004642	150
-0.12050822473745	0.822345913826972	127
0.0101677059453	0.722063499970155	127
0.07028322977639	1.3633299337375	127
-0.07685486884792	0.464520674256509	94
-0.07685486884792	0.464520674256509	1566
-0.08979745083271	1.66219982544475	53
-0.00209397109994991	1.48958001527396	150
-0.11303286159505	1.28360245396153	150
0.0465595481678101	1.02847494050688	16
-0.0964013760558	1.82602673231328	16
-0.11565021317444	0.824728769169963	16
-0.07663127237553	0.463841960726504	16
-0.07685486884792	0.464520674256509	94
-0.07404063292873	0.46464634975394	66
-0.07685486884792	0.464520674256509	295
0.00463165938496002	0.723394124986539	150
0.00648912284410996	0.72289658955396	150
-0.0733716985628601	0.462133777671899	150
-0.07619063428197	0.464332625195306	150
0.0378687681522401	1.01253158757921	150
0.00745395376443003	0.733906884256128	127
-0.07619063428197	0.464332625195306	31
-0.07619063428197	0.464332625195306	928
-0.11838244156681	0.821188445757107	44
0.0493995456232199	1.02229085312009	53
-0.11485077890175	0.830603494479094	2
-0.07685486884792	0.464520674256509	150
-0.0744856603053501	0.464150673012566	150
-0.07685486884792	0.464520674256509	150
-0.07619063428197	0.464332625195306	150
-0.07751813364046	0.460999123934144	150
-0.07619063428197	0.464332625195306	720
-0.0824611150621299	0.460075319194046	16
-0.07751813364046	0.460999123934144	16
-0.07685486884792	0.464520674256509	94
-0.07515226191443	0.461519344198087	94
-0.07795608022485	0.460518488476826	94
-0.11555868093858	0.831771178104998	44
-0.11044764231887	1.28265075049927	347
-0.07404063292873	0.46464634975394	150
-0.0733716985628601	0.462133777671899	150
-0.07685486884792	0.464520674256509	720
-0.07663127237553	0.463841960726504	720
0.00522191225852997	0.730516957592047	127
-0.07381808162839	0.461642678393369	16
-0.0538034344250999	1.1401760120268	150
-0.11617548566236	0.830684994706267	150
-0.0519357195872501	1.15535106968074	720
-0.07663127237553	0.463841960726504	94
-0.07729416019928	0.464030812177167	94
-0.11820670292609	0.820323414715481	150
0.00255195120164009	0.724022154570055	150
0.00463165938496002	0.723394124986539	150
-0.07729416019928	0.464030812177167	94
-0.07663127237553	0.463841960726504	94
-0.0824611150621299	0.460075319194046	94
-0.110308106685	1.28834078355732	94
-0.0506490700936799	1.60630367606465	720
0.0458388004250401	1.02636836425129	94
-0.0759674142806299	0.460282807242908	41
-0.07751813364046	0.460999123934144	94
0.00828334195858993	0.725250770819157	689
-0.1084502813158	1.27143111644366	150
-0.11378832156264	1.26902604789293	150
-0.07795608022485	0.460518488476826	94
-0.07619063428197	0.464332625195306	94
-0.0744856603053501	0.464150673012566	94
-0.07619063428197	0.464332625195306	332
-0.07685486884792	0.464520674256509	332
0.10192351208413	1.70667061434302	135
0.0400261352412199	1.01869891010591	2
0.00386518134589009	0.730362174541587	150
-0.05726359082212	1.14061066868384	150
-0.0474439840070799	1.15546983830384	150
-0.05314142917875	1.15314409616335	31
-0.07685486884792	0.464520674256509	31
-0.07751813364046	0.460999123934144	16
0.00530838115049992	0.721248544537409	94
0.07242489015742	1.37039055393462	150
-0.0886954214642801	2.15871807262366	150
0.0464695685442	1.02774655385711	44
-0.1052569806851	1.29003465006476	150
-0.07729416019928	0.464030812177167	31
-0.07619063428197	0.464332625195306	1145
-0.07404063292873	0.46464634975394	94
0.00745395376443003	0.733906884256128	135
0.00377467966820011	0.722526634113836	150
0.00327542339675002	0.72323220136473	150
0.0436149436951201	1.03007653055771	150
0.0386771884948001	1.01420746564598	16
0.00250475458900001	0.722216825686463	94
-0.09010750000855	2.16119018307651	53
-0.00251852077699	1.47784696773882	53
-0.0539454062433999	1.15353299725011	361
-0.11626641863387	0.831527950810364	150
-0.00764406941233009	1.48355182178656	150
-0.0499884221974001	1.59914868091965	150
0.0429856002484099	1.02869092299929	94
-0.07619063428197	0.464332625195306	94
0.00745395376443003	0.733906884256128	94
-0.07619063428197	0.464332625195306	1145
0.00745395376443003	0.733906884256128	41
-0.0733716985628601	0.462133777671899	94
-0.07729416019928	0.464030812177167	135
0.04926591985619	1.01971303832941	150
-0.10680664516285	1.80568359793297	150
0.0714980276292601	1.36374021619488	150
-0.0759674142806299	0.460282807242908	127
-0.0524797432713799	1.15751264785653	94
-0.0733716985628601	0.462133777671899	41
0.06654231995691	2.08642659338143	150
-0.00773904563817007	1.90222549333886	150
0.07251158577535	2.09010296215147	150
-0.07795608022485	0.460518488476826	94
-0.07663127237553	0.463841960726504	94
-0.07685486884792	0.464520674256509	135
-0.11749972927205	0.821945996226353	150
-0.0718766753974001	0.459092046764703	127
0.00386518134589009	0.730362174541587	997
0.0068658776858701	0.726722484656385	41
-0.07685486884792	0.464520674256509	94
-0.08113682179882	0.456392471123935	13
-0.0744856603053501	0.464150673012566	94
-0.07751813364046	0.460999123934144	31
-0.0718766753974001	0.459092046764703	41
0.00455274882065004	0.723054786609415	41
-0.07619063428197	0.464332625195306	94
-0.07729416019928	0.464030812177167	44
-0.04591685885313	2.45411916248434	295
-0.05406678569315	1.15681229187571	150
-0.11802125619222	0.816961935790659	150
0.0357874414897099	1.00534469168523	127
-0.11326960654555	0.828484301249648	94
0.0104518703985399	0.727718870410599	94
-0.07663127237553	0.463841960726504	44
0.00454401071682997	0.731144176225521	150
-0.0817994549413199	0.459890984284061	150
0.0104518703985399	0.727718870410599	150
-0.07404063292873	0.46464634975394	150
0.0046946339842	2.29251064087274	150
-0.07795608022485	0.460518488476826	16
-0.0744856603053501	0.464150673012566	94
0.00386518134589009	0.730362174541587	94
-0.07619063428197	0.464332625195306	94
0.00396221130199992	0.722556705902846	44
0.0675964767797399	1.36073286184149	53
-0.04726534962166	1.61852442547581	53
0.0491103770063299	1.79995356362176	295
0.05554698879859	1.82459337853025	295
-0.08113682179882	0.456392471123935	150
0.0413759937743801	1.01151287655317	345
-0.07729416019928	0.464030812177167	150
-0.0503547977717	1.60757578840178	16
-0.07663127237553	0.463841960726504	94
-0.11934998966707	0.824490122324127	94
-0.0744856603053501	0.464150673012566	94
-0.08032046087545	0.457595452936098	345
-0.11688292391163	0.8304422596219	345
-0.07751813364046	0.460999123934144	150
-0.0759674142806299	0.460282807242908	16
-0.07619063428197	0.464332625195306	94
-0.00837422444774005	1.90234302975545	94
-0.0744856603053501	0.464150673012566	94
-0.07663127237553	0.463841960726504	94
0.05294619783231	1.01527115490418	53
0.00666473839308002	0.721181555771543	16
-0.10558795107553	1.28380291787669	94
-0.12163636257783	0.811541781707049	94
-0.07685486884792	0.464520674256509	94
-0.07663127237553	0.463841960726504	1477
0.06522794575755	1.34057105036434	150
-0.11388789864483	0.820072770000194	150
0.00589888209025991	0.728312851544929	94
0.05358053796457	1.01661768023144	41
-0.0744856603053501	0.464150673012566	94
-0.07685486884792	0.464520674256509	94
-0.000197340008160074	1.49449826974535	150
0.04307721291405	1.01858791278227	150
0.00554306985018993	0.718048667559638	263
-0.05079893257805	1.15486205670853	94
0.00745395376443003	0.733906884256128	41
0.00325750397276003	0.724158010353504	41
-0.07751813364046	0.460999123934144	13
-0.0747085882320999	0.462007722411423	94
-0.10109861009106	1.82580466698656	53
-0.05679650982153	1.14166474841006	150
0.09448697008376	2.35775968713558	345
0.03868479869096	1.79886309717456	150
-0.11169800252297	0.811672443854051	150
0.00804178234093	0.728388309702657	94
0.00875125678523991	0.728524381117766	41
-0.0759674142806299	0.460282807242908	41
-0.0759674142806299	0.460282807242908	623
-0.0716547990712699	0.45890870010031	1477
-0.11759019706129	0.82878503762754	1214
-0.00308547037541995	1.45873360389488	150
-0.0552711765252201	1.1436560943797	150
-0.0651839835086601	1.11558796958198	150
-0.0532838488935701	1.15790820753353	31
-0.0518183764167801	1.15636087886753	94
-0.11759019706129	0.82878503762754	94
0.04156589306757	1.01810781553275	94
-0.0796550881556899	0.46018446512664	94
-0.07685486884792	0.464520674256509	94
0.06678956045555	1.3569286460037	150
-0.10966877598707	0.822464639134337	94
-0.12192453700226	0.816581152067735	94
-0.07751813364046	0.460999123934144	94
-0.07663127237553	0.463841960726504	94
0.00522191225852997	0.730516957592047	94
0.00463165938496002	0.723394124986539	94
-0.07663127237553	0.463841960726504	94
-0.07685486884792	0.464520674256509	94
-0.07729416019928	0.464030812177167	44
-0.07685486884792	0.464520674256509	1214
-0.07795608022485	0.460518488476826	1214
0.00804178234093	0.728388309702657	1214
-0.04056465715664	1.59466324019105	150
0.05133082156933	1.81761689014849	150
-0.06224959529859	1.12988497598232	105
0.0640043432666699	1.34604811243166	31
-0.11909121003898	0.822801909189956	94
0.04728081851141	1.02876396932112	94
-0.11256322869182	0.827954037268072	94
-0.11335814005064	0.828484260259448	1214
0.0456891404690101	1.02161020328412	345
-0.0747085882320999	0.462007722411423	94
-0.12438283406787	0.817307577850357	94
-0.07619063428197	0.464332625195306	94
0.00314215986916011	0.724521991261677	1214
-0.07404063292873	0.46464634975394	150
0.00445467967086	0.724890448382186	899
0.00804178234093	0.728388309702657	899
-0.07729416019928	0.464030812177167	263
-0.12096747746724	0.807014484771176	31
-0.05507124561051	1.13702531204228	94
0.000151023150400054	0.721716938958027	94
-0.07729416019928	0.464030812177167	44
0.0455874660817801	1.00719386381061	53
-0.12305548835896	0.813444568398379	31
-0.0712039953246699	0.459397393845691	263
-0.07381808162839	0.461642678393369	94
-0.07619063428197	0.464332625195306	94
-0.11979980473609	0.823163404864463	94
0.0471906654323899	1.02985864427833	53
0.0708452447936401	1.36461905903021	150
0.0655661386720501	1.3517581235199	150
0.0318491566674699	2.18905222716406	10
-0.12253926889204	0.808379642892096	94
-0.11522557001534	1.27747704006541	53
0.00386518134589009	0.730362174541587	150
0.0701435295876201	1.3632501236849	345
-0.0810482115519999	1.72873874656437	150
-0.07751813364046	0.460999123934144	263
-0.12138594666667	0.819141751644265	263
-0.07729416019928	0.464030812177167	94
-0.00255880052721991	0.712461006448089	1214
0.00454401071682997	0.731144176225521	53
0.0444293832878999	1.02921325572808	150
0.04065339377532	1.00991903856181	150
0.03641901313413	1.01335536489925	150
0.00613374704386005	0.718541490359432	150
-0.0330359505987501	2.00739637138891	899
0.00314215986916011	0.724521991261677	31
-0.0733716985628601	0.462133777671899	94
-0.12121646912878	0.820264876353278	94
-0.11786025912241	0.817214679245591	44
-0.07751813364046	0.460999123934144	1214
0.0068658776858701	0.726722484656385	899
0.0067535686531599	0.731963105910918	31
-0.07619063428197	0.464332625195306	263
-0.07404063292873	0.46464634975394	263
-0.0511573283291	1.14586740149909	10
-0.11970713448667	0.81447348455247	94
-0.1185694499478	0.8175628677592	899
-0.02664178931331	2.37113047148898	150
0.00745395376443003	0.733906884256128	263
-0.07663127237553	0.463841960726504	286
-0.07729416019928	0.464030812177167	728
-0.11178362356332	0.813755102844685	94
0.00757502611847993	0.726858655012998	94
-0.07729416019928	0.464030812177167	94
-0.07685486884792	0.464520674256509	1214
-0.08113682179882	0.456392471123935	1214
-0.12251553276224	2.32722725615874	295
-0.05088910167741	1.60964906444983	53
0.00887174444885996	0.732386958014986	899
-0.07619063428197	0.464332625195306	263
-0.07685486884792	0.464520674256509	263
-0.07729416019928	0.464030812177167	1509
-0.0472484893230201	1.15269616896007	94
-0.07729416019928	0.464030812177167	94
-0.07619063428197	0.464332625195306	94
-0.05712809382235	1.5795515629407	295
-0.00749151731712994	2.24148981913085	150
0.0479122850557101	1.03014853925411	263
-0.07795608022485	0.460518488476826	94
0.00386518134589009	0.730362174541587	94
0.0400261352412199	1.01869891010591	94
0.0068658776858701	0.726722484656385	94
-0.12076611898804	0.825389968004642	899
0.00745395376443003	0.733906884256128	345
-0.07729416019928	0.464030812177167	286
-0.07381808162839	0.461642678393369	286
0.00377467966820011	0.722526634113836	94
0.0039540055065399	0.724000730214971	94
-0.1223460115714	0.813103450055557	94
-0.07404063292873	0.46464634975394	94
-0.0796550881556899	0.46018446512664	94
-0.1220934666848	0.817519687426178	44
-0.12138594666667	0.819141751644265	53
-0.07619063428197	0.464332625195306	150
-0.07619063428197	0.464332625195306	899
-0.12060173805133	0.821327298216983	345
-0.11123810474477	0.826680320885397	105
-0.07685486884792	0.464520674256509	286
-0.0817994549413199	0.459890984284061	120
-0.03456343012799	2.00236072306363	53
0.0697371014417101	1.36659638618767	53
-0.07404063292873	0.46464634975394	150
-0.07751813364046	0.460999123934144	150
0.0451520709564399	1.02704282254903	263
-0.0716547990712699	0.45890870010031	286
-0.0824611150621299	0.460075319194046	94
-0.07729416019928	0.464030812177167	94
-0.07619063428197	0.464332625195306	10
-0.07729416019928	0.464030812177167	94
-0.0744856603053501	0.464150673012566	263
-0.07795608022485	0.460518488476826	263
-0.07619063428197	0.464332625195306	263
-0.07751813364046	0.460999123934144	10
-0.07751813364046	0.460999123934144	10
-0.07515226191443	0.461519344198087	465
-0.07619063428197	0.464332625195306	465
-0.12014659405125	0.820618144321973	10
-0.08312180465276	0.456619894300455	94
-0.07663127237553	0.463841960726504	94
-0.07729416019928	0.464030812177167	94
-0.07515226191443	0.461519344198087	1320
-0.07404063292873	0.46464634975394	1320
0.05358053796457	1.01661768023144	465
-0.0824611150621299	0.460075319194046	44
-0.07729416019928	0.464030812177167	1320
0.0039540055065399	0.724000730214971	150
0.00816326525644007	0.734040558131918	150
-0.07404063292873	0.46464634975394	31
-0.07685486884792	0.464520674256509	94
-0.07619063428197	0.464332625195306	94
-0.07729416019928	0.464030812177167	94
-0.0712039953246699	0.459397393845691	94
-0.07729416019928	0.464030812177167	44
-0.07685486884792	0.464520674256509	1320
0.01785836368866	0.710031184074343	31
-0.07232611642888	0.458605251137047	1320
-0.11847558500539	0.823870185922236	150
-0.07685486884792	0.464520674256509	94
-0.07729416019928	0.464030812177167	168
-0.07729416019928	0.464030812177167	94
-0.07663127237553	0.463841960726504	1320
0.00581190513373997	0.72505210715856	53
0.06460298291796	1.33388314264583	105
0.00386518134589009	0.730362174541587	105
-0.08312180465276	0.456619894300455	150
-0.0744856603053501	0.464150673012566	10
-0.11838244156681	0.821188445757107	94
-0.07663127237553	0.463841960726504	94
-0.07515226191443	0.461519344198087	44
-0.07729416019928	0.464030812177167	609
-0.07685486884792	0.464520674256509	94
-0.07685486884792	0.464520674256509	1320
0.00875125678523991	0.728524381117766	94
-0.07729416019928	0.464030812177167	10
-0.12005813541955	0.825636815426313	609
0.0471906654323899	1.02985864427833	31
0.0436149436951201	1.03007653055771	10
-0.07685486884792	0.464520674256509	10
-0.11546788328067	0.829520284639196	94
0.00454401071682997	0.731144176225521	609
-0.07729416019928	0.464030812177167	609
-0.11131001504217	1.28448753756201	53
0.00816326525644007	0.734040558131918	150
-0.0461357681151799	1.61076191996324	345
-0.11989319588237	0.823413300367422	345
-0.0040138903695901	1.92043593870608	53
-0.0744856603053501	0.464150673012566	150
-0.07619063428197	0.464332625195306	150
-0.08032046087545	0.457595452936098	10
0.00816326525644007	0.734040558131918	10
0.00957938763296995	0.727439120047027	10
-0.07663127237553	0.463841960726504	94
-0.07515226191443	0.461519344198087	609
0.0675964767797399	1.36073286184149	150
-0.10248255187744	1.28168037866175	345
-0.07792979864868	1.71133679360325	345
-0.0600657576708901	1.10686511289563	31
0.0377752152339299	1.00741135327578	514
0.00243560141044008	0.722617328177476	609
-0.07515226191443	0.461519344198087	609
0.0328171043564001	2.19763095113841	105
0.00607479709128	0.72656254858984	314
-0.12121646912878	0.820264876353278	514
-0.12050822473745	0.822345913826972	10
-0.11979980473609	0.823163404864463	10
-0.07729416019928	0.464030812177167	332
-0.0744856603053501	0.464150673012566	332
-0.07619063428197	0.464332625195306	609
0.00522191225852997	0.730516957592047	609
0.0723267697044601	1.36881568802024	150
-0.07663127237553	0.463841960726504	10
-0.1223460115714	0.813103450055557	314
0.0436149436951201	1.03007653055771	514
-0.11565021317444	0.824728769169963	10
-0.07619063428197	0.464332625195306	10
0.00745395376443003	0.733906884256128	609
-0.11697399102033	0.829866755816836	609
-0.0472124195610999	1.61711448873659	150
0.07054562269422	1.36689755802059	150
-0.11265161571899	0.829563029346075	514
-0.10843010695716	0.816961660311768	10
0.0356949481287401	1.01174186501422	10
-0.0759674142806299	0.460282807242908	332
-0.0824611150621299	0.460075319194046	609
0.00683804893060991	0.71976461693437	609
-0.12014659405125	0.820618144321973	173
-0.12393712988839	0.809784862475138	150
0.03964632515686	1.82097426472031	105
-0.08113682179882	0.456392471123935	10
-0.07685486884792	0.464520674256509	10
-0.07404063292873	0.46464634975394	10
0.00445467967086	0.724890448382186	10
0.00513375611600009	0.725661881665558	94
-0.0796550881556899	0.46018446512664	609
0.0634574483750501	1.34825229271819	173
0.09103872615846	2.36279871845174	94
-0.12050822473745	0.822345913826972	10
-0.12305548835896	0.813444568398379	94
-0.07729416019928	0.464030812177167	609
-0.00454174106752991	1.48999222665113	345
0.00327542339675002	0.72323220136473	150
-0.08312180465276	0.456619894300455	314
-0.07685486884792	0.464520674256509	10
0.00243560141044008	0.722617328177476	10
-0.07685486884792	0.464520674256509	10
-0.11838244156681	0.821188445757107	464
-0.0824611150621299	0.460075319194046	44
0.0128612604095999	0.70933016590664	150
0.00607479709128	0.72656254858984	345
0.0989203449915299	2.37406279312881	31
0.00327542339675002	0.72323220136473	514
0.0408429089686999	1.01921387211563	514
0.00581190513373997	0.72505210715856	514
-0.07619063428197	0.464332625195306	609
-0.07515226191443	0.461519344198087	609
-0.10731595125013	1.25840442643209	173
-0.0759674142806299	0.460282807242908	53
0.0457489944271501	1.02341997475199	145
0.000858121471249973	0.721135873958608	514
-0.07729416019928	0.464030812177167	10
0.00522191225852997	0.730516957592047	150
-0.0418644058622799	1.61580336252212	64
-0.11626641863387	0.831527950810364	10
-0.10925038323421	1.29205663999287	1027
-0.07751813364046	0.460999123934144	609
0.07619317838042	1.36620585775541	53
-0.0502373845831501	1.60600268874738	150
0.0741398967145199	2.11184236390221	145
0.01316193202977	0.718466349585827	145
-0.11289581264712	1.26120359710055	64
0.0067535686531599	0.731963105910918	10
0.0365117004890201	1.00560737503448	514
-0.0744856603053501	0.464150673012566	94
0.0104518703985399	0.727718870410599	94
0.00454401071682997	0.731144176225521	53
0.0068658776858701	0.726722484656385	150
-0.00353232399020009	1.46599983530784	278
0.00816326525644007	0.734040558131918	514
-0.1167925907278	0.82218940168361	1027
-0.0579266096247599	1.14938153035689	1027
-0.07685486884792	0.464520674256509	10
0.00875125678523991	0.728524381117766	94
-0.07619063428197	0.464332625195306	609
-0.07751813364046	0.460999123934144	609
-0.0824611150621299	0.460075319194046	10
0.00745395376443003	0.733906884256128	435
-0.07751813364046	0.460999123934144	435
0.00454401071682997	0.731144176225521	514
-0.10896353936622	0.820780282320851	1027
0.00757502611847993	0.726858655012998	621
0.0400261352412199	1.01869891010591	94
-0.07663127237553	0.463841960726504	94
0.0124555217381701	0.722702748116225	94
-0.12014659405125	0.820618144321973	94
0.00513375611600009	0.725661881665558	124
-0.0759674142806299	0.460282807242908	124
-0.07619063428197	0.464332625195306	44
0.0140390281981699	0.710913161725194	53
0.00581190513373997	0.72505210715856	53
-0.11626641863387	0.831527950810364	145
0.00957938763296995	0.727439120047027	435
0.0378687681522401	1.01253158757921	10
-0.07404063292873	0.46464634975394	621
-0.11654070379712	0.818841044718161	94
-0.07729416019928	0.464030812177167	609
-0.11132694646096	0.822324972311213	609
-0.0733716985628601	0.462133777671899	53
0.0392756199686799	1.02305588727417	53
-0.0481062499373	1.15660799566189	64
-0.0733716985628601	0.462133777671899	435
-0.07685486884792	0.464520674256509	1027
-0.0579266096247599	1.14938153035689	94
0.00386518134589009	0.730362174541587	94
-0.11715089410691	0.815638074615182	94
0.00816326525644007	0.734040558131918	124
0.00445467967086	0.724890448382186	609
-0.0744856603053501	0.464150673012566	609
-0.04528088463567	2.43842595697684	173
0.0679225282917899	1.35756405630309	53
-0.07619063428197	0.464332625195306	10
-0.00188387630992004	1.91615812339394	1027
-0.11989319588237	0.823413300367422	94
-0.07663127237553	0.463841960726504	609
-0.05416412130659	1.15302152766194	53
-0.1017396913808	1.28260882512425	51
0.00454401071682997	0.731144176225521	53
-0.07729416019928	0.464030812177167	435
0.04728081851141	1.02876396932112	435
-0.0744856603053501	0.464150673012566	435
-0.07729416019928	0.464030812177167	435
-0.07751813364046	0.460999123934144	10
-0.07619063428197	0.464332625195306	94
-0.07404063292873	0.46464634975394	94
-0.0744856603053501	0.464150673012566	439
-0.0747085882320999	0.462007722411423	609
-0.07619063428197	0.464332625195306	609
-0.0427596388477101	2.46222825589126	31
0.0780257777967099	2.13276809319778	64
0.0067535686531599	0.731963105910918	64
0.00589888209025991	0.728312851544929	10
-0.000647741555340087	1.49620030476225	94
0.00243560141044008	0.722617328177476	94
0.0457824588445701	1.02842455582156	124
-0.0744856603053501	0.464150673012566	609
-0.06991435813737	1.72041488943616	53
0.00666473839308002	0.721181555771543	435
0.0642603576577701	1.32063812111885	514
0.04728081851141	1.02876396932112	10
-0.07795608022485	0.460518488476826	94
-0.07552542746567	0.460766549668113	909
-0.07619063428197	0.464332625195306	124
-0.07663127237553	0.463841960726504	124
0.00607479709128	0.72656254858984	609
-0.11555868093858	0.831771178104998	609
0.00377467966820011	0.722526634113836	10
-0.07515226191443	0.461519344198087	94
-0.07663127237553	0.463841960726504	124
-0.08312180465276	0.456619894300455	609
-0.07619063428197	0.464332625195306	609
-0.1178684509346	0.822488829388086	609
0.0768037743918499	2.11254005992528	278
0.06527441686901	1.34379714284856	10
0.04289350043473	1.02736813154353	10
0.04931193601003	1.01995227576555	909
0.00156438620933996	0.719020408767362	609
0.0118669009994501	0.728075307220014	53
-0.0744856603053501	0.464150673012566	53
-0.0796550881556899	0.46018446512664	53
-0.07795608022485	0.460518488476826	53
0.00887174444885996	0.732386958014986	550
-0.07619063428197	0.464332625195306	10
-0.07795608022485	0.460518488476826	435
-0.0744856603053501	0.464150673012566	10
-0.07751813364046	0.460999123934144	10
-0.07404063292873	0.46464634975394	10
-0.07685486884792	0.464520674256509	94
-0.07232611642888	0.458605251137047	124
-0.0747085882320999	0.462007722411423	1098
-0.07663127237553	0.463841960726504	609
-0.07898873560089	0.457720047095474	609
-0.0806830970574599	2.19698949363913	295
0.06703974337095	1.351389059332	278
-0.0744856603053501	0.464150673012566	513
0.00875125678523991	0.728524381117766	10
-0.05745937561773	1.14277793857674	10
0.0646731539009899	1.35975643036564	94
-0.0744856603053501	0.464150673012566	909
-0.0759674142806299	0.460282807242908	909
0.00804178234093	0.728388309702657	150
0.00386518134589009	0.730362174541587	150
-0.0744856603053501	0.464150673012566	10
-0.07685486884792	0.464520674256509	513
-0.12050822473745	0.822345913826972	10
-0.07404063292873	0.46464634975394	909
-0.07515226191443	0.461519344198087	909
-0.07663127237553	0.463841960726504	124
-0.0712039953246699	0.459397393845691	609
0.04433691784598	1.03111792691154	53
0.0765783752535101	1.35846963016654	53
0.08137549148646	1.36557730561444	51
-0.05669729867096	1.14445059883453	51
-0.07293288224739	2.20905887639488	53
0.00463165938496002	0.723394124986539	345
-0.11918447789561	0.824232677112136	150
-0.11283768221355	1.28595359317459	20
-0.07751813364046	0.460999123934144	10
-0.07795608022485	0.460518488476826	94
-0.07663127237553	0.463841960726504	609
0.00513375611600009	0.725661881665558	750
-0.0744856603053501	0.464150673012566	750
-0.07729416019928	0.464030812177167	150
-0.07404063292873	0.46464634975394	20
-0.0744856603053501	0.464150673012566	278
-0.0733716985628601	0.462133777671899	1098
-0.11697399102033	0.829866755816836	295
-0.11274075068297	0.82177639406524	750
-0.12014659405125	0.820618144321973	51
-0.07404063292873	0.46464634975394	672
-0.0744856603053501	0.464150673012566	672
-0.07663127237553	0.463841960726504	80
0.01785836368866	0.710031184074343	94
-0.0759674142806299	0.460282807242908	94
-0.0744856603053501	0.464150673012566	94
-0.0796550881556899	0.46018446512664	129
-0.11555868093858	0.831771178104998	51
-0.00252999809452992	1.48525017834506	51
0.00734375787265007	0.726480257611812	51
-0.11485077890175	0.830603494479094	345
-0.11626641863387	0.831527950810364	150
0.0104518703985399	0.727718870410599	20
0.00648912284410996	0.72289658955396	278
0.000268214782570109	0.720638558221708	672
0.00513375611600009	0.725661881665558	672
-0.07795608022485	0.460518488476826	10
-0.0747085882320999	0.462007722411423	124
-0.07619063428197	0.464332625195306	124
-0.0528876391083499	1.14741390413227	53
0.0845523878750401	1.33826367467005	51
0.00445467967086	0.724890448382186	51
-0.11414271349702	0.827733360000518	345
0.00454401071682997	0.731144176225521	345
0.00581190513373997	0.72505210715856	20
0.00454401071682997	0.731144176225521	150
0.00454401071682997	0.731144176225521	20
-0.05066194186815	1.15758870724981	80
-0.0744856603053501	0.464150673012566	874
-0.0585087467993	1.12729063990943	295
-0.099503997495	1.2834623807146	51
0.03732400110217	1.75516886490833	51
-0.07685486884792	0.464520674256509	345
-0.07515226191443	0.461519344198087	20
-0.11274075068297	0.82177639406524	150
0.00816326525644007	0.734040558131918	150
0.00816326525644007	0.734040558131918	20
-0.07404063292873	0.46464634975394	10
-0.05424746445437	1.57855490401337	10
-0.0744856603053501	0.464150673012566	94
-0.07729416019928	0.464030812177167	94
-0.0817994549413199	0.459890984284061	874
-0.0744856603053501	0.464150673012566	874
0.10721078936956	2.38622744624221	51
0.06763355581681	1.35285567890577	150
0.00816326525644007	0.734040558131918	124
-0.07729416019928	0.464030812177167	124
-0.09817653826323	1.81884845982374	750
-0.0774968262133	0.454742268472816	20
-0.07751813364046	0.460999123934144	20
-0.07685486884792	0.464520674256509	20
-0.0759674142806299	0.460282807242908	10
-0.0718766753974001	0.459092046764703	124
-0.07663127237553	0.463841960726504	124
0.09997709877467	1.69144312769172	129
0.0493995456232199	1.02229085312009	750
0.0658498535790899	1.33157039527054	20
-0.10950349927191	1.28316881919678	273
0.0429856002484099	1.02869092299929	273
-0.0733716985628601	0.462133777671899	94
-0.10561860485543	1.81361726075349	53
-0.07751813364046	0.460999123934144	124
-0.0796550881556899	0.46018446512664	124
-0.0747085882320999	0.462007722411423	129
-0.04477419657931	1.62000460539681	20
0.07068824771441	1.36697218750171	20
-0.07729416019928	0.464030812177167	124
0.000858121471249973	0.721135873958608	181
-0.07619063428197	0.464332625195306	129
0.00157671727423003	1.49165873528482	51
-0.07751813364046	0.460999123934144	44
-0.07729416019928	0.464030812177167	1098
-0.11759019706129	0.82878503762754	273
0.0394922177086501	1.00805771451216	124
-0.07751813364046	0.460999123934144	1098
-0.04985848480624	1.15967607340068	595
0.06615305465743	1.36352186979684	124
-0.000438720257460057	0.721218899436236	124
-0.0922425512690801	2.16918634505288	51
-0.07795608022485	0.460518488476826	124
-0.11759019706129	0.82878503762754	273
-0.07552542746567	0.460766549668113	595
0.00243560141044008	0.722617328177476	124
-0.0744856603053501	0.464150673012566	124
-0.0585899489099899	1.14793433224727	273
-0.07751813364046	0.460999123934144	124
0.00463165938496002	0.723394124986539	124
-0.11003397847434	1.26137860914235	80
-0.11989319588237	0.823413300367422	124
-0.1044513996831	1.2860282454785	80
0.00250475458900001	0.722216825686463	80
0.0669295990635399	1.34478516995273	204
-0.07404063292873	0.46464634975394	124
-0.07795608022485	0.460518488476826	124
-0.11188444652954	1.275881865758	124
-0.07619063428197	0.464332625195306	124
-0.07729416019928	0.464030812177167	124
-0.11565021317444	0.824728769169963	145
-0.07663127237553	0.463841960726504	20
-0.07729416019928	0.464030812177167	20
-0.07729416019928	0.464030812177167	204
-0.00616713854770001	0.706446631756985	124
-0.0712039953246699	0.459397393845691	11
0.00327542339675002	0.72323220136473	11
0.0484079402445201	0.993722449050037	11
0.0104518703985399	0.727718870410599	20
0.00454401071682997	0.731144176225521	204
-0.07515226191443	0.461519344198087	124
-0.04672742979279	1.61356669063491	53
-0.07619063428197	0.464332625195306	11
-0.00055690505920003	0.720927200554066	145
-0.1034552891278	1.26095147863616	145
-0.10578107183958	1.28709531676527	20
0.00734375787265007	0.726480257611812	124
0.00804178234093	0.728388309702657	11
0.00513375611600009	0.725661881665558	145
0.00613374704386005	0.718541490359432	124
-0.07685486884792	0.464520674256509	875
0.034971424726	1.00862524739469	196
-0.0759674142806299	0.460282807242908	20
0.0393044203849	1.0155563793857	20
-0.07729416019928	0.464030812177167	204
-0.0759674142806299	0.460282807242908	124
-0.07729416019928	0.464030812177167	124
0.10058196393809	1.70822282554238	53
-0.07663127237553	0.463841960726504	124
0.0117482641264799	0.723574757364088	11
0.03705026122823	1.00714767367634	11
-0.07729416019928	0.464030812177167	20
0.0406323984799299	1.01774302081552	196
-0.0856488149354799	1.71616265715452	10
-0.11555868093858	0.831771178104998	20
0.0068658776858701	0.726722484656385	204
0.03415586249117	0.988165932130154	11
0.0414711811144599	1.02057579101948	171
-0.0747085882320999	0.462007722411423	196
-0.12225530187356	0.816181440416138	196
-0.0793880290296301	1.70391003832052	196
0.04860844176519	1.81961047414141	196
-0.07619063428197	0.464332625195306	124
-0.0759674142806299	0.460282807242908	124
0.0371075444909399	1.00625464219353	124
-0.11759019706129	0.82878503762754	11
-0.12438283406787	0.817307577850357	145
-0.0557566894321999	1.56889607921746	51
-0.0548281125419901	1.15416457239779	20
0.00607479709128	0.72656254858984	145
-0.07619063428197	0.464332625195306	20
-0.07619063428197	0.464332625195306	399
0.0068658776858701	0.726722484656385	20
-0.07685486884792	0.464520674256509	124
-0.10478734442409	1.27626559726949	11
-0.00055690505920003	0.720927200554066	11
0.00600611206521995	1.49884320827833	664
0.0110401629455099	0.72234347373097	145
0.00745395376443003	0.733906884256128	399
-0.07619063428197	0.464332625195306	399
-0.11565021317444	0.824728769169963	124
-0.00126565947390001	0.71855738020418	149
-0.12192453700226	0.816581152067735	124
-0.11697399102033	0.829866755816836	124
-0.07729416019928	0.464030812177167	124
-0.0796550881556899	0.46018446512664	124
-0.10542155064176	2.28446641408991	53
0.00513375611600009	0.725661881665558	11
-0.08624272317808	1.70520372801473	51
0.0392237751633799	1.00264333758503	20
0.07429544268886	1.36435424045384	196
0.04370722638643	1.02972953602529	20
0.00522191225852997	0.730516957592047	204
0.00454401071682997	0.731144176225521	124
-0.0555057504298999	1.15286066689743	149
-0.0712039953246699	0.459397393845691	124
0.00745395376443003	0.733906884256128	124
0.00945989922272994	0.726908707876507	171
-0.110308106685	1.28834078355732	20
-0.0796550881556899	0.46018446512664	124
-0.11546788328067	0.829520284639196	124
-0.11335814005064	0.828484260259448	145
-0.07685486884792	0.464520674256509	921
-0.03698151898756	2.01342165704492	51
0.00745395376443003	0.733906884256128	11
-0.10500061596799	1.29274839727607	664
-0.10510652584405	2.28223735917463	1374
0.00875125678523991	0.728524381117766	399
-0.1167925907278	0.82218940168361	20
-0.07898873560089	0.457720047095474	149
-0.0824611150621299	0.460075319194046	11
0.00386518134589009	0.730362174541587	11
-0.0536946348385701	1.14534125329195	145
0.00513375611600009	0.725661881665558	145
-0.01413149075708	1.83794537064436	20
-0.07663127237553	0.463841960726504	20
-0.07619063428197	0.464332625195306	20
-0.0817994549413199	0.459890984284061	20
-0.11494217629183	0.824973448793675	20
0.00745395376443003	0.733906884256128	124
-0.11909121003898	0.822801909189956	53
0.00386518134589009	0.730362174541587	145
-0.07685486884792	0.464520674256509	20
-0.11688292391163	0.8304422596219	20
-0.07619063428197	0.464332625195306	20
-0.12438283406787	0.817307577850357	124
-0.07663127237553	0.463841960726504	149
-0.07552542746567	0.460766549668113	51
0.00243560141044008	0.722617328177476	51
0.00445467967086	0.724890448382186	196
-0.0712039953246699	0.459397393845691	20
-0.12112355249033	0.814015487043126	124
-0.07552542746567	0.460766549668113	149
-0.07404063292873	0.46464634975394	149
-0.0464412843669699	1.14764430913637	149
0.00589888209025991	0.728312851544929	196
0.09703335133707	2.4052472209108	196
-0.05549244155414	1.14981099652475	20
-0.07663127237553	0.463841960726504	315
0.0068658776858701	0.726722484656385	149
-0.0475876881316499	1.14820912889876	560
-0.00331688852903	1.49770467332173	145
-0.07619063428197	0.464332625195306	196
0.0449662875852199	1.02210806295436	196
0.06880171171188	1.3467224543346	196
0.0777708850646099	1.36390822463981	20
-0.00114648547845997	0.720429849574687	149
-0.11485077890175	0.830603494479094	51
0.00828334195858993	0.725250770819157	20
-0.07619063428197	0.464332625195306	149
-0.07729416019928	0.464030812177167	149
-0.1062481154006	0.807485629968191	365
0.00314215986916011	0.724521991261677	51
-0.101210132941	1.27799723718367	51
0.00600611206521995	1.49884320827833	1426
-0.0718766753974001	0.459092046764703	196
0.0344519449351901	1.78849219665095	315
-0.07619063428197	0.464332625195306	149
-0.11697399102033	0.829866755816836	1331
0.00384787691805011	0.724657863574207	20
0.00454401071682997	0.731144176225521	149
-0.07552542746567	0.460766549668113	149
-0.11728839556322	1.26841586069173	149
0.00734375787265007	0.726480257611812	149
-0.00886963224581994	1.47362594914629	196
-0.07515226191443	0.461519344198087	315
-0.07663127237553	0.463841960726504	149
0.0392756199686799	1.02305588727417	149
-0.0744856603053501	0.464150673012566	149
-0.0796550881556899	0.46018446512664	149
-0.11972895357614	1.76882859546705	365
0.00734375787265007	0.726480257611812	51
-0.11089124619879	1.79918527626047	20
0.00757502611847993	0.726858655012998	196
-0.05065648583703	1.15476789080656	20
-0.0796550881556899	0.46018446512664	149
-0.07663127237553	0.463841960726504	149
-0.07663127237553	0.463841960726504	149
-0.11724773557634	0.817780308805268	560
-0.11036995509633	1.81121374137795	51
0.0117482641264799	0.723574757364088	196
-0.12296465158656	0.817772199821683	20
-0.07729416019928	0.464030812177167	20
-0.07685486884792	0.464520674256509	315
-0.07663127237553	0.463841960726504	149
-0.0744856603053501	0.464150673012566	149
-0.07619063428197	0.464332625195306	149
-0.0747085882320999	0.462007722411423	53
-0.07404063292873	0.46464634975394	51
-0.0747085882320999	0.462007722411423	560
0.0000659136900500457	2.26367541243217	51
-0.0547313686109001	1.15243917150589	315
-0.05233676010663	1.15119139182972	149
-0.11918447789561	0.824232677112136	149
-0.07685486884792	0.464520674256509	149
0.00386518134589009	0.730362174541587	149
0.04352217490786	1.01842631919781	51
0.0419270387142801	1.79664245406371	196
-0.0934482914600601	1.66249408175909	196
-0.11499334671598	1.26483381063779	20
-0.11107881915224	0.819849460288902	149
0.0393985567349699	1.01734195516207	196
-0.11555868093858	0.831771178104998	149
0.0117482641264799	0.723574757364088	149
-0.0747085882320999	0.462007722411423	149
-0.10719325539408	1.80126234174715	51
-0.11274142634245	1.27322198539117	149
-0.07729416019928	0.464030812177167	149
0.10126378912775	1.69771681328769	149
0.0436149436951201	1.03007653055771	149
0.0697371014417101	1.36659638618767	149
0.07404225953315	1.37100200048655	196
0.01316193202977	0.718466349585827	20
-0.07685486884792	0.464520674256509	149
-0.10391704107074	1.8371754564125	149
-0.07729416019928	0.464030812177167	149
0.0715737686529301	2.10703821847152	149
-0.0804099957514399	1.72869289394031	51
-0.03767884786878	1.99188637448686	196
0.0933421654267099	2.34121828872805	51
0.03781724732452	1.81286993242842	20
-0.12076611898804	0.825389968004642	20
0.09886301876159	1.70057651070202	20
-0.10912479563393	1.23937663506341	20
0.0117482641264799	0.723574757364088	149
-0.07619063428197	0.464332625195306	48
-0.0718766753974001	0.459092046764703	149
-0.07685486884792	0.464520674256509	48
-0.03332306089711	1.99939615919832	51
-0.10578107183958	1.28709531676527	20
-0.11274142634245	1.27322198539117	48
-0.08428610788683	1.72043843640863	51
0.0381563334191	1.79679517368342	51
0.04065339377532	1.00991903856181	20
0.0413759937743801	1.01151287655317	1784
-0.07619063428197	0.464332625195306	149
-0.07663127237553	0.463841960726504	149
0.12387829272349	1.99926998833626	51
-0.0508034067508301	1.14317513675504	51
-0.11265161571899	0.829563029346075	51
0.0458388004250401	1.02636836425129	200
-0.11555868093858	0.831771178104998	196
0.00513375611600009	0.725661881665558	196
-0.11697399102033	0.829866755816836	20
-0.11626641863387	0.831527950810364	299
0.11787012914191	1.99446905027365	51
0.07362799737834	1.36581955113362	51
-0.11879956206472	0.80174620957093	51
0.00745395376443003	0.733906884256128	1331
-0.07663127237553	0.463841960726504	20
-0.07685486884792	0.464520674256509	299
-0.0744856603053501	0.464150673012566	299
-0.07619063428197	0.464332625195306	1784
0.00513375611600009	0.725661881665558	51
-0.11626641863387	0.831527950810364	1426
0.00616311918023005	0.72481807174305	20
0.00576288615866005	1.90587147515823	48
-0.04839264950133	1.14950729801021	51
-0.05726359082212	1.14061066868384	51
0.00384787691805011	0.724657863574207	483
0.0954544668252999	1.67745655921588	1426
-0.11989319588237	0.823413300367422	196
0.04226450486572	1.02598956059218	167
-0.11697399102033	0.829866755816836	167
-0.11848946997023	0.816314918031118	20
-0.0747085882320999	0.462007722411423	299
-0.07729416019928	0.464030812177167	48
-0.09870957889594	1.29010200689904	51
-0.00545787958285993	1.45302257376951	51
0.04728081851141	1.02876396932112	51
0.00243560141044008	0.722617328177476	51
0.06669891883887	2.08979136375662	483
-0.05112865324578	1.60557298188798	1426
-0.0542157803686101	1.15481207647417	20
0.00513375611600009	0.725661881665558	167
0.00986332998428008	0.720707810834825	688
-0.07898873560089	0.457720047095474	549
-0.0759674142806299	0.460282807242908	51
-0.07381808162839	0.461642678393369	200
-0.07729416019928	0.464030812177167	483
-0.07751813364046	0.460999123934144	196
-0.0824611150621299	0.460075319194046	167
-0.0824611150621299	0.460075319194046	48
0.0356019785097701	1.00248179318036	51
-0.0759674142806299	0.460282807242908	51
0.0693273457068599	2.10340210282412	51
-0.0718766753974001	0.459092046764703	483
-0.07663127237553	0.463841960726504	167
-0.07751813364046	0.460999123934144	20
-0.08823972966525	1.70047261257883	549
-0.07685486884792	0.464520674256509	549
-0.07795608022485	0.460518488476826	48
-0.05679650982153	1.14166474841006	51
-0.10631021375938	1.28792993415773	51
0.124743101461	2.00135472391975	51
0.0708102520932901	1.36178422534843	51
0.0988002434730499	1.71358651689065	51
-0.11697399102033	0.829866755816836	483
-0.07381808162839	0.461642678393369	299
-0.11748189564058	1.2640891743279	51
0.000151023150400054	0.721716938958027	299
0.00455274882065004	0.723054786609415	299
-0.07404063292873	0.46464634975394	299
-0.0733716985628601	0.462133777671899	648
-0.07663127237553	0.463841960726504	48
-0.07795608022485	0.460518488476826	797
0.09829220457872	1.70046776229607	167
0.0117482641264799	0.723574757364088	48
-0.07685486884792	0.464520674256509	48
0.06049917654369	1.32945615091447	48
-0.03315781317342	2.32542036476929	483
0.00445467967086	0.724890448382186	299
-0.00745020435277999	1.46843693124756	48
0.00386518134589009	0.730362174541587	424
-0.07751813364046	0.460999123934144	424
-0.07685486884792	0.464520674256509	424
0.0468771126310199	1.832309833673	51
-0.12121646912878	0.820264876353278	51
0.0428009150961699	1.01370842506206	167
-0.05416412130659	1.15302152766194	20
-0.05460728282436	1.14054269771983	167
-0.07552542746567	0.460766549668113	253
0.0477583093916301	1.81249066182216	167
-0.12050822473745	0.822345913826972	382
0.0737674460794	1.36525514250292	48
0.0768037743918499	2.11254005992528	106
0.00454401071682997	0.731144176225521	424
0.0049080124635501	1.50229393345778	48
0.0458388004250401	1.02636836425129	53
-0.10944657620984	1.29044204130167	51
0.00804178234093	0.728388309702657	832
-0.05549244155414	1.14981099652475	20
-0.11697399102033	0.829866755816836	167
-0.11036171081971	1.28349552694874	167
0.12458016396825	2.01123852472927	51
-0.00731140247119999	1.46704268746215	244
0.0508519820393101	1.80534988035625	51
0.04421637384069	1.8116840476118	244
0.04289350043473	1.02736813154353	51
0.0730605577441501	1.34289934154564	51
-0.00941772760999005	1.4740424420791	106
0.00478486522386001	1.49626910153077	167
-0.07685486884792	0.464520674256509	382
-0.0534083407833299	1.15520673248075	51
-0.08032046087545	0.457595452936098	382
-0.07663127237553	0.463841960726504	382
-0.07729416019928	0.464030812177167	106
0.00887174444885996	0.732386958014986	382
-0.0733716985628601	0.462133777671899	382
-0.11989319588237	0.823413300367422	53
0.00887174444885996	0.732386958014986	106
0.0118669009994501	0.728075307220014	382
0.0039540055065399	0.724000730214971	382
0.00513375611600009	0.725661881665558	20
-0.07619063428197	0.464332625195306	106
-0.12163636257783	0.811541781707049	167
0.0233292997694801	2.14501440983175	167
-0.11494217629183	0.824973448793675	167
0.06921236690559	1.36302953945848	167
-0.08312180465276	0.456619894300455	382
0.00445467967086	0.724890448382186	20
0.04370722638643	1.02972953602529	106
-0.11759019706129	0.82878503762754	382
0.00581190513373997	0.72505210715856	244
0.07215423999959	2.08927748683884	106
-0.07751813364046	0.460999123934144	244
-0.07404063292873	0.46464634975394	106
-0.07552542746567	0.460766549668113	253
-0.11274075068297	0.82177639406524	48
0.10031674397697	2.38442867431824	244
0.0729164975891501	1.33616623320245	244
0.000689400496830084	1.49400014357045	1595
0.000240563186580056	1.49175163555196	167
0.0753839196397501	1.36799053257433	48
0.0428428879624301	1.02298539614826	53
-0.11697399102033	0.829866755816836	167
0.00327542339675002	0.72323220136473	167
0.06892926623401	1.36459154842111	167
0.0406323984799299	1.01774302081552	48
0.0405365764864101	1.82320846422969	51
0.0264410392766801	2.18398790845933	483
-0.07685486884792	0.464520674256509	167
-0.11617548566236	0.830684994706267	167
-0.07685486884792	0.464520674256509	48
0.0574524135641199	1.31723920082571	167
-0.0547161191541601	1.56371985441677	139
-0.12014659405125	0.820618144321973	51
-0.00055690505920003	0.720927200554066	106
-0.1223460115714	0.813103450055557	244
-0.11584861933308	1.26010896644273	167
0.00745395376443003	0.733906884256128	253
-0.11979980473609	0.823163404864463	244
-0.0031823422675501	1.46414143983525	483
-0.11847558500539	0.823870185922236	167
0.00695048587833003	0.718406713269127	244
0.04433691784598	1.03111792691154	244
0.00279951833627989	1.49001091729419	244
-0.0535901064580699	1.14398106090069	244
0.00745395376443003	0.733906884256128	51
-0.11635808453915	0.823096599604635	139
-0.11565021317444	0.824728769169963	106
-0.0579266096247599	1.14938153035689	106
0.05345879863494	1.00007364257583	167
-0.12438283406787	0.817307577850357	1099
-0.0733716985628601	0.462133777671899	244
-0.05722584733393	1.13667758820152	106
-0.10830491562699	1.28250681159038	338
0.0039540055065399	0.724000730214971	167
0.00616311918023005	0.72481807174305	167
0.04505942289481	1.03060043826884	167
-0.11397583016577	0.827408068616722	167
0.0625396157652201	2.48690336287769	139
-0.11315786601605	2.24244365957961	139
0.10404536215158	1.70019075696955	338
-0.05184508736506	1.14341946162164	244
0.03584319709717	2.20467117232162	112
-0.05079893257805	1.15486205670853	139
-0.1170657894254	0.819773625916108	106
-0.07404063292873	0.46464634975394	106
-0.07729416019928	0.464030812177167	338
-0.07404063292873	0.46464634975394	20
-0.00520477096493011	1.49146510726562	338
0.00745395376443003	0.733906884256128	53
-0.11217175451552	1.28479165876622	244
0.00534447389230008	1.49671065192645	106
0.04065339377532	1.00991903856181	167
-0.0539454062433999	1.15353299725011	338
0.00511819733981	1.49509840276077	338
-0.0514647121526599	1.15360090264901	106
0.06475896874646	1.34913449116443	167
-0.11748189564058	1.2640891743279	338
0.00386518134589009	0.730362174541587	400
0.00695048587833003	0.718406713269127	410
-0.11419297521589	0.811665896975772	167
-0.0460760804882101	1.62152248728863	48
-0.05679650982153	1.14166474841006	391
-0.08007102854986	1.71850583735044	410
-0.07751813364046	0.460999123934144	410
-0.0744856603053501	0.464150673012566	167
-0.0521263364050999	1.15474316498536	244
0.00327542339675002	0.72323220136473	112
0.04504325250998	1.82912392266824	167
-0.07685486884792	0.464520674256509	48
-0.08145770621295	1.70944762238226	391
-0.0589655060943299	1.56800562266384	112
0.0104518703985399	0.727718870410599	410
-0.05689589208674	1.12839910198887	106
-0.12147393938669	0.823742638059941	106
-0.10313152744183	2.28658722317396	48
0.00259591692705996	0.720878278886765	48
-0.0519857669302299	1.15436868547081	400
0.0697371014417101	1.36659638618767	391
-0.07685486884792	0.464520674256509	244
-0.0747085882320999	0.462007722411423	1505
-0.0031799576176601	0.705326614129475	167
-0.07795608022485	0.460518488476826	167
0.06386254910918	1.3559181764844	391
-0.04985848480624	1.15967607340068	391
0.0449519300108701	1.01333755206138	391
0.0389741840987301	1.79239267213003	139
-0.07795608022485	0.460518488476826	112
-0.11688292391163	0.8304422596219	48
-0.07663127237553	0.463841960726504	400
0.0428428879624301	1.02298539614826	167
0.0646731539009899	1.35975643036564	51
0.00259591692705996	0.720878278886765	410
-0.11778304162823	0.817372681214975	167
-0.12014659405125	0.820618144321973	167
-0.07685486884792	0.464520674256509	167
0.0429311388509299	1.01514075303532	48
-0.05888372944719	1.13541777976087	410
0.01715414462292	0.7046564595882	106
-0.11697399102033	0.829866755816836	106
-0.11555868093858	0.831771178104998	320
-0.11448552925227	1.25148201217698	244
-0.11565021317444	0.824728769169963	51
-0.0759674142806299	0.460282807242908	48
0.05066432087379	1.0148725470011	266
-0.11097411502815	1.28950989881816	102
-0.12060173805133	0.821327298216983	102
-0.07619063428197	0.464332625195306	48
0.0104518703985399	0.727718870410599	51
-0.07898873560089	0.457720047095474	51
0.00318542801638011	0.727955576198877	410
-0.07685486884792	0.464520674256509	167
0.00513375611600009	0.725661881665558	244
-0.12060173805133	0.821327298216983	244
0.00314215986916011	0.724521991261677	51
0.00816326525644007	0.734040558131918	266
0.00875125678523991	0.728524381117766	51
-0.07751813364046	0.460999123934144	51
-0.11626641863387	0.831527950810364	102
-0.07663127237553	0.463841960726504	167
-0.12121646912878	0.820264876353278	320
0.00695048587833003	0.718406713269127	48
0.07000395513703	1.35344070716224	244
0.00875125678523991	0.728524381117766	51
-0.0471034906483001	1.15811650536142	266
-0.07404063292873	0.46464634975394	266
0.00259591692705996	0.720878278886765	51
-0.12367382929761	0.818123477249889	20
-0.07685486884792	0.464520674256509	462
-0.000438720257460057	0.721218899436236	167
-0.1134474197977	0.818914155531719	48
-0.07685486884792	0.464520674256509	48
0.0449662875852199	1.02210806295436	244
-0.1220934666848	0.817519687426178	244
-0.1199873053512	0.814706170713407	51
0.00875125678523991	0.728524381117766	51
0.00513375611600009	0.725661881665558	102
-0.07751813364046	0.460999123934144	462
0.00455274882065004	0.723054786609415	1741
-0.0744856603053501	0.464150673012566	167
-0.0552711765252201	1.1436560943797	51
-0.11565021317444	0.824728769169963	51
0.00755586634482008	1.49674689664624	462
0.0124555217381701	0.722702748116225	462
-0.00631737492169004	1.48747797090505	244
0.04074838879969	1.02032087884928	51
0.00513375611600009	0.725661881665558	266
-0.07404063292873	0.46464634975394	102
-0.0747085882320999	0.462007722411423	462
0.12378772951804	2.02266385779704	320
0.04433691784598	1.03111792691154	320
-0.0555057504298999	1.15286066689743	320
-0.07751813364046	0.460999123934144	48
0.00745395376443003	0.733906884256128	48
-0.11829730415099	0.825404315402269	48
-0.0475045547891699	1.5964438904959	51
0.0697371014417101	1.36659638618767	102
0.0357874414897099	1.00534469168523	48
0.0698791557940901	1.36838144939513	48
0.0400261352412199	1.01869891010591	320
-0.0555887733495499	1.14971917759282	266
-0.07685486884792	0.464520674256509	462
-0.11256322869182	0.827954037268072	167
-0.07829393728109	1.71957688622464	51
-0.11635808453915	0.823096599604635	51
0.00259591692705996	0.720878278886765	114
-0.0744856603053501	0.464150673012566	48
-0.07404063292873	0.46464634975394	320
-0.11778304162823	0.817372681214975	114
-0.0733716985628601	0.462133777671899	320
-0.07515226191443	0.461519344198087	320
0.00828334195858993	0.725250770819157	48
-0.1199873053512	0.814706170713407	167
-0.12163636257783	0.811541781707049	167
0.00325750397276003	0.724158010353504	48
-0.11397583016577	0.827408068616722	114
0.0406323984799299	1.01774302081552	266
0.0111598076314099	0.728969790168013	410
0.00616311918023005	0.72481807174305	167
-0.12447392156676	0.810596563539561	167
0.00445467967086	0.724890448382186	48
-0.0319903187295201	2.36289223094876	244
-0.05227042700539	1.15002871784374	244
-0.0663745764141299	1.71781416256835	244
0.04505942289481	1.03060043826884	244
-0.06182222164334	2.08569388691986	51
-0.07685486884792	0.464520674256509	51
-0.0817994549413199	0.459890984284061	167
-0.07751813364046	0.460999123934144	320
-0.0712039953246699	0.459397393845691	320
-0.07663127237553	0.463841960726504	48
0.0379855732586301	1.7802632808647	244
0.0675002680989001	1.35191256291396	244
-0.0521856008483099	1.13031082823428	266
-0.07404063292873	0.46464634975394	114
0.0436149436951201	1.03007653055771	51
0.10215116544791	1.70122817231759	114
-0.07685486884792	0.464520674256509	266
-0.11476011774015	0.826657285978315	410
-0.12278339951745	2.32666414018185	48
0.00463165938496002	0.723394124986539	320
0.00589888209025991	0.728312851544929	320
0.00816326525644007	0.734040558131918	320
-0.10830216234123	1.26586585023604	51
-0.0559700705042301	1.14370914478459	114
-0.00114648547845997	0.720429849574687	266
0.04433691784598	1.03111792691154	167
-0.0474840718369001	1.14273536266181	48
-0.0733716985628601	0.462133777671899	320
-0.07751813364046	0.460999123934144	320
-0.11555868093858	0.831771178104998	320
0.01356762446862	0.713299477826592	320
-0.04821005082206	1.6015754109327	139
-0.11404049513373	1.26866630692614	106
-0.1192784656622	0.816754363675922	114
-0.0527081286362201	1.58118074341475	48
-0.11749972927205	0.821945996226353	114
0.00683804893060991	0.71976461693437	48
0.04728081851141	1.02876396932112	48
-0.07729416019928	0.464030812177167	106
-0.0796550881556899	0.46018446512664	167
-0.12305548835896	0.813444568398379	167
-0.07663127237553	0.463841960726504	167
-0.0824611150621299	0.460075319194046	167
-0.11617548566236	0.830684994706267	106
-0.10763971402564	1.28900939807714	51
-0.04904477168695	1.59469699640044	51
0.09187012191884	2.37269490328113	51
-0.10929258656504	1.25953607100331	51
-0.0493268135757201	1.14740692977341	715
0.03782970268344	1.01559565074618	61
-0.11565021317444	0.824728769169963	51
0.00804178234093	0.728388309702657	167
-0.12060173805133	0.821327298216983	167
0.0607119144442601	1.32472017709762	51
-0.11918447789561	0.824232677112136	51
0.00887174444885996	0.732386958014986	51
0.0067535686531599	0.731963105910918	167
0.00683804893060991	0.71976461693437	48
0.00377467966820011	0.722526634113836	715
0.0118669009994501	0.728075307220014	48
0.00599799530257994	0.716049410859374	61
-0.10782718905687	2.27185136678202	51
-0.1149466966634	1.25959403685672	51
0.0351007982388301	1.79085827881431	51
-0.0774309582346	1.70223679345437	51
0.00196304628249	1.91281702451318	51
0.0068658776858701	0.726722484656385	61
-0.00343592332881992	1.90811864286197	51
-0.05563777132444	1.57021248403701	167
-0.07765628181165	1.71787268861522	167
0.0458388004250401	1.02636836425129	48
0.00120089231796006	1.92966325499776	51
-0.10963982675761	1.80396225352521	51
-0.0508299089078601	2.43881204881899	51
-0.04299855521042	1.60789191973406	51
-0.07663127237553	0.463841960726504	33
-0.0497068214986001	1.52955462776547	48
0.0411228700922801	2.21703297430749	51
0.02785056697527	2.19032932590334	167
0.0429856002484099	1.02869092299929	167
-0.11494217629183	0.824973448793675	167
0.0408239063115901	1.01177057542921	48
0.00804178234093	0.728388309702657	51
0.06438882958153	1.34090164650266	51
0.0067535686531599	0.731963105910918	51
-0.0921393124063099	2.17448310779665	48
-0.00986169419971006	1.45883231134683	167
0.00212621570344007	2.20743540083366	51
-0.11459382129382	0.819016590597169	51
-0.0712039953246699	0.459397393845691	167
0.000151023150400054	0.721716938958027	48
-0.07663127237553	0.463841960726504	798
0.0611042529811201	1.32803215404736	51
-0.0548281125419901	1.15416457239779	51
0.01474572227591	0.714898856852301	48
-0.12225530187356	0.816181440416138	48
0.00745395376443003	0.733906884256128	798
0.00454401071682997	0.731144176225521	48
-0.0747085882320999	0.462007722411423	48
0.04505942289481	1.03060043826884	798
-0.07729416019928	0.464030812177167	51
-0.07619063428197	0.464332625195306	48
0.0356949481287401	1.01174186501422	48
0.10984946305257	1.71194383615467	51
0.0704031302931401	1.35353692767971	51
-0.11140041128455	0.808259470323947	51
0.0067535686531599	0.731963105910918	48
0.04226450486572	1.02598956059218	48
-0.0527386335442701	1.14516775789497	48
0.0386771884948001	1.01420746564598	51
-0.11326960654555	0.828484301249648	167
-0.1118350341329	1.28562918026609	167
-0.07381808162839	0.461642678393369	167
-0.07685486884792	0.464520674256509	167
0.03782970268344	1.01559565074618	167
-0.12438283406787	0.817307577850357	1429
-0.11055445062427	1.28417667114764	61
-0.1173161093935	1.78512158785707	1429
-0.07381808162839	0.461642678393369	48
0.00666473839308002	0.721181555771543	63
-0.07751813364046	0.460999123934144	48
0.06248109157064	1.33339986842549	63
0.00734375787265007	0.726480257611812	63
0.00513375611600009	0.725661881665558	167
0.00745395376443003	0.733906884256128	48
-0.07729416019928	0.464030812177167	952
0.0386771884948001	1.01420746564598	63
-0.0786279588701	1.73517700170642	167
0.00666473839308002	0.721181555771543	1245
0.06102489085215	1.34019527116951	167
-0.12255343081775	1.93524766796957	1597
0.0111598076314099	0.728969790168013	48
0.000858121471249973	0.721135873958608	1245
-0.0747085882320999	0.462007722411423	395
0.0677779692595699	1.36247850821559	1245
-0.0747085882320999	0.462007722411423	1245
0.0513853445200101	1.0162076413828	1597
-0.07404063292873	0.46464634975394	48
0.04370722638643	1.02972953602529	395
-0.0561339806686301	1.13144619797507	395
0.00683804893060991	0.71976461693437	1245
-0.0537294364734	1.13628218597115	395
-0.0824611150621299	0.460075319194046	1245
-0.11485077890175	0.830603494479094	61
0.04511857531845	1.022052910385	61
0.00683804893060991	0.71976461693437	61
0.0725661612586399	1.37312710618778	395
-0.0838738127657099	1.72040139583002	48
-0.05227042700539	1.15002871784374	395
-0.11494217629183	0.824973448793675	1245
0.00255195120164009	0.724022154570055	1245
-0.10519665893634	1.81688348063055	114
-0.00354247216088011	1.49303337652967	395
0.0465595481678101	1.02847494050688	48
-0.11888220253023	1.92115190947504	395
0.04782145984835	1.02090721841947	395
0.04130931116474	1.00157878834982	395
-0.07685486884792	0.464520674256509	61
0.06527441686901	1.34379714284856	395
0.06475896874646	1.34913449116443	395
-0.07751813364046	0.460999123934144	395
-0.11759019706129	0.82878503762754	61
-0.07404063292873	0.46464634975394	61
-0.07685486884792	0.464520674256509	395
-0.0747085882320999	0.462007722411423	395
-0.12246460690058	0.804101261367002	395
0.04212003646427	1.02088669062132	395
-0.0747085882320999	0.462007722411423	274
0.0436149436951201	1.03007653055771	395
-0.11335814005064	0.828484260259448	48
-0.0824611150621299	0.460075319194046	61
0.01486247107114	0.720319656247383	395
-0.07663127237553	0.463841960726504	61
0.10353115468317	2.4128444661404	48
-0.11499278724918	2.4877079734436	395
-0.10347110026291	1.27956430704617	395
-0.12156267073473	0.815684630147646	395
-0.10573530565921	1.27759473643724	395
0.0104518703985399	0.727718870410599	61
0.10585671764387	1.7171099625092	395
-0.0526226104887999	1.15675302907646	61
-0.07795608022485	0.460518488476826	61
-0.03845289869352	1.61447230477068	395
0.07046355605918	1.36812426364595	61
-0.11194493694313	0.829031366630746	274
0.00745395376443003	0.733906884256128	61
-0.07751813364046	0.460999123934144	61
-0.12085471457038	0.818991491883299	61
-0.07729416019928	0.464030812177167	170
0.00384787691805011	0.724657863574207	170
0.00445467967086	0.724890448382186	61
0.00386518134589009	0.730362174541587	61
0.00607479709128	0.72656254858984	61
-0.10984135798426	0.814382580727314	534
-0.00164492790552995	1.48565661026592	61
0.0471906654323899	1.02985864427833	61
0.00581190513373997	0.72505210715856	61
0.03705026122823	1.00714767367634	61
0.000268214782570109	0.720638558221708	534
-0.07663127237553	0.463841960726504	534
-0.04092594962311	1.99705492304136	61
-0.11256322869182	0.827954037268072	61
0.0443524058239899	1.81503270846916	61
0.04800261141567	1.02724021061634	61
0.0732332329979499	1.37163419002553	61
-0.0733716985628601	0.462133777671899	61
-0.0824611150621299	0.460075319194046	61
0.10206656181794	2.39081154208753	61
0.00327542339675002	0.72323220136473	61
-0.07751813364046	0.460999123934144	534
-0.0744856603053501	0.464150673012566	534
0.00734375787265007	0.726480257611812	1244
0.060146897826	1.3283896430954	61
0.00745395376443003	0.733906884256128	534
-0.0517474438766401	1.13689830484244	1244
0.06081707642778	1.32102063201965	1244
0.00445467967086	0.724890448382186	1244
-0.12147393938669	0.823742638059941	61
-0.07619063428197	0.464332625195306	61
0.00513375611600009	0.725661881665558	534
0.04630969926698	1.0108162217978	534
0.04433691784598	1.03111792691154	61
-0.0733716985628601	0.462133777671899	1244
-0.05052036621249	1.16083457206661	61
-0.11261645797753	1.26696076675695	534
-0.10763971402564	1.28900939807714	1484
-0.00385451594973008	1.48667978102556	61
-0.07515226191443	0.461519344198087	61
0.04752374283523	1.82796679773127	61
-0.07685486884792	0.464520674256509	61
-0.0726367992324399	1.71984441166193	61
-0.11097411502815	1.28950989881816	61
-0.07729416019928	0.464030812177167	61
-0.0824611150621299	0.460075319194046	61
-0.0817994549413199	0.459890984284061	1011
-0.11697399102033	0.829866755816836	61
0.0068658776858701	0.726722484656385	61
-0.03055231606755	2.02524775821719	167
-0.12088089398073	1.91580012102494	167
0.00548459572376991	0.719542116694175	167
0.0110401629455099	0.72234347373097	167
0.0725661612586399	1.37312710618778	167
-0.0733716985628601	0.462133777671899	167
