x	y
0.764613360763942	0.734277668014366
1.06398238088946	1.07803258082153
0.798996543766899	0.938626571623022
1.06981045516572	1.20480713429875
1.16970067340172	1.61063790676057
0.900362281187352	1.0864383488656
-0.639340428724286	0.588633962348684
0.19955558792006	0.161972805998331
0.398701507949316	0.337059005694527
0.515952095887611	0.542251903118793
0.438245010380319	0.346866851514019
0.421812431060814	0.347310488608405
0.319059905658222	0.241892559052875
0.12003971960471	0.0879778375319
0.321320192877836	0.252332412462568
0.649833660310998	0.889156833936174
0.207137900989235	0.210669635765245
0.553067749674382	0.554042414647458
0.418026813768917	0.428417568676025
0.291853122918452	0.248781264234977
0.119728998496118	0.0875048649101686
-0.658377018321093	0.648289788741019
0.386683701969084	0.348997517207398
0.494331927286737	0.451107734963599
0.444350149507679	0.438728529895608
0.459586427454467	0.347762876575337
0.811425162633558	0.760632980656445
1.05054086285249	1.56838912578291
0.685872893644532	0.680307557335702
0.714279290793183	0.887039224327511
0.19922778909186	0.171499226902559
0.206125287518092	0.169579202090897
0.773859082485322	1.1715516778509
0.508112639616821	0.522122433987408
-0.260676150184153	0.22627586045666
-0.71792859961946	0.7430988491111
0.209056737194789	0.165810443573064
0.405785704984819	0.425708289038991
0.359711823551487	0.340791496894668
0.20690352935413	0.188280459432823
0.249767528826826	0.309347799095945
0.198544385064034	0.209623928171692
0.193760354821979	0.17922595320362
0.0113240422100953	0.00899318631442964
-0.0267503487955193	0.0193900634641572
0.76454107389455	0.914580918597635
0.736858502060472	0.892283771406018
0.450683199992967	0.509582381377468
0.485812554197386	0.680899183614817
0.666113845577003	0.763765696924749
0.459029199145883	0.439997870362682
0.805907750841113	0.94674183138029
0.360806528572834	0.339215123439391
0.27249496780522	0.258810935274925
0.381873279074069	0.330482231533234
0.214694069425029	0.176290389949399
0.455912164282806	0.347756496334311
1.78698443466275	1.81197997778989
0.35278530231189	0.326723402535773
0.0742035438889615	0.0604409348966901
-0.0115089093373895	0.00696344434851522
0.00830761476727938	0.00550829236861898
0.639677654246684	0.653528917388087
0.472016236173318	0.443019569705464
0.487635080545353	0.356194698840289
0.404156879480573	0.425067647167163
-0.0722225667171387	0.0645100312628127
0.250878745809576	0.261889017451889
0.11730135125355	0.126254074173753
-0.164081034337716	0.148377879016477
0.120983185792124	0.0888751847249514
-1.02535418058067	1.33659731307504
0.868931997894474	1.06821951360116
0.201267666295734	0.208130434154907
0.329237922367302	0.338587043581727
0.695152684430767	0.951568633919431
0.648454912344698	0.594928271682549
0.121013915564126	0.0968322178521012
0.319194699487929	0.251722164494364
0.449922874416143	0.429859030883546
0.696192666924731	0.502919513772512
-0.091693371279311	0.0618916211451469
0.335176335501049	0.244697414150024
0.76921595646116	0.743409976283352
0.577640386207857	0.567702654352447
0.426973518164117	0.353592830160788
0.479308888844161	0.345529343231404
-0.132396775639997	0.0846687177939957
0.213209170732588	0.154327774776282
0.174810057121514	0.228853070738541
0.52736955391149	0.363738502790607
0.600168231188255	0.480806159522275
0.567717383415911	0.374818508041416
1.0201860705628	0.720949705187481
0.222654958857173	0.147828439981195
-0.0632718202925503	0.0343751695965343
1.06474696908559	1.10101158751837
0.381849407416564	0.238640754622968
0.772425944413016	0.523248937685302
0.291914130840704	0.372508649735699
0.424655008266209	0.692739616020385
-0.016871633644194	0.0169918071493173
0.0367377199028382	0.0352060100167603
-0.00741916675491848	0.00555285392632329
0.526320206356995	0.367083252377193
0.533265155118245	0.457646644615747
0.322457695044515	0.330680638882375
0.120519430447783	0.121568615864692
0.246862715237669	0.127421680572852
0.0747907587821715	0.0399316428145875
-0.56149377804356	0.478764985626592
-0.58094364020256	0.437874496063263
-1.00755934625531	0.736444591020435
-0.0130163904627004	0.00784588332865898
0.82793848261862	0.429456469619633
0.564736717452479	0.465331825427419
-0.628181118002807	0.401816447549359
1.31613943500159	0.947514482992426
0.0881686416069158	0.0525014589262323
-0.0366183151293699	0.0207183863522015
0.362404348166953	0.70490044884934
0.219729724993769	0.137073242124044
-0.225433223690004	0.0823166779763055
0.249658619048591	0.12886580712149
1.00560735796226	0.586173084074506
0.2368262575016	0.13295795023061
0.0673088119286915	0.0304008574060924
-0.278447314072033	0.0909858814946256
0.611944682065797	0.275100761621018
0.376915496472879	0.144924322131113
-0.0686600148973925	0.084764189556237
-0.303633925783381	0.56890721219333
0.217168731229706	0.370044914103413
0.0496415927278506	0.0569973410029283
0.309386620892837	0.241814262502764
-0.364157981539872	0.233457602247276
0.703203400007904	0.51415767366481
0.322158287342664	0.139440863095662
1.2051639691941	0.635433570889033
-0.864631292294988	0.472469024099198
0.62296926515137	0.379451670515644
0.368524732410122	0.14326470900734
0.315727541105804	0.136457985534746
0.517618871973526	0.251486000232133
-0.878699348088675	0.581833433401845
-0.389457563445465	0.113252691370962
-0.738973299644153	0.44274726429536
-0.683378602783461	0.332876592709258
0.533223864970038	0.260035746309893
1.01587886410541	0.7166329849412
0.142651514155489	0.124270029264278
0.292921780082653	0.340886649482888
0.20489923950801	0.252646567568764
0.380174771492132	0.235289242107941
-0.147529751410555	0.065550016337153
0.62026020438342	0.280522434534129
0.52828749674745	0.36787903769192
0.0779077110491222	0.0287506178142342
1.14772139181623	0.885210993136873
-0.021778383905454	0.018419333634777
0.321774915717911	0.452123982500203
0.161843640346269	0.217036512730521
-0.338927721736305	0.487889438334746
-0.123655820642828	0.137282212903686
0.0348283345262647	0.0250497228020161
0.438895829892738	0.3503582435273
0.744405420990725	0.985018154157276
0.512445527852185	0.35166712028036
3.10764603460196	2.3673349714227
0.482054801718419	0.347247495360791
1.44549249969731	1.14263138401284
-0.0249872444543908	0.0146515415601956
1.20317140615058	0.635424564194832
0.566441705450278	0.372070155222235
-0.182779101288822	0.0736825016878202
0.569825333072547	0.372557026537635
-0.635931819326634	0.409219284389913
0.901691132481765	0.67541739967593
1.00993614113334	0.589900065020611
2.30172167834504	1.11374868557319
0.869846856864567	0.550112027686204
0.726500435160654	1.05536027892101
-0.0987040533872474	0.10868332134349
0.204940763226797	0.263844262665028
0.331879433333449	0.241909166867659
0.48546546169439	0.353861795239468
0.611439108012827	0.586194847447688
-0.0914953167037921	0.0470377910442445
0.518664007283732	0.462379241682104
0.342069201047195	0.248729955185611
-0.31572513313449	0.209103215288861
0.403041669582657	0.342253781049685
1.32492590920323	1.64557109683729
0.328760576035926	0.238672342741958
0.12737092132583	0.137973707985453
0.796913980550965	1.27332102716205
-0.332280676139772	0.39170441404349
0.91265718536294	1.88055469355572
-0.44571123206072	0.633622587041693
0.425775615422684	0.52003041232758
0.567380472117134	0.642502364648313
0.770481554696041	0.838978866249126
0.379220358536797	0.348406935893646
0.210623873765653	0.152427234735385
-0.856108848429068	0.992615852648338
-1.18012092781484	0.813622165240879
-0.00799584217033182	0.00476165247917373
0.542784723473506	0.467022784368049
1.25434970986349	1.34461266659329
0.70010540915649	0.507596810852582
0.205405653310105	0.141108915772754
-0.00734379946309983	0.00448946348812393
0.627043180067983	0.384236605129731
0.269678066973974	0.262393455100019
0.327662498153589	0.358287144316324
-0.434192430117082	0.445977369441653
-0.769369242821501	1.36351226381898
0.387107292583231	0.423579968387879
1.77346606843024	3.74038023677178
0.0564429289629503	0.0433035784785835
0.213695773386809	0.170745307580723
0.121904983028636	0.0871186467200611
0.151329713498401	0.142424407271239
0.416407133569609	0.413290667800401
0.407185640941226	0.428621351106045
0.533324386621371	0.54872091881028
0.105533197492085	0.0682472376371913
0.372332990327246	0.344525760069001
0.411416211015403	0.351480775819422
0.47020140387444	0.599572175211014
0.20441813685268	0.166080834723373
0.121139276448962	0.089497719234075
0.133943916460451	0.113814921154645
0.253907088033653	0.292772247127455
-0.154656364027433	0.164182352977779
-0.30439121714758	0.284045531985752
0.406414081512448	0.411034757389301
1.00673430544858	1.64199592636856
1.37536365977579	2.35741997854967
0.42395215521243	0.491574283621944
0.403659038400617	0.338417936060517
-0.201612225429962	0.182570298780037
-0.442193017166194	0.489051215229129
1.12280228265801	1.86333500545027
0.0429606405788445	0.031078188331024
0.123858210038525	0.088423891941175
0.423565629430112	0.434203232846394
0.143846541039888	0.11986381221365
0.889609529533923	1.17732824231955
-0.0904430512135493	0.0715746248818056
0.493428744160783	0.524316218044506
1.01022610734125	1.06858839632191
0.272030935582413	0.265007273891193
0.551989236973879	0.923954277662542
-0.132843199686168	0.12845831521122
-0.115213946495777	0.110115122549674
-0.471763588662614	0.606855548596638
-0.34987890471803	0.410723509356909
0.0298342765011951	0.026190429127864
0.451013958771024	0.50598795002341
-0.541567174604591	0.817378724322745
0.153385580314711	0.150572503290263
0.162564562260417	0.16288146796606
0.204192828440044	0.190689376312551
-0.00496981551327002	0.00421594168755279
0.211005190126411	0.173462357524697
0.69478485885768	0.851177336105909
0.137773448941991	0.121802402216208
0.204050201808072	0.181236028724221
1.41754817746993	2.17721068668553
0.629120352856338	0.581879815158704
0.324453994221538	0.424118941943287
-0.143009453616848	0.141026289826851
0.305958605246585	0.351153188738216
0.282401133800591	0.255699553076845
0.47515108200589	0.60843331738801
0.563632385177522	0.72034565214574
0.280396276559893	0.266100727664164
0.360846501151991	0.32876897434277
-0.605064257281756	0.686020622095602
0.00621701440189247	0.00439371411061202
-0.456935200380334	0.439787736012162
0.485298427752025	0.526066193166439
0.207736316816903	0.171204379334535
0.343574249031048	0.331074471562318
0.395805870653581	0.573848399730735
0.0153582907653065	0.0147182042198114
0.649931509653832	1.00657979109772
0.494838488161303	0.596367518799954
-0.148322204177979	0.159183671553941
0.713465845990531	1.12340901878321
0.0315058727417279	0.0288893779553756
0.16781053936757	0.189061221189547
-0.357346785248545	0.42365973886377
-0.0993499460309107	0.0786047919153504
-0.0232801663443727	0.0219782917777011
0.557934246498354	0.798076918161285
-0.24420644365245	0.278777523491098
-0.0287077393115152	0.0263760214373539
0.692810754365238	0.945497042104923
0.891624307484845	1.17800794667425
0.680115650186303	0.614487701506868
0.390690104581387	0.41738905937052
-0.0016000598046322	0.00129982969236108
0.573944902163727	0.55981556710961
0.606914257933407	1.06032129488236
0.389014383693004	0.585934524049475
0.870393458059818	1.43029573215732
1.00468988532066	1.77829267637114
-0.0220541679168442	0.0159740047422887
0.294730785368543	0.39463633290635
0.0485549605945665	0.0432507747515329
0.191280841548587	0.18052317350449
0.663224175906571	0.851280642842822
0.10844971028536	0.0743773144521878
0.201784895493037	0.169290040101162
0.0209012190360529	0.0167362832759179
-0.0755191304083857	0.0675228461595925
0.498289035362136	0.514277917280723
0.0403688782018899	0.0283237354708608
-0.116212435395971	0.109262939201511
0.928980740174623	1.19605375724621
0.262894610840122	0.295724471013077
0.45618145394252	0.666010760216575
-0.0208804926992493	0.0173727316691544
0.525907388339101	0.614272451242301
-0.304561573637121	0.383106510763924
0.492522902715017	0.605963700778768
-0.111698610062095	0.114923867801553
0.275150573850831	0.261850493181852
0.330654080535787	0.3329145940865
-0.385075602677279	0.346266464573631
0.264190623677809	0.269036702096206
-0.501899100315567	0.547371964467868
0.263501371960617	0.279056892096203
0.669311537154699	0.770177697346233
0.258370049910976	0.261584255591058
0.508081687854757	0.603790085362645
0.396880961047741	0.334007277802507
0.116731800298337	0.0884369108867547
0.206149388466204	0.17241607870595
0.36733819680673	0.339186725420716
0.7437648801881	0.987619309073564
0.206291767355704	0.174514178588194
0.950121937208126	1.50107187219599
0.437798833254058	0.430133451382382
0.640792898991079	0.751906322429428
0.663737399205466	0.847250129847626
-0.0504260251994082	0.0412623875143877
0.0960972533219984	0.0886844627295586
-0.1849621801808	0.182489000256892
0.273933630552811	0.265430871805493
0.138196530260659	0.118136027714467
0.506278437456055	0.527383358571887
-0.799621399400728	1.03138597224591
-0.791206551806804	0.754070410887667
1.09803185243052	1.3480042838815
0.389530146142222	0.349527702847221
0.318344691110914	0.340770832988218
-0.03501119332853	0.0349441728328375
0.318145057794829	0.333241864902296
0.928231902803621	1.64068418526798
-0.0219904182738735	0.0203842352512912
0.338938377021181	0.423899734792073
-0.167040073579766	0.192170700241007
0.0295272178417357	0.0294148714415933
1.34850289731689	2.629346023242
-0.22884946029334	0.252696983324925
0.122650816287425	0.102957376096214
0.550003374511846	0.55224360218823
0.264220807609434	0.279056976297511
0.0543413034793555	0.0484197804311608
0.618128094201584	0.816955022934359
0.205139815220196	0.204118257867852
0.905693604627921	1.53040348565308
0.697140658891084	1.01505966973649
0.272176527845356	0.243990931673932
0.42819059287654	0.432222637445807
0.0568059748386197	0.0437624100028948
0.263449794600834	0.338577464836086
0.139389993512524	0.145561675007036
0.37837608243027	0.512530298464755
1.53016610165202	2.91017560075308
1.02606119468189	1.93123283550841
1.00872130030836	1.42992929973432
1.18222432641272	2.33900736935643
0.20614909721804	0.197092515551829
0.280458372725441	0.247582347372951
0.564933632738198	0.641073763888824
0.277425661402162	0.26438774617781
-0.491758467498133	0.467997895031028
0.285586881602075	0.25961310233616
0.00219998814924723	0.0016399212791243
0.372891125306687	0.339687036947424
0.528069324064772	0.365908644885044
0.39686196007176	0.334690255848855
-0.361732089747114	0.407698714363235
-0.468748673846707	0.513965173603907
0.323388147819143	0.340121178622353
0.416651782348017	0.515894332038857
-0.790231014602848	0.996033276590945
-0.0217599171794187	0.0160345120560876
0.203442903603372	0.155790835406076
0.318796530134453	0.441764886464868
0.366259012668475	0.47922696760244
0.0992295923203172	0.0930323621023006
-0.179046469675189	0.197748857917864
0.404002827073168	0.577140461330362
0.16146342593112	0.178107355795965
-0.150844559065387	0.161892813044198
0.202289804457573	0.245210789222215
0.342986228627387	0.430957791804641
0.0761268611371484	0.0307893593870308
0.454570925998331	0.446799064307486
0.066777197633996	0.0531169339070078
0.160685193902354	0.194884659382081
0.613978876451373	0.976406159170414
0.14065138369447	0.109765332129619
0.794740728753114	1.26720748889679
-0.194798613347861	0.175276029455748
0.053832103089939	0.0490902455561215
0.122464434306461	0.123859620960712
-0.514705667689437	0.590992778472423
0.210045290726993	0.227240332310443
0.46585407780477	0.25321497322584
-0.685431836140944	0.335268707000489
0.157313674886766	0.152053442791687
0.119848916633181	0.0848453363107675
0.198844729830766	0.209894818168841
0.137068012304847	0.157173445104036
-0.0745053644652298	0.0594945919657967
-0.0317349036783699	0.0265108195627807
0.422130949716656	0.432143646926483
0.74331361793976	1.3655813002282
0.347368328731691	0.507009858474182
0.129827033687344	0.159592520253268
0.43863670937906	0.679266478664923
0.13668129648483	0.164873173080837
0.22050947400795	0.30184491672455
0.0833407525989526	0.105323182071322
0.765976628562796	0.514714049350274
0.52914182742169	0.537688100761604
0.181747721466419	0.235422120968673
0.247563680733974	0.301361406356145
0.144143848933636	0.170132527357295
0.258274224778325	0.266769088230721
0.323165752894222	0.421738271508358
0.0668074740583217	0.0679400604071008
-0.33860968149908	0.403238101257037
0.116717758711626	0.0906965374097907
0.761454301270442	1.21698382227966
1.31228887547826	1.74750415841232
1.78120407332178	0.684553659991903
1.42380936571803	0.464332625195306
1.68056202761276	1.21324476926306
1.97547028331465	0.493643388518992
0.615996072663699	0.27788426628617
0.260737924857487	0.314019204072719
0.398696519294112	0.51072190989377
2.65292727814	4.47166794379583
0.0693727031374101	0.0366807584441608
0.094614846933191	0.0534197658339406
1.07123978675081	2.08901845441132
-0.3229354003869	0.299667694096978
-0.179898070045283	0.191472685849844
-0.0795870132394067	0.0774860292406267
-0.900555562974422	1.31722241867789
0.32866395361716	0.327926946047393
0.639143127348501	0.831799923913022
0.359055811829057	0.51822951797235
-0.0658649559746209	0.0740234158949902
0.120791972867094	0.139942452953576
0.57709377523488	0.861988076947618
0.997741689418776	0.471063603228369
0.248858423051688	0.275511036598629
0.168305485634009	0.184962757331127
0.249946587497836	0.332726489741889
-0.141421207966134	0.168385209826513
-0.741325620915678	1.38567388095453
0.411350920694896	0.607751567887595
0.735454497232569	1.09223638700195
0.828000847893041	1.53536060590576
0.118597951407006	0.0840619460243005
1.26490470104039	0.537745634377048
0.630400987348489	0.26866115799724
0.0757864507330206	0.0789194651436418
0.486008651760508	0.597991421084733
0.0673601193988657	0.0743476336712717
0.407648093688513	0.641414115461166
0.254784401112572	0.25734856448968
0.710291361193327	0.614019966577532
0.561080760966658	0.366315822837057
0.229638473249298	0.137646827699027
0.576981001411194	0.728261584845194
-0.623301226605051	0.662745116601593
-0.352692322415244	0.42510838268406
0.664860662521787	1.21354210702717
0.611086160004374	0.875016178932759
0.728528515742374	1.13199840376768
0.379253716254664	0.507357941780314
0.407357109064584	0.646891568008178
-0.357102878052871	0.544915707038203
0.247679197432491	0.350466299507444
0.233693462027436	0.348554631374918
-0.0917756891202036	0.0966432562711556
0.191947785833528	0.255360778565723
0.115595599329227	0.113532774786571
-0.0350195534000219	0.0348975068946959
0.214661725550228	0.265489931776446
-0.163218566441679	0.169305071072955
-0.0522969253570347	0.0481103877169583
-0.195204662126812	0.20755462072602
0.191758084306457	0.191303641525096
0.188848109154124	0.184949537298265
0.580406368024961	0.642384550769889
-0.0438308896258835	0.0402091741857552
0.0754477196971832	0.0402739012400423
0.752561216163313	0.885649483526491
0.380880263750832	0.239358127837531
0.300254539721836	0.475373078094914
0.223543213298108	0.291403250239932
0.853656532473083	1.51814824618113
0.321607314834979	0.359594632639524
0.480829067800831	0.605082198609177
0.52892934517493	0.543010027395718
0.46338761022041	0.251074974590862
-0.0639177153760816	0.0344848611902101
0.568366575275101	0.372045828189059
0.305282650214257	0.31275332987922
0.0328341229293744	0.0235916950226068
0.271248113672356	0.270143657424989
0.159344422443747	0.166545647593091
0.167592255388673	0.220902980192143
0.0105763334549432	0.0103099365445217
0.416844946423722	0.732849421317175
0.309887825766881	0.398404467659693
0.146197968291047	0.145656692163321
0.295814573905413	0.442681984888867
-0.0149845700407054	0.0127604057988889
0.446501398304004	0.641145990214468
0.334381638719079	0.433178261635419
-0.198577806026174	0.237774783535083
0.196899215336078	0.214680984132725
0.147893711356704	0.141575643982047
0.201602678715577	0.215690453027701
-0.136349483406733	0.11589815698084
0.43771597575917	0.429732175407594
-0.806877345997438	0.992016400249592
-1.05324956927174	0.530751565527528
0.771742717701112	0.643264670050357
0.481260131472684	0.350339888729208
1.37894977068216	0.807913973562523
2.76164585943614	0.804933473584711
0.775798809510432	0.530430301676736
1.20063233883561	0.632827222194418
0.475489681756129	0.517371602540439
0.0566898975595411	0.0609614500297887
-0.323534787373984	0.367365636823864
0.302113102069866	0.253345008623514
-0.367846003532832	0.273063789930108
1.01664301140403	0.718008658008713
0.0884952221253104	0.0500274710608348
0.200700790342121	0.191612151860492
0.264781534391879	0.256563788979129
0.620754585815006	1.1567153594997
0.218816572834261	0.321670885347054
0.474541015203428	0.889535102290647
0.34294172342147	0.555220649719484
0.235824438721489	0.318525665342642
0.65144814824958	1.29507527473346
0.315884639104408	0.430930996813816
0.0817588710111232	0.0875923085139277
0.233715528487203	0.317158325791967
0.116983960436158	0.118249540776517
0.208372060060402	0.233351349711948
0.167539293636631	0.185623401803205
-0.423898226496879	0.62031253960364
-0.490406127442062	0.684185772427149
-0.376701531850415	0.512011574654439
0.671809040724753	1.01068421515867
0.107599944667637	0.105572660645562
0.464466585202345	0.523383937619011
-0.00798489873419748	0.00484111538839467
-0.0572906268681711	0.0458469853214645
-0.628660950446636	0.401506242795757
0.20409949416175	0.152320408123956
-0.148231803260703	0.0647735587037569
-0.219262883482219	0.0807880002133907
0.981334581311431	0.363606045743479
1.00488607005957	0.583690024582868
0.412732609123898	0.241071068981419
0.979959664940194	0.360274384606939
0.978844627562927	0.359432084872755
0.262222902821166	0.336554297853944
0.0588799922109158	0.0565808744433958
-0.0360415469513332	0.0297656737304438
-0.779138463534566	0.623403598270266
0.280004996999141	0.132598746475431
1.04839818292083	0.98639381911747
0.566057785306957	0.641772017849203
1.10579331566657	2.22961021189165
0.049218059180812	0.0453086372149998
0.141363800964089	0.207392327169078
0.286612235120229	0.478310352505674
-0.122195397973061	0.147876239361108
0.406277501605403	0.689855623904071
-0.165502390682263	0.227672166178043
0.175441545476113	0.238844196824709
-0.0539986981974392	0.0579439954222615
0.348669411464508	0.55530825999526
0.359858533587185	0.599243257627642
0.475755699349768	0.759928946479431
0.4507357332932	0.741268264461576
0.21434333652348	0.235900209866614
0.0729910775212111	0.0844387098192512
0.0995201207385633	0.0971643900737948
0.316276138440049	0.46380633717987
-0.457544821547943	0.724882305682638
0.657526968167352	1.0618265701424
-0.266611882910642	0.321900792774609
-0.102462711142583	0.104344092094546
0.117953762517951	0.0839615083331037
1.1702671622864	1.71703988366677
0.626818704543509	0.385221081642427
0.941987373486919	0.816577033757003
-1.01668518468915	0.745411559900165
0.22950541114897	0.128154954418494
0.464318818128795	0.16335416808787
-0.594957751747693	0.226919502816444
-1.34735619803472	0.615998685416403
0.979402295133191	0.362606708885901
0.751632750881414	0.305928145116289
0.337558489351231	0.517009477119969
0.0125172720653053	0.0127921346930025
0.271165221789161	0.258122540279356
0.224857947408071	0.133092366054391
0.518946184099242	0.361096779406709
0.311231392808713	0.340550101491194
0.0509562320824696	0.0585339173336412
0.428506795688823	0.782184377391669
-0.524001699605928	0.872599918010963
-0.31075459773643	0.497380334504626
0.304571927038274	0.450723663626545
-0.0296331388120529	0.0347636691082752
0.460784399735998	0.770772193076277
0.283851880754702	0.398341119052712
0.314573074375388	0.448329640727754
0.0630801960409325	0.0693198707539947
0.23853528014528	0.343795699721663
0.480192009465478	0.844371486452101
0.211813966598951	0.273372358393692
0.0216600498242177	0.0223208925436485
0.6289505102501	1.11739633183573
0.588337094467196	1.07381625549792
0.863552134259675	1.56250751506605
0.0794637667136574	0.0707820722171523
-0.217574619346225	0.253117380275488
-0.694380495839167	1.14247643541632
1.09397034627041	1.34369106709068
0.835923576275531	0.96120674057183
-1.24687440091056	1.0766084287693
-0.0683388325301153	0.0470003338906971
0.0632587256845256	0.0253769385481648
0.0732624209407264	0.0301241896140021
-0.387600326741782	0.180925402972509
-0.384590419852126	0.179641134330773
0.247030801354564	0.126220663766303
1.42314513115208	0.464520674256509
0.82793848261862	0.429456469619633
0.453142581270006	0.587073394084142
0.309131182278195	0.465780882099216
0.143590913231903	0.145147574379865
0.140531924329055	0.120052592308226
0.601668739415841	0.723388468068494
0.251125790517671	0.339830243653158
0.389086265184397	0.433909116709756
-0.0623448299624509	0.0552479787817361
0.357906966212928	0.485825050092212
0.132784428813498	0.161565158740485
0.138944101465308	0.183471618597275
-0.410816063935678	0.68515828233802
0.18711842132083	0.249283655602279
-0.361166973809014	0.547987548343744
0.249573406866349	0.346151111219784
0.478478817621374	0.792456658263385
0.267418574319607	0.253103695185874
0.292307103210512	0.389774679159776
0.778446832331016	1.7875340926385
0.532829711289319	0.967374593389776
0.277106085985198	0.364729000042477
-0.113368014261645	0.137606586419474
0.406964345413845	0.592001467563657
0.424094422930626	0.619788530147483
0.433357058511432	0.714018420748449
0.163723706476736	0.196044603829174
-0.765359016775471	1.33106467817335
0.301975502480222	0.362231472326949
0.10037170092193	0.104036418749865
0.458256136549048	0.593785560969557
0.379300316662216	0.340935185290173
0.0302423357339319	0.025474582924057
0.625386818367213	0.379789729858953
0.825254714969486	1.03529952444197
-0.416641157962822	0.300420112724892
0.487023696625761	0.44374407612526
-0.681457614952445	0.333037669649154
1.00858329263971	0.590926420733991
0.0739185781305257	0.0394559806908306
0.86725707710898	0.546769437163316
-1.91117853276563	1.21012070134798
0.614067668548619	0.492680030316118
0.465131792882336	0.603472836185287
0.0763243870329831	0.0766024342194042
0.574788445952342	0.856354615591327
0.340189467955268	0.343189726905918
0.301187597806082	0.251393895289009
0.62841526706811	0.783332855588984
0.451474536063531	0.580799926051593
0.484379584620929	0.662180417058195
-0.277501592073996	0.316235077428904
-0.384997110685172	0.49885384732924
0.259979599274763	0.334197532947173
0.0665102356317079	0.0698460111536395
0.698659127443015	0.940401346168792
0.263317738577424	0.279959724311789
0.321194732061613	0.4356595885341
-0.217077519872797	0.264277526256883
0.373702429832485	0.481975052940345
0.399213080834506	0.529306437931718
0.197735060215258	0.241288181500755
0.194596793649316	0.225124844237187
0.748418689895094	1.40765466917483
0.0575958931500338	0.0541773803276184
0.669539177335342	1.05716133962441
0.549819775002851	0.781030347089507
0.556206953637066	0.856556722221566
0.0671575887864059	0.0652807932501237
0.49565682268744	0.531504260691726
-0.0860548397334065	0.0687397816804029
-0.704529396817438	0.955266392069531
-0.00243531551253373	0.00182634689346262
-0.186550568664813	0.151659192072373
0.0707132921201738	0.0320659967517744
-1.21774943135294	1.35069138805573
0.205635456282575	0.174085904731668
-0.416665089389738	0.337835097792165
-0.415760848654584	0.29666859361057
-0.421889890190524	0.30495375481262
-0.989349163947025	0.826628787150721
0.623189287370333	0.379396378328835
-0.010394073400992	0.00620430020864118
0.092290047273583	0.0548779628936687
0.366264988879225	0.564690368345918
0.548463112275472	0.868405404264631
0.765445310273479	1.69099374217822
0.206718386713508	0.255733241163207
0.00472530011484992	0.00371542584183289
-0.313263167851623	0.20576460049135
0.968021989607589	0.942949947938269
0.545085787227562	0.769169686733976
0.713180624018022	0.955346206388702
0.196977096803854	0.195426076223563
-0.363854560493965	0.456953734833432
0.076083937168758	0.0858758927293655
0.349317732787441	0.557382628860364
-0.0557904104050655	0.0595825445814615
-0.196428881510176	0.231248651101961
0.132945835393654	0.151340523108076
0.172949228981346	0.203909371318
-0.153062095423354	0.185346954116916
0.416676609094574	0.668517892157742
0.393049509665187	0.486670239323782
0.0313028200426636	0.0298781067145516
0.214748380500936	0.297408367008181
0.329917194577016	0.441630445710803
-0.0887586422033782	0.0932966668774874
-0.490254656246471	0.682231088948334
0.0995709894529487	0.100509455682781
0.200252902228979	0.17813053851931
0.180825795048896	0.210779481301652
0.188003695401266	0.173379552996047
-0.140686129573866	0.119257821339232
-0.682922903546901	0.757421444361848
0.394111095991505	0.246428739202967
0.455125825860634	0.438072982247321
-0.0217788693915704	0.01284557134101
-1.68144719017405	1.27238426325945
1.44244183198343	1.13855682614814
-1.05336701709835	0.531406571242799
-0.426145119573721	0.260008059115723
-1.55757893406072	0.80682923037613
0.318720937511049	0.137153205053531
1.25736018843891	1.21547252463263
0.0560498802647299	0.05064972563355
0.328655141109824	0.420637379370994
0.536242502895279	0.744774237596008
0.593461904119555	0.815052871882501
0.0726186742447492	0.0751241498086076
0.373280611534422	0.513564853778184
0.202746251130777	0.245846567809751
0.446630373674084	0.654549469177036
0.451466870618309	0.803911881099689
0.235964372638202	0.377474423122191
0.0531768790173353	0.0491211854584782
0.487767714739741	0.613354193090006
0.210215508370592	0.212826485136047
0.074026563454565	0.0617183215092484
0.278184585945464	0.268887062354583
-0.601592717545068	0.819028150454208
-0.0810144025817273	0.0727803185223458
0.27409230581556	0.290648020609104
0.752454031170666	1.15079173708741
0.392813626134936	0.430890454414615
0.115645391981279	0.113770712743839
-0.150480933950768	0.126037847400922
0.0718197664838051	0.058153200641256
0.330833286149424	0.34139293570965
-0.701961582920113	0.864989285136671
0.894231776647476	0.997887809987007
0.00623232195442391	0.0048775922261634
0.894441073255801	1.17604554140088
0.0346629458372841	0.0337124957066572
0.394351288258451	0.530159653908549
-0.0649700295665158	0.0354093171139735
0.844590295627431	1.30262204484356
0.742272913696473	1.57077407525931
-0.342660343755602	0.432968832509076
0.84824108145537	0.877258236907053
0.480571200190414	0.518709424050984
-0.283485605303704	0.245022865314473
0.790912492480819	1.00610653883517
-0.03015349678133	0.0246570628265635
2.04745753759407	3.25757348318367
-0.0639877017619912	0.05068391430434
0.720421851900535	1.20451321516606
0.623308208745745	0.738135036512563
0.229270336352396	0.347133926545567
0.236381344458929	0.40855169744477
0.206245073192728	0.313880424460262
0.516422111074682	0.619054982655647
0.994167445419701	1.36106426504396
0.359287748816734	0.239537167105414
0.287912066880855	0.135481577819823
-1.11218919251192	1.45085317445003
-0.169604331034223	0.138833839141807
-0.386574948413503	0.35057858534841
-0.612584753229459	0.517467772051344
0.217715659750124	0.144510841690935
0.218492935321271	0.152327346839778
0.775751120038805	0.531452159555709
0.690761754646079	0.70745570090209
0.106253924505465	0.0725995855294523
0.93818044931888	0.812742555855462
1.15657044988694	1.28644120813355
0.0701258894973549	0.0347751231716306
0.0901952119303887	0.0540995897056468
0.914158562082269	0.68668804132545
0.427434424096329	0.249087161418755
0.547418033440299	0.468382461971211
-1.13397269788891	1.18077484273548
0.0809748827840823	0.0459912640639219
0.336904113900213	0.24586623538278
0.288171884224852	0.238372005269095
-0.283952058154106	0.402896494385279
-0.587141091910266	0.852889399469948
-0.484435157657093	0.278224684544763
-1.20903231206568	2.8093162364297
0.383894279618741	0.782848171356496
-0.228088489782874	0.344690798292239
-0.135076085965926	0.183221522013669
0.242326220124284	0.305939340904485
-0.129670933391532	0.130399389298423
0.0394739491267246	0.0396336757439794
-0.0505820293397252	0.0535585537889569
-0.456572915542471	0.493260317861088
0.293797924613561	0.347070235467202
0.686394207564752	1.39607221725469
0.647715479288393	1.08344658934719
0.330137941069792	0.460974619042043
0.338334557484174	0.410684816263309
0.728965601307412	1.12003736394091
0.990222658952213	1.80876315580947
-0.410480904005859	0.482076525228821
-0.359179532987831	0.356186411006273
-0.231810190416418	0.204017837748826
0.335367536147453	0.40085044189297
0.363154450284052	0.492889318544496
0.201402584903626	0.216524233653332
0.204053925339871	0.19489857074985
0.578110751685911	0.70649466545555
0.163096198915291	0.182193404151972
0.282935586667014	0.255452730824246
0.53552301340508	0.678023571315861
0.491947271945972	0.611869252527384
-0.230107897830207	0.220215247940481
0.521427421989767	0.61094599808647
0.299804122451202	0.345624958885394
0.273508121454288	0.260450334035133
-0.202505871513736	0.182743836086698
0.206684749726935	0.179316996820581
0.341878033908095	0.351432362751797
0.61217224758894	0.583891710376899
-0.211778309134059	0.188466218130141
0.474624032298806	0.444412404286822
0.288146309352289	0.245930031212447
0.767824918824226	1.06933292996312
0.0196046861871101	0.0157492215547028
-0.11225971862907	0.114880974762776
-0.885148195161195	1.69600811678825
-2.36144313662936	2.81097125779975
-0.176805733331949	0.221158940171897
-0.287971112885892	0.369569273407839
-0.0988923995214228	0.0869002603559433
0.137680524118477	0.117574477577571
0.281657810069781	0.239353411955044
0.408285097100605	0.426461561993206
0.0643149606176187	0.0519399300734019
-0.451714818375226	0.39958306130829
0.208280980544641	0.180976111401838
0.457934021802791	0.671527978844049
0.396527830962935	0.778694705233631
0.686733228505245	1.10208635481442
0.232181535837655	0.337829694574319
0.579672925965182	1.29682652466037
0.694033708175501	0.942647600299005
1.16466648336675	1.88487342834587
0.131201013730099	0.114017237652435
0.484692625378242	0.511574782709747
-0.382896826271148	0.376197410158338
-0.275439377671369	0.260317120602145
0.752538281888674	1.0707593002311
0.206553293222424	0.168950254028154
0.133072929942046	0.15434166756571
-0.465616945436777	0.59744692209517
-0.17449428980112	0.171976960567976
0.17048624373359	0.20737730739712
-0.0318017327905229	0.0267718519214951
-0.171476613285473	0.15849486331935
0.33993411090212	0.396490085581933
-0.230683583690456	0.221053413968743
0.874824536101169	1.34683806579086
-0.63678485474278	0.745450344853519
0.277727976786246	0.241218308132095
-0.796619198394328	0.873628955014874
-0.0591990454495084	0.0416645340646365
0.102439996261233	0.0674988180588879
-0.258765444250039	0.246758073124457
-0.232658915361624	0.184071540880906
1.23194315597561	1.6720257027141
0.322577299681813	0.359804020978842
-0.416067792078494	0.401571381076991
-0.107337246475043	0.112487349672264
0.325299365125159	0.445029647239913
-0.630787433182418	0.402430161946841
0.472806041086701	0.592894985987212
-0.504562440384143	0.820907704116585
-1.14640836286958	2.15260062185236
0.143682790291749	0.122585790702039
-0.125368673089388	0.107957629981199
0.822628748856327	1.11686178548861
0.0308440906591285	0.0265471285867184
0.565904921279452	0.638075473809873
0.268189018426405	0.350289398998712
0.355607671225485	0.523619799533751
0.593104508121788	1.13692334574015
0.64783714391363	0.988022461702104
-0.0319661579871255	0.0294399968733627
0.240044117930462	0.288643476489813
0.0966062766922088	0.0947755217143059
-0.293309420903899	0.370129919325449
-0.110081348586345	0.104786431569506
0.157069621642954	0.166786625353864
0.238370320784894	0.299390595745179
0.472195589151576	0.675288691448836
0.316562699740687	0.351972398095398
0.514578978161293	0.617568868315319
-0.00508538266782308	0.00483524049638789
0.478752381458731	0.736115851492912
0.069744002674203	0.0801954191365796
0.251686642563685	0.317707040888515
0.258012790786049	0.282865338940325
0.337177300598942	0.445378635903935
0.6378129814555	0.744778755284798
0.0584636412378323	0.05332514717679
0.587146074389117	0.839716339659012
-0.0348955039518286	0.035184881864985
-0.281491432663138	0.337516214040073
-0.0837116559547762	0.07867464471731
-0.0355505754218198	0.0292732294332565
0.446033607347716	0.596504744265114
-0.506666124527851	0.774907240523493
-0.00628132548756115	0.00539680977953464
0.240095319834622	0.278897465752068
-0.0593274096434379	0.0521967999829337
0.0954033721709314	0.0862795383650986
-0.683430929973798	0.79208642203603
-0.112061540602427	0.106750887159725
-0.23196265493399	0.222354808667693
0.622577816044368	0.971913682567845
-0.164726295995457	0.179930715847967
-0.137043406743788	0.0608225557484545
0.104958326437401	0.0973532371244983
-0.551369927548919	0.760312402619583
-0.662163470678056	0.694260148832657
0.672095005809729	0.607749051676814
0.57267229473036	0.478670666644011
-0.335046838837028	0.279630646395184
-0.0642400771005998	0.0346600074315722
0.217338404533929	0.151611316099816
1.56965092825336	1.36872762723741
1.31821047019765	0.957409308952987
0.673276196386205	0.610362737745618
0.717677412974235	0.704543964221382
0.172334334576753	0.235340538036043
0.10123205225172	0.118312367879641
0.128776638245469	0.165500462330747
0.103317889411226	0.126265486186194
-0.231075935208259	0.34230868014653
-0.0276486457612025	0.0295749828314906
0.355327469629772	0.580163519463272
0.618497724123902	1.02829715053637
-0.363474040719045	0.560828832877828
0.452925873867683	0.730441782380226
0.101150947686776	0.122592117176013
1.06211973255398	1.60828854454181
0.042913676272613	0.0474038610402267
-0.314093921934695	0.507266420991623
-0.414900097365763	0.706402817811912
-0.513467223685507	0.899778945835823
-0.240416516225655	0.300251644784466
0.388766622585034	0.473437248382821
-0.0784669672127351	0.0908748542956396
0.475403797947883	0.803595037029697
-0.791483055230705	1.43181484216689
-0.701628992783012	1.2752808306618
-0.79271639558186	1.29552234211813
-0.413753528928608	0.581281879714037
-0.218983232800141	0.212868639120205
0.198474431504996	0.166767943928743
0.269080567766157	0.26159337069027
-0.157908047341072	0.0982130062966609
0.110704982298449	0.080831553946896
-0.879491856826424	0.68201625109506
0.464221676351647	0.357528473864299
1.50734375787265	0.726480257611812
-0.328452443236812	0.167231650406724
0.38854898084616	0.244639345534309
-0.268681393510514	0.145734800857374
0.0855679870763438	0.0277781271812247
0.323141337596465	0.139005030058225
0.286276287597185	0.134888125321746
1.31245645653723	0.945381539237587
-0.739565709276973	0.434966511740802
1.64855163675345	2.29849891880687
0.545979202838215	0.852102681050251
0.0614958396630921	0.0760868905841442
0.0679086416416598	0.0821899279106209
0.216814664020057	0.33495537428567
0.145422359042959	0.208281633806479
0.359560979074062	0.534549500537615
0.338253123502756	0.56041108463033
0.22267209985126	0.318107109452523
0.121320902078223	0.153399156005508
0.47481399026822	0.441871341503557
0.630653173239599	0.387352370057598
-0.111619210292014	0.0537126570323046
0.947977057709482	0.824300919892761
0.0407719559069757	0.0309170604305733
0.0171192229972822	0.0158945575508506
-0.0309675707764474	0.030758306377023
0.0689024867381895	0.0770902978319911
0.163900805838326	0.173376683165673
0.336800468376413	0.339890137870078
0.000624695152786297	0.000786998192623144
-0.466997562787439	0.712667842898426
-0.160890211275625	0.245785166916043
-0.160400971676956	0.198419082743014
-0.244745984153186	0.331925872896557
0.281496834240384	0.361081935529666
0.0789888172494965	0.102145041076276
-0.680791037959179	1.35728155314458
0.0176399295739617	0.0188831072603501
-0.0857073885334323	0.0896296662814449
-0.077271319609851	0.0811522946196746
-0.37121772182083	0.512166069954815
-0.00760615215858779	0.00654253171091261
-0.730307670476784	0.7594963179651
-0.045682326105558	0.0373282809951493
-0.765864056802233	0.544260711704906
-0.237406205536951	0.137361881456281
-0.170888934750394	0.0696466408768564
0.0682094155492884	0.0223200812217749
1.42380936571803	0.464332625195306
-1.24108345876003	0.700877191465741
0.62326313623548	0.195382080165285
0.615396156429384	0.276997870352218
0.98338732932609	0.366366127152252
0.217951719149505	0.137266689040365
0.936307382897157	0.801200426869796
0.623875692910208	0.381938013474234
0.145189744189365	0.120691052803127
0.321835254553734	0.360063017530822
0.877474609603613	1.38010902260111
0.407746035008772	0.573420848104985
0.408343093734345	0.503359803234001
0.184213667834771	0.250351904061966
0.0449475494567458	0.0466807838400565
0.130515793874217	0.15783927980154
-0.0846555956309012	0.0932689565691003
0.351863801556007	0.564491609151789
-0.198711673700853	0.272475726724931
0.205417876077796	0.271015781175783
0.545850392075918	0.632153817038326
0.243743492364575	0.280017854254243
-0.188096446000884	0.181433443504134
0.0743544303379235	0.0634569974724997
0.103402730220257	0.10454601307151
-0.286824449536331	0.397320811365509
0.072615081466474	0.0951754499028003
0.0784150438766039	0.0940019770905029
-0.107473210200716	0.117713200608247
0.0089251059080038	0.00928241025132713
0.190314293922091	0.260663003484465
0.100593572584529	0.119524968806577
0.476968881116592	0.924295927608239
0.0555769688938743	0.0663200383792188
-0.00177115919490464	0.00185910947058524
-0.276577818601012	0.39649226821268
-0.203701890209778	0.27069498172271
-0.121399260369013	0.125926154983598
-0.37761985184174	0.557388168934736
0.12496100282977	0.143493379191986
0.318992079156608	0.443312342168095
-0.341789032811866	0.474858921706962
-0.0815498715764925	0.0834215800089246
-0.0796353316706994	0.0835071563162998
0.169685171752054	0.201109209738344
0.057229371022899	0.0538877645891071
-0.359824264513336	0.471594620839536
-1.34270740719962	1.2509157777623
0.722338468506128	1.21158630152998
0.152336406474539	0.133438905271565
-0.0991308053258993	0.0766739582264698
-0.265101955598123	0.180679647914521
-1.64806120195637	1.57110725279382
0.0878465946309068	0.0497100287637785
-0.725266065306458	0.425999903596101
-0.201076268134635	0.12119619779903
-0.234181624377709	0.186755569740662
0.556794277848233	0.357802005957412
0.434727627768681	0.436887082899727
-0.0549503900943233	0.0430060200655597
1.67995588157561	1.55013114568324
-0.417067904598636	0.299084612894753
0.0465872848480813	0.0362772007619754
0.643468778086014	1.0013502681541
-0.0875778818755566	0.0685540108690446
0.502161463092936	0.764888967189064
0.0542773212549146	0.0658737996180662
0.354921462819859	0.497082866572191
0.658510898951041	0.929410515686508
-0.0549372409223016	0.0684496742174213
0.0532143063933938	0.0673907733289152
-0.0174027845769435	0.0200947590612118
0.145845039802128	0.217204460237195
0.13013405723668	0.172998579280175
0.523261878141554	1.08716935839311
0.34457290068385	0.531944263225435
0.427452108001737	0.879223940273764
0.365816645315583	0.336854683206674
0.935508757436677	1.03317695051117
0.252119817510736	0.13071421375981
0.211015194347355	0.162361961418525
0.00561153740125122	0.00545829824735565
0.357660634749212	0.576942293251908
0.609652771523673	0.905857908653503
0.205925935551848	0.238672780557899
0.660221610219345	0.91584589660929
0.135454663804315	0.120190834638444
0.212949337204394	0.286454700556103
0.45121093993952	0.893237384986808
-0.0941741818597879	0.123061333323324
-0.375386002069835	0.759487678523172
0.382588575583681	0.727615284626708
0.122225472115262	0.170370831123264
-0.196256960229244	0.239011285477184
-0.392216136162352	0.640906738967008
0.26344062820754	0.416157059404412
-0.366512354764522	0.524998352801501
0.134000721705029	0.169422695130347
0.306279703420664	0.433520112737314
-0.0619048613284032	0.0685334513986419
0.121323658230219	0.137066316822128
0.226654639908958	0.288848561977036
0.0621241187161184	0.0567776946217526
-0.193463525386937	0.158426450666116
-0.13359839575149	0.112323205109198
0.0731214882255721	0.0386964933979394
-1.03827500980995	1.36344260805528
0.251996253537076	0.13132054107051
0.0825328874957253	0.0435201589983746
0.108433191754277	0.0309594429180733
0.822171173632838	0.42260981298521
0.872590962532767	0.556578566750896
-0.276836158185262	0.0904124638069009
-0.78606888648088	0.274941922247046
-0.495476538728524	0.280162901208427
-0.183602235910131	0.0740188150475035
-0.312360060567402	0.204974905277894
0.359362889304741	0.238948211346675
0.0239976850992229	0.0162364975717683
0.443349074309733	0.435944822532466
0.207342423148183	0.179080667389889
0.250980089560281	0.13836323235681
0.395718507664738	0.24513952590794
0.415760198457288	0.338310699776793
0.823441320082552	0.42537929285217
0.558574697244115	0.633420722431736
0.252331336249988	0.131091777385982
0.126658360769198	0.0991277276637751
0.124929240710249	0.0980560699168698
0.537298377413288	0.551730758713561
0.0165478237125256	0.0172066270816687
-0.0187164049787818	0.0220016695158669
0.0801913274684349	0.100615976213842
0.118966672586371	0.154692249138818
0.14192996602653	0.170132799445648
0.647890640468811	1.40176381154761
0.30198930811778	0.504131974474654
0.212951451325968	0.146425276800361
0.489678690237614	0.447030038761323
0.381587130520979	0.579624036184463
0.869371149734418	1.82509749146327
-0.0568728904936743	0.0509103116370128
0.198801365204761	0.20185227553569
0.0276165372994632	0.026965463913327
0.252256894144037	0.370867477877294
0.148011684344814	0.184910289333604
-0.0575911045344797	0.0674345700875346
0.299176381006797	0.476103380945335
0.0307195371063707	0.0312705868616914
-0.0463375111364345	0.0487840739136838
0.105418835141966	0.119028922444972
-0.077670254544814	0.0796944621429742
0.14667036314506	0.188020029434719
-0.397235930014989	0.656048612311695
0.248716579100096	0.318257138290697
0.110766441883646	0.107128380276174
0.416947224682848	0.648247103095873
-1.24179154867519	1.63140182629608
0.803792123866821	0.854745896524828
0.325872551294015	0.246941572056483
-1.74813713254275	0.996156926268056
-0.554330683820436	0.477880235693086
0.616898641841201	0.276729215108463
-1.40579657618295	0.877034441539197
3.62107653462254	1.39166271362354
0.375651694545978	0.144503126050409
0.460966453065695	0.249108315208211
1.5037746796682	0.722526634113836
-0.278276589045117	0.0896117801356823
1.00641038806869	0.58679930048273
-0.27974678609119	0.0923967925857952
0.0949479997144766	0.0571443865326359
0.065328659257227	0.0268822629817022
-0.138962375289854	0.0886103372381156
-0.120554645484821	0.0576263226824401
0.213226582126083	0.158656882445255
0.901798987370911	1.36489598619655
0.563931974756481	0.792441104261147
0.485994858164189	0.530576346340645
0.293900245692848	0.240564033003625
0.101357701565364	0.0639737413447425
0.0770785717197039	0.034292649789546
-0.146150715363407	0.0650669134328263
0.447813921508431	0.424342721806114
0.31996605075518	0.137645853248168
0.533499294691178	0.261293958132415
0.876827968813392	0.977255050122623
0.831586610319169	1.0397925492612
0.121072182944609	0.0942486575894578
-0.368035281615091	0.507719258228908
-0.534662988703153	1.08385099896886
0.270441950619662	0.383035730386494
0.0199032276460697	0.0234074126001788
0.872480415364461	0.554951509830152
0.221520682569837	0.14731813198952
0.698919679878308	0.503523637875458
0.774194816061825	0.644840296540816
0.232071745378201	0.331431548579028
-0.237290860334081	0.377637496174022
-0.0968975654501245	0.126209504606868
-0.115044252253802	0.163460835169996
0.13992166443295	0.190204295570171
-0.268428621133438	0.359679510152495
-0.195437004124102	0.264906073612531
0.557235255641495	0.993841674713445
0.531559678975959	0.988450171281011
0.27553630873685	0.378460726925545
0.277335772324336	0.366206348747728
0.149064871359929	0.143294153243569
0.343402976292022	0.240401069626876
0.452564568543144	0.434692245582564
-0.490192129773714	0.281409029093391
0.0990652094460169	0.0592166362628682
-0.117818242640195	0.0569596856787077
-0.377872773256766	0.173405149263868
0.760123976929143	0.309432958586382
2.29501022404741	1.12081418233569
0.825541907722983	0.423677142378135
-0.387170871977237	0.111897483559626
-1.02977923072865	0.634073857103883
0.712369472039177	0.3917881691575
-0.869508052654718	0.480964294026402
0.428252167422038	0.249545139475342
-0.170975548290997	0.10649284053097
-0.689058893156433	0.564709941898909
-0.888262503591711	0.58712866026378
1.52519745053444	2.14562063322034
0.119013289016763	0.0928113751042067
0.014537508073576	0.0116105800057632
0.398784586871735	0.414166667063272
1.08552969880695	1.23443549303608
0.944292025004732	1.08449334504446
0.979401405486928	1.24922835826896
0.218568386272261	0.158409291676582
0.622085495771437	0.272577851435299
-0.674248387338942	0.325520459536326
-0.23193767438505	0.161950304394508
0.225382430817228	0.134167225116574
0.054521118543468	0.0474543679329389
0.286697685749498	0.253925572718436
0.380664867754145	0.716247992133044
0.326341430440194	0.336429348226345
0.138768933268405	0.124342227575502
0.483768604373688	0.609708388276425
-0.239541293983836	0.30217472745549
-0.201189492251588	0.299154277459941
-0.440645336867057	0.808575058394619
0.523370887001695	0.986417864652836
0.229809611665155	0.329536591175187
-0.078486413353931	0.0883397739540232
0.590267779725704	0.636264380709626
0.943489084298351	0.823318540815347
0.710214721676152	0.619368773134911
0.168250556704592	0.192157057558818
-0.424459776373204	0.678727675055046
-0.0918742638796071	0.115349945673962
-0.20744321999838	0.299568106867562
0.594779958878434	1.42090561122105
0.623264598531654	1.16029098713962
0.569157442853896	0.903107415614462
0.479768431991276	0.743974525493176
0.250900952313952	0.289476716082852
0.22927862179172	0.314712317298845
0.0234654570225532	0.0158449993602133
-0.734835250979083	0.81832289755146
-0.122519029865188	0.0590916600838615
-1.34143201568578	1.25753269129631
0.74840345248913	0.30402182409578
0.317056481215529	0.137252608182487
0.103834328016761	0.030145721331391
-0.778009319790352	0.270609365801523
-1.05277454419758	0.530378354757175
-0.638650683410332	0.155084261982669
0.0862185678668648	0.028348922521292
-0.5703176575177	0.303030671958172
1.26685929533059	0.54428495837387
1.44583587869341	1.15302152766194
-0.970806096892034	0.899206546168701
0.706835774384734	0.396462362643257
0.374065547568243	0.145601251955631
0.491562580550332	0.361777160333643
0.358794965030768	0.238463786943608
0.784810503922659	1.15007592216246
-0.0656874798229942	0.0594063877052973
-0.0325605040015666	0.0235833689077096
0.205132117084267	0.182775102796316
0.196841424411241	0.186868978703529
0.0913364229796105	0.0540903665397444
0.938200107195379	0.810324460826456
0.710889199972395	0.39876811657336
1.35669916003633	1.96967170663454
0.366590007316143	0.491541182886622
0.301320368069476	0.521780627323428
0.0411359782012256	0.0558054880231191
-0.0713733471900614	0.0974580822902308
0.360713973812814	0.739882872161877
0.44643115284562	0.974973880083482
0.413660819352467	0.583019001990097
0.0701878216149851	0.0259399817102988
0.709118535069504	0.515330771532287
0.256832081698046	0.282752817863865
0.421292155239381	0.433190161793628
-0.031870680764686	0.0260871042630002
-0.318070479924478	0.436963459541397
-0.00101248287286748	0.00120288980687794
0.0580367103192544	0.072635342707603
-0.008759914997266	0.00955057153182199
0.216874004164761	0.313939559216648
0.61863729338235	1.21134105903118
0.259122772854496	0.377806912885802
0.172669918560263	0.232407060342112
-0.0262729925620241	0.027434419324343
0.0639299264558991	0.0733936260144027
0.238640897521821	0.301056874718942
0.536335144844785	0.614824741727116
2.26036285584067	2.45841035745896
0.190236789075592	0.148484275992106
1.31669547352937	0.953603793982105
0.226478260661937	0.134948147543022
0.568092765365207	0.779897317512301
0.414122128039753	0.423640601496544
0.425562637750293	0.437927465846954
0.345436448388649	0.518455548901638
0.484803300991478	0.906086059981369
0.176407260579828	0.251516751553348
-0.131515401458865	0.169737491410403
0.505559840358511	0.972191908533553
-0.182237747831385	0.245924762593689
0.246495111143325	0.322578637389961
-0.0573398699268898	0.0728085384309181
0.558618455304733	0.997443783950833
0.108295113118922	0.0716405312109269
0.560192947782791	0.629745505780503
1.01716756955451	0.714438498958288
0.503019557215222	0.439963294228985
1.01633161188894	0.719336722997214
-0.169670848971806	0.068959990390697
0.988555981524874	0.46356461503939
0.997149032001263	0.470452595493581
-1.08751150574302	0.44047044580575
0.994808869855531	0.468170594411037
0.936367330247619	0.245810660023444
0.316472803486865	0.136383493831517
0.067883755199104	0.0249309615415518
-0.524122965979778	0.409357991879926
-0.617542914651955	0.517101036259663
0.518200137174683	0.461874545886477
0.564402631353414	0.366490948554911
0.493170575698682	0.596660736494437
-0.107608469442195	0.119529753891637
0.122381286614132	0.0951408092777916
0.206167695341278	0.206090663679746
0.830047098683185	1.12794014007682
0.429779116746632	0.416113787375724
0.630488145773458	0.383738428298123
0.714167214153193	0.70545987113809
0.171177823906937	0.205347914361697
0.317293089364853	0.568830851257367
0.167049089467129	0.257505595683412
0.256039748932362	0.425035671960018
0.503338830901117	1.21575453185027
0.299710717579588	0.442855804902948
0.393867806185504	0.522080229674813
0.592941970576299	0.797507586465701
-0.144028327121589	0.0641562803876901
0.946607823225402	0.818170133486909
0.68286657035882	0.919356259137111
0.608559996246114	0.582664906719877
0.484047942610041	0.682600969487625
-0.0257721197402941	0.0258363410375571
-0.236425434715531	0.245536714637696
0.263487983680123	0.261601684457622
-0.0825264372621082	0.104214857449094
-0.192550941631142	0.27103928679211
-0.0573301442414835	0.0704372013938535
0.110440271216756	0.143843291414399
0.18366075146492	0.21096537025647
0.235157465656439	0.380577658019306
0.219590701841982	0.273473416315163
-0.11303661433907	0.142224997120562
0.0938207588480091	0.118020948241129
-0.0195203982423133	0.0213426651763412
0.0313845439274143	0.0357677380405013
0.107993464971488	0.126952451569584
0.0676048958638141	0.0537978336237402
0.281027318340869	0.239565538937253
0.565760546490453	0.369922218222086
0.213878349426192	0.153715024016583
-0.0787536601875437	0.0538297935944812
0.237933418988477	0.132341408385061
0.219553728889363	0.138014777712114
0.154202851041827	0.154484638128337
0.224338895259743	0.296608226433394
0.344855565434959	0.423767688653515
-0.153675244434942	0.175190679470176
-0.231161434723346	0.372614812971869
0.330644008471317	0.577338469538561
0.0554815846354485	0.0719667439014519
-0.122394530799223	0.157771043434606
0.0277886709776189	0.0324739274478954
0.340862558812373	0.492616068487726
0.607170796755007	1.15331643069222
-0.585012439812966	1.02510670220269
0.521296897280793	0.946590528638624
0.056481925013965	0.0432008786894589
0.135027383345356	0.111766882049298
0.510183082851963	0.344814473596036
0.255275883125718	0.132733984033722
0.702665703576254	0.395213951763048
1.27105274438352	0.541318295208866
-0.87278013737138	0.570463972730221
0.614697410457998	0.275949295060799
-3.08716456321314	0.953073801543469
0.0727707459242296	0.0328782558831896
-1.05147127184686	0.527491409622549
0.392198278592528	0.245327426867838
0.843475046857951	0.863265163000131
0.524427077183035	0.366263729305117
0.315730553199182	0.247812193100642
0.588347549720695	0.567932837904171
0.521216881261558	0.462607045021305
0.456317186808534	0.518181777250991
0.388195788540353	0.42360955304955
-0.0419554817251332	0.0299628267701031
0.708058851488579	0.395467701520024
0.254971562221179	0.392850478282417
0.440281060292569	0.857084421017994
-0.538589680977417	0.910464483517923
0.0837084734303305	0.113363367134404
0.461734650688736	0.713192461421981
-0.226503014921233	0.250568428894105
0.112159598232757	0.0791489786620152
0.0778050222396063	0.0286395572991355
0.711151577417951	0.616372239768139
0.25669910070137	0.287900676688616
0.272550752143586	0.23815062287635
0.736699118335375	1.38053872193932
0.236610485422037	0.284094997329943
-0.13887262771834	0.139380400677186
-0.153216082792441	0.152071683248138
0.284887957230955	0.437971127882387
0.478351915309013	0.753105027356855
0.0688972300951652	0.0755729070841129
0.0490221684368533	0.0505364663333525
0.497179062192441	0.748506547934501
0.296162031437224	0.383963778731081
-0.0257069932524442	0.023875860770035
0.161619898845798	0.174693087590451
-0.00877729714928969	0.00959935801937677
0.278012326697823	0.251842685710463
0.203301780414639	0.145037939326554
1.691097822353	1.24555268917783
0.77498369797816	0.530686449026161
-0.00989162860702146	0.00922611747181428
0.35932526830348	0.540382396940081
0.757402992227471	0.977778488460439
0.337033188133074	0.404366780727
0.124558510246094	0.141092815791934
0.180047234458699	0.23127053663134
0.0472568592967142	0.0509844086412423
0.17119282107857	0.214903968944359
-0.078386338626235	0.0916620893338792
0.844951291012945	1.95577789518726
0.461164248234934	0.737140516943285
0.175525444489087	0.200680269747654
0.525091593815878	0.778970026204579
0.43924373279653	0.347807945629589
0.21431378389805	0.141551730061563
0.766912936724423	0.520165542086336
1.26892184217328	1.07433113074171
0.978066547555564	0.361016645395885
0.085191069527998	0.0278852087852391
1.7149690501342	0.919926870350652
-1.08821099882443	0.437632359737032
0.775986431206179	0.531060152213569
1.71143693421663	0.935035578533458
0.473496266499925	0.445907737700414
0.491033683799045	0.607563361307171
0.295824635187708	0.354524154612239
0.836774042928475	1.47735644127185
0.202740637443719	0.223184800237436
0.200660540886495	0.222512656900156
0.207367492441032	0.198091916485014
0.6853735868309	1.02004945717403
0.507667440178629	0.603999777208057
0.16780690057316	0.246349026078146
-0.0195560884871839	0.0197553425256307
0.355637954961893	0.511407655520055
0.294541487506989	0.329212453241084
-0.104235744487013	0.120281152031828
0.0914933304054829	0.0849082667700831
0.501536820629404	0.681292492090397
0.172698556035151	0.212602248885848
-0.348820111822432	0.555191398768339
-0.0377907716310136	0.0340920468694554
0.242678903369841	0.265809060241777
0.0928601383413915	0.0796845713008201
0.0388662444049493	0.0329212243770089
0.400983788812839	0.558217555949098
0.612642281483891	0.968375002095867
0.296379640568865	0.477457994849002
0.250759166555791	0.343172875813278
-0.129071903946194	0.166802710076254
-0.121529641896409	0.14081974886998
0.028819365912628	0.0251938259613927
0.203016131168944	0.196503366018218
-0.0377524280413595	0.031177345009014
-0.0362743220189294	0.0298528493823601
0.408239182926068	0.495145284355499
0.268248431139265	0.254827253705805
-0.0355707855209709	0.0297762358345011
0.710299803709739	0.947939473570029
-0.0311378998505832	0.0225725748648331
-0.0560257705552609	0.0548578467071892
0.311065703061651	0.34807255616102
0.19425155036566	0.200146272377472
0.0925933047972982	0.0849758979642621
0.0511203635956422	0.0588676252912012
0.242975599330961	0.269214643661053
0.888336713972844	1.58585014099437
0.303853592590331	0.33733807794403
-0.113580732534302	0.107979592077426
0.0280739598260534	0.0267796765684912
0.79502429775237	1.09935123889456
0.350331163298283	0.434810153342268
0.59749993700411	0.795952971675441
0.708888006027356	0.397962656252134
-0.115472741573053	0.100667724836177
0.0487201311061124	0.0441770148129703
0.32511159990276	0.335354282633319
1.05318247782227	0.996246446443371
-0.425180193510112	0.345315708754992
1.23866469854545	1.58157636697773
0.47953818454312	0.451298576016753
0.539546343261598	0.466428470491685
0.36504169356046	0.410179459243814
0.257187654620198	0.282294147487979
0.328915752603794	0.510962915118236
0.474646059296569	0.597387176282421
0.467728608480716	0.671726821717374
0.607230994214643	1.10625411233827
0.406422109684233	0.60739361451475
0.0429411974779208	0.037817004283114
1.11928424142293	1.93808052683768
0.127315764015254	0.0941011389208748
0.289218017646052	0.266999683351024
0.532163194438638	0.545658601542415
0.356561540431003	0.605390196429335
0.435043965371871	0.50901833764286
0.0459031853740336	0.0448131161675211
0.554305206935784	0.769458367787882
0.241061372495361	0.407718790337735
0.328106250920733	0.346830175417701
-0.226594909531374	0.156658978418091
0.0420328984462379	0.0294610111160527
0.215772178746063	0.14350206159999
0.0103567299688234	0.00682732546416763
0.684926672320714	0.700299098426352
0.595877408046752	0.472702579051408
0.553444037461206	0.556909483405243
0.295180331152409	0.246959449323893
0.925899814565971	1.20355578202215
0.208409083869804	0.159923474757664
-0.0245082192233937	0.0266905064972872
0.114398325999447	0.14495532306197
0.344643321978982	0.635126037415946
0.0347981190712078	0.0294592331326064
-0.558112791005361	0.808575073654843
-0.797892198910259	1.32052167302999
0.0026825416952145	0.00264286912461279
0.125099451406851	0.100560274358266
0.0449698185988222	0.0334878861562128
0.0320302216540314	0.0223069756743303
0.610805403033927	0.581969858062661
1.37234300942605	1.90931341064227
0.604354872764489	0.894660729893545
0.170327702749305	0.216978873255671
0.413894484490864	0.487732642246888
0.664274118158837	1.36680230398855
0.541666232459781	0.550645401822374
-0.154384832462791	0.114809217185366
-0.788040326731551	0.815236139519233
-0.0105414662565648	0.00789789094871172
-0.251343662966535	0.282302535329923
-1.46252810221836	2.46960960952235
-0.800981426126321	1.22854448276496
0.116207756133701	0.117244086583117
0.577372014604234	0.776769530361201
0.103689521498023	0.112598171840696
0.329166632391281	0.331274991888722
0.356553151228973	0.346069299108952
-0.777967124784738	0.68812787436895
-0.200535782939127	0.142293436554858
0.203694626175375	0.151602495641157
0.999848665705888	1.36087458425486
0.207488323723423	0.14861811450392
0.126026773640024	0.0961276646817385
-0.581159532284986	0.439796001664691
-0.0659846523163403	0.0709734781438672
0.220488569312718	0.230692163776441
0.0447702654762764	0.0452446844958412
-0.466885884725906	0.851808597410246
0.407486299382151	0.765640268908875
0.472041415234377	0.526028378787446
0.741838900827708	1.05647611131025
0.141279698889443	0.128650316507236
-0.412735311301359	0.485084331142527
-1.00292342755005	1.96290000376607
0.316773594529292	0.24994051516734
-0.135771210386634	0.102325046855866
0.528804662318696	0.539690749532121
0.0733909643575325	0.0726089286423347
0.505999398072786	0.770230768284873
0.210987140183388	0.152220775423885
0.131461383795173	0.106129936517495
0.211891249973427	0.184263757498114
0.536823834189668	0.461829780353374
0.828558414742424	1.68888653013743
0.456213243902131	0.517639110511138
-0.0773911298656551	0.0678844381659888
0.0410600793726251	0.0528446040995349
0.539350332260747	0.697053778649372
0.0478364960677533	0.0477093971721506
0.297517405324564	0.415216900911726
0.273849472626888	0.439028536482946
-0.987861517145062	1.18215568135147
-0.649338525596243	0.63984930864012
-0.151835276818078	0.112717538384145
0.209210770711877	0.162103756278489
-0.300871143319794	0.281656703252284
0.207630108132141	0.160568499602271
0.102142863642971	0.0641136232726267
0.00839774728034333	0.00520314760123126
-0.416901521681621	0.254824437022491
-0.200167917371632	0.15955502296604
0.0470839547854683	0.0568868141693162
-0.287630927098168	0.33250924856323
-0.00257472608125118	0.00242871923616776
0.0967161990439972	0.0856507973400848
0.239369364260198	0.354665433018812
-0.0258998261663819	0.0216377230545228
0.215981554607741	0.156284468088742
-0.228589946869076	0.200549257716474
0.254610027501334	0.31037362715869
0.657144092306236	0.917729438605186
0.402689234186895	0.494774881902845
0.618942774393797	0.656978262117515
-0.087895000809	0.0683952453977551
0.440543896784998	0.575039434707745
0.0142933263026594	0.0132983086977942
-0.825321331193618	1.33743667932483
0.287717307090338	0.361331339627381
0.104750576989935	0.130400798532856
0.0711277951529146	0.0701112456367112
-0.0706117161221771	0.0836181854626796
-0.491332467441149	0.860474141349495
0.178782839244071	0.263672567583003
-0.750855510642445	0.933654771008548
-0.059271290327742	0.0478480192381631
0.0080784833408547	0.00536008217899078
-0.557744236566909	0.558519842685123
0.210332099712222	0.157806201730787
-0.0194212256576669	0.0143108946252095
-1.03343186653206	1.36978448724065
-1.30315071465044	3.92681382994035
-0.0584089379928783	0.0618939175479802
-0.269668657879851	0.346530143071151
-0.256681353693086	0.342248716533532
0.180116354965524	0.246831519183223
0.3579907944488	0.604614727861424
0.0952090686878917	0.0880621837000051
0.771021139915928	0.923672506996059
0.157917065162974	0.175634474369476
0.251852098546815	0.283739499917314
0.819724734411144	1.70203790358885
0.145758830660875	0.199549666044055
0.411361246167616	0.683021081918742
-0.0538683807024769	0.0668632299822878
0.0303956944112887	0.0293558847442352
0.0590152980163593	0.0738636092441748
0.192570597808605	0.27185523724727
-0.02671277363851	0.0310351688657009
0.570431272244841	0.719609702115085
0.325137505045656	0.529650972896836
0.156728137015034	0.168338543572648
-0.0542535930489066	0.0632727737458833
-0.516610779318979	1.04672977638794
-0.164353992702665	0.216549968586466
0.31223241813012	0.468194810762772
-0.324336101461408	0.483364703504388
0.0947534117503235	0.10600950198235
-0.355807430506775	0.476492781214544
-0.0401377955399789	0.0407690526003853
0.215963400149302	0.247606588472608
-0.130764924869263	0.142449363108726
0.11298700266783	0.11569421979247
-0.854816286262335	1.78715134859739
-0.948607820674701	1.59329425377132
0.338449387432314	0.341472143724867
0.160335209294246	0.181895699540873
0.736628968485869	1.1425690619703
0.256602189261552	0.256166014028886
0.372904506976962	0.423902861146914
0.139308469731614	0.171162394160828
0.62756264114478	1.27020982135508
0.0895692936884769	0.113246666384938
-0.0672918259963421	0.069862428900597
0.0824157359433965	0.105596910745871
0.296932797996226	0.523713933342074
-0.249705364297351	0.410549202325473
0.397302711641077	0.771754072249854
0.562571333703424	1.23972130535209
0.131363931849016	0.111724486215729
0.143056370710337	0.124846360733292
0.146362307311017	0.198171560033334
0.00274300644631833	0.00259468435271869
0.651007915406896	1.53065057035077
0.282337518520494	0.486029530078691
-0.367745031147755	0.618412765651026
-0.229087259882271	0.382204397773577
-0.199716210471379	0.266655804978445
-0.0594837706904948	0.0695983932718069
-0.0233492131303201	0.0234011161501658
0.321250792216093	0.467457952053915
-0.0729324640408244	0.0787823753588702
0.164949985662522	0.175524376194617
0.09737952600913	0.0876489498975867
0.156747043787314	0.163525713956676
0.113296028213508	0.119750456155072
0.35787887696717	0.437341065488589
-0.666807176901593	1.21980760123431
0.360642427977724	0.423373030682783
-0.79311901451488	1.65587313047622
-0.535263404958889	0.894590896239918
0.312015908950045	0.323366814604479
0.0362443779269337	0.0398163667277853
0.489165335372388	0.792344568537562
0.0276175187663979	0.0285777881124444
0.309344197019574	0.418601498235055
0.411267712105463	0.509310221943757
0.086964913793287	0.0950273297723417
0.0827243736559606	0.118173308116211
0.202441766832712	0.196208846963587
0.196959873028963	0.238582160454455
-0.413817674217004	0.584536673938132
0.428998047839465	0.654041857958104
0.162268093352482	0.231875627689173
0.278599470541721	0.475615657513447
0.0939105584034162	0.105105495121423
0.28628288233333	0.458968011433455
0.597817107951026	1.18739431256633
-0.077581341113225	0.115507511669608
-0.0794902742128076	0.0770906777221362
0.28495121539408	0.35539609053249
-0.183949234280009	0.196123437604945
-0.42321857681717	0.49184149084266
0.0108791748246119	0.0101369718664944
0.117994678201517	0.120902949137115
0.325193747907428	0.342449637608703
0.164332149909524	0.17828074120103
0.0553544287406754	0.0500497559789054
0.128331061518328	0.111464100339273
-0.0455868323347271	0.0411894016279878
-0.495062223338917	0.637026490519689
0.394569481531535	0.620383604355074
-0.328029154027588	0.374679506093814
-0.230082288483147	0.402879742617572
0.0428172634448047	0.0424610551592253
0.238534956856251	0.301331853255616
0.279279573546206	0.370538381869784
0.11542997516936	0.127447598686086
0.350890336900348	0.53394637540669
0.315827896782733	0.437832596443068
0.586685348349008	0.990922772251904
0.38693408778904	0.488489520529049
0.370678163804557	0.73497977334618
-0.120317027259685	0.179718071844284
0.121069721597288	0.166960293004384
1.09085898648791	2.47363216516496
0.0626572776054131	0.0727674624816606
0.161546484693308	0.185165870152133
-0.315304701646992	0.289221767845567
0.618503016149164	0.376440182510684
1.68482946698786	1.21793280425311
1.2782824125672	1.08973653479032
0.435482152026202	0.591289714757389
0.318444236296209	0.251326309783587
0.358684505005978	0.42335287414707
-0.280301423017352	0.26410897810629
-0.242094364868595	0.266497197695354
0.0337263012266088	0.0392561609741947
-0.0722177066993195	0.095174549082282
-0.309033826574898	0.47662389991492
0.183887711383469	0.269857908225136
-0.181951647476805	0.249335250437004
0.167124059866264	0.257832454625971
-0.0351773439422715	0.0377255898065933
0.233678637595509	0.302562544128469
-0.244449318559374	0.374464056865432
0.409402725538051	0.788413748546695
-0.000719174019108991	0.000790541675046349
0.426175888697908	0.79883831499339
0.251335608304967	0.377626679354859
-0.155795729474194	0.207331992548266
-0.0859348499562894	0.076842096366211
0.296342085640689	0.254516897371205
0.567717383415911	0.374818508041416
0.199457374559198	0.168145989142029
0.583551563960171	0.566629820580141
1.0137115968796	0.711276211738813
0.490326552276679	0.358018239938999
0.143173816186183	0.165887042517414
0.261289477974326	0.276242651128928
0.318822017831054	0.349758013783059
-0.0408617031847482	0.0290254791463868
0.424283244156024	0.853501233036168
0.402716359802845	0.712730097540612
0.118010162714767	0.139961898674165
0.217393788287921	0.261495704408363
0.0815138400680414	0.0742605083068725
0.121781533785101	0.0911882603050791
-0.280657120285032	0.153599793501132
0.383068464278795	0.241754933616956
-0.226870521009134	0.157754711687225
-0.131284536572028	0.13318470908436
0.382667331168613	0.352128112298278
0.33028541746336	0.340025032392071
0.858407716419271	1.13943378856298
0.198688017634593	0.205159167889312
-0.286200493633238	0.421840192297554
-0.392712956932487	0.765918831407077
-0.164712461108783	0.2242485187509
0.114500212151478	0.15139654281827
-0.142743046722142	0.18699697710945
-0.0334420166901298	0.036776129429602
-0.290745502790225	0.454817804234028
0.0643545239476208	0.076743186383764
0.313227623831217	0.49378350508681
0.488547839833695	0.992542651505896
0.436538388706359	0.802789341205637
-0.358406807577835	0.634527249789006
-0.046977113853977	0.0533028455927789
-0.194396556636951	0.251228789902138
0.113178571945784	0.0917149901600098
-0.644319865384304	0.746444950263232
0.283811268298732	0.1342922639539
0.0659815141999045	0.0753090511744238
0.0566998532828739	0.0577345499296093
0.112929055953166	0.110962584945245
0.0258412782994892	0.0212504162229408
0.129532549921844	0.142931394188239
0.257298948642069	0.24801447918234
0.252045487565861	0.379306935839252
0.648089343303287	1.45408359422786
0.0416089122754619	0.05128628036282
-0.0494205451055592	0.0480622966606654
0.366265247903669	0.395524095513962
0.232153932969863	0.295553601949327
-0.459419975478329	0.651312791132137
-0.45029149039614	0.432582825032276
0.237242624853491	0.133402047167884
0.820169917917113	0.644847167875468
0.57239836674424	0.375459879425605
0.276618804683078	0.275362683244806
0.48150824812144	0.350466502380614
0.00722561459075311	0.00565895984312754
0.0419557240178524	0.047074117814388
0.159276019455044	0.224134465743579
0.333030716567817	0.533198607275758
0.142439762130792	0.198457505317064
0.568234353656957	1.22265373002591
0.199190777685659	0.286780137674927
-0.0269626400428583	0.0289217028468875
0.0215143863166315	0.0242512933394039
0.161350250572358	0.226208371537817
0.321962753475628	0.555138188602559
0.152928705376647	0.201056175337925
0.294889426273098	0.453364133329333
-0.198862270627023	0.275812857002281
0.170274802092257	0.200165627616521
0.135417755464758	0.112274720765404
-0.177834883965824	0.12819728035156
-0.389993714505811	0.18152592398171
0.126844777205195	0.09880733641164
1.44625538135532	1.58282576542761
0.342462669806184	0.504474853755097
0.15889933269446	0.159792200771302
0.659807947851696	0.775310781566703
-0.0841496247946737	0.0744067136306039
-0.238470463435457	0.229722597466754
-0.0859946237568146	0.100952574376988
0.0201154041950123	0.0250064740017076
0.321474565267209	0.561837875772064
0.156320621751537	0.202376591304182
0.300853173927737	0.421460157414389
0.215719690446322	0.291024098808994
0.0463353507741492	0.0609545906753302
-0.0201070833912815	0.0248542171368463
0.0588026999189281	0.0615742400096799
0.290760163189125	0.344607399505691
-0.442109403788228	0.571074909510414
0.0129601401980226	0.0118402004704498
-0.0685728012509583	0.0470563910214981
-0.276435146113347	0.150113766950969
0.558126911507105	0.358426760373288
0.0681101788075743	0.0540715695596185
-0.156583471584552	0.206510082042746
-0.275859429088973	0.50195087313764
-0.302254387361788	0.53128464864604
0.169125223490005	0.225631400011385
-0.179598849484673	0.255789486427286
0.393927801262033	0.656701983363308
0.148726649508357	0.181304843093181
-0.105470216115981	0.131621068636084
0.0781260964336695	0.0974817841854492
0.0192118749679198	0.0228132979012743
0.0931509399693001	0.123517261800062
-0.287158102257252	0.417165664317615
-0.00173686138170517	0.00201889252162394
-0.202796807694045	0.260684884116544
-0.921261673244668	1.44220556077807
0.135990481493188	0.121365465714685
0.483057061469925	0.352259284067298
-0.0169018598012095	0.0100505356174931
0.118721418872449	0.0816579781582733
1.38649608807511	1.28137422743986
0.297608292508224	0.349172001686528
-0.160472242146639	0.161261120556404
-0.0998340155124448	0.087698016540502
0.382921582339819	0.520618955953117
-0.0381340466488603	0.0493326472896105
0.180185319848984	0.254877497909519
0.243310054600084	0.357982812379659
0.150154520012002	0.199977935951504
-0.0841681658739347	0.105258585272816
-0.0230577703371529	0.0234897490644633
0.174570035819536	0.208799169090573
0.0273017709401381	0.0346512781638002
0.786771292109604	1.64166303061599
0.604986539557548	1.02438894204678
-0.569268219604547	0.857989178909394
0.334828602239633	0.346655573619536
0.0499561733938697	0.0445087137569965
1.1495747009432	1.15204183415504
0.337206191184938	0.413254358511292
0.0562811212937578	0.0522254350063088
0.122970919991943	0.155291458652211
-0.37696135465264	0.667389832261943
-0.0529388858353403	0.0661687086441961
-0.14065215394253	0.205894433545777
-0.163330438137171	0.228602020601833
0.269633822234717	0.427645633969174
0.436326093219075	0.838995037333517
0.183028316437928	0.259072607204419
-0.19321571708926	0.276076190165739
0.0249757998853929	0.0322428541366188
-0.134390119362506	0.183005994648172
0.0286871870527314	0.0320412497062244
-0.461172973125263	0.912689749036192
-0.415867067556998	0.729094852711865
0.138482549598336	0.114597006412416
-0.90800356747567	1.08342069167773
-0.735475416376871	0.437945407897337
1.05837695833614	1.51624646791878
-0.111852041229129	0.0740056719641595
0.512458225203351	0.452286681589365
0.0979670387325082	0.0588746907043261
0.168688657177196	0.220837894456139
0.454168553730401	0.736651570941996
0.402376917241546	0.564862557166559
0.15601828014132	0.155057768017867
1.08051253400747	1.82139301462713
-0.0666510947737605	0.0711948989094359
0.11356114654395	0.153311419493478
0.625330773432513	1.38140147261377
0.424872238011896	0.826994096176599
-0.296243939357351	0.517474969412496
0.0925558638513763	0.122669109333664
0.462598777612579	0.76596265926623
0.173873526315048	0.247077830485307
0.299823032044753	0.423468816886471
0.291804484039731	0.597888568404603
-0.34988297285892	0.502942183830436
0.71413753731703	1.34681122753092
0.200570683479689	0.253151035799009
0.16988115081629	0.206063858928537
0.548663393392157	0.756601944053735
0.285862858164767	0.370291631724108
0.201650251423769	0.204320793974833
0.318820876549814	0.357794912347987
0.0570207868990294	0.0547775548251057
0.15615062306459	0.241271497348463
0.35408009820937	0.580164155138145
-0.451472531829345	0.951290226296074
0.0144162028655814	0.0169117475053863
0.0855844408552697	0.114622086943199
-0.151446354729698	0.217203141288571
-0.106053841406739	0.146789517541356
0.271754163145518	0.435700063910327
0.367931984377528	0.671840155330833
-0.458788225335959	0.95995913072076
-0.210306398964574	0.319882138303775
-0.570734171079014	1.26407077016986
0.0125383626227686	0.0135959565092528
0.632020037802522	0.812320510989429
0.068831900277801	0.0559053110791066
-0.127334788861698	0.0810641646136214
-0.473642403817497	0.484266397305565
0.0163424724543239	0.0105731799478799
0.299437440570021	0.434760177347314
0.327531384853448	0.450946823349645
1.40813388686927	3.1658199641955
0.007552091240706	0.00692568375044246
0.199232369494843	0.244295643123409
0.264196999308992	0.475321077097197
0.256539757743825	0.480973612925283
0.00660778850298764	0.00871340938601944
0.362193872379006	0.774400124384202
0.288756787932042	0.48777077077495
-0.00542135195411175	0.00594622971581248
0.323556848180372	0.564914789443059
0.0331159154009215	0.0326723667458058
0.209946855261039	0.213951045024152
0.681941877856961	1.21945044774996
0.583570404568001	0.648657816750053
0.761978336328584	0.635095385110666
0.585932398598437	0.726166829874291
0.208775433510899	0.181413556404334
0.129560340256787	0.107168142937837
0.32558620641657	0.342646619638344
0.437904464277163	0.741251323214271
-0.460843665985292	0.701767730534841
0.365602996764433	0.608751705670183
-0.74557977913278	1.44658368662623
-0.0856152231107119	0.09923082536791
0.342925540096401	0.50609115961097
-0.141997788585	0.161292327923287
0.0658228899690543	0.0689914597917444
0.0927921006024254	0.106198364336026
0.147725480716979	0.189443249115809
-0.124584815072819	0.158955529289978
0.262116486728011	0.349394833801531
-0.0179554922862564	0.0184381074342597
0.201096196222304	0.169412362691506
-0.795077471268564	0.820407970151961
0.277989934496976	0.132800198172598
-0.376342660833256	0.312317644477063
0.763542393276425	0.642689103610229
-0.0706311512463791	0.0381653754146841
0.950726353953812	1.50158956611033
0.246936161216147	0.261170776247757
-0.611074282866775	0.806492412696921
0.0103560347894962	0.0102210422084662
0.246350281896002	0.354869003373075
0.135869058012565	0.151586108710535
0.219330386216822	0.308262746533738
-0.263129814630188	0.397205273571788
-0.0112049709125239	0.013121891827831
-0.501135751962463	0.827607722148744
0.139573980981914	0.169097591093321
0.500476959964512	0.761577485156896
0.55378830793522	0.926600386088174
0.490192077598512	0.703832408963162
0.402920574601269	0.585136359872
0.379627449538924	0.510096273271261
0.708308141823379	0.79024331338439
0.140050016202925	0.138586706438034
0.302114494624641	0.34864538689995
0.173478928376237	0.194549451738254
-0.440356482967157	0.547037347410069
0.258602559162285	0.273835408216225
0.0802210115375888	0.100267800262978
0.659186154522353	1.63531315929889
0.238479752723985	0.362590318742337
0.473216321874745	0.97078473011196
0.221144989449129	0.347430018819486
0.033690561423723	0.0403786414783954
-0.17605176763516	0.25176792212147
-0.187930443046896	0.26248312172206
-0.236900554359947	0.365020786767848
0.0605312409209541	0.0646698735643688
0.263261711157812	0.393722245776854
-0.183093178816343	0.260342024252768
-0.296121786569438	0.375996348809527
-0.162605549855742	0.151489178082032
-0.234148143630822	0.224866689374697
1.05131095465492	0.983116711008167
0.357031787718649	0.332622842118107
0.104893089644562	0.0713949981537344
0.358210952688225	0.236975202747596
0.76673309782487	0.741502532676216
0.509495982373926	0.621260510500374
0.394585693356618	0.655550006095319
0.290353486419221	0.449202525196487
0.032151090520939	0.0336888362248281
-0.00998563921224175	0.00951225669446635
0.359231730576937	0.443197907280855
0.0714934749881959	0.0689865190675786
-0.0335708924393685	0.033907371865012
-0.0196642433220769	0.0246801568730105
0.499679260923512	0.890098873623574
-0.35102086762441	0.642587244309009
0.051919344310053	0.064069501987767
0.265192740405875	0.425685311343795
0.44340683349266	0.811816060190025
0.586963295166657	1.23328835259065
0.379596046984569	0.578501591818911
0.728807335713518	1.19214784191757
0.245124117988589	0.29228562786649
0.913703441061989	1.97891312311026
0.261466081115018	0.281307888560354
0.494745558416021	0.684040472043641
0.262781436973241	0.391598555640905
0.378987730003593	0.676202819535018
0.300575364810174	0.533093239939679
0.149630389358462	0.200865318146907
-0.229613288180402	0.378719499247505
0.418147779760744	0.726879495239897
-0.0295054157750736	0.0338214595722051
0.140920578480992	0.173444568643455
0.195772756156086	0.253452300410753
-0.347239306653105	0.515402871345358
0.119645813052059	0.13989330971467
0.733910358969227	0.892022338852888
0.219130446813207	0.233644493154636
-0.0247911803455796	0.0145986394337383
-0.03645939317143	0.0265473453532417
-0.293172123576742	0.22686047924201
-1.41852889105238	1.58552248350244
1.32126820942378	1.65178523518133
-0.262030596059312	0.267492017276686
0.290170005123445	0.362159604960129
0.368697347951378	0.545673598474623
-0.206854461485387	0.241727409778338
0.2037284325982	0.249694556494787
0.150905364134601	0.161611151146505
-0.20781477043419	0.229752094212983
0.441539208115113	0.574551012143134
0.0131716301753783	0.0135508927398587
0.206462231110257	0.309283281150946
-0.087619298502356	0.117421988720858
0.216764997821569	0.340902576647398
0.213630759116392	0.314496035020725
0.0882932108958271	0.114100785645264
0.491924088123723	0.816710781360592
0.0464423955764801	0.0434936349216068
0.429492929791676	0.646890797918994
0.401668998072664	0.492286156318926
0.300105397525712	0.463698744628301
0.270712910098562	0.382539046954274
0.261128018377707	0.428115731144294
0.587434744744469	1.26738237866376
0.125107461671265	0.16606852324177
-0.0681013635331588	0.083149682211425
0.188046591808833	0.269872919500772
-0.00487752534956755	0.00527204080627135
0.00254761834492128	0.00276746736676532
0.0472188352844528	0.0528042098848504
-0.0693134937063283	0.0476989526481233
0.0154211948314405	0.0123497368291828
-0.605334340610094	0.601945868412951
0.291826707731057	0.135880789044089
-0.720958041751975	0.699536831448244
-0.869366061603635	1.36208303631464
-0.0516868995597009	0.0599061633369799
-0.334944761720301	0.515901676856156
0.0593707797499879	0.0666031253606138
0.0893249833268361	0.0967756559409264
0.827226712454575	1.69992362593256
0.470071915876431	0.7323416155558
0.137919724612007	0.150115623574516
-0.592720178339016	1.15640299262943
0.0516150917489248	0.0624943361732581
0.149426808685292	0.192374260255243
0.145504304278525	0.208719094471699
-0.631084677614714	1.53131090407827
0.129644828372002	0.17221731462667
0.589491893904246	1.16517781812495
0.396067692894509	0.629212131073921
-0.0841590717829019	0.0866538536369137
-0.0931936430262543	0.0896622694622048
0.250139927844565	0.299960653580367
0.410630893919805	0.695710781552932
-0.287187188337568	0.406762698555434
0.428105148479025	0.802920914480585
0.134700556038886	0.187448136728841
0.189131977149742	0.261690778882629
0.117874784648474	0.0880827070413906
-0.0104829666526137	0.00782933111905573
0.205074689839014	0.168558703336632
-0.248923412726586	0.235772777896484
-0.382474368951019	0.401671305381718
0.381385919727648	0.489794326206592
-0.346522805179132	0.495135423467198
-0.284203402133835	0.326427197545647
0.155240736630168	0.195119929692074
0.579403478416554	1.01514709487176
0.596102243690711	0.943022178852365
0.57613727401601	0.870136182059181
0.0729533231410075	0.0620415418849411
0.0769827343981024	0.0790011512121205
0.210678407368976	0.299842692393672
0.0446062675412761	0.0530601634247617
0.653416322639751	1.35804187693051
0.0888000424967259	0.107069142341983
0.10902135288491	0.138608627064965
0.282528501579391	0.361308152886591
0.104472379460329	0.136838397246874
0.342649694535046	0.518763424615719
0.290814906531963	0.438147347363657
0.694168719848046	1.1923205987815
0.171784912406181	0.211830615263601
-0.0232702733712676	0.0230370375673446
0.608765258219132	1.09811577006353
0.237233588251442	0.312458249904934
0.199987935175408	0.237801187720419
0.27118962650537	0.390441965241093
0.0104797801393305	0.0116072614659923
0.277103643631692	0.386992629211904
-0.0214141167226305	0.0199678367061579
0.310225077336897	0.417080830870146
0.378231358792607	0.34822559849995
-0.0753597292716097	0.0709849114091201
0.524415239951635	0.746485419797018
0.400429508004868	0.417232427905073
-1.41307875281262	2.46865178481159
-0.172137351150523	0.196585694166381
0.0223044644498206	0.0238303708931372
-0.313833771288916	0.469617564001792
-0.100198847598338	0.119130406556571
-0.0289400703234661	0.0293050955049629
0.0552574483598586	0.0651924290195913
0.466149540371249	0.652369758450227
0.0814223823741639	0.0836515911961573
-0.148721203195209	0.161565591327228
-0.0664071295628225	0.0749352220886196
-0.365075235010462	0.57920885817268
0.463052638166704	0.916681909323978
-0.0162493481931176	0.0170375571824654
0.120954978426778	0.135579366548647
0.336903728742327	0.464976806630183
0.503922097925417	0.915390059455162
0.189290246678812	0.239756797784821
0.891502819698087	1.17871736065978
0.366867347759036	0.500598481403877
0.575621581729132	0.969111388089589
0.628884856810232	1.03456418847183
0.375937358527073	0.427298056621866
-0.389876011717846	0.435131786777153
0.0705436702992975	0.080961195625157
0.354134983200883	0.573086732685292
0.369641064532898	0.586095378382806
0.100726962565063	0.1162628295225
0.0772990044650592	0.0884813286878228
0.462450475135006	0.755096573053865
0.279500895244215	0.376036362408656
-0.628420235801294	0.946600644984932
0.262989858144161	0.246053787347997
0.401734851818649	0.336988844760624
0.430453598022198	0.432252336643776
-1.37439650343145	2.00639856889304
-0.160559894285612	0.100598628812321
-0.410241330494566	0.362996905901717
0.863131233931719	1.50672150646846
0.207164330134459	0.255834790056509
-0.0763765784787397	0.0904799133884407
-0.581903619748874	1.01447776063406
-0.621808735477407	1.11166173054493
-0.196626110294128	0.242029933579973
0.670965143302544	0.984962176045588
-0.204375705539795	0.227582210145992
0.126356815217677	0.143476356427305
-0.212934102010809	0.28651517810634
0.526894994141421	0.85990740540591
-0.58832575381106	1.21117045236551
0.34262664604153	0.565347749037472
0.576432199088046	0.927518742412927
0.164870905312384	0.175307225339219
0.219676843204865	0.259317153523658
0.418696667213969	0.777550015245799
0.12480039424261	0.176321113453782
0.28915197806335	0.362373044901216
0.148264836393017	0.149026179487614
0.258391228800242	0.261349757139226
-0.419480312039676	0.343233560236567
0.205260126373558	0.173414763848738
0.340568537152333	0.236436685948815
0.125550865514393	0.0860054013570983
0.568806058344859	0.552571140772321
-0.537079783812468	0.803954136567607
-0.231407184496059	0.345554788639962
-0.273660385551692	0.430861811038897
0.213696818771534	0.30610666881537
-0.126032591876753	0.16391295855327
-0.403389802252533	0.548283352729845
0.194265511108288	0.246327821102009
0.0490152761397045	0.045313319698333
-0.384891152935403	0.67874982409889
0.267608382610261	0.382642753451272
0.137088169120377	0.183952320512319
-0.133316713042756	0.183258064986627
-0.640661435829602	1.49257658406938
0.262957429666462	0.414145796488645
0.390838808613535	0.640854773149276
0.269324065454613	0.394624952735086
0.115312677141956	0.120048196731308
0.112984684106008	0.119492526125618
0.52576551606935	0.928516590346528
0.393849445222724	0.585636690321051
0.246847242022337	0.309317151752511
0.297185500459005	0.335119971445396
0.0268058954896787	0.0220997065241306
0.225941617481624	0.13534954282456
0.576074476588474	0.635298104302846
0.116731800298337	0.0884369108867547
0.720250920877601	0.710631712412836
-0.202932305366185	0.144979221148203
0.170616542409726	0.181161718839967
0.010460139135092	0.0107172251583861
-0.0977852743338739	0.1224780878366
0.0740590701621536	0.0888422352267225
0.13325923027757	0.152086531404629
-0.176742761226438	0.188376185177238
0.281496994248754	0.341663311120476
0.684767649832849	0.919678660757722
-0.676107365462781	1.34232723428855
0.141764358133775	0.154988519443206
0.0188488961518634	0.0188049575315893
-0.207152041718108	0.271292526858472
0.370022857536578	0.581266159987607
0.179237712819053	0.224516407277609
0.451211578922896	0.596160200180962
-0.0351594191436343	0.0355903635146999
0.297391320544719	0.34160996655407
0.110918563680647	0.128962652746318
-0.21568894248201	0.208598825580974
0.688334474141633	1.11233124559417
0.327159768383166	0.403391445879293
0.653040698220578	1.46975791632515
0.287164578478072	0.489325161968035
0.649131118321275	1.3817655999851
0.480647501921933	0.742371648564292
0.368546855908377	0.578329338479681
0.377655430837013	0.640712963473813
0.3200072213123	0.525236324959099
0.448113569049897	0.670361688958673
0.109953668457467	0.131485756002369
0.465926308341263	0.793802753234809
0.91572771524526	1.98251974158083
0.440170987209015	0.720286714608362
-0.12826358032501	0.149727290169042
0.304284276704202	0.329205950196664
0.0211478569264139	0.0163936664246013
0.279765114536389	0.265173887413821
-0.15391899652467	0.153574887387042
0.863224929097978	1.16310911518617
0.688427182396873	0.697474658468911
0.965488419155257	1.59200441927236
0.151304150116964	0.154254212696171
-0.180180978694671	0.238767655783534
0.34783614977919	0.578373949503274
-0.253841935135463	0.370165204957982
0.267656484544672	0.387787082676153
-0.236126999318863	0.285356366624623
0.165775874628798	0.182814530468522
-0.273646421441635	0.318144824052469
0.413970004305204	0.751550729128266
0.0704901830041205	0.0896325831918302
0.361291968726687	0.64922072630452
-0.342973606759385	0.588160946073969
-0.106074026521257	0.126491945164023
0.516683915768607	0.841895206457494
0.675423161236602	1.22897941613417
0.303954580847046	0.439192392380498
0.115252573499521	0.125782217538397
0.1116827616957	0.134662723533386
0.391762144787995	0.49880112110812
0.580276825285423	1.07785482354823
0.194791937345267	0.20478047157248
0.438937349614167	0.565500152061335
0.228012753142333	0.302120085019474
0.0290457105385959	0.0313618797049603
0.212127256021715	0.28587776878233
0.770461553889839	1.70257496573588
0.163706687064313	0.190366559222722
0.123361983559633	0.14537086024214
0.450528275124235	0.661589503493505
0.0869482337050308	0.0889695266979451
0.211258157552239	0.236528181959487
-0.120432202779784	0.139768713552229
-0.226090645171242	0.260314371606634
0.474661360536554	0.591090370114628
0.106658383972151	0.128416718575871
-0.411293006780796	0.4843575551715
0.521766628968426	0.771793437454765
-0.205687830883927	0.231345293470521
-0.609173229403882	0.638436660039109
0.256356464980313	0.270852811260043
0.276222394633971	0.240608817191415
-0.522008991097885	0.485574990889155
0.106426579488609	0.104804448461129
0.327242747527768	0.45712386465658
-0.461787327147942	0.922364627376754
0.237217684556123	0.316879395191331
0.367178013966228	0.616511033418203
0.0748248485807479	0.0829842670416432
0.343381716646145	0.44062686922469
0.845826666656042	1.55166874140153
-0.255473828847241	0.331125718607903
0.0975103432806353	0.104903768875771
-0.0985092699422492	0.108807353793262
0.0636667914081093	0.0758319954044876
-0.0242169074276544	0.0245711314044284
0.147253137268284	0.151115722743507
0.0268529877159472	0.0277584687405961
0.154760198069761	0.161005062618597
0.316011118433251	0.431311000660829
-0.160048493430106	0.172379291978597
0.00507443527649492	0.00439991483586729
0.0223025671101426	0.0206954575298471
0.923117426739948	1.63932008957071
-0.409935727606259	0.578680296341988
0.519151018561236	0.67707721022955
0.452267793940517	0.523925637243444
0.407588392588971	0.510338122838752
0.207614075043147	0.230982905557711
0.584533918096513	0.647466324318513
-0.28664389392159	0.246449759709309
0.198309587156899	0.159850780843593
-0.254910020599046	0.256645664376992
0.34159060164938	0.248629006366687
0.321107554180908	0.351917656133854
0.209521945141892	0.150210980083559
0.0268556246942427	0.0245851826221987
-0.344621397517576	0.368527270598797
0.589666087014302	0.732251279699998
-0.457268675990798	0.532604468082959
-0.334591793819044	0.377944270969447
0.135266792187534	0.123055144441008
0.717632003440391	1.03317187004117
-0.157665965072883	0.179872204670545
-0.0443464566394367	0.0399826712578182
0.0480458771240719	0.0434791467964699
0.506909933998553	0.673423680444479
0.078904044289446	0.0676889861727803
0.418859087287232	0.511126193454538
0.805488716242657	1.11089301842137
0.530911826747247	0.776546563032291
0.62630635464986	0.668491736931793
0.483313349491064	0.507432178546443
0.383668356444154	0.429264584797942
-0.589635441702137	0.74032294730134
-0.870034331826161	1.40247259388526
0.644696119855652	0.758503733435657
-0.661773788938648	0.866310538739788
-0.39133709222243	0.431637499513029
-0.986798039110497	1.18068028786898
0.268364026967412	0.267403427029029
-0.0291241323567519	0.0211233670757644
0.525558942057273	0.527457997396581
0.331549374736618	0.242678783864241
0.907932472434769	1.10020564321997
-0.293142015670733	0.273112341103023
1.16717172563432	1.39436877217219
0.536301809301836	0.550396507344387
0.404441130481328	0.340063351327
0.199843391156929	0.334092139393546
-0.189320985703355	0.196402957502324
0.0834436190703153	0.0857878887950206
-0.66251727674522	1.17897269382961
0.120849452263498	0.154650303822662
0.20696102010145	0.334422718042196
0.25699195588036	0.425833181586931
0.639884820105495	0.904013367447076
0.210505807896241	0.232001079923927
-0.0569016135818649	0.0400579736530955
0.00600176441032511	0.00471071683150523
-0.378018743817393	0.369420590708166
-0.28059670661719	0.265575722419074
0.299711912602664	0.243177916071348
0.204117537746718	0.181664526947171
0.0527728434140871	0.0394614948352238
-0.462541276385246	0.366017360737409
0.49618813087203	0.454654826907903
0.731266511250667	0.799869592924963
0.49394195078458	0.452472955414708
0.492327221732236	0.443258974309102
1.07656278581665	1.20345024313534
1.42746717303839	2.07188197736807
0.497363729272337	0.363611455807567
0.470606505498415	0.362115089462949
-0.0679593384213125	0.101192669418952
0.251008929411082	0.320346005135363
0.369680169018306	0.624928843436134
-0.459898730482486	0.765226019495454
-0.20073205864739	0.338103358810918
0.0903665190556635	0.154789448081129
0.159220686094962	0.177618147071873
0.425042441601316	0.351473407440793
0.108686401310385	0.0743124178245478
0.106356418615364	0.0749936479997
0.778654308415088	0.531887138507121
0.488509333065969	0.35796990780531
0.229834830414383	0.136658538153366
0.935826631573519	0.795428886537759
0.361878112456182	0.332739161809836
0.0024063107853072	0.00152648870621945
0.228330510511451	0.137057322412434
0.674410019081036	0.774582584661251
-0.118037990284433	0.149673080582425
-0.081356704065989	0.100613640371315
0.127211882766751	0.109502967762774
0.736060992368159	1.45238586644235
-0.368972943336384	0.487455168736488
0.583066007718792	0.715448755838054
0.490189625118985	0.751042662786051
0.13394295360139	0.163498815785592
0.398169284697106	0.635838451004492
0.761726277648926	1.39003031611166
0.288914321013786	0.362197982419987
0.153716571898601	0.151080212980426
0.356587505745589	0.488287103764039
0.499545060270671	0.686203079189051
0.762612396742239	1.28926326805389
0.215331163895538	0.21975570715225
0.649203639672358	1.22228238684663
0.0476914416701025	0.0502659032874269
-0.295816887063564	0.360912529965724
0.640440977131743	0.595597581946213
-0.0412948292466454	0.0335428884515686
0.599544055910168	0.801729602762179
0.371559095024255	0.340741826691091
0.130959851847497	0.178135410379524
0.277402833548721	0.416840144163357
0.245005506145618	0.319434962907197
0.763424443540419	1.32270175559803
0.536064115222097	0.839366428068088
-0.0338258516031647	0.0365940357266013
-0.0841946818279859	0.105815615257478
0.526563029919517	1.02180263667349
0.111001093472443	0.115321873068705
0.198965123885303	0.246173466391733
0.449052528268252	0.601594457912214
0.44744042940268	0.657429664702281
0.151902479316986	0.157724187554514
0.408850352886825	0.531195208168283
0.539735515369762	0.9220248382515
-0.359925816670518	0.44610032864729
-0.544604817637388	0.688009332935157
1.79218001208991	1.82188748751974
-0.10593912705831	0.0891862464707929
1.02369320279837	1.24884031124774
0.279149570023835	0.346973203555199
0.056708484178293	0.0625664115996093
0.652068470373759	1.54191244812723
0.710217674523003	1.87428990688247
0.111600469853599	0.135204027352126
0.273820277036004	0.364570772337296
0.216120274770967	0.229054080411225
0.491742605157578	0.958354412691924
-0.08308518784593	0.112549851961132
0.615445273312614	0.967396038688002
0.257899874316118	0.304787870360701
0.14772970003553	0.211700930618239
-0.511111496105275	0.619873043997029
-0.0768075866391908	0.0598332824279936
0.598134646633895	0.648773490965394
0.488892578707356	0.531769207640333
0.905690642200841	0.914937867220059
0.094750485381233	0.086789509922147
0.275604246124209	0.479373527154535
0.469506329868541	0.729374016805098
0.128643757458847	0.109002447556742
0.379441187578834	0.341066339729064
0.440404415652927	0.351622014223661
-0.142041628542485	0.0904677490912336
0.336268920495684	0.245213707147643
0.207996403977244	0.146874790557748
0.165189903931791	0.169062702369645
0.282679956214286	0.376006210426443
0.256230007722023	0.43807058132035
0.259337693771277	0.468222298213419
0.115102313718624	0.175299681035377
0.226147305481214	0.30697948570827
0.151209028143984	0.181240186327289
0.415829401738639	0.627177522410643
0.602505538422891	0.577199090982372
0.369542585924485	0.341209590459481
0.824526984476425	0.771559444874131
0.212372837567974	0.147450061996407
-0.38612618278384	0.346243098771502
0.0891811774731914	0.093983959804608
0.223125097738859	0.393451826322413
0.39570989705461	0.796570701372933
0.0514509288044796	0.0704353951318123
0.0224054404554922	0.026486194298459
0.193316332916571	0.277463995080187
0.110035534140009	0.123614432672749
1.09829541647486	1.45610831643614
0.220054618752984	0.138669867715243
0.762297842738418	0.91067236173621
0.45601435855846	0.724348809837331
0.310372306624441	0.582305740633774
0.460739921585909	0.857745748265441
-0.0534757683218097	0.0647565625736784
-0.218529945468354	0.343484949905722
0.233080475332756	0.338591398681841
0.110949555828584	0.133419291502669
0.376147598923563	0.568505131593178
0.545606225752357	1.01067650379454
0.530753877819667	1.12034319252744
0.338731531254217	0.511262923952691
0.215686446256791	0.301884034365698
0.708931718461245	1.40432208286
0.228547229500051	0.302372700881824
0.298771773416062	0.329574959527077
0.167639593997278	0.178580465421795
0.23686799650478	0.289725618878627
0.549431252596924	0.839495841326295
0.0735836495336735	0.0740470771578895
0.392882336139217	0.511004430863844
0.38225269142449	0.416180665369713
-0.0520292406659021	0.0417633225694594
0.00124594325823458	0.00118133873945882
0.98617758674895	1.53226847844518
0.309013956607139	0.250945202534529
0.574453163942148	0.473341358877171
-0.151930489900443	0.127891734174248
0.289234505057537	0.248842773708847
0.198352935036679	0.174812312999117
0.089917879303894	0.0774867092040381
0.320156530196884	0.407602573605758
0.178474873820701	0.238953934637282
0.166756103213852	0.201857549508188
-0.00050263042781073	0.000431094377136426
0.472992521142069	0.726913451370486
0.288698731394598	0.362195623294168
-0.0621136707737816	0.0688452676091368
-0.149124924434413	0.162306454594544
0.493967271027644	0.680039214577348
0.207756203540894	0.245532614795319
0.0727742222154047	0.0721220843005265
0.765735318166415	1.15073402885301
-0.0102911929993138	0.00963807925825045
0.662180028223911	0.994258302817031
-1.11270978105964	1.66361760764935
-0.142195873674983	0.120679481659839
0.474732306554559	0.5289609826603
0.453052393007618	0.662674405051422
0.441371499874882	0.506907082439562
0.130514149256726	0.116943483153648
0.257989629631469	0.28900871861079
0.45356418165282	0.507732980993783
-0.119606362377164	0.101767895462274
0.817923047506871	0.941934811185657
0.600167597694403	0.801682661663276
0.133943916460451	0.113814921154645
0.209123988514662	0.19517709262893
0.439127302507337	0.34363499274975
-0.154217218445667	0.113958344163704
-0.203251944428544	0.162379454094373
-0.417495454510131	0.336864697036909
-0.454964373516024	0.401843773174321
-0.545587843126124	0.366734505222342
-0.983817392769034	0.813877419945
0.483023575129615	0.347090634928698
0.101904879503053	0.0638979597179922
-0.734919176179023	0.438576481176407
-0.204051185916862	0.145633493945064
0.465678037613799	0.355690994461013
-1.29003691732193	1.50025436350105
0.566727659083066	0.473339447335405
0.577039920837171	0.710642464457503
0.471333354298592	0.661634869808945
0.283432288654347	0.366247410881627
0.069587337553761	0.0257524688016311
-1.55688722255778	0.798248303577294
0.46419993653085	0.161681192730322
-0.681883910272784	0.330562907617359
0.628161163214967	0.369298390093163
0.378897858924754	0.147146767661018
0.0791047998989641	0.0289636685525662
-0.690508949007889	0.335153592853326
1.01197498906891	0.584918143780659
0.0768152073750452	0.037352027175883
1.17103578466198	0.740607123554233
0.374015819562388	0.145789427860504
0.076118550762275	0.0248865991922922
0.209988030422569	0.145687294985581
0.437650502108668	0.729769806510373
0.074234472888677	0.0274305829074115
0.521921382353727	0.360662392645668
0.249496000183665	0.128227108456223
0.317291564968796	0.137090555276539
2.19246499679149	1.58571559287103
0.827227941132473	0.429558706524943
-0.215734039191936	0.0794186607996413
2.05317986741715	1.94916692633855
-0.576564797402449	0.306842950005462
0.52828749674745	0.36787903769192
0.701294260885976	0.392778843056388
0.0635437842343797	0.0283480689212868
0.388760327790041	0.244977126482085
0.0205461289543995	0.0138102545155784
0.671200380960355	0.602168440378763
-0.236207725003343	0.165712465347948
0.844501168765081	0.859478575575713
0.698029194379151	0.778574546913961
0.536019443313171	0.46170436437697
-0.661242921898948	0.484189243983924
0.379907066823094	0.323613474455439
0.291926829249179	0.243277224254171
0.1333967890323	0.103299383769623
-0.211632823721269	0.20329949895453
0.600780770704912	0.724796883074837
-0.349540546540241	0.293722920541953
-0.0945795658326059	0.063865793849684
0.423448900732741	0.348287297144112
-0.786738090652532	0.809683715969561
0.739242393328733	0.90117508634923
0.391890832446086	0.340554018169013
0.0845017601325532	0.047299611182214
0.459516650198737	0.351816787881136
0.601059025172915	0.474290146662049
1.39208125321952	1.27998198699929
0.101011609979997	0.0634916066374626
0.876711018629758	0.550128572718034
2.05746407561824	1.95300099451935
0.65809812462576	0.887521380558885
0.364795652870084	0.140096442696446
0.835054561407949	0.957408693802589
-0.32311299811293	0.298717755921165
0.127574607570227	0.0999533401621969
-0.199524082054773	0.120365810183172
1.1605417225661	1.29570163260705
0.394871626654587	0.344273642835533
0.810385975753613	0.750322998272311
-0.295358306128221	0.228675351171737
-0.370229308167948	0.304091231797665
0.451059409084949	0.441493623787165
0.575168450316749	0.476824807239281
0.439832449754068	0.351339974029854
0.20695405408405	0.206622187985156
-0.638466100244104	0.912434203219174
1.27047411080225	0.545147475204001
0.282023117184943	0.414262496319881
0.824315701064536	1.03462828498231
-0.149068225896502	0.124935508716177
0.142150700997998	0.136004333206869
0.193644781252624	0.16138733591195
0.453954777191521	0.571101252571271
-0.258918904270271	0.203382325030299
-0.137677510889945	0.10422644018632
0.119130193614418	0.0899197316592774
0.0736154864369118	0.0599193310114248
-0.342351144305494	0.332175690069509
0.356322890731205	0.3523656669215
0.734765361342156	0.890985151844132
-0.141848281485236	0.131104695789294
-0.223930699848787	0.211998826730656
0.433264628128974	0.520536618873169
-0.0745660914346092	0.0670741552311093
0.663361943229273	0.926673223113629
-0.173389783047784	0.186374037595598
0.405228174827435	0.410612038254236
0.53157587537233	0.626587720307772
0.56011957388359	0.865988020602939
0.405011606015877	0.344389094963398
0.11431479231322	0.0815805871081958
-0.697880921905765	0.571766617675734
0.463095272396279	0.514641197861262
-0.608647023161598	0.50989523548589
0.337279764183487	0.24456977341209
-0.228771273894516	0.131333029400747
0.331897965882626	0.242849692287259
0.0903207277212445	0.0540974283548201
0.00123875444376877	0.000836189685034482
2.85935925570119	3.27876636683347
1.15189550405299	1.15945476684471
0.385683803819247	0.336774689667924
0.228737801936803	0.137211659909631
-0.415060146565736	0.404168829040054
0.873313047659745	0.787325672379705
-0.0749809761878649	0.0739132990243976
-0.154576266342368	0.154590115757032
0.343386266393722	0.56700530418614
-0.130303959162904	0.161488592198046
0.22075706482371	0.295092000925699
-0.0158049268168057	0.0160158211256043
0.0257927837987449	0.0269768269065188
0.332963379720884	0.441223773191606
0.486883886350413	0.615186369244467
0.216182452209744	0.26348190395492
-0.486960357321459	0.340809171207117
1.01716756955451	0.714438498958288
-1.127944997858	1.39008341079239
-0.279818421737283	0.153501073156903
-0.471861364277958	0.200899221696111
0.0878591570499807	0.0525891815284892
-0.114162661749609	0.054974485260701
0.486057322687358	0.356917634584603
-0.120029888457687	0.0580720819382426
-0.232245363993887	0.134849938444041
-0.973204916080087	0.889573869430747
0.462512991175857	0.251582990746906
-0.194337207660197	0.116555923636115
0.278630631249217	0.132876375328158
-0.856903077284848	0.86931877852252
-0.261144632313974	0.174112107070069
0.196480467286977	0.24111364788799
-0.32608479069965	0.434235402829779
0.626192457683071	0.194952303748009
-0.23212502232306	0.312644551925539
-0.167614523741235	0.279011419341092
0.23628169386287	0.379641234458296
-0.575373844057391	1.35746555594383
-0.00392852989006791	0.0049454291955166
0.408190878781414	0.57894302266355
0.99159584322528	1.3519756918893
0.88379910064777	1.42303882755279
-0.324267413126434	0.300883357808126
0.387699898628284	0.423493637319928
0.705843084009292	1.03785284409094
-0.449016238244714	0.464764187175998
0.886292543737583	0.994878641168267
-0.47759996212655	0.450490835805523
0.517610207521612	0.619603294826882
-0.110779136549412	0.084474579350833
0.0905723636855362	0.0537451845760607
0.207490203204449	0.165928812972957
0.137467834399567	0.119299319018642
0.518150939174834	0.462128843913118
0.495050913132042	0.449334490824099
0.45735113168911	0.519518432539839
-0.0815299630728633	0.083868033509058
-0.18825372059717	0.182550966848304
-0.576668396996831	0.304699132875836
0.265795771924513	0.292467921159577
-0.0124687752087969	0.0118153169425609
-0.25117500807854	0.303218026066613
-0.435193614824844	0.52102232069387
-0.00299564658189162	0.0021985881882903
0.753596452772019	1.21285308725115
0.638042423239369	0.746374200827422
0.0864897779066433	0.0762207554513794
0.442092265853896	0.435537347708976
-0.0396274546224973	0.0327140688808904
0.277103465977216	0.257257694615449
0.803622408726999	1.20310459877325
-0.157248282183777	0.132749742659732
-0.223379903526428	0.211872270368763
0.632097242141134	0.818286805277375
-0.936014293448874	1.00599335586235
-0.603591071598148	0.601059744084536
0.121041577109991	0.0920524383563762
0.139349709850966	0.115731530252305
0.283074077432822	0.255240745029046
0.206305033711733	0.158224251055527
-0.0557451812141005	0.0390090012711811
0.359207800618662	0.400295911787294
0.0694044712818765	0.0673587473064684
-1.25295339392686	0.697038675062265
-0.139340864527729	0.139144266836539
0.249851019659861	0.317463681103139
-0.180612305039145	0.164140118458304
0.128540998417916	0.100211206924255
0.398456624691187	0.519408790213067
0.321081367236157	0.244025208764912
-0.128474756668405	0.0822402131811932
0.425022447797466	0.350772341392787
0.200113988983213	0.171520242507166
0.861212587911336	0.769403316148882
1.25875430897776	1.22336311998392
0.117065829601867	0.0888389709770458
0.224693456280105	0.141237530562488
-0.0111789719816259	0.0067494157468425
0.217864258790241	0.151624177091412
-1.43598408846993	1.39268227208661
-0.127983616190462	0.081747429417478
-0.116672943294059	0.0766637117528605
-0.0523305783744016	0.0366920375278229
0.873321436384905	1.5846735219093
0.335325819516279	0.354746162749765
0.464318818128795	0.16335416808787
0.569862352629887	0.80421827877496
-0.0269757784171697	0.0324567654864937
0.173188909844787	0.224152458315039
0.160948150743348	0.16453870833224
0.35773682526631	0.418076936123577
0.716351440831277	1.18730311219523
0.500075605165133	0.739399042089139
0.459468832773944	0.679119876050016
0.448069169542289	0.575610679238043
0.208696698222998	0.135866670363309
0.524693291675457	0.259942760347575
0.0995244647084907	0.0653270395266225
1.16495683684624	1.60584879510233
0.491656416332174	0.361673801107696
0.45618680681949	0.343210011964174
0.298610623875784	0.24012034387535
0.914505598745748	0.921960072790026
1.44763170204098	1.59352999836259
0.869601207534124	0.789365127118822
0.459161750336598	0.24735208752305
-0.00255656592283499	0.00300505184366289
-0.302494846947703	0.439051554316814
-0.323912840742877	0.490734189193116
-0.124646773203659	0.162572163115898
0.301879929523046	0.347643011970585
-0.00509121585440046	0.00382556127898034
0.541261049645374	0.993923768493329
0.0541731819347132	0.040503233635583
0.142501030566251	0.138886446117904
0.427711484801861	0.511814185889228
0.380486483693222	0.442135187733069
0.130623570607048	0.10839737347733
0.389983824999323	0.58364163012671
0.527710904748112	0.765778845230621
-0.0809004607437186	0.088470670435414
0.255776726169446	0.311163548307341
0.448556923311182	0.597184781574706
0.17811158067664	0.231839900950151
0.202986311586412	0.255524893053366
0.0354082538212312	0.0304223547720623
0.0348757003537697	0.0410114170659366
0.90964290482514	0.682427572967708
1.44934351416297	1.15476789080656
0.0901534283462013	0.0506353390723725
1.38373358136613	0.831527950810364
1.38910107135525	1.2561891188878
0.519991898643929	0.455285995772367
0.471203491665086	0.524970209334295
-0.833778883959306	1.37243142262659
0.080301058649614	0.0689422199632452
0.481396752529436	0.682028330359956
0.568431854480474	0.983500165714244
2.49732683969002	1.33863707234057
1.17399255170163	0.766088544110052
-0.007262636017675	0.00440885035451811
0.712961376724017	0.399807063751756
0.417497845033211	0.245987755178054
0.579203369498661	0.565521821579128
0.213075146016549	0.170255705558414
-1.30749535102256	1.67695314622499
-0.255210272492808	0.216937495444503
0.123835286010458	0.0968343842822347
0.269712438978023	0.271572751107047
1.07706285588228	2.26545487129497
0.0315865946651871	0.0299687101221514
0.362455231339645	0.444506415584321
1.26233844605302	2.11050872341506
0.0777846092601253	0.069028639724792
0.631463981430354	0.387159101049353
0.903686757394843	0.673021967784097
1.31047442363152	0.941895404013317
0.983260240509633	0.361648141884026
0.565986852253666	0.373776937352319
0.0861240597616357	0.0283812447522542
-1.1663387915426	0.353796776180306
0.75900320377408	0.636019344319
-0.0436564802521603	0.0248704812585181
-0.0721890808235474	0.0391305416043505
0.4515229154257	0.43176195034578
1.5684040786354	1.3627285995101
-1.05371181745136	1.31101551122063
0.408848894040053	0.417913601502984
0.396742313324903	0.42314643792438
0.12780484667093	0.110329564748844
-0.0556543336551704	0.0390093590833409
1.09960995524367	1.45429754370636
0.197021022450169	0.178274599684992
0.352527650846387	0.4423563305147
0.373514502534244	0.145732055908002
1.38010680411763	0.823413300367422
0.0854460073255212	0.0278533765603429
-0.636519747219715	0.154206502671366
-0.1154680459309	0.0557045397037031
-0.737757223358709	0.443404521249875
1.71630810991316	0.922435354836544
0.0862265327614233	0.0487007142146216
-0.550774263718529	0.369237875650489
0.690798485187192	0.489843644304409
0.706598277540957	0.516249915092872
0.802909888225919	0.744339339529703
0.211707437127849	0.152918656049757
0.834390274318247	0.957395906708896
-0.422911832693581	0.304319756778095
-0.324512907357475	0.245242562367617
1.51929212011422	2.1205722766959
0.199026404294946	0.185446932203621
0.56634319727604	0.466180282769882
0.305751271164772	0.338994412276208
0.20391380798993	0.194648635546801
0.377345189433117	0.234864865403706
0.375060728425886	0.246734715484092
0.357826860938243	0.247627644982443
0.6224813462881	0.192778829678731
0.464584360784015	0.252598123292731
0.102474476101686	0.0297923181105043
0.101786250320483	0.0296355349486725
-1.06300562581608	0.524638448617839
0.280728775646163	0.133555420979643
-0.309867053387067	0.204125171311204
0.349084244702327	0.243029463972938
-0.788797376082133	0.692932964292998
0.626826008494556	0.380191871125247
0.574340361921676	0.477479654547749
-0.379043749637221	0.314634066251407
0.779378517276511	1.09968524380485
0.420123621674469	0.420084806378599
0.301126471355253	0.244044502176995
0.105182990648109	0.0662051408338459
0.215183215705876	0.27431132095134
-0.0111440128456348	0.0095861762444398
0.945297676002349	0.817337441852338
0.292333923006938	0.242777591448813
-3.42549149300958	3.32372542301039
1.0013029979192	0.570490967049716
0.326505904061757	0.139458901432557
1.44207339037524	1.14938153035689
1.78406171894374	0.676235325571217
-1.54465454702151	1.05325113043913
-0.0509769200942858	0.0288507608354386
0.273224819817647	0.1293453902912
0.075823156386611	0.0399529503529545
-0.790626302441132	0.812185012503956
0.106794564594073	0.0705785687024168
0.209988030422569	0.145687294985581
-0.06406689342272	0.0347747020041142
0.123789518740517	0.103506035005645
-0.271225547583214	0.292326268326524
-0.239486121538209	0.212340148743511
0.320833089172739	0.243790536685164
0.877995184118871	0.982009526541856
0.391805847289875	0.673894931790752
0.116276710834788	0.158262470979516
0.140250164995108	0.122259582800932
0.307478044895031	0.334718475728296
0.419650419030782	0.671645122444065
0.549180630772098	1.28417547826641
0.228875410534946	0.136253371974681
0.443319163606773	0.3536482565845
0.412893053186067	0.241726796780351
0.136032867380314	0.0336051051380813
0.616870867297751	0.191973847001387
0.936662065549594	0.245987967322767
-0.884022918301012	0.590012742287005
0.368524732410122	0.14326470900734
-1.34618985871708	0.610071653256099
0.230189524917178	0.127658984388227
-0.22475545224295	0.0821522616581245
0.231248549934942	0.129027415042929
0.634275349974304	0.475810850712673
0.0902274732050518	0.0540591320462846
0.0754231336673211	0.0369719896539597
-0.114135283684089	0.0749863159896522
-0.748477375433871	0.924023673219369
0.400020045716027	0.430515793570004
0.281814044704723	0.261931659203633
1.95241789940324	2.58032384382992
1.65901310195293	2.32021150540731
0.331856464513858	0.424541035405142
0.0998601059115409	0.135856954414505
0.330322048497141	0.525158830156793
0.642291230482306	1.42733297195157
0.203690986322506	0.271602282068192
0.548621431228423	1.29740637828989
0.263206590254897	0.261290027170913
0.299303757283139	0.338285465937465
0.460923618623104	0.679360762651054
0.498809804294715	0.938328250841062
0.414120133740658	0.78497497060421
0.359534879018398	0.239093086489391
-0.141789285525686	0.0631396703625027
0.09520767585846	0.0278096122609245
-0.175721858092034	0.0704253431279991
0.412072449364672	0.241280002372313
-1.09271495513081	0.442597192627695
-0.844232078712079	0.376830839866029
0.0635270782021617	0.0311277432190572
1.16818322642048	0.756010013259011
0.767550817904061	0.516955145986865
-0.520259675547085	0.406250827271718
0.0111257427898154	0.00686408770683111
0.212488431417559	0.132822131047201
-0.317906154877615	0.270433343253131
0.509366784284183	0.451527868750435
-0.362340218378244	0.406810749515099
1.02588815949573	1.28093480949153
-0.202110791533758	0.144338161981407
-0.269782946986838	0.235269433793322
0.029200640273456	0.0273382671807566
-0.0579873194923423	0.0717097388951253
0.0261513369888711	0.0269745521132083
0.329111946338471	0.550358685498422
0.349548451821442	0.605386834117785
0.0840905840553703	0.10125781421239
0.0798370780554715	0.100265097145714
0.141192016497556	0.18328820214838
0.25090034436922	0.361379256407588
0.110718886400968	0.134878063603068
0.123808323221028	0.0883234544824046
0.237544210830725	0.264086153292591
0.288295868775389	0.366776592402666
0.320227879536695	0.515647721517455
0.2327737611277	0.129498627675746
0.52666584671556	0.25900434630071
0.0812561254202552	0.043064327883554
2.97759175105638	2.09554634210048
-0.118839501032465	0.0574877801195438
-0.0899251485803482	0.0467305129297754
-0.17404415100386	0.0708347026504022
-0.0238616251880982	0.0140686571748512
0.00525586871787127	0.0032490638044284
0.213937522998107	0.165016684278855
0.760191407829044	0.63102790676097
-0.621731110376483	0.389782271281954
0.146597197692127	0.134762669399356
-0.224553787405423	0.21375552966174
0.122164156220182	0.104232069678984
0.88740580478816	1.00032965063067
0.0688682308258573	0.056037307056391
-0.128857757381396	0.148297397860385
0.139368562633731	0.192789912329752
0.570447897927044	1.19831717117322
0.18810481337155	0.264934144534283
0.148500346965465	0.191863661327267
0.204239077420902	0.311306286105391
-0.42516164582627	0.84057711693232
0.0625086233097257	0.0780515134797037
0.231625340873186	0.36325307379214
0.0690130207539105	0.0868332831641121
0.26648335814389	0.310500336176481
0.541783499403761	0.941868595143589
0.394813506246474	0.747457278850543
0.0861238835618917	0.0483438619115144
0.247928128125837	0.127109629456019
0.248067272201593	0.127166327665386
0.0611407117457272	0.027354286378411
-2.1421754378417	0.968254587440804
0.220985416455002	0.147342643246344
-0.493649149456843	0.283022640520919
0.219083325512106	0.136968071472772
0.675307161061751	0.610857879831766
0.840427279135323	0.967137502283893
-0.672395943833036	0.495432646156908
-0.110597846944718	0.0863848749535736
0.562244440112817	0.634956242914051
0.48810347423093	0.601616341827529
0.374478525352618	0.424146562437613
-0.787496073579002	0.753366305274495
-0.028011214408966	0.0206275176639931
-0.243273111268349	0.316592564408948
-0.0479496158189395	0.0601071131295575
-0.104096009906079	0.138190588087348
0.216376360904393	0.314038304335314
-0.584614020591913	1.0132959176391
-0.0622122365290041	0.0809578444773687
-0.262355655183721	0.416728235457632
-0.57724246244895	1.10244869752292
0.205302028580951	0.300671596286787
0.376004788998166	0.610607340399018
0.00035654391109134	0.000407534811484278
0.839291931536881	1.1962202785604
0.349929347362849	0.425322089745451
0.697475741231957	1.56674804477514
0.198835660792932	0.155081378551545
0.460774210013904	0.351018011573582
0.62321688242638	0.279474083640534
-0.175152260220344	0.0712054303635601
-0.377872773256766	0.173405149263868
1.38223348186748	0.822252672796346
1.0363937633333	0.85900732031805
-0.867284332574126	0.473823731062059
0.103927741991934	0.0649549405579404
-0.39268686786365	0.353706506274779
-0.577850563801706	0.691613235921761
0.416728541693948	0.341460611073371
0.452298913234267	0.430947008851167
-0.841369646054809	1.12988311106516
0.308490052413382	0.336466994399424
0.0779408162272545	0.0773146476647048
0.449923291661958	0.427112614022239
0.864082715998411	1.15349623605646
-0.177635091514971	0.198906833316241
0.151844341083065	0.237700921755626
0.113666572357275	0.161181005129614
0.16883334846148	0.232864856715785
-0.0677126349373316	0.0809884087457957
-0.183512683027809	0.275373989336171
0.471311751780078	0.872547687443256
-0.0602897683412932	0.0742784232978808
0.290051637608352	0.512955302352973
0.338429416716605	0.594209536028068
0.0583724222689872	0.0753557687968548
0.344306882000415	0.518900586134761
0.987275492601295	1.86224029305347
0.407905581639683	0.61819897208854
0.492907026145006	0.897828774454671
0.0667380434079162	0.0788275817168287
0.447996870149737	0.427487953858499
0.672463855817125	0.600561164086853
0.373986527416329	0.145045781640742
0.252987897781526	0.13139304198415
1.27703664515565	1.08609503681617
-0.141068316890764	0.0630753987745491
1.50445467967086	0.724890448382186
0.317503107622331	0.24046326215655
-0.284955798523934	0.0930917740918159
0.220309627939344	0.139490171228775
-0.534803491726632	0.504578489204902
-0.70109924550274	0.871919601495272
-0.516628192185856	0.527019468975512
0.347021762047843	0.349668664298523
-0.284205214988648	0.327143376942882
0.488271496587265	0.668563662062451
0.457536538432904	0.437865021318355
0.286953407309894	0.266055331495495
-0.0456191436422198	0.0517425006741546
0.262231104856827	0.434480454442696
-0.278492033665214	0.503602035429176
-0.574817713710361	1.1446435045385
0.0443954446354044	0.0524980544801928
0.2129164062	0.328954051094331
0.0674565560242068	0.0819507100348129
0.578364298902954	1.08339478446648
0.0981870950943007	0.135774436735594
0.2774091485482	0.442863992878008
0.157563216920504	0.231078547277829
0.440147200946142	0.599670066379855
0.172435945598383	0.234734827098445
0.102716104563681	0.12199539103839
-0.297797941423999	0.395114902001446
0.0791193511985447	0.115699250111315
0.107519108778625	0.136253931507041
0.193020219229794	0.306351635248573
0.381243441101558	0.147678210401033
0.465669316623191	0.161176883064014
1.03240844718939	0.840809006737192
1.51403902819817	0.710913161725194
0.613861802516897	0.271995635598162
-0.773823550019668	0.615033668586253
-1.34301676632011	0.612817542355038
1.59310274504773	1.6747273577576
-0.696076790801939	0.57063400801473
0.00183180949727459	0.00116713969842858
0.220306121275042	0.159773638059697
0.62488307205888	0.666344805140466
0.845912166422675	1.22307743174767
0.16727610635527	0.172127373624091
-0.628925948185376	1.49879248930537
0.144224574198615	0.208553317804056
-0.433143272458811	0.889369564768116
-0.257448724973978	0.35992150202699
0.245994469768045	0.389090785381178
0.500676416428218	0.90937901427229
-0.196673531774672	0.272370385463888
-0.412641297908863	0.773670932386148
0.460589785075627	0.863650378793623
0.0538138062090592	0.0712554518236475
0.363838404454604	0.496146938798703
0.205426363832125	0.274392698462017
0.193520455178221	0.270108108573464
0.296038624459081	0.385888001925907
0.269909343158196	0.448232683690123
0.27587694080814	0.130764637696911
0.0570771156160707	0.0194886062190165
0.62035659580121	0.280825650264746
-0.109503015103362	0.0527942015779391
-0.666601288906139	0.484787718698202
1.16697765098218	0.752108104512257
-0.155854748484568	0.0967277668937139
0.117198329513886	0.0836568286407391
1.44827371578662	1.60267508284875
1.57079443897755	2.10345142901597
0.218241267881476	0.152019083444139
0.406848596637564	0.427255418464718
0.512213738420914	0.82218228360328
-0.276618467241306	0.437843495155928
-0.0598322892554147	0.0686497619360059
-0.0259036975425469	0.0327351371518319
-0.147428736035217	0.214556973841139
0.432734508623968	0.878683446078412
-0.361275357236911	0.66015786811266
0.0736151027946716	0.0839794539093097
-0.140254045815223	0.198925309071652
0.366970125250451	0.675000487753956
0.266835501139904	0.441650445348569
-0.067987684799032	0.0763000558887809
-0.0386374425985108	0.0466824698456699
0.377009448287489	0.585890806502771
0.284156038892787	0.455226206806083
1.68992993216721	1.58012754740685
0.339588063387731	0.235806998513111
0.318406771351198	0.136464327648006
0.0739936679194959	0.0304074742485796
1.59806680508395	1.69630953608691
-1.87533985700744	0.771516887980316
-1.05514606422223	0.529332392919368
-0.0294761061947607	0.0172942113358935
-0.462469311608504	0.194816352344482
0.56760379170909	0.4744613919953
0.413923987751666	0.351348993732405
0.306463966943408	0.2479358449641
0.928623651859405	1.01596420185197
0.205722952506434	0.245858196982658
-0.0489862611251171	0.0646243243370543
-0.033822039168256	0.0428717857286316
0.128893159929856	0.17797800033582
-0.0710327785935624	0.0875603069122967
0.312305958446498	0.547941226947162
0.127247554028664	0.178834672765954
-0.231294758516486	0.356681448710369
-0.4941721341954	1.02460888918726
-0.085277132361241	0.107425752101199
-0.0414561089761042	0.0457824257326227
0.176625797612	0.248613913354649
-0.0997073686617071	0.129110321699175
0.263407012310919	0.290732648802045
-0.213120778076941	0.293173151782112
-0.164700232835763	0.218751721622582
0.285152722549618	0.444025398584401
0.777478909165595	1.86459700520216
0.268422886135699	0.477498102433696
0.668484663704379	1.51321940430088
0.546222760870987	1.09968024232546
0.419678684258592	0.75380353455921
0.233640725603692	0.129814389735549
0.0867416292191034	0.0280171386443191
1.20132876874498	0.633054125993341
1.27293961963629	1.08435539254525
1.25657729164676	0.52788537318607
0.346200288313106	0.237847262089884
0.372109200089836	0.512796437498742
-0.0102110927836569	0.0112315928098691
-0.197940357967798	0.301144859347652
-0.13507207036781	0.18192715282595
0.365611159504263	0.579756046387345
0.333759298688704	0.591996694324359
0.201615329457356	0.270412628110026
0.0128263797805312	0.0149068809588228
0.391257658878668	0.658836107316029
0.322251660553451	0.554641628255395
0.169710712585876	0.232297181365033
0.845875141722651	2.17933026806419
-0.320558604490572	0.491279794922756
0.115559837458408	0.136752189235499
0.257968354064498	0.260842723394103
-0.25498822563118	0.241505482030115
0.47801170732265	0.613446524969714
0.426253193111383	0.666511151972162
-0.16474768596002	0.216843956800589
0.228863230253094	0.265820461296421
0.108999989853912	0.154114818186897
0.244416361192876	0.35922620094007
0.287132887242489	0.490090028735821
0.216564287247946	0.314032879059678
0.361663387939022	0.535508836219047
1.00681514994324	0.697630046296391
1.26165112175549	0.537068832662299
0.0773871085707161	0.0254739482555262
0.825193598448957	0.425924100957325
1.44593321430685	1.15681229187571
1.25701966431707	1.21810076035263
0.301371042570997	0.513913326638899
0.3200436040621	0.549532341980863
0.0846875483483892	0.113822095473299
-0.038437686066921	0.0437550090406106
0.510367119067781	1.17912823458013
-0.301360855179368	0.499279134481221
0.345318004612417	0.579930675035689
0.234008073486185	0.369272846100566
0.25165414747866	0.388628258840154
0.563692335444621	0.793424131495472
-0.163977041445213	0.164882727424212
-0.0600339958629375	0.0635419469870959
0.0635755900205401	0.0679679961065457
-0.0436557697245479	0.0404336348780528
-0.090953726934825	0.113744447184158
0.184773130523099	0.288812970015945
0.199400770929419	0.301607087363727
0.62026020438342	0.280522434534129
0.995113332189448	0.463518027923923
-0.586778855676222	0.226903688715173
-0.116717474046459	0.0568347297721851
-0.211616183388166	0.076407779232724
0.0741818587028674	0.036425947241576
0.27313770373558	0.238956195034804
0.19225178599092	0.150332161958275
0.263651812616495	0.408987682293676
0.530664152631406	1.14095283877137
0.697195561500579	1.43274038627469
0.361352497310362	0.682348446340568
0.269307219792484	0.444610804315233
0.130379954955181	0.173270613659515
-0.0733258323681384	0.0655319876308117
-0.0804122447586553	0.0709851092456193
-0.104771893304655	0.115173808326215
0.184611174276948	0.259681389468938
0.304519374610517	0.498304449533157
0.41738079746221	0.66943074414401
-0.0432861219984868	0.0494667830898706
0.237176892042679	0.350354142848273
0.459149783339874	0.161003582936581
0.999729059927781	0.573255731801345
0.0741288966992	0.0273019571630374
0.377041313631491	0.147334365665277
0.823906247013363	0.660718689406154
0.909693965543038	0.905670399316514
0.874670555287689	0.556682902827634
0.685809092083977	0.697171429052929
0.317113708168529	0.248706705265865
0.600168231188255	0.480806159522275
0.36023462770589	0.689772411551999
0.0148666683880523	0.0166213331960602
0.169509851970341	0.248108440181196
0.329271548326353	0.581454949707698
-0.00632364189168723	0.00702190836419826
0.283364420625739	0.414452968928363
0.20874169123034	0.290416369002376
1.21677451003821	2.65345396718543
-0.0207845225745765	0.0212460379975125
0.724677421864458	1.4139186979248
0.637312650081144	1.1314637407859
-0.186716394300671	0.296489856073013
0.245189848595431	0.360734322776722
1.00732808417741	0.58334998088831
0.53127217970343	0.263610975853228
1.19873214023549	0.635525561920682
0.61739391895516	0.278389945638731
1.16553898154942	0.762511779129137
0.859419720869667	0.76514077298799
0.344551930191958	0.523610366324782
0.367829635602246	0.592676231902477
-0.248225177064935	0.382605579686997
0.217424225762113	0.311585139254751
0.135160443707405	0.184481207280702
0.0667371822713656	0.0743831688852462
-0.0947476023164361	0.123144433999363
0.0561851275557595	0.0588883016398814
1.04361369447377	1.78214563338381
0.198017227616929	0.208785954489016
-0.206969227024666	0.249173837405053
0.239255133524953	0.358896770092458
0.402013045924079	0.809219349725712
0.243062652974983	0.329320543930037
0.285423074133279	0.425528036047066
0.423438318167895	0.580972465872876
0.266675602355431	0.380124795874776
0.277455882447326	0.368205558339384
0.468710248566696	0.254666681610681
-0.0442175523062668	0.0251595133302127
1.04279523403687	1.39713382576996
0.190112347844034	0.186297191971488
0.413981346577357	0.423704196694191
0.0149326242767933	0.0122995265449675
0.443121685868823	0.900910643062495
0.28454779536172	0.456994205684304
-0.101755775221178	0.122693858874655
0.403693993496944	0.718467931323311
-0.568372234249412	1.00602338738013
0.189934897774775	0.252747833342252
0.228965034579612	0.34358278893264
0.411573576489711	0.72321972390077
0.296386127411394	0.365535502427176
0.322813744083466	0.503297022385311
0.537857254654312	0.929791997318629
0.489530148598505	0.915867239476337
0.414509782516576	0.630654217508453
0.521165879742966	0.993111705108007
-0.0229066083782377	0.0249546135510706
0.25085980324563	0.130439215843075
0.311110422917778	0.241322990875858
0.578277849990109	0.567689970060666
0.201384107218841	0.181974318167404
0.261051060082896	0.269888615581565
0.115035076878797	0.089165886716219
0.452642707654923	0.429835373734678
0.776327250407305	1.72344026632041
0.519824039033351	1.07587971915617
0.457779727715533	0.832599519320162
0.405429939497132	0.608048701454726
0.506381306680474	1.00330182385641
0.317964896094985	0.521030044165211
-0.0418117150274551	0.0463137440460951
0.419754631088004	0.863551995851206
0.0532220578403461	0.0577771564186705
0.540739125749717	1.07289069875917
0.148135369171789	0.158400049692872
0.179226454575853	0.202570448498394
0.0750079853865316	0.0807784775001341
-0.0451512786112529	0.0444790028343889
0.446130680862021	0.723406099393537
0.375283828004178	0.145653764648268
1.68481822099319	1.23787584807431
-0.182269541988823	0.0735402854680535
1.50184555672573	0.722119329813537
0.454570627733896	0.436886746061113
0.331942556274029	0.242678412245955
0.927558836601765	1.18086888243348
0.256029397005303	0.257866125056035
-0.10438042832553	0.0905549363066807
-0.386992955075045	0.405190702031193
0.575488506878394	0.565368431354721
0.197982802016602	0.15181248652881
0.10547478804354	0.110468391163483
0.180985016138908	0.250672803599649
-0.1264218227404	0.160691967321813
-0.0149157798892125	0.0165095319332307
0.0290378091351332	0.0236738056570746
0.143548598308574	0.131500083498825
0.122601975700216	0.140563099687498
0.305183635296758	0.444565680062321
0.323635764732124	0.549931700986025
0.01626885989134	0.0180194212612782
0.0451050785220748	0.0498611164133448
0.896825786062335	1.9466425071747
0.026713446099831	0.0283271483601734
-0.30206651742311	0.448957628894249
0.350745074196965	0.513224622382604
0.980902021818762	0.36219886229358
0.622570316148265	0.38340675632896
1.38434978682556	0.824728769169963
1.54505942289481	1.03060043826884
1.57671982901968	1.37187203547557
0.830731116657828	1.03483041291489
0.410723689419997	0.496448455932213
0.151255435713276	0.145744824145557
0.211333187982198	0.145268255686108
0.125651909298908	0.0926029882048833
0.0908873928915107	0.113716613084871
0.171513809075059	0.202010274267138
0.833807878655484	1.6362015062908
0.241561177242824	0.313968046630206
-0.0648475134943785	0.057658793842162
0.591822038903476	0.805187402110677
0.166854842869809	0.166885255195236
0.205217233217576	0.263177773123987
-0.0714925488964144	0.0848647416784737
0.627764032186679	1.06212137578769
0.296689083973012	0.494687936937675
0.0406241891564155	0.0457821124523212
0.31000348269024	0.481918705522268
0.330844629901139	0.49534886710555
0.168136308454364	0.188042525896377
0.276156256413159	0.392007949561008
0.770692365272911	1.39554805496355
1.03386407912873	0.854096414497903
0.627841522543988	0.194084718523273
0.325692081027647	0.139217959255386
0.853951707025938	1.24064587012497
0.815910575952107	0.764421906209391
0.244735625609698	0.338940737351154
0.307415539901087	0.472487495388189
-0.105606700203201	0.137440652763563
0.29379701131823	0.393435851465906
0.273200027969848	0.421466139447699
0.191749589054585	0.229457804495057
0.995400816906766	0.464945099537785
1.50134718996262	2.29002814287047
0.213243941744528	0.160218121111359
0.597903822276841	0.564942755162944
0.33137697935547	0.35780319128971
0.252181334406299	0.300753950002006
0.141390916501378	0.189917466007323
0.0805384070055976	0.0934823980460803
0.279576780497027	0.4339131675706
0.36736067932566	0.50354327094382
1.89258058214095	1.13706505260301
1.2330562440594	1.44564447854335
0.319532636433138	0.420938525808286
0.14090973585599	0.190182405836468
0.234738090614411	0.338090662177037
0.433052259598297	0.806578643120911
