x	y
-0.00923815200943403	0.00871870464386438
-0.223786214018045	0.259986717938917
-0.212959753243816	0.232556656120536
0.16649203022974	0.194453946139335
0.0770306543660536	0.08011951510688
0.36879658955863	0.577991816123288
-0.535551123013382	0.717137202609954
-0.668529125875151	1.19145819025578
0.111254515372003	0.146301780473292
-0.546115047467787	1.01148604096538
0.248286962380156	0.343594955699749
-0.212884682621921	0.249228601178456
0.247953604993808	0.290216188958895
0.416105065528792	0.497261011278058
-0.0284326957425079	0.0236764739976019
-0.111882164711577	0.107757207156118
-0.165205801105354	0.188004482450195
-0.752777274799162	1.0527827215125
-0.0881708049342106	0.0776758285439942
0.159338404233574	0.16011147775079
0.427417583471767	0.559615307605001
0.38485819753758	0.493176748359846
0.530593386490892	0.543846698208092
-0.364936223546112	0.407475213536728
0.208410258451815	0.198434368685634
0.328710599782147	0.407585743920358
-0.416917980809346	0.591970479512772
0.201478865604172	0.195305308422437
-0.719530692627677	1.07222563111044
-0.342884704960445	0.313177871570639
-0.24062735232901	0.281915535064783
0.249293299774821	0.276930464624079
-0.0349286033477376	0.0322782693688745
-0.0212239477268186	0.015649387115858
0.512364728634175	0.607308344832034
-0.158393341874494	0.129174780206209
-0.633066333800438	0.85818750032225
-0.440639523367932	0.487052194489132
0.35581714362088	0.411168243064118
-0.140707027191691	0.142994676955552
0.393029416161889	0.495383445250569
0.105457146111961	0.104042986487657
0.276436505372547	0.249172094267302
0.0893948982835769	0.0505143723339039
1.38477442998466	1.27747704006541
0.0693713511488577	0.0542646310548951
0.20130623447626	0.182491172935764
-0.293309829846687	0.272365059354624
0.336119116923535	0.330099924087402
0.254853103400057	0.278366263304875
0.514173043140596	0.615301520960003
0.390619012207502	0.342320203574932
-0.712586338274482	1.01635983907755
0.432856699176541	0.430220663215316
-0.501395716683248	0.434166858606848
-1.01695913737543	1.14553828971961
0.388183368002359	0.412597719277814
-1.07561455348716	1.90650189583954
-0.400764399282512	0.491721180306968
-0.0398544684987252	0.0326649106383539
-0.780508538367872	0.691648053138302
0.534704773058943	0.548183373948831
0.860107792007306	1.15734041409298
0.0293985319939805	0.0205988461165181
0.00798211757429048	0.00618046868416131
-0.938394829823791	1.0048483424572
0.023860378458641	0.0154267662063962
0.286533178477974	0.251809164829034
-0.447987656198783	0.425609780034515
-0.716931872365933	0.690585255837083
0.116784493555071	0.0856490688377508
0.582554781228267	0.647976151543661
-0.163683052030223	0.102489286121568
0.933610774727053	1.20555366747646
0.666474629037634	0.756345188486129
0.801249388269221	0.931861043991766
0.490326552276679	0.358018239938999
0.356032634351459	0.321280795586158
0.0922843783550546	0.0579731364983075
-0.84958686278994	0.976878835986538
-0.857560236383366	1.6397520020677
-0.00149121894498487	0.00185593517318083
0.242110598484846	0.387691695233261
-0.154091654100804	0.225057065314783
-0.368543046753108	0.610773031816656
-0.195998708679951	0.234014113437705
-0.136101737278231	0.156462626100042
-0.277663499016412	0.464149412683921
0.197327837836768	0.16991408715394
-0.415589587805501	0.338573900552286
-0.0602718605070315	0.0328200615024619
0.513919691618441	0.454991848339106
0.473901350589207	0.442063206246373
-0.281550176573679	0.213922215601036
-0.271327129834415	0.184243835250195
-0.374681122787491	0.309875234509437
1.41098932088484	1.66660709471627
0.972352541272243	1.23998680677081
0.726488386127181	0.879445029620007
-0.718805231457845	0.746733114280184
0.12618782184511	0.0987150655934651
-0.994720041157167	1.50636267354934
-0.205170892384135	0.180396301338751
0.141795427825358	0.182039222943365
-0.133606051773464	0.174014146072717
-0.174494552706064	0.173869292873113
0.124122153850148	0.0997342610218857
0.0213018205020102	0.0138070799983943
0.769473746391698	0.519456731443699
-0.271158120531176	0.183848685771339
-1.1066646961601	1.22544419989431
0.66876584247794	0.597088119638937
-0.273040847874875	0.187066227521819
-0.494065994238299	0.427547283068075
-0.234662857730203	0.329855251358875
0.77139709477942	1.16490307487781
-0.244677342121297	0.269312548739776
-0.633181939922325	0.984234628933537
-0.0182446656616829	0.0171185510395509
-0.171424095111248	0.194537351138677
-0.172372306978636	0.156070765411843
0.514732592561196	0.685686188586853
-0.0172649041224149	0.0178030996498691
-0.128651639272721	0.119940253703285
-0.0922821098268823	0.072822906123376
0.404745073648223	0.495756305134124
0.107644820718684	0.116124925575575
0.564465978630929	0.793554800755826
-0.158789778699721	0.156323687641721
0.500466549517609	0.679522294565071
-0.570048566606867	0.880393073705022
-0.112771701492413	0.113551670162887
0.220129697916588	0.169970279816963
0.224706355389063	0.149535541327544
-0.19776339377638	0.14030427718266
-0.274136771582205	0.150289612668804
-0.097230337161524	0.0498528321327785
-0.113118924938538	0.0548324286154996
0.604622593772632	0.484869975369522
0.219349539218901	0.1518841296208
-0.487706988746961	0.278743852122064
1.16077844931907	1.29876277155794
-0.476397864769094	0.333033439151937
-1.18858236127265	0.801055618991036
-0.314808361732857	0.206977140863778
0.0764784044714155	0.0402231305719304
-1.33860291640925	0.610961857710409
0.460648433532041	0.348734414512074
0.488531653261953	0.357189226320894
-0.0442175523062668	0.0251595133302127
1.14382416912672	1.03130957361182
0.00686008259476076	0.00426519793034432
-0.682283022220398	0.976558082938349
-0.508173664179877	0.907720450369558
-0.495748580207808	0.726382142079943
-0.169990610263321	0.217832955826023
-0.0725812929492223	0.0717165631222528
0.36957455725019	0.427948004923354
0.054012068688706	0.0498739406488764
0.515996364744849	0.831800941534126
0.416913240893699	0.355673941382949
0.446274244015527	0.352958424670292
-0.207374432176353	0.148745393769022
1.32444658737622	1.63951040963928
0.291771245487862	0.243212555881703
0.519262515697333	0.46431657366787
0.0670710881129159	0.0329596345941606
0.0998002932305798	0.065353103564762
0.623737305214201	0.380332833501124
-0.135420410431764	0.0858105817870221
0.0911547896195361	0.0572210833612752
0.486931942362558	0.351945658358033
0.345109382112771	0.340805708800842
0.475477996509713	0.442063084211148
0.394657831169865	0.498710843768718
-0.0894140352648333	0.106150085137465
0.464512762217114	0.492593734230715
0.677061842941433	0.612933080053434
1.00778343818998	1.17095173520544
-0.271902324227879	0.213262603230005
0.93834037090236	0.80554864040214
-0.229124720907578	0.131971171423792
0.487635080545353	0.356194698840289
-0.232577520935727	0.162887082774466
0.458711627654344	0.420680430948374
-0.293219954029019	0.389727806342515
0.597712009218407	0.722414971216808
0.199325926674708	0.176133540058815
-0.66479483203048	1.10433217795701
0.162839123044261	0.18841700521818
-0.514823788360985	0.688599382931021
-0.499223634742974	0.538489941500102
-0.400787314514367	0.442099975182956
0.162073909308999	0.165930242893471
0.142609655483304	0.121314450720648
-0.349524075794859	0.344153698655738
-0.212632801507997	0.188916236600567
0.217381265040734	0.222908108135464
-0.281605221822487	0.267424659432056
-0.912947856090648	1.16960563993721
-0.169664048562832	0.152059552720177
-0.267425301210706	0.32884290777315
-0.625035545502907	0.938620576649359
0.00733550936871985	0.00456842944655968
-0.0543350283685007	0.0306596572078219
-0.0671634298114091	0.0363261633075392
0.863697972831842	0.542130374292277
-0.0656221056241701	0.0357896873446361
0.870106044071203	0.552881160063556
1.60006440699789	1.70704820689628
1.98254687290319	2.23072718317433
2.06009607993176	0.901279670990857
-0.239203579123856	0.137898550917313
-0.113387874254529	0.0545762677894054
0.0745101680096125	0.0366770398047636
0.0604912874358792	0.0272176037812001
0.0665786132421633	0.0328508011251808
1.54496628758522	1.02210806295436
0.382345714062157	0.236895295802283
0.312194076875836	0.133646589274212
0.522615876171963	0.258945329162802
1.37632617070239	0.818123477249889
-0.297822820762895	0.229088391467882
0.300764521213952	0.332151943927414
0.322207313137093	0.440497640901749
-0.213139919489446	0.278118448558496
-0.0447144438463485	0.0519036704977724
0.357350457555274	0.509404796836999
0.15693246545435	0.169520434784722
-0.0120753816234695	0.0114981259529589
0.201853527803923	0.233445647803221
0.0142876611209178	0.00934902525472909
-0.0420570551154459	0.0301008226669157
-1.14273919133196	0.901447902382838
-0.18215321149569	0.133185174414138
-0.273517048078176	0.233755209289746
1.3311971969043	1.52827332578653
0.0845452347529045	0.047766344838471
0.210865434067463	0.146487242926769
0.201912290833022	0.174466628004851
0.0120889850960763	0.00788758038003062
0.380417029475853	0.51531602359462
0.242550380239018	0.307136826823854
0.105598401708791	0.10387475339086
0.268472848769334	0.239671210977259
0.202722254460855	0.155379901834914
-0.791908386668337	1.05929583917484
0.634765299247858	0.589388775576779
0.104440789402322	0.068344309067892
0.105920562962525	0.0663858121796162
0.756040936028865	0.815422504028872
-0.12646550546823	0.108803776620031
0.271736190260943	0.377951558832736
-0.693084831141392	0.823071791461654
-0.791968006813048	0.920700893967649
0.11740175907289	0.122600409308809
-0.17581179833261	0.194329676586153
-0.644219810525157	1.02646399254182
0.445904488163309	0.583463458107226
-0.0983684308294106	0.0941158311966988
-0.447692308475626	0.607789328610543
-0.325474671903513	0.324156791045781
-0.408309042580566	0.395375200773335
0.487266027640033	0.614089934010324
0.161029162077299	0.1675489306517
0.70842118530138	1.03165552517489
0.125750966701174	0.0983657445050669
-0.413118852213866	0.428603577493156
-0.1299948439055	0.129167808695219
-0.705568510626541	1.13959016426135
-0.253603673198319	0.219161711304692
1.50869880906028	1.9120167422794
1.25899161678075	1.217966291432
-0.389198863236944	0.182344733542956
-0.0432635188366357	0.0242298138383046
0.713234886100858	0.403324955742439
-0.0178964864174833	0.0104312976429761
-0.667981686095349	0.495907165180762
0.214299426310324	0.14845568217579
0.932720658133525	0.800455958515109
0.565982080825407	0.3718183788001
0.0623734140804105	0.0306270376253313
-0.113118924938538	0.0548324286154996
0.407037381882491	0.236049019740861
-0.161635747876914	0.148144847684145
-0.158674542370999	0.17043183557032
-0.0507981273512955	0.0461116539068784
-0.0771079912505583	0.0800146502222639
-0.175928070738994	0.238760108982988
-0.438464176316645	0.622884697512383
-0.576178740169203	0.766197246484619
0.205602938986609	0.172596401668034
0.199505335133547	0.171169516685341
0.312221828518614	0.25455744232176
-0.903614026501323	1.21360527161875
-0.0788275771498781	0.0540599327507704
0.141416959426149	0.119577871443871
0.807287456201951	0.754767234629714
0.202803679940996	0.156401273947902
0.454375523026134	0.437612266134523
0.459126689853497	0.518188626323934
0.355403514547304	0.323153622262273
-0.979846249727814	1.83084913536234
-0.00178346504093754	0.00150520223372874
0.098804701173681	0.0928797580454781
-0.0507118743928726	0.0362220475397419
-0.0976730336727422	0.0635689041717715
0.130956109713079	0.105450172264948
0.193608184590515	0.166489483226115
0.147797537908498	0.138080956881634
0.203223726729987	0.172832598271144
0.0904513249657745	0.0966788882214583
-0.00367057416925051	0.00348119108489761
0.449629548620502	0.593868654625392
0.309418341419665	0.33800353927337
-0.864353588986461	0.937814378345506
-1.08527561280737	0.958335477040196
-1.14387620774843	1.83730860511541
-0.113899098516687	0.099326190306254
-0.00831136085966852	0.00616136639833706
-0.188539090403788	0.154290968025697
0.0644399580328679	0.0509283747915616
-0.386980868089548	0.458875444157198
-0.0751972242951332	0.0512317938927185
-0.35275151060156	0.32243500323753
0.366781557175384	0.338453057328653
0.338016525312259	0.246611220087809
0.0306827859678835	0.021452754940772
-0.666191419252644	0.876843610195751
0.0432820446046277	0.0313689589813133
-0.445301699893722	0.428308784203591
-0.240313598654885	0.23244848471488
-1.24379658554383	1.07606039036584
-0.161123910450298	0.100749964731249
0.102794048493103	0.0668590825795883
0.40957605348721	0.418727635269465
0.890121833046384	1.00712268132298
0.818923219593194	0.772751141346315
0.358038086668562	0.336861500295664
0.445951292120489	0.440748737327838
-0.0931741133249671	0.0626939347066454
0.224784662732817	0.141021263545373
-0.00639958208654166	0.00659289143802352
0.322573670304534	0.338272757605484
0.209742323529656	0.252067629869427
0.697360124128035	1.17483485128453
0.318105297289813	0.461440474552014
-0.166712008633055	0.176086376150206
0.341393519350478	0.578558225456503
0.289172186492337	0.343319800601398
0.473678365575457	0.572053794364892
0.65471037897845	0.834165579756064
-0.220132058450158	0.178299809728731
0.453676898354427	0.527079369079111
-0.0312263366010247	0.0254196175583436
-0.130751670320247	0.110030897340256
1.09725820387652	1.44430302163339
0.693158374869598	0.838359272068842
0.665625642118129	1.14204667138638
0.347348015982644	0.334309450930718
0.331665053785737	0.333753610383751
-0.60920451032914	0.50445944562227
0.00017256662582473	0.000167075372069029
-1.07597427838318	1.92181606394475
0.00822205261752076	0.00643064350066554
-0.526910727368959	0.607070845353117
-0.622203530420761	0.815180491713909
-0.344123707177329	0.343249137570537
0.450085414555479	0.505549260318847
-0.15336453377435	0.128756392401045
0.321813206387857	0.354080025336638
-0.088625057492544	0.085625010747885
-0.196277775412267	0.250273797695692
-0.428171187203665	0.65810211033942
0.0401368343925912	0.0355267369636964
-0.334306692124596	0.27828205823934
0.486620902320875	0.441797909480156
0.539748208404241	0.673557135483972
-0.0595813225141129	0.0594231548336865
0.0579045607808741	0.0443205006127393
-0.85926078791165	0.938800312839794
-0.273539617106626	0.296540547079183
-0.262897869965927	0.206723165765912
-0.245434355978127	0.215877630508999
-0.596710969611943	0.675250084686163
-0.0412546842277311	0.0340600479037361
-0.583315301007684	0.430325350048819
-0.308301831611316	0.258783948696353
-0.185483053328971	0.150576372240821
-0.486493628079477	0.620638601361282
-0.329818539549211	0.369465838238101
-0.217139289939952	0.193875026380019
0.0878591570499807	0.0525891815284892
0.516768739357552	0.543456949734536
-0.189356142925284	0.153154035965146
0.0751574520218219	0.0423700547121038
0.860073948678778	1.04100764183466
0.200315451002129	0.24094022275411
0.692567632159915	1.09552631240513
0.401599553776779	0.510489912260497
0.249997456370942	0.319898100747319
0.199617984054765	0.248543312692505
0.267561895096766	0.34413645524664
0.0483778413770908	0.056344016903754
0.202371885175797	0.279391151054354
0.24080916990166	0.313410649732498
-0.199530184852698	0.180236608911229
-0.906268459175592	1.13493605547405
0.12589783014806	0.103909949007229
0.275424029666493	0.247790015469951
0.0545135870603655	0.0405936303901994
0.538927179493175	0.612847663760571
-0.178015141569269	0.129557684735044
0.539016312442061	0.618346787140887
0.37385088049343	0.424522782898736
0.154876389368515	0.171823295714943
-0.27019415368254	0.291238051801434
-0.0651658108309288	0.0586874929112198
0.932859568150735	1.20996512981868
-0.689503204546614	0.812599298730697
-0.0402741119404711	0.0285914531978277
0.205979062436972	0.188122628032862
-0.57138568428558	0.612163316059054
0.255267071935417	0.293742337784641
0.220345410658083	0.270371504807335
-0.10255812497281	0.114129873505659
-0.774383223011689	1.40560347221841
-0.277380643008052	0.323170591107585
-0.0312077509845429	0.0256482493450556
0.127052933250422	0.10762450037117
-0.537669483448779	0.651638136386239
-0.165383241311478	0.163934614416911
0.756678921201161	1.08433224475248
-0.632247126429426	0.70342297356567
0.345851981358348	0.42282162262638
0.519758395081329	0.604421985105777
0.202650128110427	0.193559593513258
-0.3305708702658	0.350365729210032
-0.800321967099325	1.03526438372795
0.334310453495669	0.344541843757096
-0.289710360698815	0.250780700646452
-0.351002035553845	0.421889913303253
-0.385667074996897	0.457303285776769
0.486472385457105	0.612480121447126
0.106354284417316	0.0725086739413821
0.330781228496995	0.237122460034086
0.0994129205037489	0.0627920892439482
0.410960145119502	0.347024859848555
0.344231706410593	0.237800996059996
0.21420173587523	0.132616164533352
0.413625915665072	0.242896543285641
0.315187971116009	0.235741092154152
0.12571817780518	0.16396694409071
0.248488800318929	0.25692965513235
1.08963753348626	1.34993003286256
0.462569049887123	0.353013564550813
0.263982235680472	0.279952804934747
0.0485559173988152	0.0587983410871147
0.114381322348108	0.11282121583094
0.135733958159071	0.152354425258995
-0.22217652925058	0.27623176873947
2.05101658930936	1.93159827853675
-1.54716039968893	1.07549499857021
0.227832974687332	0.143844618232418
0.0676241670177014	0.0356666988726534
-0.360701464992004	0.230723818049925
0.407710839801203	0.235607888976058
1.81718761674423	1.45390603283442
0.462125833837311	0.354566611559134
0.914466317204453	1.45518029349593
-0.166200920016056	0.19824940170418
0.161638020176255	0.231130268415704
0.887807858545475	1.17043751257368
-0.680355669572529	0.554606197092356
0.0975666814146281	0.0577328264784928
-1.01339615990519	0.73994260534738
1.16900214629025	0.757607531877404
0.524903118285599	0.25939828246124
0.0734993464709179	0.0363420738098797
-0.0931409824259801	0.047923415571649
0.216839190757713	0.162598058015079
-0.607647860777567	1.24567176738291
0.756650108083067	0.723442933080387
0.0863731824928609	0.0759888593757296
0.426515755729457	0.659597090048153
-0.117706906294792	0.135541424887025
-0.420374176295974	0.639803884468031
-0.404725955825272	0.501832124067008
-0.475936245730112	0.63748723385719
0.514788181856015	0.876723103179139
0.160480330924687	0.167837325657434
-0.30129127014229	0.313771925963725
-0.413774765937093	0.526534459880957
-0.320469409883272	0.419399015597268
-0.450516716763023	0.468397996392916
0.271661594106668	0.277850287546561
-0.0237779857819304	0.0202987774346806
-0.272519411432	0.316014100133765
-0.260763003273077	0.269034045060297
0.306967296840541	0.240061521133708
-0.136005504679265	0.0875480975412101
0.283631001567403	0.134593793366324
0.571604190828346	0.374244940310079
0.706870038341821	0.40061974709347
1.0005618085415	0.579943301418096
0.768960833920972	0.526264267778507
1.94123877237057	1.7105100697149
0.984900161085676	0.455576076264028
1.26770889833595	0.534271641364828
0.698318922590262	0.50795528648227
-0.173936514348121	0.0707520766428087
-0.636130811100337	0.406509100297998
0.990491925275519	0.461688774429154
0.313932827976172	0.134513904136539
1.68973920984102	1.23436859129309
0.52516480561126	0.613751176416974
-0.0465908191808649	0.0463910790383027
0.147704542395112	0.179639255854672
0.525406036257434	0.536203167277617
0.152907074493025	0.158931228393265
0.271107589606132	0.365455895631354
0.00465200901675614	0.0040028957432485
0.0531570290500058	0.0539368584620849
-0.262371630634805	0.205388594600455
-0.780161930105934	0.790594666298772
-0.865509744853868	0.998777255160138
0.440681978093487	0.351682866488155
-0.0771133023614357	0.0513681453293931
-0.229996241130698	0.132579148410232
-0.0138085609765131	0.00817861040708131
0.708415258459848	0.615210329691941
-0.190763310859546	0.156717329474857
0.215999053677362	0.161813813549948
0.0371184067705782	0.0362861170125497
0.201835743605859	0.209198682322221
1.06538831159665	1.09675504077991
-0.21095023938105	0.169082602424403
0.210942188803549	0.158384942059135
-0.330989706901257	0.251734033029907
0.111126044664109	0.0763604463025117
-0.646098921772688	0.587915501426768
-0.707828242119784	0.637261978480783
0.197233329888837	0.164401365658492
-0.0148415255303485	0.0149582254700107
-0.334073821395293	0.353679159366925
0.520160299845127	0.676374904963032
-0.183002718897535	0.207562329072476
0.259082375373728	0.26065229168619
0.00514662141230502	0.00384332919541084
0.0336844234292968	0.0287760280476581
-0.0285260896466457	0.023749050978018
0.0183047634141001	0.01524446417947
0.318464176995267	0.325471237959769
0.14927640515091	0.159337245516914
0.0761213857176923	0.0650073793987956
0.641340344662195	0.833985637198141
0.509352591257391	0.60824285585952
0.20073573933866	0.172607701851345
-0.905486516618878	1.20610688107117
-0.653191460167831	0.772247917691231
-0.236839655625737	0.228725921084766
0.27859410549715	0.245122767824702
0.103381388448404	0.0679625982228901
0.86778606227105	0.54649956011192
0.939364436888413	0.80785252017523
-0.316631426472915	0.209907668162365
0.0731960243585976	0.0360062547406108
-0.566062156729481	0.300698044062781
1.07219860416946	1.12587254610804
0.812354976746338	0.759820877390792
0.770643488038185	0.523101747362045
0.569165368265531	0.546549832814205
0.771370545493778	0.524577305082089
0.708302084259265	0.616383867592619
0.208424505354967	0.14418082769924
0.213243941744528	0.160218121111359
0.0790376170022691	0.0679525765728314
0.103370905034977	0.120856467991325
0.0867391330262106	0.0780917376369245
-0.363823843005864	0.231013690778644
-0.0994913650555182	0.0935728369466343
0.633221660932985	0.900271048935783
0.418768557142113	0.682595650309693
0.640723788470619	0.49042534489706
-0.994319989851816	0.831146915800395
0.681008184802305	0.612093842917312
0.855773222188659	0.883113654746108
-0.85330148363242	0.372710502275256
0.462382207757806	0.251325216236524
-0.186881357897269	0.0733945447084212
0.529193060451261	0.366490426630735
0.381931191554351	0.237711290916147
-0.219356834667488	0.0807642610649521
0.630150434408153	0.584525898477078
0.281243884827508	0.244879337608452
0.113608198700763	0.0782721810800529
-0.219356834667488	0.0807642610649521
-0.177690116576462	0.0723004191641344
-1.05384287821371	0.530119989242484
-0.454620155602677	0.359778997029763
-0.0272364359856156	0.016044932144009
-0.997856112108234	2.01728884702909
-0.242489337471241	0.248810787650452
1.30688955699427	2.21166573767144
-0.265552581006302	0.380627125226268
-0.127249318590917	0.152890303590596
-0.111064343095305	0.143084307964784
0.505980704703975	0.595557701867723
-0.37633746256472	0.417062339553643
0.349609327611507	0.59235393339811
-0.161962160569066	0.185599656445681
-1.37849877067497	2.17429774438292
-0.251814938733014	0.334735390739593
-0.0946258027667447	0.109200823369964
-1.15574101469056	1.78221932703629
-0.061094729936127	0.0549574000234159
-1.54654419883363	2.95199108124298
0.103350457897961	0.100795729752341
-0.624463917386968	0.978700711990471
0.0096294938861477	0.00634388887837498
0.0642686130981985	0.0316951982631604
0.621762455512052	0.377059264231133
1.44593321430685	1.15681229187571
0.622707872298317	0.279274482025724
0.31695705897609	0.137107793098675
0.45655100337396	0.246047475570534
0.976592666301037	0.360333481868865
0.879607386855967	0.974136259229366
0.922176182156809	1.29449228463555
0.554159152143922	0.554695314513649
-0.0552761442062669	0.0392042363489914
0.339484323509815	0.324349414209922
-0.617154830865336	0.655190332103837
0.107435775393618	0.10381760793172
0.388759910978246	0.49089786254554
0.610709565516268	1.12486101025567
0.867097933982517	0.776051060889142
0.200511139721108	0.177754151751693
-0.316521304194694	0.339867148182963
0.15411935648805	0.154170400799065
0.27969296408674	0.359839177416497
-0.245330257183662	0.300689673225505
-0.132044074085779	0.153886608067138
0.194775168970641	0.208661574811943
0.279807726222875	0.252981819900351
-0.0486733776022384	0.0340635685782208
-0.11773888204417	0.0901139481732979
0.326397993424895	0.249053654173109
-0.475960235022153	0.480793741952421
0.0196491793148403	0.0127943899332522
0.459056448242784	0.348639679715793
-0.324954853577939	0.214165409915563
0.352914928603426	0.231110612344574
0.0754477196971832	0.0402739012400423
0.61884005002249	0.654383322464045
-0.0934778971297586	0.0631308119703397
-0.208164194959014	0.148879191790449
-0.0701866897978209	0.038184505205857
0.390626240232331	0.339271129580351
0.0945384522675777	0.0592259381148082
0.481625694021126	0.431289292547394
0.766887637794898	0.834013752396769
0.162769936674021	0.16966682226908
-0.738264867960951	0.946625243796036
-0.86806086015511	1.52708529752516
-0.340366601155972	0.385990547586889
0.2708491729326	0.243650105041145
-0.738625808495238	0.952180090055476
-0.324314820361957	0.38923626757895
-0.52667900680694	0.698361197488217
0.0460811824321839	0.0341079373531913
-0.0949839403559282	0.0828453964202813
-0.422674276034392	0.609704168723051
-0.33326471250172	0.353714105273046
-0.526219980353717	0.606804933276955
-0.685017446056427	1.04047592240444
-0.443909885869831	0.51663468159907
0.0895822154358197	0.0532166897208932
0.504637662919348	0.615965995761
-0.613417177291652	0.7908460075601
0.130912136815909	0.104881962667748
0.212992312030224	0.158077473183256
0.338383906261203	0.248532770601243
0.22463303225948	0.134757454104366
0.44103513996245	0.351926904735293
0.465008102767099	0.250313979638804
0.935289146080279	1.03457964179459
0.512263184716732	0.449041324257122
-0.112583494157521	0.0740114304016212
0.700998380673784	0.509859167236811
0.0936652630259951	0.0563070341021741
0.652982851193449	0.500760566345515
0.906435942711768	0.687481928985111
0.358472320215493	0.237102433539801
0.377210621733885	0.146031195107198
1.05469930476972	0.988688122616736
1.49375561809342	1.90061560624251
0.685832867283326	1.23156625585345
0.775826787003423	0.833717192989338
0.204025010628916	0.159867298706154
0.427236704084667	0.429323897288548
0.449067729749586	0.35682684227688
1.98233041842721	2.26135710944406
0.48310320920271	0.353831051347827
1.15649522175556	1.03701361816009
0.288338695723215	0.255557360829615
0.483057955766461	0.524686245021915
0.239596545625707	0.288874117600505
0.142361345311758	0.144297751186499
0.211131274121401	0.157442667734039
0.383279032025413	0.241686185191385
1.07677329523504	1.20592759403028
0.903655684465105	0.680679369269568
-0.282851283928419	0.15401549115045
0.324897531330064	0.247471477142975
-0.492641708536633	0.533338064819336
0.0701606165230256	0.0714837834319277
-0.977730009770651	2.03648227641923
-0.277439385384629	0.39092459923383
0.0105159762862415	0.00959003701331161
-0.0474674194699938	0.0461544370199013
-0.0109809113140073	0.00929898501368328
-1.3196812077458	0.991951343072809
-0.133838306930992	0.0857768818045122
1.03865451646972	0.85833634250321
1.78970202801777	1.81923008684067
-0.0051577550560371	0.00303790137425011
0.0919028006549874	0.0544449903757657
1.1456066355661	1.03239336238164
-0.687758788056649	0.567300040361624
0.94012011166182	0.807514106073272
0.54025764277052	0.465276836424372
0.383957605264411	0.491846868866004
0.0516961858425825	0.0413136816338023
1.0810558315897	1.22816504999677
0.609123250079159	0.487489761124312
1.03033054836374	0.854376556099168
0.114225293975064	0.0831901138646299
0.446095906612966	0.596020494972319
0.131388866058813	0.115974825379842
-0.765215261534017	1.03854188557565
-0.253990706389472	0.276603254941171
-0.232876191263297	0.273278838868388
-0.683264044886003	0.803225074923155
-0.305603133743307	0.306701133345756
-0.0159028410197848	0.0134084490328612
-0.11529331964883	0.110143317103188
-0.378468243226648	0.396242451193218
0.440640222992474	0.507715882559536
-0.380212914600141	0.423299161203585
-0.626411016610433	0.791603059271296
0.409064598629514	0.439618577090572
0.0442013244238854	0.0391681925809626
-0.0119614161267107	0.00894630833917864
-0.650946276045683	0.962531881058983
0.298095173829857	0.327663789269005
0.278887992157963	0.24459209297294
-0.141657119294942	0.10723961971489
-0.355766229729045	0.225969844122421
1.01197076992178	0.695795025699615
0.0673538497059404	0.0306475226000559
0.481315501891496	0.344276344103592
0.87262009707639	0.786021480451976
1.53927561996868	1.02305588727417
-1.01290118208089	0.743335313172354
-0.0727494105281764	0.0396445859402151
0.322738159819037	0.244556689495693
1.06410537399031	1.1025375973174
0.87619632788789	0.554043778101131
0.526149688057342	0.260965745163726
0.394349841728556	0.610633198070284
0.479556243805771	0.736609188897451
0.307351100242228	0.342827840631349
0.220013923009061	0.435141377220318
0.252363071158164	0.542935116968212
0.153908164241254	0.201917964070717
0.401319065826687	0.641089098991681
0.285411173970165	0.368106744641377
0.560354858380609	0.635485937038246
0.544591539954684	0.554897590468856
2.66493262516368	2.66347425414862
0.221830254967423	0.139721758686655
-0.487988419075496	0.341616810253421
-1.60288243288711	1.79001313860539
0.766293865192659	0.644808752768821
0.568251630722773	0.463642877361637
0.605236130464547	0.481932130736428
-0.579611444246325	0.436958194231501
0.36671742737036	0.244643441382684
0.0368629103684853	0.0258587300467989
0.762630192971038	0.827732351166276
0.462681580919447	0.50835940531383
-0.185706899869879	0.254183609130377
0.314455858853387	0.427705146154639
0.151637999666131	0.154365541081286
0.78708016844488	0.987827685153938
0.252205054350125	0.130266527574203
1.01064374208953	0.710787899536635
0.0684018400038665	0.0280630026592221
0.24973427866959	0.129027040506091
1.01216739840777	0.590236543578999
-1.34852353208459	0.61485941773147
0.0859639691111715	0.0487768904536637
-0.287711925853366	0.0950016823367727
0.200621535280623	0.169009531950014
-0.36382627117594	0.494510844066918
0.00701999196397768	0.00783790629684255
0.846080765507785	1.72587767618401
0.683073322620683	0.941359005891377
0.236465987055848	0.131921985863867
0.314750745572081	0.135548136284906
0.109703094742303	0.0686306803698585
-0.319346704912192	0.210529471623866
0.997898149650998	0.462465898942456
1.14000051928685	0.856179028501344
0.751715506531468	0.30548948499211
0.529654022729013	0.263786460922429
1.25187647057885	1.21857264727199
0.40205686703874	0.341207841192553
0.872441916122781	0.794201175186579
0.0114394930010007	0.0113306023610481
-0.10484638914621	0.0685200521383191
0.634188456093106	0.590146526121872
-0.123435159955717	0.124228317611948
-0.107141532133123	0.12430099686453
0.116033399668924	0.128431876568569
-0.678612245111177	1.00283783428652
-0.15987501693671	0.132636446346938
-0.00697938479694956	0.00654993809882022
-0.242441286519111	0.2323888579441
-0.351825305399888	0.323533311925642
-0.38791683035317	0.4334191409156
-0.612314873758225	1.02911841511315
-0.517292566059801	0.58681243198725
0.20017869975718	0.198191944266381
-0.233236406774925	0.242383925476168
-0.202504205929623	0.247021882013157
-0.883410982324105	1.27862046048766
0.710177820716264	0.615367065569446
0.566441705450278	0.372070155222235
-0.867058826250644	0.477775870502144
0.980647452713659	0.362963151381075
-0.179127142069189	0.0727845373499876
0.709214489073194	0.397405135826205
-0.837667802953845	0.367380013406076
-0.169062238684702	0.0683036440822381
0.979355101933745	0.361417741562922
-0.284508943684361	0.0936429443614852
-1.16610275079213	0.35308024748219
0.278946984392163	0.132000514553998
-0.327654153686128	0.166464856997233
0.0976952278183603	0.0282638533576992
0.0725407533649165	0.0296802321733154
0.0727707459242296	0.0328782558831896
0.751513142065346	0.307266362543709
1.19546335396347	0.628322810274307
1.712853366227	0.922829587399878
0.265802597359854	0.255709884291202
0.153623653451028	0.162056106467271
0.24877276080116	0.259763949450935
0.444350216751199	0.872649430963155
0.218836054822794	0.399813701937607
0.378323354911718	0.581432965324672
0.130916375166017	0.249044017417508
0.20503458380672	0.443855099612595
0.250827776913162	0.398573850468877
0.160709420781676	0.177653515758559
0.463416081629583	0.671345008668683
1.31528512972969	0.949712293781774
0.325079567504804	0.1398150563438
0.636734723760156	0.478855893385838
1.57283110420189	1.34935813418949
-0.891598503179695	0.588768724692197
-0.859489845493897	0.458779143432409
-1.9121976885966	1.2063051345522
-2.13405076071588	0.971424617275494
-1.12790494375357	0.899823275230718
0.0714429533125436	0.0352890723920292
0.370322888284042	0.245838749999962
-0.0847750638885381	0.0437036217874617
0.987700030796395	1.53538822647986
-0.0030646005147433	0.00358999804700753
-0.234797077328656	0.226617170139592
-0.0365427851010938	0.0359212277353098
-0.308248227397784	0.311159118688489
0.0651225618122606	0.0292488569896315
-0.390556671480246	0.183215942802908
0.851017562937096	0.880237769994387
0.101097367816232	0.0292900508131344
0.460316142359445	0.250399559252439
0.13436303694843	0.0332886519978548
1.94123877237057	1.7105100697149
0.278081917242567	0.132642568744946
1.66372384570807	2.57306143692548
-0.205710626836806	0.294714952463898
0.196384086056028	0.221599878281861
0.983837721181471	1.03774390712345
0.622576512272171	0.656297295666824
0.238504767184885	0.319841441568462
1.20012389308407	0.637011626058876
-0.385514131258978	0.180201700951996
-0.392133549577732	0.181572701951296
-0.473272603576049	0.201747431722254
0.323754139360655	0.139335987014503
-1.40446262308145	0.885538002179559
1.54655954816781	1.02847494050688
0.281371942856883	0.362257881513035
0.171789474071397	0.230316446891185
0.224975370674003	0.149855927762107
1.02203673114596	0.722331421201225
0.461159231659729	0.249023810990445
0.0974147387881135	0.0606204867831671
0.320497545068521	0.422948200320654
0.371491906248452	0.342444363398088
0.577420387027141	0.567866848144576
-0.0771658775500278	0.0678780026713678
0.168730927382478	0.25253907780477
0.32645909397081	0.548532931999451
-0.106796334254128	0.101296940485902
0.135084636524583	0.117327053020908
0.289893609345085	0.437057042671704
0.174353474202252	0.201576741797168
0.264701347866207	0.249101416261074
0.302119473282529	0.347797183423099
0.330451696434086	0.516129806722458
-0.635208547540555	0.71010971072393
0.0651301029854387	0.0517133376871302
-0.0396558404708597	0.0328077025275439
-0.393807840821676	0.681023232494502
-0.453274641598791	0.638397085606867
0.0702571670064786	0.0315468950838547
-0.420592712911775	0.254803412689406
0.616094822984501	0.27749158985842
0.0807029709976883	0.0263772930732102
-0.288143708190546	0.0939635290414703
1.19425822191088	0.625149284146082
-0.781175146625666	0.273344967541787
0.75725327487272	0.310407208209414
0.37596162622812	0.145864273453833
-0.215734039191936	0.0794186607996413
-1.08821099882443	0.437632359737032
1.01365994153116	0.585271410957934
0.370545958144235	0.143900405819216
0.0781662998803206	0.0258675039281356
-1.09285611593573	0.436841764269259
0.62035659580121	0.280825650264746
0.749820743140374	0.305103989441613
1.38501887379061	0.815118972096789
-0.10698822480257	0.165147167367405
-0.0122604110819339	0.0170161627458688
0.103706913105709	0.151687493556979
0.103001096397235	0.122059296641735
0.0214299450803036	0.0275670197650168
0.236903586003453	0.298260070474494
0.111616383995387	0.158629342888858
-0.0751077627207349	0.140093082142521
0.169068673098869	0.363807120663291
0.350070412552742	0.736937470281765
-0.0318152261427987	0.0421297583578955
0.312241948261292	0.462106559979426
0.795934726066937	0.930709965498199
0.997076549338964	1.07537126560463
0.223963979014041	0.14186732891014
-2.11182692999486	2.1824869763317
1.44060462220816	1.1434494467741
0.645306876513018	0.497103125559283
-0.486574617465777	0.34156221983334
-0.666449588245489	0.494379126856677
-0.0437029250359945	0.0312336521029375
0.39293749607043	0.342702226053726
0.2072038413962	0.167663367212495
0.145952774104585	0.127800942431022
0.0460160512856985	0.0465166348624674
-0.314927375001744	0.544274844681828
-0.268614287906109	0.369782271865441
-0.344537386428912	0.514710309141704
0.0129278435009328	0.0103751812533686
-0.368361211423528	0.272403155094122
-0.33325906283662	0.16923803946687
-0.434291867675573	0.446905354307528
1.41729164555103	1.69573756049367
1.01356314425409	0.717614290147236
0.0694884743121466	0.0313124124123378
0.106465355738457	0.0725314973678374
0.078068106298418	0.041377150761766
-0.0590423525611453	0.0667492890383916
-0.271383516369073	0.464731552139555
-0.287268229696224	0.434701316020475
0.305904924593427	0.361370851227137
0.398561955347128	0.499905186035033
0.096671540795248	0.107324535061832
-0.113600854128291	0.0548240898865377
-0.105651422422686	0.0696368166153385
-0.86280157642846	0.475164283580752
-0.265571446365437	0.179803208537048
-0.323097358548219	0.163510859192372
0.77254254227991	0.527102137389803
1.14920826497904	0.881426948293013
0.14005875185099	0.19142914550641
0.552706426424111	0.554827692964379
-0.744076397305308	1.69265654693904
-0.923430980483212	1.05743703507445
-0.947547233483753	1.30484594496137
-0.26611766480059	0.382958418763956
0.193491248955414	0.282024814336246
-0.208529586068088	0.308225405821661
-0.056339446198496	0.051388126494747
-0.439533747820834	0.516346896774153
0.133367526602195	0.179860605401412
-0.600027167207064	0.712403902654937
-0.0666982535604969	0.0540714498717218
-0.0190618888872425	0.016050679293277
-0.477882842680232	0.800160902149541
-0.0523623378007068	0.0466135462466674
0.150235243239284	0.149780003764154
0.282544328589449	0.358780018880285
0.0349013569367734	0.030203320929334
-0.152963965769397	0.182659516146372
0.483005478238303	0.453796607989359
1.81904326272246	1.4685188934576
-0.566915790304544	0.299961456685503
0.279364293485506	0.133091874734042
-0.27933138135413	0.1530213545684
-0.391799433649757	0.183092031344883
-0.107147305762941	0.0516027232139917
0.0761398320807985	0.0310546886539463
-0.174149678111802	0.070873157448774
0.074234472888677	0.0274305829074115
-1.04313103810316	0.634702710269577
0.0686686453621736	0.0336958858348195
-1.13070976494363	0.911455355378966
-1.30556134850992	0.981671735032011
0.775562987323517	0.52445700772212
1.38081552210439	0.824232677112136
0.35737914091839	0.683383057788526
0.19094177297173	0.284264297531895
0.291480766467254	0.446276635827453
0.534208501574596	0.992449747496439
0.0295268594466608	0.040406499212132
0.364392592300478	0.719484480450697
0.316569582021252	0.525345212550668
-0.159468728089165	0.202487182720705
0.271628383615105	0.459211026638419
0.135675315526839	0.246516854153268
0.23745648536396	0.467763719245008
0.0535006870217147	0.0766865809715564
0.572926788432364	1.29747919113306
0.193353399649782	0.282558038758075
0.445515511230757	0.513161274886775
0.137427831664068	0.119811057593775
0.122967030375108	0.09067101714325
0.362901899129259	0.343593351669667
-0.15102292837726	0.111181613126445
-0.0326453252183184	0.0236735022013449
-0.672067954110675	0.704170424530375
0.195762351458769	0.164003455975779
-0.00388058293931694	0.00297083250912798
0.1498628528922	0.134950575348221
0.16308067443042	0.173407925141057
-0.0367160943226396	0.0423804829604589
1.0879676641117	1.33476231898289
-0.303627677670154	0.300067686199875
0.55851349932928	0.715143025279981
-0.113372252361679	0.116320605603666
-0.207430114431411	0.282590373719829
-0.0404907449313099	0.0478491302904398
0.0344534804992473	0.0368927301047056
-0.481800455237082	0.784993808949855
0.286281743476111	0.245000338429578
0.109340000417832	0.069015348892844
0.921165074835244	0.919373722164417
0.025937379690529	0.0237579693142428
-0.12447229972055	0.143752716511159
0.38722319569722	0.657984616603362
0.579124608990583	1.05019675161006
-0.682301170350647	1.2822749563156
-0.11417517868405	0.11586578114895
-0.911981610475571	1.781595633327
0.312827079262618	0.25478410719799
1.29945504672594	1.83678621494302
0.0998901102402278	0.0677847363123057
0.102004260115236	0.0692513471467027
0.0188009387523681	0.0122449749638709
-0.18020773571007	0.131864598131939
0.315750073830595	0.249120534905201
0.458405243164057	0.350956792491832
0.136513863750147	0.121426030461246
0.288481188419334	0.253735651325287
-0.162461403439019	0.183937651009151
0.307626615060094	0.422834599465899
1.45436815471239	1.15134551737255
0.073126528965556	0.0597334549498999
-0.258181439876365	0.36237962431179
-0.251312333760058	0.292110444462311
0.0745354110046939	0.0793991054351382
0.0840761217150077	0.0905158477520047
-0.361314841015267	0.471582239161968
-0.939913980795991	1.60281399979684
0.147893447989667	0.131905801269288
0.35469937604266	0.423049168906532
-0.107002771764542	0.11837519219604
-0.212682583951987	0.22385896200662
-0.237855401319975	0.281745432520398
-0.495839032257878	0.694135375396154
-0.734686584074458	1.33951718098344
-0.344637090941704	0.389396660739233
-0.950995626102239	1.65923373202643
0.534223329080411	0.610077787861144
-0.698175459072236	0.870815671194397
-0.21258297704831	0.250480311797807
-0.557793054376866	0.638917527085093
-0.0634415886475935	0.0513277269274973
0.453481643731327	0.434253562480567
1.54655954816781	1.02847494050688
-0.119887886288069	0.0579321074528524
0.607018740962756	0.488436724892693
0.277348914770415	0.132427065467541
0.0889108492263573	0.0533305962336221
-0.563296889910897	0.29676007990772
0.36339685880511	0.241151292013431
-0.271235532882015	0.147872112243139
0.0774111994443679	0.0410367522785821
0.209361123071946	0.149193204527991
0.807670278043374	0.752919007224604
0.516076123459976	0.357559897388003
0.206745761356771	0.291852971226103
0.836651975016672	1.7147387084548
0.401721861672039	0.669553912702907
0.225376358960205	0.575892955900109
0.127904252642624	0.180272309086523
-0.235602797323239	0.645332680516653
0.198174179695966	0.488859615980025
0.0219757769220323	0.0373204202378956
-0.0833431349201176	0.133066074353325
0.100377639725112	0.145446966919493
0.25488061197926	0.558534532220883
1.98833635816994	2.28049374559225
-1.0119545481527	0.74050082992517
-0.0485246084914961	0.0274857859178742
0.0854596565530967	0.0509209920490557
0.833252166962678	0.665442028411757
-0.231927736217404	0.162317139661503
-0.443508227154016	0.385421436650911
0.253350405203919	0.235579638038233
-0.479325368389766	0.642149194140901
-0.0391013383855629	0.0474058176187182
0.436217283200729	0.428458362570603
0.102643690610022	0.0613883839674428
0.817887719098201	0.768549622276125
1.03911689772775	0.857339992798018
0.203571071606539	0.209311269513835
-0.158362001377536	0.116141403916583
0.186645099788909	0.242237650475796
0.219881286065773	0.428887952942642
-0.498233768700553	0.856463424757834
0.00311733108337243	0.00354973594111778
-0.713666008128388	1.14312437366849
1.19993582428858	0.631584306445599
0.627811442258906	0.384915699656068
0.220956759344676	0.139829186351367
-0.260080146937753	0.316718630644644
0.0235455950484966	0.0266476990523569
0.341038049440504	0.597535108970858
-0.221526701834839	0.397415367359195
0.0664650668044667	0.0813082651240798
0.204218921074348	0.214712805287669
-0.0516198060305942	0.0419920608394364
0.165104052236566	0.228968839436637
1.8205528804328	1.47292333889992
0.0768030231932262	0.0280638490843068
1.00191773024639	0.577172963466181
0.61972052992887	0.377801536755288
-0.148064149469469	0.0653675400141193
0.240921728963668	0.134713964929004
0.0915080455516979	0.0546026779955209
0.770643488038185	0.523101747362045
0.0101552779133946	0.00816317525528914
0.0588884060466525	0.0728407762750486
0.217959518510098	0.137708704874393
0.250778546026649	0.129592089250963
0.0693648335837284	0.0312802827276868
0.220813969969475	0.138941904801784
-0.618097249576637	0.658818951860774
0.0737439598237443	0.108882328374968
0.0258182847402018	0.0212220712588481
-0.00295509424963713	0.00221903980523603
0.103698889061574	0.124318587847454
-0.0427280807893821	0.0558612280135702
-0.043117020555128	0.0554862846147693
0.165069610140465	0.175994851970944
0.502328260441549	0.608919026926439
0.156475813446684	0.239134193282076
-0.0114476071732507	0.00985183830601791
-0.479004047279214	0.546165906762063
0.16475263317374	0.16596470311607
-0.442832324318475	0.704067880098896
0.37331169075755	0.413509985229803
0.195810422329851	0.181774098904607
0.00199305985529744	0.00187642464369644
0.0960730704810265	0.121667959302823
-0.452973071230847	0.757724679001425
-1.27279764281543	1.29833864965324
1.70076819329209	1.91869662224115
0.064320292766036	0.0286787190685316
-0.871417056868035	0.478164362304315
0.0727707459242296	0.0328782558831896
-1.23516570456493	0.694439024366825
-1.7405231086336	0.98883470411203
0.699056014471836	0.388436009742484
0.467980449379951	0.164382558502621
0.621559024428721	0.279168557258766
-2.98284269017134	2.17268139233216
0.0615113485244139	0.0276727983619108
-2.99581560675647	2.16658673590755
0.613944711078289	0.274318795618447
0.383024753674435	0.647263534290672
0.566498230696006	1.32715362800654
0.500744103080462	0.880287996389267
0.451824238995728	0.842759146396479
0.322558656624235	0.691864879610223
0.101905604915971	0.169454222400345
-0.0838041421422176	0.0786282488182625
0.297823591273549	0.461631697489519
0.292276018048411	0.551260880406092
0.322844959291698	0.541716272266054
0.529237193488266	1.11869075185429
0.578451937469388	1.14572383198822
-0.0299102113537028	0.0403909727975532
-0.352859325427765	0.530431432084381
0.678422036974634	1.31813007216581
0.159547568338802	0.260064681391272
0.0442131821676022	0.0633060579595011
0.13066176673511	0.218533931787289
-0.404516072704956	0.528077649236974
0.160967189611982	0.18837739019244
-0.134014266070286	0.163010389740646
0.255760536312109	0.258364905129581
0.358890582378735	0.325895578830492
0.589773667809983	0.843468869350696
0.440479433420043	0.835007422532156
0.301313709230583	0.427709912939955
0.311915653848845	0.415861532192933
0.345709716549122	0.426351894896052
0.308780105925907	0.370002445921998
-0.163590455209716	0.149970164856905
-0.363765299206246	0.425156641446818
-0.446134055659995	0.644636309052388
-0.357726898679548	0.53535255342008
-0.340845563359588	0.434087872891979
0.155882660960028	0.159122586294156
0.132644151789309	0.155611160182806
0.127766871843949	0.139885904515657
0.0484923716707479	0.0538540490944518
-0.288441257176267	0.41824840461171
0.0694152070858103	0.0676684876654328
0.0869072328852699	0.104701832322947
0.381833839092158	0.349008667700757
0.446363311449469	0.701806477194009
0.120494632778549	0.128279109036089
-0.349793737016513	0.479794565653834
0.0959523551753964	0.0899508363700033
-0.198333957341664	0.221572730891059
-0.102601796748287	0.120033288197236
-0.257207716290048	0.371039200003098
-0.363575223810157	0.385804782197963
-0.345349388260489	0.438787958871972
-0.21232053423178	0.300107749730282
0.154953531726096	0.217755242036448
-0.68126417934583	1.21435081667061
0.146419649818459	0.13136661487461
-0.212159142882813	0.276440149784883
-0.343768952857179	0.432128789726149
0.263133956586166	0.347933017937224
0.0294495460886354	0.0359476978519895
0.0168398703937817	0.0203307653500103
-0.0601266779114709	0.0548131929864294
-0.36580687376349	0.388784633885409
0.0150851287183901	0.0123942676324938
-0.293144324229138	0.273918339126893
-0.264304789258432	0.246839699015514
-0.0675676743368495	0.0545362150216848
-0.153566856528621	0.128717569089897
0.123642763765732	0.0968471300765929
0.419015751276947	0.430155514376125
0.400023819709167	0.416627029856398
0.365500376902696	0.345382443681161
0.0104004021459224	0.00811395111436327
0.197354568374048	0.203451492689055
0.253466675367271	0.289154257339638
0.505264074376229	0.687816795875925
0.365863636127437	0.586154377882624
0.149184395119649	0.161636726182616
-0.209700772650027	0.235949829400256
0.3410729001072	0.450150786580414
-0.109447521941861	0.12558589890106
0.0897596295894472	0.0982673641420753
-0.326068169434917	0.445122128856007
0.119383582360666	0.158724343287833
-0.268897788766866	0.324451428038918
-0.4782661799028	0.335839982185826
0.976396187027372	0.938797121796624
-0.950973725318552	1.6492115677889
-0.349064632813373	0.418577031073767
0.795171640377046	0.928320848450224
0.133069520689684	0.110567038364219
0.0956794568030433	0.102281897627859
-0.687889364367343	0.795239092517136
-0.058905017074802	0.0414136748371145
-0.153641919122648	0.139763288404117
0.249312156879416	0.253020288605182
0.215355818738302	0.167388304055692
0.636590349139448	0.593749183240407
-0.616405825130822	0.885603737764687
-0.341217327928594	0.511944489786206
-0.097238570799397	0.0940875191579227
-0.109132294944325	0.0945915197841165
1.0973477728428	1.33686120774962
0.21054701626815	0.16320649607454
-0.492720052960692	0.470293641367135
0.401455821786738	0.341055799443312
-1.19721360121267	1.5546070949405
0.0370598062323395	0.027375495909369
-0.156913878499287	0.0970154892929595
0.250050502497013	0.244611292904331
0.0355925551208413	0.0249096300172545
-0.113232223602165	0.0980191302350667
0.118576828675496	0.0899949159788353
0.516768739357552	0.543456949734536
0.294581424227672	0.24636329037932
0.752927909334133	1.22082938677945
0.520233002022875	0.927050040568467
0.45739957324001	0.838479605062475
0.23651208239543	0.35344536598835
0.541859640944852	1.249599429954
0.0402373649951052	0.0625121344252265
0.104796688979938	0.205092309060045
0.0448676542252013	0.0633430485120021
0.293056024496416	0.356494968907826
0.0464958021714287	0.0533538354330147
-0.0589540041698739	0.0751381669593428
0.384382577360223	0.418630265279717
0.215125184722816	0.310839299303217
0.812588703459121	1.94509644732092
-0.0825971911402545	0.0939618881529807
0.0873827158100856	0.124372805399633
0.0750036299543803	0.0911063021560525
0.44149382587612	0.588152231678035
0.109981606547539	0.170113365193767
-0.147287374363212	0.238259336307706
0.00223622868753335	0.00320249781242037
0.422373397061747	0.558687016392911
0.0879728039752688	0.0820594708969207
0.0890881784593726	0.0947086712431921
0.624353296339197	0.742573988227557
1.28303489750132	1.93985753787097
1.00607877975153	1.4460977974051
-0.0462851157865098	0.0455729231738466
0.367000363346171	0.442620777337625
0.171675656180266	0.215766777164793
0.0227590686824529	0.0207740694079346
-0.195739091346189	0.253134551496496
0.0631186250550619	0.0628173427715345
-1.26547685380215	2.37449240843183
-0.46005306484764	0.653358343519394
-0.589335231386016	1.11750629781823
-0.368536973069665	0.627111772700673
-0.134003601463344	0.150023510267279
0.159728289234468	0.181543241013794
-0.20763067912044	0.245764191695155
-0.066837047887229	0.0682374358579922
0.30033164155006	0.47880858405941
0.0135265253179603	0.0148352810570306
-0.0419988829723536	0.0424546598698651
0.247801402364569	0.280937252723779
0.139900472690632	0.171576039810849
0.319441853489384	0.342220778673496
0.10141142179619	0.115353099837375
0.226654085788447	0.315534199330276
0.171905912552816	0.227577468629307
0.0609837322089534	0.074767723253411
0.268121342904335	0.345452027294218
0.432190345718753	0.656925222734615
0.426544204919692	0.707631551159566
-0.0781715652995059	0.0915931887550535
-0.108979392409713	0.125149930279566
0.00930267836479997	0.010077693952263
0.214089795640439	0.265739697063556
0.0637226902150475	0.0595119410829911
-0.52245925491165	0.979969346766963
-0.0898147745716447	0.0987050369828601
0.002044108370701	0.00222609877484014
-0.376476870604506	0.562576884035506
-0.0882044559149927	0.0925430842927496
0.258627519370581	0.340441042268025
0.152235657933353	0.14654871319691
0.458268908914352	0.662335284453168
0.0831508979038467	0.071229380764439
0.0332024014389783	0.0323198053896876
0.143725862274755	0.201397942112681
-0.257368290994149	0.427610589593545
-0.51293720288047	0.827984505442272
-0.193391048753226	0.218090070445492
0.321670939768964	0.426212339730272
0.305353486152227	0.346566174899767
-0.425590555113018	0.551487195193685
0.0257372544813701	0.0240985541367046
0.43283090299025	0.634352777595561
0.736221439650142	0.895559250017149
-0.717375873173131	0.983125304212524
0.26875447658656	0.31115431378264
0.113964729789609	0.121884285644722
0.496173236037594	0.66628484461441
0.268747697640583	0.378067951759814
0.274251967749536	0.364257346148105
0.0819408469116972	0.0714241646873222
0.0272630456709371	0.018449201598102
0.53114023413693	0.695087451642087
0.382846258538549	0.492969747981334
-0.377246683538101	0.579371090137528
0.366962425397396	0.497776827003403
0.0881933923238093	0.0818536115624068
0.568830038118603	0.867313796521137
0.0936291376618834	0.105092546705251
-0.138327060477103	0.157146952146826
0.31426740250767	0.432666127393499
0.32069414367917	0.472603341506531
-0.403476754509211	0.637620852106904
0.410045525323291	0.505866305708378
-0.340497881953728	0.256827631908545
-1.42530381137998	1.16575158234
0.3108654439916	0.339724026232457
0.0783247164187613	0.0695209438677761
-0.0766453219950005	0.0522461708785749
-0.64241270283047	0.751751989062341
-0.499719495037615	0.716038537321149
-0.196307568018651	0.176814235540188
-0.189995252847816	0.138419033221935
-0.255686708168036	0.243705014123487
0.202757372704739	0.189060205716667
0.530981752343023	0.54472976672936
-1.24161215946599	1.53735901823357
-0.414435331459529	0.459226906735506
-0.912873647252262	1.95932578295175
-0.444641346093688	0.605928068321369
-0.216352956036841	0.210210324069789
0.206809139607945	0.148091455582668
-0.193577095346629	0.172951035194797
0.459195611418059	0.507816744452351
-0.2083687375696	0.201152647877504
-0.161185365313252	0.158920191216526
-0.241497714840063	0.212607165280658
-0.132576766317073	0.123484032198229
0.921739377900982	1.36256808289629
0.653671741837263	0.770595157725311
-0.395750165066981	0.46140247352506
0.616007390386905	0.752894731408248
0.339927352605794	0.334960949101983
0.399142171553453	0.41221260912252
0.128667247007218	0.101024536915822
0.468710321170815	0.653607239457605
0.210243643539518	0.296169786005697
0.238682813826373	0.398548207399122
0.455825918246526	1.04787907794386
0.325939370893962	0.718547921148802
0.299762804471882	0.415015559498629
0.668794720904393	1.73840012144599
0.396553622561584	1.0400233123845
0.265850377053557	0.578783098780967
-0.240930741300609	0.25106756252329
-0.0339971539820454	0.0347482167211104
0.206703421552217	0.336683015337426
0.319025631739032	0.323034338542479
0.17296091719712	0.300807619624039
0.391813764554443	0.740243592898044
-0.020704326863999	0.0211336887857091
0.437687338853324	1.03595076461417
0.0743391192366387	0.0867383284281707
0.262381576292226	0.272577294787663
0.285801134712593	0.582435153766274
0.154715376451253	0.298253634408113
0.177786404310375	0.367837561687252
0.387553824800027	0.938217054930373
-0.552972596015663	0.556881036374408
-0.417234948519931	0.435103024540593
0.0950639081711077	0.101895293800613
0.300770097884596	0.250644214911609
0.52272274695511	0.45947290816749
0.401129640489339	0.425463136460592
-0.341805048258063	0.3109266707923
0.521291157718927	0.548768507444785
0.11842992548228	0.17534543469921
0.279116866620877	0.455780422290964
0.157500137373244	0.21075896823348
0.02339050770975	0.0294076096664154
0.218327000288233	0.359348576004143
-0.0452169674107034	0.0550246528339746
-0.468068403635267	0.864763161990051
0.153222156284255	0.22330303468611
-0.759878132544408	1.89339729295984
0.44791633227977	0.941064796593184
-0.188087003925005	0.268736494792097
0.236423929134451	0.36112591818013
0.152843626655319	0.144270390254559
-0.148464791150837	0.179178479572329
-0.198561128487348	0.305968357220791
0.175025620509027	0.281550835081731
-0.090294386263537	0.0933541097051776
-0.125912573007431	0.158726324701088
0.284573522983971	0.367770717928172
0.438786679992034	0.431027144874076
0.691574288445796	0.945340658032403
-0.0167663168051622	0.0182515914325854
0.537233725886904	1.11936510296666
0.910159285984757	2.63276285977805
0.0297697333459586	0.0354888653035334
0.408501192033351	0.724793920109101
0.283539191580578	0.454187058781676
0.219503921829383	0.31135959942486
0.299774818970883	0.532314108842084
0.146341878403938	0.191635381498422
0.0363344286287005	0.0450979007109497
0.331886599535926	0.626466856433017
0.115931072493713	0.138413708714234
-0.710710245878499	1.95880919026967
-0.0538056074199177	0.0592214118021097
-0.225189900197623	0.219132418567685
-0.194541636203539	0.277009737360384
0.091933687848944	0.11708716006158
-0.045415004357023	0.0613915057685242
-0.328382424748517	0.642235035911602
0.0116503150673517	0.0148823728973967
0.0964866550356977	0.130019660149992
0.37381474912425	0.66510357419372
-0.0943163191211051	0.109216158761195
0.198083248852139	0.309290769090785
0.274636630541837	0.374277280338463
0.23767528225835	0.26081724057118
0.351287097338458	0.458873262214842
-0.0396572759389821	0.0426688923723388
-0.123377416347764	0.201248467663551
0.0890710525139692	0.100254857415618
0.10925268714571	0.131604485809147
-0.267214740793395	0.422255099219573
0.534477817596839	0.866947284501551
0.0974471553029085	0.107907083626613
0.0959158161805593	0.109773343173071
-0.10506157638042	0.131117986340601
0.759962991589649	1.30190869170142
-0.19685834822013	0.258655777188529
0.161432280529001	0.209999874293896
0.387292103124658	0.591342099562449
0.244913385637472	0.311009625651707
0.325804365661825	0.524839923665486
0.00074053044780483	0.000937859803854707
-0.424131939253548	0.749431346245722
0.407775948550614	0.856566508524893
0.0973727672795053	0.112187346097292
-0.195150877317745	0.19257062005178
0.506214826057991	0.682471707121814
0.698687634269263	0.786269956584819
0.0548040217211579	0.0648535695485668
0.14241843603436	0.185588498925087
-0.129589186945781	0.164584919836913
0.160867203770187	0.20476859790185
-0.338361865879424	0.530936992905527
-0.365554523141273	0.59805386619643
0.193901000560259	0.239031193858272
-0.142181663677345	0.199518884236326
0.107382047684683	0.158722478581115
-0.131403375049743	0.11925682072568
0.491524307560023	0.359953841282304
-0.200687758973787	0.121659263970608
-0.511640887997077	0.518673979515274
-0.579950139191635	0.730280681070485
0.877368323428161	0.549936838056924
0.598618333975561	0.646807473375937
0.623012337690917	1.04553673913628
1.10897918902628	1.74065887032285
-0.133194888692301	0.0858522666536919
1.18354071721996	2.20575023375872
-0.286959759601862	0.30645035260337
-1.13390464613143	0.900736538001408
0.312450259336157	0.253189541642331
0.2056211011852	0.209423176465186
-0.161990026100004	0.210982739417234
-0.0813313949628252	0.0919982772807426
-0.700347441941532	1.20021961606189
0.0144510318087506	0.0115656827737026
0.288958204770602	0.3414051556599
0.107808057826243	0.111733804067109
0.589083886478616	0.939453346839285
-0.226678893241494	0.234425180849336
-0.356537710260921	0.480437153661411
0.0750105453074328	0.0753032302242915
-0.628035811999182	0.97064678576393
-0.0369787863518973	0.0391895013001619
0.338642408319388	0.440582935134925
0.260114032975472	0.297056181081162
-0.174965930702424	0.196516731356618
1.33657387466647	3.55794631259279
0.285529410007914	0.343299132396321
0.211002435950288	0.233327832620009
-0.0793443452126442	0.0811755785118595
-0.589369205713025	0.873931277975871
1.21604478175229	2.65491826584618
0.258140548878222	0.28089015414633
0.85809328359423	1.37048595479982
0.299345526242885	0.436458947149247
0.0660693700299333	0.0797238269317104
0.222966761502033	0.346944744775376
-0.304529836257507	0.536628231010554
0.272707909824824	0.355386050057649
0.0240133136855042	0.0281582074825519
0.5934816193533	1.55809173764544
0.425975781771796	1.04252700225159
0.447298376390068	1.0642733639667
0.00507993420548038	0.00584977022371673
-0.320960379049985	0.29799292051505
0.252455934199341	0.30108343223492
0.215706666427536	0.291647058516964
0.765177083266501	0.73358138815763
0.272373525827597	0.464626997696269
0.590737325669561	1.12251730058037
0.126453173494622	0.137425341510427
-0.0425972832753635	0.0574487676392641
0.60758122746814	0.813557256593528
-0.909916705553112	1.26836267039131
0.0838754233145892	0.125218624690663
0.295856082932233	0.359234562826509
0.0318310160549074	0.0366766830150773
0.203190168192047	0.326888273445617
0.36265719838072	0.896818126224528
0.340040910019575	0.735171230460005
-0.0743728669810572	0.120869433818518
0.148738115891606	0.243282421894328
0.201373032239061	0.164737272847239
-0.0724094187597357	0.0577533172029867
0.131611111882376	0.105977041032098
-0.553447130323135	0.476595466632447
-0.0665105496070868	0.0359339699333572
0.624742605205029	0.659531775672879
0.0188009387523681	0.0122449749638709
0.570459885869487	0.719621745693029
0.343842275227725	0.331028142765888
0.0787425756722448	0.111718413018214
-0.0617023459599788	0.0886070457958506
-0.161883968797537	0.240433553664116
0.473768842464335	1.03554821028464
0.394609879046416	0.709305698976298
-0.0141003619317328	0.0165332269072717
0.356428569601391	0.64590490616565
0.446403148069701	0.899970103227029
0.182922938249112	0.281061718104187
0.2064263191815	0.343643354982914
0.270340858467594	0.444796812371646
0.0168819181943652	0.0191721117879326
0.0227333928651154	0.0223186484789285
0.763558120472464	1.22539927604459
0.535364521429948	0.913111140503764
0.415756926267619	0.813074047649672
-0.0516188105534147	0.0706447101985551
0.0434006300166693	0.0559388275175876
0.405864915760604	0.768718388797548
0.759984082024347	1.05168722184955
-0.557075005059827	0.871364559952072
-0.00772441775795128	0.00724445489684055
0.62176050609736	1.35907466942576
0.524356161027657	0.850399782271571
0.576478055209603	0.627242571712166
1.70958649437834	2.22633070251357
0.193181341543687	0.151848471806476
0.203138587660803	0.215403135903272
-0.115834717559333	0.136853114965843
0.187322315638101	0.263404651990615
0.600230420210296	1.2920452830425
0.453556803226069	0.852942352421104
0.171998386286531	0.235888453943729
0.180250625403073	0.252731847589265
0.720802462589863	1.81976831192107
-0.117283887287792	0.178279189165064
-0.226142677045729	0.364132256388954
0.229947580890955	0.313061603887601
-0.0720796742949932	0.0967074696352075
-0.147356178734405	0.192575121995701
0.191741761842777	0.170772564373035
0.927426626558267	2.14421723189458
0.0261139249883346	0.0292307857804448
0.180308974367515	0.28299972851513
-0.403305549051231	0.791474719090572
-0.133013575525313	0.200201221728028
0.522102863657535	1.1869665195825
0.575889689160979	1.21373637407921
0.160029174938048	0.209343477881324
0.0267865377087831	0.0302961531836545
0.476075878918678	0.866064223605806
0.0372070576101697	0.0320972834163063
-0.0830995267031602	0.111504008909735
0.0398727893092368	0.0506805657320043
0.724813590677145	1.35225112992122
-0.0748799665784517	0.091650146109391
0.730184785133795	1.42603886731918
-0.470500438055203	0.772025049112827
0.610904148589599	1.16184890838526
-0.0476118275848761	0.0536083740462899
0.161287203802123	0.223263325931772
0.342434880721985	0.437980086128511
-0.000967673558035795	0.000916802931954273
-0.167899874509059	0.198758616752457
0.323535254168506	0.490169501016088
-0.039939124750798	0.0426826641401705
0.0439111407490353	0.052137491260487
-0.550048929628068	0.900473326157118
-0.1087575615498	0.143166804182152
0.571994684921975	0.997724533522646
-0.797466446433795	1.26219612992375
0.205832720029933	0.173545460497393
0.639546163049787	0.594115082544279
0.231428287271196	0.335461990953817
0.677284001407512	1.49392925909713
-0.0873740082211738	0.109613960818209
0.14238619133825	0.191922654267994
-0.00509712797926275	0.0052408957355997
-0.141984864611855	0.19673352244108
0.108598496540779	0.151731261446261
-0.181896527921982	0.26260727628616
0.159253233998871	0.216757029819534
-0.0657003899415298	0.070641210061634
-0.210050615848756	0.319339694561428
-0.0323350772737584	0.0355735686503833
0.30575699514839	0.331619078643631
0.410751197282334	0.240188308566341
-0.215850957127588	0.0782297287408473
-0.0598754542812702	0.0484168900627519
0.0288299206147219	0.0247808627467882
-0.869812299084803	0.823024602240874
0.536195157393353	0.46127692470343
-0.0548852731230591	0.0545573528438341
-0.766716541016669	0.541951591592059
0.231871364894793	0.145927261526873
1.21710279555584	2.26125222824031
0.784044801331963	1.07355028211584
0.764442436181322	0.643314660993725
-0.0895858385765377	0.0606439818065852
-0.380032152786488	0.368929491513009
-0.472060027284133	0.834131507237094
-0.0400457349379842	0.0428287368305321
0.236361677489051	0.298433839925368
-0.258943253105823	0.283331541632944
0.588977803306829	0.866138840907108
-0.0145873517378401	0.0138410872174777
-0.259132664269203	0.302133263877594
-0.456639677462604	0.640543168501898
0.846908504604036	1.46008458732159
0.159416002148378	0.163117220989701
0.157774328819753	0.175234314774889
-0.36473017739631	0.560920467448268
-0.53040411991243	0.877554396486356
-0.149243984129799	0.171153481882395
0.333180232048076	0.451261756021177
0.431033372621959	0.677745473887308
0.412395311546902	0.576607796842017
0.000398593775511863	0.000432014989932271
0.365374281962987	0.447845231618059
0.714996311595037	1.34363123422905
0.621530779028031	0.899938694083044
0.360846501151991	0.32876897434277
0.292442265460427	0.393943485712001
-0.379477993805194	0.682693986546147
0.0423435626918303	0.0548305859723652
-0.185250157219389	0.294038754480846
0.643055547337714	1.05315000506133
0.150570542046217	0.201672602638013
0.286319773228282	0.531061835567074
0.297982923946814	0.61946924114552
0.0849097233918544	0.140410240248509
-0.0374206184826958	0.0435376665683175
-0.444941552967812	0.424969115983089
0.0827617118463265	0.0711100863691361
0.456422443935173	0.714485766753762
1.02410639441437	0.721378426561025
0.374259000392486	0.400604628315233
0.361838231477109	0.660579854860779
0.200440506047149	0.374265661296356
0.403341087270839	0.517532927861148
0.207050124666819	0.294135731991186
-0.225569500884754	0.201170709231717
-0.0897186922161238	0.060609522778183
0.453163111657254	0.958685861818245
0.294909123908145	0.338717524302001
0.350406480185462	0.605472415269198
0.536506256012937	1.42717286884079
0.252309463447558	0.56372511507432
0.00499693830770342	0.00735659944984867
0.0589267131677331	0.0903174059767314
0.218179653615281	0.359696087148169
0.814245042187187	0.76755968008223
0.218952619352251	0.1588059705486
-0.127997091041302	0.119251672626242
0.342410720159156	0.238424912949523
-1.24320739760939	1.07396029426878
-0.152091244745975	0.112268707589379
-0.133222636629668	0.0859715182587066
-0.292489095277329	0.222915191180088
-0.421226941921605	0.339941863844191
0.0123903453766314	0.00990432118083638
-0.0637930997202701	0.0863981044853819
0.0504612202343305	0.0734054984261096
0.181489393039754	0.32748576279535
-0.22663471504596	0.386139420802329
-0.258455704327498	0.463328877638682
0.0427265002276737	0.0591387126692503
0.232964137492486	0.348156587115508
-0.0714065258138297	0.0893929061573113
0.326116536317134	0.659070388343551
0.26653886653168	0.489588071667924
0.233155936662316	0.424490125074318
-0.0819805074129089	0.119701252898738
0.361260168226222	0.634846404127774
0.477681928661138	0.722557760608328
0.557299465449323	0.691975117471776
-0.183272247761304	0.208198313563428
0.222591073313136	0.329491435167935
0.106090624320196	0.162005967943995
0.0723482707187146	0.108582521945699
0.352923246954411	0.653171995347902
0.0588566786303099	0.046488315523733
-0.211843613266421	0.248521435936929
0.532090525116554	0.782000936639096
0.369323902694283	0.55488509999755
-0.240043003144402	0.262920636920444
-0.420336947633884	0.343659866505194
0.77254254227991	0.527102137389803
0.223925411843607	0.155876777632077
0.625024674942929	0.74877220563601
-0.153105060375545	0.185046940173234
0.596592981585524	1.35975625573186
0.42751704222799	0.799196356644971
0.410055370019772	0.586057183019017
0.0593943329619114	0.0698785678032175
0.164496595784701	0.231362664199696
-0.0670413197953184	0.0962967116976393
0.440963321352846	0.906087789376397
0.210303069254899	0.347354040249957
0.0222097981775965	0.0263686393024427
0.227243806262092	0.367346728476223
-0.078620408087748	0.0876438522236281
-0.349398634553192	0.292328948167318
0.215101276792618	0.279287318743437
-0.0801001764576357	0.0852474495647904
-0.630735425188271	1.41596475044345
-0.335888125246769	0.625865415928857
0.0814314186312598	0.115860998238398
-0.204945312571983	0.300271817069914
0.110367318157307	0.162864168704711
0.0472410447030654	0.0581004165607616
-0.152627601557259	0.210297713856644
0.201096639426579	0.287143043551432
0.153875017960438	0.148354450097285
0.306787930090097	0.249767345449773
0.169733508737954	0.190318340014875
0.101378630776232	0.144017064838202
0.00772152072061012	0.0086308850627194
0.295867201497009	0.477464333581731
-0.165916878795322	0.208858138643282
0.0148737031527641	0.0161219722975028
0.179978606408617	0.256705417883346
0.268665426604555	0.369198643656644
-0.0501981430830263	0.055616421030687
0.12402377125764	0.157770164607347
-0.0795171865887001	0.0981616992803414
-0.158693377020422	0.192160532793362
0.0865722139711724	0.0907878875749959
0.0380042644273872	0.0461850020586024
0.0762981357221551	0.0914693717610282
-0.0125093487681984	0.0136389661995321
0.2728097353393	0.430094412390061
-0.391312482760248	0.608062167418892
0.32832687241205	0.338531156311419
-0.543209668295434	0.660589166276677
0.205382512614043	0.140038251292444
0.232583986832695	0.31823379060219
-0.411792548643005	0.724910531510034
0.259521004162571	0.442063431775476
-0.129102952430374	0.165982096494873
-0.413311860203668	0.720237792069855
0.262365404908924	0.422426183200338
0.196598107663142	0.313037844356081
0.0132364208371413	0.0153598507853781
0.0742562512885855	0.0770683111381791
0.978619490880233	1.96070271774741
0.336599641095924	0.514655252508051
0.0701896773138704	0.0593890046098404
-0.445605496280033	0.428705118598214
0.0702890199668845	0.0259890387489126
0.992192255480416	0.465614826121623
-0.531632825972286	0.567914113171409
-0.273399010507173	0.258293591331353
-0.633609525027534	0.405701669904293
1.00098677234725	1.07474116681852
-0.477350521761784	0.523223673207563
-0.557262007633939	0.479945492872746
0.995822949101538	0.464420139903543
0.331963078867346	0.325285512132875
0.606164123478976	0.580090945809863
1.16352200177128	0.75101141087849
0.070307913480369	0.0344671742871809
0.580870521835309	0.647149158739307
0.0841676450295011	0.0878691604213429
-0.133846336334785	0.152776379456597
-0.150960569097283	0.189523831546495
0.408033561339355	0.55953999184856
-0.186447095745165	0.208343952820513
0.088444610315559	0.0965501939977479
-0.405403879521082	0.570544214477564
0.675587434568756	1.16725194806324
0.470640401977731	0.660861907709741
0.328213778488411	0.421374794784536
-0.00310354196403233	0.00319877761962079
0.314374343008026	0.466750244181947
0.191271308176319	0.254625432177277
0.169005323825855	0.190142152006125
0.0503750483574436	0.0494440171206391
0.221115748512408	0.309123815055972
0.586272522319719	0.923316340340647
0.204471326976921	0.255398214073827
0.65431883663946	1.14540269861237
0.302661566724902	0.348778961138557
0.381320582437435	0.661679475575033
-0.407244891230214	0.695392829900954
0.397624884422457	0.702199213941024
0.00877157169208764	0.00776695865655749
0.403426442505424	0.651608546366442
0.24558276047979	0.430901991564915
0.134169188176501	0.207600175085335
0.0614351701829558	0.0923058201242717
0.056596083744163	0.069526986530802
-0.156650337543165	0.254171569072411
0.196889286344437	0.258173557221276
0.526432662232194	0.468021208361873
-0.753597108335955	0.935057878386138
0.476472798133569	0.608315458826471
0.432212950571414	0.607519436711065
0.0750171739066357	0.0397829834480539
0.204395185874132	0.176536179569158
0.142156338319757	0.175323215470887
0.0736262899895002	0.0847980852997013
0.296107124098897	0.552516552018529
0.154222099272583	0.157402540646633
0.920396924186201	1.63880949502057
0.0878106669140356	0.075523804945266
0.420811797949278	0.75791236437987
-0.215178748243444	0.173190576244944
0.71308212175052	0.62419049631031
0.042433047132451	0.0645326854113377
0.069959196159682	0.057129520872558
0.0514468152577715	0.0447625582231654
-0.263982888050112	0.354373059958612
0.0138972522307897	0.0171425403247975
-0.239654247330146	0.471552614634562
0.00274851639951681	0.00373786766390077
0.206415210819896	0.376360180040121
0.0557438910985803	0.0711343776443076
0.565986852253666	0.373776937352319
0.0719112010069964	0.0378054607193816
0.0651279021173527	0.0502360610262112
-0.309028590682276	0.204725773193378
0.823525515380346	0.65420551527443
0.0704659344778901	0.0372286726712796
-0.696370754531819	0.617483282992771
0.115162215103188	0.075523145414005
0.434716459778973	0.356978383582759
-0.0309088484042336	0.0224078163563529
0.0802758616988785	0.0990307530378431
0.177925356019842	0.266327527821815
0.00891277680659368	0.0117735769861688
0.171343219136515	0.269880884405593
0.305717954876722	0.587967396118438
0.312333414448002	0.585970181942164
0.0729519625963105	0.0954234567066602
-0.16286737405494	0.240310226824835
-0.18432409473679	0.278636425975034
0.180944981835605	0.281107345261399
0.133561556736115	0.202727010983584
-0.0304280104123164	0.0376699380793654
0.172610855285146	0.217846886950404
0.771205903320715	1.16552622068548
0.258487711414015	0.278523537508245
0.277970757949729	0.37399607648989
0.534014712016565	1.05563823010449
0.0644799476691747	0.0938083713008656
-0.0470884941973308	0.0583319445136534
0.0993167651804509	0.146964739468536
-0.0334759407169202	0.0412257892005828
0.118331771072315	0.165768288327002
0.203248296923277	0.170799167850274
0.0632940034835594	0.068429011881346
0.0913482466913926	0.0834607281707089
0.152157743291747	0.15818037351201
0.265412187524815	0.268194544529223
0.122136164647849	0.0872013877966634
-0.39275840962167	0.182212478668309
-0.705084998361347	0.638455821975771
0.143463510084166	0.131689326018482
1.29522043211168	2.96917382599286
0.669332294120973	1.20277461026195
0.300885880332244	0.369470519722776
0.420854952484037	0.787989082876769
0.462416853359372	0.996040163343455
0.604276482461661	1.42234927142861
-0.0671610548622716	0.0880690673217891
0.468299413460078	0.978358622618023
0.0327830864963346	0.0398601087097264
0.235972689341754	0.371884614773155
-0.281048341837451	0.381208183890684
-0.192268237461801	0.115239978798982
0.164156481745082	0.179606538057245
-0.682629979959597	1.10153684230623
-0.222342229752378	0.314364263907182
0.184971965342363	0.293391905521012
-0.186742229237677	0.275707550012142
0.312412507896646	0.580612804789783
0.0609292768064499	0.0787200223435989
0.229499727134096	0.37104396390553
0.0830182446209286	0.113600959036545
-0.364078209655683	0.59779390226156
0.180154659735451	0.260664800038696
0.912005422336807	2.40012048473371
0.244027210319158	0.350429014183671
0.0139552214039432	0.0146059995295613
0.219357211102393	0.317435282163788
0.460245660744285	0.895175288305531
-0.0884740279570505	0.121473017146034
0.0282482462115504	0.0296049448817006
-0.0961658279867811	0.119060303024928
0.267042703664118	0.404333342070419
-0.388474334709047	0.678014163683006
-0.0522293116550941	0.0556519439974519
0.17699706517744	0.212795797872827
0.00275643737927522	0.00250405099261119
-0.0277028654511912	0.0311807364858383
0.288773533358682	0.347961916726857
-0.0225718624505032	0.025693815217207
0.37855128349905	0.597943014398265
-0.0440718578244166	0.0364215171110726
0.786170071669667	0.904135373335907
-0.0544413151249153	0.0379889435055856
0.422522894555304	0.600001844614804
-0.136533820129047	0.147440816599357
0.214748084667064	0.330093722929905
0.188408643760249	0.266263568576017
0.0217295695179889	0.0219113714399274
-0.139061697185584	0.191954068987176
0.22811662403978	0.362348988306541
-0.35156956480987	0.539595115208788
-0.357528884705953	0.443520215896162
0.268901561631162	0.274261613889429
0.284270954863695	0.384506662866415
0.0654721667411002	0.064975491645083
-0.0820780492294992	0.0645414166400179
0.626313767756192	0.385374502170173
-0.471968863819731	0.201005767264039
-0.334017326853794	0.252997554348197
-0.418287473895597	0.403829568862536
0.376450834640573	0.146813529842881
-0.225152145474717	0.127651510947879
-0.00729648684902466	0.00544914358502286
0.33905815145015	0.334892723050459
0.0782686690347107	0.041338059671217
0.213840598905331	0.158735741134715
1.10013112749793	1.44766317532911
0.0998311252522112	0.0630712922258889
-0.173218203870301	0.0704305152755953
-1.05413084887015	1.01973506905531
-0.607172711529108	1.07734938037424
-0.494962859245557	0.724563619231986
-0.775870191987366	1.61275831276543
0.786836784310895	1.4801836867502
-0.0532603093559522	0.0519156070395526
-0.616219940091958	1.29701746649292
0.529362449493449	0.765970906943764
0.0677751890108528	0.0664127914719799
-0.302537339343945	0.402004700873333
-0.305480400549008	0.398766836761297
-0.417799182681806	0.669316827053483
-0.100183699352868	0.117629494685973
0.112022038018008	0.116630312497025
-0.0722103942244847	0.0766084611390635
0.182082720807124	0.215948587563073
-0.596865374869745	1.02144382975176
0.0474938300075103	0.0530549125585351
0.262948174711121	0.261342817407886
0.203430780475272	0.206837420406839
0.202547458128402	0.252640034122815
-0.236510364840007	0.349622615070935
0.129765801370112	0.179338326108273
0.192817597467113	0.277927880967344
-0.0285550759414638	0.0262785759948834
-0.0707872909899876	0.0796573006993717
0.0993925544474083	0.146410807984523
0.234854692616721	0.454924084379433
0.263209763999299	0.513896774573065
0.221214991566192	0.375660851241773
0.0995880927551164	0.161355342196082
-0.131463195167882	0.217006740259461
0.00703623792612926	0.00725599965586769
0.467040789153346	0.356839738183098
-0.103762398247755	0.0914291093500285
-0.135334252586006	0.123976045614467
-0.262539744489458	0.281756170851772
0.102083555933417	0.0644941677502329
-0.0417627588678012	0.0345034591081375
0.238500862724941	0.340988791588056
0.0252467158353111	0.0323490349214496
-0.135599202357724	0.148008194390206
0.0555166178113344	0.0574886753379558
-0.151402409486814	0.171261589527771
-0.101701353135866	0.125492990070201
0.311621722676227	0.244460761652229
0.604833814706282	0.577060194678539
0.112366758337676	0.198617707676747
0.421149440764162	0.939209515014095
0.352898577611101	0.341463182180465
-0.382510476985952	0.427140130634875
0.0503581091032546	0.0531027098976022
-0.361131177962522	0.689305275571282
-0.430414864589359	1.01523034970443
0.604856925969772	1.78072779091458
0.170397623680798	0.28567123573704
-0.307009884224053	0.550754248008091
-0.237011244808679	0.166684085525827
-0.346085726612938	0.258010883717061
-0.160634093310768	0.119447668884841
0.0612345690275974	0.0299259403430196
-0.308321305651543	0.202344158967574
1.17171139933978	1.29143935088527
-0.232174022890106	0.133967129763592
-0.106266110224075	0.069789650642073
0.732995630257547	0.717430219732748
0.109635780164238	0.0771916427169226
-0.380651692289867	0.724604099783736
-0.301164127880436	0.598785936971992
0.376483203210452	0.81649143155495
0.509406608580384	1.27915635630948
0.0669959241250201	0.102681240214495
-0.505965736215889	1.16547026176147
-0.256484843531183	0.471951838736961
0.1321493499644	0.198194067532308
-0.120958951887701	0.19096640076798
0.493780833640508	1.21675396624366
0.0752341606469378	0.102329000932366
-0.146213904152021	0.219056525678122
0.894640507235219	2.33065458515188
0.0730554282003396	0.0745371246853703
0.200511923951743	0.180287482258861
0.824573042848726	1.77427496009786
-0.101800946885079	0.139867211148597
0.165481004874195	0.264040492120825
0.201409001309933	0.333365481493662
-0.369592880292563	0.802443412488571
0.14243132515983	0.230685338354035
0.494518703616738	0.984841335714434
0.273576316832652	0.277415188910325
0.123009302197204	0.127051031615245
0.333870045758401	0.437396569535264
-0.340619876498641	0.480763572586633
0.152976353965871	0.156419498699169
0.825966545537328	1.02739088211576
1.00083372860373	1.06880366850748
1.70365978387347	2.20615237915344
0.13093797284434	0.113737552951704
0.847320808770407	1.64538685831603
0.609886884903435	1.0550180026279
0.182008644494872	0.310267336814932
0.117400408247564	0.169985759020184
0.0472371521425179	0.064981656515844
0.302760030766802	0.464503840700359
0.244616530197321	0.397806367019036
0.0647146885915528	0.0722987333022033
0.207404447284201	0.160525633350893
-0.143472242332699	0.144574994049593
0.631482976475152	0.912370212996203
-0.202521989929432	0.315097200771598
-0.0248869588162204	0.0324211663005421
-0.00542973778822073	0.00642596601299578
0.0781415385630992	0.107841625488139
0.0273181005912663	0.0377342662632973
-0.213775459704695	0.353941735970905
-0.0370175672990318	0.0483508152708885
-0.00253116106008087	0.00293314586687383
0.371573242197469	0.685601475416589
0.145558113742678	0.211654661677268
0.199797245844973	0.308831629568638
0.28667900944924	0.445933874020249
0.151162659789475	0.209584747357285
0.151336840397693	0.204277763318709
0.179763806916858	0.271309710229384
0.250826653510267	0.29934961809554
0.128442323473499	0.171052014204925
0.0202682394803735	0.0248789722371877
-0.0493531225488542	0.0597600889980833
-0.113192619550515	0.132084535575471
0.0612980318669936	0.0737156412465582
-0.0199564955850664	0.0188838023232959
0.666180298587443	1.45351242057512
-0.300069222624754	0.435608726449552
0.212460860256421	0.309399064365579
-0.0331555288866444	0.0346518805921162
0.130995306882158	0.105280385972753
-0.29754919228861	0.230101985466967
0.00285404370000011	0.00177973583618221
-0.0975042322566333	0.108269100328798
0.0540520478793899	0.0615204513287529
0.595293479134736	1.39495890208979
0.138166750197311	0.187957990235345
-0.263596620015537	0.437021197693598
-0.249750306363486	0.3750088225727
-0.294275140308719	0.487143006943419
-0.0776668000953748	0.098460412517386
0.496053010500633	0.743470203878888
-0.179392359623535	0.191129240731035
-0.146632955706121	0.187934714731475
0.20761111634176	0.232858492045845
-0.150264508481606	0.110763890770087
0.0781662998803206	0.0258675039281356
0.31413017568945	0.13292649323169
-0.248552009381058	0.234802415707951
-0.553613324356945	0.634842172548398
0.423364736777508	0.247972736873173
0.432929814773963	0.355229323075729
-0.243696453694403	0.248523332857191
-1.1023188227589	1.2270030817515
-0.70577097647616	0.633522981284234
0.405405568676256	0.436079968687153
0.207828715241491	0.160553574163986
-0.499423120173277	0.435227834561113
0.348038419300098	0.242034941614897
-0.362466550406883	0.359973836035493
0.201635130266019	0.241096817634851
-0.0206858416926852	0.022631279003654
-0.250058244929833	0.352861715803645
0.725050596962116	1.05127259909369
0.0786818198966318	0.089857212518423
-0.104960184109156	0.11955196345269
-0.170440519684782	0.188406095963045
-0.480519917361796	0.815687517619904
0.371674121184115	0.601718025859972
-0.235557797608122	0.290074695462001
0.244068332904207	0.299467600135083
-0.0224432977700388	0.0236834886937542
-0.239359037668685	0.287795884971027
0.355729676022592	0.512318851999194
-0.0928763453930462	0.103311917491656
0.309554716198253	0.43843527385593
0.715565645503025	1.31893429600584
-0.0275374446104388	0.0256130176759105
0.0350044748179738	0.0383261988005629
0.561943266995293	0.931592265479984
0.211830296162523	0.434375213449981
0.187774852070188	0.338076631084423
0.411589661665959	0.769923787145437
0.334450669849392	0.327918199994016
0.320875039089019	0.323192921395886
0.471175785422077	0.751364923000947
-0.127589868027527	0.170282527187637
0.333540351037406	0.592224904736636
-0.101678267804147	0.130432086153349
0.153283314277239	0.167212078275758
0.539295444486107	0.990395719635848
0.363318916037136	0.674405436203176
0.154504657241445	0.263063779560353
0.0363702399561428	0.0474201941183128
0.159348303442523	0.203143515616671
0.15278395394454	0.227254658268679
0.274813475623937	0.440844301849493
-0.514622710970224	0.86714486895312
-0.328511681176227	0.247522607090816
0.14951340064675	0.137538349175361
0.00892176205080114	0.0082976006871938
0.253914317157811	0.27376619597023
0.337954766661189	0.254913364110061
0.150301760733713	0.144496902986625
-0.14051251219623	0.26854255247773
-0.0510297733942415	0.0763513815138585
0.293414431659081	0.689288666079901
0.0456916970504455	0.0605942049398806
-0.172769831427764	0.18305232324295
0.654014712032425	1.09828654574882
0.0884305854046001	0.0795048394353031
0.231394945592683	0.29341637830953
0.57436075627322	0.635138752578673
0.334003225292463	0.794192982689199
0.0746078662399088	0.116193847128494
0.162254636805403	0.265898176452748
0.192107082815565	0.172291978675169
0.0866400186819159	0.0778845651569916
-0.0824699594156863	0.0910114304914573
-0.289086996467757	0.539461632394985
-0.324365102836587	0.649403816155049
0.0842097755469367	0.133282659134484
0.223380101430568	0.385279521942535
0.764398867117942	2.08942962963561
0.555057618876418	0.357602369884851
0.218267125422295	0.151307088174163
-0.579432962690487	0.532356260411374
-0.692977620150245	0.615921633831078
-1.1808998612414	0.813126108172922
0.713363533654181	0.616519703283238
0.205608497529783	0.156817683202658
0.32323681987239	0.245596950887723
0.395511291487469	0.345912960096855
0.378021560555278	0.336895391879024
-0.00436232957106074	0.0050857580478511
-0.831647776641984	2.20028341397286
-0.19544585273323	0.33549440869218
0.115569303193482	0.151651199509731
-0.253488199269841	0.461150426102674
0.380305756602971	0.716847532830417
-0.0985218591107826	0.140014605959432
0.11711735249569	0.163816401133908
0.352783000940129	0.611044615328162
0.0656981104117351	0.092449720618081
0.182209869572308	0.28770845858705
0.186078563765525	0.270128422907933
0.2370533202114	0.312362094304416
0.197992009253071	0.220610564768105
0.586833505441598	0.798323466962424
0.788069787703937	1.24559077365806
0.0794776396238354	0.094255655685049
-0.113843456230917	0.180395439129582
-0.338137754427234	0.618203387842032
0.144210375197556	0.238867758042074
-0.0577478267088293	0.0807059623042357
0.000616272540101745	0.000719044087439626
-0.100591671943264	0.0782379450629735
-0.363171876139454	0.517875694560005
0.189561520581381	0.204511614133526
-0.0846596169388282	0.0869765806238093
0.839767989136176	1.47488132732761
0.788485939828656	1.08353346161032
1.35342928794785	1.39760852617194
0.510090006098505	0.446148395937189
0.125725812408166	0.0958436917497535
0.956210508117014	2.0928250814885
0.519756644460243	0.854590653016451
0.255156666578628	0.29060664122395
0.238521374780906	0.366673868231271
0.414484590682684	0.8667800337685
0.118915314440278	0.156456956078171
0.446903240110902	0.870521031654794
0.128501240268471	0.153665365428012
-0.27117037929215	0.230414327479548
0.243397489864243	0.313834675191003
0.318800164990512	0.429697531833591
-0.0815314923629412	0.0986992882481273
0.163575076012766	0.219693437815646
-0.495186303447303	1.0833347348264
0.318951759602225	0.517928376513776
-0.171668634198882	0.266934866635884
-0.312567848534319	0.51223864522118
-0.131296714857056	0.172952882788952
0.139761002531739	0.173337834944385
0.022507476521336	0.0268546181958926
0.377807261682451	0.724268269771555
0.0628664480358189	0.0722021279901031
0.225527305960393	0.307570843404688
0.0178369935256794	0.0199689460308552
0.431542371607633	0.647940401972728
0.00355906891953321	0.00369603689730645
-0.0215286892029878	0.0229516520023625
-0.0858614307388799	0.0993244460518815
-0.269853521583234	0.346990244376399
-0.023895783452333	0.0265372355329041
0.100630268850996	0.130841559749096
0.427177850754394	0.717517929533249
-0.111891343369566	0.129871160309404
-0.628686755802171	1.08277984580341
-0.543479563865739	0.877277699634281
-0.315790918235335	0.501408008191051
-0.22423007747891	0.247544086527444
0.0766089706883099	0.0885079793548863
0.0192485350258953	0.0191275579256406
-0.384552491768207	0.427604213319854
-0.0123331400778774	0.00740037787605995
-0.231369677416519	0.134020646293589
0.325712975002122	0.432579008397518
0.734214779188818	1.52759182247509
-0.133300425855666	0.178664007171107
-0.363728411621072	0.615938690736951
-0.082655094881961	0.0873633209333538
0.146662732576918	0.21224572115535
0.488390319682713	1.01107919118721
-0.172708826740161	0.233077848709615
-0.85624145223765	1.57814116152677
0.0396170932296254	0.0278268577594244
-0.24645973943388	0.268611868591669
0.47441660453564	0.68515405857981
-0.112188096888187	0.0857756386241988
-0.139017811840861	0.062053296972884
0.990294528003975	0.35976404828901
0.120297515187138	0.0935908394924819
-0.180390988880019	0.146005593349509
-1.24593629429528	0.700904181245588
0.102408771217634	0.0672492462277159
0.0417000742272517	0.0310419987437649
1.14060771816597	1.00790308654365
0.0701258894973549	0.0347751231716306
0.203959213784199	0.179837284351485
-0.446462663185512	0.463754155523544
0.339018224358867	0.248748830443517
-0.767172785431513	0.544202344670152
0.531604892445596	0.545828082579073
-0.0387074621895942	0.038827628904783
-0.103111238429298	0.113812584056886
0.510249557652474	0.904798406090342
-0.147502507700832	0.148631807690624
0.17351013508583	0.194694417832287
0.307221974014398	0.39268914576248
-0.168271334380834	0.177971148536024
0.287456930209325	0.372285607336281
-0.0806583730180619	0.0899731740598148
-0.238215664029416	0.27825072687205
0.247056968188995	0.325378102510327
0.24576966363882	0.292015374215463
0.656008076368292	1.19078955534727
-0.0683451907585632	0.0741437480967334
0.0108426505660724	0.0093719253093775
0.385355749880096	0.505580725068231
0.275317747104407	0.404601342563908
0.147323688171612	0.154413070944516
0.396777822521313	0.571672329731422
0.11749384916104	0.183901830046371
0.295260168998586	0.65384704815451
0.105650846073035	0.135198063874744
0.702044333754486	0.928705012586008
0.567909124894195	0.639968616136802
-0.182996071455472	0.203461962529089
0.241316726112708	0.319274780035231
-0.0551164294570397	0.0619515068890853
-0.15408380829985	0.194981191963502
-0.0344522040157189	0.0313250930404309
-0.162152522392453	0.189001227417717
0.311729283301333	0.602034122435798
-0.210556785764689	0.377097339098145
0.163318528390348	0.251715720610385
0.22926257129614	0.304102170790233
-0.131233860076344	0.193239627366756
-0.0770410169364206	0.112019211179543
-0.0814786728585508	0.0912114371830857
1.01216036217221	1.17500464538845
-0.70500502789891	0.877034789985081
1.45756150160407	3.24722786432418
0.268519398071067	0.248031552045513
1.35134093342212	1.40388911873797
-0.0616565255432165	0.0499277652540347
0.227886784105373	0.296974081737076
0.209916654596679	0.422746646833849
-0.0984534485542748	0.178458819576165
-0.030803554315373	0.0449140510146595
0.626150791532622	1.4633283859441
0.154066986968012	0.25195177379837
0.16301933065495	0.16305246463201
0.553223008820167	0.862750813620241
0.442986575848378	0.591383940432927
0.275681924189248	0.381113551967883
0.460723961126036	0.443050087767695
0.161406181386276	0.238793812733082
0.0789217853617861	0.127595761328305
-0.0361271423884143	0.0524613756796003
-0.00499892636653129	0.00623029146341787
0.340932195661789	0.558140285239077
0.9345026035298	1.02611435009886
0.70704168103443	0.394623813389457
0.282356648681343	0.239592078559137
0.0798328231950132	0.0653715060330228
-0.0701653201151144	0.0555235274617424
0.157567656949104	0.178269178379352
-0.53633362769605	1.09758915182908
0.462370596446799	1.15586699863693
0.286679159980099	0.5464810332855
0.127857710456019	0.204144829950671
-0.00386229310913278	0.00472190631210824
0.567181588027187	0.469015124199385
-0.0861785926351727	0.0581131944633631
-0.557643874631707	0.563055787682537
0.903259852283048	0.6724468466405
1.01807036278596	0.721721386450204
0.079858311454653	0.0471487087723995
0.566642562447997	0.372532132263482
0.322237318499772	0.245398543599446
0.456607216042197	0.348204226462216
0.129914246294535	0.109820969384522
-0.13451764695418	0.169258526054602
-0.315259065637371	0.55426048998611
-0.367070916521292	0.738621106020867
-0.329872752498927	0.583870918802559
0.00135814431072994	0.00159554731772366
0.185783360806445	0.288767968459854
0.225600580683383	0.368109524719685
0.000219539862553298	0.000249240589962033
0.27405200317398	0.468156348753754
0.307773134517305	0.53302735704285
0.110226803118042	0.150877590841426
0.0413046848553041	0.0459673961379228
0.547864174815079	1.07619411963648
0.719577373369134	1.26139399503151
-0.131099471449122	0.111140098057159
0.0671135494739877	0.0651002467644707
-0.132019831223886	0.177642800064489
-0.230808161054517	0.396011414124733
0.152199697768055	0.215814898638191
0.0985366159298861	0.154546347391921
0.196528704489005	0.297581495708462
-0.510359191175203	0.896579083319439
0.082642675390275	0.0738630159893958
-0.0644063126285363	0.0657591510153705
-0.316762814589086	0.339490030027076
-0.244056194634517	0.298506575925657
1.39672728676891	3.12606056420876
0.63449876539457	0.585633281905588
0.769266998835039	0.526238255737096
-0.771107847728723	0.617632474741377
0.825812817748776	1.11088784839698
0.241747932622129	0.324885322039279
0.201253178287433	0.286792987554588
0.523395315928038	0.914726966616648
-0.060651634319511	0.080320589551526
0.414903668795917	0.628810413808146
-0.47353487335841	0.484155233090739
0.367300021083285	0.428026923671073
-0.315082631051899	0.343859587865129
0.274576222151073	0.378487398409964
-0.0540485430866885	0.0701847622124691
0.11272247428449	0.157844498811648
0.10556557319137	0.142686700246462
-0.048575405506869	0.0607414252650281
-0.667696844912475	1.46442533061883
0.243371478767698	0.362507827908092
0.318835103405469	0.536590090914945
-0.38041378956971	0.692110609257024
0.122568169609302	0.159741855023821
0.356376737914787	0.60578322126036
0.637423597025732	1.03107982541309
-0.160851894080601	0.213665366902617
0.158825083890443	0.195886595662046
0.0231943829525355	0.0258443442556561
0.376232086146542	0.657772081466843
0.0630703528203111	0.0716752608690365
0.29426515175731	0.489960294077803
0.174815788949926	0.21615249917833
0.289093273823035	0.452175140320525
0.0680619799999565	0.0780345783057013
0.498359929681724	0.912643291254411
0.376300624621954	0.567853466733118
-0.480566097585706	0.745180488358372
-0.111651132197293	0.11622748961344
0.1566169278106	0.208381747854121
0.0108022552557648	0.0122657244275331
0.659560093234366	1.32772228638328
-0.858530314611275	1.84321278327257
0.27235722177814	0.237091828399763
-0.148792196281641	0.109732539573247
-0.631611856029657	0.40217439590878
0.155026273285048	0.16110337457902
0.173729816293002	0.211197551198189
-0.0082858856440816	0.00899132877429697
0.666050412389588	1.30213325249569
-0.0095410741563723	0.0105356790703484
-0.129451558526304	0.17883512336434
-0.135828619689952	0.176850525491011
0.239141254069393	0.365057002998766
-0.177362502853662	0.200623530148017
-0.284904642936001	0.310770392002741
-0.366675708291724	0.469658037887455
0.147864909116962	0.144258364896643
0.20445417845297	0.172509681563959
-1.08907466473417	0.437143045341756
0.31779719093561	0.13704953791404
-0.746421456844679	0.878387114339681
-0.37176176462335	0.331677109987733
-0.0877990161838839	0.0452193308346002
0.36299090064846	0.240937225672775
-0.323066564986739	0.296403717304173
-0.37119841132761	0.3026976614114
0.464861162471851	0.357816914115479
-0.218445935375438	0.195179230759438
-0.0432186531790161	0.0307112980577959
-0.175262066081875	0.0711978201234321
1.14606105715821	1.02664856760742
-0.411678890272474	0.36649570383302
-0.143706155840577	0.144860273561919
-0.627021111168061	1.10992176426946
-0.240973200803891	0.339308672439687
0.331340106045074	0.448578470035406
-0.0948310830085918	0.0984712050200453
-0.885553873077169	1.94668021744664
0.123032641431149	0.149390739775687
0.178160476054862	0.22627812237446
0.42065527348746	0.585436481610613
-0.106542772943125	0.101096494431385
-0.0389456493282416	0.0422665626221907
0.0732015325306782	0.0799107353243868
-0.104053467860927	0.10769648670299
-0.241005233815956	0.28193376415946
-0.306540479878341	0.422843435905795
-0.0334381214036996	0.0327104360180221
0.128171000856966	0.141682801397997
0.000811930174683408	0.000765676616659662
0.385865633414197	0.534677766143163
0.246921014441267	0.618775473603551
0.100289746181525	0.134583707752114
0.465383385116694	0.506394763218889
-0.00439258161614216	0.0047553643399428
0.846352204903114	2.42842107090289
-0.105923790108828	0.164954245908598
0.624900465699437	1.50768756688562
0.256490336646595	0.303206224990987
0.291840647916249	0.482510801031052
0.560586892195768	1.28963668216733
0.195460324934852	0.351255314219334
0.567777923737883	1.54841078075927
0.276634421372167	0.469877138577785
-0.382854640176259	0.894857687417758
-0.148528694597508	0.26669273041461
-0.351352881113423	0.502291265854929
-0.791780535546957	0.819977951844403
0.276537860890871	0.276106492954007
-0.161031752931468	0.181617226407999
0.254637257939803	0.273326758172683
0.494686003448344	0.448800135945601
0.689019117882144	1.02130115556776
0.182236844131219	0.26684548980252
-0.0121742490638638	0.0191369987282521
-0.118556687712862	0.234464417495366
-0.148353806592648	0.294773797672364
-0.0157083305084519	0.0257872462054181
0.441305230086514	0.895017200645756
0.181887853302687	0.300443024984505
0.0282257940153942	0.0432908482811181
0.633749162095973	1.11986418500518
0.092854050380228	0.0860459860896327
0.437720707153833	0.820345111445771
0.0346322610242254	0.0299260821463867
0.044566628458584	0.0322656486867989
0.201240793885717	0.284590464086977
0.306649974518059	0.610756361989246
0.434393571823928	1.00178458332933
0.290834610930062	0.699428299142057
-0.197827375983876	0.427691389671098
-0.0238225523096747	0.0393480483917728
-0.297829542998957	0.613617393061358
-0.451069874565054	0.981047698884039
0.372542908684718	0.431569115888828
0.515660078669827	0.35891608954757
0.217858186972225	0.136135121601824
0.828109232757432	0.657188691596575
0.546797719659661	0.629783886549638
0.258237521140192	0.272519560003449
0.455645644745895	0.81679244548663
-0.190399267049451	0.342452987800005
-0.163657662370724	0.30790335102362
0.219539758608115	0.463152030205429
0.0292779270494072	0.0437497248173294
-0.269749382476778	0.501165973146325
-0.108665046897974	0.0713100714017022
0.406863323902519	0.347085515574203
0.349766103459088	0.337768401324424
0.106934450455822	0.0700444488426201
0.221591337439576	0.130912825256229
0.513871152271643	0.458306647828127
-0.524697463118299	0.412726301352871
0.902807286083305	0.909947328731846
-0.0823903674939453	0.0644504702148283
0.638576469639953	0.823789605361928
-0.151514020731131	0.227885246601086
0.0370940598053323	0.0530288080741963
-0.363850860532727	0.834311799937787
-0.0806600589590299	0.115231090484733
-0.131108571999436	0.213939269259057
0.567492037145593	1.48640271197094
-0.0531637718993893	0.0755146045597792
-0.121011989940209	0.182718348422391
0.159100613837695	0.251699689492766
0.17670480146562	0.287423450615174
0.565711030225309	1.49230957450589
0.0631528699558665	0.0890667485474241
0.149217684831147	0.204464373906612
0.325898715648256	0.433929450738398
0.333100469374084	0.333197194213004
-0.257197673718563	0.35492850789106
-0.265187391364511	0.445059537722978
0.243882135940547	0.471678416948623
0.159111570844029	0.248670488895067
-0.0997283729280505	0.161165155905766
0.0943814446237501	0.139235091059357
0.051463828518045	0.0636918985494532
0.108621277816585	0.0985956333508891
0.128464836884004	0.145931721783121
0.0695560138945861	0.0706321948626306
0.67748330769733	1.08224046736087
0.225387325227503	0.253185558576329
0.216814382225065	0.182211320780908
0.48546546169439	0.353861795239468
-0.461475825129408	0.369558753093812
0.458601561922111	0.517482662201298
0.386019072470566	0.507839230121129
0.312337704942433	0.428127272381469
0.325426809816942	0.555172821277362
0.454435151989785	0.768650207108712
0.102271683941825	0.156452478176607
0.289258841537479	0.529231675510773
0.223357859891091	0.371470053277643
0.541404381562839	1.3539881972783
0.324117274463787	0.598114509920334
0.0658671762426527	0.0815251095195182
0.39143480055489	0.813089985743055
-0.313340787483619	0.454436339036737
-0.524319698126365	0.492238608643543
0.291429099535336	0.391079654749496
-0.239853832392536	0.29216342297793
-0.0799959451039621	0.100377457517445
-0.436590543768463	0.939541792211754
-0.273577317171575	0.481578934189059
0.133344909125168	0.193785291745499
0.0189752439146496	0.0245964285862485
-0.0363844738679111	0.0442727727068637
-0.050355250910471	0.0719384190877342
0.00363613636286338	0.00431484185282794
-0.195167734734305	0.303681247356876
0.0356877356117674	0.0490837511409844
0.220037844114862	0.359186161132498
0.408177128762806	0.667957812584838
-0.0449030860490228	0.0569852627116291
-0.191175614979464	0.317062054704492
0.118361201472582	0.173449523871605
-0.0896512316599123	0.112880160877006
0.211367325805716	0.311383984812586
0.4120659154644	0.80892897268629
0.207011746496602	0.276776957196958
0.361143792937257	0.660943617388671
0.0816012093822188	0.102710788384911
0.0475634405392964	0.0609599497608997
-0.256144602183758	0.378088069804441
0.181033315293781	0.253126311223608
0.133844834717927	0.158265377706024
0.0688103945162327	0.0867509436866925
0.444273976401019	0.794507599276673
0.374602763792447	0.680345046066675
-0.0789065121400588	0.088160473588795
0.563858997725212	0.797556168991683
0.26800850421741	0.284327638587142
-0.650825526717713	0.631138393617713
0.0202202799342287	0.021067799086237
0.159436572412438	0.236626937461419
-0.310656713944852	0.534070563002512
0.36231314751198	0.57698894472867
-0.229092403171462	0.339184844201702
-0.0567954196144621	0.0789579499963866
-0.149702429935971	0.1980428719476
-0.0361553940434466	0.046007031227481
-0.407163171969855	0.618110004689727
-0.0341902419011648	0.0316078354504134
-0.268228942301035	0.301044974990158
0.209757489355969	0.270442038519653
1.08256201379411	1.33103224376389
-1.30736882840466	0.986887291378597
0.284828662222594	0.134262787721888
-0.382118710721068	0.373229485399652
0.214193497126265	0.19516732846154
0.441648590492353	0.349841195710643
0.197275860568894	0.165493133827551
0.69932414200707	0.792823126629999
0.413970058108395	0.243725254961806
-0.76540525967247	0.541257037467148
0.332123511524834	0.338742907775051
0.0453399888069675	0.0336621633233778
0.412647843973561	0.242622558993312
-0.108690587723993	0.0522791874612486
-0.64708847888202	0.768736891721643
-0.671094923489621	1.32443321225687
-0.104997453863445	0.134959821904463
0.214798840662265	0.300659501959816
-0.0161325213358988	0.0162429985800765
-0.0925934720518965	0.093794389939324
0.456444036695955	0.812741892852603
-0.486294579347244	0.824692237392214
-0.452907321093678	0.715863022726124
-0.348974231537108	0.530839467391533
-0.129420489221251	0.156782689106338
0.747971084398463	1.57822978320623
-0.165619372587637	0.210882346859098
-0.114702031243679	0.130554613773615
0.372371451660863	0.545564346698959
0.159389466636032	0.184756431065654
-0.0166276375131247	0.0178555741121717
0.580139052580841	1.18140784993103
-0.0628432041084327	0.0624094374765154
0.551759383226214	0.895850027499218
0.160987211086835	0.351629647798396
0.350889806218915	0.418350032241967
-0.131245650083248	0.156079574897809
0.0499473009023127	0.059045636745041
0.0454562721435421	0.0590044542457033
-0.234497671577148	0.377546402780179
-0.158092591127978	0.198292235280898
0.129415334844041	0.170090506818763
0.0333222066679169	0.0442931390546558
0.33494200369489	0.757829711541585
0.374876958468213	0.765567499607893
0.115630135923711	0.171788521356523
0.0756654254310851	0.1204663596339
-0.250933298327147	0.503084134928434
-0.00133889455031664	0.00144364993282219
-0.796610368009583	0.93182014415575
-0.288712718626588	0.351897658515514
-0.113874107807224	0.122584610210462
-0.380421027600134	0.47188065542178
-0.084733188077448	0.0436918809378181
0.556702209303248	0.824076782919675
-0.112523181443876	0.211374792667746
-0.0662799684813124	0.112506479208488
-0.0879802829850945	0.160246779775126
0.150387395200374	0.269934298884731
0.0366781303164305	0.0617812837938647
0.0396822621200197	0.0503005418204062
0.0912629733331038	0.137927859112543
-0.0924355883106861	0.147641014994297
0.345266119638049	0.86648628628913
0.13299867745449	0.220425571378033
0.0337750603024485	0.0323209527645203
0.5185306767634	0.74725910163386
-0.319910760215507	0.535634621325729
0.773409079269601	1.32669312808148
-0.712424999799648	0.691667834253519
0.419741067447725	0.809788489013594
0.0439184012733951	0.0617796453378192
-0.225683262652636	0.434953783866316
-0.16552282239393	0.363696873270495
-0.259329478247274	0.601905907768233
0.013541469821589	0.020232846278046
0.445621816495161	1.14565691189731
-0.27866072023165	0.563019125452974
0.371459311014483	0.436952585706098
0.597297881466987	0.562795223521326
-0.320925729436609	0.16270699080979
0.583678139978787	0.571087089559552
0.560216739084461	0.786362725782236
0.586207151413817	0.724631948693492
0.546671341643761	1.02077880078956
0.206854550164969	0.34898341442692
0.214526708598537	0.416100174745319
-0.365530233124052	0.824184124749938
-0.00390776268882841	0.0054798712806798
-0.271984379204559	0.486399861406201
0.329652484970088	0.25057457992486
1.17210369125762	1.82634090797095
0.850070980127209	1.31890344361478
0.215953814031784	0.161353878633972
-0.417576966118468	0.300225827966026
-0.210764213444038	0.17004079931355
0.122965080403417	0.0933375676097445
0.359987840221388	0.327973643967761
0.120437556154241	0.0940137749534676
0.49465723232162	0.659280044881672
-0.122140041238811	0.175413744761909
-0.263737626017791	0.49742940989639
-0.190884535402357	0.318637729532967
0.10425887251706	0.145091509984082
0.161956507203355	0.274513636139811
0.107850855609052	0.137216120227628
0.233749617021226	0.366707480543803
0.415163393738068	0.856195787115684
0.951622974051715	2.59513791914304
0.271765628711967	0.445198154437916
0.2285451681635	0.385168270114714
0.302985303336814	0.514936670360098
0.0929990050120295	0.121310050303569
-0.19062943348558	0.223279998352535
0.491244845749786	0.44926738211901
0.407526428297937	0.60155590516721
-0.131765313324625	0.173275688884508
0.287950340265688	0.530011911272616
-0.0982665356690904	0.134342348930299
0.52312950520963	1.30212752113343
0.36040007905826	0.72395573648531
0.199118112833677	0.291620884102887
0.0471145900983503	0.0427257443888146
-0.210336402539133	0.217784501991831
0.57369277634867	0.790595396715796
-0.144468435937394	0.182738340913534
0.628122410664205	1.1309256170979
0.204513939114975	0.158026143928704
-0.247483176965302	0.218376356035974
0.71945513801636	0.716133705594504
0.370308969622493	0.428690420217363
0.542302912154317	0.943552089163049
0.277792832389568	0.387803872154385
0.131466806197994	0.167033965373165
0.289078511220434	0.4367700351708
-0.0547904908590795	0.0623262892832643
0.278196131672869	0.509921314804092
0.253752371476204	0.433318851461038
0.466480192426293	0.919600953567856
0.135201462678905	0.156091130844857
0.413707555406877	0.859080949401442
0.115697864136583	0.139016984800141
0.0208326340008381	0.0141233635200807
-0.00409382440743008	0.00388934330199652
0.10676914443208	0.114644414996729
0.52762885813677	1.05106499691683
-0.148171553664621	0.188858868897773
0.294396311380405	0.482397296404193
-0.132431834036822	0.19774189628007
0.305768421712855	0.512359808261754
-0.00530240164359613	0.00585701486740257
-0.286634486281601	0.482833159489037
0.277621424790812	0.412268822676313
0.133502686885118	0.198499829032324
0.421508602388393	0.81139840628326
0.70878146742356	1.23311609394539
0.147974849443792	0.209561999142759
0.111087420610945	0.137758679858129
0.240719906830352	0.334326196491914
-0.63706059526417	1.19486742310001
0.323983496711101	0.50800071926232
-0.178907844256451	0.236203166611237
-0.609246058172797	0.955703955445096
-0.048682092273816	0.0522267070260058
0.291947485389277	0.37061305988573
-0.0287231980927018	0.0355598110327138
0.694204425687665	1.31165490990144
0.403548026568375	0.584194862927664
0.308818803151054	0.345156001356139
0.0538451013910924	0.0669796921248412
0.483516677751382	0.823263234045669
0.0049352945843284	0.00567205488432619
0.150061720551624	0.199626309043947
0.264197496932706	0.261791628179756
0.440608818688672	0.505278238998587
0.405640590193694	0.344300475333837
-0.197921730769256	0.243808288901374
0.634363157720855	1.21496518169576
0.255272130044	0.367663484617797
0.26552701330956	0.402572105267682
0.541694862604895	0.929557747030812
0.513902898462002	0.804926642726549
1.11666784123631	3.04139768006404
0.063648294796019	0.0773003780810988
-0.186048165520464	0.208384904398093
-0.0936323389940433	0.0887838724269809
-0.0689018012354758	0.0798737339968634
0.281661743735541	0.357553044108433
0.340899821146824	0.335852140836746
-0.386132143301682	0.180457470735018
-0.863064135712475	0.458222585055529
-0.371875734633716	0.332023959843413
-0.685977551583529	0.770969349079803
-0.784443387804798	0.749937574643763
0.203886009742975	0.176855502480661
-0.216368591161977	0.193342007802295
-0.189229783147162	0.113548714575159
0.224177924019998	0.123245620789701
0.204905200576547	0.17699357372216
0.285364884861883	0.257955364544445
1.45297340463543	1.60949260026999
0.944007350316558	0.817342673533885
-0.150028293012347	0.110972981732305
0.0751948672255952	0.0865847385330466
0.0732752647929276	0.0713982275301392
0.399662542724543	0.578412749428637
-0.298068416431698	0.354851656200116
0.395835225253614	0.522712229178111
0.385835412169482	0.498107963022643
0.534136246263604	0.779600454887696
-0.37824876289934	0.395356934912353
0.6237817078243	1.19260135836779
0.37718541972061	0.515689850463918
0.119124435373949	0.127523755309077
0.103859614537195	0.122009942818182
-0.47166620963747	0.743999318239074
0.136843188628169	0.157071554865698
0.960715640405732	1.73628976144541
0.456063921413776	0.605132722169584
-0.306972375787619	0.326933551420867
0.0282602042544357	0.0272285072092301
0.173013035982737	0.199301421745526
0.204192116216502	0.228313292812088
0.214524415122815	0.555510197290112
0.0323454309266829	0.0491004789603483
0.413761048844407	0.830089672850607
0.571633394462314	0.793046780859452
0.560606450739411	0.713228604581567
0.55053582011544	0.98391897554944
0.287032575890676	0.459562797655492
0.314368953589298	0.593841896258727
0.400734306757489	0.81929851482111
0.207491052962652	0.271999301069982
0.399839204236691	0.645564317215229
-0.2069173942051	0.372525935140426
0.857062693998814	2.71426636268247
0.597105675712919	1.75981131462818
0.394021755640693	0.865333923890643
-0.0728069438010422	0.116041136545966
0.135803373339122	0.249982516448023
-0.171772992849236	0.272173391039467
-0.0926623562673676	0.0734063592198992
0.310364516155033	0.42076186281802
0.0128518998632841	0.0133292187028012
0.118992784488837	0.126695346432376
0.43747842127348	0.442266639517966
0.251963620611777	0.302516939000717
-0.0246820245628568	0.0408991651123854
-0.00813088956251444	0.0120292598780695
0.674865846323133	2.27931087991907
0.347449883241778	0.745841572448388
0.108647354624055	0.205173670249587
0.211397596877826	0.40930161638939
-0.274031800698392	0.433223320021234
-0.149348723802521	0.258297040575348
0.0412695174300742	0.0616257557108252
-0.145978180774115	0.285611222015602
0.115007568525478	0.193918903664174
0.132256363274596	0.1513086268868
0.176502033745948	0.227186609678442
0.920132402123019	1.68598389834359
0.393091348618541	0.75076241854561
0.253933786623183	0.319872802783431
0.264239424083091	0.248832376879397
0.410543415646301	0.934561639367
0.119223851863817	0.200101951859464
0.220241467037126	0.403084229976717
0.348258457699033	0.893065250496647
0.260673651579885	0.581896604875803
-0.0786781639362403	0.135244796408896
0.0549429951690359	0.0907856135725851
-0.120242264711603	0.212507542986974
-0.269366989171663	0.382956496216562
-0.329820314045704	0.250456256063183
-0.0209841942785586	0.0120616048884215
1.07860229401268	1.2223965411881
-0.208291614150285	0.230617936511284
0.254908791484111	0.299837545746534
0.488838352347264	0.695652247664104
0.716912294444207	2.32189907360283
0.273471837965323	0.501519102272817
0.363353380172713	0.824617514706699
0.199458493888759	0.326398717797896
0.116100650329047	0.0853448308213051
-0.415971443361737	0.367290418649881
0.247915750800508	0.280183166934248
-0.495279813059673	0.536730022225488
0.0745118031246133	0.039273035336417
0.465504621129248	0.431333031698975
-0.0433388313711345	0.0353153079670238
0.0554208918018051	0.0412073826294968
0.21477415479307	0.214665503153005
-0.016342799345165	0.0164612021315271
0.172183789513168	0.268107801070433
-0.298259963321795	0.50315016906564
0.487347788935588	1.03719456950362
0.788391673307346	1.84934402076537
0.711809126396776	1.58127257009984
0.511594517890094	0.89906466890022
0.300503959090525	0.479415165852301
0.298030679026536	0.464241743353191
-0.361625870183003	0.496518721482011
0.836770040114004	1.76672037954509
0.501724067017378	1.04200086279795
0.160712192293328	0.195717848994396
0.235072206867498	0.297218666819841
0.161372648116518	0.185928599761716
0.272361269485464	0.27185723716535
0.734248996318483	1.37679554597476
0.330420013340124	0.51660971640502
0.372627348943803	0.703553059932977
0.227018838441644	0.327304789688993
0.0810450986879588	0.103461914638711
-0.0459038907198243	0.0615505702247067
0.193038340118261	0.286871654043055
-0.391954531051607	0.516899350102461
0.106710305252295	0.12553754282281
0.988221074656075	1.97051613173453
-0.0817294042653012	0.0844655901266703
-0.142641187495223	0.145329668083335
1.15940348410713	1.49499139719381
0.00566787620580061	0.00349206181935779
-0.0234223723978773	0.0172973827955944
0.535128814105743	0.611457406031542
0.0785969923081827	0.0897066990599491
0.38146501228464	0.622630233034116
0.678404937213396	1.44878998659095
0.371347184295877	0.536852720915683
0.877342145923975	1.78792492967141
0.156780868344388	0.206917721258364
0.214023138018199	0.280861391910231
0.217620382565312	0.34297286848816
0.736893875922699	1.76486179449312
0.453946736643302	0.756793143825342
0.240111938919604	0.342056629174681
-0.657591897977916	1.19076864163512
0.0781236075979172	0.0982633310345956
0.209551665471255	0.266371559684429
0.240194213285999	0.394496488612861
0.858395927747293	1.84908404624491
0.684875626716311	1.00763089697663
0.551082810767122	1.04082644569122
0.549218393350178	0.933370229320158
0.0662582293170972	0.0819956408771356
0.0607067119712548	0.0721406293762851
0.0627845482233873	0.0748071854883601
-0.239108098047567	0.374851363839045
0.69544806123771	1.45716159740274
-0.0694889743360377	0.0778624414836736
0.971690736918116	2.14050457781343
0.501896814969383	0.694360468636575
-0.253400553077288	0.35691421272903
0.259654033367276	0.371662894858064
0.278574433314346	0.379569254979775
0.538344803987099	0.619322366923531
0.537960957860216	1.12586839868109
-0.062608686392136	0.0656327032366257
0.123148017134696	0.13577141717012
-0.320416288175109	0.443756561143345
-0.158196346268591	0.170364260516034
0.441518400704938	0.657419144117446
-0.101950749512968	0.0961654039896138
-0.224410788690757	0.291383155444278
0.984331806184293	1.78997472221079
0.599386426233911	0.961266809474798
-0.168038806138677	0.179419659885574
0.514131413873236	0.888725396961125
0.164805992258053	0.204571082135502
0.0956154143385309	0.0897580860313705
0.0987635016701225	0.0947777288073074
-0.0767449043074507	0.0806623647257013
0.536733285989543	0.786404854060004
0.395561113332191	0.7306890506893
-0.333144909499782	0.440773278226614
0.393210605944715	0.43079569646485
0.569909590318787	0.626182544327719
-0.23710142179386	0.164588163741984
0.921498917949833	2.35607713905988
0.347927197379491	0.532417642561391
0.13690947996996	0.159005122535338
0.163605670928607	0.193397636300019
0.562717489074926	0.853078942741882
0.295014554939045	0.345851729597707
0.552796316956487	1.0103056790746
-0.0216083103952927	0.0218052389522247
0.527135015908062	0.838856531601037
-0.14331878448502	0.146781114476557
0.0883660616141691	0.104552720432038
-0.417938528092616	0.618961426911445
-0.372628675032337	0.408844969871687
0.114940577037519	0.0791624166944796
0.529029799672864	0.263988616341318
-0.653341617961402	0.815429900084866
-0.065042908168479	0.052560206852718
0.078062934693423	0.0414008291009577
-0.051658369914233	0.0365822895516653
-0.295986597503358	0.354943580753508
-1.03977165271116	1.09600955617646
-0.420320003273833	0.342269428112995
-0.281760349447279	0.284787225532884
0.200755362831875	0.181888810171846
1.04703609188515	0.984749659735598
0.106540350499515	0.0704284326857693
-0.70445071312547	0.881153908411437
-0.377297128729065	0.574906262371708
0.26724793489141	0.341327590054955
0.667230192214742	1.05938201791426
-0.0693607828744685	0.0614558442340057
-0.524607158691827	0.601255022281441
0.364338014886332	0.446258062138129
0.217455373983004	0.236784203474085
-0.158830998680894	0.179036225274773
0.336387213101891	0.430838900245436
0.159296502678162	0.160128212201753
0.140739083389004	0.133849517053388
0.357281079305832	0.437065079737773
0.241964747848001	0.283118930507524
0.154955649980552	0.151016786879155
0.208226646750402	0.212573391946108
0.202445538929623	0.201580311669969
0.555181658178012	0.791332020427423
0.036054885563404	0.0304921096614674
0.412723316632059	0.477628554956003
0.456576387634343	0.517719358963195
0.657158260147282	0.846802348426721
0.612572782995494	1.03853728492794
0.514801478018785	2.07624291428173
0.281868622453247	0.747329647577286
0.155590178788274	0.336506329218668
0.724159274172709	2.54282280502316
0.647626807772849	0.980948660888106
0.174396328441355	0.2155571140435
0.235815420923067	0.554732196420119
0.077260720424008	0.121483242229921
0.278181506537534	0.360790192750726
0.411629421726755	0.655324248939216
0.502802355438611	1.1183371415406
0.208811718087176	0.331347474186036
0.176920467055695	0.251119638066357
0.547598427219998	0.972101311308929
0.861766959266501	1.80794566312742
0.0721496583080582	0.102447313048497
0.603698194567051	1.83866828642317
0.14487557883553	0.228613385053129
0.348584820257665	0.683376276334197
0.0288002465979177	0.0434522339972116
-0.0621555002227461	0.105356762677464
0.24812657827859	0.397263088995055
0.607178490281886	0.663973038167347
0.405607454509959	0.511337988039955
-0.244532615258771	0.3139594252495
-0.109255092694626	0.103209891067466
0.116816681711394	0.0803500805143617
0.461539664527551	0.680822863135238
0.00765831996786705	0.00924703969038424
0.121349595601055	0.240924290473561
-0.149117738723957	0.30250539340354
0.310382037199125	0.731089019860464
0.279773501786005	0.666343712571405
0.599736065578345	1.90248517573665
0.0993015869765514	0.187595850229791
0.258251603780592	0.591758008822687
-0.215092120275354	0.306747412168448
0.511602175954227	1.37975561853167
0.247017311644123	0.51879240647875
-0.19522641350108	0.397384713475122
0.097440223269486	0.14847151346009
0.261434469189668	0.293808843712731
0.124415016839148	0.14821574086561
0.689588082340929	1.24378636475816
0.574959745375016	1.38614494805473
-0.66504354247706	0.871429521610574
0.590974174403353	0.573763259208737
0.130237656553295	0.181184859015868
0.0377596066342193	0.0557333397847537
0.232272936739155	0.50495637673545
0.0729307649084817	0.123450696148325
-0.151220975858248	0.302975889297344
0.233476068773103	0.500395756639678
0.206169475882216	0.42886655246625
-0.0376130502026709	0.0540256282793741
-0.548777969519316	0.765899835318869
0.696792218822765	0.506668143446846
-0.421028175218659	0.303326490306221
0.308090914227473	0.239099951238514
-0.000231807655000756	0.0000657355804964343
0.38565889143713	0.49805868824455
0.501409144037344	1.41055829539499
0.149412781495241	0.239510747204524
0.325003189519435	0.249966254861163
0.19924476874574	0.15806576898046
0.0638679203284198	0.0504000554826276
0.507431252898374	0.444713127791338
-0.0678825426773752	0.0369016272315866
-0.0656531112616745	0.0462117517717733
-0.270963871713413	0.212111095393557
-0.189569009302191	0.153798788795199
-0.233336143598289	0.205663050993848
-1.04089634592242	1.78848174190195
-0.357152862889632	0.714396723199638
-0.289780789170444	0.541233695210205
0.312058411739425	0.543310778319057
0.478837514527869	1.02821916516155
-0.330463545998025	0.544522864616806
0.22112762421139	0.315938063360617
0.270975212959231	0.427067781156647
0.53327396737218	1.07068990852276
-0.235651508204913	0.362235885283618
0.264743185399667	0.39198912074464
0.0697273612796026	0.0936829316211969
1.17868162457414	3.69814007496937
0.576152227588416	1.11428374153124
0.399156287889866	0.542125467205511
0.76939405017383	1.08191009185496
0.736787535222212	1.38048798274413
0.468224760369664	0.875848987039661
0.398480003371677	0.814143720151309
0.273411548997969	0.398380282288308
0.29778666652761	0.515766791833742
-0.0063181599946183	0.0082690646763184
0.0250334564408873	0.0271566825886312
-0.00783484895561371	0.00583787168379741
0.198321458477403	0.25137460485019
0.242497860142688	0.301982932211934
0.308188665845222	0.449598973688433
0.317116805687077	0.346674332826174
0.644661503499982	0.752201530018081
0.768748432629513	0.645860553256882
-0.645836200232537	0.63139770603197
0.264811645727005	0.247762874796208
0.0216981487994372	0.0214649150308291
0.5131925015911	1.0578774507939
0.393218537066916	0.601987264752069
0.342888546342782	0.57319865572445
0.385065489253988	0.568311156840777
0.332330348393148	0.530733585596484
0.459029106409638	0.942048292522335
0.480249714780639	0.887122745591113
-0.253375679314671	0.364628040673709
0.699349601626542	1.54914691804773
0.52745709071409	1.11234018862889
0.212439092614616	0.292975016710022
0.568914043273954	1.10223317174064
-0.0763924604876305	0.0983490644185519
0.724105957005866	1.52344381540799
0.369293330767631	0.326672111985924
0.36718100228502	0.506791952889714
0.110600729292657	0.133606483453298
0.198910717704439	0.291401334524634
0.118202824650751	0.138024645128641
-0.340958721480385	0.570801065013318
0.104927585634428	0.131173875467917
0.163963564621675	0.189531966128969
0.650819798062128	1.15692248790066
-0.12715882775446	0.153366260674865
0.516074486353659	0.906060694844212
0.459923374803896	0.821313444618284
0.756312581299551	1.62140865507971
0.160687370636019	0.182653202182504
-0.221241813161621	0.229904101720759
-0.0888747314754526	0.0854328855596133
-0.238913934619541	0.211839320301744
0.19772261720129	0.20868852960649
0.52370593714282	1.14309600743528
-0.352354959636973	0.588678912555285
0.586729495319732	0.967460786000461
0.605124191948196	1.11049113846496
0.606670761481802	1.07144032441734
0.351891973940618	0.511361950772276
0.0283630860099767	0.0293497535363943
-0.189454666102589	0.234592311969945
-0.236177643289141	0.327671202283049
0.0374724047729351	0.03758342982947
0.383644668176269	0.503678589372708
-0.00596246680745251	0.00561058360023644
-0.168298535598564	0.220433709425281
-0.205507030739891	0.252997735007133
0.143433564052795	0.173992981042432
0.0221139983332891	0.0202047409478601
0.374772377240848	0.574265511432282
-0.0332570620893002	0.0361460336083112
0.469036700972772	0.816610849748079
-0.280797653087369	0.392162170260699
0.726769148998993	1.04781525126691
-0.191068029990367	0.156534513735547
-1.17058695612945	1.37660886220765
-0.186347180875937	0.23510125560518
0.148201542449558	0.174823641329346
0.0187714260426858	0.0198682018752002
0.40015228614509	0.654289794530512
0.216245948112205	0.268845231639524
0.461279846363597	0.695071704942191
0.0331005781618395	0.0346912063659608
0.516042465048326	0.873411064712171
-0.142531765479221	0.152329406264413
0.788482961617305	1.33310039584694
0.184985487772828	0.226925322674217
1.13431050718688	2.83379867906563
0.517511434059208	0.540631954296198
-0.636783833053025	0.407372676105583
-0.545161286125847	0.367887940029922
0.199310217706055	0.166075575236576
-0.18501921163287	0.167282935165861
0.225430750979881	0.141295921945317
0.509636656001769	0.527536926103469
0.678176099802489	1.09061219214714
-0.288836863836911	0.249219708749246
-0.0728738476349687	0.048125074310912
1.16138585847903	1.70314531571216
-0.0933718812720391	0.0630370420090312
-0.198771491323005	0.119007130930636
-0.194221050216508	0.117612183176504
0.342939706283987	0.337030744552477
-0.111569040187618	0.129503923385608
-0.106985511440402	0.117187752068616
0.421224528459587	0.597532350338274
-0.339724737268797	0.382738614496133
-0.531801171638756	0.643437566770776
0.480938449098265	0.601285151711178
0.546112568675369	0.846237966844606
0.0812967002818598	0.0823939205273705
0.543926629740762	0.767196440381218
0.322108242251464	0.354531773661254
0.594131987076751	0.789447859880421
-0.051902129999252	0.0507548837115892
0.143461891819693	0.148470816645866
0.550714139628467	0.780069075020096
-0.327882797034139	0.414517101983115
0.744519412370832	1.12287647583919
0.336386984892949	0.230547196112331
0.261453690523357	0.252529247963915
0.0100479658655997	0.00871151638238923
0.563717305059079	0.929776295257867
1.08716645299217	1.89620699018145
0.155388723816095	0.403596350724982
0.277732307991359	0.868020494105915
0.205632867925528	0.550379058471494
0.391954052377433	1.37228130552652
0.30247308196857	0.937977762670057
0.293393332097795	0.672059956072578
0.115128404317678	0.254086986821221
0.191569764865773	0.469349294634872
0.0947469006983524	0.167539298017802
0.251907347787078	0.281423260560582
-0.146195095628552	0.196444406858347
0.171910755299796	0.383620555107534
0.125150549710386	0.23112360693178
0.352099005870771	0.703218569428119
0.334094549380365	0.926398605326995
0.381123831839765	0.517079294465698
-0.0450825547739766	0.0412499316233202
0.462188895441982	0.747360139119562
0.80744975657466	2.26151622713628
0.773784339878163	2.28824446888527
0.185885181121929	0.275719529770037
0.46031613173238	0.833700167785223
0.134630901690714	0.189261498830858
0.370204479911554	0.870087075933225
0.170617492649087	0.309007598691012
0.399805090109822	0.936322575410012
0.272943227934155	0.527898564285846
0.341573845999619	0.887034697701117
-0.17388783893376	0.333564160357199
0.0455968366655775	0.0574196315671369
-0.0816549619438777	0.0655611152285881
-0.0537166003338125	0.0615547378522585
0.652793483984659	1.49330520353995
-0.710866060629396	1.46362763793006
-0.129323039475098	0.0972903317743271
0.341654162627574	0.514713435760046
0.0631077680640119	0.0863181154490412
0.0194485802490284	0.0319470335054891
0.0400460050867802	0.070104354040924
-0.0137328297484682	0.0202147357982898
0.00593080182713275	0.00930542268311193
0.53202597698524	1.56097420908894
0.288659823177312	0.674597282819933
0.4676249919496	1.26493532950982
-0.593406699389794	1.3132203055134
0.128096747736083	0.200675336664619
0.159673778404885	0.326155007268535
-0.0187793768395409	0.0298023546315287
0.226919462922615	0.483080253897439
-0.568915795412055	0.856540640353824
0.239206309326338	0.346038487571694
0.289968414383193	0.363996571867154
0.497129452046919	1.06622499567193
0.0332438469450187	0.030262947925728
0.197689058126069	0.165974609334075
-0.00882364914663885	0.0117495630325663
0.282001918802545	0.615196803561378
0.380261951999088	0.933611891360023
0.304356145553927	0.796186035599257
0.206126882384783	0.440080316658246
-0.0911329869385644	0.169323972801908
-0.0387024753464643	0.0609064823321248
0.199731124720739	0.411547156305976
0.131694583702409	0.149961289381202
-1.23857370816173	1.07709110685846
0.216184741022387	0.155835108008338
0.770693064563398	0.749758947621891
-0.118225584978083	0.11012891691202
0.22925563345226	0.2907833622698
0.865424904668674	0.76650882141128
0.395056683821587	0.432644607452806
0.765223426981752	0.916824748793469
0.523548248126697	0.530321959619265
0.679855863429801	1.03229727914094
0.0326380548610409	0.0452566687638445
0.215833191246893	0.162379325050244
-0.371536852636282	0.306539138992131
-0.317952699240355	0.38003159172825
-0.414907442094651	0.370159763997051
-0.684823890707479	0.334070270864504
0.711374115456158	0.951279149603868
0.32878887975667	0.237615779872789
-0.0142480665942621	0.0106347962774092
0.0573504364594863	0.0442555351862777
0.0298355950738216	0.0258689463135686
0.0832384938519973	0.114168899954504
-0.0436528369575355	0.0592152632078128
0.105153929596338	0.146393708677797
0.253765911291975	0.390737359660769
0.217293655761952	0.319251722866544
0.513497687603959	0.960656395692724
-0.13159370036026	0.187558433194344
0.745381263992142	1.48039536689925
0.252160234818338	0.318505629024698
0.347728749141058	0.577339942177519
0.414451588762861	0.767461022109322
0.647556172525531	1.36328718319044
0.271671757306018	0.38536139322225
0.839128155621103	1.56211869269005
-0.672833125348396	0.910509402929097
0.828358192979674	1.43758656956881
0.489637083595653	0.926174109968686
0.133253444044815	0.176019090204079
0.381594044444781	0.720408646738173
0.298782675319188	0.52586154995125
0.375109801192435	0.746783298160948
-0.335685961560806	0.48173998971944
0.290403305746596	0.344515548044084
-0.242281798494409	0.310725956598921
-0.0924218654933281	0.0930638935129438
0.51841654989828	0.878616827423312
0.207906812188628	0.220149528182569
-0.134901569220871	0.114095240612812
0.970186369653846	1.48522987240152
0.0246037554254153	0.0164811242301045
0.565845636520139	0.706619039440939
0.447975753693034	0.668828189938582
0.843915731999417	2.13402223532002
0.314678642727223	0.4742938657632
0.201766318207938	0.262002846509513
-0.216789557362518	0.317478949605489
0.174014221126826	0.236344410238499
0.149527632211324	0.183096743573151
0.273142372426862	0.399730497241385
0.236013307803288	0.340614663056319
0.0336649114690905	0.0400911551544483
0.298829111736074	0.444124132105739
0.197934589680886	0.309361137100498
0.624105377537719	1.12360240785813
-0.0121481490599237	0.00901461100463699
0.409242093106673	0.720785036459617
0.262848076710047	0.410643069219397
0.279126373644272	0.403267156887303
0.436912041869614	0.813578292397692
-0.0461712348253804	0.0562380462739083
0.118209192052854	0.145630436710473
0.96672541124223	2.25576551633728
0.0592826464857152	0.0612524572784126
0.443958017835084	0.732162605969064
0.233238236701142	0.312749725382903
-0.173824997185261	0.215585389816405
-0.0243634684892305	0.0267838750966413
0.563416773304119	1.07674935294048
-0.614698107825632	0.912363957879355
-0.0544533513620269	0.0493777637331907
-0.459584171237934	0.534321736714973
-0.434664222830111	0.554394270447716
0.136268421488722	0.173002013804751
0.501106447348688	1.04012351339505
-0.243306504158932	0.295140182239556
-0.441389242406398	0.672651153790161
-0.0367839443104493	0.0372862949933602
0.236640477063981	0.298219580610659
0.0152673716571433	0.0136624867880695
0.60644458130849	1.08791507035711
0.561636456577582	1.0518875602656
-0.0718471945459661	0.0637099983198313
-0.222648309250601	0.264122385362667
0.512766500128401	0.780892418638941
0.367664281544166	0.575592501361805
0.505443530068316	0.818372967952016
-0.185456939258106	0.233203147601682
0.561566773104364	0.788082058339
0.26268389372627	0.356997146322381
0.251275145476332	0.280372819560298
0.385255252614435	0.653047116387615
0.470878102347425	0.750511924977894
0.0130366309862204	0.0101437148378177
0.396691405282207	0.422338522204548
-0.444390425115087	0.42530236059196
0.233381070743817	0.319559042202828
-0.192888375787763	0.252367227803377
0.289589745048424	0.382294288807772
0.664651471997007	1.2329282948127
-0.0188682015320128	0.0159834800992087
-0.0970244716596234	0.0978187729165616
0.0318499930421751	0.0340927434021833
0.333902675519586	0.580110084114637
-0.0822967936244049	0.0803503931072693
0.538901048439293	0.850688667130149
0.0265252894858851	0.029390954486478
-0.114448572547274	0.126129803305019
0.636476451411551	0.895221903759516
-0.0835162002193149	0.0576121017100072
0.421333498956808	0.247230455988242
-0.380004601562898	0.42248515157188
-0.0181554643665876	0.0153186730093767
0.243250476835143	0.13582894353633
0.835571597325089	1.14465367870464
0.19777580411508	0.188117442284639
-0.266115176651362	0.20966998432793
1.25665897902152	1.35329845541432
-0.107498564116747	0.10168718077888
0.207730081076134	0.164500414145835
0.211062998739851	0.161965864596581
0.696737209821402	0.501637050867512
-0.145859236903758	0.147166107224154
0.205516041644375	0.251137332406883
0.10401187060609	0.115447939819259
0.208222219854293	0.224367556584326
0.679813933687514	1.01156738552856
0.714627818114785	1.02928851667476
0.821719953009966	1.3713836114729
0.616799240947999	0.736029852661299
0.271685353097759	0.352108411830118
0.868429327157881	1.41387933924766
0.113013827077208	0.113755566608837
0.205433105338158	0.209033952185416
0.309791756214677	0.426255255924679
0.302351427646919	0.335458002190538
0.453672043481334	0.588084878137245
-0.0355223780271535	0.0258000351719545
0.251255162388827	0.27530075798614
0.841856954553989	1.3093766778505
0.426539490084714	0.496102694900222
0.442286918100972	0.602740153288784
-0.0744291109997965	0.0842769892345466
0.307685048804764	0.370308351773523
-1.56029636830802	1.07938604342458
0.691727307009026	4.92916656126071
0.507705139659913	3.67351741866283
0.206191143461586	0.611862839020724
0.162783913600326	0.409927992233725
0.379554045514946	1.39906412405266
0.331098770041788	1.20505720817911
0.360687723564573	0.95527525681691
0.341373504883094	1.15126477146714
0.299131321308585	0.974026476015936
-0.132585554100608	0.277474537481854
0.119648341008809	0.20102108280878
-0.221480985002072	0.287942151474434
0.285468634309226	0.447244906206895
0.0201861590504626	0.0371294118170138
0.339229464112635	0.925922719463312
0.184918009560667	0.335184023841355
0.180924130240318	0.425198141735092
0.181471810017812	0.48115725959734
0.166800890485701	0.392175872809022
1.58629576144774	3.34255869878641
0.361435616706948	0.498271125652786
0.0478323678394032	0.0589127795568353
0.175407910199455	0.269167017404197
0.499384811958377	1.11369842526098
0.129277834248157	0.194737649594367
0.772387409265976	1.71615946310142
0.633427037793407	1.52765225238696
0.393848136137135	0.967742466050225
0.583355334700021	1.65248001305289
1.05570092257169	4.37062904789462
-0.158296470788157	0.279366558849471
0.0606627124615673	0.108034840261857
-0.099174193363547	0.209407039075602
0.360446386876937	0.789397922540884
0.193607302654598	0.179243916915464
-0.116668540083309	0.142644530461969
0.592432251067743	1.40630182129672
0.27987938132979	0.420002701174539
0.603347199133386	0.577901146721573
0.451290371130276	0.677021425393295
-0.13605400956518	0.240830855775089
0.347567764532821	0.940736780952847
0.0906315869611355	0.175390687387788
0.293276594082785	0.681369194024333
0.195071008096947	0.369674156397927
-0.111977149455212	0.192419606987961
0.000491709550292962	0.000784138381345572
0.121810628300536	0.243898825444681
-0.189171432296522	0.317407235744275
0.210902682314652	0.405299656539895
-0.19227781135847	0.406325283888742
0.0998922156317783	0.176660369301243
-0.355197530179183	0.878617297879154
0.0955950006767739	0.105360619123979
0.889754261418809	1.93415135002948
0.36096077690831	0.5259549335713
0.568822763619579	1.39395317488633
0.153994181914589	0.160311373549407
-0.0154489247983003	0.0131291273776033
0.0750278134030601	0.118449661862007
-0.0345153897889091	0.0512623563288538
0.198122164984336	0.413560596976372
0.00699309694482661	0.0113559738122253
0.41285862408251	1.2187649771115
0.287986779526856	0.742997820251177
0.329640293531404	0.91891849991648
-0.491867969623704	1.64098676415118
-0.0160994965171017	0.0177127416846451
-0.370532709156522	0.275676345191838
0.225775413233215	0.141656540633023
1.68915941073696	1.88581628280417
0.202341718639308	0.275627699392054
0.36399937587205	0.518437128712677
0.564694261730624	0.640091364334195
-0.199615292220745	0.207068705054273
0.606630122121888	0.661599888580129
1.00172320725143	1.97393093809803
0.494030272066347	0.664943760769258
0.698331277438018	1.108410546125
0.603732343283621	0.578647661948934
0.565614916689557	0.46985130362405
0.449805925263712	0.92963196729019
0.508256103513923	1.41441484088173
0.366831162760155	0.849982741861663
-0.501816724107434	1.33276496934443
0.421253726415827	0.511281406901282
0.158442634124749	0.152916882134042
-0.147369442547644	0.148422807017059
0.128831897066735	0.0951395119430841
0.484711354410278	0.437534934026771
-0.0676210304551812	0.0548619327414144
0.561093301219566	0.636792159806519
-1.14310017407529	2.04467069366335
-0.310743860170839	0.313810359724354
0.133177622707434	0.115999880489893
0.614659993857372	1.49940429973003
0.863067793128565	1.95295089413038
0.36549488067312	0.489936654589214
0.14541406666519	0.184341750887009
0.104707145353606	0.121247347545171
0.199797832884697	0.226658431245052
0.377039140584182	0.591486312635626
0.773202980560965	1.68490042481315
0.955466175279231	2.42464061241538
0.00726525804699627	0.0077123311743168
0.509633990245269	1.04850040758454
-0.579751772860911	1.0720305547923
0.7431938178296	1.41710740877153
0.817836500876056	1.19439948609988
0.570019753917865	0.983343489942761
0.269060503455072	0.40905385828256
0.621097848243087	1.30729154308153
0.245580916872881	0.344621414050671
0.550539913873334	1.22926785970228
-0.215193625810607	0.349223331793426
-0.30655751189357	0.54317949599533
0.33395344055943	0.439076240422281
-0.0854833999034239	0.0979732849274233
0.891545738905799	1.77123518225675
0.0851024183885837	0.104957984215865
0.393483477795856	0.594474644269626
-0.26472682775822	0.246805994308399
0.731143887693581	0.722881183616646
0.542403498538578	0.465789598064545
0.516637519253152	0.671411471261612
0.329341705519991	0.513793178364916
0.349115152960081	0.532723208113455
0.661781901619209	1.42916272220718
0.560294153084081	1.05117523617007
0.493145739247857	0.888762610143458
0.181041568817593	0.233209998358394
0.209112241577945	0.253553424698061
0.13758180653901	0.164724094061102
0.593931614085833	1.23729125810665
-0.0434033864261215	0.049210394097913
0.386474854271674	0.589167800941282
0.265419051061575	0.421407609338909
0.393863037441445	0.521175129770404
0.442667809246646	0.434404728470081
0.486571775743583	0.825601911290275
0.476048385446592	0.750061261126025
-0.27005383116518	0.395229949206498
-0.0199428674849421	0.0201521083951952
0.531493207693958	0.769449102775046
0.532283912488692	0.837362547682276
0.492696291361141	0.725798432747099
0.437341557857106	0.59414257292507
0.236263673645838	0.323731086691098
-0.38280410290402	0.568469043252042
-0.209944651372012	0.28074276403552
0.0284008356300167	0.0268823477914425
0.192522051296195	0.24051127745796
-0.118452832290274	0.117820909962177
-0.570236999632543	0.920165548465543
0.274226802799112	0.449321865169474
0.349276124930818	0.632265587638266
0.182886331426326	0.220762060482678
0.623418814769776	1.15719186984233
0.0151286809288861	0.0157189419774769
0.434877939359942	0.600785919454399
0.369037458897889	0.539578846747244
-0.234857243685722	0.256654507369234
-0.138927019004221	0.151958288744048
-0.163854637184598	0.150817634738971
0.413327799862619	0.500597648579407
-0.176037543151093	0.198864900725953
0.163565983261578	0.177146953394866
0.0359852553768254	0.0386432568956138
0.317112192019042	0.346960544923977
-0.456751404604168	0.642600350578476
0.0243933719308356	0.0247792337669231
0.127933695546165	0.144326267239284
-0.0628390210930811	0.0718844134546702
-0.2900623571909	0.422043485318273
0.164564832735997	0.162591550156369
0.77472430100734	0.985548795944352
0.351539061875636	0.33705143846918
0.138798959296518	0.177024995195561
0.060321472613802	0.0701213957575307
-0.118406749316757	0.129302460526614
0.309923580260635	0.353638287781299
0.0660711062635185	0.0657117543756074
0.103912418532893	0.108577891749761
-0.547953297604509	0.804268972981087
0.505070102311582	0.819551121144889
0.171794905237497	0.208832462590089
0.28450471005538	0.367793481217574
0.222764640876283	0.321127233781412
0.413423394318933	0.720388387301735
0.20237140279028	0.206431842620539
1.05226071855089	0.988206075726468
1.37523845391885	1.4133269485298
-0.0657410935760568	0.0592068237322128
-0.165607451174257	0.148289511349774
0.518922693175143	0.46164752066711
-0.255255912213185	0.244305595836438
1.11516804404076	1.99319352929775
0.114772089238164	0.0785629070442119
0.105889443314356	0.0696838798857873
0.457659180507556	0.502852043553893
0.606385532030594	0.815186372053251
0.223064354401567	0.148507123016862
1.01562102710457	1.19008962655763
-0.318057494157848	0.290352452988376
-0.232835379542876	0.333748383305003
0.237074302680878	0.306489710630726
0.845609513643694	1.544933500414
0.493415277474355	0.594678223173491
0.381446160114911	0.435442447818948
0.10044973223128	0.0964817335963125
0.36984742365155	0.43740051558493
0.101951398697577	0.0979272739625887
0.476528203708777	0.619449802376287
0.272119620724473	0.252408321828597
0.698209582084766	0.953951457091418
0.456428528185879	0.429949547641409
0.687313021707719	0.868666307153024
1.08698343500936	1.99401646043594
0.159223101773812	0.174247285160201
0.0430081853762502	0.043431181707697
-0.125430119215071	0.107775585612201
0.573922275546225	0.376054455829276
0.533234223061768	0.770964852239376
-0.464732999718127	0.196389414083713
0.513691012930711	5.49309272459218
0.473181106337737	3.3208628765054
0.71553970734845	5.74479765583318
0.499197911896939	3.77380282246272
0.345988147008836	1.83181902792518
0.244301697264689	0.891872743407685
0.617196054000343	3.7734016872181
0.309090743049986	1.2067935360128
0.767141341162077	4.48685046212362
0.585903408773056	2.76220540571801
0.446258066522926	1.74110914632015
0.139709255563173	0.29461293145905
0.151019758469461	0.384388783120768
0.529737791520322	2.20380659452348
0.113698743621612	0.230074287238195
-0.0294802953137033	0.0455204435054858
-0.00411364807567104	0.00423853912665737
0.0626766183465885	0.0811944579187412
0.279999116826064	0.727232476515706
0.694871230718574	2.45979505874253
0.0857188465873335	0.121050850986747
0.150575922871502	0.325578797910546
0.463350301268576	1.77703142166531
-0.108702609054659	0.214083381559142
0.131991946369153	0.222820721398438
0.65005880209047	1.0827392925732
0.494087693308559	0.674578964084215
0.366692884372283	0.534663438923055
0.393502624665957	0.70631809980295
0.114486850334124	0.16195981275397
0.463221703236731	0.99341103295368
0.577557410837086	0.945295964380676
0.515997004271324	1.05991500085689
0.362170123410105	0.734742673545223
0.671829179616364	1.94332841599032
0.798583002747814	2.69180747471087
0.0573512803054553	0.0810793848504235
0.213116994905418	0.46418443461933
0.109466612157808	0.215518097270697
0.0352931431652469	0.0486510442109931
-0.208091675927965	0.199115038926277
0.337201354806387	0.523935845353694
0.317040825651884	0.532794905624019
0.164890925119413	0.214790741522542
0.730500765467841	0.878965394625206
0.272496141182253	0.353387259211484
0.0728775249631631	0.108499617238561
-0.185539573109217	0.428916941440019
0.0706771961883811	0.126484517882196
0.0508100160556835	0.0706114115054553
0.225253054389251	0.424171731386701
-0.149772011313542	0.235641604592514
-0.116400185935111	0.202837958369932
0.187517029859279	0.405416575363817
0.114900638334838	0.179179854621121
0.113322389738453	0.175090536472216
0.193068313993089	0.363365862387265
0.275702550032358	0.556966557497679
-0.281906961142053	0.625066503574805
-0.34245787682764	0.495888583693044
0.211454084702822	0.282302298220668
-0.190537408955783	0.226076120437681
0.703817738908378	1.9869417948211
0.0436870291336738	0.0427461338779355
0.0716909449564913	0.0621546357187313
0.351863731164461	0.69238650903089
0.156792070983497	0.288872811650039
-0.162479954410725	0.274011440084436
-0.185383465593448	0.348671914274066
0.309624121719733	0.743350941016104
-0.0671000606902363	0.115680233804439
0.046253977737116	0.081321512004071
-0.104066556666085	0.205334120670077
-0.0519800204384961	0.0620769125737216
0.114572007343273	0.0815250503172705
1.06770068153222	1.09818882021404
0.804257755228851	0.946174292587201
-0.533152872350747	0.902261310377878
0.275314361169823	0.420605320321597
-0.115319894057891	0.11776431947715
0.807998607381455	1.34087506395365
0.448432463935104	0.506253644749413
0.321993639967977	0.416513747575686
0.231892309989948	0.369780665514022
0.361232325300754	0.570531489248755
0.732513940776098	0.810207152171557
0.479546053510754	0.651403062966387
0.469931550123009	0.728565803940675
0.415295876601102	0.510865314164159
1.09503211838011	1.43580468714533
0.422827576990657	0.348650964234876
0.514103488630446	0.457384202890146
0.678548333491412	0.928611177477109
0.235941712844555	0.43504627767604
0.417203797469446	0.809445818885163
-0.220566373090977	0.381634997046563
0.187457232139783	0.303047081272758
0.121274290673377	0.203451341866092
-0.120624712061798	0.184975777585846
-0.494943768643158	0.573683822183335
-0.419528454264997	0.407412265660706
-0.037138921432762	0.0347525896355947
0.499117733827281	0.527944503855298
0.333347234350564	0.240753955992471
-0.417408026232278	0.375406042013725
-0.411115747121794	0.399445350316132
0.127151556395638	0.0997002823760568
0.125229240521393	0.100458641284876
0.0303236541817534	0.0282671371361827
0.40206782081316	0.67012813099492
0.331346973965803	0.535905366459134
0.162118764961759	0.178567624408377
-0.267855982243883	0.328212697453155
-0.141580437336583	0.132668430506518
0.762591004712022	1.40258773022913
0.426504927448922	0.50730356338454
0.802234227606951	1.3190086359921
0.63290828491447	1.1118968581633
0.412421176728872	0.601664489916495
-0.0351362863099389	0.0347374124104579
0.0080551003952271	0.00650386133348409
0.454061529297183	0.489291406422121
0.0570664395208599	0.0534554512698686
0.0356194173380454	0.037589310336185
-0.370300949712342	0.632734825511981
0.500075995266357	0.82237621303286
-0.40908461210862	0.720923880793377
0.00710454247645667	0.00811906802481211
-0.849350572605366	2.0948719768027
0.406409132680608	0.49789383147483
-0.601046485599836	0.935878176753423
-0.063934384369557	0.0577425228636616
0.0250034439790772	0.0264860772273841
-0.397636877643101	0.591348745059992
-0.031747546007615	0.0230655458262904
0.109610681006193	0.0688841212519743
0.717358620490624	0.628178466862637
0.211050896597833	0.231402590573809
0.245885096699995	0.336089332520367
-0.0450957020440778	0.0485077176648365
0.517460122045965	0.972431435723889
0.585469786032993	0.945289528019236
0.531093636522325	0.753377817199895
0.4088546901125	0.600093550683606
0.0570274379443241	0.0536592251318589
0.288775736390301	0.371639047447492
0.236852689642138	0.312320593149147
0.139655542867203	0.109790432296212
0.443941554060529	0.662155532977985
0.495063919266793	0.665566177694354
-0.0743507990987203	0.0826985539698812
-0.469985671510628	0.737214944574147
0.0466834251495257	0.0477146234988107
0.142935415454297	0.132786950002426
0.640480903437548	1.0692993968836
0.153211833630945	0.174392501033287
-0.0550370758031739	0.0582134113292469
0.0758858985140151	0.0776979116948772
-0.570151347855852	0.790553099132173
0.0678908175146882	0.0642692430605797
-0.527805498504335	0.739896608658152
-0.0213071814656206	0.0275098591645979
0.00728078595888281	0.00850080309768637
-0.677011563677001	1.16602165054441
-0.192625026777012	0.200999693773239
0.256041711107835	0.278972468717428
-0.258050149583465	0.247485897565475
-0.111383417144663	0.100426757416036
-0.214446160869236	0.205751938362597
-0.663300454719014	1.03460775577292
0.214937220594301	0.161050076591214
-0.0705382790743829	0.0572493522877363
-0.607370078187668	0.727615252662703
0.385043652343786	0.419397429535424
-0.380780643192414	0.372119522205386
-0.74443222451563	0.960555116819542
0.586244264890472	0.699190469681065
-0.128359043486662	0.126964950379006
-0.131846475119355	0.12333296641268
-0.324542973500774	0.431977312369498
0.245070090702651	0.288053796506197
0.711002160368658	0.880880467628515
0.599494786333472	0.724762100631092
-0.416045292627599	0.37370238027639
0.0553673607230608	0.0562473991579037
0.035077970353519	0.034345573805633
0.377042603495544	0.518689446683988
0.502063723369955	0.68218993361987
0.195160145947361	0.199981431841571
0.375850141795714	0.500920650081661
0.24371916909793	0.31459759040591
-0.00687025857442143	0.00653365396479285
0.0137313698197934	0.0138097416376609
-0.655215879795248	1.22953972842129
0.172826118216271	0.240218807686351
0.232944275276179	0.325306847150591
0.299069680908365	0.338016810937042
0.566777346367657	0.370991280090282
-0.0584186305385505	0.0522434041010797
0.0567652607188626	0.054405976392807
0.129388596636571	0.0987969834287084
-0.68634306604458	0.806576175166808
0.553774862137308	0.77193993948622
-0.311175579116961	0.265584415056893
-0.113918776498639	0.0548278510317465
0.465279853348363	0.593750732873394
-0.751336678503347	0.926295510977779
1.14602043141171	1.15140401929804
0.110091251088578	0.0724666020128685
-0.360609076696187	0.398083820026033
-0.187120259768152	0.254043624448666
-0.225099000155601	0.282491182386875
0.716448232979824	1.12924258544863
-0.290379967741349	0.224241729063967
0.405795139647974	0.427277316632721
0.199832723168217	0.202920351059754
0.533656169593816	0.610192067629989
0.329408694136052	0.340521797984595
0.352676090722415	0.317552643873615
0.882220709786812	1.15412519291205
0.990735357525195	1.62103704007634
-1.91105426977406	1.2083265051034
0.0661399298502963	0.0295246163359609
-0.350604098908911	0.344489728001917
-0.780083410424974	0.692357586469082
0.746842661330958	12.4143861814371
0.542082843242358	5.55801681288758
0.86584086225023	9.8190983561998
0.749906444522425	7.79678144981896
0.329704884540004	1.81412228265455
0.392156052251323	1.99474233291638
0.310460511287112	1.31430401092805
0.513061961473482	2.91018923407085
0.417563926894631	1.98030717372284
0.326050021149345	1.14205380524912
0.454492064522412	2.01286751169625
0.381596505994336	1.35552069481763
0.349037883468072	1.07501859578473
0.472996105378515	1.8702378506092
0.332062290599115	1.0523776118128
0.13463804853005	0.289731832505267
0.160406075588132	0.252045252123278
0.152711589360498	0.258821272541499
0.212477328273066	0.556264648624221
0.154568858565287	0.309090523600393
-0.275795484002053	0.644657984623274
-0.0302781489825229	0.0486909111335807
-0.163093357950633	0.381070618495398
0.117037552092256	0.239221962367072
-0.298951354793194	0.68489931090763
0.172101010237939	0.255532844281317
0.643886914017064	1.26829628290683
0.362192492753227	0.678039180636047
0.413113042173398	0.846870514295144
0.14264371963277	0.215212243279512
-0.39563375472372	0.822840039082502
0.64096635972097	1.56116007769336
0.0432844060641491	0.0556784633863966
0.291254986483365	0.556293731542952
0.507206378001783	1.36730233913331
0.298213853993537	0.469670538273299
-0.123923619613621	0.173984772438137
0.405337401745946	0.901753184092616
0.257943711126964	0.465427985669349
0.0364686445110482	0.0395131494601376
0.161624122670317	0.255106397600219
-0.0329098499563945	0.0468674973627026
-0.180852956531524	0.388697572896746
0.104937727783232	0.18033238091603
-0.173926979894628	0.278488774390784
0.232362646986627	0.426690831827998
0.189854987301491	0.308815803130064
0.104041585426739	0.176684893083696
-0.400835224083767	1.02203947040309
0.467836440201152	1.19726266583858
-0.0533342715905374	0.0875284809994528
0.196797800724981	0.35991095623234
-0.155176233603566	0.28152651394781
-0.685660068510611	2.06028453737571
0.0408164558935752	0.0514703376504571
-0.0985684770751903	0.130445545639615
0.166823103889338	0.213746615818415
0.508199687296127	1.2920846449776
0.395102306167105	0.819663079927514
0.237506988709283	0.360662085952943
0.152177172939679	0.287935767022621
0.0963183180720016	0.165877805616806
0.129213252008659	0.228148409324995
0.00078747097094461	0.0010584796016114
0.144131707727714	0.24085135726451
0.0389224524846286	0.061502369245822
0.133123346521116	0.284055855078188
0.112798836863991	0.239524582926436
0.281284442631012	0.599070421971887
-0.254254245366272	0.311483021497332
0.49968061530018	0.604637913784994
0.397297802776657	0.514671036610108
0.011266620534791	0.012759576056596
-0.0479970503607912	0.0654838462663715
0.231748714142889	0.276423280992141
0.0162608858727078	0.0175530609450414
0.053736679484397	0.0570449213019508
0.118064496366336	0.148953193792997
-0.0278096857820079	0.033805821011709
0.394889594266597	0.690588725253615
0.472525119739199	0.898512288834109
-0.466703217352457	0.512325552166426
0.33062979414659	0.513710846781365
0.841904750068769	2.15090552136765
0.353285359988889	0.517900561464751
0.469652817590678	0.799550673837192
0.543139399623291	1.13152270601266
0.380383385198608	0.580034230136139
0.337547133502696	0.523726849781142
-0.169789272633684	0.141254043718497
0.418721834629084	0.505576755723137
0.662821220171306	0.760163325771939
0.634909804478129	0.815281254546506
0.521125246901653	0.609768664343175
-0.111406633542053	0.10352485706925
0.260375124803429	0.534574539088327
0.0478008270397223	0.0608704073786672
0.0849191763383508	0.112528975753939
-0.187037452382888	0.309454257843844
-0.426740111048937	0.867582559573913
-0.0746573452643461	0.111764899510014
0.0639903433015381	0.0710428524977718
-0.351495887795223	0.523376603824575
0.101044450120989	0.121178631394924
0.878440001303273	1.51267318388895
0.114302142052383	0.108507467260187
0.984622043338891	1.95558749902971
0.646798312113794	1.23337795597233
-0.0459788288934909	0.0456912391866536
0.0154353178506703	0.016522551846703
-0.110118100924482	0.130258132262631
0.338929375523674	0.439490719765709
0.313128265711402	0.42604636242296
0.220121478582158	0.269019287508718
0.335189615879344	0.432744155490545
0.102978063142752	0.112172950381468
-0.350655330222992	0.431442781047048
-0.198850113368869	0.241418710106151
0.0364431195030732	0.0390576971115479
-0.229745109209726	0.270255217739726
0.519126483640896	0.67579940276556
-0.806223577505441	1.60887914870804
-0.193467295456233	0.255631139744156
-0.129207448769538	0.163671380589276
-0.0534346775506399	0.053404756441056
0.46549210904318	0.761038312631334
-0.241889295273862	0.325407076654056
0.384934755142296	0.567221161906264
-0.351886276898291	0.531192138099504
-0.206449871456093	0.215821065646181
0.669423694992259	1.06956658548946
0.528694572650636	0.693726433564286
0.556538591222925	0.981748124484191
0.0998248466258956	0.110702546642032
0.573979470594355	0.877364739559263
0.651575354913002	0.995042012876232
0.0134391592146901	0.0131170205941492
0.167963469720012	0.206764294487681
0.0424378972639501	0.0426415971422233
0.360283914186369	0.575824462311331
0.427025520531596	0.518290185289809
0.339270948266488	0.49666551535218
0.808592461568863	1.26498172483132
0.37265762381612	0.694501611912766
0.0495132222138989	0.0540821953443955
-0.43718773526462	0.666302363167854
0.106200322869253	0.12944261071448
-0.254490886601561	0.399078603155443
0.488506342585279	0.8938894855876
0.285673899767305	0.470365382548166
-0.0249984095603072	0.0285729870448256
0.421916491833966	0.432240756640941
1.10291880556252	1.34643939031673
-0.284363475677194	0.287962377777091
-0.162783614078708	0.149786466856141
-0.251215594150307	0.239292908046292
-0.411980869601534	0.430045860201765
0.363026879989098	0.328939429175818
-0.536442225179625	0.577985363536418
0.213567884517081	0.154612552269673
-0.0774978312210961	0.0690616306187779
0.0371473906742203	0.032075069023495
0.0446339998061766	0.0347521956313918
0.11531567421447	0.0845656093803912
-0.435157357807743	0.478202732068665
-0.639840911365872	0.841777547245635
0.251292881891233	0.291983151371
0.465459524962458	0.666573323750358
0.259714357980215	0.275382309761071
0.363301202378387	0.443816341205721
0.312141228023189	0.354360644780311
-0.180827407187356	0.215788012721142
-0.239559112469934	0.262266831517002
0.429918647526886	0.497105324812085
0.147771419168891	0.135891115066532
0.122358672659578	0.0958251597579446
0.207167851114482	0.232411549467416
0.400842763485422	0.431189176657771
0.145013061700381	0.143741753941291
0.227219078987148	0.27877729623983
0.361525441874331	0.56871725734069
0.427121572010484	0.774581751620236
-0.0670391409234631	0.0461398761720325
-0.214235777646155	0.241474043889507
-0.288274341575993	0.348560128341726
0.561955619553189	0.634596591828965
-0.0613887597898221	0.0503528649093359
-0.153223409584053	0.174513152741785
0.356523406514455	0.336737696182418
0.85965518030437	1.05096125999448
-0.640062257785833	1.03737463529267
0.477922287076131	0.513653835024778
0.63137878908257	0.674279533650207
0.341487366799876	0.345077115081953
-0.226420166553045	0.281040606772383
-0.0688313416972774	0.0728532662501164
-0.0880105843523241	0.0847550663423646
0.491424196440469	0.603193582076156
0.114059673576634	0.0812553340518196
0.190516980854609	0.162870272283324
0.513481344712364	0.456926752865576
0.495313235693025	0.530633636144926
0.513025962834717	0.457415239080085
0.37335654125633	0.602626425664464
0.10478146043525	0.121012692193507
0.725591094542734	0.875453183361538
-0.345054655341461	0.290954475431547
-0.214668455820158	0.192072923479429
-0.1616300370304	0.148097845218821
0.418024390344254	1.65422893900658
0.274927981049658	1.03104085865389
0.638033284047508	3.05213197827732
0.0887939870116645	0.181314721821113
0.0263951369750735	0.0378918947268751
-0.152611006657207	0.292122358126204
-0.141529580312918	0.328893438605306
0.250359807265759	0.319103227889968
-0.059418621403756	0.0785876655668247
-0.623196819285176	1.39413278737635
-0.506097649482557	1.68874161327614
0.215726452437653	0.47742513626258
-0.163204694774812	0.293122606044752
-0.0968694955316899	0.138978488088031
0.309459887554391	0.51938879107167
-0.157742223778864	0.199121765469797
0.292583285165922	0.475211695177399
-0.229013695219268	0.467803736987875
0.0146686426683945	0.0192161924159825
0.324335808293263	0.490806394836273
0.560760867118654	0.849529087560848
0.156652075084899	0.262379952337435
0.439464171603773	1.49286815292665
-0.178092452539342	0.354953859177435
-0.595081980569078	1.63347053799518
0.0885825916953006	0.158433597481816
0.0800026700803759	0.156377041427918
0.215868359307675	0.42722050985734
-0.136937350979316	0.21713302767857
-0.2031737196999	0.252543027239157
0.199585892758264	0.163181105813219
0.532192357683681	0.62052061664421
0.346002539293844	0.343474425310466
-0.218665898422024	0.282551729187576
-0.586602229016537	1.46002247432771
-0.0409261384379037	0.0751632664505566
0.00712065668467455	0.00897186609807867
-0.331271095700604	0.418473405863271
0.340131573457876	0.418864630972791
0.123831303000033	0.140412872126843
0.314013322156601	0.741383894469222
-0.424158798567261	0.866034370975475
-0.0349581483704881	0.0369727206021563
0.0401918287125917	0.054690917780588
0.17507958281971	0.461510345880505
0.230055397943521	0.612474275283798
-0.241137115255375	0.502993942223132
0.0000319225197755913	0.0000870908621853046
0.169640570970285	0.258677866085381
0.258141267636464	0.29478870105714
-0.244315500049544	0.302037642182012
-0.56990975436325	0.952361684104168
-0.0657998597727596	0.0860445884252043
-0.0890662413283123	0.126385271176394
0.0630297372169875	0.130226837806442
-0.126920576831134	0.240640357935259
0.183173421927295	0.343999023523292
0.292991556300204	0.633297657084623
0.260835351203793	0.485425582684517
-0.133811842302748	0.196183460793483
0.241776417300441	0.531680687149529
0.120840764838096	0.181151225666294
0.430243557986425	1.02796334790344
0.0268899928084051	0.0346846393217864
-0.18132004241909	0.269134015505325
0.0886737377709368	0.120710330701352
0.185121507538422	0.276630940895674
0.0854006600669342	0.139012822222628
-0.114431416844475	0.151878424238877
0.322902350610776	0.455955592790788
0.212973908692591	0.392072606277991
0.220389898172716	0.350356993095764
0.589870358037333	1.1511269124638
0.385479068194972	0.766369744803437
-0.0151670226664727	0.0214925661608572
0.229224969738445	0.403181147826189
0.0419181480068865	0.0524699448443822
0.0949543021666023	0.136511790544621
0.28585566843092	0.518145566488137
-0.204033590754982	0.289805935549849
0.224947399393499	0.366302890138745
0.251281798184907	0.512533716234704
0.103405874405795	0.0955979199270883
-0.948135752339502	1.57562934132995
-0.340715224515811	0.385028633128817
-0.156049234296301	0.176385032192511
-0.10908605483455	0.223135321997339
0.161258872372888	0.282153806392327
0.129711148873451	0.22125716982159
-0.291093641774101	0.60945669607454
-0.121969352844935	0.224440506788219
-0.116097506938096	0.19942221914705
-0.072644039585421	0.12596508539752
0.18117102802523	0.351543099725795
-0.184054962636476	0.41906396984558
0.600465626545554	0.571210235797856
0.255345317473539	0.269159056096242
0.0601226417679042	0.0659346355923184
0.0938496254875024	0.136470328236694
-0.494855439318543	0.864506540182008
-0.133141155686313	0.132075161151022
-0.366160188205702	0.269612282901474
-0.0901788065749371	0.0463415727101892
0.126485425870438	0.0927067155016991
-0.3205198063762	0.317190122717221
-0.0124195807973183	0.0135494021392877
-0.284503176098031	0.580433180737289
-0.18114469151994	0.258530335772719
-0.803042899401753	1.72684880406646
-0.0967473971662667	0.107400959039857
-0.205653847502695	0.317633528888916
0.0635066453260629	0.0935925132106643
0.245314620343795	0.485286448534534
0.0318035370816731	0.0434057831840749
0.134225654533687	0.208718412100093
0.071533518769676	0.0691484725080492
0.38089919726813	0.518868852238071
-0.00563605252926438	0.00653340203871572
0.234600456571447	0.489908598172911
-0.0646835623349382	0.0638062163963335
0.388729933186586	0.243264397786022
0.419800927739589	0.247067254167298
0.0351132290341933	0.0457344002309448
0.0289745763145814	0.0396435078208547
0.149475041029205	0.244220210995519
-0.953754323243884	1.60125278768973
-1.05446305841426	2.00210613742309
-0.456732710626951	0.978858315201661
-0.312784797299527	0.206399901431562
0.82514037986281	0.661737506103014
0.5317965402638	0.262963572757816
-0.419678688136542	0.304085050633006
0.765587508148205	0.519980032335779
-0.550610453361073	0.368484608910424
-1.40630849382012	0.886176841574278
-0.478250440383822	0.269616901731969
-1.43465425862702	1.434183887546
-0.472421592837965	0.377446276206484
-0.0397106257229146	0.0223186848200586
0.546964277942951	0.60660112435872
0.769698978234089	0.64524396962695
-0.107435801321532	0.0710134909460703
-1.43685630424884	1.42482842404919
-0.0615232311766374	0.0429988213825574
-0.857868251362632	0.973796345349553
0.106662055257353	0.101059506000519
-0.0670130083563159	0.0894761589738965
0.134111479264977	0.219839673847857
-0.419238281860096	0.571067111692903
-0.192972415392653	0.116400645521279
-0.362345837798485	0.233004535549215
-0.492687260954088	0.283173682033065
0.704767568383401	0.397995037069339
0.0763927144506656	0.0405183134518523
-1.9086216776256	1.19427427823351
0.0601730811223122	0.0293565181731553
0.149590900269204	0.254999898306754
-0.0380882131110885	0.0532892881628395
0.00555748364540844	0.00707087921338707
0.39240390352761	0.581008216603933
0.0269521097645825	0.0252222666986853
0.102386798697824	0.134088007349469
-0.0470143979833762	0.046898303217382
0.277016679639349	0.250291866994091
-0.756857320292482	1.55962963763054
0.384355606579174	0.763406384709965
0.592814393019414	0.804166621620104
0.305794916566661	0.34750180313387
0.143145706422877	0.163315358916887
-0.28548765588562	0.463064536922899
-0.355822177794747	0.625094326523316
0.124453545447177	0.0874763165921118
-0.521737370060919	0.409095489320954
1.54291838220813	1.01684872341641
-0.881805861613094	0.588661481893395
-1.18579363300115	0.802308714054559
-1.68273829135217	1.28752241072232
0.699596934408965	0.511217314200787
0.0711053636150818	0.0291368022372578
2.19246499679149	1.58571559287103
1.26845646886772	0.539839872432159
0.375730121535905	0.145158677195268
0.377921682644279	0.817977974346985
0.604594465546105	1.16939677634047
-0.50077014433836	0.716973559632431
-0.33346537593477	0.349747064294276
-0.562376729931794	0.974882091349652
0.276048836083113	1.29242763699728
0.0819657380779028	0.204360372323482
0.217945622247381	0.721070127293988
0.129269500384174	0.218923177776608
0.301757468972115	0.741967738010991
0.320776578251561	1.01112375969242
0.116811049463631	0.245254878096491
0.023663363683272	0.0407631719834429
-0.0566854747945604	0.0969443062151307
-0.251345220594165	0.707218052492886
-0.271271426005929	0.719780648998536
-0.23948826346123	0.531366965009233
0.454429241741962	0.943804578280815
-0.571929836352109	1.22549600737488
0.286020137350202	0.433461607341618
0.453457363766008	0.980529305888352
0.13272642413806	0.213117737515957
0.269556307451822	0.479432440320012
0.0284813594681783	0.0326453825820643
-0.0255758366964968	0.032243051461611
0.126595806096741	0.223035914850362
0.22675071806256	0.361068892448002
0.28882093569039	0.653738140274015
0.150721419015181	0.272302377420604
0.278904042247549	0.482988204121724
0.208184622760214	0.333823234603736
0.0793510844393573	0.12350616849983
0.274792842856697	0.53966367646014
-0.260520161029771	0.393065918744487
0.434930678920234	0.914902943102112
0.0940957051708133	0.157816389764941
0.0579021661691124	0.089343340265275
0.124188577620052	0.193062574551862
-0.443300656368427	0.995528074582207
-0.204354372780482	0.321980047682802
-0.214458066205314	0.419857318222901
-0.496077638071441	1.49275282838714
-0.330015310412416	0.771075260392821
0.0678071688261231	0.11129609270097
-0.0300245392342306	0.0424389344352437
0.201000411146926	0.384901347314898
-0.157879863307014	0.2675312412766
-0.0273676210686218	0.0322335317067741
-0.214232741113383	0.336347855547784
0.344780181832197	0.553383652212999
0.0919050418101801	0.132464203409803
0.0134785498460473	0.0181929408022533
-0.179563634127534	0.269817360524134
0.484884781657194	1.3639911068221
0.0950146700414526	0.163761368631268
0.0433629934521061	0.0672426307512965
0.0628690425782876	0.0935939641273717
0.197437307885313	0.344665934519163
-0.0845039916083184	0.147259849044965
0.0911248644710902	0.183510492593573
0.0509957778458008	0.0959417993207859
-0.134261192392026	0.222614517160234
-0.579270152915068	0.834613544502369
0.550347464667694	0.701161367670063
0.956253636807623	1.75812519216147
-0.557558438318454	1.25656770438415
0.501020438266518	1.13120177571153
0.341637743920133	0.42627386404833
0.234949304399186	0.36051741556483
0.469388040351229	0.80119009624872
0.1508422964288	0.198297391089367
0.306245003736638	0.601096223579669
-0.151062220538336	0.200704282651113
0.516693224887539	1.14881978650785
-0.122865776439384	0.125447819830176
-0.522787571666054	1.02266961478118
0.209243989210566	0.326714604938105
-0.215856140029428	0.250716274644717
0.467456629778148	0.809967608459287
0.169744253887439	0.213620096239509
0.561099096764582	1.02828530525471
0.57421402369301	1.2222912944642
0.552755840283485	1.23712633526435
0.00737540982278349	0.00809691806548634
0.331981402426623	0.474623813801664
0.254204953082436	0.266341526970653
0.252038258182066	0.257124839256926
0.0660130794736896	0.0521237958998892
-0.251564542220069	0.259257352992268
0.735187190220398	0.95669165270762
0.36766940209378	0.522026797457127
0.365060297995737	0.406607629716832
-0.0136326576496381	0.0167661117927497
-0.228557340153642	0.413236458067108
-0.0133194634067512	0.0171676858247331
-0.202893310177092	0.374765558286909
-0.476149407943259	0.794855411188111
-0.166913805114049	0.209341737290857
-0.154936318054573	0.20778484838335
0.245183922308907	0.289119259552895
-0.414139932409115	0.588039018662042
0.41221283412861	0.630962026927492
0.0397005952040679	0.0381095664979444
-0.340427685671687	0.510280954204089
0.0739753326293786	0.0852587555156661
0.51374421544858	0.772028943373919
-0.0952897703807028	0.0905806725687952
0.2048677253384	0.225184809436227
0.241751984763826	0.254705514195325
0.149696671940997	0.154971017487329
0.198487040562854	0.23930909861895
-0.364395316297543	0.410860058392357
-0.137825525814408	0.137736622098508
0.600775812721985	0.910025201267728
0.0155624914792409	0.0168385127734891
-0.304315307965625	0.388224746128262
-0.098886855337157	0.103324521071872
-0.503561631083647	0.676554094035467
-0.243129050089503	0.313750734381647
0.327168393445868	0.503950069303513
0.0785970105634852	0.100728134865109
-0.393627070424997	0.535179691658788
-0.216569350898518	0.27483948870039
-0.0315130469735914	0.0336722638138167
0.15756328467667	0.198429589428586
-0.0107716685975213	0.01024955484326
0.361445029394656	0.415997606540794
-0.409364090586295	0.545775035277193
-0.403450704210321	0.446174047714938
0.113181073323994	0.117691108142581
0.325814029436652	0.426781123238035
0.511500821175086	0.955242546110281
0.187056024588458	0.201050625082686
0.285632903732669	0.403909219005882
0.458111947249387	0.824534075073806
0.120414027244224	0.161871471401227
0.148651194066601	0.186766836474503
-0.341621393681065	0.484486981834759
-0.502985324204096	0.902841941737846
-0.0427651730188697	0.0561849406345172
-0.536987486813322	1.17021367736706
-0.329290563694788	0.419478405058358
-0.141502001144945	0.133024063773521
-0.142667129851123	0.119949948687074
-0.106278533778185	0.082874178743598
-0.354979896685895	0.375378587575759
-0.156093567835732	0.145571009381537
0.204202794315707	0.186401070956019
0.20272304668694	0.159531770898969
-0.219576878204263	0.189793254848915
0.729564326533426	1.12770120267137
-0.268883826723926	0.255195460434133
-0.0332965454478098	0.0242299936848163
-0.0971538323872686	0.0983249348958707
0.131705445293869	0.100094455419991
-0.160143448504897	0.160302808343845
0.455190259533947	0.516018714842616
0.46644931315815	0.748439448195107
-0.0326434500113421	0.0310508379307182
-0.806184698630423	1.04248349223939
0.844404315119374	1.39703998255212
0.011032700811976	0.00971250266765451
0.138113629225164	0.168036142788994
0.100660476520455	0.103259222871395
0.0995158879547238	0.0938638865757602
-0.409054635274238	0.477232717477354
0.307970551012975	0.249361095824761
-1.14051115002493	1.63822592427621
0.641235226959075	0.829123427214763
0.135465957559611	0.125180258839045
-0.147957378428509	0.136552976082222
0.0875345339627017	0.0815495044528372
-0.195463479249993	0.174343767010884
-0.139932864382715	0.119179991650619
-0.384949390797479	0.427871921334189
-0.405104950006286	0.475335762206413
0.142699110751998	0.126347317498256
0.430232690950629	0.505097547785452
-0.377797637001843	0.469059039639155
0.0661300778553616	0.0534040225665552
0.979321443602557	1.2567921869134
-0.520158536638167	0.845337128685444
0.122258990130372	0.132419155259795
0.157371581949527	0.155164996352449
-0.279381038913948	0.281836993916441
-0.415377451567296	0.37160340170662
-0.753090078005759	0.882352716225765
-0.14380123551708	0.108552480661721
-0.209739142260933	0.14972456281159
0.311698726125172	0.245064431967459
0.739197974632215	0.977220966464949
0.137641914315818	0.113708034810645
0.289506019101356	0.246173857708779
0.494191466687591	0.527414996873158
-0.0723215749226131	0.0499574150849163
0.53292491357958	0.5425367944915
0.0571443101356915	0.0450033040405985
0.238148617911787	0.327505460276343
0.323942784988286	0.459297659464147
0.427399776399451	0.657279732211135
0.51590050079591	0.455136436043803
0.524374254654344	0.532822776015605
0.357183518002201	0.344118671396293
-0.382334818382953	0.318204977008903
-0.229288456336	0.181294187052583
-0.0580282921396714	0.0467597293186037
0.0552880104329876	0.0518293716788924
-0.162753065996675	0.170993698161374
-0.70242564339457	0.905251788135494
0.153453949251479	0.357689073061739
0.221330826462015	0.52662427207727
0.0365026929535013	0.0594320787258076
0.21887223220608	0.560213211476635
-0.0218082083332246	0.0334509611978224
-0.00699639116510473	0.0106797110187409
-0.0334340883274369	0.050656972254416
-0.366143956240386	0.960335119256053
0.0930070376553657	0.154100469335678
0.28866281051735	0.577683772678037
0.424381687727763	0.919791254059572
-0.161910756058179	0.249069812943442
-0.127998712976504	0.18094450016813
-0.698801820133716	1.61283349445372
-0.186674243248503	0.344466427447009
-0.0818871223323711	0.12685155218071
-0.229495032104098	0.394654443241368
0.4388218019326	0.773263071608238
0.135387782028209	0.251789306129151
0.169400605789872	0.31689441082537
0.144034244801034	0.250006913474454
0.0317714651121794	0.0487379017021023
0.173504814599195	0.241396384694011
0.271666002607631	0.370790810525791
0.0499284285895405	0.0504973623831971
-0.0897401828451332	0.0975239374446306
-0.0866576313459784	0.119142571079407
-0.125453133587533	0.190219551674603
0.179238052958664	0.349828808398438
0.403702427490219	0.94184017423401
0.213430173518049	0.300770266904149
0.111395687727677	0.159997448545552
0.0539101677896753	0.0696201482294547
-0.0193816533918014	0.0261823238144256
0.362787534264114	0.774591332097357
-0.201839967323128	0.262982138356768
-0.31184927714223	0.574269227851993
0.08445262115279	0.148739411606482
0.171622563694541	0.345806420015069
-0.089257998162011	0.138376917678652
0.128899545366227	0.216484267190326
-0.037419962920221	0.0499482639894812
0.352882387158372	0.662563735132877
0.309099287030993	0.480574725657434
-0.325382729700759	0.56950314806854
-0.0464866463226127	0.0729010709230864
-0.128709820653419	0.237780495299217
0.0989782627262828	0.201867307610665
-0.29801788978769	0.533998147382354
0.322423487824415	0.562286105801131
0.347760799083634	0.633776497028423
0.0624315158776253	0.0829009441001645
0.771595753241191	2.12156426956269
0.0721955383315362	0.0982138822588519
-0.254961793641761	0.390451028851432
-0.060841025348043	0.0808474534801727
-0.170701254809188	0.263466343705749
-0.141984434225128	0.198676530004365
-0.23273612614686	0.350767663464557
0.267738269172881	0.487840591051541
0.420827614719201	0.833649705170769
-0.634528140689126	1.54711472476124
0.408792330816464	0.694256366093822
-0.00350259107484629	0.00384796496417829
0.184107534793732	0.263091639861386
0.187408987934241	0.264234233660956
0.568223164768228	1.18415377410647
0.237364850012406	0.395150401918076
-0.273365213657099	0.430911799360929
0.347752403741317	0.666305045581263
-0.0411184484209573	0.0520619378469491
0.22533552424134	0.332902105596874
0.214550704640693	0.299270127211002
0.19441469904739	0.207624916394009
0.357329788781863	0.51705070980848
-0.548970958321505	1.03992495377057
0.237157013208548	0.35701580077515
0.185077135235659	0.271607091073919
0.250625440335795	0.398549678740103
0.102894560151842	0.123185705172597
0.10815704233597	0.125931047390867
0.131767630608944	0.160535484158457
0.158394908844036	0.24144277635044
0.13156326098691	0.236266240186108
0.238509394046995	0.424371148912016
0.0639228393866746	0.0914563989994482
0.198147223021941	0.295757077257781
-0.111625630631612	0.165872086106259
0.709372778497626	1.96885676821606
-0.107017468151812	0.156618425997475
-0.0480430365999999	0.0704755613472596
0.286259080060144	0.259208536274568
0.0307821457524408	0.0207259291710247
0.552290088433487	0.639220099568088
0.673067152092514	0.675540306285217
0.113230430695901	0.0805798172661471
-1.26635243481229	1.72156146132787
-0.0947246665610374	0.084368655483278
0.160293471741109	0.170508900502421
0.479583271719845	0.522422702553916
-0.504638791731206	0.78097267525574
0.0823436719949328	0.102860941217957
0.331073573883975	0.479259194685174
0.407427440528161	0.503450239802155
0.263355574420589	0.260864050466814
-0.29688272788688	0.293848509417261
0.0603915873860393	0.0477383098045986
-0.0092111792462175	0.00868879645466133
0.0000954485472618761	0.000179057111769997
-0.251837776496759	0.414876812584519
0.142498503170056	0.174535585265085
-0.303038887765121	0.42032981314053
0.0132188671820018	0.0135422313961247
0.215313562639364	0.283180296113975
-0.0803546817394988	0.0954552088297604
0.489079524266619	1.01667006102435
0.234189444443892	0.335767658295787
0.396855219542252	0.41031325075423
0.879833508262017	1.24928565652966
0.19582962528113	0.258828534225037
0.422469844714597	0.727794406457251
0.167614519180419	0.240774314084638
0.24066317246658	0.356055327042741
0.359409353348731	0.652024381591743
0.0658487248409615	0.0742571450174653
-0.108873341501941	0.119024716897128
-0.373164198028659	0.610432345079971
-0.664390955360158	0.69826412322916
-0.267903755258523	0.225925085710815
0.115045503686115	0.0781870598500813
0.202172800931972	0.161048744970537
-0.0433725713331896	0.0308320353234067
-0.0248839611117293	0.0145807404836948
0.972160695914854	0.949469577967866
-0.0608708092450005	0.0428649572182144
0.440157851062382	0.351449853559529
0.103584621390621	0.070468372931291
-0.86553113708822	0.946650932376289
-0.436704304142694	0.478916480579597
0.120415159371754	0.0941222832988548
0.620135107825322	0.659354069815621
-0.869273878310315	0.825709342763786
-0.200692387986799	0.181609138304206
0.212575964134127	0.180119553165074
-0.119126458939531	0.10206285154652
-0.218143605576163	0.281863107181621
0.230635504044303	0.371841198034006
-0.592406901251478	0.913551216496382
-0.803108164055621	1.03923845747974
0.218688065947652	0.163242844991702
0.214213369659889	0.159905952057427
0.347354241014109	0.240910070574404
0.299879105721354	0.242273012409308
-0.552821242529885	0.470705044148111
1.53964632515686	1.82097426472031
0.69736260228247	1.10996175051378
-0.0590499165093173	0.0580406656861402
0.157459178392038	0.180872361242835
-0.0337010575019125	0.0313913559443376
-0.211278126018218	0.234280367563501
-0.25424434336477	0.272976352660236
0.401254993827366	0.59812903275349
-0.227999230350083	0.255421166182749
0.147232855790345	0.139601937566129
-0.0820257363084052	0.0787356819432745
0.201430474094663	0.243216184971112
-0.228679543076077	0.312475361590561
-0.759115583572713	1.03638174204493
-0.328395094658949	0.346098303497162
-0.772384452110245	0.617058424914199
-0.881476052164028	0.763019703016666
0.0794421689846716	0.0420985849078333
-0.275936322325308	0.150612288932945
0.225822986972564	0.134626682368795
-0.113273744474711	0.0548880460687008
0.212348331740038	0.147305012014642
0.567128036569788	0.471479189903403
1.04590119150167	0.97018819571709
0.674070197188552	0.604198984138275
0.347691923307316	0.243991869073762
-1.33660193760107	1.22272667068466
-1.54933252433875	1.07608425080668
0.601757490399234	0.47837096290911
0.222083149164261	0.140072725734681
0.267912564810917	0.402483863126861
0.367424516811111	0.53660236264417
0.51755927540035	0.675287038927735
0.201900009718016	0.183865776790839
-0.123510238389653	0.0945620817167992
-0.233702817930806	0.267953078784243
0.901030411036716	1.18835154803133
0.275545464224322	0.248575988982919
-0.845277465872925	1.02209428000106
-0.211551394171095	0.186941459226176
-0.150661149855692	0.126543803233683
-0.0508136641121993	0.0406761308868031
0.565641982810596	0.708928866948367
0.403285623668961	1.27510892542181
-0.0153125659671503	0.0251931958358476
0.17795606306331	0.415779348203258
0.187426487454958	0.35148073315527
0.0232760742404226	0.0373578518105027
0.272231113630629	0.518988234220996
0.219832264207096	0.366072584392785
0.504626514224109	1.02304790371598
0.299880197133541	0.539505051046002
0.359654398389204	0.681868780899275
0.421900482592455	0.776886594872991
-0.117666865299083	0.18436183093565
0.30983591641811	0.578627900774084
0.0735275229401026	0.102557697085293
-0.402624619768437	0.793799610731318
0.616595886074141	1.37907481192705
0.106803571148061	0.159355705292645
0.796234392104745	1.77642380555396
0.14241843603436	0.185588498925087
0.0995742756809161	0.116257343439893
0.25269097784945	0.407276577919086
0.03788652003998	0.0564314385138109
0.0653667129594551	0.104977047227662
0.00864335873865566	0.0114729340914702
0.398785224798967	0.720955971684722
0.117531601227867	0.175177178720924
0.387113522153977	0.796868022427571
0.0799094348041499	0.103177376059576
0.44107821130225	0.652655130739621
0.00423620454678115	0.00556089137901612
-0.512946055852422	1.37343855174931
-0.0998635732638362	0.156242178642043
-0.405833146146844	0.882920124985065
-0.101826591546954	0.163428108824688
-0.0738775057287978	0.0988765055440298
-0.0889054586596699	0.115562831235242
0.11691032472905	0.160956949650587
0.361279310151424	0.724306698373362
-0.107520345605253	0.18330698005252
0.329112243745003	0.775437972687108
-0.197020699241915	0.408557893433914
-0.260757885367623	0.36559543158911
0.0336269199612752	0.0349905394177642
0.5118165647574	0.924026483507192
-0.0291301939343205	0.0356096682645903
-0.0557147887363803	0.0672016750745136
-0.28796580575406	0.415955987602439
0.312009043642318	0.474114070684733
-0.148573224227517	0.186991769113008
0.179954155187258	0.233291664964965
0.363330585304263	0.668483782569146
0.223401401045816	0.338698597309867
-0.257703316894474	0.393835922278824
-0.99265545244791	2.37170695098974
-0.088121917981347	0.102195806153644
0.087187502456837	0.108340797781165
-0.338567115438408	0.474710134274002
-0.564820340457149	1.02749561235466
0.432517380118704	0.660739355983058
0.233333572396591	0.315376972801412
0.273705350649705	0.413972385750165
0.426472139766179	0.755685878745894
0.42109760445026	0.841404431070862
0.1444779284608	0.143094516684942
-0.0269913831154971	0.0247879922490413
-0.100391950319961	0.0943037416123387
0.0986032007551587	0.0885544762565923
0.273342084043007	0.382586752768393
0.128220292770789	0.153495582823717
0.419293907553913	0.747839268765008
0.171536548247139	0.217818039811827
-0.396813482081053	0.781692397653446
0.481776947846302	0.981871219224648
0.76981222979656	1.46667228718961
0.0386189610611307	0.0470500359683019
-0.189727349021119	0.268809297843744
-0.19295011793206	0.26759658036346
-0.0772692703551952	0.100120271199242
0.494455356427984	0.6057252985762
0.453030871625978	0.532902308252217
0.20840651009037	0.204282844310941
0.0355131078220876	0.0300138181498955
0.049104442525831	0.0444826195679551
0.123640320957878	0.0995696800024728
0.0886539730610584	0.0745777084320363
0.393392905854727	0.511566386430788
0.190815597438453	0.199575119210083
0.327413327402759	0.346276869927968
0.445327433165788	0.584118300277402
0.0442252701130405	0.045960144303561
0.085726969232416	0.0884750846844647
-0.163531101879557	0.174149820125021
0.533976981381381	0.764965238179259
-0.438483609130428	0.563252471071851
-0.392073096694378	0.42653127931021
-0.0210804554904277	0.0180671533961172
-0.147053887533972	0.146068312318267
-0.0498502096030839	0.0564346624449026
0.237541223801529	0.376041940175606
-0.0698539830452939	0.0738757784959056
0.129007831632397	0.14865128800933
-0.237179479928694	0.303566450956103
0.144901322347471	0.185696407542699
0.553292189935339	0.982188628148453
0.128763973617485	0.134135515348188
0.211804866229445	0.192816214553196
0.342071196638811	0.503634767541932
0.0838953751308871	0.0879990295437819
-0.0110921689461546	0.0113104022953739
0.201606991761703	0.273940023295795
0.747790984181235	1.42146062359534
0.219727349328825	0.273288862520606
-0.31122853856202	0.265917997115676
-0.0771534009316959	0.0530218309485289
-0.198943723702209	0.140317147973857
-0.375958757658772	0.339216306354856
-0.778101204039712	0.688146968125529
-0.174681594151927	0.145650205051561
-0.503347611982868	0.437161082858078
0.146673776991455	0.134453041849671
0.049261865075235	0.0343949694629922
-0.172320562722321	0.143330105340448
-0.540675361724104	0.585907211361025
-0.0878312531425461	0.0779718335924599
-0.0746937132885459	0.0597146831476123
0.556450563977336	0.628043236006772
-0.858426532795601	0.994614439948518
0.428798363274656	0.512178408515928
0.122795650154435	0.103338927859371
-0.109418503503397	0.0833072091067077
0.345380478253088	0.436231672430058
-0.403869639853466	0.57608934382827
0.364850940709945	0.429841285610832
0.665699399889884	0.917703785392215
0.120913291198671	0.0940110218475269
0.0196491793148403	0.0127943899332522
0.388178969468463	0.337987020051196
-0.375063836056916	0.277161673712287
0.207433657157743	0.181995115462575
0.168091931887592	0.19393775532222
0.106045034217528	0.105289786804916
-0.0791025091299193	0.0757316057447768
0.00717587151691555	0.00658536055602277
-0.169335579948562	0.178811798610745
-0.255079242559157	0.262791531102963
-0.0887540876853992	0.0833581496819419
-0.25664579304295	0.260166377446002
-0.406938080406608	0.45102799097735
-0.028763793126383	0.0212072258683275
-0.0435026738756681	0.039233852581383
0.0930103814793219	0.0995766185499103
-0.386466946017814	0.431524115601452
-0.510755763824619	0.624235403743776
-0.715554907532786	0.698475315701781
-0.230714082556221	0.132540582110957
-0.1088534629611	0.0718053310506064
0.120119879226955	0.087645720153343
-0.864910811788063	0.815743688698871
0.322476416927221	0.244703216823765
-0.167602114311999	0.104643453681203
-0.136478128046153	0.0880886424277465
0.301370015424233	0.244895079513325
-0.0158958552027354	0.00946943202939528
0.196186571414979	0.154508418552645
0.459137944783316	0.350398500105129
0.303414267684311	0.246827212144476
0.337746685223796	0.233677549275268
-0.784564277521407	0.753439900147425
0.717358620490624	0.628178466862637
-0.0264630191452952	0.015564917846422
1.01856184069768	1.1789966644697
0.233137976277326	0.302461028814447
-0.111013744824982	0.105651793280374
0.797644881474689	1.18983753520279
0.393089399836295	0.430034937728539
0.303208567368618	0.246634364005416
0.539267590626633	0.462154699818469
0.279863681657625	0.253456690390419
0.00528260579287046	0.00324489063801979
0.124101987840091	0.104408827640033
-0.0674433572176465	0.0542458357211763
0.132553162249029	0.124853350766006
0.515268826354204	0.615993063055098
-0.439640807993689	0.479690263491407
-0.754113223969907	1.02722248430879
0.0347121541079673	0.0285733001304258
-0.435409107475029	0.445189670816747
0.761272474776734	0.989888822535554
0.647716613710086	1.8941319148974
-0.00342509224791109	0.00643508687324763
-0.0885306964210011	0.175252197952649
0.526625429232595	1.69885422847762
0.254455156310682	0.712574262952138
0.19625810829921	0.541411356087409
0.210644898910954	0.260188829450944
0.00808616115402479	0.00800865571703241
0.378007166168217	0.65079891567808
0.296208810954897	0.576498077203228
0.173788854127071	0.216863033256805
0.218031185561196	0.364823757140449
-0.0213541413114779	0.0305146807474581
-0.110544324857097	0.193337005334559
0.337822881810803	0.733493606242974
0.164512521751892	0.324443343298086
0.00249212566185769	0.0030823875342315
-0.100143298879865	0.172161138397613
-0.154613964438347	0.24523497844721
0.0303456285819722	0.0490842449767101
0.119665285663586	0.19776119399956
0.107657662153926	0.111486049971743
0.620890094282096	1.25102865983399
0.321955459818143	0.427021448193552
0.485033743924188	1.02340640685072
-0.304166013602901	0.40477808804623
0.140914883502256	0.136764628591946
0.260694134756269	0.480456226608193
-0.258045154700683	0.533302027654711
0.0624056652252931	0.095259010764473
0.124454723888922	0.225111805035533
0.111051674366948	0.19736421678838
0.274711440896769	0.640638405125637
-0.071023102678607	0.137736669885243
-0.037458922107818	0.0682449768836378
-0.369856436512787	0.630840482519535
-1.6175057364443	2.31389961873906
0.208433187937547	0.165591762879838
0.528788100610011	0.54094567718576
0.364435312483414	0.651957501066037
-0.25730902211784	0.387278122468651
0.548393843247216	0.540720609289383
-0.0163463639337406	0.0167595209351306
-0.226114981259983	0.194895828743366
0.540567342390326	0.972299573397424
0.254986108310958	0.3312999827114
0.230940450945645	0.290735787938399
-0.104668232875233	0.128854512513774
-0.519877379798703	0.404082133662294
0.199784140795744	0.234173060743012
-0.232220509233845	0.30979095830802
-0.351945750282345	0.369762592301654
-0.217946171050319	0.26050808384719
0.510338915816672	0.694997193442068
0.501880787965761	0.607423691667083
-0.276268845655612	0.337056786355122
-0.173565143415486	0.22995210759031
0.154773593373919	0.16418780563641
-0.0979420629955456	0.100314707328194
0.0127050885767589	0.00824136496573953
-0.616420423695951	0.517857304922077
0.255631568880429	0.13292017991812
0.379521958973242	0.340049988986104
0.487570555069296	1.29763834192998
0.232034211044442	0.447126311925022
0.195258715772721	0.349241888460594
-0.209136306294727	0.38262424571326
0.86175488598177	1.16271198217102
0.550097666526399	0.552176553315972
-0.0293853915624593	0.0240927005401193
-0.0247215822931131	0.017954113554653
0.47695356516115	0.73564951466199
0.265952818976945	0.36369773638756
0.19316119344907	0.208876264925341
0.210606004936328	0.256976243095262
0.290348750997956	0.363699701590734
-0.205576770283988	0.230114360253357
-0.000425623538513479	0.000356773699296528
-0.287284271487264	0.409563010946929
0.0314577122558941	0.0357600843292937
0.144848165661839	0.151701878951546
0.117960353090072	0.124203642150821
1.08777236370036	1.80612249733051
0.678248498129068	1.01532515704285
0.548613723429187	0.941409294349231
-0.0793897978684403	0.0940932356870013
1.0309414293095	2.26924353716303
-0.142384591809755	0.191638488517119
0.364166350591982	0.640417097994881
-0.104596802149888	0.135978904118004
0.405012337384473	0.408906830940023
-0.00673562457065439	0.00575154827725869
-0.21099137062704	0.212513390458285
0.308517262269232	0.406808304358068
0.728043968885479	0.883412615309003
0.692742461368745	0.708138308452094
0.19098901232707	0.210288155477749
0.638423994932976	0.997398249494245
0.253551857360166	0.266262393039048
0.192559179398283	0.24005589935022
-0.25198335790495	0.30364221091106
0.0489324277838488	0.0444226821688352
0.210463754804768	0.220299535144387
-0.361047773896208	0.400119485513495
0.316547676077842	0.339943892251856
-0.438949659180188	0.512676650616212
-0.18055685247967	0.164229944024616
0.151274015255618	0.142422147183236
-1.0462474192953	1.5671565639508
0.0786015462602213	0.0674662192961105
0.449942663176299	0.521570004416945
-0.0764988515727244	0.0743245345466049
0.0686051159660819	0.0557604187904384
-0.369277284406788	0.366937076132349
-0.444526089566721	0.604051380610565
-0.29845375258908	0.279341810126031
0.0493040862407966	0.0538114267202191
0.361979533029291	0.424914470897296
-0.534418677802468	0.642618061063879
-0.452315016147464	0.399766482414845
-0.504677503776265	0.439320113102986
0.0587144941666672	0.0627879465904974
-0.466459659391544	0.7160486049048
-0.222015542970179	0.24484965767503
-0.808821730831967	1.0983205037984
0.363842879899583	0.428663041396462
-0.494093120453269	0.652135687173841
0.063698004068069	0.0605841383734352
-0.100284133205449	0.0954774193375347
0.214535473418034	0.246275276442133
-0.158739024548028	0.203814598365897
-0.0378129936842453	0.0317361059177334
0.123735560573576	0.0846349181162492
1.42282921978019	1.71157060217428
-0.0411698358410892	0.0293514152711801
0.206241993664121	0.231254088173202
0.899732495050103	1.17707443543496
-0.30004721686875	0.231369464432282
0.11923089010059	0.0904854537851508
0.12003971960471	0.0879778375319
-0.291187530229591	0.224330719818157
-0.268145774282849	0.181104282768638
-0.321478752118395	0.297656799677678
-0.0221478881965558	0.018912362892411
-0.206575176035683	0.198791372039538
0.077103639790233	0.0665956735278038
-0.0485246084914961	0.0274857859178742
0.00465164278330661	0.00347069767295206
0.333580845087426	0.34575164082948
0.980947904458381	1.26018464634048
0.330469719980667	0.331352207563063
0.0151518136554871	0.0139467744540677
0.13122944597094	0.111435348052831
0.402324155577027	0.505421840529989
0.274456670637242	0.260986940252093
0.309663610486016	0.33622775603301
0.265694044859906	0.250716701858622
-0.130383503446215	0.110165042673287
-0.162080887355059	0.14778137330573
0.560566628485191	0.697478762034162
-0.353695818956482	0.294153247077549
0.20526474461732	0.191947149699359
0.428049034603503	0.496575124898651
0.376217446356935	0.232913392480022
0.105979984399533	0.0690406424107949
0.420568365504266	0.247180528524666
0.783690312154668	0.991492762301634
0.709198278186474	0.61832794358678
0.109790069822595	0.0754916557063846
0.352065794526836	0.245412250281308
0.0188838628915308	0.012190067276954
0.273131490084097	0.129485994094099
0.617294967403163	0.278345231473078
0.320934732296339	0.139094817121576
-1.05097086145461	1.032959744698
-0.163199920788858	0.161198247299328
0.675256115335979	0.608188390449135
-0.0303960746745136	0.0303960550367323
-0.637918700922149	1.08210447564497
-0.379185727272572	0.396408345626984
-0.117361517293443	0.0999579311244367
0.0807845629637569	0.0688373953309653
-0.653299602536912	0.644982406371837
0.0625354384343383	0.0283239552560393
0.206399633226355	0.154453343355495
0.0679532085813264	0.0306970195614157
0.374121388329154	0.616029055935122
0.332973602045093	0.710592196380554
0.244592876034693	0.785527882287949
-0.103786175929937	0.212708826993105
-0.0978007413991727	0.174726023865831
0.168875658942466	0.409177326973726
0.056602613738441	0.130108909134315
0.417875719057087	0.878670139897275
0.165468389073714	0.292897658875412
0.301714238223875	0.680486024733149
0.597524582989618	1.81985360393931
0.101471236061917	0.192801596929673
0.0751026543873806	0.127920524798889
0.247222384416273	0.552790877065909
0.103663024973197	0.179900389897612
0.0122370683670967	0.0192816071568297
0.234334198582982	0.465463037216726
0.260997965061259	0.389072342730483
0.261210255896358	0.355410068567995
0.18020563882988	0.228516008015342
-0.105859888793636	0.162683094791605
0.351338691071197	0.532213436981291
-0.195964302319647	0.20757492944861
0.0448556384294463	0.0668495067224833
-0.128868113927437	0.229612281317802
0.0774564955387903	0.124088951104529
0.317357572891827	0.811703855555873
-0.125207869919147	0.2169685590454
-0.0295854366690467	0.0493102606391084
-0.110602932505472	0.214538152107552
0.209083827131302	0.489513829772188
-0.120070130658903	0.150671914047684
-0.421549755402947	0.406757044028417
0.608051840976844	0.488355374442519
0.202334182718481	0.170609822421833
-0.0472992326904487	0.0512022643798577
-0.409598219455002	0.756167987193075
0.208278556292325	0.155220272434158
0.361298098641982	0.440181112710461
0.693630851018772	0.776076199967835
-0.118200682494856	0.132713106891696
0.0620177411542613	0.0761669808486446
0.482622384356295	0.688889252547513
-0.645923311894257	1.25385508490047
-1.20338018324415	1.52344750557829
-0.629965172170142	0.951088522475893
0.122277867389699	0.131641449562283
-0.0854937392931586	0.0672676399778219
0.197211163849127	0.221649210173099
-0.0013423101023751	0.0011738901691109
1.0229005833349	1.27667404521179
0.506315694726502	0.614629322174081
-0.279216609785631	0.339958040923087
0.0682990075831721	0.0805844336377457
-0.0807039803673597	0.0913719185799735
0.196236152176726	0.2203435742114
-0.417314849006151	0.300834897575217
1.05083180948796	0.979141625444855
0.710304607262289	0.609481130332623
0.384220755210003	0.331991587149308
0.0345245424630167	0.0491680280015625
0.084296327887565	0.141621722168562
0.0394058490449399	0.0559878494759742
0.683358757846831	0.781801970973947
0.871675853061715	1.07276166009001
0.386009542351603	0.430268674564751
0.234714401985635	0.328934518308351
0.157587399381798	0.206777012948112
0.126891929039822	0.151185347846253
0.339017599111425	0.437399697507629
-0.0430323036680524	0.0433111238335964
0.0579063257661938	0.0673500448126941
-0.516424067831131	0.92917839502351
0.68193814087912	1.01300603811743
0.184312127050602	0.190531428744134
0.658154879479596	0.927316375278675
-0.521584257817717	0.665082756012108
0.233535618843774	0.334731552019489
0.236591318052154	0.344600495263523
-0.166862045728461	0.186333756823393
0.178317065627284	0.256773489734182
-0.121629823260643	0.165731465854751
0.0334264514828474	0.0391672598046075
0.205642959736242	0.213986041355435
0.026579724312552	0.026919758624544
-0.0280475056718348	0.0237073047405505
0.696303227207724	1.10609340866508
0.48372559926651	0.688837169106531
0.411896990003185	0.50914013512755
0.0701572575469107	0.0949586913680345
0.236855303594463	0.379377013153212
-0.449960226466848	0.584301251260811
0.000526779447633465	0.000470788906922482
-0.222401420436332	0.23263233282839
0.514604275696092	0.757512987492593
0.184369032831692	0.214178543368813
0.302093425925348	0.346545029995069
-0.576164852620068	0.919021910980372
0.208431131628936	0.19408166979867
-0.0821966425185949	0.0719318365557115
-0.503992897488648	0.695732929828778
-0.103377617908789	0.097860739584183
0.421132854767269	0.520463401446442
-0.403695753964674	0.497789226129966
0.307553675606884	0.353804337473858
0.0648440919357954	0.0618030314542593
-0.124931667124025	0.127523715635096
-0.308928643660231	0.408096672630924
-0.399911500370274	0.546513413624168
-0.119189662674382	0.0913236813949949
-0.312594044451675	0.267205326145449
-0.578626625920516	0.539338652539829
-0.34419467384804	0.507096761300471
-0.291863875253691	0.388941021689589
-0.158168124532032	0.188868260451357
-0.214312629881335	0.207027499231233
0.351151497325217	0.435636171657143
-0.281663095086102	0.34286383297824
0.600127646368186	1.04325317322556
0.0941761462778458	0.103757248854238
-0.0299628041687648	0.0327396384747346
0.162204872120579	0.163384418934384
0.536877065192473	0.985688304936679
0.833459887929137	1.12853990954692
-0.235085168185777	0.136540147224245
-0.196072039775949	0.117513436856901
-0.0487270788796197	0.0386093177819852
-0.065892381415477	0.0521800379799946
0.0943215334436053	0.0841518175921566
0.0482422289089863	0.0360306687470944
0.564273339595465	0.372033858924583
0.517639829994133	0.677452989322482
-0.292387303258339	0.294404182570907
-1.34055124442043	1.24059204278902
0.101967272521364	0.0688395950017761
-0.568055569816522	0.601875967047055
-0.527734330817811	0.798390747499112
-0.603992267771	0.945344283934295
-0.762986609102572	1.1327249783315
0.338273398175215	0.342540257700279
-0.0181623415382097	0.0133973888781647
0.0618090568017703	0.059665331125898
-0.485844719927859	0.615989017864041
-0.782952010269005	1.08924991493373
-0.479293431465717	0.642471237375088
-0.589731724018162	0.855992087216358
-0.303556097377681	0.348002314836834
-0.276720574028041	0.27822031714724
-0.404251788970107	0.445985590483005
0.418422417632132	0.508305567998137
0.46717145352849	0.516769486053311
0.490846242512231	0.593004780300601
0.904394944458856	1.52723402815782
0.468121314574225	0.578189592860278
0.203435034231181	0.198445344929606
0.0530279797345395	0.0481737865716873
0.418115217536641	0.500222587354637
0.494244141576444	0.596699266745763
0.0191070499748361	0.0157156002138762
0.619057806786092	0.279661972340535
0.662145110080539	0.589286021496327
0.345724262487496	0.240736267108341
0.46135753444037	0.24826777041223
1.38348655824757	1.25832183541756
-0.299827906263218	0.338027473033181
0.127940570879277	0.103212605214555
0.0384939440025829	0.0270237782411484
-0.952563266222403	0.957391028209229
1.05469930476972	0.988688122616736
0.325773993071345	0.248382194969074
0.525526559584382	0.260502409946486
1.72011736206585	0.913077996627033
0.458571973612768	0.247566863957408
1.15127595760707	1.03619029686752
0.420738800336917	0.347011678315652
0.22637508221912	0.12430997408602
-0.613930479589234	0.994290795594686
-0.0481158578077772	0.0485999540430154
-0.527486010307246	0.610110626301832
-0.344624909602408	0.288707142884766
-0.238520135223137	0.167879799338807
-0.26790796347489	0.273517511575079
0.782286885469504	1.0704209014201
-0.306148189451512	0.258345979897545
-0.357295055879368	0.22732273376709
-0.15596178707219	0.113659129573293
0.32248749867368	0.245233609516766
0.0264067857575906	0.017753059429254
0.572649654879434	0.47957027572589
0.132259786170945	0.107028774980656
0.160388859209191	0.318611146580518
0.244696408260435	0.554042447195941
0.059533922559488	0.125705727899051
-0.0960849130025525	0.189814682601267
-0.0780473968717494	0.148633315278377
-0.0476632521465294	0.0895395433015913
0.679029815979629	1.66436597075095
0.340003315107767	0.739976311236756
0.260629024059195	0.57012090738541
0.353563726247498	0.837899308009918
0.146191065610844	0.272111086563998
-0.227503335597321	0.446465299445831
0.0216374045430897	0.031410271716953
0.434782249908352	1.03694180263823
0.0211108277831705	0.0338773143763013
-0.014074717011121	0.0198181093135073
0.476599583044895	0.792532361870904
-0.0905576174898202	0.0943111901106708
-0.389091291272705	0.735022698580196
0.181735986877593	0.288580964761865
-0.346391180286191	0.616586152151794
-0.150743684166467	0.240175040333169
-0.0393165467696097	0.0533814184121412
0.187604007449733	0.339989183836079
-0.0671787455400588	0.106358742501932
-0.414134656221468	0.991478357947295
0.0347624111978299	0.0517938077540237
0.0350957145344693	0.0569091534962108
-0.241970051475894	0.508105495627101
0.0788783484057245	0.1134974281598
-0.216001246350729	0.28775246065564
-0.217539905023788	0.245026613299974
-0.463603497584801	0.753264580148558
-0.232867958417408	0.32384421756791
-0.562953412939072	1.00784440448739
0.103925807879821	0.115441906827881
-0.00120442069140424	0.00138304455538431
0.316972236599359	0.347849350793351
0.0452239062793949	0.0511194089132492
0.166454296443666	0.233543750538104
-0.318218155715321	0.485577931181772
0.162030224710722	0.211217692461421
-0.225887096322047	0.272744244533352
0.199858681592548	0.218877086897048
-0.176265203985446	0.182861158685623
-0.371800631223925	0.48821724995643
-0.456110101785923	0.617817824388397
0.175746026060174	0.213434091335677
-0.90418626743073	1.71923660856333
0.481758704217752	0.673733642765243
-0.229580843096078	0.261240449805052
-0.203479253903654	0.24885095998593
-0.0381334017800818	0.0398035043146845
-0.0977165490934814	0.120710540525678
0.111998665895302	0.109500476887198
-0.271126305927131	0.324851677429406
0.660815761473464	0.725251365284338
0.0443372037509207	0.0393788148624945
0.240732729912387	0.260587743602615
0.373100838269716	0.777102105363839
0.107514633686534	0.170449625256486
0.376655195734716	0.509680009462528
0.375885089637799	0.553463780712982
-0.752676542397964	1.25641274766646
-0.0771623082070342	0.091250171414511
0.343700407590541	0.491751741066952
-0.202883714016214	0.253564434667857
0.146877683196431	0.143520381567436
0.203781964668527	0.228508823555418
0.120859100323338	0.128613708728164
0.497783573940742	0.699199213243353
0.5420161940284	0.908524000654492
-0.139424776661112	0.166178273689482
-0.418023360021859	0.76177811433974
0.0200393242095165	0.0227570886364737
-0.0688493083294126	0.0852020425069237
-0.325767670461222	0.40466912873267
-0.038918031829463	0.0393473268767908
-0.0486498165164565	0.0440774996530982
0.0190929651106636	0.0208691802159778
0.568527636705639	0.709173319372054
0.11451850914474	0.119330080554795
0.141304635999315	0.208143551391045
-0.161208459316887	0.191524403086003
-0.214028982376703	0.252267209719923
-0.904555243702812	1.58618109851678
-0.17534094339656	0.169726727624917
0.153240862837345	0.150713762681233
0.207814456857371	0.216927615970208
0.0434787406025892	0.037357365125965
-0.0376760398345948	0.0308626909066149
-0.167933394515683	0.161536619598605
0.528072251600171	0.673269571037105
0.324017397985755	0.438216122990508
-0.232986625741506	0.241999500658106
-0.249206392708295	0.255964397692359
-0.534228974671926	0.638485401171579
0.537087103244056	0.697247738473195
1.06875186531278	1.70749565469197
-0.649286562203852	0.997666389930493
-0.0115872515967185	0.0119429421769234
-0.0908061202664015	0.0724245430057285
-0.0594663454187487	0.0542527772071715
0.249816954259975	0.272974250679755
0.320663979684112	0.366139210649436
-0.0863970321231668	0.0764462101056086
-0.395021821777921	0.533636482762719
0.431956078637306	0.596004499095501
-0.144989537680709	0.143281930118255
0.449954304429267	0.576441813819147
0.0719701512042045	0.0682178925085918
-0.0390926379143368	0.0366239361928217
-0.13188444520759	0.141322546240398
0.542651077088095	0.933389568819246
0.508651856325571	0.743860639194312
0.0766557372379025	0.0643354737416366
0.259189438881661	0.273318468095817
0.0370088252813603	0.0312791737627186
-0.144478510122265	0.135050125856942
0.55728188141336	0.709141455793707
0.550605938392607	0.61837990849015
-0.41318427867136	0.430337707169047
-0.444010982672467	0.541558114662236
0.0568563991239633	0.045183513813456
0.0520639965843629	0.0397222507191342
0.191128956431764	0.162476516947427
-0.796650119334041	1.21447818674109
-0.394911154066126	0.531534794123383
-0.281817148341923	0.307242969759262
0.205529623322301	0.196400988537331
-0.527284379845763	0.567091937095578
0.0770517509542288	0.0678967259956015
-0.329440596180381	0.347731358944877
0.61138487109348	0.947443461958835
-0.65662534477593	0.81520145074552
-0.034348237158298	0.0291362703540751
-0.490554770324258	0.566194593077663
-0.715764578606677	0.971179933395465
-0.444529732090783	0.488152030855189
0.942263654780354	1.46761175527311
0.402124957072204	0.501704530196986
0.35615246610062	0.333746431241143
-0.519139964103942	0.591719622446782
0.456822349411449	0.510982084828562
0.29125544263898	0.25583885069408
0.136429072309827	0.115230706076895
0.380922310467558	0.408767335818347
0.763369796483766	0.990603945387484
0.198589294400123	0.184567888809601
0.282104434496558	0.239726915834763
0.202257583419267	0.208360169779448
0.0569412979539628	0.05377159656948
0.0694681180250345	0.0685835839580885
0.0689204570860713	0.0658525529561217
0.437939960494839	0.567535714207856
0.641228779141436	0.487663224671928
-0.333134394240472	0.251618292835962
0.270813409666808	0.243765580761788
-0.799585837817726	0.756187494175068
0.213243941744528	0.160218121111359
0.514670232540851	0.532570396413665
-0.351577037349596	0.322283706144062
-0.277266225351253	0.188693204377242
-1.27761668658809	1.30368330984269
-1.42499238825348	2.14309473665739
0.112785211926574	0.0797599223765947
0.119018956840268	0.0840471574232764
0.202320016412894	0.165510464288338
-1.02701113803597	1.59565763201677
0.255076332376696	0.263097287131964
0.254496571669004	0.286152434072409
0.0351282939531379	0.0254025437513492
-0.0318471855716908	0.0226017155933558
0.511563263779187	0.452997500711951
-0.521120203209361	0.52959744078597
-0.0236230958783499	0.0175621335218903
0.211759273286564	0.172811978577378
-0.257487787192518	0.200703363125912
0.0468946706784356	0.0339779920535327
-0.291133245200913	0.224436866982146
0.0757627713411127	0.0424498893159771
-0.166841690040213	0.137108187483593
0.126286821403836	0.103830678895761
0.369621881646909	0.336974767736596
-0.668263550786022	0.698909566363449
0.424521852050381	0.346920643192942
0.169123583905181	0.381628554943775
0.265712508877762	0.86447574306565
0.142533354311882	0.327926751456257
0.180806746351153	0.465268815206288
-0.121543727903707	0.265719352588754
0.28606007235483	0.53637859623513
0.498822993497412	1.10008355523839
0.403744717209899	0.884370492674656
0.430436074947178	0.808301706708191
0.116680196582624	0.211312387534439
-0.121747675758743	0.207750795065781
0.181836821981544	0.329890226472468
0.09710902747701	0.154321463763094
0.175353901148395	0.309116762473987
0.186041649127614	0.315982081396568
0.211969052466204	0.303234327070118
0.312050889462678	0.44092806677292
0.591197812941494	1.15389265792861
0.474218727516803	1.09032359118242
-0.0195943851171016	0.025715790374936
-0.00492153211793504	0.00583123266499938
-0.276400686351056	0.566548879424038
0.206846676267987	0.396688308147854
-0.170459990765291	0.292614226713404
0.183587063593938	0.320746395413364
-0.160648347446567	0.282148529102063
0.226975119198601	0.486498119647941
0.163858518909527	0.328247434322646
-0.602436183181266	1.95884870951294
-0.23954658993014	0.428663348736312
-0.494371447184769	0.762019833876652
0.552883878239752	0.86899993678516
-0.290298484365398	0.331091163531586
-0.576429156512417	1.32156982383469
-0.223079548481646	0.353173788157089
0.103882030796524	0.101609188907618
-0.0324051653589159	0.0366957373292003
-0.521139724820779	0.779277581818038
0.172263184949249	0.230511612022256
-0.0682586362658627	0.083889343593498
-0.178465679098627	0.231563043562408
0.188318594766957	0.253566812786967
-0.11581733473163	0.120893663850399
0.330203499412076	0.479638536905529
-0.588708912641941	1.19304336552506
0.112629442931835	0.113443398038807
0.665264977390635	1.22113034702565
0.134661597287709	0.141946430781651
-0.497049829059098	0.725225131218148
0.662095353551902	1.13606285477591
-0.00290001172014341	0.00320165378625066
-0.300952581929563	0.400406917779674
0.0671135494739877	0.0651002467644707
0.908524599435409	2.38086461818773
-0.0221309117764021	0.0206657012431053
-0.14737035357553	0.14609817758578
-0.740130100185287	0.862813629742831
1.0972174416443	1.51216539239067
0.229187517783635	0.252537212390031
0.391630205013296	0.516110415976402
-0.0392248233273805	0.036020147444712
0.411228257825517	0.591002366197961
-0.294386494020776	0.375179084278978
-0.312032290821066	0.35275068862851
0.323412305037467	0.341079594184577
-0.0393486332245751	0.0363859505680516
0.58737214206537	0.80015500237518
-0.253155329613978	0.327361599188254
0.168303664053343	0.22714202215004
-0.365906297378291	0.453227069516289
-0.266941782451903	0.425540727696932
-0.446649845599232	0.833268944957936
-0.335117881930355	0.548777780335944
-0.216939844609432	0.266141591411114
0.154296607861113	0.173268999378325
0.71909340779059	1.12148608717029
0.123216408887539	0.131052068196783
0.394080379622166	0.488945624188783
0.390841729759934	0.733581387612343
0.115237538834808	0.144453782709563
0.322651442158493	0.411156907816604
0.716961006655555	1.19793037909704
-0.0138841938097215	0.0116852958464298
0.579489494423412	0.713150401096364
0.00759656499710089	0.0058993339273163
-0.56273344387323	0.748816463604206
-0.479757205242572	0.676180843565526
0.522323823630023	0.528658949340489
0.0724233273802056	0.0574942968748014
-0.0135980526938993	0.0116774992309661
0.263105462532381	0.266407507763495
-0.175097199415448	0.157702055889978
0.253596769421474	0.314257496797393
-0.380280152998115	0.424428550676176
0.0146609391537236	0.0133951010437037
-0.1434706739797	0.121406881975853
-0.28209980542274	0.323447704898194
-0.071987790698904	0.0702984317602186
-0.589006261666191	0.669278254314486
-0.333435968560099	0.355071621197832
-0.4259587355138	0.494945902683996
-0.166215991800866	0.164880216502844
-0.487594161907059	0.71145425451042
0.0223670900895787	0.0208888408325689
0.472582795438112	0.520700597769215
0.467407485103797	0.521155445314627
-0.0145377619268874	0.0123610202720213
0.0580089985307509	0.0527394243404972
0.321217302829928	0.424534120776193
0.11037063214703	0.108083759486206
0.245506966321154	0.307263118442479
0.300020641502711	0.346499674976789
-0.409393374354087	0.396742951614632
-0.572911951558353	0.683435499027587
-0.314521320029692	0.354620061251667
0.383101103038418	0.426378628101835
0.264586515282536	0.28587962921286
-0.0449430777493307	0.0403508736843097
0.612821460077284	0.895459483570121
0.400661804400095	0.419737377889098
0.252128648616206	0.271028906465008
-0.151212636477752	0.153324309841509
-0.872071006773456	1.43009788492065
0.159841665602106	0.170004765415837
-0.363764425942417	0.431143016662762
0.204917410301054	0.173532167527672
-0.450070579262948	0.48215535348129
0.625163388184366	0.864825110072632
-0.281166545199911	0.241329471382892
-0.523491255343481	0.53272735247059
-0.640262390548179	0.757235689080888
0.373092160282054	0.339320711961422
0.0932185602088575	0.0839204923797398
0.493259374828758	0.523049510384106
0.497567133649608	0.602360719286122
-0.345861149184904	0.39282039654551
0.980238620382415	1.30176278878184
0.619504179840724	0.657975315856609
1.04271646005529	1.40192313441795
0.208895532381021	0.166181210976891
0.299103839712062	0.242131667448639
0.59899224705028	0.727443836385267
0.0837413984110014	0.0749056154011042
-0.228379810264966	0.232353418719066
0.304135121076503	0.35344907796301
0.305801896719786	0.346933135419662
0.0366076542925536	0.0256067236748591
-0.0318706722978478	0.0229956907130167
0.20667083626097	0.178988681499717
-0.216439238285128	0.193838796296583
-0.419085283489888	0.373727470538529
0.204591252612311	0.186643987176709
-0.167337787478524	0.104323947409773
-0.0593593255760179	0.032142032135666
-0.192750453345951	0.157916565241594
-0.0711919059470243	0.0388847416855342
0.84761492049129	0.876636185201414
1.02325308885944	1.19977668724215
-1.17720268397281	1.39260554862199
0.134117294524627	0.111184364928963
-0.0909707592396868	0.0727420070154493
-0.149654203130834	0.151596333139678
-0.602847586760878	0.801530320337523
-0.0224534642997169	0.0165504136177221
-0.144371734626936	0.122621655544562
-0.341678926296677	0.309223596057275
0.432711927513982	0.419523525883
-0.89860417767874	1.17803417290679
-0.0823464803728479	0.0565076600226972
0.103329945554046	0.0681652820259373
-0.117823014854653	0.0779018311775536
0.13339701340244	0.112932109248783
0.0297710198216995	0.0200516449975859
0.0220643690249896	0.0178748117790894
0.0776601272846883	0.0678365653247125
0.581896467476522	0.71786977375815
0.131068372058451	0.111040568479147
-0.131031767435205	0.0829256597386187
0.288666337325974	0.957758193872051
0.170830461269571	0.477306042658401
0.0622437301556133	0.153819306850955
0.212606650888401	0.66940793560119
0.0180796380181129	0.0372561264345967
0.0311003632948556	0.0624948789073172
0.175438436237747	0.313544665413587
0.202042621589163	0.3520499964699
0.222254335160215	0.43441486330043
0.37522021800304	0.817831349219448
0.340037475002874	0.743137164541468
0.50796919849772	1.40986983490663
0.28446515457486	0.586395338617891
0.370443360092434	0.925629218359935
0.250931484266707	0.443845187472912
0.112617153772791	0.191204439956781
0.614057861925364	1.4839815376966
0.274597085805081	0.47712113988134
0.264760896866544	0.472378578589272
0.144204973806565	0.262921045586106
0.0221724936427677	0.032450031364552
0.261631363526816	0.522088784913418
0.336182832932532	0.697844662224427
0.0621602386212813	0.077629076559189
0.283611765544963	0.454148816641526
-0.153012984185554	0.244386698267457
0.0995706410863414	0.168677126389915
-0.0801961631023558	0.116514931041048
-0.0897068499059239	0.150741902166947
0.230730996373264	0.472286580119922
0.0637600022952424	0.102924945399486
0.488760131369004	1.16906685861399
-0.0896660024008818	0.133988189034675
0.0544433847053763	0.0847810318215089
0.127451528726912	0.255718095120867
0.2687990194322	0.639552514536751
-0.386990857024352	0.926610764884063
0.126693959172928	0.171354862971613
0.352370685601559	0.524451880572258
0.214240944519267	0.294102531763131
-0.235788251697078	0.426754153085417
0.0308574803389893	0.041889543029853
-0.125639747512741	0.150794668856684
0.754042153197694	1.79732942583801
0.173326153324895	0.215661971508019
0.0115850214433456	0.0136855902992578
-0.381570919140709	0.744613035256291
0.144695885928705	0.204688088432478
-0.471491076458687	0.993833600294329
-0.451756419705299	0.787600202622776
0.173373823617151	0.237586528690157
-0.778555073854764	1.71308084358733
-0.418291698794071	0.681443651031333
-0.106622062823087	0.125873450347937
0.425781153396072	0.724625973418974
-0.0747838240933724	0.0836693101894435
0.398128260236732	0.641263394413518
-0.318911348237053	0.525745583011119
0.175547047578871	0.242234401961902
0.207188283899967	0.30749893495861
-0.17285743529742	0.247599654922921
0.0864640059914491	0.0958073309848839
0.280040214119761	0.35432776976664
0.509131824797178	0.746204788729293
0.518227656646625	0.816576411187072
0.840563435463917	1.30336779225887
0.362084563162599	0.42503233800122
-0.555096250230557	0.729113835439804
0.695320812740292	1.17323114587577
-0.175190421233831	0.204091857215117
0.154493498935562	0.163600059424074
-0.182817905130154	0.20391061004566
0.65836004158605	1.123975534952
-0.0683126913532622	0.0606535927067854
0.643740571978576	1.04527342420411
-0.0525016867549803	0.0487257391221299
-0.846387362747031	1.19115276558459
-0.0966581697814844	0.092502651091501
-0.0640976912917425	0.0713010097707266
-0.332867722341854	0.567662644454187
-0.153851452950992	0.184188869777393
-0.630668492164569	1.12718588402353
0.339432526295874	0.415887212418015
0.845070431855232	1.88105298945809
-0.0707712412972239	0.0694470142138476
0.689750208245099	1.25469300180557
0.0274800317497111	0.0265545343562896
0.535523516624602	0.69086691599543
0.989331543010472	1.98019246993538
0.422589076596179	0.816975907458895
0.219442505796025	0.333331391465398
-0.315652891193963	0.482785281951908
0.142874127542669	0.121464519102271
0.337309382951274	0.349786984552287
0.517887670153697	0.535621694058422
-0.0105617705781176	0.00780629730562175
-0.529875434214193	0.607169012251874
-0.102418841854882	0.0960374484521429
0.0420906049429235	0.0304284812887977
0.475896257965762	0.446890103244974
0.0694396540082346	0.0565241640589035
0.338772631177943	0.323225704112743
0.194721443225905	0.20416691003078
0.562557027357665	0.719865883651513
-0.0586068853689071	0.0481485722591967
-0.210391268161999	0.217606889864961
0.441709990703138	0.43192029699535
0.250895733102018	0.251284699353401
0.0423820593361798	0.0367553730529191
-0.310187582942291	0.349701649130332
0.234497579831833	0.267049561800563
0.567107752230918	0.703680000606049
-0.224025950930468	0.249629176383947
0.268001185153252	0.260522491702544
0.0269674570527085	0.0220922316537368
0.127595455152646	0.101426672955735
0.548537238261512	0.540881494961039
-0.388911277013256	0.40982244673816
-0.551215356638639	0.626367688169403
-0.243681278544837	0.267857192991347
0.395522211487692	0.475469177929043
-0.333584469502175	0.495293393855215
0.656238991132028	1.34523888893121
0.545351094629149	0.774436983638885
0.190357618832203	0.22363088625907
-0.394821047457092	0.486528503260636
0.322629349804676	0.348061761842952
-0.146841569324553	0.147943771055921
-0.378818493176787	0.492325672672583
0.749666210095275	1.13812514340313
0.103727821420128	0.103653168672227
0.384216747247955	0.429171632549784
0.948542756397822	1.29936148889088
0.108868736542331	0.105066762181099
-0.28328502706946	0.342748628844896
-0.134144409892833	0.125369242615425
0.476770721255787	0.583215634719086
-0.404230636606901	0.3870314706959
-0.0139438295929555	0.00839152433937629
-0.245328589769475	0.21093686996802
0.284628919220304	0.244010917822852
-0.510922606328512	0.518656913149005
-0.0449355280773467	0.0317182181838757
-0.254095133294477	0.221914442508239
0.213584167159533	0.153919548968105
-0.186339954004352	0.152286323082481
-0.514140932227703	0.523529273887558
-0.121034603645341	0.0931119749460411
0.115730219300525	0.0850078626893021
0.630717315024526	0.584515170968042
0.367201199262826	0.335958927917443
0.114283484821633	0.0814120016302975
0.216675087754598	0.143949066359646
0.0324603443608647	0.0225463320274375
0.279641211974176	0.246700297044052
0.448687435545673	0.506354123694621
-0.117008280900284	0.101855653444021
-0.142816570872076	0.141829889102541
-0.184664541798445	0.206969596991438
0.0478208201764061	0.0498489775118134
0.0564482217864652	0.0592942277984411
-0.0351721661238875	0.0354964109312391
0.486213008040068	0.609737824020341
0.0452516065036337	0.0393017042345768
0.0100026937884958	0.00776186922918808
0.0550000055449585	0.0489656727175536
-0.000849641293429578	0.000693144712260534
-0.0791732173986606	0.0632361313539814
0.128317722618533	0.111210916313334
0.195808955661946	0.168433123533511
0.0222223971764105	0.0178190405816076
0.825238131426024	1.1269973712269
-0.619456376395848	0.517406290068826
-0.455282226843102	0.49425817088167
-0.35329854064718	0.322146178423083
0.204811832800294	0.168367655541059
-0.459313317244317	0.627673297055152
-0.790011291848813	0.92092972268087
-0.572452255870252	0.68949234495634
-0.309528681119119	0.311571554459974
-0.463873388459735	0.502758034612745
1.29237839839979	2.03673936463151
-0.0850049836908802	0.0735737629756464
-0.410224644383207	0.456516805320305
0.604417704389653	0.572346914189299
0.0467704375191679	0.0345928706306295
0.401018579748467	0.417992820708753
0.468066880621799	0.518667904519757
0.281968970322818	0.255466532293089
-0.222775243953792	0.21068637653487
-0.137833897885682	0.104365160754275
0.283985226077277	0.354343207914404
0.127669378603236	0.0938596921720704
0.0989807900038758	0.0593503954491516
0.0667313751334687	0.153038011506672
0.254815653034883	0.959924694574694
0.151899288388617	0.519241864196299
-0.0156401531289261	0.0357799084067407
0.0742260355585311	0.187141255932678
0.26480164355358	0.911523352373091
0.0343165902261626	0.0778427238939499
0.0622228695748526	0.0880802285037687
0.13490898697623	0.217650684057258
0.388927012546841	0.863735954257873
-0.186740027130926	0.354755670037221
0.873365662760392	3.16581063754566
0.361385260721066	0.821988213139232
-0.0515698052169739	0.0794041679820307
0.455061909934052	1.3141525864309
0.519073782846886	1.53011746700045
-0.00223799161823935	0.00342103034856346
0.290841190433676	0.567828279192892
0.201887406511016	0.340224213832277
0.0597157873506642	0.0988583996892908
0.549454921540175	1.19165828286098
0.248603377421726	0.316505288604574
0.314944204720852	0.661756048555691
0.134903734626072	0.250947384484979
0.268013981155357	0.532641637265119
-0.276647380418803	0.607271645300445
0.0358046667630684	0.0558222524358189
-0.317290122122516	0.671084859609372
0.520758222470864	1.46313748354135
-0.023543713616458	0.0325188260283735
-0.0689946780442961	0.11365339275856
0.144326953284212	0.285307659965366
-0.00852497697505652	0.0138853624701519
-0.306369913694874	0.73507997845091
0.406454918703704	0.652236042533939
0.00977626574589894	0.00933345642130885
0.222350775660977	0.324672004854231
-0.153046880576499	0.242907971333037
-0.313494590476826	0.606867566855167
-0.751943334629194	1.63719740143326
-0.260778757445245	0.373289724753899
0.235043846340121	0.310864893623862
-0.0856356298377758	0.111861251117752
-0.396713775409034	0.800795053431189
0.159738742023054	0.264473610765384
0.512730994266394	1.04841889438319
0.209942332941179	0.260351807099277
0.1488629336433	0.18774346215926
0.417940683087098	0.651695004720039
0.170624141147591	0.23620729724359
-0.343726866622087	0.490235134279671
-0.540059300804013	0.852822988912748
-0.616188890296998	1.07380895620534
-0.33205963277171	0.477179190001997
0.52738734873049	1.07341552605058
0.31222381312043	0.539119272518433
0.565196735130389	1.0695705546499
0.053249514711729	0.0675550815702907
0.247693803297322	0.301242165920862
-0.28359097473436	0.344099090458719
0.105085401076369	0.102228527418539
0.597330730056122	0.883085912092228
0.368069299371475	0.41616205790287
0.435264037279775	0.642349983657337
0.707701675235657	1.34643475466585
0.191551859324009	0.180447771853248
0.523133932299808	0.776015924117646
0.236680360471779	0.284849656470736
0.288284880488011	0.33513169599216
0.360540060394258	0.414011725146405
-0.140729341437003	0.143296682288354
0.0101572453082277	0.00815317473010071
0.119613236663022	0.133212047468926
0.780621119192008	1.45707532982836
0.0395153232645357	0.0395772341673869
-0.0760433457161668	0.0842053619079587
0.438308317193813	0.704094014467195
0.23134539401676	0.271611625852013
0.439220342987856	0.66415890650822
0.671066122741869	0.926835039901091
-0.18161557452796	0.193713632124889
0.200032988660679	0.233297640123708
-0.0352540027895301	0.0353264432438465
0.204324496417956	0.244630564835244
0.248292251539404	0.353127620722284
-0.283042491988518	0.410185603365335
0.128911027766344	0.148659290905201
0.515376891849827	0.844809705870784
0.00208529482865618	0.00225726205108049
0.100083632187091	0.113685054391021
0.591472918209443	1.00486968895115
0.336703110091488	0.417092597263917
0.902138886711128	1.50109849077871
0.21147621217984	0.25473669324212
0.67138108456218	1.21513349105252
0.320439930269712	0.488365763635347
0.751339242948691	1.28850691705156
0.716384902993129	1.72283782522729
0.19947514171533	0.174738110686115
0.0105659840628834	0.00851078098773025
0.275871297208245	0.248734019618832
-0.467882469276495	0.475890834325626
-0.379856803852491	0.398683257410185
0.110734349199717	0.0805983690527968
0.720186424370384	0.77893019570942
0.443103663902987	0.435733350334786
0.668817558969055	0.772854069030729
-0.708685812457524	0.919816590862144
0.0803629904860525	0.0673428457365428
-0.188514343111101	0.168637118387456
-0.0720891274152512	0.0643545092979326
-0.0829369182778884	0.0728553028552346
0.39155419562743	0.416292598913609
-0.0153982563331604	0.0130651755504957
0.0553782796969769	0.0436968484174354
-0.464554829513557	0.706096183133345
-0.289214752759304	0.305128188444892
-0.0377559848566233	0.0409476605881336
-0.497642922032735	0.698179045227271
0.681079812493729	0.851504286141423
-0.220175670968241	0.197450124846969
-0.720174789934679	0.750922707802126
-0.228753902394111	0.218885840232942
0.193322170678787	0.17440469456185
0.334221005601045	0.322987075531824
-0.543968863582564	0.751722260959724
0.0336804254778138	0.0403134343331389
0.338866698682702	0.527958352896357
0.132371149323831	0.15165225414936
0.289278923512568	0.361322798844611
0.305988695357175	0.340922664844723
0.23249652002337	0.273252692349423
-0.216887738989479	0.226577304107108
-0.0411099027738763	0.033914831914094
0.358738610549977	0.419364967187567
0.00290720771089709	0.00241537923442645
-0.3191552309488	0.366621925159323
-0.123040248303691	0.10573726271536
0.133137280414356	0.107538445479655
-0.250801233730565	0.238106819350032
-0.868078225015398	1.71712418495171
-0.241515968986667	0.2626908518529
-0.288607384280797	0.293749751836128
-0.233524644666264	0.162693649383906
-0.0903229371810767	0.046589696972601
0.118255710812102	0.0845039689021757
-0.86902893325936	0.816122539322723
-0.603924857952882	0.599587037231059
-0.0286676212752673	0.0168238761795778
0.258592087270199	0.248786629845237
-0.79493897653382	0.878864333046993
0.992551619771211	1.35677472980015
-0.410133129015781	0.395167170677961
0.671361823755281	0.668020897571534
-1.25577946688063	1.70470035132409
0.12000089988889	0.0883204162248828
-0.127086470765233	0.106889078554997
-0.0910316496768479	0.092900970236944
0.571764500211109	1.01011338977702
0.766137355060398	1.07678371622106
0.301654500310635	0.414351184061761
-0.0200540642888278	0.0216197323105676
0.0988087524643731	0.113884589179181
-0.4021964292081	0.383953857423591
0.143447445559112	0.137278513966675
0.139289484017395	0.12191854275971
0.491632550781854	0.534503210771644
-0.374994410085197	0.390868488246179
0.800212397864644	0.927779777838201
-0.1961773704999	0.161044938661239
-0.0537241663897854	0.0377103783703626
-0.232385514824794	0.205313880228121
-0.210683336761089	0.16978322990085
-0.235085168185777	0.136540147224245
0.134097578926541	0.108667438914142
0.0433955442217704	0.031507740481977
-0.646265573353548	0.632641291168857
-0.166248534152077	0.15295617814512
-0.285272847062337	0.328782712084373
0.0651623791919852	0.0620666030233399
0.080481642374891	0.0725719643773721
-1.36563401078198	2.3047718053913
-0.560182613353357	0.566119582470629
0.291171875663636	0.242966480745112
0.204101092480249	0.176774955444338
-0.547732181121576	0.618631050302794
-0.794895688907617	1.01619591786291
0.58199844661424	0.572531805588599
-0.0990727198522952	0.0770157465696108
0.135667349139368	0.115803779059762
-0.526751855013363	0.564370955787429
-0.692072455784098	0.81926775743344
-0.442876506985362	0.485955037104841
0.0384799274844835	0.0259909712184396
-0.206149245761385	0.166126040088062
0.34975991227974	0.245067603153707
-0.246791518944275	0.627240030289686
0.0918467573582092	0.217617612913971
-0.111140590383269	0.367271976341982
0.104632126839961	0.296162843070069
-0.0427991084036983	0.0928182041060192
0.0747837918578194	0.200344836096484
0.152967622074841	0.219057295397133
0.72281286919897	1.65012982874896
0.166167991166909	0.2473711522277
0.474927920174104	1.17282703391317
0.238489123761034	0.501166459167605
0.368666659030627	0.837810141343344
-0.215978435418156	0.329853142841332
0.420519517577044	0.967006625734131
0.111649379681204	0.193817612711719
0.354319859152556	0.926937763603666
0.733943020220153	2.50053551392812
0.384206621178323	0.883198378974647
0.0643959035480454	0.0610040211407613
0.255730830546608	0.524159727229271
0.148672089149139	0.29407735779839
0.238333225908274	0.378563629894227
0.0742545293548527	0.113679717738732
0.133034366838147	0.245576934903269
0.13974173008296	0.242171773152249
0.420736495213051	0.664869965005708
0.152667687606707	0.169145059808349
0.399104720011708	0.736330171082733
0.285571624939369	0.560075496105309
-0.111368085357457	0.190149402366262
-0.117039414512868	0.189750658653756
0.145750951420595	0.256226892307904
0.117763772325459	0.202686480156275
-0.595329049870301	1.95630377301122
-0.101809653871903	0.189018912202638
-0.130797428506726	0.241774890837652
-0.0352073227696589	0.0389322120944571
-0.235519768808888	0.187541720117888
-0.208738879499001	0.148883688573955
0.306429430767786	0.247001036641361
-0.377401581851397	0.511878946583961
-0.0604460936193279	0.0708625337014983
-0.237087589049847	0.188932700956415
0.0205192555385186	0.0195732683553339
-0.357518597030153	0.35096076567579
0.15328450938345	0.159549482015203
0.663149501856567	1.33294225649988
-0.734704980182545	1.26521162932712
0.166236353767766	0.1882220712562
-0.0167562963569709	0.0100057154942818
-0.31030772260838	0.357772597655947
-0.263234327521418	0.32243224307389
0.208178383033034	0.14970369037118
0.134618202673526	0.125116629990216
-0.238971292323399	0.262641642462116
-0.0308590362841538	0.0224318024823025
0.184624311118243	0.184015621261314
0.413600506297378	0.510560867074199
0.138410136627349	0.175930818314595
-0.140802138809998	0.119657778080872
0.522312661382803	0.739014877366759
0.293881646359319	0.245051607555764
-0.336850438135835	0.255323453964411
1.5385523945052	1.02036829380214
0.601821768845962	0.574813808706307
0.606427920684092	0.483862440881935
0.337800297976992	0.334815016737793
0.948850365939984	2.38719432896822
0.648482393400702	0.9087019593636
0.979806416442628	1.25566171915517
0.160444486745572	0.187143153624374
0.253862591157017	0.306584754933016
0.191535714633627	0.218109525494629
1.32068589837084	3.01181567252891
0.251773671468974	0.259373630939995
-0.0573911849021619	0.051538443973802
0.762553368228264	1.2909810547307
0.951211496579286	2.08102305017741
0.332109444723169	0.34870548852091
0.922270051486171	1.86000003755578
0.0308253583513351	0.0283308504041324
0.595772826451298	0.952168845047749
0.104829276905975	0.101109472045113
0.536206107933522	0.762614545376993
0.0906100455064893	0.0949547525545288
0.245810859012824	0.312303116289448
-0.33156327785978	0.417315890256971
0.0715619262047687	0.0793239897323289
0.0827694402273958	0.0912293286838625
0.527979292154259	0.89345567418541
-0.217497387158527	0.31004098176963
0.0468508919701658	0.0405528692097047
0.403799204901935	0.420208850067991
0.350586853789501	0.41567047852649
0.459458411179875	0.734998570598301
0.912707597016309	1.28828532364888
1.01497346907939	1.22470629840828
0.214448603955798	0.155302841596706
-0.367001463583859	0.301383026894697
0.581956236777381	0.701876626987447
-0.103835912279434	0.0981987279222204
0.283439047561442	0.376973174002241
0.367155895050288	0.413639717914484
0.845208227031039	1.40171565090314
0.505606469296482	0.694160293076021
0.352602319801263	0.436340955669866
0.30630576074016	0.340491698458098
-0.225372693231823	0.215271222298524
0.0181106657440632	0.014914949368177
-0.874964460114303	1.37815042142613
0.340338066449262	0.425396812707497
-0.299736656490464	0.343429974613348
0.132782397622674	0.117760219545074
0.641990147583171	0.752705032572384
-0.384880294741664	0.405124848397992
0.60606576356485	0.734222201562425
-0.9908469451547	1.49828642190658
-0.0748835250825542	0.0596838334784752
0.355449840459474	0.431763244141012
0.462044192232127	0.643096335266193
0.379633255699611	0.32739210658896
-0.996804729333569	1.20377014774198
-0.501962741188164	0.43741179979705
-0.712434881293692	1.11369341034896
0.463305420754587	0.603174638167233
-0.0947215189226546	0.0830757862941041
0.190838052035796	0.19570226062571
0.00156690167752197	0.000994902676227865
0.50964365554094	0.729357073674876
0.245646370372946	0.262370779021893
0.203547214726892	0.224194133807522
-1.04930845218281	2.05533891371234
-0.840722072746485	1.28811364022024
-0.0426817536306666	0.0459029071196047
0.578980663529061	0.96380621674024
-0.0765900601508687	0.061226385768604
0.641361549076886	0.48511226426419
0.133394114780423	0.111006597736748
-0.0298075023052509	0.0278168765332646
-0.254698429799364	0.199061127913442
0.704395390767409	0.608733028367273
0.0487259318548622	0.0373305955827168
-0.113408230853673	0.107374392699921
0.906634518379866	0.685620142875612
0.947147986127737	0.826447106114847
-0.00491380527779846	0.00364473474424832
-0.444062973508659	0.630389679368444
-0.251312333760058	0.292110444462311
0.427955729991732	0.431185304860089
0.995832651796276	1.5496448643549
0.0506101303010028	0.0387385279023481
-0.0551998867573393	0.0447369608296375
-0.296229155602523	0.291732326463493
-1.60076657870106	1.78942806041058
-0.548778495523473	0.623017368722272
0.337005504773881	0.340237931008518
-0.423622216245376	0.490129663331746
0.193767151603606	0.166618265907701
0.279624708444711	0.259331065369454
0.19934313050933	0.174972929389896
0.635069661925996	0.586518584114138
0.350492824593711	0.344410123964268
0.903999229303958	1.09293719735403
0.665791090820509	0.76746811834324
0.406648871419745	0.413742738484105
0.0603744992944915	0.0466504318717242
0.0680123674067163	0.0333454855857441
0.0577694937704975	0.0259361111114954
0.159156223916935	0.160140010916002
0.0774788770821167	0.0256345371130296
-0.0646625727996182	0.0349748346442624
-0.0875198956190549	0.0452319615630093
0.384456368323907	0.241336954726481
-0.0108024531388057	0.00806352262260288
0.94358949224294	0.811346837162325
-0.347754251735636	0.319231858359528
-0.878971311925806	0.674308727658383
0.334541397711609	0.244716941726063
0.467680660695962	0.161096722268069
1.16424614031769	0.754889071077189
-0.179246504349364	0.0724994176965793
-0.141019837705548	0.0624570142377683
-0.579042089923467	0.435562661934355
-0.639126785368278	0.58410214834267
0.223578832359469	0.15451973728757
-0.0707796701601395	0.0692275239294568
0.0892281615815654	0.0845584629887822
0.320704982974981	0.345696107552337
1.39875534298151	2.26639032285798
0.831036137258572	0.667267846452667
0.274324573022059	0.245896901884476
0.562455481206472	0.635363199934829
0.455125825860634	0.438072982247321
0.215873296628089	0.12715525805574
0.0638890735237809	0.0261503778694536
-0.0294394655301576	0.0171735829460554
0.220033471836462	0.130062164801365
0.414856911920703	0.425970329348455
0.400515132324089	0.339376866078327
0.343972261398514	0.316078581177229
0.196283986294961	0.163716450981711
0.127966539660829	0.333570261718185
0.193899597578374	0.657383181786283
0.454095251623211	3.09116436884876
0.258275496687758	1.09478132769433
0.223117398635337	0.783182924811005
0.421204950170185	2.2823418924878
0.0801309512993393	0.229363223145327
0.0976600618312434	0.266580374398339
0.0015260879034308	0.00265732756212702
0.386317279603721	0.883331529907243
0.166688957607605	0.250133962831004
0.542248581710078	1.54898229383957
0.184529353502018	0.376512439918449
0.684228767825441	2.36034970844113
0.0928885799199109	0.153427557935512
0.294103583918093	0.565022141674566
0.197885677927983	0.364632630916079
0.172288714412088	0.330964526129221
0.11900991970694	0.218090630484286
0.32432684053604	0.826559043381643
0.246547537560943	0.570512894465879
0.244126520139226	0.366231723760513
0.138106164506939	0.266500478170107
0.222201832863807	0.439173909982948
-0.0887931632069724	0.139331407662309
0.0450947169578324	0.0635040192158522
0.400491810144976	0.580894684139198
0.167022154793412	0.27896156975269
0.0690434464023255	0.103529706880889
0.116675678907451	0.198092118876714
0.0972460102819842	0.170746413655886
0.205412483596574	0.396334117667374
0.0316221135437718	0.0469772567962006
0.218590998069605	0.408258839434853
0.0443141177389992	0.0749790965126486
-0.140619066333452	0.305321507879534
-0.0939223953805414	0.126709687677526
-0.263273038113495	0.250026036167103
-0.931994583887603	1.12044388707218
-0.319551988095192	0.343194873781809
-0.343194025342392	0.521230363590362
0.130928431511273	0.178600227908195
-0.0634317839185991	0.060643829482699
-0.281548079023348	0.409390185827453
0.48584132352149	0.661605289929462
-0.443564425483282	0.787591676546467
-0.384117475600471	0.677362448151464
-0.205819664062554	0.253408115879622
0.0327520254524345	0.0361344071666642
-0.522667286852567	0.526620986319204
0.00326773735460836	0.00321787120504887
-0.18328213369297	0.213978559422074
-0.253847008783653	0.241813099884861
0.633468050880764	1.05164692293542
0.23365852219057	0.289644661166507
-0.488904701274751	0.561469003156617
-0.0298982430049563	0.0293858234553216
0.206395147035006	0.235421929235903
-0.0630354917721913	0.0768674432334035
0.0407016212591698	0.0442635170396945
0.498531668476176	0.816254260932188
-0.0243711780024355	0.0180058708889868
0.506700590425846	0.602998210040784
0.574187480726496	0.479960790115537
-0.185572832912408	0.169441720166129
-0.349959272426628	0.320597654248733
0.312493919651768	0.340796907647935
0.716343493893624	1.83741060240454
0.762333885808715	1.54485112317374
0.206806968377674	0.178314227188132
0.194391700316234	0.32186647570194
0.109386278823628	0.118500398312216
0.0482362569067009	0.0493603712968763
0.787386013761511	1.56956085836772
-0.527009280442901	0.802360124434479
-0.50682453808997	0.619702693099889
-0.790733818374225	1.2034187551283
0.290796014926857	0.352416167421998
0.109579400061924	0.113810490677465
-0.545274879384413	0.917105757841199
0.962315094880971	2.03302819929637
-0.0302282273408249	0.0301203376923399
0.211839004852462	0.206638973718019
0.0629029146227327	0.0605941087511614
-0.311958711235982	0.37871044313098
0.15775014907539	0.170602361771954
0.123978303649041	0.135502724306428
0.16209079302589	0.202039129230384
0.23569544542633	0.300260926751652
-0.0028165305018365	0.0031011213612809
-0.299045272906255	0.412004049975788
-0.0740301540159332	0.0785127769109153
-0.0631706243786967	0.0615119882123468
-0.420653969679951	0.56993548272649
0.324689110499984	0.490372643302815
0.540405473799611	0.851695159021225
0.269579691330238	0.255364645547765
0.33753939723652	0.322287892033261
-0.284696115809308	0.270575238736679
-0.503162148081142	0.547714609532605
0.162419469188818	0.181667398735543
0.521550442295951	0.775301989245075
-0.244493058212705	0.315303220373618
0.32201698727006	0.439261233224033
0.210943445052615	0.269201753903814
0.322098895048754	0.355023892989313
0.424869873856348	0.508875772998957
-0.0524758697351283	0.0421131240271999
-0.195452632722315	0.175799332933389
-0.342258346465465	0.388848114064081
0.453545584680317	0.525398893076447
0.70680064536306	0.936046104068436
-0.442932449012016	0.491524367760676
1.16698555939884	1.8204964784606
0.742279560887584	0.897774040968919
-0.33853894062868	0.382979766978398
0.0406638344867195	0.0352360038167279
-0.228229843615169	0.234481049618172
-0.0248662847499885	0.0228045725403521
0.191771950277257	0.172026636227097
0.260268731387455	0.250831520226036
0.793539181289729	1.09514055078399
0.134178527517256	0.15122717297566
0.217592117913697	0.236038584307106
0.262212776245994	0.252321308003231
-0.313917335575289	0.353986777594024
0.286112130423394	0.246022619028661
0.144328280605617	0.128519306677326
0.251344729680391	0.266716070540338
0.253158418698519	0.27220168503362
0.0350348374442899	0.0301507426146492
-0.11635942040736	0.134662320376161
0.0021460554470838	0.00226348790166703
-0.290873248308713	0.422591033024439
0.218801696717376	0.255871858713453
0.29482768267037	0.370839029736736
0.0355626912903097	0.0325732059052222
0.364788538428979	0.333812720147598
-0.103394599326831	0.0805217496020804
-0.180335715054908	0.177074751340858
0.146208365727782	0.137482058398995
1.09229868374608	1.34239912859757
0.910174380576447	0.916483764030862
-1.10207300380661	2.1352679110309
-0.596131908820082	0.896042158231302
-0.0981916338159914	0.0864364190924231
0.255767561533908	0.256192891733102
0.197948828610142	0.178638268322462
0.355624982143574	0.342116989500364
-0.316182661211997	0.289884381000507
0.291640456425184	0.251293987293149
0.276627277141443	0.246642276622534
-0.388711525242768	0.409246969763583
-0.379854696934905	0.397624502155659
-0.171368356903403	0.142098188069925
0.209400374619441	0.144432099056832
0.412581019722287	0.351310189406568
0.20921704306595	0.148602313628107
-0.169214879947894	0.140613432065721
1.10933409794208	1.657965685831
-0.0837592531681276	0.0561896064751044
-0.417760082963299	0.437605295464203
0.719250873350772	0.968278658894659
0.410757689851073	0.415659381154905
-0.111748739495263	0.0851099300697369
0.577132842340885	0.639715132763489
0.874670555287689	0.556682902827634
0.362689216935368	0.52469737593661
0.410413221136364	0.664591241141694
0.157932439224895	0.218884809628031
0.00513592898937027	0.00511991823814065
0.546806664404849	0.469779485295487
0.806934629120732	0.945281678694252
-0.2948819231878	0.228128654239487
-0.88026359146969	0.82579760112269
0.0214093254705437	0.0193780382982683
0.113818340758484	0.0783984551970817
0.810618014706245	0.749097358264532
-0.288005380844054	0.248150303988027
-0.720069325090431	0.700495278722036
0.695530762197026	0.500293674809724
0.380741761406606	0.237022552241665
0.565474507649686	0.464520769330357
-0.113305606173278	0.0743278075045459
-0.00381955027975492	0.00223808953174678
0.196112786138799	0.185632625036922
0.209421878246925	0.190562449276714
-0.173173939403354	0.171998824243836
0.583834988663604	0.869124478311288
-0.149450955188244	0.125108355172515
-0.490753815861084	0.526550244144996
-1.14314053834227	1.64389213657506
-0.193958150472002	0.188176592403642
-0.187146111030319	0.166145590749182
0.486834745609191	0.442165852797561
-0.0363618305768182	0.0211498464482547
0.794653673868226	0.931760856982531
1.01352891596738	1.16753935551893
-0.0729959757040258	0.249642270015775
0.0703764050806946	0.236656895844944
0.180783363161001	0.72124576232053
0.312310342416712	1.5040193639947
-0.00209693772254496	0.00529561893546556
-0.207309995925363	0.656522534452332
-0.11386792255482	0.304057103286627
-0.255689997330445	0.81908553297101
0.0895267150864593	0.204092687586609
0.332396873341315	0.980845431131927
0.161317815350383	0.333577413832037
0.368895720321501	0.993984509820534
0.834435144751994	3.42403253981278
0.468070348817666	1.24783625574618
-0.0840451698768269	0.132508695133726
0.479609500613814	1.57455167873894
0.0680063347742794	0.105054081559079
0.313007937199981	0.641005163669
0.337848330001554	0.681158505326494
0.359615535925285	0.752045425548485
0.362473329763292	0.990193689558571
0.247272480500538	0.572993297053228
0.0648505492764091	0.0929412606211227
0.37513881718569	0.824457132934593
0.29335628555287	0.514883587303775
0.375557819619476	0.955539805902434
0.124994884927188	0.199339926293177
0.0294008327769263	0.0345326373203395
0.117352293527982	0.148033635177942
-0.0154377650954829	0.0207768951234216
-0.159471362945596	0.284988508636114
0.0465142191126335	0.0714158934442937
-0.228780405691498	0.518737875434295
-0.0716626718677295	0.101271323179429
-0.134370916257009	0.195372013869983
0.713009521372259	1.81988384544946
0.0313530814654296	0.0367633682165401
0.199515449289529	0.2780771449106
0.311009581011041	0.580155430136606
-0.0239172496888334	0.0289936005873272
0.41551774195362	0.765868696284941
-0.198030317587997	0.310152868823791
0.464629226098417	1.01434971120066
0.343947319273242	0.601695063651672
-0.0706866684667364	0.0921982575446788
0.166549133003054	0.246326962728711
0.198556250466126	0.27673848728495
-0.0711623060173385	0.0810806544676876
-0.123048360605261	0.167797795951678
0.352147935027544	0.507131648404152
0.232739363531456	0.325265240359811
0.108222906071177	0.139663590035856
0.278909379347464	0.4504479739158
0.443242207842402	0.840404696498619
0.0000800892568245338	0.0000289173651041702
0.647358103160747	1.3888408434863
0.343049561608965	0.619644840392788
-0.0531474498298721	0.0645646646793677
0.170844125878394	0.20947854003473
0.39338730548857	0.510139811515292
-0.494939849245616	0.824133380165591
0.330512518058301	0.434410190011788
0.360073507151714	0.603604236442383
0.734892173729787	1.71377816574209
0.391886613438323	0.692981896601432
0.357191850259384	0.590850995399197
0.627779705218048	1.58847546671895
0.313047560612507	0.520263421837264
0.453824704401784	0.734828008419362
0.440259106685314	0.680639137342575
0.442517806183367	0.591403768733478
0.307620421054104	0.341644491942177
0.12416942305936	0.0947344304021258
0.842535519316098	1.22019940403341
0.916017523352319	1.11027675276829
0.197905967955906	0.156157895302996
0.270784688960342	0.268164111765484
-0.24064881588036	0.228694321311977
-0.136800102455549	0.11648080759387
0.873923076163467	1.24613009572951
-0.657828317205236	1.3488425030503
-0.0806979710929122	0.0958939190564554
-0.189492108329063	0.213080572230714
-0.0207901035746417	0.0175616290319395
0.253613399888069	0.265916495986907
-0.372785514839363	0.359891809537229
0.470575121686968	0.524732166674639
-0.798522097776576	0.982384238703464
0.370420157723771	0.641439448900481
-0.538036233488897	1.20670769370977
-0.30593810966789	0.454145670908239
-0.14457340039963	0.167642626767576
-0.107000825614641	0.107511377279709
-0.132788602813051	0.151764351829774
0.161856835095807	0.236110063770481
0.217639727752577	0.368720167601788
0.288128491836618	0.44471312163256
-0.240464581785212	0.308244338970975
0.497026605545804	0.753995539007598
-0.114490254257194	0.115433361148381
0.258206704830837	0.289561336689588
0.662558424462088	1.05707541468317
0.635765239617183	0.981463198086374
0.475642753599458	0.446190650822302
0.340956420420593	0.247721160096362
0.284512169189746	0.250983482518852
1.39169508437301	1.28250681159038
0.121552248763656	0.0857250052430856
0.540080727103226	0.466458968740244
0.847108505799103	0.872389620802549
-0.715718472596172	0.698598617789803
-0.995617957341141	0.83280599356346
-0.527495167841544	0.479177261899494
0.0115329931999836	0.00899069580220419
0.262791935462232	0.247724175039828
0.193908503261784	0.181841518419366
0.0224255230808667	0.0231568385554394
0.392701591828988	0.72550401199893
0.241724298937877	0.32613049649505
1.03288089490112	1.37708438084924
-0.185154991420384	0.15087476643098
0.567745820650643	0.466799577522468
-0.186094642468589	0.152092640446587
0.101900912315935	0.0668384525541591
0.520945344641484	0.46097252985844
-0.223733596426675	0.180282789093572
0.190745239821636	0.178628696810414
-0.0525078086358585	0.0690821133934272
0.012647568757144	0.0117800742345347
-0.218984769803242	0.258449452375
0.188113618284562	0.226338472565051
0.0903038759977145	0.0994494414700114
0.446493991853055	0.696658832911138
0.104812226724396	0.104652372323506
0.828385195232556	1.7863229082854
-0.112383441601748	0.114180143605906
0.129439747435945	0.112267599734743
0.352336853676638	0.429011365051972
0.320895963024825	0.418394066039524
-0.955529498393902	2.19242000609094
-0.831148279603966	1.08578100500287
0.0673481830005287	0.0535796394475902
-0.269664965987022	0.184372656893982
0.0780670570767601	0.0258238753791963
0.607282291988917	0.578342749837328
0.682759365667934	0.684823233085779
-0.11328265149898	0.0749457118988764
0.248892019191932	0.129569663323905
-0.202037243096092	0.143994899425164
-0.233447509096188	0.163579103390961
0.959721193639896	1.14130027376142
-0.770835049664288	0.613994706869368
0.0328221462263145	0.0228454922181818
-0.0135673361259886	0.00817945008731817
0.078598317490352	0.0444280178461324
-0.360544910007051	0.227613260959514
-0.715249833366948	0.698986895831582
-0.0643760972982797	0.0351730334871406
-0.179506343646437	0.131278142684636
0.830704708109681	0.661464413340935
-0.0514892110206566	0.0291106190871958
0.513368693809053	0.453095988078696
0.456699218084279	0.347269130398173
-0.213360968616384	0.170516437660346
-1.37865965942861	2.17413768615692
-0.102582095685122	0.105771904313639
0.181054777007002	0.230536295227444
0.317376976473492	0.34074352314503
0.117043272776937	0.134922790769616
0.510984043867095	0.678484060011336
-0.635332925641423	0.834479908728103
-0.0571627900034791	0.0611068192931013
0.872222872992383	1.58520118774921
0.353401928208656	0.430085414565047
-0.164164727382972	0.151118403374583
0.419513311451854	0.51799757310235
0.320351693126141	0.334471750447784
0.0713964766613378	0.0592368780770962
-0.0423850985112284	0.0335873863106213
-0.0419045771770242	0.0388120540149604
-0.12624670024577	0.106242223430782
0.47735957157709	0.518176485774122
0.134713563649202	0.111801590965936
0.66453864942338	0.914714228331813
0.327045045765609	0.342011466159716
0.373534739830476	0.432247989936926
-0.127355772885184	0.119478501398101
0.353548087723882	0.49617649055627
-0.0722083469567812	0.0574719128166017
-0.0356839636075942	0.0254144411947007
-0.854611088400312	0.978622696841446
-0.234212397020714	0.187241208568512
-0.0405306752411984	0.0434485769402531
0.0535407134002753	0.042051304525738
-0.585250603040392	0.439832741666108
0.13279827416173	0.118303429854752
0.665242034593095	1.01725249834909
0.291561955638982	0.324704797579667
0.305469153376583	0.363123155405309
-0.110460255816703	0.0728083414226397
1.24149938429081	1.45713439242213
1.17053534546215	0.766397244950294
0.161396016541628	0.440376334743889
0.44867112478185	2.52548873524231
0.163933090980187	0.781104990401818
0.129441606489882	0.467948861025291
0.318741693035955	1.43771532869963
-0.0571265983454399	0.170667627648223
-0.260193050216127	1.29627063737375
-0.42388799225667	2.44589399924338
-0.115522516676074	0.25735073146286
0.217973792262402	0.346662365426394
1.02607873551107	2.8939575103859
0.740858012536692	2.3804506711218
0.352607408646329	0.883617924348953
0.0606187891560069	0.104480670931381
0.175625759616023	0.350567477623929
-0.207411654816744	0.320218245331934
0.207464910501091	0.356982470430606
0.349784785140882	0.955413464987832
-0.048802894452826	0.0864977119940618
-0.149243157931529	0.318217740004362
0.539251060245089	1.73307596323558
0.451708143227927	0.665846942209346
0.483655458060845	0.956073458781416
0.240604287338576	0.335096751005118
0.95999836975111	1.91884893430786
0.137157267021261	0.208606591849092
0.159176820786808	0.182110897219386
-0.0289856712125085	0.0467587788784298
-0.0127732978449194	0.018786651696511
-0.0196114421001797	0.0306766908469363
0.191314465414576	0.43433291163702
0.185619706933634	0.412182887678606
-0.248060731207254	0.600336641030628
-0.0748226947832984	0.084952771279537
0.194885465175949	0.163304432230454
0.115191553420366	0.0817578763237867
0.575953590681447	0.566262460082221
-0.101992127144262	0.110965851253481
0.341059339212509	0.550299752227333
0.596918486439809	0.471693980499095
0.456322574348229	0.592216904968952
0.296442298793847	0.31778740889721
0.318485254285109	0.355778505027595
-0.0983762053434556	0.109215535554351
0.343614710033187	0.528883369956401
0.325489024506969	0.44657097232778
-0.235342518860984	0.136549380694562
0.14894594600642	0.142536556171063
-0.154090169856474	0.165368401440968
0.355572131804799	0.329414735171175
0.0114349657058068	0.0102138342859514
0.832404312032545	0.928260202504805
-0.180810109892376	0.131943051016649
0.812720469851631	0.949931352762678
0.605482860178924	0.813227404401555
0.403862878479356	0.557513063204327
0.10456033782469	0.100273746548664
-0.0343700326605779	0.0288206646381016
-0.0199919995125753	0.0117087990412099
1.3738237746999	1.92372679416888
0.994216674277184	0.467564201285153
0.217077818183474	0.144223174808344
-0.159190058901754	0.0991446098230473
-0.287063296511105	0.247609057864236
-0.00571758119990764	0.003492471390828
0.683253437047705	1.18804855179304
0.168853409406179	0.229895743772696
0.79598304736422	1.10470801081395
0.681433606398346	1.09807846506282
0.4343636011392	0.34059019333956
1.60249830819883	1.70813800128976
0.597125681663517	0.889868132353899
0.473253523767663	0.445487473113477
0.300686831085994	0.252424287088945
0.0998381162017111	0.101620142472529
0.00539370790820203	0.00521554262541912
-0.428106439185472	0.557580191752926
-0.554123140857093	0.870628837404234
0.245075017392033	0.286062490098328
-0.340581224407864	0.451925820383509
0.122148546404211	0.133914157177652
0.0346844192088994	0.033623353200638
0.444906941992068	0.608731352585616
0.209907527962231	0.151389196965219
0.426441067165423	0.586860271737917
0.242684724415645	0.298133309644972
-0.531194948405605	0.949419600033456
-0.00713151700418715	0.00723191962270742
-0.440629774203739	0.858088056833448
-0.0135307588825979	0.0146989476680987
-0.226369500335555	0.308777921782178
-0.278973717160686	0.29340906486478
0.450445126157375	0.595339463227756
-0.356460723340714	0.426943229131992
0.100514682455907	0.114375328876007
0.00903235641268094	0.00820662521116804
0.604287959266466	0.806856796291858
0.992506757781778	1.05577365723027
0.211439903404497	0.157211309135126
0.201288204314898	0.191468852739387
0.146608832841173	0.158827010728921
-0.263659811419656	0.335419499384491
0.0425434050210202	0.0440090388220878
0.630234446688909	0.8106334206263
0.269320723854893	0.255096021275208
-0.580356460664897	0.695388323863783
-0.454700113847168	0.43938472194954
0.168370396022307	0.169050657944468
-0.0672559197730686	0.0585847810801453
0.203882490658005	0.190429065171438
1.00848523516774	0.590232531016168
0.208122334432071	0.218788841579798
0.251918606300732	0.311613178310581
-0.444749480346932	0.722128859509147
-0.861623004725616	1.38458240527345
0.445000265501949	0.522135787510896
-0.438696971177926	0.59382379046977
0.012641571180685	0.0125885621447358
-0.626435987682602	0.930602924841414
0.10549497798873	0.103722209588467
-0.321541641924814	0.366501512954478
-0.153156966312455	0.175720250643952
0.172598214791354	0.203991346252096
0.193718651224766	0.161808173728586
0.672726948698422	0.607245691499414
-0.203040717697797	0.193109658048727
0.849291288796656	1.13875274671025
1.27646186589748	1.08571297739345
-1.16545187702598	1.81087014095172
-0.44358105739298	0.650750823908275
-0.0744322509249663	0.0718798858364292
-0.0161824874300754	0.0138917013687492
-0.097157231313687	0.0768730909306809
0.263583717344076	0.259052973943406
0.573108795733678	0.723090382411443
0.645743853300768	0.975222562092672
0.25495276005988	0.262988996368704
0.199175407202826	0.184883060462912
-0.140131291114207	0.128522215109725
0.20540175024953	0.199245562127214
0.0855576993702491	0.0767267832707015
-0.13086282762562	0.110452155738118
-0.482003155854461	0.555926586591103
-0.589134354539109	0.660166562265553
0.324840902771554	0.348253998446741
0.253828258114867	0.241971376153836
0.423146366138897	0.348870049340697
-0.370269358634402	0.304222259150683
0.199837723122337	0.189563313577599
0.0229168910122756	0.0155505437471926
-1.17795559632525	1.37892383306378
-0.109563505318239	0.0852429645484759
0.406467875160394	0.346252953294307
0.126385730000527	0.101660045714336
-0.572167397890371	0.68672863949957
-0.474974756069215	0.521397961886331
-0.311022507149579	0.313078972289349
-0.497940117721572	0.434387655328104
-0.173826227316092	0.0707120984295597
-0.240251539637269	0.167783017013744
0.415428495696074	0.502457304300374
-0.155987667434265	0.164678332310507
-0.00555971860610707	0.00475821198675151
0.214554887424887	0.292284865821791
-0.209150637831041	0.271879406806629
-0.638382620651021	1.01034743873799
-1.24118027523996	0.687260174590264
-0.617134704590238	0.51769788202769
-0.57391574561067	0.529840039036494
0.383246699838724	0.23817938245986
0.210320326712047	0.19356317167819
0.117358006169295	0.0803855385670938
-0.601883552612934	0.49452586265976
-0.548929518424116	0.467769452724881
-0.875874551676627	0.746728235158481
-0.668072490763645	0.493031651811446
1.81662781230451	1.45046799494965
1.16908489051677	0.765762565671999
0.62321688242638	0.279474083640534
-0.55508746134029	0.372430746431951
0.136282061227543	0.107183561971472
0.349414258550516	0.244718495863626
-0.122799954240546	0.124544542522025
-0.24894158286129	0.290264725707145
-0.344241629948807	0.288896015102621
0.211293790517821	0.167899571674097
1.2249100241237	1.65683028489394
0.267938565159311	0.253371319331748
-0.272071521963301	0.256470883898699
-0.691800615163474	0.559095663463471
0.422555991442461	0.347493253952848
0.0761806071055431	0.040358784733435
1.14749597728026	1.0131683536737
0.382195211913898	0.409643245356418
0.191119059059414	0.17224910035444
0.545058844288992	0.468421942538399
0.419548479149139	3.13281043402876
0.586440835466118	4.31545238424229
0.0769025141269026	0.256723774226626
0.085223262966535	0.30797377638236
-0.236534713304046	1.10530354067059
-0.230345778362143	0.667314254486658
0.182976167726827	0.294648991139956
0.725081157609456	1.82230274343879
0.551839668688773	1.59994053868896
0.38103811815892	1.08666221946303
0.188884627422748	0.403399992450624
0.511825931372195	1.67768110682545
0.183074146335055	0.293327052828915
0.455246577145736	1.321549268703
0.519568663193063	1.88060327671234
0.439948031053025	1.39019021733797
0.24653851466986	0.638593951024873
0.311578429590214	0.777817921726795
0.328756465959472	0.416818094246236
0.0429605829889626	0.0462148343232566
0.559185792903681	1.13677460292393
0.498302205650148	0.819771672883528
0.702580148077757	1.99344248082982
-0.35128812075466	0.484868545615553
0.773633677873573	1.3976532318956
-0.0661137074981441	0.115696790325345
-0.264276450677829	0.613099428395021
0.264165207819316	0.700998179145569
0.0128431363247807	0.0218344513950925
0.771927059953329	1.9368680970604
0.388403727254767	0.348795256315291
-0.140064858229947	0.0900277880480908
0.0328034869446928	0.0229208070954173
-0.57791263350652	0.971236791468495
-0.44293557164593	0.77772250809759
0.527952673543858	0.468033712251464
0.319803952167811	0.429196570325502
-0.15694308786768	0.142614719286094
-0.199550399713679	0.259590242958179
0.0990764950808299	0.116685680644734
0.451546881179684	0.760842538182051
-0.358696838415392	0.515181451731639
0.296681267097001	0.23672893107224
0.196320269339377	0.235214371101176
-1.16849190828262	2.73126930184202
-0.359546092288924	0.330700095324786
0.51091505205468	0.842804818675142
-0.00816019850644741	0.00689569717702604
-0.552052185091989	0.554859671109277
-0.0425069697586766	0.0342847895878615
0.322410083406352	0.418128397011237
0.0692622268856451	0.0815323241387354
-0.126422117176256	0.134580875304029
0.644584689451445	1.07662457136832
-0.332370439145928	0.2499165028985
-0.215800836251354	0.174398607157595
1.93647320784148	1.66704504499018
0.49618813087203	0.454654826907903
0.722617085251185	0.714346859953448
-0.230803218232733	0.183127023717001
0.807231292063238	0.749218428787698
-0.384901797532289	0.481816847925905
0.0789882017972224	0.100038218316044
-0.446303988440016	0.511431546927988
-0.00116518923868413	0.00125545680895131
-0.795370960879366	0.929743103477063
1.56668925392435	1.34876424661956
0.755917480223188	1.30507419178309
0.256036428628455	0.291992320009476
0.207138918300108	0.175362108398691
0.198237299915984	0.161074072506991
0.427001134782868	0.427854674331708
0.654953957401673	0.922710663590065
0.17325582357237	0.248712698556408
0.10250808269334	0.111899957566714
0.39663204309062	0.679268413480192
0.244115914042088	0.348967373479646
0.142939973819322	0.141596056380036
0.453595102852961	0.512363424300823
-0.0818314601761287	0.0838167757013561
-0.281521130070783	0.3626725665347
0.660157800727203	1.20930749961114
0.33806074701769	0.502456084574691
-0.067781347987533	0.0712807752205392
0.317396289319922	0.339088619817968
0.0164453987147387	0.0131735498322486
0.323933209774466	0.356379414158097
0.355262331794355	0.541324748416993
0.0777928954934614	0.0789253168374146
-0.422688787044641	0.550276527325724
-0.191319306637691	0.250283160191485
-0.162313396294285	0.223373727880634
-0.213094743423083	0.27785686397154
0.0449022150661591	0.0397729665933495
-0.213661678929103	0.237633551749006
0.209930278368936	0.222858078498593
-0.00707595870250409	0.00669119069347033
0.572525603216846	0.8715888144057
0.416023987465119	0.413250914544066
0.69247733759668	0.710370569348052
0.291620097173434	0.243138165442935
0.265994349326618	0.276041755601967
-1.01001489439255	1.84782261418251
0.206660256190606	0.253759612429956
0.133309469854985	0.154531470824237
0.537041128593166	0.628539041078532
0.100755269197139	0.117631493929135
1.21285967912612	2.05184199761211
0.308496756219611	0.327313938304954
-0.318747977344896	0.312982640751665
0.0466289512117198	0.0414639907812258
0.0239742875267576	0.022037195273842
0.0116209792419831	0.0112068034215945
0.385063495858118	0.431251913915978
-0.852704171535218	1.14144236395557
0.531704690784764	0.687304739098262
0.623835688821324	0.977868668447273
-0.269366778903585	0.330141898786402
-0.0431699749290996	0.0429223308943487
0.382308480617951	0.492849564783101
-0.347862526540802	0.477553594983565
0.0456860256091957	0.0444078389350571
0.190210832605533	0.170246927068929
1.82531395575243	1.46941490704644
1.35651521924384	1.40019122795938
-1.38140963677012	2.63880799452071
-0.622934126151146	1.04513498508837
0.0269956403552172	0.0252424262694325
-0.603061842728043	0.719105663385338
0.214315445918769	0.181662318925412
0.208678168946918	0.167140426416538
-0.847049420201201	0.959172032044415
-0.795256250158513	0.974532177094363
-0.349489771100735	0.320752112067058
-0.010205707513743	0.00764181535725991
0.818647174290316	1.10434334379851
-0.151396373321237	0.140433806624846
0.0804951559927272	0.0670474925523939
0.689887331032587	0.776825993536185
-0.0736198582044445	0.0658658878684653
-0.27669007779394	0.261111019104562
-2.31337929316696	3.35416421613065
0.0839760986661824	0.0719769060186878
0.130193094758974	0.0982323712868325
-0.600274711797971	0.71727896359635
-0.167608079746317	0.120699952030794
0.0376086790254579	0.0263530417849649
-0.0936835890488199	0.0801290602688764
0.293982308241714	0.24556365288601
0.309725261635493	0.252211409920678
0.303912154803779	0.247298679242653
0.207400451841575	0.169641577016189
-0.212050094706328	0.20521760853279
0.260568326341884	0.262451205288606
-0.86118532469992	1.05222658816353
0.444599776652848	0.3546570487272
-0.331926233842458	0.32920130193594
-0.168909373623866	0.180991905221694
-0.20558207220863	0.229327174408681
-0.237328804038244	0.209401355289324
-0.0723727280943552	0.0393271742966333
0.417576431208909	0.591905961422959
0.0142913475471357	0.0158485173796201
-0.193907453885923	0.251817824919647
-0.841899265874677	1.23804098431863
1.21095893386771	0.633807674118265
0.760298263752356	0.632331042982101
1.14683650138895	1.03272246763836
0.101062883727129	0.0637548084722151
0.255273641242922	0.283287337476367
-0.539173264226849	0.450712921504688
0.732872153362098	0.815360680367913
-0.193551576280505	0.11659030248626
-0.873364709774417	0.751725881557483
-0.357336502950147	0.228336768809188
0.323141337596465	0.139005030058225
0.321648395107452	0.139081157060614
0.273864462053174	0.129995116698945
-0.269335920100358	0.146415770132513
-0.455930910190923	0.40384635276785
-0.42472751607841	0.306658142248507
0.196780234547032	0.244051437677381
0.290716133263951	0.381285042686905
0.294817749947634	0.341695305421012
0.218359456002184	0.145121484241892
1.3581687766339	1.40916079580605
-0.180742101086889	0.189976834239362
-0.254063557742639	0.255635417641689
0.631540233579056	0.671970123533341
0.642204426764563	0.485025252155927
0.521677349311599	0.611836625603514
0.229896468405085	0.136911977592603
0.609080786431059	5.55866796477444
0.397323964103166	2.43410148783623
0.090999803398126	0.300253624542649
-0.376818518807035	1.95456258462272
-0.102432001995256	0.279323731599757
0.103544343119789	0.194231263556526
-0.0522932183651313	0.085762090708862
0.577783539784331	1.99409714714823
0.547771149551412	1.97097696885054
0.220674220245968	0.478218919301389
0.329958823862264	0.906513761291623
0.145360512625919	0.306357661709898
0.507196073465375	1.74064978582027
0.247925387667714	0.560200643947901
0.363981407447516	0.951981093601042
0.514018565905234	1.71308466971699
0.165273575887596	0.381983771522284
0.160867662115866	0.393341011402502
0.451288103565764	1.49392223394773
0.309360370066405	0.641004317622781
0.263694707932834	0.54377790245665
0.355263309181857	0.777060193129834
-0.000982972804733246	0.00127209975945891
0.0442089417873108	0.0551462994215982
0.144472581120501	0.188183208511056
0.163182308561213	0.297795828408243
-0.124940884863933	0.188634065106287
0.228641668327496	0.433898954124545
-0.0721413573387346	0.104751077165801
-0.040195915738593	0.0554401046050091
-0.230168994835108	0.456670539138853
-0.219227761943644	0.468313488316817
-0.0433954127248925	0.0723933027364532
-0.0511260202892775	0.074981627730659
0.162131651554735	0.189077319973302
0.053788777625267	0.0528142304525609
0.113671381778723	0.109989464405852
-0.0480206156176701	0.0588228888295929
-0.4053593838231	0.762646893963876
0.120925436954067	0.130583948747313
-0.292641325051276	0.440394874312333
-0.0832302810533055	0.0869742906812557
0.386913439014619	0.665381455099851
-0.0350521275862982	0.0428012138861223
0.350728478394617	0.608192046818814
0.531343721285156	1.08334083824903
0.815140326516498	1.44168583486954
0.143585869515943	0.147555178103296
0.210715479175282	0.290341245179212
-0.450701204811776	0.642107004539766
0.19239322857971	0.22005987328796
-0.44708896833558	0.621899103208266
-0.0546293768192683	0.0534251497359342
0.306244644515771	0.40898924360105
0.153034950564098	0.174663514848873
0.112970324943625	0.141870438298262
0.180821635384238	0.256208604872613
0.447961186100539	0.733753664099379
0.758635066051791	1.18607012152893
-0.421867700891747	0.482187244808682
-0.274866034132943	0.232891646370125
-0.128625117295152	0.130038891770504
0.0303723556412842	0.026086097675563
0.259695155946324	0.278930845745288
0.863385867706107	1.31403324169089
0.511506845209846	0.955735788443728
0.351139719227291	0.593073030047374
0.013955571620783	0.0140304092435356
-0.0554932907728441	0.0660186678315155
0.31951761696967	0.444002510762345
-0.0973880384831124	0.0859626300964808
0.775738357901506	1.13184498328612
0.282330612520355	0.3817061466064
0.553084158053865	1.08551593842255
-0.119100989530985	0.159982058071448
0.675859448414663	1.08987060266041
-0.668185339358063	1.29684712563618
0.212073122899133	0.242304140452198
0.207939356724678	0.245191021955688
0.134390519292371	0.186525539895657
0.438310218373551	0.752456616765731
-0.199439270907434	0.243985984052306
-0.234049705037078	0.335390831660931
0.176202840830312	0.218291555078831
-0.0348293440958838	0.0348290557507882
0.251817051067171	0.257794796869081
0.312937855214317	0.37087762743218
0.763200609243435	1.06078677714601
-0.842584065412211	1.18814972120846
0.897498606246522	1.36035584857642
-0.260227735841077	0.327311131972464
0.379486914702862	0.411690911670506
-0.176829514928759	0.169203059039821
-0.145686874096154	0.134688076384578
-0.163832680890358	0.186012806755906
-0.0764905882138012	0.08112626790875
-0.153965464455037	0.175318172723701
0.15564112390616	0.172774633250108
-1.49812954551176	3.49461628434064
-0.0596038149447319	0.0543226128996388
-0.331455945600642	0.351673493990895
0.138185286568184	0.160271384726173
-0.82808370041072	1.50407484017244
-0.205033803511016	0.265703019510994
-0.342172999643324	0.555430075665735
-0.263158674289181	0.302447254224616
0.445347591738913	0.595208785897027
0.542077103052051	0.929676582743894
0.274705094921558	0.367776136217337
0.201736064936774	0.217756106792929
0.821054017533421	1.50301020762013
-0.108415341586262	0.100029842791136
0.439364021225192	0.696706556575539
-0.206452839909722	0.226755831146214
0.691128870350759	1.03177281967257
-0.0822302033355244	0.0962806351755964
0.0302804006169463	0.029814828266453
0.364330083498308	0.408526652337736
0.292525902773614	0.243853689447035
0.261762186391773	0.239231132724198
1.02439756440941	1.28217023834573
0.422609722298455	0.43376331550202
0.0355492112437221	0.0257069042221502
0.30057833020408	0.338242411710519
-0.244038780431924	0.214817052012692
0.172605284152752	0.197157959950748
0.75197917960508	1.15447419742402
-0.0569735188506752	0.0457840741433526
0.046851427852265	0.0340096866188474
0.633742537337153	0.585434585731428
0.00630666889336455	0.00391807958082204
-0.177826544025863	0.201020216900593
-0.396057752743568	0.6979184007205
0.246430953648656	0.312617157435405
0.156709520708666	0.163268784886131
0.382488738736217	0.500535175480553
-0.00419925497757982	0.00320195417337224
-0.0122498196352669	0.00919501517762219
0.632713975815744	0.744182143199252
0.0286385748895575	0.0277037262611874
-0.443552379078367	0.600524258624595
0.129948964381385	0.104326355065169
-0.791956751424163	0.811694985179465
0.714164454484921	0.620223151112053
0.0160023150937864	0.0104593386806866
1.16310850917557	1.51283021893494
0.0295707999377305	0.0199445703091571
0.0331995659681989	0.0232916445153486
0.0224825541307557	0.0146323049268706
0.188461754648563	0.145472800231156
-0.234857822583481	0.186194488551722
-0.94401411221542	0.938190014662824
-1.26489856605506	1.71034814145941
-0.130380381170311	0.0977703544273031
-0.509849223254927	0.393578984565644
-0.656373131570858	0.633548404209274
-0.599793130887059	0.597371446748559
-0.109286686292152	0.0716286758307174
0.997419235585464	1.07461832024901
0.0968002887739959	0.06109950044372
-0.199912328450274	0.120110479528542
-0.872222709793115	0.827010352291017
-0.308743355718559	0.281853064884549
-0.451095666353386	0.434746177994638
-0.883612682053164	0.761197894502747
0.112451797314007	0.0797819379835263
-0.171187327060535	0.142548722417776
-0.00918880082303621	0.00685675251359741
-0.499394168467184	0.544008507562888
-0.125645758335528	0.119551777699858
0.0804951559927272	0.0670474925523939
-0.755782002894432	1.31546428293164
-0.00213426894994814	0.00202559314031533
0.445647229261496	0.437681563317496
-0.22261374225899	0.270931865050402
-0.762497507631487	1.41850774184168
-0.181075469372647	0.212713249804716
-0.364629364539769	0.435130789580013
0.526585875803487	0.538752527675059
-0.224088401736472	0.200389410584582
0.259757203053472	0.259862088347416
0.768574604309921	0.838414163606397
-0.464635453502668	0.543054045010277
-0.155452244246047	0.115674096884968
0.0461394419042782	0.0343952836480923
-1.21097865712938	1.94022786578846
0.314318800240619	0.235899285900018
-0.634373456521366	0.582293143595231
-0.129020851284609	0.0817624576305037
-0.453108858017047	0.357426728073883
0.31051028634122	0.251864645309171
-0.658905117865727	0.644931997676782
-0.209897255037833	0.200341356501696
-0.22161211158723	0.232098237043825
-0.719078947341848	1.027396271755
0.081359342602995	0.0697449767868969
0.0792223477031885	0.0688093648921294
0.145391534476011	0.127104717848543
0.780601625572441	1.0174931763684
-0.335844863265576	0.336409870356404
-0.385717491252022	0.403997620972938
-0.416195152628362	0.42724194397891
1.53862281872044	2.20166996151649
0.0458217732288059	0.0332591050799808
0.407700109209713	4.05034708709469
0.116571610628706	0.522538796220244
0.0518015446212047	0.18635458429819
-0.503001597298949	3.38541116784281
-0.647658328761764	5.30535183754876
-0.184321519681039	0.62338552534441
0.29551740599922	0.910959061413618
0.673334726030941	2.86448368211874
0.427549565713197	1.3320877889785
0.673365450463943	2.61625628331584
0.00887331832657083	0.0136714317404524
0.228120992692152	0.49211754185235
0.235885216655618	0.595076982312628
0.11474631519854	0.228695282798035
-0.15764216232374	0.321249372083727
-0.348603422108389	0.779072548407341
0.251789279145683	0.588607817439599
0.196978064757124	0.447702871559877
0.614512290459671	2.16833756205103
-0.197191158184268	0.403600672811215
0.162439220217349	0.30394800355829
0.194000900973312	0.260942882023382
-0.203490303588899	0.352320334992652
0.11123856311691	0.166616961736937
0.30370859240745	0.370667234711082
0.714461376285487	1.93473292321797
0.028863391048008	0.0459307045422607
0.416706782812074	1.00858090125732
0.0248019877923122	0.0284038793670164
0.0581527968965501	0.0714642375901337
-0.447198581526784	0.962698929943774
-0.11389798687949	0.195560967685382
-0.140650180077559	0.25762272336066
0.542108623264997	1.88572471193952
0.184742275899266	0.285240069920444
0.496042806249285	1.01439180069666
0.0733819792737065	0.0888356842979324
0.222580846323401	0.374906549368335
-0.0185739167427172	0.0225982802903926
0.184552041455214	0.256680001797016
0.311496010057803	0.501495714177934
0.177349568788537	0.228728318262761
0.0746880624025512	0.0906700403087624
0.246746364095037	0.343975695920809
0.177920908986207	0.248909514852479
0.24532130687454	0.394452872987361
0.230178089858038	0.334230072341048
0.168826234164848	0.196998236592171
0.695132286306559	1.41126884315759
-0.361555460986222	0.536499812489413
0.574137936468865	0.992183462991428
0.327868690520514	0.484126987025497
0.25888617305723	0.351504361578705
0.0727884703813447	0.0872668974284944
0.301750055650749	0.528859922353261
-0.0512891925104743	0.0614433075497104
-0.0791163089989387	0.0949068549820449
-0.459205793892387	0.846774799031247
0.53987592294722	0.905823568974175
0.723630291416025	1.27842537636548
0.679275905598285	1.00990063250866
0.115315840246664	0.132064828491989
0.352375020665151	0.458412633667285
-0.0296927698463737	0.029783996917714
0.0170065481439067	0.0174363644524601
0.117422847753879	0.159558449801451
-0.494591788044269	0.801684945061309
0.762065312728541	2.0594844192075
0.791742608910325	1.79400367967265
0.419059279770257	0.668856082521868
-0.383976188156363	0.504568065452
0.732236937384166	1.46920634084481
0.524683912739383	0.8510954827455
0.524742395578914	0.91335181204069
0.149353470160579	0.21456924414793
0.115544034811441	0.15105328887038
0.184425768153608	0.294200920225196
0.608893516712265	1.50837367852005
0.391309945270134	0.716617726710087
0.112195192502439	0.155452266523743
0.350972696932083	0.608409697101847
0.0558144465925493	0.07832140061376
0.282195819451491	0.519843184082161
0.125198715574801	0.16438992222368
0.0149784625761536	0.0190813284832099
-0.180090535554104	0.302485337297962
-0.412975745302627	0.724686127003462
0.324139122576947	0.451177681328414
-0.132901629123682	0.125505775716628
-0.902037458881743	1.20085339022989
-0.791535981143959	0.866746162263341
0.501481904524659	0.610503342325531
-0.330792760754365	0.329268513602534
-1.05282639781285	1.30367792219226
-0.319054390212229	0.2705556113651
0.427543825306862	0.427689581381865
-0.141624117873605	0.119784829584535
-1.08345717134626	1.2934295879895
-1.48345879594359	3.22650754787633
0.366104011295029	0.531257925444988
0.099953237312393	0.123279826834082
-0.130687330610015	0.149647937940514
-0.219957267899462	0.229460604478306
-0.284551062193275	0.245680576442038
-0.512003517674232	0.556844010216033
-0.986353017813307	1.69482315720176
0.324534964217923	0.325110987224944
-1.13635432302679	2.59775262773393
-0.461212263543637	0.908891022349568
0.22371135744234	0.278629131479816
-0.713329461207413	1.38956007080091
-0.786336049886344	1.28498477443454
0.565450672209827	0.932170978731552
0.269391876994788	0.37897095413132
0.311735385137167	0.443620959856662
0.45865980966286	0.665449796295063
-0.0103343560676656	0.00980213230399186
-0.109374494092782	0.112168322005904
0.019552463995358	0.0178527725345151
0.200935334657665	0.224106815004165
0.346556411074066	0.428384790831749
0.385224774232671	0.336439652556228
0.36531301528554	0.429243395194203
-0.127504290312339	0.155525347132428
0.0861024237536406	0.0513567347094128
0.25085980324563	0.130439215843075
-0.137144856105517	0.0883051894908848
0.48967786884276	0.357265602304334
-0.415570214210355	0.296712936336162
-0.550779629767308	0.473821393001093
-1.68102960309975	1.95572570049124
-0.194358872154998	0.157971266716736
0.214193794753579	0.16574498551628
0.442215785593733	0.353950969357641
0.244748841482298	0.307197083798092
0.353491241656151	0.433509128779263
0.333651502042831	0.523695675434509
-0.288295331718737	0.290266332265593
-0.593251210830334	0.583015124055399
-1.82065516671931	1.95510442628717
-0.422250711809901	0.255812959580766
-0.615620004318613	0.520383991682024
-0.188458874361026	0.112509597852423
-0.0522691957944141	0.0295018308253788
0.0886465895823213	0.0532390105407533
0.720536226204705	0.711823624725254
-0.941074681418755	1.00287918935601
-0.633761743647245	0.571900385774752
-0.417639443886147	0.299407612191841
-0.430018471718555	0.31013825253183
-0.961568990510811	0.879860689385672
-0.547299107954073	0.467133679410241
0.0900950234064018	0.0536547867965522
-0.0678298588210729	0.0370165842214782
0.2157072859422	0.135744872104542
-0.967605034634881	0.898085718911646
0.0777955233749739	0.0380708751692055
1.38065001033293	0.824490122324127
-0.65601796179599	0.64440802522605
-0.0160917028192321	0.00943934539246968
-0.312056336126558	0.207562541827471
-0.412830800401494	0.401621089288841
-0.177461249523962	0.189277786202283
0.0471070708541797	0.0512077767130709
0.120158245926856	0.096180009595596
-0.537848935530791	0.653165747532084
0.0364586643651274	0.0366173542250608
0.0814181087351245	0.0862570951835559
0.0150331459808137	0.0149574141462821
-0.536108130834538	0.782051849025087
-0.746842940549218	0.952782055848057
-0.147119522851653	0.157697612037982
0.3746574137598	0.43363498248024
0.261138299986462	0.258660089437144
1.25620574726396	2.60633937254947
-0.224719111128715	0.231636815629945
-1.09428094653802	1.88648531657405
-0.231676572724681	0.239357773848791
-0.997323059964594	1.11490414488472
0.137417842390931	0.125805701178093
-0.338754359038743	0.361304598364654
0.396113740154867	0.334395448500486
0.289715779627449	0.256589583777766
0.110804751842586	0.0783937251998996
0.0162811703498176	0.0129944583032491
-0.0487736495872794	0.0388273027256304
-0.322847134438724	0.348434768332494
0.0538242367815256	0.0489307880927993
0.320183072464831	0.335387647559885
-0.0950665415412994	0.0826479958506802
0.211340660805082	0.199818186856484
-0.373253430733362	0.336321773832901
0.276785844238677	0.263727199359971
-0.0635342348478263	0.0446176755871641
-0.198646870907716	0.178932124467945
-0.197481840460467	0.162617564918133
-0.302485666599345	0.300844073107767
0.39934336182322	0.428663924649015
0.0437323331499624	0.240421857393187
-0.247884183175372	2.59196942358378
-0.351010019885986	3.29340028422863
-0.405488212901756	3.56832869980475
-0.480762883200464	4.69030813227172
-0.045335229823639	0.104501229896595
0.449146153320026	2.11681012444889
0.321890523483248	1.05151238788843
0.110821928000244	0.221493015388703
0.272708786424732	0.651005981666603
0.475371043979261	1.20008085006907
-0.256015481926836	0.464998651230781
0.121007647631758	0.257694258882861
0.240601928400054	0.472803009296126
0.11411616292623	0.159844058579541
0.461990091427059	0.788447316273739
0.0312455128848671	0.0515532933802202
-0.128847547171262	0.301431727376786
-0.0518884890151154	0.0911116899550237
0.257797590265822	0.500178574899769
0.207682334360503	0.184141045317805
1.0134440357948	1.75060753111985
0.6768536795511	1.08123533751426
0.793029717461788	1.50021348933533
0.253008248757137	0.497247567078345
0.135731468196376	0.180478873495098
-0.317147591467864	0.392157648037471
-0.320104642101381	0.512147079746447
0.0621238422898211	0.122320134844915
0.112921463865583	0.228179545859624
0.0659587080792421	0.0827002709348711
-0.0641791151026271	0.0866841508704708
0.198209108869169	0.191561131249796
-0.707630508062948	0.966760733717722
-0.444595808282902	0.542083814718624
-0.158971795876766	0.181673552133261
0.245689079045297	0.357452745967643
0.303065067638569	0.801015753060071
-0.088359785389001	0.152009992302337
-0.0952267133114691	0.162308366134542
0.270616589114478	0.489298934778029
0.212241218694789	0.337759880750671
0.314863745339381	0.442543094241855
-0.0177433094975105	0.0245079566543761
-0.202531441180549	0.275931370300703
0.310170383316327	0.525917764019756
0.152658490787365	0.194302425755095
0.293264013065265	0.446479999400943
-0.342910894337627	0.455863443137071
0.0864810538859321	0.092132780219991
0.244009730797128	0.392394074273919
0.345593182704297	0.416672464800315
-0.273174465736407	0.311216277141766
-0.307398292752122	0.563383347787746
-0.0323464415120803	0.0326884429953514
-0.353992464117651	0.418467460880832
0.0273847856892446	0.03469319334046
-0.168102477048531	0.246512734324818
-0.0682314974012916	0.0829583059952608
0.00328255846746332	0.00330276201651409
0.125592175375528	0.16418235562694
-0.0760483771198666	0.0938543819195902
0.146350465542707	0.222794766222781
0.320630250091206	0.571523012790222
0.242503951787293	0.375549066265836
0.258109319086547	0.362046272199365
0.162056982322778	0.207063736699203
0.341560655366448	0.552302594634754
0.0176372188823954	0.0244994458903419
-0.403302767781101	0.612207521864957
0.0962172923178416	0.0905291493249452
0.173347436015515	0.257289839595854
0.442184018478233	0.801761024534839
0.0906602747738008	0.125333398446753
0.562097696766914	1.15551686783297
-0.0117194973627532	0.0153640341595041
-0.0351692981311175	0.0467456758713573
-0.399695827271876	0.740595616488352
0.0712189006284053	0.0852844055073337
0.061018950047439	0.0608606448098471
0.254956376754902	0.498529621938157
0.211921132997772	0.318809061213176
0.0597472190438091	0.0917222563388438
0.048044723226373	0.0717783771582616
0.0753626584109286	0.0923468326455708
0.2427540465558	0.378128085853076
0.125918145843569	0.10112899208137
0.130068251976495	0.0922554856341329
0.493850802062537	0.447132627663445
0.311010682038699	0.253394627267853
-0.000957880180406372	0.00124694343169849
-0.16938303249047	0.302970871493763
0.319948753947548	0.659024717297646
-0.0518418496009252	0.0514001787793769
0.226229196974157	0.156868427913391
-0.774520235989143	0.6219819335507
0.0736369275090234	0.027210195538483
-0.356687080885724	0.227267674743327
0.423523581162694	0.248387323195752
0.0709641178384837	0.0347788158056229
0.556539014745716	0.361257361264716
0.704800086440792	0.51309882242262
0.621544457108297	0.377763348044639
0.700599540072833	0.512502233478648
0.527883268765927	0.367514864554192
-0.237600415319352	0.166494248319804
0.153762213344017	0.15382021926977
-0.232333990197453	0.331207559720171
-0.965922402374026	1.57201989089148
-0.176275577182207	0.128050936371846
-2.07404021799075	1.39738932706515
-0.547598888352597	0.369071403972829
-0.550906786622968	0.370768275218537
-0.734345107106826	0.441948061566645
-0.204526853106737	0.185320092590293
-0.543806275419721	1.13722721510937
-0.173086572913736	0.201574315362476
-0.0904638528695295	0.0922084186413849
0.570629853914273	0.840704391507001
0.00423176336525281	0.00381624789905279
0.0346156494068966	0.04190644998699
-0.259541637370984	0.443092606810052
0.0761903740578203	0.0966447127718245
0.0502778033346388	0.0519605495585171
-0.457060936211778	0.496261724285312
0.0351265734946086	0.024606900189026
0.407270999734213	0.438293458648487
-0.708977771440093	0.927862469744283
0.260284226633837	0.244562016773798
0.273131490084097	0.129485994094099
1.15959040105193	1.27722520893979
-0.272242045588351	0.148831545246004
0.368188279252864	0.245984198305843
0.521831532758256	0.258403455202201
0.487064887980427	0.615414056853499
-0.186498276889271	0.241751677924701
0.285492693107952	0.385740126319719
0.772271829995036	0.524013226460584
0.317770688387222	0.137244270339329
0.36554271253303	0.141112504091422
-2.05935420600484	1.42226447763125
2.44620437147828	2.13896002439649
0.414325250899447	0.241686072260603
0.623907306534403	0.194112599022884
0.0686434146716662	0.0340463742706766
0.314137011705216	0.135411290408104
-0.486057691548106	0.276008144312223
0.694916465700158	0.503001553041051
0.139767358964779	0.109213881732766
0.321546656076014	0.139428164104957
-0.178528541415249	0.0720897713859196
-0.228335465224052	0.131342481420591
0.276515946516273	0.130290096489676
1.26975493617444	0.545870640727711
-0.0314360959873567	0.0183492991640757
0.0244579569636057	0.0272805936732285
0.3757868621454	0.500068782245504
0.72248375257594	0.785247508617633
0.0939492428415867	0.0848243385275084
-0.825262944012831	1.49321616125882
-0.125443047073506	0.152338553251422
-0.0742459181523597	0.0403058888001639
0.0720380604173119	0.0382106745571173
1.27177125617762	0.538012470948251
0.524701774449903	0.261424135640367
0.315825776229982	0.135623905452969
0.461733750949137	0.250033064194576
-1.74956710348758	0.99910688751854
-1.17677476707819	0.804852636321753
0.913225141503449	0.685752602022274
-0.867058826250644	0.477775870502144
0.462521303506168	0.35482164856681
-1.55943829997728	0.799626658946117
0.752983662535768	0.309028918061035
0.101230426961354	0.0296586789627306
-0.39253472880953	0.18309751489895
0.525957113543477	0.260186018500572
0.0733716825542203	0.03017139908691
2.83895462479864	1.84162920073176
0.523972278835045	0.260868365725364
0.133487547685943	0.0330756337612284
0.62331064650004	0.280162617733077
-0.219262883482219	0.0807880002133907
0.100674308760322	0.0294967719119431
-1.34793974061985	0.616143769579578
0.414093039633301	0.24033940803472
0.622570316148265	0.38340675632896
0.621758163857924	0.382099639621282
-0.788967165857251	0.811655894879003
-1.13196264752249	3.45758555992903
-0.0159411588781948	0.0182549692671148
-0.569045099818221	0.522744366654725
0.461929100213927	0.352037448198223
0.154655456307861	0.145619758169391
0.00854300347082474	0.00987788092398771
-0.550451082888838	0.696140803073129
0.211795107140755	0.151892817750381
-0.384119164922673	0.34867022801036
-0.467609948873965	0.630398671796786
-0.29098372999231	0.41256692367764
-0.173952982475892	0.186586198327105
-0.0563104389041614	0.0555699054729048
-0.12465424106197	0.13503659866821
-0.904607583953706	1.15148870751134
0.205922431348257	0.164075975879256
0.30251850110326	0.253870897905619
0.253704174438569	0.242369937718582
-0.278873405376505	0.333911479704085
-0.236582545860452	0.259183514783206
0.0250275120941545	0.0210347182483919
-0.435479004410399	0.540979401888529
-0.11200281542954	0.0976958277708523
-0.12147890508303	0.113652200174973
0.516367856240483	0.526848222589811
-0.680376252944405	1.20866484385768
-0.0133154191077348	0.00802742153282052
0.205494586634478	0.157132793635083
-0.555042344761094	0.559944006050266
-0.362865547886227	0.266216093178489
0.083912690705047	0.0746113767964167
-0.466533167626563	0.374051815904214
0.213529172532193	0.160376907155074
0.40293503566204	0.342316281635745
-0.185542390244022	0.165498482341163
0.150164601770009	0.131811018142657
0.356652125791803	0.333435180444362
0.00250706412185198	0.0109893564548732
-0.0332763410570059	0.14716670107319
-0.231948373837933	1.56074210913519
-0.334670832598967	2.59079732027759
-0.498721325955965	3.53922623006448
-0.328532187222885	1.80965296952086
-0.0565595095240842	0.138181365635263
0.107750560881077	0.258247273123091
0.436379413172456	1.58669101590343
0.634046634855326	2.3971861554586
0.114142696165589	0.213188094807281
0.410021571229241	1.01632274989112
0.386059870598942	0.895688600889022
0.211983628967639	0.497779796126167
0.16681205432435	0.334371085137736
0.413963147120688	1.06613523204238
0.175367552101221	0.266884113462136
0.106687278982323	0.166880860860686
0.158126293248453	0.325382706349323
-0.0360065309950027	0.0629069503226602
-0.326879441231025	0.824374301496402
0.195474698172393	0.367583926589451
0.317506790305397	0.780734339248598
0.334896046531256	0.42488765790065
0.565669440808285	0.859690470921611
0.20256788299338	0.214198821715243
0.495521276010958	0.833732289637559
0.539326062179119	0.936511992320156
0.0263518323465536	0.0298711570920211
0.133392222263921	0.19096741371564
0.0484963270302255	0.0608968563296397
-0.0736501708935623	0.0659359278922798
0.0707631652227768	0.0900330598868888
-0.0548436817750764	0.0936031276836759
0.354929487849314	0.910219007502534
0.337214076915531	0.615595056900064
0.243636625986184	0.437517710440371
0.0942174831543352	0.110328485243288
-0.529606768864499	0.864065248461813
-0.234715263907043	0.282931995668592
0.0301368719438803	0.0307639420280483
-0.54659689692649	1.11444880525846
0.0476719841115025	0.0586720929005995
0.123190629450835	0.224205845708338
-0.518707682321696	1.25181918790406
0.311012064985747	0.583718795917214
-0.0454970545289894	0.0549397924993838
-0.0892940693276778	0.122599416003637
-0.0534202171013061	0.0594064177591073
0.459863205636275	1.06135152043626
0.104229975196424	0.118543576737153
-0.264956544477035	0.403393184631334
0.0859067808789747	0.112027880541033
0.136907535559496	0.16737385843082
0.1636131324794	0.191861576490583
0.299252100679121	0.372312498284279
0.239861472231119	0.356379371458984
0.359661616350592	0.561822817804988
0.627335825804531	0.750742995774873
0.0860532876736729	0.0908065394135437
-0.23914304309332	0.295173700436938
-0.367535904873316	0.525648689850712
-0.0252800937262338	0.0300580055420309
0.072959581894854	0.0811027451425891
-0.112933808784501	0.138607453940819
1.04247005783231	2.32631412830277
0.200347617662324	0.241534161874415
-0.276678476654812	0.444417928408984
0.0959965236377827	0.12230740737335
0.475209723295704	0.862152860229636
0.181090413111325	0.244997590015314
0.235116336442696	0.309009971250839
-0.0480335108464538	0.0471540318706012
0.205012462172276	0.268017988889618
-0.126581124963663	0.18188708764992
0.293942341931003	0.483472408930559
0.229282987935635	0.310823346435974
0.0219244217985491	0.0262106179234305
0.505856823048002	0.821255607320668
0.0450587466484895	0.0508399046760639
0.122831957457721	0.148108258143507
-0.033678349976393	0.0390234317313685
0.338523224194081	0.530916679245069
0.252493077929427	0.389069896561709
0.368021902716495	0.665660419961925
0.62012722085358	1.24720477758147
0.384678382002915	0.51424359423721
0.408658909969396	0.852191616657499
-0.450570651159986	1.03112426107163
0.206327360415011	0.279063563226683
-0.272344199998597	0.544796726171928
0.217058833350756	0.383448821949689
-0.110028582553573	0.146354654137599
-0.182335178717803	0.268675232128689
0.425184673768618	0.805790406905884
0.174720519712395	0.259529373357292
0.0749948937455333	0.0625155225686498
0.053740107217049	0.0389670432386213
-0.143290409257685	0.144380021933166
0.569859276689218	0.807909964547818
0.260359035893744	0.358665367858137
0.719753671376583	1.80470245394074
0.00600964895750364	0.00697276537918316
0.311228328689935	0.568364020667444
-0.0111592010976094	0.01274175965611
0.0885577855385933	0.128219919435868
0.11697472701487	0.150822340477456
-0.173169986837231	0.284470726349849
-0.552751739268815	1.2094027056074
-0.0409973621306323	0.0436953762592239
0.130133137192811	0.107488109009353
0.114273018974587	0.0807534485193788
0.216816394081877	0.150333843809613
-0.548201308707919	0.463771362249611
-0.156556329256338	0.0973735252835346
-0.179110654631287	0.130387408071787
0.337889345151018	0.246793095111448
0.64172162112668	0.491088216321343
0.217361553661164	0.150963005407233
0.60532051306745	0.57966358000489
0.286733358192072	0.253959909985894
0.199286136961066	0.18017082289834
-0.31224206205246	0.314500440720948
0.589049092624925	1.00370651876448
-0.181679159383729	0.165466959071484
-0.672805805376634	0.706501362887662
-0.0256552360692812	0.0189328807349662
1.69728597711343	2.19597426731701
-0.451079538015728	0.395790487687446
0.128550308421658	0.102722058658334
0.0610199449073233	0.0483506961606413
-0.400826158865848	0.61061886818041
-0.439619547978895	0.597013451961139
-0.183106374746144	0.161861465936865
-0.289908497520726	0.293694375093842
-0.476333726801783	0.583859498052141
-0.293880739624086	0.422526683123865
0.433031094860585	0.78855052708569
-0.401965300137009	0.551233747944624
-0.83188640281919	1.55265202968797
0.0665239039408009	0.0552977491741693
0.197922130857132	0.160847751615542
0.828454542285895	1.22027004093294
-0.262816352417063	0.264698959753333
0.207780574552566	0.180739375983226
-0.192003643231627	0.115425810449848
1.06466712030606	1.51528331847652
-0.086034279876951	0.0443575022055433
0.301724713456991	0.244724213803736
0.343460411006328	0.239722837431578
-0.274870648575825	0.150165780142379
0.774475080591601	0.528705761965506
-0.200804544440516	0.142686426126503
0.327193620304977	0.248006125310013
0.104420951687064	0.0687679696149133
1.31209723498437	0.945529131716135
1.31755580138134	0.958263141257217
1.45578271188773	1.15689546060205
0.484480806226604	0.353025588463913
-0.0186276307340524	0.0156479757030603
0.656714963587501	1.06115977164964
0.0799278878204296	0.0808474730515159
0.365815922095646	0.244382081921917
0.822777693353706	0.65906024160322
0.76500288995989	0.511417739110883
-0.0730931612502997	0.0396874773584888
0.913511302823008	0.690984876215132
0.0755854875796243	0.0371919330773576
0.214024609195354	0.148884616984124
-1.27152701738095	1.97865749918607
-0.239773409386885	0.16840410413092
0.3254572912039	0.247626421145354
0.605095617598707	0.482626018440137
0.503896540157667	0.460085827653854
0.308577016281912	0.249946446501648
0.57094421288488	0.375024580551125
1.56461788164676	1.34340301757786
-0.230526433055439	0.161233364594449
-0.615252013629115	0.520743796275025
1.59759676751244	1.69999843079566
0.251665599802201	0.129927109128246
-0.0929120004382307	0.0628127630244464
0.530726187688879	0.846370770842118
0.0508048607547789	0.0376253475409374
0.146803140596656	0.134903620430106
-0.0939862100646075	0.0742285788002147
0.0646882512212133	0.049946443716723
0.382358423271031	0.412676508651577
0.0140881437469639	0.0124848990337588
-0.398562342503324	0.518862423319434
0.763562812342526	0.740225876844554
0.223323342445691	0.133424446906804
0.905107554492933	0.683342854002468
0.628376775506871	0.38553463082235
0.256172147745125	0.131946613232988
0.0682456155872862	0.0310387997235794
-0.120150391337148	0.0581707805947292
-0.136520694465973	0.0881006631903838
-0.57051695197345	0.303744150777223
0.106738316286307	0.0732463381368244
1.02229845509785	0.724862985231776
0.624006494924513	0.280067889695102
-1.02999977474395	0.638276481759257
-0.117421543189652	0.0568175032227058
0.282981716610713	0.134943610422084
1.54077949622727	1.82114458072538
0.230136482443585	0.128151398700322
-2.06171718290532	1.4488903249225
0.625011033389575	0.38390376021281
0.0735252315786904	0.0265884081948403
1.45028365018458	1.16120714386886
0.322247843808629	0.136873611417675
-0.10033288938321	0.0657457998063669
-0.0693432881639655	0.0374975524920657
-1.73435973198705	1.76675124962941
-0.256653781688412	0.31063585065793
-0.721923148160818	1.13208061192882
-0.862203244806405	1.04743213598524
-0.254736982273299	0.19773663636996
-0.0690371128433549	0.0674346747416005
0.108197916625015	0.120658976081619
-0.362003218655501	0.408684077523903
-0.446766823192088	0.430016596295311
-0.377492744675626	0.368306714008934
0.049772095129219	0.0442609539745752
-0.467487463272182	0.601620415643617
0.19708353704367	0.197839933378159
0.060840163639955	0.056532799931998
0.356022971807685	0.433962834845214
0.139849152895051	0.119481721557295
-0.846813478515543	1.1231803313792
0.198314841157429	0.171116914750429
0.380199775157707	0.41985126850118
-0.505159276973061	0.615457121794934
0.350718625099304	0.329209781959011
-0.158751922036834	0.130291085801434
-0.136235855293842	0.115839538840852
-0.0273669030419596	0.0198961340589317
0.131690403691403	0.119069331868061
-0.500131802474649	0.541939713044758
-0.265074995842169	0.325530409632644
0.208484664393144	0.183976250276158
-0.607689363389459	0.503610067766417
0.206166331686328	0.152920338710215
0.631367473717386	0.579064009587416
-0.270754272006803	0.278173015722665
-0.450134814486314	0.433897986143993
0.417930308562243	0.344270828123677
-0.614031591781664	0.651250687075076
0.404255087510237	0.423856538052112
0.135971470567082	0.118751868051889
-0.0849308964623857	0.0668422739950588
0.470875792624831	0.678823468296673
1.00900901746426	1.17036865570295
-0.0134183708107842	0.0617450021745578
-0.0998686823615025	0.573969687090246
-0.155399610268241	0.877351728989885
-0.336986683843363	2.83066612005457
-0.388964485576827	3.61738379744906
-0.295153179923808	1.43689843191462
0.413402258418452	1.28052399263694
0.249120949808356	0.55974255103089
0.357366409134093	1.1679163341373
0.525621175572387	2.24056292531353
0.575398574955867	2.60235342175295
0.141479164672013	0.348411202466371
0.228176363546013	0.537806695798454
0.193260674174933	0.451432723511974
0.437414206720353	1.64066452428536
0.16924818760917	0.429763425250787
0.144392966168681	0.350497423987301
0.0368793975782138	0.0797538514837584
0.131569510048777	0.289225535486476
0.281298276902751	0.45661948902868
0.0139111561036712	0.0205618760115308
0.276981628656546	0.595881676471608
0.168903473130801	0.298816092802049
0.156286275525883	0.299103488737311
0.277901239471003	0.419107593537003
0.736955901273175	1.62824128932222
-0.504128766887922	0.973398272822971
0.219965474633004	0.398794044430969
0.110472939276809	0.145152885040301
0.174721805344002	0.223656865690636
0.0695276433235543	0.11033038038859
-0.184795556162211	0.376573517540745
0.0586127402936138	0.0915741730029854
-0.00785319272938593	0.0116521421365619
0.0920013435810396	0.149473452520338
0.213346913733739	0.461809290219556
-0.0753821835775272	0.144053336462908
0.0391007755386724	0.0709643527231805
-0.0646327573352195	0.0904175484630776
0.408454803412503	0.429430933718631
0.0322922330723332	0.0226001291323887
1.0039677400817	1.7123293027281
-0.250300801031633	0.336130286316474
-0.356369640762885	0.61205397865917
-0.268886050597681	0.290284180607119
0.670636042720834	1.15700079660655
-0.554003400108184	0.797502117400692
0.25364149426213	0.323663171616057
0.200974437953184	0.310531717555292
-0.14447304043195	0.190189976376815
-0.0426420416331719	0.0492999044675988
0.576251432506981	0.703644829921631
0.266302254319755	0.369289044123065
-0.353752595171922	0.556125290832128
0.302286063498504	0.325666647088813
0.470950257302479	0.720995284943644
0.00153944877669917	0.00144203816866954
-0.232493302206254	0.183718000443293
0.889566711019552	1.32667154528229
0.875311226776164	2.07284870935969
0.0117119753861956	0.0140906902732938
0.202789763026817	0.252529140431214
0.52195813511945	0.910851141955468
0.552534967095419	0.556042895895072
-0.460838272389271	0.407771745913152
0.0149149704640177	0.00972048769049986
1.03792825737188	1.38780521679771
-0.302206972439483	0.298757793767935
-0.01637664164712	0.0137023116785987
0.336860321957691	0.339599498885592
0.37763539590374	0.579185830460375
0.232647882575443	0.396851460777402
0.020567034158589	0.0195226338457441
-0.0465792377128152	0.0504637033907646
0.203456172071453	0.179507535212737
-0.0309532519302563	0.0220136749438393
0.763283847217049	0.830350991183119
-0.380763262526552	0.314356774774063
0.209358881727777	0.156974910283542
-0.00301063884047023	0.00332237469836339
0.184479427961885	0.289114324840595
0.392979859770342	0.723745211920364
0.43465686745474	0.662352511754615
0.20172628158834	0.224235749035607
0.409387531328387	0.525863625395858
-0.00100602801123444	0.00107068469912547
0.671120025834505	0.776361312498503
0.082954929154933	0.0677712379655642
-0.305349161571951	0.517537360343077
0.640306675371038	1.21805105005944
-0.421383232209104	0.784416271750813
0.137679364138944	0.210461856677356
-0.0316938708918568	0.0419350184475854
0.193875556295705	0.308112352977419
0.107624630814195	0.161575002407801
0.179094950164184	0.304461352105538
0.421870367552006	1.04011219919894
-0.0129455421499394	0.0121936897982382
-0.522246036746279	0.986998078507141
-0.0782251341428891	0.0699875541406241
0.00502248058556087	0.00371475518662792
0.0276323840005433	0.0233604006138349
0.0974960807873831	0.0982185484319061
-0.0745053644652298	0.0594945919657967
0.0792815529374818	0.0815587895156206
0.158022143769809	0.173692220124745
-0.157721424280035	0.233294780300413
-0.133091755403416	0.154297025011899
0.390237865123302	0.611218644148268
0.609862731538844	0.894258815727621
0.190305572728967	0.223744118703555
0.545766451923375	0.69254851311033
0.296390022587619	0.352733932124844
0.406927286710638	0.428594588300426
-0.567223472308577	0.876714158422628
0.44085011913873	0.573880634168994
-0.173850126705724	0.196133274719662
-0.214590119199562	0.248485260659855
0.341028635182054	0.517513581376544
-0.364042982291029	0.385766440421834
1.0682645494192	1.98873630083275
-0.480307089241033	0.642557597370835
0.16176311478429	0.180320039342405
0.34164279507927	0.456871837614269
-0.521574980125892	0.746692172977246
-0.200149448313741	0.261198826741175
-0.0336958011004369	0.0332415507095681
0.00429896602246871	0.00450086253995333
-0.265112622945878	0.284454154922582
0.322144208906225	0.448342888141922
0.650787747414272	0.995055343414714
0.0599181835288424	0.064996855571173
0.3535379959033	0.413966212414118
1.17585067593019	2.22087991768975
-0.525561631338972	0.533469708519696
-0.499776909651922	0.435960492778176
0.718582155419986	1.03872985586087
0.130774454571365	0.162038272040538
0.321491926944763	0.448048694855055
-0.101388998015352	0.112929795372146
0.377230997277404	0.509589729916908
-0.252345899055718	0.292665404801164
-0.75596860886575	1.12063403518984
0.324577307772035	0.350692815652537
0.213524519491468	0.209130619385138
0.0309167187517039	0.0304065038661584
-0.059721821629119	0.0538330079480656
0.706180034732272	0.875866932808835
-0.181410032970806	0.178779401759412
0.375869385179801	0.51507503093716
0.370814517965521	0.599590664828416
0.707510017142355	0.932592868880132
-0.00296663909554359	0.00307061244766707
0.202865147992206	0.245381132023088
0.0637822946880677	0.0606740442047528
0.0544953329825687	0.0418911330009785
-0.320274888525268	0.29668767182139
0.273738919812853	0.259729953272725
0.0707288861183929	0.0602053931769749
0.265356400561531	0.243884651193157
0.284296826951922	0.366446216825478
0.571689941442962	0.697067604918921
0.217615751186122	0.21815248533584
0.209526010392553	0.257431684479137
0.253705568976496	0.272111387255115
0.249574177679824	0.25614013511736
-0.584946829144316	0.656384352034363
0.0598647998566964	0.0461719586073536
-0.10152835231281	0.0895377974380057
0.118250030152124	0.0922215314054369
0.000303577542657993	0.000222826717773591
-0.193852183624706	0.159373120440391
-0.0696219509014906	0.0553770673440489
0.0724376078113033	0.071529879029538
0.473291206240841	0.590052537877199
-0.0378567181640655	0.026835304660091
0.0163601465537537	0.0131229422017698
0.644795161261457	0.89765727509486
-0.389697691757072	0.382258433066654
0.444261644530385	0.510604712128546
0.242125687848538	0.311947788156963
-0.0139895872192422	0.0134136630234609
0.749208524849737	0.995077366736218
1.31882223756795	0.942950236234503
0.43000670220244	0.514967763371099
0.384112938584082	0.495435556328476
1.02786746550227	1.63548676700881
0.213637383559577	0.166075286815554
-0.0302381472013932	0.017687544069849
-0.0329316506564749	0.0269895396274511
0.0356432388103579	0.024805297696777
-0.375971621095541	0.310852815115364
0.602403415097331	0.570220067621162
-0.573460855435693	0.615335505792459
0.124546876753577	0.0949315778988993
-0.572227961117747	0.689434630806679
-0.481326297081875	0.455456302458575
0.569198304202697	0.470883317431895
-0.0482600226494279	0.0343308983958723
0.209577456874956	0.162233962556492
1.233598597335	1.66876844210757
0.120380557156687	0.0907351529776512
-0.333538116565343	0.305098212531787
-0.0992240868532202	0.0666501494246706
0.505641174730294	0.523369980884877
0.351701954381869	0.349292968758858
0.198847169155119	0.187595079105639
-0.260573100434312	0.228171746160537
0.49237710258322	0.447130775577211
-0.19768755063509	0.16190154926984
0.346048447517608	0.332842413722325
-0.348234713068781	0.319046451342654
-0.793178886418109	0.867604367222626
-0.799457143467854	1.08220994410798
-0.633801558083789	0.870076369191553
-0.998484607974963	1.19524901441662
-0.356888040589312	0.399685062462248
0.159504088588419	0.174976013872941
-0.248229502488163	0.290081886618912
-0.645338242180421	0.884204534214873
0.124180760458134	0.0888081073766
-0.133266427189904	0.151667063727203
-0.424562882186254	0.765625321478477
-0.135143619520147	0.160507381943856
-0.695007196084914	1.11856100576077
-0.427675603959776	0.260857339614964
-0.640967193127008	0.585458913906722
-0.3875908844996	0.319408545619359
-0.157847393115133	0.117596630263441
-0.224725148073338	0.262470045103205
0.00429194869795908	0.00321072301768068
-1.16393027605427	1.58707006247473
-0.792730770823865	0.812649131188328
-0.480141427262568	0.335050331035219
-0.314931680504687	0.20654671966633
0.703537568258521	0.513377038108973
-0.328047577474345	0.165357977929559
-0.120874373663428	0.0581574125142245
-0.0714539750525717	0.0488414274069061
-0.215867186427957	0.209292760072215
-0.903295326056155	1.25573515527946
0.216367869814766	0.207710165342925
0.316850735114142	0.339492820670669
0.0868435685553978	0.0720441347733077
0.72455503109085	0.791775853388876
0.126996397287437	0.0968100288899929
-0.222644714168237	0.216067251395797
0.515754474790766	0.610950110391161
0.0574147696560069	0.0441322788176367
-0.13818514577867	0.0617491277599037
-1.05668987422948	1.03134175782107
0.215863243168882	0.14935506988695
0.0749773442579466	0.0396430799103844
0.734158752721953	0.958737960291261
0.107285993988289	0.713869795656749
-0.172117326065214	1.26629922424228
-0.364791965271784	3.38933330015904
-0.338280970481565	2.8006032004651
-0.358591570509418	1.88585734433414
0.336228614110859	1.18208129039071
0.619341888985193	2.53868398775628
0.863819189592259	4.65290415783726
0.162890055800103	0.373434146367088
0.337775385297085	1.08500623938829
0.780722509797362	4.33662355195031
0.427306950070487	1.44451977908963
0.716404089807567	3.27106565214134
0.517345952163812	2.15643789099478
0.274113592757458	0.745347772181821
0.025044168976338	0.0460568119260547
0.145730161001668	0.352462836223966
0.285610177984176	0.859424182703471
0.506463011642404	1.70626909059727
0.459035062678689	1.2180894639498
0.282729338529156	0.582453611205036
0.308288062368689	0.713195645352389
0.405515072780989	0.860900826964368
0.317246900337276	0.633489568717317
0.275368093280172	0.685864364971436
0.0490296076822485	0.0683969306278392
0.411485592495478	0.920298082795272
0.114217500433667	0.141745350125465
0.661813226227141	1.50475276663925
0.406128857685129	0.641416612021564
0.408181970188653	0.91929010237562
-0.388799771074479	0.808606412221837
0.632523750613995	1.4732040979856
-0.0380511424243007	0.0542690580928193
0.440227983539714	1.15566265445413
0.0611876981458068	0.0894701250863945
-0.228722312031466	0.367659061073672
0.105998724483475	0.157991700937161
0.161524229414065	0.290971315235495
-0.382379157919778	1.02252011697094
0.212151368406765	0.459889035315454
-0.282743103305751	0.528037472645697
0.197472652543171	0.222625586889744
0.129813766794619	0.148096394436504
0.633215216220099	0.974640497199708
-0.400204210913175	0.616015643270787
-0.614875563007501	1.37426130862975
0.485048294718885	0.670189574623451
-0.068012283856143	0.0664400132295235
0.516305617482754	0.808216148559651
-0.314704579062957	0.480268841212055
-0.387191564210644	0.643616187538312
0.401270246099402	0.564443330918513
0.185867573225349	0.219631499897401
0.411828283656769	0.508197373408031
0.20918190461016	0.213839631420708
0.461432509839523	0.693667091020125
-0.0148827846880411	0.0127664374637389
0.196469036611453	0.209309401231656
0.412999731193618	0.593242857969009
-0.515022435956756	0.690294652441702
0.431184935941443	0.606203032400019
0.20889228284804	0.250625156065355
0.0596819599348298	0.063462933120107
-0.346825185915951	0.421654263088887
0.0314396852476853	0.0325585155663569
-0.252640876700124	0.240867246336022
0.319484901056614	0.350501208217672
-0.929592400029539	1.05702520811812
0.606556034701646	0.658958933340029
0.347261977159941	0.324126057136828
0.716955225009422	0.966533905298679
-0.222886232625533	0.227421059579445
0.235724900658476	0.315570167471809
-0.104258940028251	0.134528074303987
0.915329004952124	1.82013688606689
0.137929056353727	0.159924571815169
0.211019263641056	0.204364809120218
0.484547368865039	0.676556462101917
0.770161688699658	1.31416261167525
0.363011133722525	0.435784516903865
-0.753304445555955	0.923931107432485
0.00320856438164923	0.00335291186349694
0.653574995558194	1.12853810941649
0.162063073500012	0.194915314931428
-0.095523131047083	0.120038115940891
0.128653293592871	0.143487657067083
0.495112374736674	0.952629751362937
0.229117853091719	0.347105284525687
0.443382205982048	0.679391399314421
0.287143350883236	0.388612960531715
0.314651549196373	0.446540649660886
-0.118586637245252	0.137758571532067
-0.277069795846584	0.342246143674674
-0.368558888304839	0.528799001536176
-0.208019835187236	0.286097703322927
-0.209849623776471	0.260195500940276
0.378968271091583	0.63626249023706
-0.197373888163935	0.323489748435594
0.175123537060909	0.235489355643783
-0.118313497888795	0.166553894007385
-0.170936679382573	0.26658535684941
0.321389319318621	0.608058700388851
-0.222606196861966	0.352763295765077
0.270670518544977	0.409844017997443
0.273412371391059	0.354335448583306
-0.0534589973728123	0.0530052155373193
-0.154174179373826	0.183843395275784
-0.337241724051374	0.360026231496691
-0.227539847073291	0.26196099596704
0.204170177304378	0.243633777966874
0.296868487149643	0.347526826217147
0.534676697697398	0.912508603154607
0.378589127341707	0.562679321536093
-0.130439664097202	0.165794974094832
-0.0485975024365986	0.0445473988831365
0.488556789820698	0.668137008177834
0.0537940668675459	0.0499206274036039
0.0347220808056907	0.0332428008935822
0.749428572848905	0.981989974345708
0.204580605792172	0.20398181243476
0.340534945501329	0.34401412036551
0.470341340219581	0.531199852756244
-0.350383716736468	0.3458583864229
0.155360607628083	0.152886926647518
-0.377138785101178	0.393595903692822
-0.987877539962648	1.48417090281908
0.838964649274934	1.61838609536825
-0.248189020070948	0.273713249229531
-0.158814033681827	0.159111837472045
0.364956257130625	0.507906904880996
0.201407169777849	0.228584087407177
-0.506671515090105	0.554388971119487
-0.10209571484189	0.105297863334555
-0.341472260803355	0.448244552415768
0.0430495246719749	0.0428260909356716
0.288610566126503	0.345904394076452
-0.374078916360246	0.436926790492883
0.519595859306531	0.69976043254474
0.0650510529208408	0.0629218979944658
0.478997010738605	0.666052888078658
0.24430620447853	0.315091352471193
0.095724067436594	0.0913897067306691
0.491245312762213	0.670780984393371
0.381838763841286	0.486723426562674
0.0990264131759684	0.093140053934287
0.25931363574276	0.291390463878004
0.149300493940156	0.151931306876615
0.308058532103443	0.364988183087681
0.349012720251742	0.423443024528441
-0.177575439267798	0.161396651935654
1.26963506625353	2.2323355525375
0.205465012018089	0.163607459418122
0.472278853228247	0.525042868510481
0.363284955681531	0.333876510386557
0.0204699228222195	0.0167479462824886
0.192152759197469	0.189921692757275
0.671481305501002	0.775488594170447
0.271592113141321	0.264384521469854
-0.554839584254608	0.634348735680061
0.00720582162659149	0.00606997198414451
0.597918195200562	0.8151914109633
0.453380089845697	0.66601760603093
0.391304913187869	0.489727649623072
0.103697435655052	0.103067467933489
-0.223480507644669	0.180111489357789
0.200621535280623	0.169009531950014
0.991840175303467	1.06031426854715
-0.0361778741736127	0.0303043910428828
0.259921177822428	0.269483422143939
-0.165602701116764	0.137217416514712
0.577799700967643	0.799180156026477
0.734836682202163	1.27934059710191
0.377436941740187	0.571091134257766
0.0638729368153052	0.0624502907112543
0.297555781615303	0.24664151169235
0.0646241909865893	0.051166926461928
-0.249632841474895	0.215457053743511
0.136024759853446	0.121268767538995
-0.159671352886606	0.118268225354706
0.663029174593594	0.836406556461961
0.121169188833424	0.0922944721523784
-0.245271052499256	0.195901129132692
0.630397299053303	0.673679425655302
0.773769736836373	1.32517621770762
0.145003385674703	0.122933725762898
-0.0152320439714125	0.0113311799329011
-0.0282919737482622	0.0204636848824018
-0.0834356270952551	0.0669206985984088
0.140316465735641	0.130762507818241
0.330846332781083	0.341135402289028
0.0506310968775342	0.0379207097833125
0.205320376162726	0.164154107657278
-0.00859837993598118	0.00522857473373004
0.031550380463931	0.026088685201976
0.204131300740085	0.162948350691179
0.462569049887123	0.353013564550813
0.485556475930184	0.356814345841455
-0.350129154964951	0.295514743110702
-0.418240777723946	0.376380207521817
0.316365232891514	0.249924451828164
0.211457737123442	0.168776617855961
0.209732077640463	0.167633986069094
0.206275521448726	0.162944659422107
-0.862976433679809	0.870110649756191
0.729227284945775	0.723478958005034
-0.792891229711809	0.822247206897524
0.203596262143843	0.166847133458483
-0.00985389228787745	0.00594830079804751
0.0228290375892451	0.0154334650918295
-0.244327863110071	0.185967392288665
-0.157870915109491	0.117545943991942
-0.590578490293851	0.446274974830915
0.214470218946133	0.142269120655697
0.0960546285777178	0.0574921422937527
-0.869096952849016	0.820810391283555
0.577774914874191	0.56408872915041
0.417276954407139	0.338849797692458
-0.239773409386885	0.16840410413092
-0.407730572100078	0.362896021870492
-0.194674893443445	0.160223157715486
0.395298733078055	0.433743127873907
0.0678752069021282	0.0550558695752579
-0.797389630272901	1.3193502743313
-0.0224704926788231	0.0207964733816419
0.13214007205853	0.105853560244172
0.292588025780618	0.37251654267037
-0.163423325431201	0.197534122462736
-0.505311979956454	0.87588778365971
-0.089020715317204	0.0935878962881846
-0.406380819143263	0.360727980612925
0.202642529809998	0.175927756051882
0.502484531459605	0.539560186504942
0.353557622118933	0.331874821617641
0.142501030566251	0.138886446117904
0.540328745453979	0.466310669897736
0.22472632299839	0.133354973422185
0.128723871461547	0.103037908189372
-0.0563063933573284	0.0396187428288532
0.278060735125111	0.236084736944083
-1.34925378054116	1.44808014950082
0.125867784049139	0.0982496647289612
0.572012772532027	0.479329476526663
-0.0156494778864925	0.00926905529100957
-0.57672296442562	0.620151539087273
-0.322425680865797	0.297776887178897
-0.532098661569506	0.572766543486549
-0.421665749052215	0.517532070643249
0.20196223488111	0.179018386347771
-0.386491691865561	0.349639685933502
0.694511728257477	0.782395707748386
-0.449922884834657	0.518852154582008
0.274779264145691	0.24215109480983
-0.262530051315719	0.205118051322875
-0.19938602054141	0.120217908292773
0.201318937467601	0.153411028494407
-0.374636761359495	0.310988946677893
0.305624075820411	0.239311484705785
0.0177530843984345	0.0843993266718871
-0.117690126203738	0.653049414301898
-0.320266814242157	2.41959221075552
-0.558009397163142	5.21430823029142
0.126559457290645	0.44321647467607
0.596277551180102	3.53823915580604
1.13158259218357	9.29020977096731
0.658831786518604	3.41738534062305
0.768497130634074	4.75170822885865
0.748178739454373	3.88745491166869
0.309201467523383	0.956426935823842
0.624876666432229	2.9505202220315
0.533020337541433	2.33779699170819
1.10479109333771	7.13947202927401
0.575424788717895	2.27933362635156
0.601650871064228	2.63235259590345
0.563600173300336	2.54724245118667
0.147246357032771	0.315460702504149
0.384098639644752	1.24914568589997
0.156186553752634	0.356909636314624
0.496520399848225	1.81172246074153
0.268305621120796	0.625975321199299
0.316977479402589	0.79470314559436
0.230992396356006	0.522307914352487
0.111200381675418	0.203736105493564
0.52165914400279	1.69944137841063
0.209020017609279	0.415797981756536
0.390621718213453	0.820900853843993
0.34144940033168	0.609115989468864
0.0982712723412324	0.130506440205111
0.410531005930184	0.946065873214154
0.204757337167933	0.38941879938831
0.324366998381672	0.624122177620033
-0.382387914795915	0.600278697155808
0.261935585118441	0.486926024941368
0.324084702142509	0.784847085195141
0.0867037606272064	0.143863139961921
-0.328429424914751	0.717768953239444
-0.136443349607028	0.245284495384665
0.166955142622208	0.269283576069001
0.13798627827348	0.196559234571285
0.221316251947661	0.336958148699078
0.0602131094493045	0.0858184965514632
0.412183578837489	1.04573832923864
-0.302898571215928	0.600017928747266
-0.424104177034749	1.21804995387083
-0.0985250733085415	0.134826796574517
0.14574694921682	0.190672490549583
0.833235795019592	1.76489944469386
-0.618493844950854	1.31796520977184
0.62966696529824	1.33148665731381
0.157500270405453	0.206175341099101
0.201464837717204	0.240029382826689
-0.0117719967065888	0.0127553745574656
0.0836362064329725	0.115632010590028
0.28334619856038	0.433865163673555
-0.100348128536676	0.110547314251773
0.233243400064666	0.337964511168601
-0.284162053627298	0.410096319040547
0.393868334136983	0.592294745948439
-0.858758344089994	1.6054793470736
0.0203156638846771	0.0224026627195349
0.281777828648995	0.379257753942123
-0.461314230661553	0.570071414300967
0.0995130000506283	0.112026328039927
0.393898722382771	0.592193653064187
0.199149156688516	0.253340902077208
0.560234193476259	0.979037431682328
0.183585620462842	0.24673319256343
0.207873677709271	0.264695085577146
-0.338774472701241	0.47804860485408
0.0716873231623759	0.0828299675375227
-0.153921550951541	0.174489144204315
0.570444598378425	0.875363798456446
0.390794669938216	0.511829059416044
-0.00823360039715084	0.00777655725541807
0.00840503230600052	0.00942371515094997
0.367940707696994	0.613924793818995
0.736112262017985	1.57639901491342
-0.0290718560476143	0.0355768000738999
0.0699807769940194	0.0792224794932718
-0.202258384049374	0.278598919823192
-0.184700972395426	0.239548001302646
0.236713920073031	0.293234370785841
-0.280981667437126	0.322938474982128
-0.00550731034555862	0.0056444159153021
0.152923035809512	0.194247771599006
-0.0242196023637313	0.0276761904800839
-0.0968715526114376	0.12905271388813
-0.530534460296613	1.14097239815235
-0.338283511685276	0.601638276361952
-0.0821977759553372	0.102382683704877
0.347118341028645	0.572345058916436
0.0878045575682396	0.110332755422732
-0.0809771445940208	0.10106643444645
-0.648769346389957	1.3452492388833
0.293399613216912	0.432577770756184
0.166934709863352	0.243482749780602
-0.657625394784825	1.34816721384703
-0.245789566513273	0.361765987660219
-0.166539515881762	0.238914980466622
-0.148915653531764	0.217341162004647
0.292090417147794	0.580224080257869
-0.0306487486768913	0.0288483220297423
0.0335212342143069	0.0357657784068887
0.520703505035207	0.891847955882336
-0.438189018413181	0.695965957500094
0.540313957879098	1.05631069137047
0.546268273416946	1.38049524732139
-0.0397547032736893	0.048227987172971
0.128310402454542	0.174398291589449
0.136653315303134	0.178266639850482
0.406502868002336	0.621752213165678
0.0182407210134179	0.0204912402261946
0.437053709526821	0.746159107655845
-0.19534182969126	0.289059422114506
-0.0679376730061978	0.0913325885068902
-0.33863670217486	0.637228674390845
0.152177103095563	0.194166068690846
0.0696296968714498	0.0590014317527345
0.269476526503445	0.259305581702363
1.05717452098076	1.5932522594581
0.0668363442240829	0.0528102701686287
-0.163613659408557	0.121306595869719
0.293810698180001	0.235843726093181
0.065138115571222	0.0514337675307545
-0.138718911957532	0.105084686452496
0.526588925095602	0.537310883716674
0.147236179563079	0.125078143767565
0.886700026319237	1.51705456346775
-0.691790953201338	0.81800858111033
0.507506079826021	0.753134082520179
-0.104266136235554	0.122794062277939
-0.109679472816161	0.121511369058478
0.132652550968373	0.120501046111977
-0.41333596875712	0.402218635089079
0.597875529105919	0.568862925206259
0.715564133147933	0.889676788828377
-0.271087148750895	0.293479837508608
0.22464810160432	0.290997815227018
-0.375530852649264	0.61794317771325
-0.016999214025477	0.0159619870515353
-0.27742709324091	0.330917658908541
0.150267254556448	0.167589976765765
-0.20327886445099	0.228259392286073
0.407829626424976	0.649710250113586
0.106598159651515	0.130679966255483
0.136968588721734	0.165670015203791
0.557069230866729	0.916385394861546
-0.423238282843414	0.516396069225622
0.307620421054104	0.341644491942177
0.245187255045368	0.286424359361253
-0.0322514104323594	0.0300754340098633
0.612887471145457	0.805622597604857
-0.391349374327528	0.321795895456232
0.117887594265274	0.0895218857981382
0.716371367346272	0.622199286708875
0.135387663863944	0.109394210190375
0.0386024579078023	0.0260206174224761
1.00162108614864	1.07912039256752
1.04323107201634	1.37626688786078
0.213007319369061	0.15989094166003
-0.241144625532744	0.213483618460551
-0.312432136596297	0.312462759216351
0.388340888184304	0.339406170627876
0.0163134679673492	0.0167682061118083
0.524036119663682	1.12093091292977
0.229543188270372	0.308835396346854
0.379375080619526	0.34189192852463
0.220309627939344	0.139490171228775
0.490377242260165	0.358618285486716
0.209516733710348	0.161766131653449
0.0075238268802256	0.0046233642042416
-0.00805105670607135	0.0048731657123997
0.251949909407814	0.326096800709178
0.0609260492481165	0.0598802342397727
0.768062409981769	0.741071162698687
0.0423924290893414	0.0297663171331015
0.768345700258409	0.741143673229534
0.0449977605860694	0.0326785066102181
-0.187400113377206	0.11197530191443
0.715366871288857	0.95962315954518
0.354774364815665	0.333619780248
0.766004867804579	0.742987352509743
0.20114421591106	0.164520909020988
-0.0395724776053413	0.0272639441294105
-0.0705261255582432	0.0479186091833504
0.0060707877047618	0.00377809512697596
0.950397235913689	0.828843114536422
0.667683964081161	0.602656712693212
-0.272390982767215	0.420706998927001
0.243468672877389	0.308478600668674
0.870381607800318	1.58384154913931
0.426514825694942	0.440705748228197
0.450603302889696	0.691841501694263
0.197171726538767	0.178652919193379
-0.541455138283547	0.680969281423431
0.210121285714762	0.214676449088809
0.0913341835288304	0.081409022527489
-0.0645344612868509	0.0628761637853848
-0.0775007313252236	0.0418209903950999
-1.08713839710853	0.959419130343034
-0.227595222062355	0.158258983699699
0.106006515720449	0.0699431877721995
-0.363164491132132	0.229896136972579
-0.171349564826898	0.106779559179953
-0.200682126012789	0.121217991864115
-0.23648247400818	0.166083001766836
-0.0697298143384754	0.0376986259354317
0.124380110839888	0.087666285772723
0.0895854781324231	0.0537054692350908
0.025232495399479	0.0170428228639532
0.33332521450065	0.244397191938802
0.565596300798821	0.371797534500052
0.41364564763779	0.338869501863569
-0.411029534650395	0.33361266292025
-0.202822748493585	0.122469209470412
0.990207340308084	1.05561888196035
1.03053141370873	0.856393208879365
-0.0491119512737543	0.0279338117896692
-0.0929152433639264	0.0480262853662403
0.0806622607174532	0.0427924670738894
-0.307492825091693	0.202829842857064
0.294936779309567	0.244798998913519
0.56632752762099	0.640387060910211
0.637876074806627	1.00324992612967
0.589499057707767	0.869633538641016
-0.022397477576586	0.0189311551137264
-0.581459615593055	0.650131527610966
0.205688826472265	0.226475337035554
-1.059901614613	2.08031157101945
-0.150169388437675	0.152099154183008
-0.249361146881077	0.236888114542986
0.0373166652124238	0.0329962328158575
-0.223347732924935	0.259889392532899
-0.574077636001255	0.691731277977289
-0.556442200798167	0.561546541708773
-0.574066347932633	0.695287234883559
0.136235454060128	0.124179279488669
0.65471380916158	0.855072124745191
0.427262967821933	0.430311754170694
-0.795723948077021	0.979964793138838
-0.535559537392748	0.6855660753188
0.117459471371089	0.0859782584605756
-0.644042033367252	0.756569613014104
-0.65591300762279	0.643532656242849
-0.0990207717076555	0.0781384042924233
0.358690571140708	0.338706559041265
0.141633521842038	0.134948136303548
0.0498693479256764	0.0361784295570939
0.0613898931275196	0.0579099049118888
0.0544119464674619	0.0395206202611009
-1.17110724856938	1.57024228154208
-0.0362360112404149	0.0263228821782384
-0.156674711405543	0.116414069408087
-0.0501974743165503	0.0415836196739886
0.472298389193081	0.437385977120291
0.535432638657335	0.551469657591788
-0.286740427485449	0.246201169550515
0.191830604196003	0.158968516669155
0.359774967330472	0.439119389852047
0.300834373856912	0.250985765684079
0.200855732836531	0.190561666786921
0.211752841885071	0.169016008132071
0.213330086129665	0.20460321995282
1.03771782091674	0.849487979545841
0.031563806844255	0.150857356750222
-0.0874739719033765	0.466889975332282
-0.0414502245125761	0.156607663843775
-0.143439274633546	0.552894874016281
0.756288007588684	3.54487629717361
1.05201475789799	5.54482708853459
0.976421113954801	6.76158625105991
0.84965839523265	6.22980333161231
0.989385298593898	8.01005976094486
0.54794687610095	2.97548156610484
0.642192378374984	2.63191753342168
0.768580373258945	4.09290741518219
0.791630759238666	5.3189285600508
0.719441001186684	4.55447996823743
0.484887115645249	2.28842038091873
0.244164799830457	0.746801969228079
0.17124922259934	0.523416324781806
0.234050593938113	0.789192378920194
0.357764525236586	1.06139667556403
1.00915600832058	2.6118877566129
0.016874076651655	0.0217765748486223
0.282734062958648	0.536977942767133
0.265108158439635	0.48677224410121
1.39144606836089	2.94724869568268
0.439307315254632	0.825035383070083
0.200000818450513	0.487961550144571
0.0366109807177343	0.0625137576354828
0.186583032529168	0.38889445138742
0.428946022884871	1.15373063979499
0.266935215583644	0.689410420343601
0.0801044632503978	0.15188062859648
0.435957474627427	0.85893303520714
0.351474890492181	0.554839125461841
-0.0181567608831357	0.0184616938837097
0.28588237944923	0.547370281848133
-0.0311575750885697	0.0313851899978724
0.258067056515135	0.254589069116306
0.010594917954795	0.0142459170865029
-0.131572005158458	0.255251244964147
-0.227452149836321	0.45834098031331
0.200040680142429	0.414360716461091
0.261588270309825	0.60007608062512
0.219655567085728	0.471745567248524
0.261555658150092	0.637779835128106
-0.110747280900993	0.214740498765878
0.215377010031215	0.294356662270347
-0.0551344390664243	0.0386052856392906
-0.0156247346255921	0.00937550128786986
0.30568408809747	0.243983989355049
0.00189810198463826	0.00166512611085179
0.126318623600895	0.152105448249629
-0.418756473577961	0.374971924849224
0.521316779280619	0.606764883984386
0.212553463577983	0.164590984194778
-0.00117977997106887	0.0010818171493299
-0.736262665868879	1.17748281327439
0.34895010265241	0.414957352117245
0.11528747555008	0.125918731195345
-0.20222739942297	0.144699309665892
0.0288750317293311	0.0244132367999507
-0.121259004699518	0.123705703936731
-0.0854254152337203	0.0576388979563418
0.362237264382949	0.415144690108647
0.141413106566351	0.126714119858459
-0.961898367283619	0.879682101832428
-0.46819669554212	0.372785538794608
-0.250749697484555	0.237716806622917
-0.466519251649337	0.713294588880308
0.0117460489908513	0.00942191172423087
-0.254286051304477	0.2764708882758
0.107306279723384	0.0698008472654013
-0.0073154985624403	0.00446179663491749
0.23874117708773	0.132462687248621
-1.01312844827614	1.13097080961402
0.675887563963525	0.60975778896543
0.199585892758264	0.163181105813219
-0.758982095161813	0.53594518093047
0.461936892763924	0.738792609318501
-0.621813038480796	1.17523843670609
0.201424667713444	0.183445453889707
0.572630650150844	0.786690000196095
0.217292313124452	0.163127819060856
-0.964380176975225	0.887408721498188
-0.283684095075098	0.154113580068254
0.26188611272196	0.135276106117994
0.089990896946697	0.058097650048307
0.527205185268018	0.793126100017692
0.466606955323765	0.589557387608102
-0.0308179430859424	0.0283422324962754
-0.142084749246541	0.190110544202615
0.940145355248364	1.65115247714187
0.168556317938269	0.227369835110938
0.399045940712566	0.654473828329217
-0.321790444066566	0.385816080385358
-0.569812687367254	0.755885139726223
-0.60461401564837	0.606228600786401
0.347802470226539	0.439683307037755
-0.231242577084251	0.133633606940665
0.0904602417619373	0.0541953179587692
-0.279486223671202	0.359029419818117
-0.000343771347161901	0.000329710174385404
-0.591134904590067	1.05886544218719
0.0737342287942409	0.0943726752690672
-0.194835272989524	0.303164375612747
0.29654986456809	0.567627736736354
-0.225887071452376	0.412748205948081
0.119488929969801	0.185741438441989
-0.16141977844991	0.246473382816367
-0.415831772201116	0.339106075007771
0.74065166170877	0.898192220019593
-0.309164183412968	0.389875322982048
0.218277492277078	0.168753800118633
-0.263700746045367	0.17865101590429
0.217595386503657	0.197611617890242
-0.268317392104624	0.252653172878615
0.869101794396352	0.788485127698998
-0.345031137892896	0.3577554589
-0.129700372825229	0.12016770205035
0.115653985416615	0.148844756065725
-0.324760069588266	0.500179590106422
-0.484644818370582	0.795181116714734
0.0608577020484296	0.0651405642619178
0.50622589296071	0.75741951048332
0.60248854399752	0.945904082081798
0.412839846454151	0.593839580231506
0.317525279367249	0.339131091763323
0.173889427482925	0.208417466779258
-0.0615562520046904	0.0604333025982101
-0.23133108792383	0.299261334392818
-0.670764144262755	1.15089032601241
0.156373717728113	0.156299557380851
0.23727487691973	0.254960635714916
0.272030574974978	0.250704395575829
0.494972802103024	0.763133221411584
0.270360797585755	0.359251894465414
0.202399205948429	0.237246251268178
0.64246607926925	1.20444927644842
0.307025093121643	0.44694925740505
-0.739409532378387	1.43267700608605
0.1036376341703	0.119767599752285
0.411777479584878	0.418494799483453
0.354182262389209	0.406952175351599
0.324493562107958	0.341983054119113
0.373687371747933	0.49433770044865
0.335809046676895	0.373978087207862
0.538293876600512	0.617699655264982
-0.229552532362934	0.181807877386844
0.223142863557856	0.161324479502474
0.406563260523748	0.344630904518007
-0.308783384321415	0.330155898824918
-0.499295696846638	0.775490549911178
1.43674700527605	3.0026841391804
0.360183289822903	0.506069757313456
0.201574158892089	0.208286105827222
0.39415215774601	0.521023585625784
0.599913354657124	0.889754198710359
0.559027958745729	0.86033740265726
0.258875621226306	0.311292888006902
0.343531073223302	0.413387139589461
0.352468315030975	0.408896183224356
0.473931970250178	0.713086548944942
0.571984276495429	0.935712546076704
0.479279843218745	0.678300020492122
0.221568408190595	0.236102543365544
-0.279540494364615	0.369563899289842
-0.156425611370994	0.156484866008827
-0.0695849704953293	0.0479508260359964
-0.198745386072157	0.220353120284127
0.208133409327529	0.241083628358181
0.238531747271683	0.286042957359458
0.108899186832061	0.107273528486925
0.36706974810753	0.414721958534386
0.358285525968081	0.495099576994114
0.243562609811967	0.279780182119834
0.0237834573361039	0.0195436732347988
0.134725007142951	0.122768731131466
-0.439653961040968	0.565545555055586
0.508598916342372	0.606307030026048
-0.0378521415107067	0.034419512720775
-0.306391257460783	0.352280200355255
0.295864690677009	0.35071140863467
0.205811883464018	0.187593535239318
0.0392405174003848	0.033921972025914
0.539189166063643	0.699390430133144
0.290536868601927	0.330686742005489
0.38405483490001	0.485861542039999
-0.848411486193104	1.30152657941906
-0.0035576818613999	0.00310693052775672
-0.000724869263193961	0.000544947110437035
-0.169279154444817	0.179312062384492
-0.60130736643467	0.598867300344576
0.455476207153408	0.60221040212012
0.231960570766588	0.246973290529124
0.249662080565761	0.278503735205954
-0.074516470062335	0.0590127588843247
0.39213950934911	0.438718864273231
-0.07981738149218	0.0774512137065266
0.0676112120125461	0.0551493431319755
0.555469087053946	0.360065185766157
0.710348905193423	0.941146021152495
0.406614652922461	0.346763071678231
0.606289415569498	0.484124993043295
0.138542338318135	0.111527067798572
0.35604514529487	0.336358810124848
0.708270994123476	0.390230440476419
0.191332855133241	0.195281091154125
0.558057246394075	0.642350765329839
0.0744774608460959	0.0637168424748348
0.506745764238278	0.527977357426422
0.0851134174279271	0.0750351856302793
-1.00523277538796	1.44876109064953
-0.000327007747729487	0.000363693398769486
0.882682087281408	1.14834575828643
0.136494747144782	0.113691325193674
-0.118020703261934	0.100417611839452
0.0619115454087927	0.0500585811051954
-0.171141982349369	0.134758600765402
0.142495568090042	0.121950153141748
-0.0423193294983576	0.0350823992920262
0.148601749185529	0.145517962061917
0.868917274018096	1.22397310923765
0.119714314124235	0.0883390774474829
0.7649659729594	0.826656247649566
0.442815583313105	0.516497575386358
-0.401584781873806	0.438827589156935
0.640723902036025	0.830718904037082
0.196257844166503	0.192203393878403
-0.853009536021554	0.979246503423911
0.511220668691148	0.545129750506979
-0.0929913738538065	0.0813459260762111
0.482424699383507	0.435051766805607
0.221183822475829	0.139445232007654
0.442539103144537	0.575693330072123
-0.0380519046595275	0.0314246845955858
0.0674751967854103	0.0307295946139021
0.0271103575970701	0.0251186329986374
-0.239399231095121	0.321230746853417
-0.118916237043559	0.140608021347384
0.246338761193609	0.24143510687266
0.383870700082007	0.238101245430721
0.277989934496976	0.132800198172598
0.0741288966992	0.0273019571630374
1.5471364393384	1.01532976611528
0.00388678621641287	0.00320372848752294
0.304617452456228	0.237677329908989
-0.0908162653154723	0.0465732344515712
0.330957614315369	0.239694446411227
1.16916714999618	0.767243860948706
0.0736642689130056	0.0364191861486101
0.0761398320807985	0.0310546886539463
-0.781175146625666	0.273344967541787
-0.387219123472197	0.179254252182374
0.627719586084566	0.384456076496408
-0.384794590746048	0.377855494216391
-0.864309849882135	0.876690757471224
0.0295564822059628	0.0242325366262678
0.210853320323652	0.240558293953161
-0.269643852135915	0.253831208920937
-0.278992740877266	0.240793742596781
-0.160917526298636	0.100090347992616
1.15842216520435	1.58078433146157
0.281699783111147	0.248297007986749
-0.133294821694594	0.0853625431846436
-0.586554007899147	0.448514730177346
0.0660937585652941	0.0269962896214079
0.0484539726700571	0.0361704821632976
0.00489429922997192	0.0214292571371815
0.081990611913266	0.423645011937258
0.204724605309514	1.11957677070088
0.708869777224	5.86971615333591
0.750239133655278	5.96318807583938
0.661388252694065	3.61119225052679
0.705670356539766	4.50583996473324
0.832310227182613	7.1631999098708
0.568315865555194	3.68088672054876
0.620262217693796	3.98769044540974
0.220180101289859	0.743177245492299
0.0845608446746366	0.244708596282505
0.395031424446745	2.09807922348789
0.274728669991309	0.834690756286059
0.332256804914145	0.546986868235858
0.322254379634629	0.702357020867388
0.11423674406437	0.211619826961836
0.316820529787972	0.716955838888125
0.492101911699778	0.74277642335376
0.519449023670686	1.24029977775193
0.277814496431048	0.780073599767667
0.147206009225462	0.376396485631783
0.0701168954747235	0.137676569991826
0.238266131772251	0.633382180390312
0.278365057689368	0.808229898299959
0.0117584056033677	0.0223223804372802
0.195750885494752	0.398347965751553
0.202031680799299	0.3211806378881
0.469396841564629	0.830347884380749
0.562425428209208	1.70949234282139
0.117959387125105	0.146765870270085
-0.203332805215409	0.224151166715116
0.225296923220283	0.485176262841248
0.193923082547967	0.42578528361731
0.297360164230322	0.769217936069013
-0.114078891464722	0.243248718723519
-0.0705332349031166	0.142262125911147
-0.411171346120794	1.32430508656056
-0.222536962785372	0.593470442361521
-0.0925975311693386	0.182235425970676
0.140355158453098	0.20391536017412
0.767404333349074	0.64049003368546
-0.525742719520224	0.413214331729635
-0.793553150963236	0.867339214073122
-0.0410512809121367	0.0470375549971274
0.295435464259294	0.551386707169645
-0.140854190548212	0.0905549894167833
0.559988910831674	0.845111111519721
0.362623879789302	0.341995274451359
0.421220495043275	0.559383536870442
-0.148095743223922	0.181717970673051
-0.171894123437102	0.211951450248805
-0.252941665094403	0.368015476966635
-0.408741002734895	0.328338692425135
-0.615617408258171	0.965671438772019
-0.0779059089076634	0.0858925308403919
0.829028052110411	0.939732390202244
-0.524826790054872	0.671611227370784
-0.118008367958221	0.120008226198615
0.375448010461317	0.335589191198421
0.0868006390540107	0.0730437615318828
0.290439020748897	0.33755049896632
0.076444925588295	0.0937553691139436
-0.25057939529756	0.290158844725372
0.432680408988003	0.596011729877329
0.716042147325407	0.709390536869367
1.15749691182103	1.39755708391639
0.219165262732495	0.138755690382363
0.739043524545539	0.980542585715087
0.574279109494571	0.635770949186971
0.461121411328998	0.504688874711491
1.26550094422247	1.0565577634106
-0.42397658223227	0.593926242441852
0.623904400740163	1.56123434986567
-0.618632986923596	0.88250104898255
-0.0298848074183279	0.0281807565417417
-0.407885009350611	0.392276019439389
0.321210157951474	0.242873641770286
0.449513147262196	0.336237350952349
0.77498369797816	0.530686449026161
0.113432160964718	0.070888789533089
-0.260697530204094	0.364568989505212
0.0381064042126903	0.033569428833191
0.00968388865444541	0.00879612604624319
-0.40002643175482	0.860674150012893
0.0133377507992303	0.0124086497477017
-0.0118007266365143	0.0169314498690201
0.111624429174661	0.147123884417614
0.277110485184654	0.343428484559874
0.690732851959011	1.21296086818067
-0.378839139718151	0.418974410337487
0.505195416701701	0.736848484437254
-0.550641182085551	0.551871594682591
0.122708044690098	0.0960790777826183
-0.460872986126992	0.73678418345502
-0.199445603932449	0.271537966844968
0.247410122086972	0.348084143786044
0.183692086736521	0.315287964524106
0.157265096642405	0.278303766664945
0.2246487804024	0.455629751611456
0.0694920427097269	0.123200007744121
-0.0110326198670366	0.0163526341338552
-0.166389372437245	0.299474538325589
-0.0802607424197466	0.0642528080169375
0.449009691566766	0.588606169489024
-0.554765944190863	0.865716452750321
0.204919470156122	0.168624885682033
0.760191407829044	0.63102790676097
0.321656768085682	0.353895437453293
-0.347816966667533	0.340969147126541
-0.600132140619349	0.707801200458557
0.330674125713416	0.341819374181554
-0.45105601697104	0.516721022260181
-0.293339227687876	0.50412885757954
0.157384597830444	0.232784945990736
-0.138454829557664	0.190140783983808
0.368955252644474	0.603078302279236
-0.451398382439866	0.765879429992556
0.664006093032438	1.22148324290958
0.651825200037067	1.20567118022838
0.246043037625119	0.30272890714257
0.16802657019148	0.219257955591985
-0.0237303509875733	0.0239324943163168
-0.126819792446948	0.151045972227986
0.0201955519441419	0.0220075306215729
0.342041507524186	0.548001410614658
0.0964298249269431	0.0900289074816453
0.527829951698105	0.61995377435199
0.946050878564576	2.17101806551122
0.566339376281581	1.12581819847348
-1.01085296449699	2.26877241563508
-0.192639707755529	0.249131985926705
-0.0599403395132834	0.0749050528128067
-0.0473259158419415	0.0568547655186947
0.109565718852489	0.130965224688601
-0.440492023565229	0.535852211673716
-0.753751179717619	1.42860874389781
0.0166793759979231	0.0173641954719654
-0.00621395542553437	0.00640568785388279
-0.248439501417065	0.292509504448225
0.00236236574776801	0.00172836396232908
-0.787785666961577	0.815237618918022
0.213769532613922	0.17122953848396
-0.393323058228343	0.467827820363249
0.175816476528972	0.217213577454741
-0.349204931962009	0.493903800027119
-0.0367623337414304	0.0413275979531926
-0.0322020335388817	0.0327984651713866
-0.0313025995313379	0.0314843719988141
-0.0293589144793798	0.0324883324162934
0.488464443822735	0.89151567240175
0.559348038671255	0.947424364083867
0.292893424985878	0.402651490652103
-0.347628441281604	0.495205236256849
-0.0657312367751852	0.0654712383486733
-0.30959207788402	0.497745994341081
-0.268056366388564	0.374535819814069
0.627923045811658	1.21548492382782
0.387597444271459	0.501749406126031
-0.00773284853449909	0.00932110808657095
-0.137059104982069	0.155830877401083
0.135216894450609	0.112419350252358
0.449764961605997	0.659466002939992
-0.490147764083548	0.819327008274594
-0.436610982029709	0.749457514427746
0.222929415958345	0.301011254516661
0.0372632573731541	0.0379525873970937
-0.178758515831498	0.236454386213287
0.0139790407191401	0.0143086291456622
0.53782596859216	0.771404432165019
-0.0193557493531595	0.0176179891417176
0.148122369540626	0.145229470034799
-0.178715012847083	0.213538886754081
0.140096371486188	0.176307776791838
0.0191106219774143	0.0193805038031721
-0.0484080199577897	0.0449344583445166
0.427071389092394	0.494632453013687
0.340253387116424	0.407584315808998
0.624101708777532	0.819837064687849
0.163891007620614	0.192327672640323
0.364633003870899	0.426570174594105
0.326604685399129	0.491741636395623
0.328583493319476	0.461426761877976
-0.0891700849250084	0.0924732274935567
0.414790490406936	0.684286815696541
0.459432966999253	0.351260387544129
-0.119415233482238	0.0565275868159389
0.253127739006356	0.282562775966926
0.421586476951488	0.347519277018705
0.940441457225336	0.815058796504142
0.558307765855778	0.629759241458252
0.148325676439551	0.138356698048342
0.371825196626435	0.501429265101053
0.269910893926031	0.250004569229361
0.700943520378416	1.02933998405041
-0.1116998250911	0.106347220013386
-0.289325022750914	0.349456858794037
0.516264245817963	0.691495347915619
0.134452804072457	0.122058913123311
0.318942403970259	0.357565521814945
0.525135786530902	0.690116161227653
0.343810721402256	0.33105834958968
0.062128537865366	0.0590910470983443
-0.164871093565799	0.135558611333951
0.205520397840062	0.196497278720467
0.0899380604429163	0.0824647143940612
0.00445218974947441	0.00412008148699845
1.78569350665251	2.4463303919103
0.147603422782678	0.143045145910812
0.084121452645225	0.049716008153492
0.105452349776779	0.117453500743218
-0.200963396602363	0.296070094200871
-0.329568106132395	0.530243070743568
-0.376332781597381	0.489854187434235
0.279391334922389	0.132288177044328
0.217491234020207	0.14395224716043
0.218517516978471	0.138342359352939
0.0707366242690007	0.0348419544357827
-0.353649014910369	0.446037937399683
0.321524210784447	0.241142766686184
-1.16572831873391	1.34881343037146
0.111649225354533	0.0795193338123356
0.46276551070315	0.354316783612794
0.0875260029353495	0.0520113227668518
1.19942805925457	0.636785891476019
-0.734538656545372	0.437484223157933
0.078751450470971	0.0417238102633831
-0.76071935644662	0.532539673984205
-0.464192311601006	0.442531615529523
0.384568915795073	0.33322801278366
-0.167578455086947	0.187642131689489
0.470060375208003	0.846426562987577
-0.690906077008393	1.0203745646189
0.55128852693501	0.629485505470633
0.220860750771789	0.146571310447738
-0.267513567598426	0.250608183876799
0.784890928557805	1.07246435502104
0.905454461051461	0.915139993195191
1.25449773478914	1.20586396608053
0.12505273899258	0.884566824323306
0.065899477743788	0.312113165879704
0.702545190173365	6.87944171232919
0.64504285701956	4.23005217006956
0.512576667570233	1.21060361009365
0.30312737716114	0.699308079001568
0.092549874019229	0.177464333348324
0.819750928357296	3.34609739403285
0.521834215483355	0.909642823246094
0.235583353692822	0.466779208611315
-0.0840239785010734	0.132058293858281
0.208449243149258	0.460818114315377
0.314609713749551	0.536163074543628
0.432637168395584	0.748562882542109
0.358584810575568	0.7587502719459
-0.0680217435818383	0.0750254067453182
-0.350672701494308	0.464733387482974
0.108786551686034	0.179129990045763
-0.0718072359950438	0.125702116191112
0.0113846305807411	0.0168361991939797
-0.474984952362826	1.43586073278803
0.0097601950009441	0.0148879088803681
-0.1591455195623	0.344703064890746
-0.124677147496108	0.279853462590699
-0.133352044493359	0.28843815044997
-0.00270357467028946	0.00297990264796937
-1.35580209721068	1.47283407837668
-0.364810372427266	0.267447608705751
0.633957390018653	0.586540599473216
0.446939428900485	0.668399673597919
-0.16740995212465	0.220941327664728
0.21550830815077	0.143519265000289
0.717636050739481	1.20149452774724
-0.728776825253179	0.808823013748466
-0.21443674052909	0.292540935722436
-0.30408755918558	0.481205371627562
-0.472637740011133	0.726328850323785
-0.441740895833895	0.670211062245694
-0.941807711869486	0.92909807960333
0.117898090154133	0.121233222590826
-0.801147549897057	1.46282415770501
-0.154931825962638	0.114072213814247
0.288220876829464	0.334768773879309
-0.0654722026030217	0.062442791156143
-0.432511219655834	0.469883544189396
-0.0906091152475651	0.0791007958724974
0.437090370006847	0.661944310958338
0.0588780527316101	0.0688409574322311
-0.488834124391145	0.750519808296474
-0.103000793135198	0.118683610422249
-0.1096583651764	0.0855104295632015
0.0111912916164418	0.00736029973050416
0.306351881080048	0.249239118837543
0.764352547158154	0.811856240787378
-1.73049792399143	1.75464921802908
-0.597022509927858	0.578967560352321
0.457979970008562	0.346130941465645
0.0535488483228051	0.0526193520002278
0.0995680643158294	0.136905468291528
-0.508977014294926	0.61879651456125
0.206340292685746	0.250615872532255
0.600472680208801	0.655738462964541
1.3270230929999	1.64387001857008
0.898430004031127	0.894635173852294
0.408523489379876	0.237316005200641
1.23733268131144	1.4554219427527
0.0533366581160843	0.0615670519640592
0.216315113104403	0.258469637966908
-0.150170203469868	0.17049456936956
-0.53866577174486	1.32629788567101
0.486672670195892	0.679396236493945
-0.206057951710479	0.342623675502914
0.393921920097686	0.72482715239575
-0.250843779654395	0.271664808370482
0.153404734729099	0.187303356822597
0.991719185872633	1.32547459968003
-0.260270312972981	0.34873482894473
-0.326014838522014	0.246826031757573
0.525284633979912	0.536700431947835
-0.228221435492111	0.340138828796789
-0.0554667807022009	0.0660483620446581
-0.0864383013652152	0.117049102214898
-0.289101571397	0.541719840333981
-0.123833336765765	0.180265240439927
-0.141345160762832	0.220754552676575
-0.216366016916806	0.371636961660647
0.0974076265081865	0.16498160499485
-0.100929514922302	0.146779303809366
0.145682654381498	0.133441729381468
-0.478189308191495	0.548136322738444
-0.232641989900392	0.285832301354959
-0.390840968205822	0.383605690386571
0.578630145074578	0.56875500097414
-0.0586120351188886	0.0477903182558068
0.206451971549845	0.164762183860029
-1.09862063557143	1.94380508756431
-0.0599775561846607	0.0538705101490053
-0.242897300299525	0.28678915866908
-0.462148135121603	1.00054004098755
0.0743497867747798	0.0923268535443786
0.385663529984894	0.591114554735799
0.0479644470072781	0.0497396870697956
-0.544930773702697	0.862139958099736
0.202013949755981	0.238414670052692
-0.870902408402275	1.90363459561478
0.0470067330729853	0.0476186543781115
0.017826810433784	0.0149907015483528
0.321605555108612	0.419467311969808
0.338769501867488	0.449469970237533
0.0613315870765147	0.066586007961837
0.0734058578055159	0.0714935228023007
-0.243029711350448	0.266042042621209
-0.400950517417772	0.468333312682565
0.354905617489605	0.497940442118295
0.0798133914349523	0.0923839620097329
-0.221597307019468	0.287990762813054
0.646601079000748	1.16516505000241
-0.0484887549037236	0.054850069637588
-0.43591987665555	0.740939246720313
-0.293273056920253	0.436944906935998
-0.648786008285537	0.966326617874136
-0.264846555419092	0.356035514424223
-0.314435483275999	0.433067834034009
0.239219366508536	0.321321615911514
-0.153066541775543	0.171343294145295
0.290534225877102	0.249310013889735
-0.458795434589062	0.443032808266469
-0.584655282732913	0.542545787498382
0.0316047194368038	0.0273049366592565
0.412412741307307	0.55573513806982
-0.188260098979624	0.2233562979678
0.548955822246229	0.910468397804472
-0.189520850749533	0.220719939275914
-0.362488160328618	0.472989337119855
0.0887966142670429	0.097318344646397
-0.343063166429276	0.456843940019849
0.0675245119456841	0.0629739342557604
0.0675770418440811	0.0757114020747582
0.0564714403912723	0.0519368851566777
0.353893571398157	0.431997398006121
0.290905929069516	0.356367864417939
-0.174695103877067	0.198864128137773
0.23516923812221	0.308803500590965
0.0613005737287983	0.0582501264943351
0.201622561782311	0.251291730415985
0.239791656835975	0.299795091460237
-0.213719363970801	0.205384333994025
-0.312831030530579	0.436605519861844
-0.0885413615255118	0.0914355835464801
0.441345838471669	0.718347297214265
-0.0661071206432635	0.069461737151104
-0.688829244227017	1.10052031380939
0.502321097386691	0.836286072045702
0.0065760389854905	0.00603391682189876
-0.414924022832222	0.562177665825696
0.107414024424953	0.105582437676092
-0.218405851850821	0.212790428286887
0.0886904871753662	0.0762204493381296
0.243616897778251	0.268721373668451
-0.038968051667544	0.027600607206934
0.0794338528785452	0.0680150830970833
0.267815486319528	0.259825137828148
-0.108680443161509	0.0944186953763296
-0.0075482972565627	0.00644211294758607
0.233808233438288	0.307651179585343
-0.0373877657944863	0.0367906216181552
0.361583465392403	0.521234023177558
0.0640295495618843	0.0518567506387188
0.666107551832669	0.597385984714362
-0.593023803741619	0.22926907871397
0.0143136301623447	0.0114964273977816
0.769011324232013	0.83679684691604
-0.888003143055854	0.683222686828667
-0.101841903185833	0.0890127330933303
0.336358343967887	0.33032171394781
0.93875758955733	0.818295006403886
0.566614869142644	0.638998261223924
0.197700425317901	0.164847045071956
0.0400823175288214	0.0338717999329519
0.501015189439206	0.460445359330514
0.382801169040382	0.344552677716456
0.701787506812744	0.510145832019766
0.0544034122463883	0.0571505393552313
-0.13927568907013	0.187817186227489
-0.496623788364914	0.786779243398974
-0.412200784725833	0.487095257743038
0.0774788770821167	0.0256345371130296
0.537380777741723	0.369461191098069
0.22842766834681	0.127031929243729
-0.55018030179028	0.367619835347904
-0.326330344061503	0.340794715729106
0.215534085617256	0.149965646330875
-0.133760542194619	0.0858748585616877
-0.499891395427504	0.433713982887384
-0.36238584865362	0.264146150905025
-0.888425000380029	0.685284820678845
-0.887250836721431	0.590057809712466
0.322625286035369	0.136954931051412
0.45768624981285	0.247981239611158
0.633986228586843	0.470799471284503
-0.464925124853346	0.3689129273677
0.300240187993474	0.242346174542383
-0.134516999702747	0.134208264812745
0.234384121105592	0.305171110279011
-1.14574367431681	1.63988230796852
0.0954513892507469	0.0595725832595231
0.596420655292854	0.566926547789946
0.00871598462056186	0.00697179851282479
0.0584804628166346	0.0467902943997079
0.298252583105387	0.241627591459154
0.570012771963274	0.372421952897343
0.567101608594617	0.371298047932883
0.149774116342869	1.17310272914581
0.134487999157965	0.266064153628852
0.17611027646848	0.293034710830017
-0.163565267830624	0.33148060508942
0.0566081719964537	0.0769656674492906
0.0589771090266438	0.079675737405222
0.206366766352281	0.279727436539989
-0.144078728661966	0.232454098789262
0.191207989385226	0.383687537115494
-0.0448379783906243	0.065884426339065
-0.161220853285	0.299128138511579
-0.394808301263259	1.00903050012412
-0.54219197795268	1.37579592720975
-0.336435293430759	0.648161342873734
-0.594893672906197	1.43857391248865
-0.574249409681032	1.53424319880885
-1.01431880261719	4.18425551072722
-0.752073618348736	2.38014005067938
-0.147885985775909	0.239689324297492
0.112700672082272	0.131544575891395
0.496358191370775	0.747458941503058
0.712464322946971	1.39742167310863
-0.0016864841108202	0.00171365232669759
-0.463589398468548	0.785005964987044
-0.354372012450608	0.493634117153291
-0.180830639768142	0.212918373020357
0.340518500371265	0.52685806535336
-0.575912170154353	0.9947235097538
0.0634219161352104	0.0715605248056048
-0.0324750884487466	0.0298891623799109
-0.302593454413927	0.463153311493916
-0.199864850230873	0.236338344934601
-0.24704452872792	0.287763786009782
0.0860637130221861	0.0913322318442069
-0.240662301637217	0.250719288758688
0.302983007537021	0.358031736212756
0.268203750098646	0.271932831469312
0.405085368094936	0.528524067190162
-0.0205515240772998	0.0194990084727651
-0.312289460731683	0.444791572889359
0.392816157445517	0.585295289498514
-0.150688862494113	0.185691662709763
0.236393578628779	0.340800931579081
-0.0928031256457781	0.0959094478467821
0.0403789094403313	0.0355415667354636
0.486215249089849	0.582291160169917
0.287397414012553	0.346509113680485
0.131502561728651	0.114345366111142
0.393376678973975	0.501697671340181
0.103559050494489	0.0999170803318171
0.263704356366682	0.417456319571881
-0.0338275252865057	0.0341416149874623
0.635492714728735	1.19600663608305
0.169619927021913	0.21979173078752
0.827508181722123	1.61895819609389
0.202531280282456	0.180134041182414
0.166546108372302	0.164381475649763
0.722307086817766	1.11060125869669
0.468659827279094	0.635897530283691
-0.429301028321461	0.684917370997798
0.164645112818168	0.21331863825493
-0.019373473569728	0.0223085430559469
-0.245241376568125	0.354421600698139
-0.259937957420097	0.42219854668047
-0.53824579153717	1.10329234509161
0.0523628867775602	0.0616118015333089
0.192446656243611	0.295363380781113
0.816901159388931	1.84447977266797
0.0540892004140836	0.0609349904906568
0.376874299209082	0.578008519688166
-0.259525035276727	0.34737261880263
0.624496582528925	1.20756231496084
-0.478575355155342	0.884510049811711
-0.385530215548897	0.660501986847898
-0.47758242766169	0.929091260252829
-0.503667122289204	1.04835380028602
0.211046892267141	0.283116500726632
-0.699844233874409	1.59069497103223
0.0887561513716477	0.113560162056606
-0.0982322637947708	0.125400843882031
0.340224308902724	0.543960967056606
0.300106274722406	0.546871385991579
-0.160275720305743	0.228089620750032
0.126280521567723	0.165427641065214
-0.261109019300146	0.383038281422568
-0.298300724801574	0.340147945827802
-0.0504409973886915	0.0596975020152082
0.107887952566938	0.136100958874594
-0.105193566789191	0.121443811558987
0.284093664000605	0.441917683397982
-0.0805853964044996	0.100569836103637
-0.0506472303980213	0.0592486482880125
-0.454812761422147	0.606562591839814
0.308152260731161	0.343784823137215
-0.19267497656646	0.173113318246402
0.152506940467347	0.133892537542952
0.452584063582477	0.512941171987361
-0.477381161284447	0.49110424233885
-0.0447498156028606	0.0322865427265783
0.00358643971902058	0.0028456355098699
-0.548148152577687	0.619343469831142
-0.690833352161787	1.02448582825788
0.118781102448292	0.0925517632698306
-0.768871336637325	1.1441846514974
0.379661765135428	0.417777647838798
0.43912971546809	0.670448718230049
-0.0834078250129886	0.073858483268819
-0.34677299424415	0.415106312043227
-0.649580535082428	0.773726419374767
-0.508108309761091	0.516018510933754
-0.178419638291631	0.161439951332685
-0.623078938695336	0.892272080500609
-0.32081552184885	0.450051854777638
-0.444879294048137	0.650006066011021
-0.282193035334572	0.345736366323235
-0.80741677808724	1.38444112933011
-0.361649861178396	0.452149434350334
-0.279834415015712	0.357208573471766
1.3226064652429	3.24492421162205
0.194074562957069	0.246571390472473
-0.127442576555718	0.137576096630331
-0.0446993814092291	0.0409960103656204
0.13256233236593	0.144781546661666
-0.543700349761333	0.688045577470067
-0.270718804348251	0.293304262106422
-0.72512670453397	1.19664693468151
-0.0611154419001349	0.0558466119638216
-0.178188498006428	0.16205571852377
-0.0333697310628991	0.02392451116194
-1.04646700379095	1.56530012635564
-0.810370833909506	1.09314791821181
-0.577464849385557	0.616946015257901
-0.0452025799867647	0.0323926097675378
-0.177719966616468	0.128105312173367
-0.141914619107195	0.118123838563732
-0.370735221762165	0.394555522640268
-0.229299760998717	0.21949360447766
-0.395786027260133	0.562073890042762
0.00173637757886387	0.00188621176577012
0.486958419849079	0.879781089735638
0.11996252218197	0.1328482063269
-0.09513522770955	0.115761075166675
0.0107449669667655	0.00996368151941112
-0.297731402934384	0.295144653614545
-0.67768054250889	0.756475524129064
0.143999998258273	0.125771662530514
0.360561748372974	0.340999785722276
-0.090289047083578	0.0602434149296061
0.52469288778243	0.536182206287315
-0.458466525506972	0.404210595193981
0.0968757178669516	0.0856458780504472
0.0457679469179235	0.0321042332709333
0.664635615465524	0.597416365177142
0.287899674404324	0.37143463837944
0.0244280768235097	0.0244294752772683
-0.461370044860984	0.655926371201234
-0.76237865893865	1.13264540626794
-0.286867344861452	0.329656443079481
0.0713695426518477	0.0594854960736779
-0.137623968667223	0.126252102604741
0.459614352893712	0.507548045647154
-0.211904908268042	0.220815831739478
-0.286057972574014	0.263860011183563
0.0764059965691362	0.0608493918274656
-0.216549585826053	0.193849153470284
0.254638329919589	0.255846499553456
0.343918355483113	0.240290371245511
0.489328081451009	0.356127763467513
0.442641855750049	0.349448235768765
0.720888778547532	0.893061230698707
0.147721357825366	0.132369318142995
-0.65829226736391	0.986365542130363
-0.168349675743947	0.154038772371141
-0.628118070589777	0.930691574020686
-0.180989009774376	0.178286347857321
-0.0322338508833329	0.0233740915784136
-0.113665859588538	0.0989347411309898
0.63991180753692	0.683088183649964
0.633786174715817	0.675235626011747
0.206055206213663	0.163704361144595
-0.118127850232933	0.0979419232369245
-0.0561424496022854	0.0392968017867592
-0.591539797556555	0.671646783026992
0.216998463332191	0.193375355184461
0.283071687855088	0.248554952492109
0.963580252123165	1.15493281330872
-0.0177625476020233	0.0106323199375277
-0.337591428301868	0.28378378974713
-0.135594808308838	0.087580736501716
0.291911178150031	0.243774204895666
-0.324437870951057	0.340763221014743
-0.922455565660061	1.42635880893769
0.302739377182331	0.348133413758911
-0.516496484015508	0.651984259803185
-0.468328135465572	0.376116922190756
0.323815850090115	0.330880820732462
-0.510147658514929	0.514806039900294
-0.256374141738377	0.200794464171415
-0.675531195579309	0.745851661119097
0.383970501383004	0.333896702971914
0.102419107166553	0.133566524365494
0.37447022056656	0.580396298401174
0.205698843299621	0.230998751249648
0.147746179143019	0.164406893518456
0.605891427930934	0.935896927431461
0.0868786090738371	0.0974143946203956
-0.142713694398591	0.204410785114744
0.109015517544795	0.183006730528747
0.214296186504578	0.332157457377329
0.481265501358998	0.770312715358595
0.309951734182215	0.444491453989329
0.410000780236371	0.588425306172991
0.217310510466613	0.382668620783053
-0.198973646614389	0.304298167164944
-0.249666104336462	0.310828606804171
0.606359875078912	1.30324941637891
-0.0999961396853962	0.206294686166883
-0.194177554690757	0.423401319484279
-0.116126858576774	0.161616649573695
-0.0124168528260388	0.015233412293286
0.357956870157022	0.54915368452334
0.507665824714092	0.673095162199013
0.67876593398403	1.13591774148761
-0.107557221822684	0.110034884800913
0.638987043323453	1.20823424223148
0.00426745170456643	0.00475152778032606
0.131502971162788	0.230994588299321
-0.019379628855702	0.0246669575236541
0.0829892129966517	0.11246309813025
0.153751939743773	0.197261859890855
0.0327886978640834	0.0384268291512143
0.538242590801393	0.903491759447673
0.233464140741345	0.320740034022713
-0.31751634695728	0.456682177913253
0.0126766719698256	0.0113277850079987
0.158352395099558	0.172840354699821
0.0572400164747649	0.0536652106222296
-0.0950886736085404	0.0971636331088241
-0.011681243893098	0.0100376252583735
0.210999357796491	0.2761689537642
0.433182968708897	0.520747056756439
0.127384425702673	0.11154092788351
0.209214695982462	0.249101567630203
0.440842506527967	0.607271868837304
0.508249946943785	0.762774815873402
0.630591812806557	1.47305918045073
0.390568742458964	0.631958259139485
0.559469048523503	1.08326266995781
0.445812513038451	0.596271775218374
-0.216724603606452	0.286419858937687
-0.29214572905694	0.409182831426799
1.27530829620408	3.05220450389035
0.340303409248012	0.543240356796329
-0.150079582400252	0.14857974962269
0.314359656641517	0.424385785091108
0.0803699068294713	0.0834034418309585
0.885457078174372	2.00979576927679
0.304917916067572	0.543658776577427
0.123677887414132	0.138007246851238
0.439820281301801	0.506394112450166
0.260814863396293	0.402362400378664
0.579638401664283	0.865794437806902
0.83606878813909	1.76671446878393
-0.143277900290521	0.163447055739373
0.259113814758682	0.373589527705265
0.028472830378548	0.032471231719998
0.454991616784701	0.673538317236485
0.129948018156596	0.143030493539203
0.155057337155925	0.178005046527909
-0.00658471878801661	0.00709133320765639
0.0547286522099003	0.0505346069831758
0.335112520235492	0.56772208350852
-0.0354693430066685	0.0350377909686565
-0.0304907851434676	0.0352169114267949
0.203370729926572	0.304120023968734
0.167349779491579	0.259369173661962
-0.0935991827962877	0.128768240038703
0.81011621182947	1.69046806950669
0.0438503193328555	0.0600975679521522
0.486946213905503	1.04078883658022
0.560293530699156	1.07093813967374
-0.286836800363046	0.38168237318967
-0.281626013586261	0.379814625782013
-0.363958690149508	0.651573666930526
-0.636537192496498	0.743414459512579
-0.281317811591528	0.283050974336474
-0.696188549560669	0.827289632938957
0.695134882680183	0.869275200872426
-0.255732100214314	0.277253691840469
-0.177648611638967	0.288632386007431
0.275779107859631	0.491452877646838
-0.159402641895506	0.224356079793515
0.235304696148249	0.370192544861701
0.00421559763103697	0.00513719782159282
0.725291020127411	1.90417342147411
-0.134866795989171	0.194546048498139
0.41495746710275	0.834856157916937
0.740751616039191	2.28458732643154
0.303479382322204	0.564326220300519
0.282304060674737	0.369276748291869
1.09939358761213	1.44421173511623
0.208805908169294	0.161886939753676
-0.0133154191077348	0.00802742153282052
-0.214120042648547	0.172194531772738
-1.05351010580458	1.02258462711042
0.995149662987815	1.36187753787571
-1.21952589496427	1.34156657344341
0.358819882820651	0.344214213308336
0.764663081152409	0.635906454608538
-0.448829878483657	0.39086118253481
-0.31572513313449	0.209103215288861
0.282450681122607	0.254945818970362
-0.227915505446666	0.250776480729646
-0.266344109140281	0.353670194632859
0.317170207008394	0.355734516807798
1.62983714597338	2.90226972854245
1.1451461060005	1.03081246017916
1.01013718973426	1.17763769556916
0.417790560590482	0.343511134706383
-0.161321389983691	0.0992440708547786
0.472541983259665	0.738394277647324
-0.132499183880214	0.165945877362287
-0.218289217185767	0.244292508320411
1.16769244675427	1.6124411341743
0.432357206105175	0.649415167238602
-0.0480447020520621	0.0434421545441288
0.401354214152501	0.765662932036038
0.406651384730389	0.770724200799204
0.531787400917917	0.901618840587491
-0.179230107926954	0.194945905526198
0.387538436837625	0.33913395279713
0.859004934386368	1.15578369568331
0.111872222130324	0.0735300858611429
-1.14381649083849	1.82838876744851
0.403130122474939	0.504402277014395
0.108311578921504	0.0743096193132108
-0.779302258212193	0.679257229483743
-0.687820282105825	0.566378374899492
-0.698048498384848	0.629118562032477
-0.0919320615050813	0.0621971896179988
-0.241117609850893	0.138328759789253
-0.0964380007368607	0.0653383770270037
-0.587121971349825	0.442795986427591
-0.787256325202614	0.893175348122714
-0.232016090107614	0.200748006536437
-0.323977491290343	0.320903659704167
0.805316815854762	1.69193091873288
0.0498521496166391	0.0609734162735746
0.207628459922784	0.236057255694348
-0.149770593542962	0.169985777931734
-0.0593005340257395	0.0478237717168072
-0.181665713402748	0.133054957594682
0.940308892362396	0.820661541468308
0.13589069431753	0.108206453205197
-0.882094773123298	0.681711003180438
-0.592842842297717	0.447991906472102
-0.194069893870027	0.115252742085509
0.706376689369823	0.396395855075674
0.0690517654756217	0.0338200138490675
0.740845021201257	0.980683958344564
0.0761043940545513	0.0405628471142737
0.36691403856161	0.491781788157467
0.424661837411785	0.437893790194089
0.540186561079025	0.775196408921685
0.994816610761757	1.07276250422277
0.622724488720145	0.383461638918718
0.275331996435825	0.130450691565297
-0.235085168185777	0.136540147224245
-0.478592206560815	0.334786136159769
0.457471567640639	0.346924444548995
0.764332358035024	0.514977970301519
0.522473691204122	0.256403319398402
0.832123201573788	0.663062992730857
0.146080160278807	0.13982606859701
0.0668162976163241	0.0839164425686394
-0.116614770345854	0.0893690175096157
-0.192730921535715	0.115886211919973
0.399011373115082	0.335156404615017
0.762763345169672	0.630210612137348
0.320322515753621	0.13844913250372
0.319524786868546	0.241428761751407
-0.254974338084413	0.367835429339904
0.308529437441503	0.247045216177794
0.418320137045991	0.34229857518422
-0.666142623833305	0.904955343450888
-0.123302550587279	0.148163490245298
-0.100737074718157	0.100240979473754
0.148143563406034	0.132471980186064
0.56074790726625	0.629822239061065
0.0676046323251657	0.0682677692518223
1.03512045864087	1.57935925102799
-0.167189486713411	0.199958790428498
-0.117705519167244	0.101000735842809
-0.00421706564656467	0.00315798492009268
0.0192607422325651	0.0158402358636486
0.326382068219379	0.363688608400945
-0.0654150715778896	0.0352272483711133
0.0683159492014027	0.0281628877530193
1.01225661526993	0.711678703711621
0.86934080697756	0.553749555573222
0.247526292255824	0.128224556100747
0.227741588378749	0.13589571058041
0.0850760940009264	0.0504592735008455
0.235714679838812	0.132271436823193
0.379961782081192	0.238402548427861
-0.0297274520812916	0.0297955751417565
-0.619705202902317	0.680405202313575
-0.0973172335996069	0.0649933644583621
0.210909696008423	0.215562305458344
-1.1019201215216	2.28474015514428
-0.176276915743133	0.160549204340269
0.115730219300525	0.0850078626893021
0.138979822157884	0.112646396572859
0.442103381830961	0.596697182806015
-0.626797136051297	0.85522504402349
-0.034599830468543	0.0312347251187918
-0.170240942547047	0.156897345781872
0.0472315727997595	0.0470536788776209
-0.914635216534493	1.09307223916821
-0.549340533583755	0.470271412997117
-0.535575229840498	0.648624672817394
-0.175103125792998	0.127403831200763
-0.479354805769132	0.643489011367923
0.61538034889546	0.743469162285017
0.205737432137606	0.174286095782312
-0.513172499126507	0.709248255082083
-0.178718920412386	0.162853745609619
0.525826171599838	0.593453524325557
-0.0933718812720391	0.0630370420090312
0.596027632902743	0.814899971019749
-0.879654303858081	0.588882626722746
0.0779910016488189	0.0404622560309925
0.0461208031209907	0.0323249240296376
-1.10644838806339	1.20907495278587
-0.175812148344961	0.175590236938691
0.421190126649353	0.3465188233015
-0.231151470061838	0.161651499482963
0.925141729148984	1.19660174870335
0.352326168885808	0.340189475373437
0.399550836618915	0.696287823437182
0.717253167224397	1.71919815171244
0.431311475511037	0.588434635546621
0.582283990953719	0.873562428696507
0.119960047279459	0.124306693526208
1.0824300089919	2.25390696683434
-0.0797552344889665	0.0960689567419559
0.182363712119983	0.323670086988653
-0.111157595385193	0.13752802979923
0.0352947959326038	0.0384662427717186
0.0577400952251927	0.0593327832749341
0.00205431617047893	0.00184212759860417
0.305678217430849	0.560503669514688
-0.0963371891940576	0.119983727024555
0.167741310234931	0.186748026720326
0.197640680770339	0.312602891793867
-0.0674913952263109	0.117242661710794
0.0778613449641719	0.132160305001633
0.307830438726665	0.51949612507449
0.100062606017211	0.12985999404633
0.657377665030917	1.43769799764195
-0.0741410587704516	0.0728222671042838
0.133442496925949	0.117829832494217
0.136930834337315	0.128831766422417
0.378977210807812	0.503740590288924
0.284515690203972	0.38178967615293
-0.18926023745757	0.333637884257657
-0.224324423551252	0.36258191533305
-0.516238669758123	0.858279738001152
-0.285254125903546	0.384833386819978
0.0380295507690961	0.0401554677461966
0.130607213651483	0.134555444158678
-0.229751490726934	0.295778411288689
0.0425264080973967	0.043168797421692
0.0379313637651017	0.0385879368872738
0.526654677824567	0.829333479390188
0.20964527987113	0.22139433042146
0.485819826284665	0.600265088099799
-0.16756667268754	0.138837853457236
-0.153652240336205	0.182120974227415
0.58164718670496	0.716779900683165
0.131754017263205	0.111773512145115
-0.600613999420761	1.07245998134362
-0.581012100538086	0.73430964078363
0.706590230258803	1.03380491658753
0.202018052386859	0.225002411074466
0.489570503818102	0.748193300234502
-0.111689417660635	0.0963706679531921
0.688534310506755	0.921629378960422
-0.45202230811734	0.692038872614844
0.392382034994271	0.585079000546943
0.775169048894636	1.61194466005885
0.575574091091261	0.930134277587876
0.553876379320925	0.839031523774223
-0.0761273767525366	0.0741189868699461
1.02520006851271	1.91818450029873
-0.210170394332169	0.258111614416367
0.0260897403614935	0.0271383316167967
0.15838669804755	0.181813850619393
0.136508605235279	0.119163197791149
-0.362567349225366	0.578047461641829
-0.0949139772454954	0.0906515907146675
-0.30224908145573	0.437737322928217
0.500386850520804	0.692022643094206
-0.49236845345596	0.791928309974044
-0.63299652525148	0.976843575582291
0.0627714304863977	0.0715082519827841
-0.162718135662527	0.185858965558841
0.116071103226033	0.115776410293074
-0.362257810685126	0.497419611599278
0.884460601060604	1.41926301947701
0.0310940042279378	0.0353987068340748
-0.310010352089261	0.330271971391973
0.634219740601	1.09677235690506
0.104269328336382	0.122250212026564
0.239336776633026	0.332913115635471
0.0962641194381327	0.111016426512841
-0.157123577002792	0.198961135037374
0.0549808254592459	0.0631224653205991
-0.256982145467705	0.419079903184775
-0.513087293274005	0.806877931753577
0.201372681570912	0.265105703880671
0.477225364613974	0.763870307695322
-0.225165329104199	0.300971736866789
0.126711814049347	0.0967095942444126
-0.539512943097289	0.644520067216882
0.379795207097979	0.423928930199863
0.709922174681038	0.866757072524249
-0.117175658292401	0.111951207662751
0.0396310814155341	0.0541408253771253
0.287044747920686	0.43072109358885
-0.610246324931336	1.24133463775442
-0.348289250896924	0.633343997039952
0.314116729981198	0.473162815627256
0.354859231372903	0.678528873333327
-0.58084075927674	1.09384048022982
0.0254250554564901	0.0296565485095095
-0.168251971754971	0.239991991078486
-0.240810259260358	0.386601248071533
0.336409647348721	0.426950710121533
0.493839609275704	0.525024803752389
-0.28132233171968	0.2430304560824
0.826694160536035	0.664591096571995
0.198306007060484	0.156150525792434
0.87899089708206	0.794376037765663
0.720499300949372	0.789429868458849
0.10829106126467	0.0716008396988657
1.05548494314389	1.49912469125755
0.417930308562243	0.344270828123677
1.16163870297239	1.49731669988122
-0.0473176433930623	0.0269463205182342
-0.196098745432374	0.160625135296603
-0.812835967169041	1.15240337415017
0.522696902633176	0.856817211869086
0.736329512997781	1.14697066163106
1.34714949085769	2.08791539774845
0.207860082316446	0.158624551105302
0.480857921990187	0.348902699433771
0.0560605832033375	0.0415665234351524
0.214986581407593	0.148692781389388
-0.206676846233549	0.212601237711866
0.164591808230247	0.232080359711409
0.0482742679820037	0.0427771848836862
0.0426482242747783	0.0375932194886326
-0.00238785582072404	0.00207760659102097
0.0895615413431249	0.0791779950625572
0.107269870252742	0.112881259770853
-0.13765567756415	0.190744832886007
0.427348354528271	0.669252260442571
-0.438215523077217	0.562631410952539
1.00151701342477	1.71415926653469
-0.185054988941025	0.151235306555445
-0.112682654719552	0.0876185009507923
0.79368232101154	1.18113714556001
-0.234356843196634	0.203533429224229
0.564059697609145	0.36657101142727
0.107927559087907	0.0711041769771649
-0.262369755896311	0.177359281573543
-0.117421543189652	0.0568175032227058
-0.133584702874892	0.0847826027541135
-0.610095178082612	0.506666169269928
-0.0127818912930668	0.00764196099052129
0.284854820486314	0.243727078272891
0.113662650279769	0.0834215234263793
0.0905234430625227	0.0794601062713723
-0.916798081703239	1.11510335269796
0.36763424472174	0.48529924020457
0.628601336509968	1.22139826927421
0.458901016839009	0.770178149545641
-0.194703409595804	0.202396722968097
0.261146489108659	0.257231465800226
0.390237930082713	0.341813479620076
-0.0213470532516669	0.0125485776686579
-0.0884986533240674	0.076400629189791
0.211078685923999	0.152392387688651
0.0766919612295861	0.0403537617433989
0.232720776828397	0.130814304818393
0.0681479874982019	0.0336153022879056
-0.17371662472812	0.0704101840588028
0.070307913480369	0.0344671742871809
-1.00948102870384	0.734692470446894
0.93627015571564	1.2186548153013
-0.0275732486029185	0.0270488198836009
0.405607454509959	0.511337988039955
0.273565294068281	0.252206629893595
0.201269975522003	0.174543489613747
0.0610731252082283	0.0575921762191325
0.0854999982220095	0.0478730629686551
0.0863621407565013	0.0514939578521961
-0.703300310373944	0.627686771022592
0.0721199248886454	0.0379450481744897
0.463909037162414	0.252473241637929
-0.0316181849508985	0.0183600806140057
0.0845094585033182	0.0278486404260499
-0.0460847614458608	0.0261629731872018
1.14798844377879	0.88775531154448
0.583583557413535	0.484823093921637
0.216146589072882	0.143970735315489
-0.198519817666779	0.119030135540664
-0.112732623659273	0.0732533129698458
0.214542140681995	0.134150800083316
-0.190660726275679	0.197120002798964
-0.313742444676253	0.417962885591974
0.29822533290582	0.240923486499541
1.687553939707	1.59250810769377
0.0716089016252347	0.0379043324984967
1.03253841273094	0.847086612006661
0.641940917824495	0.489413137972324
-0.00683491269845355	0.0041771906778808
0.382345714062157	0.236895295802283
0.0814410792101618	0.0483656548446668
-0.0641782676877693	0.0691716276800727
0.555906928469548	0.552669035535009
0.216389381458461	0.156712594523221
0.810230108857518	1.35549077758117
0.249161371662112	0.318537307109573
-0.0439691104149348	0.0446235910718462
-0.23785749625744	0.208865290908211
-0.548536921150017	0.623791645937814
0.0306821296038628	0.0297185984523778
-0.279239204802068	0.261899667740947
0.399771496084095	0.339419859198346
0.400367779054067	0.428843579145881
-0.729281802930755	1.16487899488558
0.0710453689593188	0.0580278803655116
0.0683660645328435	0.0580167980323059
-0.220360909196297	0.197220945497443
0.611265212807074	0.896206385093782
0.313341325927316	0.378053413529742
0.604487726023918	0.478937166189095
0.566642562447997	0.372532132263482
-0.091663396256418	0.0471354099052527
0.223019877488459	0.141699947324375
0.980081361357145	0.359452025465166
0.0642568219653843	0.0290497538040525
0.528289152897054	0.261892783124032
0.0729346750015772	0.0269175186835086
1.16714784730922	0.758257515980333
1.16989229868714	0.766988342617137
-0.664309718529178	0.491019639610117
0.306544557600265	0.238208342804218
-0.261245191233479	0.318289878947078
0.0072437261811513	0.00443179332815833
0.229583255330827	0.135319978154471
0.194207807240975	0.179700086887645
0.0370015547892621	0.036370647328037
-0.696188549560669	0.827289632938957
-0.0241846697849556	0.0139920893526622
0.0350990196711921	0.0244202321102574
-0.15203914127966	0.127288153540084
0.20797632432926	0.248771318101653
-0.176772259106367	0.160854819598777
-0.242441573305172	0.248290357475972
-0.0710090237750938	0.0544792825427474
-0.139174118156628	0.0899119234215621
-0.185125071959776	0.135037238460312
-0.254420314976472	0.221792285502373
0.0672156484827339	0.0547047264791209
0.597083558236063	0.647454326158481
0.800585366664082	1.02867847626765
-0.042324903833817	0.0338831579186413
0.378430274039847	0.42752968974099
0.0100372168136649	0.007821501097467
-0.845832806593175	1.23605019521696
0.203441161130909	0.150375702061833
-0.136015567888418	0.127375823563509
0.235141662670883	0.139439685985908
0.0957589071713562	0.0570802432551924
-0.860858785691464	0.940768286084876
-0.863229064199521	0.940431982173435
-0.252925596117737	0.241636564947568
0.20363752107554	0.137235903295624
0.0258713048416069	0.0174342254446508
0.518866476097618	0.460649212933858
0.144082631510267	0.307727145402623
0.405923194889628	1.11804775189553
0.553020108947724	1.44918911795016
0.712842576985098	2.14034948709588
0.348380541945659	0.574732219007058
0.565823464313136	1.15102749807338
0.0387466337127574	0.0442453123617254
0.475707477395154	0.975054285579553
0.455725739622657	1.03069085385045
0.221973919101489	0.399004082132014
0.507646642913931	1.1200116556706
-0.0188878915986503	0.022162045071404
0.0408235549957589	0.0504854891431046
0.18544219774457	0.235847132703098
0.239302457773714	0.365013204235613
0.493433512801287	0.983501335173861
0.120155267262973	0.131936006808697
0.233306144695005	0.352295992675805
-0.305541128680198	0.616097644416214
0.234377857317958	0.398900253051752
0.101932749718903	0.13567874909074
0.291642309269891	0.50380124966683
0.28987492114349	0.520209970078364
-0.145292326056083	0.179628449699566
-0.166970186210637	0.208175186623433
0.481939699516957	0.86029913934913
-0.129038366665685	0.165878613133625
0.18655250961976	0.252306823485756
0.192838711212016	0.284324803763325
-0.00620346825169174	0.0052463511253469
0.198406325996346	0.194466001246083
-0.37618100768478	0.43967156853257
0.33089358887773	0.419584975296128
0.158249353519938	0.158881156868723
-0.00186749457876496	0.00148416320046047
0.356688648559156	0.40750451635515
-0.300142663342363	0.314029021150185
0.254351597600502	0.277063750091794
0.29328565179699	0.356105252548175
0.421187810239006	0.421007951612419
0.000749346295292874	0.000665079820858666
-0.334896576739234	0.374302994654905
0.58547217412193	0.731110171045389
0.696829657166613	0.953908587028226
-0.326085292152318	0.373042533698809
0.0641228861798686	0.0509483582711609
0.597169367906579	0.567874662969901
0.543933167664059	0.687473274444554
0.55421271082279	0.841337036257443
-0.108852570525435	0.102680780946023
-0.292924078160243	0.315561199423267
0.974120419306778	2.04524986943957
-0.336178168950766	0.41658029050165
0.0250880438913426	0.0207566567916265
0.199746155448774	0.166957480550558
0.410929544257988	0.503134355819106
0.4460350502006	0.439997571524828
0.275579099282014	0.238519897659022
0.270014546439159	0.274770484785442
0.00451698026008947	0.00350435435739296
-0.464415868734092	0.627885753108556
1.0135438436088	1.52989992738628
-0.0338021226935048	0.0337975026056563
0.78301957207777	1.31041223034798
-0.687057032248642	0.967457369286407
-0.486282338857252	0.560961474144532
-0.434815275951799	0.472692707490293
0.642155134351037	0.741145528789169
0.192888941637007	0.190512430249179
0.332506452690524	0.422927609833183
0.432014319035991	0.592404290441427
-0.00770459440978645	0.00731256576283112
-0.0615994685605238	0.0594985534842836
0.0358191043854691	0.0390140788065523
-0.242164835859279	0.296808615966518
0.532116524757687	0.829060631288394
-0.0285659572694292	0.0292608646106461
0.12408183246035	0.143363433779662
0.765987347893578	1.38089985471783
-0.282632581731236	0.345042166575663
0.713404102105727	1.16908983780072
0.0952332295481733	0.0995128524672306
-0.547114734949923	0.762936833346962
-0.719608838470353	1.18370632604055
-0.186072369120326	0.219855574157747
0.564358731080964	0.926690328630219
-0.351974299549277	0.459799637828529
-0.00921404396639263	0.00917063357353087
-0.0936200570338476	0.0766231765827071
-0.239527547928565	0.291642789898143
0.218636390947989	0.29625582203878
0.277607407403208	0.367764804215714
-0.171790754228092	0.220410697403467
-0.174785553954193	0.196995582844084
0.458527488277621	0.713777521282432
-0.100040106702096	0.107918768016052
0.0984753314681077	0.0989488537290385
0.501516040030422	0.783572850149915
-0.457690084463865	0.64706286418728
0.169342530399711	0.204669348936286
0.0432015611187227	0.0499263301557385
0.0985754748737211	0.112673560953119
0.0107147286563419	0.0105374106370284
0.541771011248358	0.624609422869712
-0.212441107947092	0.171614106003496
-0.436098858194011	0.511443520333921
-0.329308604458231	0.324437346665332
-0.231419608505773	0.203022485507734
0.361367805393924	0.327591072089369
0.389012984328544	0.338030074669262
-0.283097256060483	0.241460635846984
0.659883202383433	0.929423016004921
1.03637470710568	1.36435659266568
-0.0519972613739051	0.0431517544461852
0.318810499530753	0.350472508215451
0.0142254206608908	0.0126249240184473
0.907949699166951	1.53769292088632
0.979704530833809	1.70817537565776
0.19786190995655	0.161273078280306
-0.233372881297231	0.184362275905095
0.0723374571565767	0.060350518372327
0.672141339698767	0.922685059967177
0.467499227470148	0.601362566896228
0.033444529072028	0.031924784166317
0.324593907519266	0.348600112290006
-0.0607631504333648	0.0559885797908754
-0.150009301406906	0.14940766141559
0.386682429121857	0.509035033692008
0.389973349384868	0.507239205885872
-0.145813519979324	0.166828254039155
0.570860275951035	0.843829549288298
-0.360783973690823	0.406886400659315
-0.207410620928633	0.218117302954787
0.147260528856324	0.134335775360133
0.0745592110789579	0.0721749871253866
-0.158844826359046	0.133502322574405
-0.16789020071375	0.138984196749567
0.603575800116768	0.576339736674648
0.211703834310747	0.162651057245953
0.557222745191545	0.612666298314452
-0.372134728404508	0.329503322382243
0.942079029507391	1.47161527184142
-0.267350707571403	0.208884211213184
0.602644654058386	0.657182867305922
-0.0475000368970898	0.0340380196617133
0.0751816826189456	0.0609508902818161
0.546062583492376	0.545953172055847
0.43343775243335	0.432854213470838
0.0408753038543516	0.035485768695605
0.574860718054324	0.792657714134642
0.138384034060406	0.160794606793293
0.309361125172473	0.363891226773196
0.0106839018389152	0.00696676110072721
0.00419616757318716	0.00259230617868797
0.694974014911877	0.707821887406208
0.114631614941169	0.0777064569667423
0.560616213716815	0.363777083858657
0.57826964915243	0.559316235303414
0.218309313605624	0.143563115279094
0.799704912860252	1.01454131018612
0.343894929148706	0.406906640592134
1.0069084937546	1.65339182038192
0.494081444124713	0.677255141615269
0.0315455706536486	0.0266036421053052
0.305770398286684	0.339925375250757
-1.14010889948349	1.18713718517043
0.64558732108421	0.488752894659393
0.569274869214218	0.549821440768403
-1.05260803195753	1.31565907380296
0.216692857588152	0.150835354725761
-0.324229586506992	0.244756677150783
0.522574538595927	0.254584060145345
-0.290358436020396	0.221128068534054
-0.457262559943782	0.396920556197116
-0.274440494514233	0.233058732836266
0.464092285194287	0.445822813362097
0.0393393997848815	0.0284149623540355
0.348034961554782	0.241107640334581
0.364464595200981	0.334917726844408
0.50959352869184	0.451909649731307
-0.506761726349358	0.573000609653952
0.416267911645235	0.421455639530263
-0.131107357519676	0.097944131096276
0.0965437849756525	0.0605503850795501
0.0672925495165373	0.0523405174245531
-0.0450284845467375	0.0251864836967353
0.0389000141899415	0.0272040085561702
-0.260773837694783	0.202141244380992
0.0195670472685795	0.0131681418589891
-0.113842198905878	0.123635982098654
-0.442307139790069	0.413776227134496
1.11113267441067	1.6057618372571
-0.0443843565517369	0.0361333851451586
-0.617981730673609	0.775558403670016
0.264619429017852	0.253266680168163
0.332799885089395	0.326414410976344
-0.406614019469792	0.388258454682748
-0.55689859861166	0.772689216676403
-0.1956726113337	0.175586752655894
-0.136511748890352	0.115163454594706
0.470724467995234	0.520149166795377
-0.0219852312239498	0.0161870734294724
-0.100745613479055	0.0870069208457766
-0.188630750494075	0.16903043430148
-0.0424997452588007	0.029989584868045
-0.293553821245626	0.253408026017252
0.610450328711879	0.74511572641109
0.707179473101078	0.6053739470438
0.55934062647648	0.558206054390372
0.347185745401476	0.240455893628952
-0.655241813302297	0.647475017892722
0.354625491957315	0.233301673347726
0.11159198390579	0.0782846621373488
-0.947292449259814	0.915176583241304
1.03699311418249	0.847947195261873
0.714033390284979	0.612330570130986
-0.289933047931329	0.221664251048751
-0.410782604381505	0.332493459577482
0.0689664594175931	0.0309147013702588
-0.787724572438277	0.750339100980354
-0.310959042584659	0.204578699326962
-0.727297852131156	0.754120957299835
-0.229935736776883	0.218284915325021
-0.125375882299778	0.118462702210637
0.116434404743033	0.0854992098263589
-0.377338373920802	0.311502103091844
0.400985796985315	0.420141134903913
0.545970460656015	0.465891754253624
-0.0776249045603238	0.0612741385535877
-0.275357056047304	0.231282595406745
-0.240353181756994	0.191627620105081
-0.272930500191821	0.257084451558337
0.208449336658857	0.173274698405806
-0.0724309240439884	0.0499704397315076
-0.0932909330716144	0.0714577703611131
0.821832751657278	0.774365644716598
-0.236474919317529	0.164309568320431
-0.792769866123286	0.820297668424947
0.457891315447284	0.440540403970842
-0.796029190202895	0.873166400722165
-0.589648057420177	0.537220679694003
1.97892406981183	2.2376735432211
-0.459963666086611	0.404824236066367
0.122880548294601	0.0935031254041299
0.13742394486009	0.107688784411512
-0.592565950135888	0.546298429833438
-0.261235843880536	0.227539120987411
0.633128182950547	0.585765814882183
0.565556383458164	0.545209429872756
0.0312081233085699	0.0215389343687554
0.641788792040925	0.68480901609883
0.315836588910547	0.255626780439935
0.212607197664162	0.162652482538943
0.290410829688468	0.82194481042049
0.600674282211468	2.27587521496291
0.270741103132312	0.649267830837757
-0.0662503284705669	0.104161516664322
0.265424654742085	0.499037869881272
0.18998115204673	0.307110535480144
0.0500874685013142	0.0794032963485103
-0.0270477281317724	0.0411838257043323
0.327486261803028	0.666486448706284
0.0509404310893473	0.0781839127304736
0.466243389658699	0.997316966390027
0.337322304249068	0.696994369288891
-0.184382237349449	0.303725802453961
-0.145277900451401	0.205413758627608
0.463413428888683	0.923160059685951
0.162548979448487	0.194893141008584
0.237283635519139	0.392036945540079
-0.0632720223563524	0.0896925237989121
0.305913810045143	0.544216900336495
0.411437663629307	0.887148003117826
0.238456092426936	0.417400605748844
0.230853081958945	0.351465145903907
0.299594026759015	0.517056404314065
-0.0929482799938057	0.124034427563402
-0.129048764617657	0.190500071342713
0.341986883628899	0.625512688935416
-0.191323964337005	0.295845472353616
-0.16972455180514	0.225729667892025
-0.0324229457355437	0.0301093966450133
0.151047866917577	0.144116216572164
0.882201808816624	1.34743973074581
-0.324784997778376	0.415749561169557
-0.308739579604933	0.373525574314106
0.0130387787879856	0.0126708565563261
0.558961835157008	0.861723947257675
0.21387459756376	0.151455939985274
0.115808339364756	0.120611397662401
-0.064904481869556	0.0631901415493783
-0.134132894616278	0.122057906174302
0.264370160049758	0.284636762105514
0.00687729545683396	0.00552457890450994
1.31931229020939	2.27788204752208
0.522152830695067	0.530825439924526
-0.620059233094725	0.807300679885349
0.331289499288995	0.347552561682719
-0.653469349595937	0.815545289802732
-0.0678816749185809	0.0550327661886829
-0.294824221963447	0.332342577911385
-0.546512629307088	0.825848707924628
0.155376358083915	0.161756206314815
0.0969279833582358	0.102845383446555
0.095490977932041	0.108836097357164
0.07613765776296	0.0644875675430574
0.703447036110963	0.964922705474892
0.222201967018117	0.20900384713175
1.12615035611664	1.93013951015403
0.561841357195785	0.634156800707608
0.511142922552114	0.611759805982713
-0.271701264377131	0.304297433440028
0.0281441422064508	0.0236846931264615
0.580061892972775	0.804550075999985
0.598417705652611	0.737067135415473
0.625201300196561	0.97830412395308
0.00093477496842258	0.000546892347951103
-0.295021995299656	0.22791972437604
0.333874018997817	0.240545193188922
-0.0296733271377467	0.0249134502278929
-0.554065040201334	0.634219562799369
0.159029557661385	0.162942434631404
0.0691646966595952	0.0670242153116053
0.0491431557793765	0.0454980380172858
0.281164838028913	0.352120020586644
0.325866191968127	0.41919633675638
-0.0775419483397595	0.0803188201286697
0.288897825331889	0.356151918598237
-0.128216621931219	0.139239290984523
0.715642784460858	1.25460957294457
-0.145220129272796	0.165601549406026
-0.176496096515089	0.187658310785549
0.147573872208307	0.148545250000189
0.186261088384454	0.222211552288443
0.205190576392893	0.229284326655422
-0.161451668885086	0.172476754511477
0.325625582009098	0.44161338970767
-0.080405985640979	0.0993929865660432
0.180928876971247	0.207910339603321
0.215606011193551	0.325973659288009
0.42195189190606	0.70919429238023
0.0533654111153166	0.0592152200407041
0.0362853965912179	0.0415975647311257
-0.00558087165267544	0.0060626985788022
0.347586302909413	0.523444596591419
-0.260227031276269	0.348898602180215
0.302564990120797	0.421586213046768
0.114925099851307	0.119093220664448
0.835628813151202	1.62799484188643
0.208111935755564	0.248601616047986
-0.249898466203066	0.307115953108178
0.368882885782934	0.594756677781807
0.104935728622394	0.117231346025152
0.502244507687155	0.847204572419846
-0.400347830330611	0.5675349271827
0.663349441801239	0.935907709184778
0.457786943197889	0.604738254774901
0.109658890166311	0.109900765701948
0.306983708288626	0.348051070507958
-0.290111815586362	0.295514402081179
0.411365351389406	0.484636776240868
-0.518726692013124	0.597207573606698
-0.0886763704887084	0.0788202000498495
0.337020556304463	0.41991426749026
1.22193445568301	1.85986458183272
-0.0433561774310743	0.0396273506840864
0.341762561358965	0.42784513666657
0.123314971418315	0.12243101356399
0.366451907645193	0.449513304383751
0.758719087881398	1.28553342784242
0.20039142815565	0.203712518389421
0.194832273435856	0.200174694930136
0.0767308534885928	0.0638839447454306
-0.18572138357009	0.220939956909344
0.0338954817004804	0.0334691795347423
0.865902227751157	1.41591560548913
-0.155323747194421	0.174327577518505
0.674558809084754	0.839731016938222
0.303081074846099	0.356801971813067
0.426541665124041	0.573472097982816
0.778304191958548	1.26022776200514
0.641250065423592	1.04197326607778
0.699991566557365	1.02622965411165
0.63654180473806	0.905187731436531
0.891977976927278	1.83047430937081
0.114844244280579	0.113075669078844
0.168041410590226	0.203364849753045
-0.973851642656247	1.78118493353668
-0.175888241114458	0.195311315357577
-0.146011488830032	0.132400831805425
0.261092287581235	0.275172455251133
0.153037884700175	0.151561211688921
0.048024614587261	0.0432634727710916
0.439750133678932	0.513881886538292
0.140344649129048	0.119138571858184
0.134260301314157	0.107570975579977
0.316503273008036	0.400835649432721
-0.022013578549125	0.0181970207182738
1.15246838447742	1.57061950476195
0.800404499430496	1.02873250258094
0.469225532884378	0.597096350633262
0.314842418114777	0.439938470659412
0.14648609776361	0.128004137894618
0.905933472371791	1.26888592791952
0.20448723047351	0.16800227281887
0.120356813730982	0.119214474058308
0.557335938009784	0.621351355112562
0.291620097173434	0.243138165442935
1.29550502178474	2.28176201822279
0.693117988677698	1.00560579066499
0.200133682295493	0.211417788300379
0.345535479219376	0.427466869037059
-0.149269227013903	0.156956096566037
-0.0243922125777296	0.0206540654499703
0.210301950566592	0.173209460679108
-0.388896938027797	0.40442143059474
0.580696545010375	0.64489455936349
0.578223421395473	0.641395216069334
-0.379819554416665	0.340163653865513
0.48372337888808	0.528877102813414
0.430233297809478	0.352054841807505
0.877079003811789	0.969806354510182
-0.29395248169103	0.274501918338818
0.422038952277533	0.430273538845554
0.0679583771111985	0.055286133188479
0.769976246992552	1.00585823951244
0.43573778522621	0.43783240852967
-0.0470067829789336	0.0331426708489506
0.348787238663194	0.336829742625036
0.337277766770682	0.338748988223718
0.760877695065455	0.905581001482444
0.126200134866167	0.103513582358222
-0.006866825286464	0.0051653217481154
-0.223486904444561	0.233091565341376
0.55034350014154	0.610239422037415
0.20560664219605	0.207272771262683
-0.103015391947076	0.0802702799465728
0.640215213314675	0.588293211780598
0.914124991553309	1.11530066868386
-0.175092067094557	0.171536865466435
-0.0218363921214189	0.0156848308539789
0.737516448609175	0.95956397598937
0.0284918534619033	0.0284066891678748
-0.472198999964621	0.609622990067824
0.196306096053804	0.2075741922215
-0.444326032766507	0.424461865016748
0.0854522169719772	0.0732634883805303
-0.498455939820154	0.474367005692853
0.142766940682676	0.12817317263114
-0.15513888949495	0.141487784945324
0.279091485322733	0.236470602516072
-0.246563055320618	0.233423612429926
0.0521383891739354	0.0377319878729388
-0.498991609730242	0.638739520961938
-0.178560945760958	0.148850795239191
0.00962899510254899	0.00721622976908791
-0.289271040008302	0.29441606840604
0.632682664609631	0.81514119790025
-0.151638320234077	0.111280598644578
0.602417242819506	0.647745975799783
0.458112456412623	0.348149654916262
0.963757083940242	1.13885408073455
0.418963699841976	0.412750122059544
-0.154562519134912	0.128730686754718
0.29496803165589	0.244686430190682
0.217305808578407	0.156571354145634
0.209042688289504	0.165534347253335
-0.365027121208406	0.268099351314699
-0.26002125784119	0.203804572580205
0.329915109226747	0.330831160261736
-0.27636812600675	0.234709844751872
0.284433623316867	0.24173866783789
-0.239620623653355	0.18986368422446
0.448766658757493	0.426626336861737
0.121256209915034	0.0864607248205181
-0.0177662321349725	0.0129496317371765
-0.240487508861888	0.191169195856044
-0.309572204918972	0.264445571881686
0.142761248219739	0.129668312590364
-0.0824965962770075	0.0845605588417763
-0.0817567949520063	0.0650795301862039
0.00815768739025126	0.00634567282865524
-0.197785258683102	0.162093727554225
-0.398133803032425	0.417266690174858
-0.989115851103974	1.49547043573897
0.612385535209874	0.891568193661929
0.0409019677961258	0.029387201253693
0.403444703096451	0.423853953992967
-0.358266236178058	0.352869469596278
-0.265254406091324	0.253443451036956
-0.536981145394319	0.645399927444896
-0.477379164740378	0.484883935744763
0.0588011520866488	0.045857134528806
-1.0219436154777	1.08178180860522
-0.257207402808394	0.201494002615997
0.660950192396284	0.687624059653309
-0.356212463088434	0.376855160420236
0.547809092007925	0.472107051146277
0.429982356798049	0.355047984250504
-0.336549041859386	0.279620511303182
0.531266511288352	0.545664790082596
-0.0545060905874677	0.0380570593065888
-1.36558137656868	1.99891991765267
0.213157793485921	0.159934090065912
-0.235095746729882	0.187045902839325
0.0259647284188691	0.0173139804839752
0.221586294025956	0.1602704386311
1.08320340785961	1.23613366540068
0.105933498284872	0.0662913302733052
0.312943801125229	0.815329196271175
0.239282593682088	0.560133291268131
0.112366379533678	0.210757046723269
0.192452520449971	0.407899930503723
0.0508441035390924	0.0652733805561979
0.506130493746667	1.42270181716325
0.0611962556318039	0.114625721137043
0.0970721474333937	0.188778652881169
-0.027861467982776	0.0468699583988734
0.152159843815217	0.279806248900818
-0.0731740834103651	0.118050865177027
0.0764939778750106	0.113629759538766
0.130890097192947	0.239303068810023
0.329748054913063	0.780001123806948
0.683975606351143	1.74303914341909
0.227613465353936	0.420421272534626
-0.0677395765223027	0.10639076136216
0.0313875795705006	0.0441208080323586
-0.200079858769729	0.323171246384358
0.000508823034254528	0.00061379179382155
0.487226092314153	0.965851794127559
0.718489530911836	1.25993881230795
0.446956196805946	0.964535067775536
0.666485675929478	1.71030576672066
0.292360410598199	0.464464144471822
0.317659771276155	0.639382865502285
0.520654692334533	1.19362677625727
0.252362636374132	0.434850265000096
0.465343029820861	1.00050074182982
0.204645099330581	0.350304716576798
0.465247482697997	0.984924693048004
-0.041459628936843	0.0533609342161737
0.214565437702068	0.348124456288481
0.324965561191302	0.485120407008667
-0.268249833520289	0.234608858718739
0.55095752367023	0.540601947589593
0.352726751111758	0.340232785836432
0.66242178404468	0.989000737598112
0.0982535894166368	0.0944217113815162
0.358702190703385	0.330938547590722
-0.324553478323644	0.340010308816369
0.0552554559048917	0.0420510655785916
0.357490331617065	0.418708598910434
0.443323440902688	0.521281145200638
0.418622250379568	0.417425175388679
0.255095367841405	0.274025231773322
-0.781721249091479	0.794053715029853
0.357131635098948	0.326364740390174
-0.118462131168744	0.0910899396311828
1.05475044403019	1.07213363882519
-0.351702360151791	0.294151312737919
-0.257570712609776	0.225123815307247
-0.788024552795873	0.912794837873846
0.740038120630483	1.11611093676207
1.4479458407608	2.90550584564981
-0.0966581697814844	0.092502651091501
0.0203280678795849	0.0167268524976629
0.270870007115624	0.275630051150758
0.470818433403645	0.521097879434649
0.209907527962231	0.151389196965219
0.243309110115314	0.135377848097274
-0.369116086016702	0.32487395427928
0.549684320347056	0.548680597207811
0.283742600670077	0.241251759971399
0.275615109320455	0.254417706178739
0.309235482363791	0.337195819826249
1.3016620142372	2.47775737575914
-0.178808608027818	0.162374920362314
0.238083888857587	0.256941265688433
0.447095263868067	0.426393046565163
-0.41901025206343	0.255320857716117
0.21226939388653	0.158542263496662
0.223122318009741	0.139679445979021
0.735666225240534	0.730704673160421
-0.19387837328563	0.174764027120469
-0.296718852032775	0.343633562657972
-0.139604392348698	0.128011711562254
0.394849227338502	0.578165836850818
-0.194388777121445	0.189768440422078
-0.0632866857891768	0.0655004469280302
0.428685734148274	0.592204941628023
-0.476670659954471	0.665392762011415
0.123524634632025	0.103655838245428
-0.205239322764553	0.19785661239819
0.085920946687651	0.0754817675763312
0.0783635578273676	0.0640526785728632
0.391301003025057	0.435138024382812
-0.0389167886380597	0.03904885919696
0.236059476697294	0.290909415661412
0.163774481546651	0.192178348508068
0.0652989268271092	0.0677119586990515
0.220670999831642	0.316690343669146
-0.0893927204750363	0.108762317081116
0.81957456131517	2.18037292017826
0.121694772187208	0.16623524486434
-0.0333915665734748	0.0378352028428269
0.0389502103459652	0.0343097594948704
-0.191277177544735	0.197805811858966
-0.0907524853743067	0.0942893254054298
0.165602423557323	0.158826357461326
-0.54448211370498	0.681780521542668
0.0252919535928331	0.0203250167508736
-0.0196527308081748	0.0162951251917859
0.102789445569866	0.0950900081342482
0.195597633299669	0.199529131643657
-0.0863487595482531	0.0844719216227393
-0.214948245568306	0.249459943821507
0.612257216175368	1.03847638534139
0.25427405817163	0.304561505627991
-0.442495141289014	0.571910431048288
0.426520228823492	0.560463891611871
0.550558100696429	0.763665261298029
-0.0012461767485733	0.000977595731590207
0.374085935744469	0.474546959064709
-0.0540330476401406	0.0489364591481435
0.390635277228027	0.482172789384331
-0.408629342691199	0.540308751245028
0.141426050438143	0.130340855586814
-0.114650074286402	0.109353421671931
0.494797458574644	0.614201983082299
0.00348375690005062	0.00277491808897088
0.592689776833978	0.785977511458375
-0.646055312648182	0.92731851264773
-0.129274973942129	0.140311805891889
0.085712506106012	0.0753517727044492
0.867583130982235	1.57299791450498
-0.0375317325215088	0.0367726220499332
0.359134701907818	0.503965213648035
-0.139327401538044	0.118855467474501
-0.276590177794457	0.301091093830055
0.26201603966616	0.269412163399479
0.675860286998589	1.08390495063952
-0.060348168860482	0.0568007260581642
-0.0616739161350927	0.0497928743410815
0.206654601977945	0.179038714084754
-0.575278858033936	0.613364121180702
0.0101385299598458	0.00855867548586198
-0.149985253690303	0.139277732603629
0.969992272543886	1.61132479814253
0.249730739709703	0.276187394362959
-0.259951793098425	0.245456233544176
-0.0381232636280318	0.0348072444583769
-0.51249885656762	0.678292766655469
0.388624231527442	0.428969185593869
0.658426254492831	0.928130655657318
-0.52526220792032	0.666528147751607
-0.835890439967597	1.15955164972576
1.07681650886441	1.71195002467828
-0.194066287283039	0.174213168317586
0.322131799145965	0.337888236464383
-0.327106780367419	0.389380252686493
-0.295870073908391	0.277547594120668
-0.220219630485881	0.211201046008365
0.0109786167740221	0.0095610195741781
-0.165146128502848	0.150501888578468
0.208301693403056	0.249091181288825
0.412337413532817	0.503586309722418
-0.475903665462673	0.57407143404902
-0.0357478974451568	0.0353307477956881
0.436620984833158	0.433419046719801
0.28389198326121	0.264507026643735
0.42875183161922	0.499103761645061
-0.204193259849633	0.227823088336321
0.0559616641599452	0.0519527388824811
0.196717824773121	0.178650145137737
-0.230789034649275	0.201756916743512
0.255556106725603	0.251242050933846
1.37038923714751	2.01923170715203
0.54667011384219	0.544745679905291
-0.123462409685634	0.0949924128487302
0.322691940730262	0.336572272217073
-0.167039952302539	0.1045611907489
0.192144678949311	0.163961732265755
-0.266261035267417	0.207740059689745
0.188220255777868	0.176009188630474
0.422039622471333	0.417611354487393
0.480050112424006	0.525025548426794
0.584768032817691	0.648427229170818
0.443879524318282	0.444702631114524
0.118017906765044	0.0891519599008365
-0.465225734363784	0.595916872460002
-0.682162719260427	0.798230884303152
-0.291271073630183	0.223422616395013
-1.06209410638182	1.32883223945836
1.01713661929614	1.18107734960496
0.551757992467375	0.700097023046842
0.201915402443781	0.195908905323926
-0.616583956470107	0.761439230409393
-0.277963754268577	0.262575441617845
0.204213472434612	0.155956792335991
0.551261876760207	0.549698599978366
-0.287267863153067	0.344998067803794
-0.0641405084428704	0.0520040286787981
0.144424215570192	0.132693659163179
-0.452286525016524	0.555181718195591
-0.0190172369690868	0.0139564811685054
0.582442618643688	0.706215877124109
0.858166340623328	0.876467126548185
-0.283144751898466	0.243930488654998
-0.268263524564074	0.209995236789526
-0.662955926723752	0.693924479103185
-0.780809515749523	0.744343859791968
0.472408359834263	0.504859763278327
0.388686546045193	0.338622742270901
0.208805908169294	0.161886939753676
0.527992144517672	0.538569643131062
0.418899890193704	0.343871809877785
0.116593140294904	0.0832608416661498
0.57993714431263	0.644159081522699
-0.101771054326834	0.0790636761887411
0.462141285462084	0.523141011992897
0.827605636933275	1.03814629237698
0.513565907285073	0.534618674226606
0.601154973956778	0.574003528540001
0.28073490757278	0.252876921882026
0.212049979167383	0.157722377894513
0.264680533998347	0.254201611937566
0.578278482942738	0.635971242260329
0.370361858562314	0.341807381889547
0.484663670235816	0.524413221331128
-0.638179067530397	0.581704296160556
-0.116927884516207	0.0770445602933275
-0.0302749572174756	0.0219073662554074
-0.265911821769972	0.208171135541427
0.494851741046579	0.449721791859479
0.757714598666981	0.968945949430124
-0.456627323046462	0.398184647410727
-0.526892716891879	0.491971228020797
-0.209536639721393	0.186310415609888
0.113662650279769	0.0834215234263793
0.116966096218557	0.0852828555482804
0.768002989005286	0.730195594853668
-0.779037316073546	0.813313395028478
-0.161107124104556	0.146861306496795
0.588836400531026	0.717119518052592
0.0920642706967243	0.0807922847147271
0.711704145538149	0.400224322837234
0.606392643780805	0.662381979067663
-0.316724260176844	0.420141013341406
-0.473053486766298	0.62449951106159
0.0092725214303561	0.00694730523889605
-0.8717848220907	0.752688174986725
0.60937825141279	0.487354223332948
1.16322219208709	1.60885224038131
0.760037888653633	0.734507958637282
-0.285817930721827	0.24697789587029
-0.00851624622092732	0.00516895007076425
0.210530274250697	0.151849136243678
0.397677149291651	0.333691366182454
0.362501090671979	0.240170270850716
0.0659518227198053	0.0270850237584361
-0.198771491323005	0.119007130930636
-0.938646387156587	1.00450743617843
-0.364031636162785	0.267871050398473
-0.581217926701904	0.542680354516997
-0.498052397655152	0.432384220757537
-0.554458731708991	0.559435952144636
0.227676115591571	0.136481511211582
-0.422057252942393	0.343409321197396
0.11178189562455	0.0688766389501477
0.59786611955179	0.722581190080522
0.116910110054739	0.0849533517274615
0.0689282859174007	0.0361003825759761
0.41061754777457	1.35424786749223
0.225901351898476	0.570738261046076
0.23661942025756	0.569888840038431
0.135909295136564	0.213926839444133
0.428513165983867	1.16548342307887
-0.0239807778891321	0.0423943617656006
0.0532108892547884	0.101029344622005
0.233453074056253	0.584246805860066
-0.275494511060992	0.58770004807672
0.0157785747679578	0.0230004778694771
-0.0283929559041283	0.0382287694454966
-0.207817112576481	0.434926953764218
0.363274133720926	0.872077197328856
0.458718275187735	1.0450212138179
-0.287148387537621	0.552934577377233
0.0494719836686209	0.0769595680789367
0.0257807606872992	0.0385174417023592
-0.0301649364610354	0.0417324413255956
-0.172580639428195	0.226932839298101
0.292297651747973	0.442449586753181
0.689615796004693	1.18186431107852
0.373756631822087	0.765371232017706
-0.0451516503675456	0.056182022215173
-0.019114842872008	0.0205223056000935
-0.142682803324808	0.206357584799987
0.298038964663968	0.593482040199376
-0.0744909910947925	0.1017456728806
0.147869196608528	0.239712341350037
0.263118356232879	0.494616990623183
0.00109976436757259	0.00145967874864036
0.376124990645446	0.822645429451246
0.349520033643123	0.689718037030512
0.324601269610701	0.501912519017515
0.194970668949576	0.15313245917542
-0.962862303763472	1.18284553736922
0.2140058423947	0.18488259418908
0.0959131181495522	0.0883263864684303
-0.0448245562650119	0.0369366597569959
0.557535421319259	0.550647662089308
0.559151192817232	0.696605370440301
0.387701617564268	0.335316601872233
-0.109809536605513	0.105917946106472
0.00373342394999339	0.00322198746235238
1.16884949685658	2.08860933190372
0.383917477224008	0.343494651454918
-0.460159345716065	0.49976174755771
-0.0994819792733535	0.0768347248827796
-0.102062648154441	0.0896606659340718
-0.65861990834146	0.843016054065304
0.119824822910599	0.0932814508859242
0.430985837659068	0.433786993482144
0.555911760291077	0.55452554628591
1.00966331859513	1.72957762826789
0.528550773660817	0.693894426349009
0.159885728888527	0.173179712523053
0.250369876626777	0.284405615195785
-0.1693611903365	0.167533541762789
0.519611840922791	0.53291964977253
-0.506569558899487	0.432836970282918
-0.271905703179316	0.185372043077035
0.319309468796779	0.242632541884116
0.796095873228902	0.825152769931266
0.321222640201151	0.334863757181113
0.434358478830775	0.431952922960271
0.6082903022234	0.900025190073396
0.272165312933884	0.340013528351054
0.729361632692029	0.978719278321862
0.204943507139327	0.200299994052019
0.250480068245443	0.25550748565698
0.00596617453051367	0.0036936835678653
0.508830758545582	0.61200013924185
0.435506282769828	0.345036570256421
-0.862708119725387	0.996676147724042
0.0766962620108994	0.0775253006137239
0.383370770673016	0.434300511709046
0.801778215815286	1.41208718545798
-0.18251135994399	0.206158792243895
0.245318373576281	0.255580965438918
0.4782946849542	0.875415470647431
0.0395964006669497	0.0421845242094597
-0.0825698179991751	0.0804523277833786
0.291070571669365	0.326926363292703
0.622471368800621	0.816728632347181
0.19502858069674	0.180875109174666
0.145459738975792	0.130146011286873
-0.191330054626042	0.171462944825449
0.0441752816172409	0.0405156228055012
0.101172487843742	0.0957077872137383
0.164257227526654	0.187685629510933
-0.143399621578978	0.192506823791879
-0.092256281755132	0.101959685441712
0.176963278948765	0.2436182394227
-0.49978415668521	0.972124355544711
-0.0711963314278443	0.0851753530264439
-0.0228758586756722	0.0276090426358469
-0.234959955676081	0.251596870988649
0.332016267191294	0.341167581658237
0.019403943146951	0.0180948739221527
-0.202621037426885	0.208129674547008
1.15564045974657	1.58113021990038
0.0748584878981001	0.0608000785999194
0.770519667860705	1.07994010698953
-0.758754697406694	1.03253125208487
-0.368811115620564	0.46458380084721
-0.0265215712272591	0.0243143296147343
0.34173383145815	0.543103178296641
-0.371039687515335	0.511640331711225
0.369761796799237	0.48927062187871
-0.222417744597564	0.21674451476713
-0.05467638688553	0.0542859594943594
-0.304429186664648	0.348101603639398
0.199835579124617	0.206201184309255
0.0853915427910688	0.0712399636892793
0.84905152070509	1.48197581795662
0.637919431793526	0.901502886737047
-0.309864583603735	0.356495631912952
0.478580390661519	0.602004253292851
-0.297320641817715	0.277171500141316
0.532160632880094	0.614407733241438
-0.558451948174316	0.640246283061388
0.0884940484051748	0.0798215295452698
0.970796004983752	1.6972116295203
-0.349039056456147	0.409018343993652
0.115339682397622	0.121671496244938
-0.228044310670684	0.252631409730343
0.0110634014574782	0.0108031655091139
-0.35615990994581	0.471746602951876
0.0384984787104032	0.0338803173706267
0.0479301064707507	0.0448325564016308
0.0841681760836086	0.0739113843202851
-0.182516407261859	0.207149278280854
0.860725644453054	1.39898151186542
0.52553805271485	0.708650260836615
0.259105864765728	0.242590378104018
-0.201100573811404	0.160764798453191
0.357105191837617	0.426842351440506
0.510538989092875	0.759369131591999
0.0251323794649881	0.0210759334378353
0.600906765442668	0.806377298421499
-0.247472797168748	0.26697078910636
-0.0426415605682556	0.037687974531153
-0.172710615394082	0.171291753715712
0.430160946314678	0.51599588826248
0.54952973310968	0.695799782861352
0.606597375091782	0.799500762392174
-0.0726905026109009	0.0501111198480432
0.588180232910422	0.725811673889908
0.681149731617843	0.856058469731149
-0.0157268623794455	0.0134903314875196
0.918058806758908	1.62791356567732
0.0798852545985037	0.066779187152293
0.0805937187862563	0.0837644431579829
0.556833285748633	0.689363408455295
0.313726916166973	0.333039197468068
-0.946676787042585	1.5796272003782
0.413807250733034	0.424532296740307
0.548264663875051	0.62963067280083
0.383102114560546	0.412630331399444
1.60447678090022	3.00304987530549
0.441818563257121	0.435056028960989
0.817008092904323	1.28176058328932
0.30621955293276	0.324566434521633
0.346627208830232	0.333235863618231
-0.451755367760918	0.397625816494661
0.292494346388184	0.243485159415732
0.0584643835439995	0.0435364814996659
0.0856322604582336	0.0510140237536296
-0.380716542428699	0.398574204300179
0.211151567948336	0.145739453929786
-0.957035685447215	1.25846994106514
0.132745039917319	0.109791551335304
0.420969623474542	0.432721857418339
0.0497586629288764	0.0359487293815128
0.958789868804354	1.14777942531613
-0.22973608858979	0.199888129812644
0.564649461783047	0.707994936240691
-0.551896767620221	0.553085586073942
-0.36037142430265	0.382159427893033
-0.118007992529211	0.110813289123318
0.613319385581163	0.726775775126338
-0.0422882320894469	0.0306959176892679
0.539580479051446	0.532353417711522
0.374058518696649	0.422698818844216
-0.748389567406808	0.959540464575241
-0.752456171496403	0.969951532780678
-0.111725247942278	0.0869171360079971
-0.410919501762199	0.4215190889265
-0.265141307539776	0.248376217750552
-0.323258922341682	0.349353722650457
0.0161717969444577	0.0125846593784548
-0.163064951893593	0.150098969482626
-0.589192467707888	0.665513395273754
0.247261652460926	0.289123229126549
-0.372130597804892	0.468398355789315
-0.0809985934645822	0.0633010783834028
-0.190185942517285	0.114304072219114
0.605924150444207	0.486531188328633
-0.188916456410722	0.16942924257279
0.600878298150029	0.655201883929812
-0.855684499848435	1.09347463090832
-0.575099874429975	0.690276302733367
-0.207831044447597	0.166705169531375
-0.0501958632625527	0.0358291732465268
-0.416535834640736	0.338966708898354
0.671408471599796	0.770163956027801
0.133022345700365	0.112845581505554
0.112897046729867	0.0822979669335481
0.298736559987644	0.239588259556727
0.391155456747302	0.341482286732184
0.0961540177489491	0.0922270690032595
-0.203594572412663	0.18412932486453
-0.256300275054847	0.222797766071076
0.722148602745146	0.721168089659471
0.519664426485034	0.463338647945227
0.0963178167523731	0.0576068885602345
0.641690960178323	0.681356938069333
0.271973515993908	0.270057553383244
0.132329028803582	0.105935668298784
0.4433989465401	0.35261637549389
0.505180766159127	0.516817516048189
-0.0816902766766585	0.0639206424553029
-0.328301373503634	0.321406397247082
-0.468072394947854	0.373475533124256
-0.457264474585659	0.401973194820902
1.3068143572559	1.59750409527714
-0.415383341338146	0.40330177695196
-0.667209346528762	0.904962929223056
-0.234298975712985	0.186002844969534
0.464493305105464	0.440598073452696
-0.390105270899119	0.32037419340514
0.0763651441465115	0.062406754825682
0.509319197058887	0.450052992480061
0.301439045698505	0.354496470511981
-0.0687515941190385	0.0544871931741411
0.205627980170295	0.147901369732605
-0.16146699714297	0.147258274831772
0.346113680973643	0.409249543683373
-0.350536780520171	0.413129660811444
-0.6217041686504	0.658854735048488
0.633575665561748	0.387380864704052
-0.161821194085352	0.100492118023511
-0.0430113980457107	0.0245037803785108
0.227837729578729	0.136594561493563
-0.0181099417403812	0.0108029545912359
0.118152780150651	0.0811465708456283
-0.41169505763114	0.332890381541589
-0.568943560070481	0.567820486965634
0.363363189611503	0.242856738635334
0.0762652330446852	0.0399869604957843
-0.166223942550859	0.104298070306556
-0.705441826282861	0.637917025326543
0.323725393530821	0.246620198040387
0.201596161809536	0.179044890368196
-0.506348814544957	0.670151450281203
-0.664090988206782	0.698551086564167
0.451178819573927	0.427009933330377
0.230715022817929	0.137450469473585
-0.025028030816377	0.0179653204870765
0.113058015152806	0.0803328210769666
0.191069457554339	0.170375989286478
0.620537615339149	0.377993307107452
0.094780864350975	0.22254219943919
0.0576283057346012	0.117748750852107
0.0188978582838755	0.035132577349678
-0.153842452765703	0.306969701754383
0.052771535400572	0.0786615391001656
0.795495518949888	2.03588368221319
0.335327330939771	0.583938366207588
-0.14181481186481	0.180424405413155
0.232529283552614	0.408248407631294
0.054926224942465	0.08224084695703
0.139055926389841	0.265963648856137
0.353276640021602	0.780417092687392
0.175540573223511	0.235602838274813
-0.341707698825894	0.606239082509523
0.265606103147963	0.440906279605145
-0.104936994308566	0.16269845338973
0.136184073031855	0.199220774017497
0.444989908378876	0.769428254890259
0.626298211225046	1.6358999288709
0.439070165571183	1.26030807807592
0.406450195923303	0.986751128781193
0.117008216794351	0.200057961115446
-0.200627045881229	0.339878085890713
0.214129329644017	0.343096816199387
-0.232757287875704	0.314305816861838
0.223127395024184	0.307209159124784
-0.0500060347667807	0.0625125687979209
0.135156269378888	0.18170947992559
-0.452203603081883	0.857404429919277
-0.0752943075405865	0.0998693782911971
-0.527340125989829	0.916489702688269
0.197475920105879	0.244812607052449
0.0123581549387286	0.0122247172507233
0.214879739221078	0.266866145809301
-0.294924763935257	0.359375335438217
0.155387112830886	0.186732614023972
0.271147758300954	0.356178594573115
-0.289270344732157	0.385779452857503
0.168085054441282	0.206597304908487
0.132607970745124	0.151697466239871
-0.444911566308872	0.490692727215031
0.243763616114819	0.295030311712132
0.0256042878929685	0.0243947772784198
0.14995985006423	0.143989789779307
0.615247802892143	0.804801174288724
0.114844608844361	0.111969331517269
1.18024471601029	2.12382282065824
-0.801530546752653	0.936893549595698
-0.260521696240444	0.283737306866788
0.572280704567949	1.01001319130897
-0.135200043431156	0.145658121652294
-0.485805589478188	0.560606189187768
0.424434622914071	0.623508135096928
0.715527974291603	1.48937334193027
-0.178988345513992	0.190310684641312
0.614989264828571	0.953808221991587
0.673939189085063	1.12195860604724
-0.0438559885546793	0.0356579921450517
-0.127283261560365	0.11894948274189
-0.0010323014211103	0.000933521963916208
-0.216735797653174	0.243439426525987
0.51117370796349	0.846751178630396
0.429242491412709	0.51404234164775
0.127406868480286	0.142654408609465
-0.1944825665939	0.216699739738423
0.244494022550813	0.292087574065155
0.0615803315653364	0.0592334387464905
-0.55551628360915	0.766333965203158
-0.0338529583898965	0.0311160410155118
0.725056966887271	1.18085062965442
-0.475901208893975	0.706220788815696
-0.411385421232352	0.579116582874183
0.0955646590566631	0.107094624903443
-0.683513720772667	1.14303558886623
0.474129294576691	0.969969798036745
-0.37393056249891	0.516711255017231
-0.0453267100022366	0.0516095537949466
0.514991286087436	0.954343746496963
-0.000401365666094129	0.000423426776268387
-0.0452033622513337	0.0489776884658504
0.53488653702072	0.842224820758468
0.223191137382091	0.310219924339226
-0.0987861109742261	0.127659044739518
-0.270719556934657	0.378190660571461
-0.140416955685089	0.191829754383575
-0.407563771915925	0.707800304130187
0.10538850834874	0.14547636147623
0.20482803063016	0.209222905763142
0.154669916579784	0.15128340932443
0.208354741164793	0.241167500264166
0.0867746180569012	0.0921357336992456
0.343503530316948	0.490257011132718
0.256125142048155	0.438945672483806
0.104184363833733	0.133314225331488
0.562131657836045	0.94195760264312
0.0196923348174547	0.0214026411623708
0.245845809657497	0.347337778390484
0.119781344005273	0.150800508310501
0.149919287203261	0.191015106847513
0.103180023867226	0.138824664267885
0.233325932080202	0.378965844182582
-0.0816880859725707	0.107931843081756
0.275673521237486	0.369414105123873
-0.0566047395295575	0.0453407304219868
0.270134433619384	0.269226745744947
1.34080169661848	2.21961832018152
0.657785324663473	0.836112768797903
0.41160657839692	0.431785186544776
0.679258957066576	0.851636842960066
0.275076232483589	0.247592515728217
-0.010394073400992	0.00620430020864118
-0.170297817242837	0.153154455670415
0.0297501402849417	0.0192487222695242
0.504712040067236	0.523660342662265
-0.0319172715296321	0.0262753880092067
0.459828098012687	0.522721384652503
0.302520905210626	0.44408897275271
0.243287541855753	0.289655896305717
-0.0456208013759719	0.0418342667259035
-0.584239330131335	0.659260549581899
0.999685485037576	1.07553100921641
-0.0100941406614293	0.00758901650851561
-0.199069102353012	0.162604982532491
-0.307484980583187	0.328536881167488
0.228706556165769	0.310072861042162
-0.0435883326974887	0.0432929203630773
-0.0496140455851365	0.0496981665717988
0.302831487924214	0.334442526301111
-0.356147721411078	0.450443619638533
-0.0461395165520193	0.0469208942446856
-0.416491392578536	0.706643881208871
0.389649154041287	0.521665120742022
0.198178410981419	0.204237530068463
0.815715311790536	1.56707840960684
0.191538854470552	0.195847899741872
0.624356883343442	0.828743873085593
0.0841678771479404	0.0725252745100175
-0.148777422215176	0.16446048195206
0.365434270589511	0.33612307778881
0.295632178291755	0.247496127932056
0.113022330942855	0.08294589038431
-0.00558098987689117	0.00344013082369417
0.41217398392404	0.423535828370233
-0.798508853808911	0.875481803488748
-0.0350084014243818	0.0254246680995107
0.707098388553926	0.871801236731407
0.113090098367042	0.11190908833236
0.260529041562533	0.247065215112168
-0.0476548566323241	0.0388789235990391
0.387332839675899	0.478103277420283
-0.413476284714115	0.672918553104061
-0.313808933460092	0.439608858904308
0.211980562045778	0.269797175231396
0.459930655137569	0.350551765551362
0.976061970912514	0.944998961658076
0.429529069219229	0.352616829777114
0.389972391465022	0.414767771423518
0.0379287513263422	0.0406530353496432
0.0670697323015403	0.0679829479707149
0.0870239378557595	0.0807790061664637
0.0604454379029478	0.0580614653797002
-0.279711524905174	0.334916175261445
0.00389200522885512	0.00245503890735848
0.387764751431616	0.244065736287119
0.32198966510954	0.250183856508788
-0.103364337771286	0.0676487298581244
-0.386924841076784	0.347793294962544
0.851492971377204	0.884599139514375
-0.526950147013871	0.410495493857712
0.94358949224294	0.811346837162325
-0.0222515307972312	0.0130760838868878
0.915757896989989	1.11371751989234
-0.272714615312227	0.233540293219773
-0.680828497673764	0.760645884052059
0.45073849813986	0.431975929883668
0.606941016538574	0.569192870725868
0.486115688223033	0.356006870878661
0.342941274522259	0.328662421327512
0.430416322851624	0.356005197631903
0.270503548223475	0.24312679972929
-0.326390325567654	0.411182245136756
-0.62375793966569	0.935163459830467
-0.664198659478293	0.862814941171362
-0.172088756369508	0.142984690844213
-0.94422444226141	1.01457059054405
0.799656100674794	0.991494935845376
0.212826711800143	0.164080767185344
0.108295113118922	0.0716405312109269
1.44578991343089	1.58563399820207
-0.284147065692884	0.216837751660747
0.130580145907532	0.107856427796751
0.748482648183975	1.52873770167265
0.134000183496179	0.118577329423498
0.0450394898588077	0.0326670437012154
-0.2099865537779	0.247134516827824
0.201256005207649	0.215131842454593
0.373197537286136	0.514002803621675
-0.203407049884608	0.178019458130181
-0.0202862040926765	0.0170552861357378
0.323572679657188	0.437157607372898
-0.161260447335745	0.13118360193912
0.329987034059542	0.346257232734279
0.828676696985441	1.22229934704647
0.176782311859869	0.208689092461187
-0.496844220136259	0.63685887882393
-0.711037771989113	0.974702613586221
-0.191255377067949	0.187700749271616
0.570582533466101	0.719830222946462
-0.162835853795897	0.174136019508478
-0.699088642014174	0.896585807501874
0.670503212733971	0.602659430187241
0.75780694734735	0.629599325529651
1.16988716612624	0.755328074226992
0.624196749969553	0.384308600063932
0.333943977607366	0.243962646671609
1.06071476380458	1.09754318729556
0.461315497093223	0.251156041763472
0.82957671834831	0.663108725487629
1.68564722480859	1.58013679734886
-0.879916836614001	0.589468543052325
1.31841303907725	0.950481090213118
0.246324669367847	0.127085899104203
0.218688187406124	0.136812012643072
-0.269360789135071	0.146299335790178
0.458817873338736	0.343992596919028
0.67222069169303	0.600400084562224
0.602575954488131	0.566397944315097
-0.0331167992888299	0.0233491419986158
0.16184274697803	0.171793509254007
-0.198259559534284	0.243060332787922
-0.0295568407213353	0.0211589052895758
0.210305332015856	0.156893079301328
0.19446409250729	0.175257845689478
-0.191628475660137	0.189139383794147
-0.466982482206461	0.503052009345085
0.500023607684083	0.458609321233793
-0.0659763755180204	0.0449692955856599
-0.0767055032281615	0.0740289651977984
-0.629012962569866	0.830919737604622
-0.0232888479721651	0.0197073515913023
-0.032857627942799	0.023861774266302
0.35873916040573	0.399616486369835
0.277910025625323	0.251927420637757
0.121151946414706	0.0937853271960606
-0.0583455868455499	0.0409031867938264
0.151179836403773	0.135859180769321
0.0235440945444734	0.0194105690380678
0.772741601718333	0.99851138546315
0.437586079136794	0.427225065771765
0.0284487892934018	0.0233329460818994
0.514716688830191	0.458781447213667
0.450436903329378	0.357101159486758
0.333014483100569	0.252208283086669
-0.162754355557913	0.100736793771462
-0.302134321573526	0.28060289069506
0.217828310639545	0.150895980240816
0.800815304580333	0.845128713961342
0.0107434049732422	0.0278354316545413
0.234838691626794	0.961062199051561
0.312099345908604	1.2666939793309
0.159465815291737	0.416072520739125
0.235909679442164	0.555697832702429
0.215448635994504	0.594368670083207
0.13225630408206	0.303418741021803
0.264646198583323	0.710433885908419
0.231139296784601	0.485342652984982
0.349404917895535	0.748033434998236
0.284532614159216	0.593736888129236
0.383336251610227	0.753821584022154
0.22893310937586	0.427011184717468
-0.238190418589999	0.482748027606284
0.463472596819088	1.25682380613698
-0.0247560534057741	0.0366078729338538
0.103025581587277	0.157202661795829
0.469458727524761	1.06526062925836
-0.350538776170945	0.663822921195879
0.19996058110265	0.337579471663983
-0.0631826716120695	0.0907968367345616
0.478370249137373	0.806167706754572
0.189022485490221	0.31795606821507
0.162909001345209	0.268502477403327
0.272965221078209	0.485654319304343
0.111334311780717	0.171366796434766
-0.0754058645460054	0.109447644575552
0.349142266375743	0.7289220792221
0.14605285890676	0.217072399081988
0.290752963408679	0.549428134888093
0.300416918484121	0.476560074667188
0.0641438642101438	0.0835284285904694
-0.302246978125011	0.558192507002209
-0.327884930297451	0.580601123354539
-0.357224152890785	0.398979626645906
0.0575078757570806	0.0541613441106862
0.145163935542384	0.144189645298503
0.092748557692581	0.100524614936705
0.313458773864322	0.426264268605831
-0.123027653213321	0.094025206680872
0.248589520377632	0.264949140227462
-0.0444481820609859	0.0411334448167527
0.505488944653751	0.741770400668215
0.0369080158849401	0.0395432073392936
-0.0917009263629792	0.089119813605875
0.513503700008406	0.76434285008673
-0.331233782014017	0.384917580712334
0.193376589752509	0.181829676302292
-0.321664608909151	0.298536870003511
-0.295433058959753	0.275576950095122
0.272726047393494	0.251209872706454
0.0608245866792059	0.0481555111326725
0.144475617718401	0.127798158640455
-0.00042632423535329	0.000284055877348531
-0.268540225807437	0.2936452321456
0.25049051948196	0.313148273458938
-0.0576485718339273	0.052663392062658
0.532865031346399	0.838259439863363
0.362580327909558	0.432239763683928
0.0565305450681368	0.0435998888650686
0.0795866003545595	0.0663989219816637
-0.658709631852107	0.820784077556445
0.501551034184793	0.59070967287007
0.49205064361133	0.620734894576075
-0.244458876469084	0.245498660943085
0.153027266931642	0.150687487979162
0.0339277074793352	0.032820663370038
-0.0351861848462185	0.0324213476731356
0.366422005160615	0.414103523600658
0.253501737832657	0.260337993358897
-1.08781548107285	1.48116912289465
-0.172694450053273	0.168017237334151
-0.122000744186364	0.103610114196152
0.382028161931556	0.485824307613492
0.462340021761591	0.661505019125108
0.114437541958388	0.114297988078383
0.0108992871050127	0.0111707320669933
0.243710247475541	0.299385932586995
-0.120640020782907	0.140660283996852
0.0554413855892009	0.0571521273810946
0.38341456236199	0.575559942109636
-0.0137730505288678	0.0142175118055378
0.200695635477605	0.252227561449143
0.100342688676512	0.114102095960743
-0.323745630232313	0.448842205499375
0.261431409500573	0.258573883882411
-0.513083223579299	0.806207038476394
0.197689647810167	0.241217752928745
-0.983151563971035	1.98748381537987
0.137936046041882	0.165049518165807
0.0973855284713527	0.128772041720931
0.0687484337324381	0.0676540050726048
0.706286497384154	1.32054591304661
0.165673722921743	0.216612995886483
0.111721284505729	0.138172706249961
0.244516017514711	0.351698565530479
-0.27670365757067	0.385833219088231
0.272929570166503	0.394333110923354
0.133740223167496	0.181084246983668
-0.153757883054592	0.196841900424247
-0.213632559142892	0.265151288894381
-0.394293577900145	0.543935568346619
0.154972221888221	0.170825064604923
-0.339543460896337	0.470001810311141
0.141984051513357	0.186637332354905
0.0680377798929105	0.0779389050911757
0.333993892532973	0.452490368301331
0.567590735755075	0.860580670961944
0.977752233476861	1.70472358511583
0.477040746640903	0.599486824672607
0.501234841134322	0.533328196569002
-0.103074037421579	0.0907182807321471
0.701214578470104	0.860659246664138
0.511131818893346	0.539579609700661
0.772031626197249	1.00480113134702
0.391812800092418	0.419332918000688
0.568891539180625	0.704139812480454
0.0783476136866333	0.0686620060223871
0.198125100163872	0.195986497079108
0.332996094992732	0.41935055034052
0.385651035647382	0.496326091722159
-0.208378481312437	0.230980909481221
0.890077765955904	1.33378280963655
-0.698043364672957	0.906377369523884
0.593810943529559	0.715705730797298
-0.0899039205406889	0.0800636956954188
-0.0869263119504562	0.0839054069691809
-0.561080056902686	0.744899620316943
-0.524055760610887	0.795951149763451
-0.418742469699075	0.644132451936928
-0.241740195559828	0.31447968393259
0.0444247921090238	0.0455960137431029
-0.056603985599296	0.0516629171645592
0.0470106283296467	0.0475572634482913
-0.490451823456539	0.664596370659083
0.985993623654219	1.9684274168873
0.241745979505555	0.304639278333897
0.292504172376221	0.36853223435199
-0.172655978348265	0.171583356079347
-0.368752683466424	0.417626424090069
-0.301002769213507	0.35952881796425
-0.0187673195399026	0.0177197727270401
0.0429003815509553	0.0310766372122332
-0.240181046061105	0.231794556610626
-0.734616358240021	0.809733427658485
-0.352096148468265	0.388915838968816
-0.642954346989788	0.755958009464471
0.0191742152946323	0.015383652638766
0.569718818612673	0.715012761725866
0.439291822429922	0.430515625683076
0.90373990912851	1.49073093823535
0.667556083685765	0.762480210735113
0.111197370767979	0.10509890472836
-0.0923422096512194	0.0960578302070036
-0.782951064566497	1.46886684251583
0.249051013999071	0.294651606976262
0.0874612624892241	0.0905687453911526
0.878533810289257	1.25807747995918
1.01196970486403	1.074744386704
0.774122396533027	1.00646470285629
0.417930308562243	0.344270828123677
0.528846893895952	0.542506509525861
-0.171902505856289	0.124276801212182
1.04271646005529	1.40192313441795
-0.0596090446600759	0.0322932009113035
1.14995887931177	1.46934050766544
0.150222815770725	0.138282855784635
0.0484502497961776	0.0434988506843416
0.403850898074071	0.494793650887005
-0.164048482280451	0.18255368407212
0.499622617063996	0.721818367458254
-0.0363698659604064	0.0359888310919435
0.238843360062286	0.273211445238499
0.390838745723349	0.506109415132272
-0.510886972461401	0.516574585815227
-0.0472666154531595	0.0338267696806286
0.216136451081365	0.156394327155056
0.305538497448045	0.256488421217209
0.117032172431626	0.0861693225711586
-0.0144605943607745	0.01066009687896
0.428943022287376	0.354947318605439
0.283218346866225	0.242517167170375
0.212053377983135	0.158754010044749
-0.196369211513932	0.160031976434468
0.796685764776711	0.929275093380554
0.128795841667167	0.10064089692146
-0.275785753385048	0.188768170023785
0.493191784061924	0.526035248961295
0.294476386459989	0.245032595904274
0.196111475215498	0.185595519238311
0.511121495301927	0.534512471302243
0.52619799454705	0.464454108159491
-0.487158730303287	0.562143666600279
-0.521031912086373	0.666076159905246
0.580464226066705	0.712466647004156
0.683325726102172	0.914659013475975
0.282571312710601	0.256517955008356
-0.596125522175204	0.573765240824361
0.107969036353238	0.0708615089399081
0.352036355306899	0.32640138703026
-0.417760067156658	0.374756392679076
0.508986001366883	0.451920017304429
-0.040459103703001	0.0288502381681991
-0.356732038628947	0.4848397814662
0.0572299729808184	0.0529017025902075
0.649662704587601	0.764806885035247
-0.178120301229804	0.161532966168931
-0.0689507014459327	0.0550913324785804
0.201095598664922	0.169056205637001
-0.334433071312699	0.334462172450307
-0.177476160752178	0.177144294267116
0.447731849459607	0.51744746585593
-0.153255066411365	0.128327350637896
0.308076832454682	0.355475922136148
0.364183278550849	0.411066289663556
0.594381619966674	0.715854822790546
0.1383301752565	0.126344810270746
-0.18818046982225	0.1719541512854
-0.176636658715076	0.147356748013836
0.266114668830182	0.257813761598806
0.222976073282255	0.23232100385105
-0.324102457479075	0.368120201880338
-0.732436474415098	0.766752736279342
-0.211816248487907	0.150790576649779
0.454978068774133	0.345500181971581
0.105367405715366	0.0696882730711328
0.108566143799045	0.0711151122887188
0.21884446541206	0.168369188773648
0.200278268640218	0.164071714329793
0.0962518436503479	0.0607916567142048
0.419884944704982	0.346935501016155
0.215200977172887	0.149758763081184
-0.136233256364742	0.0870281855016058
0.524920621034442	0.363735119025108
0.0231257502609082	0.0156608358498467
0.425123882082543	0.417419001847922
0.411360500508576	0.350419476036313
0.206197076742697	0.180950580618858
-0.0614337474826048	0.0427354722548441
0.497460753191651	0.532221086756653
-0.620823167328495	0.780397810187716
-0.483762631012717	0.652620554539942
-0.549337529822899	0.623751769714338
-0.661677648573289	0.81237236645526
-0.471691972794191	0.662923131629459
0.0848480018180499	0.0745814509233557
0.49597939124361	0.747346044352495
-0.0847178357972867	0.0742229628189384
0.119656814091827	0.0997773077000366
-0.136724788039609	0.116471823379109
0.541771458495625	0.534729536175512
-0.113067932234458	0.0854996381026192
-0.550453921008774	0.553634341840832
0.211690895133033	0.157270288151356
-0.00274114141912678	0.00204699530941417
0.344418890368152	0.341358635997243
-0.41729699821805	0.400167248423057
-0.314923638929793	0.30768350081238
0.0591349043663143	0.0442426386952897
0.205180825331516	0.163325563376734
-0.797684481114369	0.92784883407807
-0.28082093202323	0.241491643393224
0.504360230049291	0.441400347777463
0.129298825835623	0.54764680554446
-0.0667314806772102	0.218168963990171
0.0785374788663798	0.216523177147374
0.0755949270410996	0.146116153361386
0.111057425672135	0.238127561582107
0.0264484310646556	0.0539089496702326
0.0978645879416819	0.233279416090992
0.171178685115821	0.465888549470363
0.32176887125816	0.906860950713274
0.275415663923022	0.706283077360462
0.287386303608176	0.67388872334834
0.355355194068005	1.09651536601214
0.157781854203978	0.360116748175305
0.0376691262661148	0.0552144656006224
-0.136795420401857	0.24175715205027
0.133527511286742	0.265069179055595
-0.045833083304205	0.0750909116373642
0.153256134734251	0.269647326677338
0.0166034561717204	0.0207228574871496
0.149934707244012	0.218331537212279
-0.102642974374441	0.120588836074866
0.227266670931273	0.416422606122961
-0.217083501356636	0.299099636264368
0.339616619713618	0.534409424586477
0.0835641781247429	0.117046796571856
-0.317777933941063	0.706203951323798
0.274823018608363	0.594315171883426
0.238633092127627	0.452671936456372
0.284434366140474	0.626565295039468
0.0675205556234103	0.110465218214167
0.0528973414977492	0.0804851569708162
-0.00257336424815903	0.0036144536900338
0.237607135626147	0.347833136395598
-0.0821374989768528	0.0644582948072014
0.327156878333571	0.315730943109293
-0.0838975599423923	0.0744586870413992
-0.443824533391148	0.574922662482583
0.333147413061515	0.446686937833147
-0.280520491955707	0.240961667757835
0.554640376932491	0.708127250999893
0.329710362769814	0.34078267985585
0.295976627381635	0.362627799455231
0.229616553206778	0.293469133168615
0.422025753478561	0.502332301358371
0.411449309019395	0.5187507867753
0.449095018040672	0.354723811311672
0.256063088624813	0.263937998108468
0.680889523690594	1.0125826850828
-0.2362542457045	0.188260686035251
0.574501052884475	0.701092752329673
0.500611975708948	0.534051906120975
-0.14656064165226	0.107234988005308
-0.0287774276336985	0.0211612955726253
0.853544000332271	1.37858855726261
-0.0378723390408756	0.0383356486052811
-0.207150974696475	0.187000905449327
-0.274907991989276	0.309907264792051
-0.69351415098649	0.620546950501239
0.51279896262978	0.456138661568574
-0.238696911624928	0.166837651464179
0.312357574947003	0.243838508613716
-0.29689440536277	0.254705722312625
0.554572337846882	0.619257647471201
-0.951570269659596	0.943752567769494
0.214816850628812	0.227206562833473
0.387945171328838	0.600428900705994
0.255115714715122	0.27358226392949
0.0903304529495577	0.0810730135413997
0.69888435970918	0.849119910735233
0.714551047696289	0.619762282433048
0.882365262952219	0.997189806789472
0.839441271514951	0.851465295374347
0.497202035063893	0.453838583928718
-0.0780587525278816	0.0812201877153243
0.03537527306064	0.0349686931069686
0.0679119143486866	0.0658579817970839
-0.175889311541762	0.209259159546208
-0.14541751609459	0.143726208017315
-0.121300657456593	0.14517609135507
-0.00865160234013583	0.00896768757734305
0.582987037203611	0.868413437959342
-0.285548475842308	0.304989338723649
-0.203871231777608	0.18292401246517
0.158856608407081	0.174033130878022
-0.361223476904285	0.354800555576557
0.50894092710071	0.618409601205435
-0.107831468808662	0.119517416551237
0.243524773572523	0.260537370729602
-0.233237638888516	0.315508021729356
0.328152603161715	0.538214060153682
0.111115314973914	0.141894109279983
0.489780752360168	1.11651883405454
0.269046547139049	0.455764165882509
-0.104385956366707	0.134750976267204
0.510981060990209	1.09350695559162
-0.197106590418782	0.189426478454532
-0.443218677855902	0.539497339725218
0.0703875568914812	0.0704480994412013
-0.358548432239544	0.379490911649729
0.426734087268382	0.427678829640897
-0.316990338034816	0.347087166903438
-0.47012988525366	0.516056281226199
0.208506022330097	0.212423065750186
0.0671472249118574	0.0627026310467666
-0.113521803711286	0.106295898761121
-0.316730679032168	0.495431032864802
0.349827738102999	0.554773897867995
-0.142388459957937	0.15976630469172
0.168563217976818	0.183554288920663
-0.0336585145648877	0.0314048122688152
0.0989377272033912	0.0982517215899525
0.00741900439729314	0.00722794928037734
-0.0553168554205878	0.0542009093698532
0.160115531883634	0.170281387714906
0.6884399449635	1.15128288382961
0.160411465546827	0.201510785712191
0.111412125809724	0.115863825407695
0.482315228295668	0.74947485718779
-0.067281255102857	0.0649617312145225
-0.103410726905382	0.0999775273912377
0.588489322342186	0.880256007649177
-0.175389001575825	0.197231526268066
0.150586409696942	0.155994532456817
0.556821894547713	0.856270741506608
0.0582203865754931	0.0623506074071381
0.0417216270692308	0.0469771109614335
0.476182251189872	0.747197291717296
0.447155095660724	0.516452219683899
0.590261906982337	0.958795155351101
0.628146335780076	1.07774591806696
-0.331840317152187	0.500425408237843
0.397951576121842	0.509620423209151
0.765607768159035	1.07412372722956
-0.149012018705263	0.125158195824391
-0.583374442807172	0.628051019581832
-0.366004455570432	0.408114479395802
0.171973275384027	0.190968530973725
-0.018326609383748	0.01714995227309
0.517435368714945	0.878911240579583
0.154098851860743	0.168130059933782
0.8484719524749	1.73051129188383
0.307780452394162	0.349734730996782
0.897233769431909	1.35581693480308
0.873918819948133	1.59026349545977
0.0556518505302819	0.0506262199898025
0.242465741488407	0.283854462672109
0.443838864268723	0.606864370722438
-0.129704522905455	0.120327056162376
0.16615958195263	0.188457373157779
0.333238403363777	0.469342601884049
0.754090906477515	0.963097967466078
0.19611325289039	0.22830180896158
0.754202414815958	1.33347458632957
-0.586641112265069	0.741919237738723
0.425004771803048	0.573011532813023
0.207798170438685	0.233577447102349
0.50162223132831	0.808632699107285
0.464495418176789	0.672567843539764
0.106330883585374	0.0988119156254535
0.351121035243574	0.487225766093847
0.46595042227721	0.592996540464966
0.144548787007711	0.135401559735408
0.567919685057562	0.77608817436811
0.655427352567012	0.918473691879429
-0.0500417356616451	0.0407971228576764
0.149126534796129	0.140040107619897
0.510188381901148	0.624482224430766
0.0232578663100963	0.019188806147233
0.197364115021515	0.191841407996342
0.0833537947701631	0.0771463982283974
-0.155409161306724	0.14391545975063
-0.306391257460783	0.352280200355255
0.270047303651635	0.351844706218501
-0.464142021056871	0.715129437167259
0.0885688307560934	0.0824358532283587
0.0988700147428945	0.0933624183956981
0.434081114428552	0.506580409470645
-0.0201390966047794	0.0147327857788804
-0.358918714460048	0.401250416155263
-0.00830315153483144	0.00617754844288266
-0.0638366974736501	0.0523196591094072
0.718830704818881	0.949894843598283
-0.199401823444748	0.191414929635549
-0.151345838497246	0.126483206458007
-0.0473479356448905	0.0434817961839616
-0.256865725371638	0.223389168926303
0.513612786571347	0.615084907533029
-0.488023110074999	0.510969645487807
-0.410731711217075	0.452532725596065
0.320625318065399	0.33767849007709
0.534647172363355	0.760903732721936
-0.64561142945265	0.925952170669188
0.793327372473742	0.926361224230928
0.474247572736095	0.51059164201176
-0.12838354668851	0.0954256231958892
-0.746589119897752	0.969722139786098
0.030806217430246	0.0274084203719504
0.0808222004578852	0.0707670026626314
0.422288145751718	0.514735843407078
-0.21366681533232	0.172789765959696
-0.0565903544386462	0.0504590491303484
0.651062822520062	0.911496673616635
0.00420450792683287	0.00313033007231222
-0.374432060797145	0.413204652677029
-0.20036936127962	0.21176918457648
0.152157743291747	0.15818037351201
-0.183451244905613	0.1929287754565
0.32366251205233	0.322787870575765
0.727950309111759	0.724381883223031
1.31548627238012	0.9556735466623
0.140236370110458	0.110114947800696
0.717538052339874	0.891296096910261
-1.35786449662607	1.94562825074652
0.622257544327828	0.74368833363877
0.138263450673978	0.117522857534104
-0.48054588803267	0.493605484627497
0.303561194756837	0.244976899974461
0.208428083755277	0.185699071083624
-0.0409346171781597	0.0296713741800323
-0.131182719465488	0.0844096199031013
0.968381676453361	1.15656295515568
-0.966315571835204	1.27664743596904
-0.315292530904406	0.369905837605626
-0.14686701492643	0.156836737090562
0.44228414748029	0.507501064944358
0.628928556775831	0.755460328030615
0.111529277433889	0.0766681993341594
0.406581632377857	0.437700621123669
0.120498556069662	0.0888045208073857
0.131670797920627	0.107520157987426
0.0842257241357184	0.0689400124414728
0.139398794966822	0.119026564780634
0.195812624032858	0.183851222753431
0.620791062747786	0.739693255051774
0.138531348459431	0.114480042076438
0.0616373466666718	0.0469020367672509
0.126763192417916	0.0994359844713516
0.207495872050275	0.175681259599166
0.203940839494676	0.202619311381293
0.112186971509595	0.0822156683645206
1.71925488379309	2.46814066775707
-0.276414845907103	0.188187320395306
-0.0407876246295746	0.0335400182539933
0.318661475594119	0.333126719589138
-0.628008062346164	0.690156340830571
0.107690160604216	0.0706396984657272
0.609723116744831	0.666172661349516
0.254896464681864	0.281683523776829
-0.381171129761896	0.422720465430468
0.0122482529426988	0.00985801433458438
-0.0952898106270209	0.0491973611071521
0.132365704788049	0.115202047222356
-0.431634224042289	0.531118727967551
-0.1404086108848	0.138982593031893
0.147377628837599	0.132056763907301
0.611219425399525	0.489693943876693
-0.712319372351779	0.691809565219648
-0.54791917027358	0.371022556207983
-0.04021295982729	0.0286721882848681
0.569094311226684	0.472903186869045
-0.33844561029567	0.255541666471596
-0.02171909744576	0.0160008465232019
0.0193686593076822	0.0153948223192397
0.543099020293161	0.706975039000471
0.604358119562935	0.65338971589913
1.64556669177657	2.30559383949876
0.443412880702701	0.437560273680572
0.296129470626381	0.253209189751608
0.516661489482792	0.537498042375881
-0.0352125441703428	0.173279741589437
-0.209247261080056	1.64074085682838
-0.340358398722656	2.99815024989561
0.242273760971065	1.52678479354895
0.183576320539804	0.875374624897817
0.0936883222422893	0.280615606301035
0.299177622363531	0.688194259105951
0.396564094777121	1.15806250868635
0.320874001371458	1.15729579634919
0.222221737680969	0.750518108256021
0.150696279425226	0.39979520803192
0.0910449335244179	0.200675375087607
0.55411862999601	2.34703991412776
0.0370852313610051	0.0667997639964723
0.292050900279641	0.910731479097229
0.263278896553765	0.730166204023544
0.206798823535219	0.37407203406474
0.519677111529321	1.65946753780636
0.123769219611649	0.256371585539407
0.21021969718987	0.508715832464641
-0.741858624057134	2.61726787649155
-0.13809423902957	0.17544446703283
0.583637751281487	1.24678212541331
0.143638691813606	0.181577973623767
0.188876428379511	0.329641287269443
-0.0194417984083934	0.0191947969691441
0.283638794859841	0.325268997425821
0.203506944443068	0.370183530480377
0.605428322525739	1.85700683454692
0.407011464387992	0.989329636524297
0.111240446216734	0.202721621582318
-0.289089971487365	0.662970078525285
0.165129604972711	0.324128193487032
0.281698651844018	0.599363169002913
-0.171426216189225	0.308581787380426
0.112297966271013	0.116872802206676
-0.26869045092982	0.183338347800825
-0.0236131391470294	0.0137876498731999
0.0978226733367816	0.0615720815124237
0.363340594066829	0.505242753352026
0.12499975716429	0.134346615393721
0.132442988953338	0.0973737739757667
0.589466642806194	0.721897726345241
-0.159285307555286	0.117684791379824
-0.208326707055529	0.196821962431426
-0.0854494863450675	0.0877531997537137
0.440621693811247	0.487940145394733
-0.4929259450006	0.628367454208118
0.20296527645855	0.137631807505316
-0.129409923354404	0.109186119883238
-0.496188622681193	0.696424466924017
-0.492911672477778	0.469096734441203
0.540635560130866	0.621968877315789
0.292381010700993	0.252199309225572
0.360996600170028	0.239447844291892
-0.726241222505219	0.74918392607966
0.578236934179664	0.63392617564464
0.0877269547702045	0.0769908419506493
0.430436258491085	0.430086553838914
-0.053650672991515	0.0444735089571096
-0.246057529315767	0.169598260307691
-0.55132409575887	0.371016754069793
0.662873674385633	0.583862031259473
-0.00403521123443391	0.00252949331348457
-1.05866255358566	1.03890937393183
0.117053661698096	0.07982122251933
0.342071489304044	0.241830729008827
0.357475012143371	0.336381759076867
0.0291459287105975	0.0301945651508731
0.703850280975436	0.868760300154452
-0.190307215611685	0.173589424402829
-0.452691355929078	0.39699280583649
0.222723854577684	0.16721544570553
0.620162841809073	0.278020698406362
0.0630605558684163	0.0284976826599527
-0.661764232196879	0.480670541697806
-0.340009780597032	0.385259464918843
-0.185089254443619	0.182335497963409
-0.849016366510909	1.08686537304683
-0.400647926547822	0.679202872745391
0.0869958813229092	0.0776103826583679
0.311695164555347	0.478330256875723
0.421647442463758	0.58646524405669
-0.150242695248922	0.163519352846978
-0.57231054833019	0.611839773311751
0.119604665366162	0.0980267890180723
0.198440262188766	0.225551525144432
0.0363224424754401	0.0244565504429427
-0.508832439062206	0.516750355982857
0.437752953275951	0.564175863443024
0.39952760014959	0.511472016038362
0.0942637435781551	0.0883455337143727
0.170571099522963	0.221348956304754
0.100748653709628	0.143453778473388
0.20316301942981	0.383534204386298
0.424874025323891	0.910835059548494
0.0379560268980927	0.0541207226235287
-0.124198396910173	0.180205094149609
0.129705984336609	0.100901804025323
0.530599732015004	0.624775716916034
0.586467178929604	0.866609883690118
-0.738249971971923	0.820264939255434
-0.861810115689043	0.942479654658451
-0.416196340403298	0.338571007355849
-0.122206984783068	0.104585313669278
-0.151804328117067	0.112130705808651
0.364093619030963	0.344095390640508
-0.119575615805943	0.112701502680206
-0.46462997496176	0.872877664821657
0.357902104556138	0.591194456271605
0.421066844158698	0.784257348675183
0.0424462498308259	0.0479672587206878
0.26520939165044	0.392881402650441
0.132456921688977	0.151345142804359
0.55936486137291	0.995271817970293
0.400386834607884	0.665052320391119
0.450469997489578	0.633026000645204
0.133775120121406	0.148114447063858
-0.511910571349531	0.914452133022214
0.124782344548224	0.138633211923174
0.537896462311232	0.785743835215287
-0.291428297437575	0.36831810313001
-0.241840882654158	0.226864218551074
0.107116197309179	0.103791951431358
0.55645838485066	1.00882917953989
-0.152228496499063	0.163747894651994
0.631831157891147	1.12204094637627
0.0118888955855461	0.0119937674636056
0.0979262315287344	0.126080048438194
-0.261955461824242	0.366250432135286
0.507239855185788	0.528963865467623
-0.0656841500501713	0.0628155351286769
-0.341114431117161	0.386459958838492
-0.0301180239837588	0.0278310559314602
0.799871980154392	1.11032971794372
-0.108419280035996	0.0711036747315632
-0.501380396214198	0.437759222722899
0.0197710169902634	0.0127955675098005
0.873946230906406	1.23414141328331
-0.40132221060789	0.548280816045605
-0.104085498261451	0.121778321977249
0.7566052552955	1.24034309908398
0.163767995188162	0.161686588331551
0.0571299699565968	0.0540280666363412
0.451073142634313	0.657252642034725
0.596715656001296	0.952980284785222
0.0832288133359092	0.0868180415436974
0.376472662340467	0.603410640386148
0.246619032827713	0.29448699638187
-0.772986076407343	1.32930117161677
0.146820586634494	0.161305421859652
0.752755635593996	1.39454075861907
-0.234489865389634	0.28732578473318
0.49850131269253	0.755804333355058
-0.247685402123846	0.30438650772465
0.117489682827488	0.118436017369022
0.141179547433258	0.110299363511411
0.164998216637027	0.178577695900473
0.263260044917835	0.270801860800702
0.472112512096831	0.725818525245501
-0.215602848730456	0.263729060105452
-0.214650909200976	0.253758460742832
-0.298803040974695	0.363272908741156
-0.0920607074683775	0.095665625140552
-0.435165703673465	0.541571625408877
0.700056300836892	1.11900824921678
0.374984672974491	0.424690736782581
0.0653582750467315	0.0701231649593158
0.760490919925309	1.31403223807956
-0.167299877213292	0.154345067114393
0.3074465946462	0.350504283796964
0.458417322727067	0.442313060285904
-0.287959183491424	0.248090946844139
-0.512129625712822	0.581694217562929
-0.2870851816596	0.246433222131389
0.11739854159605	0.122708331679781
0.0620808444103087	0.0655200301499471
0.106639243199732	0.102339383082436
-0.916850867451313	1.50067849785503
0.349649459316988	0.405535243584372
0.417766469553486	0.509312955442468
0.0115344030323548	0.0112605275155145
0.460868029544354	0.61049809391245
0.918027933533498	1.63674311941857
0.550017088642185	0.636874800424618
0.0741789983452953	0.0604373633397771
0.204765726790265	0.187020662495861
0.573965692757089	0.85933845523068
-0.0124575571722416	0.0105447228238589
0.0259740166303954	0.0207444844312559
-0.0188866618540757	0.0138565549638959
0.169405566486053	0.182894142071959
0.0965064820965749	0.0874224701156685
0.676087549578466	0.998615747977444
-0.0156779166798145	0.0117150641760595
0.580376833422547	0.569061981371927
0.566037482526532	0.471706770070049
0.206251028812672	0.231382030457921
0.340560331566243	0.33222664158236
-0.203616317241007	0.227100247555564
-0.356248916156055	0.417199714041553
-0.00504202011191601	0.00433298815077874
0.334005410234753	0.416566822971898
0.551731019827042	0.863575140845313
-0.095348473075736	0.0833499809746023
0.378311163695971	0.440459559217061
-0.693670073215853	0.917278344558298
0.373762548539853	0.504727479521725
-0.223993036976655	0.262667504338718
-0.0912807398049103	0.0699427121760742
1.59768116484663	1.70911689686395
0.99354271184912	0.4678183064854
-0.468936611748909	0.546801917477375
-0.408263892362562	0.328999227339701
-1.04766353834672	1.01601839634851
-0.00378129244811428	0.00238168541093073
-0.261778264133085	0.229480851788033
0.109636389038227	0.0772227387059138
-0.367242146462465	0.27017562029397
0.0398503587384903	0.0279997919585136
0.803692834050795	0.932922204096177
-0.276763452833259	0.151625397370804
-0.225310278677041	0.128622392747644
-0.501159009163359	0.548155358232166
-0.393975417192434	0.487467046191202
0.31839229921619	0.333691490208282
0.063592695628875	0.0612723001712058
0.360167917237984	0.330040030485968
-0.402538021355327	0.472422935379154
-0.802726925827145	1.09203527976086
0.315306145378766	0.336118301298678
0.712496688695483	0.954649745293758
0.24992959939105	0.30748483112649
0.946929460881988	1.3027318854993
0.0593250899041491	0.0554724427697302
0.543001572848053	0.686293804210139
0.152631478388096	0.15294796648006
0.379679566186793	0.398078382923157
0.0640351701843759	0.0598204372586321
0.258918813535519	0.27910375207074
0.0941547758751091	0.0832647833018669
0.0190505569769244	0.0152968825979166
-0.262561726070824	0.267588293915519
0.207571337100345	0.236212906590138
-0.563952658868305	0.672838103979752
-0.156203032313659	0.130533898954688
-0.32293073233027	0.213640689619946
-1.61547098714433	2.31170580959075
0.0503223383658786	0.0456616245989957
0.0119120207424529	0.00954911154894386
-0.309643232611539	0.263651205382117
0.363152005886521	0.240132859984066
-0.540255342562489	0.656601406497359
-0.0145486128747783	0.014728012231995
0.291188713743972	0.355496575889776
-0.0595001326005277	0.0479971213041278
-1.01159628131543	0.746747840844402
0.0209014771039537	0.0134802569502669
1.68627540404716	1.22145298011457
0.766507912602271	0.640632456531805
1.16199346295836	0.902242661758339
0.521027943495529	0.362146533828422
1.37570752795399	0.811986780497393
0.505573293575482	0.444631350307646
0.694040626264328	0.937293887376251
0.0140756941375486	0.0635405656335704
-0.0360341004003112	0.161256990391295
0.527807498545044	6.16149336017702
0.315326082897751	2.21734842393777
0.334717294100277	1.84847776147541
0.147565746193499	0.351603156325833
0.314152187257186	1.09417210672018
0.261891170110764	0.889084395394339
0.144255536633562	0.376958526333138
0.653875521345012	2.0884701973778
0.514904861787896	2.0930300543825
0.219175157527911	0.74225786275155
0.448667603901195	2.35322902776628
0.429980600151984	1.84710687577914
0.342616905944761	1.1692673246756
0.481961617039246	1.83201414096936
0.0364544039869027	0.0626591530100816
0.230139784124011	0.651642540478659
0.195097270005992	0.462188485154593
0.16126668767678	0.281370154950504
0.248017175710039	0.597536707663232
0.0768235154991193	0.140958811011924
-0.024132072210609	0.0400702006547597
-0.19180744472433	0.37244764923549
0.189802964350823	0.301532684179162
0.106197553503258	0.151222681649243
0.508300312598556	0.934871317783896
0.538476351068062	1.55815070854458
0.237514264161119	0.351273135496725
-0.258938233575442	0.316305716470284
-0.00233297687166271	0.00316280665556596
0.644867612408302	2.15779218664847
0.217480951478476	0.450170788524044
0.233414845553869	0.502374611482224
0.167110406946132	0.309843115520096
0.353551882111521	0.859675083719794
0.15279690146719	0.28636405044079
0.08840436792518	0.138770399554604
0.540949369980368	0.982249933495184
-0.489683925508815	0.568574975803459
0.123113049731417	0.0938603066939101
0.531216553624689	0.539017892482255
0.074808367961175	0.0761187917874301
-0.01316125797566	0.0132790038151072
-0.12850210068401	0.096281808588962
0.713990580946658	1.08538553971374
0.126748601726689	0.102272887868464
0.0779850569085029	0.0796680610629682
0.0483574654748139	0.0478734976502526
0.0667409762424619	0.0543684123901043
0.254427641069567	0.279778958901585
-0.17129687440362	0.12389043943333
-0.728544080455263	1.20372433340785
0.700396948421295	1.02700322753719
0.115751129277528	0.0825861386874279
0.200121204649531	0.203111588606077
-0.0919111199984376	0.087477445003131
-0.45960648081263	0.366744528001835
0.372332990327246	0.344525760069001
0.456566543392416	0.601668828695405
0.67466575820031	1.24486324534899
0.203430157665489	0.227527942717946
0.649540731398234	0.960677850467577
0.568549650965519	0.469331525500045
0.676115942629564	0.676787437295191
1.50412337245161	1.49986220424763
0.388938324964112	0.244265643348462
0.207654215549507	0.170324831351994
-0.685626018573836	0.755710198215592
-0.0298058819385644	0.021603764299365
0.463756662861065	0.588115167433257
0.462694215833726	0.743701092412503
0.376383364649735	0.437786410485794
-0.0971238106671612	0.0850060079617993
-0.106363532920139	0.0818999693851783
0.212431903642998	0.146997661731116
0.423312671719582	0.35027111503614
0.4653757762085	0.355626325491509
-0.422246339680168	0.257300618985537
-0.238896796472427	0.294827307895307
0.272302343030762	0.258573355824558
-0.484654377872072	0.590934638117368
0.0322940283895479	0.0359182220531835
-0.615272985641999	1.02834756944034
0.359587421708113	0.565963936219764
0.59376105959866	0.929756367100208
-0.0123532840010743	0.0104133457836294
0.584552331427787	0.723920002872027
-0.363197957340004	0.356898797968894
-0.11600617157375	0.126402156049405
-0.62817892875032	0.401067645611615
-0.480458964553162	0.551508731285574
-0.347840389922471	0.486264631973337
0.0670998945519859	0.0667683894083472
0.152221337624805	0.163329863356334
0.330967657732633	0.557318797923232
-0.310256703879335	0.488045702162927
-0.211647686589336	0.373342194717921
0.0872127587534268	0.125388029179124
0.207138514008038	0.336397010013957
0.542569085264928	1.35669009139125
-0.458358308184032	0.527935721355351
-0.306284055144839	0.326066891142275
0.781162023625662	1.39653762277358
0.454035462026116	0.434295747108929
-0.880927084672717	1.33410089883928
0.196692349182702	0.217536485621411
-0.784716661235074	0.953907628523335
-0.234048153984832	0.225185831878897
-0.193322725860142	0.187573885621473
0.0443161814574024	0.0374019196197474
-0.136185348581853	0.180548672073777
0.069623220534289	0.0781043165337154
0.104684495076002	0.120842974087513
-0.117302466858962	0.116308885428761
0.424244172526789	0.717488391531967
0.791946640006283	1.34297968360806
-0.159871100330597	0.190645839395663
-0.306643436998143	0.37056165388406
-0.063413794176448	0.063333746630648
0.25127031767547	0.273366436685801
0.310184280302011	0.411155911612324
0.285296023317092	0.362505184429968
0.154799040000183	0.154439198166883
-0.180183048081458	0.202602523439333
0.593797592282354	0.96035438177308
0.159368757028977	0.168101882364401
0.443301612903163	0.732344890001753
-0.245831700380088	0.328622302346447
0.0414843569637897	0.0424128474124602
0.148381435030684	0.190051226687789
-0.0329962261314965	0.0373341156664797
-0.343962136077122	0.497266885781264
-0.0105950055850191	0.00909264968820981
-0.424659122316386	0.521329159731375
0.252911796433248	0.309210093054684
0.177041311230909	0.209157657657529
-0.0369889973914491	0.0335806927311632
-0.437559119274017	0.446194845717402
0.115895079631835	0.0795593178070658
0.599212883353595	0.646953728548629
-0.155971019685105	0.131172926976008
0.571573244101509	0.878548783259441
0.850155056803038	1.64734114926494
0.676334892762651	1.1570873296502
0.255567177483679	0.275857316967651
0.0668494010179821	0.0640792347817741
0.108132133706744	0.111979665811522
-0.230152266215897	0.253881841155547
0.416457148617619	0.517888833213094
-0.00529406006290737	0.00502039976136448
0.0339523359788727	0.0335714874450568
0.894024498887649	1.44312819135126
-0.0427941126581128	0.0430414127587188
0.0395420571713871	0.0384769222675788
-0.379044381176257	0.603510979703833
0.479807209371938	0.524099508090591
0.304813466720195	0.429575006444464
-0.0394717318321646	0.0420257903063291
-0.0573197625484901	0.046240391198723
0.60288392289109	0.875030744425554
-0.292379910962775	0.331538976977846
-0.420246515239441	0.64952577973461
0.241835870782764	0.315374578111498
-0.321754794542628	0.40211954711309
0.347908833784153	0.499587334085527
-0.494267300672025	0.747346745075186
0.00722775676905432	0.00639453432612018
0.148432181977992	0.136235035259512
0.609217222614851	0.819871503606724
0.68919575446546	1.17995117215985
0.381692079197158	0.518162159199276
-0.0084976508616134	0.00725066261880163
-0.474399993925017	0.66852587656681
-0.071020604557864	0.063422388750789
-0.21896244533074	0.194700137074149
-0.697317581468699	1.08176724971557
-1.26842636992507	2.50398818613349
-0.0926168665751739	0.102634930645869
0.26175739430833	0.398776890431511
0.15200971896879	0.146095239870788
0.407127368052264	0.514173854095755
0.583525500900078	0.880756445369482
-0.217408402706918	0.257792200916223
0.323556332235692	0.413213228689009
-0.277803402455144	0.303595362088174
0.634219255226796	0.97502754922035
0.0689609891677909	0.0561880150786122
-0.265514035421691	0.249157946709177
0.243410899915001	0.256188984022494
0.533252500303063	0.760350939402686
0.945252879123508	1.47923621141714
1.08882603261132	1.33414551411156
0.590180434094297	0.732872917192791
0.583391112718693	0.644858892150651
-0.376468623394066	0.338854093211171
-0.0219051554763669	0.0161676983216213
0.395953309092267	0.499241304636032
0.0722045530320038	0.0603522193824914
0.10063555152789	0.0930957357313707
0.139457407250281	0.120353928082654
0.579755850827522	0.805190768625395
0.0170060940650936	0.0155422588154571
0.356190869269207	0.403946181975401
-0.27265605678861	0.296064103318799
0.423170974650565	0.580794486371863
0.0100758086569717	0.00898623607459088
0.247300440340632	0.280071174892062
0.107339898885989	0.109497958667901
-0.612849707738807	0.644220500671664
0.459877535830122	0.349455002424405
0.0919689760278664	0.0549171898275402
-0.336113317027956	0.336948560308483
0.215463442276832	0.161907152602379
0.940070185727123	0.820807881465118
0.102425626789455	0.066888586979512
-0.129067527175281	0.120139441258048
0.765068315978994	0.737855841970217
-0.330096459845925	0.248495261943852
0.048056500438459	0.0347982862022628
0.406037235099306	0.424962579299635
0.0195838957629198	0.0132509433487641
-0.0276050916325587	0.0162301600579189
0.409024989146475	0.430543192547157
-0.180111855404533	0.177033532794801
0.692354900489406	0.942750973630044
-0.277010746804493	0.352004490388035
0.994907937070877	1.33876664069106
0.58355359754799	0.64947638978416
0.611028864308638	0.737675621437655
0.540094242844042	0.618402664887737
0.633200389218065	0.899800757511898
0.471026710525004	0.589060035029385
0.0704413284052469	0.0569375343535085
0.123990209648175	0.096937144062236
0.335810098283458	0.33105536809899
0.48877193137237	0.53440066099262
-0.196474320466552	0.17761498725185
0.365830457395603	0.335035599562286
-0.668848481013286	0.701384217485324
-0.0362710303472641	0.0297553142455717
-0.430783035274074	0.528921632518578
-0.27758786863332	0.346726262014405
0.706329589981015	0.79353095727583
1.15131502228171	1.28078775003473
0.915398804450585	1.61427507374977
-0.029424439990302	0.03181862964714
0.000979726928615109	0.000769334258835655
-0.705114390078408	0.916871881264382
0.362339333481774	0.240021549925451
-0.329200447228441	0.249912088467333
1.15189467926014	1.28067244623907
0.49581569693944	0.363219554795482
-0.888632277923943	0.586825578789971
0.470022342547389	0.254172209968192
0.619825336568926	0.378745817700595
0.0695427667804258	0.0340611043511938
0.0661772526764444	0.0324980428054267
0.635034564999183	0.591665879449643
0.100258434073745	0.663143611109681
0.373646779152021	3.96554977026477
0.12248137233117	0.584682443011782
-0.0126691485721485	0.0381818165022526
-0.365580432744174	1.90986038729991
-0.228450492415171	0.954343532502069
-0.162735812432231	0.583313633262325
-0.362081843828268	1.84806463734394
-0.0161989178183984	0.0333110614892565
0.24416504122951	0.882679400238344
0.149410320900874	0.454712532974315
0.038670148758581	0.0817606811437971
0.150591617233396	0.332392578074626
0.466097765523726	1.47386045083816
0.472945831596146	1.4668029545089
0.381171923564833	1.17961697753565
0.273270985353065	0.763864561819655
0.399897184995777	1.29784504267416
0.436473109472273	1.38075762219424
0.528414573191867	1.62040867159645
-0.0700008254159068	0.117830659575875
0.274764412924732	0.512927651199976
0.500624833276686	1.21295170634022
0.293202989040619	0.519613403291842
0.31104982079299	0.751845032073651
0.184199877580204	0.360012294372101
0.0226054807911652	0.0322087637101798
0.250411029159728	0.494853680064069
-0.0539954873742056	0.0877215983634252
-0.0618409859404708	0.101581266629388
0.624396386730543	2.05250567692524
0.200487613475955	0.35324349531917
0.261753953935185	0.519833767672359
0.150603205128911	0.266494241198491
-0.045023659922586	0.0688556466471366
0.189499743430069	0.32441429801368
-0.574359269869691	0.884653817081553
-0.507485009334206	0.615100798959888
0.0735718092602276	0.0735199088749903
0.346056766855112	0.527185177242293
0.666057951900508	1.42371084085284
0.106626506966639	0.105140707630753
0.390545384921962	0.5873306200705
0.0261564786979164	0.0244663737821796
0.593121095090169	1.16747943688229
-0.0142339456970051	0.0146193002689842
0.253839514849425	0.296751608478312
0.441008210345426	0.741357513215076
0.161805281667336	0.159651118456229
-0.102973236709328	0.106173894711421
0.196363576552396	0.209779230250517
-0.197875544410902	0.224374532685961
0.0664157587575911	0.0523026184967857
0.206917046231822	0.215126228644519
0.527288604819147	0.767819397691604
1.04047961317905	1.83734107791233
0.436264813240566	0.64505442349843
-0.333207310652276	0.441761453905003
0.210452544435914	0.259916797655368
0.256727953506039	0.323145253275094
0.144589994355193	0.138222467401681
-0.503095633170069	0.580622514108979
0.492719361709409	0.526911155542986
-0.603842692119392	0.719639626945727
0.555350309176596	0.71153256390884
-0.0332693664104867	0.0281789279936611
0.111329179711623	0.11239494400595
-0.02683620183889	0.0270820416031446
0.622086728901451	1.30446361538033
0.400944469285669	0.581290789938282
0.41179887809741	0.580602568469972
0.557013522091006	0.713805456385766
-0.294869060059461	0.291541431937682
-0.205138563681221	0.165379362201758
0.580539906385553	0.802152968904906
1.32811067161219	2.16830008014054
0.162125411606353	0.189283847048966
0.212548414548767	0.296332975805836
0.292985462566527	0.409100076225357
0.174013527853368	0.22671675964352
0.0272714693697754	0.031772550976097
-0.434881221186894	0.789998418344364
0.208925838703075	0.306064107534509
-0.407032626488384	0.654544293761626
-0.260186122562711	0.351364313423051
0.58199773906858	0.782566546370365
0.523255171410317	0.832511722106041
0.0644624753102086	0.058437879523547
0.207491792045839	0.252415153571902
-0.092687620225918	0.108427662208169
0.00448384704714708	0.00507626206318259
0.312577591959699	0.571046061555637
0.200313382674431	0.249782036836213
-0.153247393335322	0.208746419576039
0.364113263956885	0.705631116111596
0.097580089270982	0.12694414237115
0.0631692836386433	0.0810794809207016
0.459169358362991	0.956588582571548
0.0164334485553887	0.0160633124079891
-0.14426207755471	0.183236874451945
-0.400075984012073	0.618976345485193
0.0626332017827122	0.0604921184227095
0.0510230200839329	0.0553662990361317
0.362409433091461	0.436398831897541
0.155065660861066	0.168716606088252
-0.137805872116174	0.156102662900724
-0.479421281127934	0.928406659532028
0.0833955759110843	0.100463081300443
0.185240808034719	0.225027152530055
0.440383489020715	0.66370783315198
0.749678523647296	1.22387116442151
0.0912120645333891	0.0957645430471037
1.15792786793052	1.88291594931964
0.83840793048289	1.47481708687703
0.0105659840628834	0.00851078098773025
-0.0789841126128727	0.0762908372662153
0.266768619971289	0.287941965129343
0.853814507288191	1.48484781736555
0.297799790701098	0.335406489636406
-0.0331236561746385	0.0333189486453081
0.758222142272845	1.29967564139009
-0.42124603806055	0.738846921921759
0.511633267943645	0.8324811443748
0.749838206200234	1.29102603272199
0.900130306820332	1.92485050801962
0.35453177411691	0.421550297550965
-0.0356886384291535	0.0363044458191528
0.64040545047458	1.04225203683506
0.0319034856731178	0.035449847687648
0.148067112846567	0.178492155013673
0.209158844044444	0.291563432474847
0.135672652326186	0.157685156065061
-0.336470411832318	0.518552360323038
0.401329619105006	0.520150244478874
0.209253440461143	0.237327781660955
-0.347927655401338	0.459385803363994
0.177185417066154	0.189002783711795
0.0638874468623716	0.0641824739670198
0.284933758880858	0.373347798236612
-0.367804046945272	0.484388169421211
0.823704168932497	1.60450320929361
1.25554774278189	2.41370257406331
-0.0167904721630334	0.0171467362490844
0.787676737053769	1.42982905137734
0.259004286106571	0.290826494551951
0.37058107231883	0.416063139230007
-0.250687125668139	0.289665306223898
-0.00337277188185913	0.00287758253846898
0.207167122664882	0.201323219463067
0.252079779935098	0.268749953093251
0.870733648145184	1.4318638593487
0.119139632873135	0.122728955136084
0.116799116737103	0.120689821306779
0.212690375337346	0.230324598037226
-0.250552975193876	0.303328666891517
-0.13131466666064	0.140816739426052
-0.255523190570042	0.357814886174407
-0.17751063082976	0.234656256716548
0.231853237305922	0.341000969097466
-0.0335371849162967	0.0281156874049555
-0.375838714162573	0.338095015084027
-0.0693816590525822	0.0617238784568006
0.369880806717139	0.434802891354504
-0.12337361906272	0.0948061223934092
0.0663471148578407	0.0540290810605587
0.444397285029235	0.417375799081268
0.701411899792088	0.864536542318226
-0.137364881805372	0.104047415510121
-0.308022160919281	0.288576697118459
0.477243654952106	0.6637965657901
-0.544007876798051	0.966918780665131
0.107133524869618	0.107582730904918
-0.293088061781891	0.347775295558015
-0.0346659828799373	0.0372560331339134
-0.328025889288573	0.415215589696324
0.698661296262617	1.45795688007582
0.911672608339916	2.03101075786414
-0.789195106090366	0.918134022071134
1.0262569057506	1.56514620444211
0.197342804406862	0.191239088714629
-0.258645398263268	0.226205537023441
0.945630524394163	1.30728210828973
-0.249317359309264	0.216368042745515
0.109277976562334	0.0744075467421684
0.665865324257943	0.597772703777392
-0.37847199418928	0.312124611025105
0.253965203995395	0.248226237120892
0.678217758298317	0.784999627231267
0.377738674229664	0.430227288242369
0.728824503384969	0.951460990154213
0.163271327977248	0.167383110477183
0.758780094688008	1.24337772420957
-0.0624457303603966	0.0437187791819396
0.199125683660067	0.180717894401015
-0.283036735388147	0.244818876734854
0.560404759731609	0.60075662940989
0.574892372430403	0.653285970245992
-0.116375309817896	0.0892718668123859
0.093786388660156	0.0889799231991366
-0.360524273788347	0.534957519336865
0.0131477679220472	0.0130553138357877
0.145633397563711	0.133827854247088
0.296497163472922	0.345573996447237
-0.118172869598565	0.101262938445318
0.411352197010524	0.433022215234585
0.40781810645719	0.429102735574134
-0.138369963993171	0.117290198424774
-0.100503470967071	0.0780359749272703
0.556348630106641	0.794510396707001
0.33711070965769	0.320434310186201
-0.139065410359193	0.118671703839828
0.409493793513201	0.426232808696882
-0.134115024673408	0.11322462746108
-0.114062508503523	0.0973130591430558
-0.269859248502982	0.212107382626626
-0.174867986426459	0.145548516858421
0.377578934086196	0.51227528482971
0.0997675187504047	0.0976353769413842
0.323798450742669	0.341444971247185
-0.182009336109439	0.147304750051227
-0.0966829453740252	0.0628445028831389
0.129584306524721	0.103982936817275
0.687399218594062	0.703270657409941
-0.0156247346255921	0.00937550128786986
0.210033888488394	0.138906372831266
0.536314116917167	0.613961006878897
0.833831870988428	0.955534342834258
0.299911319112484	0.242931161098422
0.351633676439097	0.338414947201571
0.686679098614669	0.931220345215275
-0.0247869011738204	0.023332188327235
0.374063093756311	0.48671547063547
0.253162823982012	0.261150096302263
0.252162506973868	0.269903182132429
-0.0492338988383388	0.0405960722098007
0.410309421177623	0.586645557118459
-0.311947156492536	0.374937692524652
0.699036292059222	1.02535226199931
-0.136476403120559	0.102920607633885
0.34683830059904	0.334588139466679
0.636176485803479	0.680423224995876
0.988806896803088	1.33967058849982
0.308108306265097	0.327300941388588
0.549737539641626	0.545585726925166
0.791366981378954	1.01154355886622
0.34164531035491	0.337841405941617
0.236642089474479	0.13265443188149
0.459400832286202	0.350531839722968
-0.205683498756614	0.185732417917752
0.0172472740580009	0.0769869913389073
-0.0418508439570086	0.185558593058888
0.072322481991915	0.293228337658584
-0.14626233214061	0.399760426100479
-0.12229182446908	0.383967908543579
-0.000355446906126778	0.000947717286987247
-0.290978150600278	1.17188481487967
0.567592386276448	1.68243907442252
0.327504075840429	1.22729222788573
-0.045385361913803	0.133487186365929
0.158486001176093	0.517111926973035
0.369696565765033	1.4429700809922
0.15450269345174	0.435859471541962
0.27382871746472	0.849287810296897
0.158873854366222	0.469495252464754
-0.200841035820808	0.60199871225405
0.227749565491066	0.543528786477475
0.0981736747935984	0.229080021409545
0.602171254033507	1.30841172502458
0.0637988547358268	0.0635392945031939
0.240896199439338	0.515659528285736
-0.0239624956264537	0.0388908358920429
-0.398822387619587	1.03803761863856
-0.23498000586994	0.581270510336409
0.166968559755872	0.351051994591975
-0.0547593850106109	0.100830899082551
-0.0127385725940829	0.0213454103265012
-0.201453533205354	0.47488301436357
-0.000728811680497908	0.00091452359608902
0.301591995286742	0.244394804694335
0.0331822837474391	0.0243471444460704
0.112519209486101	0.0772591500790517
0.365542711970072	0.550175604637234
-0.0787722781565189	0.10125817042683
0.430781160041889	0.352836937652004
0.536972812492131	0.697436074878452
0.0484810392869865	0.0336808775926036
0.0157789322715601	0.0144093317856439
-0.272817371037332	0.380985272240127
0.0803881129425501	0.0835775358298444
0.101875888033637	0.128638853299539
-0.0905170063530342	0.06034964227672
-0.571370996109479	0.856438689591073
-0.200596807662695	0.240332394736929
0.686413028931654	0.758622365835789
0.0166003464463772	0.0143393639796717
-0.0581843213270804	0.0561649811127327
1.04116416146011	1.39889418771085
-0.123619634318661	0.106098315454993
-0.349849931170761	0.440525898498454
0.00163050171198454	0.00166855287951611
0.257381982742086	0.251317545014852
0.404186677802983	0.49496602995451
0.483778562828985	0.452454647785217
0.928765787268816	1.17281179487786
-0.0646721822796877	0.0351525971793952
0.385551756701675	0.33344042227622
0.220678308070788	0.144955403955708
-0.242062459553867	0.191636407808626
0.77232558379067	0.526075254222935
0.24570270133233	0.29314976459039
-0.201252452925382	0.319016079118059
0.400277886045611	0.430723675020809
0.283129041521146	0.375489909454951
-0.604605957298966	0.60414057193732
0.608119302956105	0.487776915544719
0.10843146152677	0.0709763957176449
-0.320328543004327	0.162894232670649
0.458614775509263	0.351341239434679
0.189683161886426	0.228457583399334
0.960181179677888	2.03972775028343
0.0528189496519279	0.0497855570112502
0.473249747992108	1.02419633434015
-0.527525605899595	0.804615504059857
0.0908235223475642	0.130695384809
-0.433898337453622	0.798444086641048
0.242292398910314	0.29614260156192
-0.25098367512842	0.272949393958019
-0.214359863014116	0.190155046877419
-0.116328823033978	0.119936449237708
0.096932933420635	0.0607302030416942
-0.11706194349466	0.0992995799028688
-0.165803345597748	0.175099453097428
0.343477620554605	0.622801228198338
-0.086650527884595	0.135265869017908
-0.0303994117374998	0.0394722227775886
0.0768238701868969	0.121625780781354
-0.130691266714075	0.189606560183899
0.279641211974176	0.246700297044052
0.333464925793734	0.349111359825082
-0.331190666986676	0.457035681944431
0.627487272283147	0.751000307571717
-0.380534144980142	0.313935697367669
0.102966269799763	0.0952218232948523
-0.0499646082883454	0.0357457579834612
-0.0918397736547525	0.0727508018271354
-0.220816141105348	0.177780658176566
0.0912756612496964	0.0869456351920368
-0.679412906828082	1.72435436331773
-0.419522226783912	0.757976501837127
0.292804002390663	0.428382712973508
-0.275484240120347	0.335806100324048
-0.597710387348519	0.899101258051294
0.161024128979456	0.183197629758135
0.535583331455295	0.834822176426907
-0.619245536017412	0.80563333311907
0.345879691821086	0.443679042524652
-0.22548417396308	0.280082735382223
-0.177366198744117	0.224294791986396
0.0524217812823631	0.0483845506657393
-0.308636184359795	0.373267799533226
0.420229298252987	0.500485259642162
-0.435322373087516	0.448313099332262
0.532903595343137	0.769737207195664
0.133501583263712	0.157019506665942
0.238057136159749	0.331873026078134
-0.104155903490953	0.110881022589763
0.386353433338818	0.672654414064598
-0.29537016049437	0.42677385304604
-0.476134919725138	0.881165842006366
0.354341805409187	0.423940486214593
0.557976915195847	1.00121495940195
-0.0500583530670377	0.0497868298173463
0.80115948694641	1.52225421369558
-0.215677806666706	0.208245681946768
-0.292561368540917	0.226505794926351
0.224565031323658	0.155104537670047
0.575170249358319	0.558034303035215
0.249669506801318	0.249418679912206
-0.140270350927924	0.161223333375084
0.208058935237535	0.237778494411452
0.275526682320587	0.351850130686694
0.167420962819071	0.209156897118341
-0.143973223606161	0.156273980321919
0.0991127632671983	0.0968779166942191
0.85244969064041	1.48247746383239
0.348624242740978	0.452538053909753
-0.491956114509381	0.739886273972786
0.0486413622835024	0.049399402907175
-0.284098841155485	0.327195696678769
0.24154423221265	0.297006688208432
0.282943054835586	0.337847791691031
0.0343481030143108	0.0388774475121367
-0.339885471200524	0.428955554515845
-0.53647957350685	0.964487044941231
0.0183036219384205	0.0167475715575578
-0.667425082402694	0.70313350687028
0.322435848278936	0.425490472648806
0.206887595529703	0.23219459162031
-0.39138441062962	0.555233967059706
-0.191972143184072	0.227346162545567
-0.409023890831132	0.535753850130698
-0.333810875797532	0.479196655535749
0.386221408677335	0.509424405584464
-0.495629965560632	0.596990532018106
0.378202240208507	0.438632057351085
-0.698816092970933	0.903536258607158
0.045484212268558	0.0404219742464858
0.0977173825875905	0.093947749908748
0.680567138727233	1.09535319927437
-0.370054428211476	0.553587056928269
-0.0239387136401939	0.019947893011406
-0.236556982291569	0.228431801657285
0.192762832716322	0.173651708872463
-0.527351890098504	0.60162637325124
-0.0333942170840331	0.0363393795983075
-0.105705884162044	0.124785145182346
0.121876593931825	0.139471365866919
-0.00073707790555245	0.000544365762633482
0.156283153961777	0.146608972037888
-0.0773456564229193	0.0619265320705688
-0.311741420606515	0.313891261556559
-0.613822237782756	0.854284910054158
-0.0567199738698135	0.0515761446753685
-0.609895200661851	0.731336996856086
0.402455958888143	0.429577705211984
-0.160917647876668	0.146968129180834
-0.343380490581623	0.386432397614469
0.349221364753868	0.422283000856779
-0.0563899881253624	0.0463082075792839
-0.794980901418893	1.02831319980189
-0.18108166418833	0.179866668735671
-0.254175870409333	0.262181920797573
-0.573366388881109	0.794889068147526
-0.518413392320802	0.777849976098997
0.211760744294497	0.224560644789472
-0.298697343853825	0.416464812862554
0.623764492565652	1.04747325116763
-0.341803996500455	0.362317376597046
0.243093276896895	0.124901612898229
0.653970021165457	0.497569578933236
-0.605541662254712	0.839571005553727
0.19998838313594	0.190163200516242
0.630653173239599	0.387352370057598
-0.187575462057284	0.153742988560353
-0.158070924127367	0.164298984382303
0.122015494728778	0.092660827594442
0.361811514114316	0.241185941861202
-0.151521327838617	0.140277070834306
0.127500698978082	0.102591748670528
-0.681625651359365	0.555416003693692
0.504333523331558	0.441698120383961
0.0472101757797315	0.0411121553778134
-0.767280462482142	1.30546136509317
-0.174845021236711	0.174192886174454
-0.336382913711846	0.375012345233481
1.02831564722575	1.27740674482411
-0.00643674481640161	0.00483034339876342
0.204027365355968	0.188881424766627
0.0575685531255522	0.0440928487876216
0.267296140094809	0.260217562286976
0.613806807239803	0.803303158954879
-0.141030035106444	0.168084857312956
0.198143362851998	0.204858302446472
-0.0376087380131306	0.0402920792271338
-0.43400680172473	0.579239802816235
-0.388179950626979	0.181677623215417
-0.0269684551429076	0.0158806743277887
-0.678625999707518	0.329261152393495
1.00487984697894	0.586813431181186
0.566145520039297	0.721682134657867
0.511421204596004	0.448190485250064
-0.567432434501204	0.302257767903201
0.823789534065916	0.420078573864226
0.27885163233485	0.132356018576167
0.0755204261772387	0.0339688850559123
-0.0801342077197356	0.0642930660774973
0.0903904251913324	0.0543189546852355
0.0978155440629409	0.0939273487549317
0.0745883082286704	0.440420858692738
0.129634194684633	0.798213310964609
0.0828736063636547	0.267730346021456
-0.13625680975934	0.539804757908524
-0.231835508786982	1.24731269127022
-0.336196668053456	1.97693205603495
0.240723041253832	0.674975315979035
0.202171942984461	0.99290620719932
0.345375651559108	1.75207054454128
0.332124744832234	1.28471973530701
0.104504708848066	0.272117562945629
0.312200228048344	1.13815092117481
-0.00676088798320252	0.0152505380830248
0.141578107065266	0.423422916791955
-0.207911732681937	0.532457680128868
0.237804222199991	0.763654435829532
0.493003171030443	1.02498942989296
0.441267356914614	1.51749309350404
0.20004950206875	0.370736905106324
0.329788984903644	0.48531938936827
0.321517596706479	0.831792168610488
0.0282574770237936	0.0502404965562488
-0.266570971965492	0.639239943683404
0.00229788635803794	0.00393592300401071
-0.11204073685362	0.214931562659592
-0.391875223264753	1.34784471329897
-0.267558260229547	0.831028984527679
-0.372920915419878	1.29012549154142
-0.202887895200307	0.361280909617007
-0.629828492268172	0.571721295515085
0.124219217251794	0.100078185390186
0.377138054470424	0.429469945465524
-0.425982604960697	0.761195486448776
0.283507031584448	0.488997477949904
0.260063949037603	0.280833383315158
0.690927231504953	1.33115625592431
-0.0206849763112023	0.0173872647793466
0.099965795251252	0.120830313660392
0.00756943705160635	0.00867718288221015
-0.312808316948244	0.44502913523271
0.213148055227773	0.341383824253408
0.764008866044454	0.912475021824678
-0.737958360977158	1.5243036670639
-0.2605555424656	0.351091920494966
-0.46205267446072	0.503696349320979
-0.453373172681829	0.659458359186437
0.8460815096544	1.72046136594019
-0.0842301097465538	0.0662440524107171
0.432887261057959	0.574452029715096
0.406094937266835	0.596587801294745
-0.598634828241718	1.20937699170764
-0.0464600811218835	0.0501527689390855
0.634354536776642	1.24521081255653
-0.103959078240918	0.0680430671088205
0.302827847915777	0.234842965393859
-0.459535384843578	0.405603794118983
0.92361378856255	1.3322914683738
0.207102429160652	0.164914946937392
0.797922399414168	1.01840085833471
-0.294714945129887	0.245365180560484
-0.290357521136499	0.367535839216636
0.27204139296156	0.531087437498109
-0.0666489755506421	0.064954114483144
0.339569198983066	0.572254342082655
0.610614482937976	0.720905046505446
-0.861522349745247	1.05016352139629
-0.31870300386517	0.209924585858273
0.811856175082559	0.764623254868424
0.48449860681376	0.526607087631419
0.663935477729901	1.55749821702973
0.237488642853699	0.376173647979367
0.0367697009895433	0.0406205429150845
-0.0387091962200678	0.0569782893495303
-0.405430488471394	0.576202700787754
0.437232371581004	1.13996928253074
0.651983296215103	1.33229603593369
-0.0490341582613558	0.049548736532661
-0.50318957768715	0.823491243313224
-0.168460400227225	0.155439746869615
0.107477332880063	0.132923558967815
0.201376249444994	0.187609724879833
0.280645921894728	0.252665142920857
-0.0633546115480154	0.0718850008964708
0.0618840645330408	0.0845275274476963
0.0907276543037315	0.155954404962822
-0.0769534320795602	0.127335945708723
0.152808876053336	0.266205728548058
0.232626462347315	0.236379826777387
0.11145674000886	0.109674615263834
0.420267723391914	0.594614469317051
-0.665433181667754	0.871251040603829
0.116356220711282	0.0828589696764814
-0.106620484256516	0.0924653879872478
0.887009594691881	1.41508283472796
-0.0476220117175289	0.0339320178330732
-0.189658622975747	0.187436779865203
-0.543789914897215	0.822632609317277
-0.415386926594207	0.809036115736549
-0.0866245295988312	0.108155570762321
0.799865283347348	1.561723963235
0.167488546082245	0.213809743688864
0.113015461628428	0.12881183946595
-0.397007258813684	0.635411882238548
0.118861202787173	0.122965100654404
-0.552372458104178	0.79620834138036
-0.282584579018599	0.323899551891983
-0.489420115715053	0.716814826993737
0.041386745715954	0.0411433466251075
-0.0219672304624574	0.023914240297898
-0.39795182307404	0.618359717991197
-0.597996696791711	0.822155110597939
-0.111440512497117	0.105668545031115
0.151823106142633	0.155981340392997
-0.401841447415314	0.664460786356794
-0.201622803696492	0.248781649725795
-0.0231476178114716	0.0233458586614528
-0.0476689026031624	0.0577457497946427
0.149583379724714	0.181287826515026
0.132291985858181	0.176670991574236
-0.0854977585534272	0.075624753662837
-0.403663653550467	0.549746078448244
0.0246994150949392	0.0258563704996602
-0.246182296408279	0.301710040444225
-0.080391398342037	0.076683316442517
0.0512805403627166	0.038322046565454
0.108040278993868	0.0714963036743678
0.760222405901811	0.823017761320085
-0.00794741731364037	0.00679911880111626
0.232825709390583	0.306045776756489
0.126860236441256	0.143789253718637
0.251182706324243	0.353009409765713
0.210100569906229	0.251685869928117
-0.00638173120019771	0.00653922043747801
-0.377487894485552	0.491769734085695
-0.208941907501153	0.248863241762658
-0.138245265646896	0.135379369806145
-0.529296095694909	0.886852792931567
-0.369871579408327	0.452339837433887
0.0407830723094153	0.036144521778014
0.250658433511466	0.301973110657934
0.15224359035205	0.177821399104047
-0.0366528234208708	0.0361806164168716
-0.321373326680693	0.435288972670361
0.172056899819519	0.203658801065261
0.313075761905203	0.432754057668111
0.00589768703006915	0.00439481587515558
-0.605750710208753	1.01941785725077
-0.09468420912833	0.0983982818786304
-0.235035679697128	0.315968560715902
-0.0156704708927738	0.0146693218952501
-0.12295335419962	0.120315977410226
-0.119280283814899	0.15181665099328
-0.135393715967348	0.137123241757388
-0.790012468600461	1.20166536851292
0.10934034754521	0.103642374731095
0.43936221047956	0.516419794217415
0.0103622767246898	0.00924706365802543
0.138799496743999	0.159511199901402
-0.15576288874254	0.168270626909485
0.325655256010994	0.513639486849693
-0.381103738475454	0.450372864127529
-0.252349868524575	0.241259068463399
-0.670511010887868	1.04217856769056
-0.586362178319285	0.94735655335277
-0.132211476279027	0.158544821405645
-0.0692818686212439	0.0868300345544481
0.0907276464552801	0.0817923019942585
-0.0888724541862164	0.0769837330565768
-0.324106590038603	0.370185128009028
0.488830680075097	0.597745091640479
-0.369407646141593	0.416525121127226
0.0215873256943354	0.0176812132799026
-0.1179167414358	0.0904697439894396
0.45729849649259	0.440635426960353
-0.805137193741518	1.14425637299147
-0.159457739108187	0.146267691088912
-0.039267364652946	0.0362459072967179
0.264981535747469	0.262005192405703
0.703169645835065	0.956337493757672
-0.00199717470890357	0.00175007236261182
0.267721033270234	0.260503488296878
-0.192994977407654	0.173252774984764
0.360711985460455	0.41500531787462
-0.183218929977472	0.193446465641166
-0.250157612891182	0.30534701691894
0.194121990903075	0.208564264985352
-0.156396994891897	0.158023980324515
0.131920899792277	0.160260133928103
-0.385902473343899	0.615005430477884
-0.915610663216261	1.55730393873016
0.390291180704024	0.246093936277762
0.208092746077785	0.136761423332175
-0.0752261123216449	0.0671902886400879
-1.59125221566765	3.53101624511599
0.426531392833296	0.35273897215927
0.0573812502300155	0.0442204078405154
0.349159123430462	0.440688361827117
-0.351116405448739	0.322667451639666
-0.426909453792921	0.343886839642891
0.0637284186010065	0.0517304138000764
-0.559815216725814	0.668211518623469
0.42362616004677	0.347205587006963
-0.172149053342404	0.124425365790004
-1.03159067384177	1.61147583689467
0.106698678441665	0.11541311632004
-0.699797930559653	1.15842260128695
-0.188550494910462	0.169261670519042
-0.730242576342732	0.844091779611502
0.497600375709281	0.529258183702426
0.0922967776234655	0.0832349390889265
0.957869888165345	1.31794435151922
0.375505429334186	0.344326586335121
0.123067322756855	0.0909958163837257
0.143529528268796	0.12477572207597
0.277471004471925	0.255184196449681
0.146134364384131	0.121479462103884
1.03042660658221	1.28662889806752
0.202286502120671	0.212943609977447
0.18405638815741	0.251770854434932
0.25881336059921	0.303199741856026
-1.24654529611887	0.703270574873252
0.108819563038641	0.0710131580296189
0.342207083022867	0.249242572699848
-0.238182336238899	0.167022591667523
0.0892350936730852	0.0800718575409104
0.768537827183854	0.831461619890158
0.899573395398828	0.669294026245727
0.570673744993958	0.373790400553295
-0.276276141600784	0.152066686273455
0.219420815968609	0.158253463447308
-0.448600197960463	0.582376586746409
-0.574789448788576	0.530062082636255
0.153400924351792	0.189024383630444
0.0789175938366499	0.477311473315493
0.278349781163942	1.46837028610999
0.469695470630894	2.41631701652349
0.612509441426598	2.83317928613406
0.507482993507137	1.94399877431836
0.427012074954552	1.21911884506648
0.045350773332635	0.0918457505372164
0.00192829397911932	0.00382032615488988
0.306452031317094	1.07481082420822
0.223639356729444	0.493304620648492
0.584696398035272	1.86066680155905
0.127693511914042	0.233532961801343
0.0433459691953101	0.0608366319395244
-0.0187859812229742	0.0261076565318547
-0.188752011270188	0.332252695206661
-0.122002265686392	0.245338566338941
-0.0422744745888464	0.07357956456482
-0.0909740744672671	0.167081170996558
0.255847582140641	0.451942158254233
0.267070186344478	0.421725787684574
0.384087555711141	0.656145860426625
-0.108508559617692	0.157362726945818
-0.202991718225664	0.354445885832193
0.124796221606719	0.163365500640392
-0.194009640286231	0.272635570463629
0.567789563408115	1.20583287977617
0.175995490929669	0.260063824565468
-0.374076388167913	0.657662270301074
0.15473657744491	0.201909651689163
0.35592042291407	0.540318699236764
0.894515894957595	2.05994296718783
-0.163252044352188	0.174063740993682
-0.792273210655781	1.30319878476469
0.034042331801046	0.0368693917742387
-0.1165816859013	0.106244697154148
0.469514254895121	0.67373334871156
0.16650366989508	0.211361900308478
-0.0719319739504214	0.0752439057686432
0.398793325677738	0.705986563299956
0.157787467813269	0.17777011544684
0.107807457354155	0.119276536743604
-0.307040614192532	0.447544318076813
-0.20230525801599	0.253042460379663
-0.00421147498207439	0.00357920561101859
-0.112751370249777	0.113691030357616
-0.29466655882449	0.367021578773833
-0.0610721984645239	0.0609417164820442
0.434320616612715	0.675702846692289
-0.123019012379264	0.141529395404402
0.255449525678894	0.364132993175593
0.485501187134859	0.898393704143572
-0.0196629286442917	0.0217599930973286
0.68515739556883	1.2688808482659
0.314450447328297	0.43517987464008
0.553314793768003	0.846353381150822
-0.386920215222431	0.588527719023089
0.152035701713494	0.16564421034094
-0.0290731373287378	0.0295627808310786
-0.198809103741682	0.29389728534255
0.480855312908088	0.916051068054223
-0.00399390690516528	0.00469887842126641
-0.30815985167928	0.569442527467605
0.274803207353815	0.437480667988116
0.215280846366722	0.315207571881795
0.103214806367338	0.130471976651394
-0.213197808371436	0.280279261241129
0.237187296645756	0.346778579698369
0.126850613650624	0.169042271267561
0.79964136866924	1.78822184077973
0.387846242714115	0.601688889569081
0.0544988713432794	0.0622486422648938
0.179877947171786	0.266473882767833
0.0742028185979557	0.0945869668245228
-0.0181352737917418	0.022324503524638
-0.0371435785740544	0.0430861405187245
-0.384912467800165	0.649384221340532
-0.29068499374615	0.373851762129365
1.00234717178036	2.23081180318307
-0.113593445974324	0.114631451523455
-0.352736095064381	0.505776027247785
0.0827856203114708	0.0950418563348003
-0.0508175314386745	0.0578843818436485
0.733739786103342	1.72852121051191
-0.28191713028797	0.484486944842155
0.434772443546561	0.76935507586456
-0.229717079185007	0.233682766942401
0.612315456098345	0.901970565390391
0.275827249452442	0.248865044514013
0.424596806707635	0.425278461292544
0.203801879219447	0.195302046369035
0.40725133759136	0.391331695824377
-0.100014351847738	0.0777054205478557
0.65831433320171	0.834901661703361
-0.255701665014291	0.244960805101066
0.309260636448105	0.356108203551966
-0.0161514746547524	0.0136964885966355
-0.228642880126722	0.223027278559921
0.60975701991862	0.96662823856712
0.627060887428411	1.04496398300647
0.0568649394840963	0.057965869962909
0.037205750210549	0.0322295804338452
0.629969718112369	0.74944444303551
-0.708323575940526	0.929875358730836
-0.077773718831853	0.068642219588286
0.263069148735009	0.267301895019984
-0.318864470205966	0.404883912613952
0.42250628148496	0.580191369080416
-0.094348367637565	0.0978423149284678
0.298539651266648	0.362472297919903
0.328519107309659	0.433409312142729
0.792574669014523	1.25586305143027
-0.272235934355262	0.335910985251143
0.49083438815246	0.799705751213202
0.173781208880906	0.202341619679701
0.320267571345937	0.4316508033802
-0.241746571160735	0.278156326344538
-0.0901936474348457	0.078883473246456
-0.7138525252398	0.978382348415004
-0.0203635015355306	0.0172044519920092
-0.171571620863258	0.156570724123472
0.387425349170275	0.433510362285438
0.203495835452812	0.161047674233685
0.485176899719275	0.530258701561821
-0.51328525046546	0.521335838879205
-0.0296578501748134	0.0214304561989786
-0.107057994770928	0.0701475377832829
-0.174739550877992	0.126797722861371
-0.211756269354719	0.188719709811617
0.446978074380469	0.574548125486761
0.042049070748821	0.036319042854907
0.890740166026528	1.43866027489519
0.984677742472283	1.95431626787577
0.247141308435034	0.308764649473926
0.177944868788796	0.201036443119108
0.743039935538076	1.33400539368989
0.0716999551935838	0.0732562354761197
0.268586481936195	0.261210435293479
-2.00855478198313	2.88529311171336
0.199140535905668	0.204374679882649
0.933989364953889	1.02928158847957
-0.109668169509	0.0717756465653542
0.588124045327406	0.651201458332977
-0.975004273598308	0.898799921081544
0.488304181053564	0.359264441774525
0.390810920749222	0.340162969521094
0.374746245868292	0.335789409219275
0.110874218061361	0.115273889413813
-0.175363441530027	0.211119109520035
-0.467842609666962	0.718426042401666
0.321414796678556	0.343517307586669
-0.202238221893002	0.208162671786761
0.0527539605182957	0.0489369324103055
0.420199733472868	0.512190793488582
0.271299964318644	0.367998328384579
-0.0067168582849772	0.00411509518122035
-0.414177281441875	0.370508921652419
0.29381366213928	0.244510742752911
0.776114447906715	0.752124334532532
0.516292216418039	0.456667698594311
-0.0530304657269946	0.0377834868988392
0.0722127118117577	0.0356351750683132
0.437536745659102	0.428924982784358
0.433340697682678	0.34215235319985
0.635044840563218	0.680633149398501
0.529090465116967	0.615211908598134
0.0691915779093838	0.0535180332789202
-0.160543496004357	0.160944853211043
0.132573916166108	0.145845715914205
0.474723453331581	0.443670882910295
-0.203509574418584	0.14553005643799
-0.857002951101598	0.861416665445889
-0.229983081313746	0.159925861190786
0.396077630788854	0.345880518050174
0.703946799481543	0.859194484513892
-0.452238616893437	0.432608290932547
0.272954830352875	0.359995267034509
0.614296148722849	0.883828880533758
-0.335294465842	0.355838673558069
0.246544056993627	0.307234936509738
-0.0716956805954488	0.0570580442879498
0.463095272396279	0.514641197861262
-0.848451863556674	1.25154481484316
0.610678093014163	0.821575701093092
-0.249144155925673	0.291441967564669
-0.0775410817303597	0.0674175503178436
-0.665488710990982	0.87289819574908
-0.665433181667754	0.871251040603829
-0.214553195839479	0.174208310281295
0.580403028691327	0.711333454547824
-0.115075942198409	0.0984564904861617
-0.911659031372578	1.09657982261281
0.200132397386372	0.195112323069233
0.130780673267911	0.113543893567224
-0.258050149583465	0.247485897565475
0.329573771052071	0.34041427533283
-0.417383068275604	0.297794554738738
0.569450212668545	0.556170663547822
-0.370031962185518	0.273083448909266
1.25403666766534	1.21389793091145
0.320490870411631	0.240036954522323
0.766545071971911	0.644778779250708
-0.359796980997024	0.230680437801431
-0.127843705475706	0.0817840774222038
0.0819563493580473	0.0464800129385221
-0.970186288397818	0.889859613886784
-0.0668514160758831	0.0363278719043284
1.45118994933151	1.61679040739526
1.01037166219252	1.17004621662263
0.498780640604024	0.735341818281578
0.209094141757361	0.230817366515779
0.71908721820214	0.956580200343207
0.684620119033205	0.928457552113988
-0.31924164826626	0.295295547204212
-0.326350451492113	0.303027504760906
0.201109176571438	0.17440645644757
0.292092884663418	0.250386943634609
0.121932593780819	0.0978881490177404
0.0753099261384021	0.0656678053725426
0.863442159806095	1.06765078679785
-0.28349301772869	0.192265481412928
0.324928601798265	0.355486675062227
0.214024609195354	0.148884616984124
0.14033098063228	0.121907540536839
-0.406371693694665	0.419080337915982
0.101259712913587	0.0976612552586557
0.78616557666392	1.06138250133359
1.04910216762665	6.89551613534801
0.694473781812565	2.3030160039708
1.39295189003186	4.85312825756866
0.687002443796408	1.55344056531619
0.75008966709687	1.83759295017052
0.539042140919352	1.33382597533857
0.487781305314848	1.47166284991891
0.304987486529257	1.00851324635306
0.211190363260848	0.390456681598385
0.466238637403028	0.662239458999226
0.126637573579631	0.15832612782259
0.500328376043705	0.880617166475857
0.272996040779019	0.557487805476297
0.497140388779322	2.04221516775387
0.329653177234963	1.09617258441731
0.498591585999364	1.33485093328787
0.373951563535369	0.698545566260462
0.835510909846824	2.13030225036548
-0.456491104876425	0.529976584185282
0.405513976767349	0.422430755583032
-0.442616597730075	0.570224632005371
0.178183994862353	0.204097246940219
-0.00607508925099441	0.00665971078034755
-0.0879176172608349	0.190600254271757
-0.120021878404541	0.246534075139242
0.0145809380800063	0.0243634680303302
0.281474449814312	0.662047701675026
-0.146565047930721	0.242022548450897
-0.0274229811538051	0.029913703509179
0.0779853545501508	0.13072108254806
0.248205465376165	0.408843903011212
-0.145385382082016	0.225973490848065
0.111519382539773	0.157126078904528
0.317740230689371	0.459961841104488
-0.39696190322086	0.706290143843856
0.175001558349276	0.237813674569748
-0.23783714986234	0.490781303623305
-0.0575578084575143	0.0692688775535553
0.212070745721023	0.270727699562475
0.42366664488951	1.13855877716484
0.396269462031962	0.589768095668841
0.398392143176237	0.890350699750161
0.181061294752369	0.274103352795484
-0.0423854213095999	0.0532289733974989
0.665304814570416	1.36163881706161
0.210572043695383	0.335201817693342
0.139974517543314	0.194973437183781
0.32778631214896	0.700430136914223
-0.255126923568002	0.48503254215607
0.146287581287326	0.225694355553792
-0.112725520138022	0.159957266348081
-0.1372773065074	0.195361088408141
0.0974569657754441	0.129645800844536
0.141517389241933	0.24326532257497
0.0805923348479221	0.100116449914671
0.522628227142208	0.783546293050214
0.368420677662521	0.703448132649458
-0.360155037201981	0.528136208632195
0.431242988118356	0.97007689394022
-0.0618882237256115	0.0895337124227397
0.0369678847113478	0.0559057426752781
-0.349870317073018	0.870834222721981
-0.0636018417431109	0.0934912247556776
0.0053689125089136	0.0058782185547639
0.0409348538085074	0.0461187983370313
0.162808795592221	0.269089455439309
-0.556170006944542	0.807135110890354
-0.0722392034299672	0.104955901954771
0.401545391082626	0.648045872648998
0.185755962429743	0.312949671527884
0.302672956957388	0.602261481935852
0.161116109129475	0.290870052643791
0.0631058527624729	0.0840535427031701
-0.01466168939322	0.0219578650951036
0.630898077102221	0.729376839181724
0.114865329873264	0.08651804243332
-0.175943087585557	0.159435477975776
0.135520164996796	0.1106000425539
0.159349803307032	0.311243757088864
0.0252940209841724	0.0345756515196219
-0.0624303073318818	0.0787852043695108
0.175748939626639	0.265316430860994
-0.181933075877444	0.320965551367099
-0.367125296110025	0.822773308904652
0.0762636078383132	0.119796684287552
-0.0778588321747287	0.122910728021565
-0.0376706869667557	0.0602131417566191
0.326407190483032	0.735233581467231
-0.333278050117986	0.373889654304649
0.374580285768788	0.343623425410617
0.357154835867171	0.237422720953369
-0.418101520691338	0.254954725169659
-1.17335419203871	0.802689000540172
0.327606402617522	0.235254176620605
1.25055902508986	1.21105644181511
0.461082957185907	0.251175829118932
0.212870488780802	0.147611831524238
-1.7435235720018	0.990176010983315
1.30337191483064	0.91154653265645
0.0893953025033656	0.0505565824545936
0.868250857990736	1.06013159631466
-0.122304888757204	0.115596282739161
0.431738406747777	0.831661388755574
0.481089975688912	0.60151089990451
-0.0201709978597486	0.0146988948172544
-0.116061836056295	0.0565318577116739
1.82336669229684	1.4732964790612
0.108704448265731	0.074712407656252
-0.418144272416541	0.251401689686381
-0.293991598544437	0.330592995918642
-0.263199465935673	0.423800602612129
-0.110192973040765	0.117380663406403
0.0786764791674931	0.0663991148516247
0.763846416923891	1.28119420775166
-0.412327365486671	0.552003309166389
0.133164552974365	0.181247982722902
0.265539646858195	0.497696692951106
0.183818828234827	0.288077300306935
-0.405318155290236	0.691301442526404
-0.154428254109073	0.152779987170271
0.683341162460129	0.689194327033594
1.05359943806775	0.985503133791311
-0.197889320482522	0.177046139561277
0.13021044729694	0.107575144592312
0.360954637440733	0.238567869904421
-0.0710635264769865	0.0386832894014858
1.54710001412767	1.01883433867815
-0.414647895768222	0.250556807658981
-0.993419216060893	0.828427523852518
0.0701906872219558	0.0287159246247454
1.21035233079652	0.633011776256835
-0.632393397631346	0.402282976121426
0.645686835698171	0.594868234612643
0.203673700978134	0.149848799764964
-0.759412163037935	0.534601858713856
0.739021710236824	1.22503684982155
0.45721501334357	0.806723101013374
-0.126486786654572	0.117016236166943
0.530169176947933	0.774294226010742
0.534625130821938	0.521507343526643
0.281425367276594	0.133592104935879
0.287007369713808	0.13521437427899
1.14848549703834	1.27068279156448
2.75942336431474	2.93412576336276
-1.23853701293991	0.700521592009068
1.38382451433764	0.830684994706267
-1.0521823423341	0.528333864286944
0.630653173239599	0.387352370057598
-1.41182504461807	0.889228790657945
-0.87949963235343	0.470997244101612
-0.124068827422008	0.104021975954284
0.242103918659614	0.272661629679797
-0.86853056196706	1.79288997959479
0.0132312885689655	0.0141283851722639
0.541162076994533	0.928559081186159
-0.273603559455206	0.234156141458737
-0.41400134453795	0.370885344406689
0.218187632161683	0.263056579715943
-0.394974737999111	0.18356466694833
-0.394861018222205	0.183822898468205
-0.14624757514195	0.0648831199868108
0.101917990904754	0.0298160348051342
0.0810672695858673	0.029406287424856
0.0732488751293303	0.0270631288953272
1.55068488420417	1.81771748370958
0.627606887712545	0.383140478544081
0.20314532651985	0.214775484439148
-0.384116007772174	0.716702756466133
0.40481799514622	0.343303005186069
0.217054037183816	0.13707633025778
-0.589321136047374	0.226925438920885
-0.325741514242309	0.167019683051782
0.760196044204088	0.301952595293264
1.20498344425088	0.637553727866375
-0.17779803637986	0.072249321254891
1.88893037063151	1.12815353875197
-0.132227597273686	0.0576178647441274
0.0144557745601991	0.0143425709736585
0.66682469311596	0.765626096013648
-0.55166416276949	0.474241508520542
-0.139654221514395	0.166560288903817
-0.113601558222227	0.145369200799252
-0.145477628968531	0.189441167605581
-0.453973732619813	0.520106428838077
0.116524307346	0.0858547542374151
-0.0655900060999728	0.0789170855466384
0.517346121405391	0.693624930899284
0.528218496250621	0.541528211510136
-0.110218498053094	0.108341222114565
-0.270031454373127	0.424365183063321
0.030032063202648	0.0253224164046844
0.197817541873597	0.185426730787165
-0.112010152791662	0.106816610776065
-0.301753887018897	0.448215542599434
0.123664025912914	0.129825229580358
0.101122412326674	0.0686453877486018
0.377717317531447	0.147754653807085
1.15312655310747	0.899979258733579
-1.18026053551733	0.811763421183715
1.26548451956171	0.542796260351392
0.521831532758256	0.258403455202201
1.27105274438352	0.541318295208866
1.31352899671278	0.952272067035113
0.711866495098815	0.400871337599931
0.826323398630061	0.420953560301328
0.0874898018186093	0.028639947933677
0.221191396491689	0.159521657284329
-0.11905162328543	0.0781805321425505
0.267135992189972	0.314783116393589
-0.0840497811774602	0.0980177468136926
0.607125953282064	1.02424619960439
0.0458777145825478	0.0520767654649211
0.0729558486085057	0.0900013598003133
-0.130808178306602	0.0984218316019124
0.0207481645513205	0.0174545563656503
0.153784261522934	0.191050291517911
0.731765296745335	1.13547828781869
0.194598052945456	0.204663144944875
0.103926175791092	0.0984716369229561
0.0357058357835005	0.0346672169836557
0.312295045328053	0.429378649991918
0.11775364364254	0.0886981855486685
0.198321701843798	0.246199528803451
1.39188186630674	1.80407372862725
0.541925634879006	0.557699156914753
0.616961473578334	4.61282083192219
0.776195564449634	4.65193736823245
0.505451239327564	1.61522662202234
0.338577954790605	0.831564533480714
0.704621053173425	2.41300848249207
0.238716286785017	0.549568688750489
0.250170253373575	0.716374482719777
0.261885642776142	0.687426165824788
0.266773537849244	0.476223112342191
0.596089270245894	1.74118267551564
0.390122274642648	0.996025919539063
0.126574766068236	0.277434630116344
0.054278263995206	0.0965910724326532
0.188316936314484	0.344688397421292
0.16229697089362	0.254898110487254
0.181407014617592	0.309382739203955
-0.358579918211576	0.567409579633724
-0.452277249466936	0.808268709758482
-0.249129080401557	0.359590074666365
-0.181841537363414	0.295619940745692
-0.152204514454859	0.268162893950982
-0.152884599782288	0.31201885976906
-0.231808239611549	0.384673989722031
0.219718269852897	0.335103855574178
0.260177339635735	0.442640967584464
-0.019806838147707	0.0254169617793525
-0.0245424176320058	0.028171840874623
-0.0146433312727074	0.0174895788690875
0.519914274035023	0.970422225341103
-0.205170195929332	0.27720806380114
-0.0867537473624105	0.100235541324637
0.666428105970324	1.42878872170514
-0.403443022116084	0.644186654704859
0.269621030878127	0.368190602377594
0.240022840365296	0.389115700663851
-0.52517045938916	0.871667939874181
0.166631512994634	0.177615412215838
0.0709159977822911	0.0909896529706223
0.267377591294926	0.387295416749895
0.133971503186387	0.158722464707962
0.246249776090382	0.371163606763465
-0.263043889723802	0.35064540845818
0.238100404910622	0.329956176816419
0.103464548811451	0.124368013743725
0.458446611041563	0.720799006152009
-0.865116354444243	1.60332314250581
0.017017341600999	0.0163316957851528
0.0969490504337501	0.104775896612122
-0.757037243040532	1.35347712292653
0.059097035815047	0.0647906220743887
-0.488350380072495	0.848782383412566
0.538464466370594	1.11907390104718
0.146428436407643	0.157760297299145
0.111718337379506	0.119238357054907
0.333950298958632	0.455375925455755
0.794924537380938	1.62142199343415
0.123387828065772	0.139892407946897
-0.28271314445449	0.379086108922358
-0.437448961800241	0.675444902117025
0.0961546765583093	0.106086741873798
-0.0349248038900019	0.041403967402637
0.225853064055434	0.355236046747353
0.00118310592143772	0.00125803600485447
0.20754389600499	0.281807426480309
0.346656122075735	0.684385586305805
0.434962487410788	0.732873532456129
-0.0353027944865461	0.0460376917988447
-0.224227421349017	0.330776052250041
0.0959028079686476	0.133453792120719
0.24036674281748	0.362230599701419
-0.0245636027025729	0.0319197998312281
-0.0744238685637689	0.0893776089744716
0.302519256805447	0.379237453399919
0.491766681486728	0.673357150481799
0.418287300866166	0.582218121515988
0.798953861400789	1.57877531056097
0.0166834352379924	0.0207480509460555
0.0847077893699728	0.107221336312127
0.704457866219367	1.72675687759567
0.070081807506444	0.0799675579726195
-0.270731115288129	0.408824547687075
-0.298420963782198	0.434640334456173
0.103919309871887	0.136178034256182
0.224390013676091	0.359021959150362
0.403785225591032	0.743574362180035
-0.482681502093852	0.997962630024132
0.440055258802029	0.655359974333882
-0.466538943176161	0.506211046668491
0.487386867927261	0.442727494484411
1.10058974184511	1.54775934001015
0.346218816370505	0.33338594761422
1.33791803203575	1.5299665779463
0.407993561875592	0.416292173926271
0.30781495172082	0.241229476142329
-0.487229865041157	0.278815122102818
-0.00662518310047962	0.00393630626971326
0.0601988531783829	0.0449174409040325
-0.371903880430805	0.273724633582142
0.859144101309444	1.29865498800997
-0.432281599950254	0.53711360369858
-0.114848672646313	0.1244489335255
0.45643848439466	0.65691409642472
0.422663093953395	0.422628108397908
0.0530299255287804	0.0408495608629507
-0.855749160421723	0.864663221108201
-0.477202858929052	0.489233690932881
-0.411471913354936	0.368614054369269
0.212618387294379	0.255231375622972
-0.0445023756362753	0.0514717861305679
-0.360201587749529	0.470912362407228
-0.00369800951064726	0.00353938675354864
-0.314215874631586	0.356151899971143
-0.256509166707287	0.299223997726695
0.153816272067703	0.203939784959412
-0.144936508974534	0.185051221493935
0.596436580771625	1.36274964099233
-0.147654215369027	0.193443383821205
-0.407517486131093	0.480953551516364
0.211208097820324	0.207034317878767
0.258794300834837	0.261132751840143
0.457036133087071	0.529061357967368
0.197623431573157	0.183043205320657
0.353059081518748	0.33207093425822
0.218129392948193	0.158075637705192
0.944940343722267	0.827077625470498
-0.999352675898328	1.19891018903235
0.811687855425119	0.762582382473395
0.326664584767633	0.247435384765613
0.344008836739008	0.238440150941865
-0.181733439942917	0.131813301174026
-0.374434013605865	0.276983627411897
-0.104906369612928	0.0685224552356273
-0.176023636798247	0.128434940880871
1.24660867810767	3.00013753383032
0.562799221122021	1.0574881130909
-0.166236046534442	0.178552788014875
0.466669145241354	0.750849266791682
0.199481944768343	0.185353885678141
-0.201241660443959	0.12172567259476
1.27255427893053	1.08739162386449
1.05497410204416	1.58774677859796
1.15908033246808	1.28522024904079
0.649083865736186	0.496963844587568
0.202014374896638	0.137540150642637
2.29806637911887	1.12319321349718
-0.154180572854086	0.0951078843851149
-0.472975420363479	0.329369014189754
-0.430519590021088	0.259913484163681
0.0582375620779352	0.046009751152739
0.323558458946092	0.407069114773114
-0.618708146965937	0.997305243369751
0.157329398399491	0.18621133534876
-0.612975708690281	0.880771813648298
0.333580845087426	0.34575164082948
0.340212785926116	0.351151026375977
-0.186139588801163	0.197069823630358
0.599405343004674	0.472097433675976
0.901072584151938	0.677093871359148
-0.319709905241877	0.211706454402686
0.0627106118787029	0.0283854782909774
1.07253032289047	1.11752027281779
0.418421756980435	0.344681547390885
1.57485197062998	1.36842035428642
0.437785802179686	0.345631026587656
0.185773096968884	0.18871250693549
0.347260480323385	0.522235727638241
0.0114298428285527	0.00879543755677926
-0.0465293810326857	0.0262577672246513
0.643924997019917	0.492344926717661
-0.322902220169748	0.164086680632786
1.26961298119583	0.541081832282185
0.678347548871018	0.609792202791233
0.35819011849569	0.235283664851599
1.89119511291341	1.13479182029239
-0.338947701115097	0.284969083161646
-0.402281226881481	0.615067586629876
-0.026103012087887	0.0192719030059286
0.136111506964221	0.11880492140668
0.11577297505954	0.115748267091783
0.442238653946552	0.592146239364279
0.0192615251549769	0.0171714108477639
-0.569282358077942	0.683538635050387
-0.0698532094952854	0.062890842311685
0.293046786718837	0.381523514173885
0.213605791759395	0.245109168845757
-0.539160511823218	0.583427093478145
0.201826605216235	0.221210460366785
-0.343645684330081	0.484453237652124
-0.680809724698795	0.975179135322002
-0.851740678102097	1.15187011134404
0.417787998448504	0.568545090043143
-0.0169402565442279	0.015431069724196
-0.096002729053294	0.0984483871232589
0.014986923653477	0.00965115104389483
0.46829266877959	0.358016828616162
-0.773876152006788	0.620873646232604
0.624406226682808	0.381548547657196
0.0753474840568584	0.0308111266838389
0.525421214488514	0.260651582132445
0.359571485077525	0.236201581256102
1.02794019708333	0.851635425027306
1.01503461462289	0.720452800868607
-0.0000913565074547101	0.0000789133609773047
0.0624908027001855	0.0603155866833881
0.211554481655204	0.221300722778366
0.266738172200987	0.244905772938663
0.0347985655221806	0.0249669268388689
0.875872068253194	1.24595793421513
-1.01945986399407	2.04777151064377
-0.186163604074513	0.168868801590688
0.841203466461933	1.65175498866786
0.537290157937873	0.609327012715534
0.416286336304635	0.339864657157714
-0.227903698085019	0.216018104716606
0.113215440647817	0.0896811575531322
0.719703835888337	3.18534004412218
0.610053832469561	2.42698204091264
0.304444508664236	0.95317772521185
0.491690834101147	1.84469615423237
0.44594624553339	1.15935946929126
0.285543283014016	0.517293922268461
0.104233880150998	0.19608943869115
0.275182429716716	0.650351347423882
-0.0358309055786622	0.0513660798668883
0.434011766145407	1.1783673389305
0.38049307414031	0.912643637111772
0.320292143670787	0.650947835728556
-0.0159945068859067	0.0195119276792641
0.293148359911888	0.492184920186367
0.121820701215475	0.193026825289807
-0.0460990303862291	0.072127263519559
-0.215483570465441	0.432724534251391
-0.202428277597683	0.408793020757961
-0.232837032455089	0.374858869087076
-0.578372442854772	1.19157378572945
0.147557987373587	0.195634041638244
-0.244271222226608	0.415760011019783
-0.0620077171044217	0.0852278861072253
-0.740168282872912	1.59640493813866
0.199856537961762	0.294464367505991
0.170792642509467	0.219566300984852
-0.0153412045818144	0.017228183267564
0.361543294906528	0.576479800531641
-0.218204887731951	0.289199210118476
0.128878844696802	0.165017707677016
-0.0987117887178225	0.106056705133316
0.0868850324377175	0.104988617763043
-0.286689233751754	0.419952938945343
-0.0624276774906181	0.070367298088825
0.389759720285101	0.545648686800464
-0.141397972997	0.173108015609722
0.297572834031497	0.464165662814193
0.281663984309112	0.354329263830583
0.156777458270089	0.205286961972149
0.266096098482564	0.412265617973739
0.393457213833833	0.574115847870387
0.317687347168256	0.41836134050668
0.190830644626671	0.205307712942812
-0.44273814422184	0.674039846658877
0.460171789609488	0.653819257352262
-0.194610269640442	0.219710707558842
-0.252884049747029	0.277927209639862
0.122241623314284	0.157140301827426
0.120739757556069	0.143482055161865
0.0640499577637366	0.0824137485593132
0.165942946905922	0.223014349353808
0.846595530565307	1.65237395077616
0.0665758301877627	0.0673470956811216
-0.103945263561044	0.10693143029393
-0.173597284406091	0.192053838922831
-0.0931733558666438	0.108922067439114
0.26036152973761	0.42191401193279
-0.286187314745289	0.41357826028923
0.389425977547905	0.725484483364523
0.15553675349607	0.21291201712584
0.147402134925233	0.213233532321358
0.205417129371476	0.337045830954654
0.360612766063114	0.638072608777376
0.250597694845702	0.399036929259788
0.198301894639288	0.219385373508851
0.122451988600413	0.128299308034376
0.0735407583111445	0.0790799289015825
-0.0481899789100775	0.0535273178083242
0.353395321703842	0.511130801826582
0.227253729963463	0.335427949417996
0.318112189627028	0.464013035263146
0.445124760662028	0.817296328759719
-0.857415054570754	1.93497499387376
0.337759457250083	0.479814838079716
0.185509489721374	0.229177386811861
0.130203009245677	0.158082014928232
0.00699430290532028	0.00754632277378012
-0.037191200959698	0.0408359272482084
0.176316975716599	0.22731268282968
0.135723412195086	0.186609846959055
-0.056828311287775	0.0597274335641888
-0.0766507417306622	0.0685287462657651
-0.150791347880859	0.126560084452892
0.471460980403985	0.524180941974804
-0.389749500377954	0.38407599927756
-0.170722950346709	0.141007859707812
0.208513488865247	0.156075762556739
-0.446131272823578	0.428575868143764
0.4412590959376	0.432360273397295
0.204235470443211	0.176644596464132
0.421750620149198	0.347300403453325
0.980929166546793	1.25805140384468
0.478566213408878	0.451167149594477
-0.401395685083566	0.420415132709897
0.820267045851419	1.67647237811043
-0.264291009279395	0.290411354318032
0.406149955016861	0.507063649377697
-0.0311864331768542	0.0259709354004348
0.0811557110292287	0.0431712091298355
-0.249202276533877	0.255476279025446
0.325620499004945	0.34321050514904
0.480125879948175	0.6056001203297
-0.213080093116122	0.250308713565627
0.326665053924075	0.456976260725545
0.344757111908373	0.348933616027892
0.352301334367129	0.444967191905059
-0.191085511272926	0.217003223497706
0.0734058578055159	0.0714935228023007
-0.256383284162776	0.328656256656986
0.298543260261445	0.358558684026787
0.721811542492837	1.13764446511893
-0.0518862858147453	0.0462830825287245
-0.228885943247972	0.236644626224351
0.260002201352303	0.275470652439253
0.363800647852184	0.345048851107742
0.850922817136567	1.56742645998672
0.28859691446755	0.254095064599351
0.37115605621675	0.340671837255093
-0.320904345474927	0.317258432772222
0.542727875006444	0.600227601652811
0.977590602117354	0.9499775099826
-0.173396768407822	0.125192874327221
-0.310393305738765	0.20452400129549
0.121592610404659	0.0973091243589029
0.342940471441653	0.328631204908804
0.626128164727554	0.662434010669613
0.846510796788383	1.12768552285609
0.0306026019396515	0.0245366154519859
-0.196743367094281	0.191842138979414
0.654271031685515	1.05636849267743
0.936648838554274	1.90450125779361
-0.000688709490557936	0.000569096492290544
1.23754357559253	1.45877078499493
0.00474628801617634	0.00297829974874569
0.655021717345956	0.836525900743172
0.726649416639515	0.71966638996532
0.0160868966761991	0.0104626565266128
0.905771898156016	0.68643813013111
0.010238973838303	0.00674251155693644
0.0795803786213703	0.0420214208222069
0.0956638020101217	0.0600327333697116
-0.637867131264834	0.585899776369016
-0.512029394058031	0.622567993002403
-0.571430798452294	0.888694433219128
0.640089094478926	1.19701724972485
0.524364829640765	0.91276934797435
0.0736323260009318	0.0742918667180941
0.811038358415005	1.35781729585887
0.0967203078864094	0.0852792808302048
0.707333733814101	1.03184940655853
-0.377347731340431	0.313052047846738
0.87582973756644	0.794692581725861
-0.376750251727598	0.172425717653986
-0.268757104684568	0.183976491921557
0.217510877175133	0.136721263990149
0.207149222080131	0.17071402817645
0.232779421668282	0.129865649799257
-0.0979945760118695	0.0494875022427338
0.215853345573476	0.142233673097287
0.801288593832904	0.844700025805376
0.119959900935474	0.091075140560017
-0.324230570675342	0.243878996743105
0.72444879391223	0.803775151705383
0.222242175470939	0.165189409997639
0.64351275238711	0.994897055187506
-0.406298516683123	0.391285132076948
0.211366564274856	0.202678601922234
-0.713283716731866	0.695491636896678
0.127904240442966	0.0940559282599079
1.15083732136786	1.03666763149304
0.640211237331953	0.59527339679482
1.14962813373358	1.16340162340845
-0.527086241561978	0.412193213531051
-0.532375351617521	0.499394293305456
0.712005633751772	0.879461372828364
0.120455671809916	0.127519439080784
-0.150717221657618	0.126591585872918
-0.0522047865059761	0.0428206661172066
-0.248087802940427	0.305287192734709
-0.279820048596129	0.28159388181043
0.096789858707658	0.0909124409004643
-0.507362006415145	0.676729929797428
-0.673750973947442	0.927092908877692
0.115723816214988	0.114555963216997
0.144338466880893	0.14325328394684
-0.325364156063759	0.346775729607354
0.423464861038207	0.41944181387541
-0.30898304427215	0.263963308286873
0.00666883906246151	0.00517955476935308
-0.38744519346999	0.407929131264632
0.288403760484981	0.253637884959933
-0.833353284811677	1.4090413179312
-0.862398394396853	1.42087340167558
-0.655693107623804	0.81714136493763
-1.05667487707949	1.04025189242169
1.00570395694686	0.583634864489771
0.33449494088386	0.243136522369246
-0.231085414115049	0.1332436392949
0.643146451166373	0.48729540303329
1.06453351369812	1.08776090610885
0.564755612375348	0.709788620932358
0.269922388160769	0.242217060740389
-0.0800350568642669	0.0625868704387215
0.496494214898691	0.752194698275815
0.152843626655319	0.144270390254559
0.302695604727145	0.341430339890214
0.507733102458513	0.531625071994377
-0.331265984534317	0.330643722997146
0.0780198202888794	0.0661580512916908
0.0801445258300947	0.0699269332051225
0.0775297711553722	0.0648566041543144
-0.0918397736547525	0.0727508018271354
0.344794257697004	0.332506996718907
-0.0388277454554551	0.0281410974047321
-0.14251556511667	0.131692777484991
0.0664459415199379	0.0509417446252335
0.132341436554897	0.109343429892292
0.0100263086248734	0.00806312097079561
0.661278862775282	0.848680645767299
0.346312351676782	0.339639041382318
0.854720392705373	3.93862158569244
0.759892426374888	2.69655259041821
0.159098278134761	0.324540731216197
0.402266819277557	1.41724873257499
0.0543270703053363	0.10528134968445
0.241999708770008	0.623220802963461
0.146149218414749	0.273305700689518
-0.0224234410648654	0.0309978904011544
0.300672907048945	0.556305191397211
0.640778624049339	1.1868271366856
0.692640452110991	1.52756529151024
-0.241778728322852	0.389790002011903
-0.228858184976942	0.406732864469579
-0.181029025486684	0.34857181024366
0.0558335918598066	0.106338712382449
-0.337205657897288	0.761421064776327
0.305911214011016	0.628164710344987
0.069396815552465	0.0995541780601106
0.047419464797373	0.068463008775444
-0.140965678391861	0.214434490103428
0.50038998639408	1.12705215183361
0.315989175044018	0.584232305317955
-0.0335414831875767	0.0405216474422187
-0.154824670330337	0.243897262710388
0.0720814540320663	0.0876938188386225
0.109065367879216	0.139834816984383
0.281794429025016	0.480654108383711
0.217487245692586	0.365616262519529
0.127106285596852	0.168631329880257
0.433854034527825	0.796813041269385
-0.002348725453975	0.0027162127377338
0.189933065621067	0.277465360589633
0.0112823659083438	0.0135796930996459
0.245138757426167	0.344491885649988
0.589429790514251	1.25226057586397
-0.0180251403671037	0.0214740061824234
0.544665286005385	1.02375729047116
-0.181674351817837	0.267852099444079
0.459275699893942	0.707583374932082
0.650848758060038	1.12638183840476
0.455502045213086	0.802440741125786
0.0672370628559668	0.084346162619105
-0.186171264913372	0.264693228252696
0.057889046234972	0.0765346547084119
-0.50856421432331	0.885474672869835
0.461774549751069	0.898732079498733
0.317657535381124	0.525325714048207
0.179935033014468	0.248309977800566
0.0432541389253241	0.0471189660780588
0.145763343896732	0.19999822159892
-0.128175611025803	0.15490679552289
0.122546995084407	0.168757069812109
0.0816311724154398	0.111037328902934
0.00889407100562726	0.010052380709825
0.208164517600561	0.33694843178017
0.402032348244746	1.00468685220217
0.248698254565312	0.445941860350964
0.303531874938263	0.591510042068387
0.387134426416872	0.893225436750367
0.044546370675107	0.0441449287969392
0.534244386147929	0.856746245328253
0.0668368911912833	0.0631326560926222
0.110009661248911	0.112248333097366
0.280624606191524	0.359278816909497
0.527638370391638	1.26609937810271
-0.0202632890498468	0.0254304956297386
0.177577915697941	0.246246326857671
-0.00459804182751781	0.00537365553389705
-0.0185915742891119	0.0228964571470091
-0.253223362112672	0.451186022629031
-0.0494132242630822	0.0623102787314349
0.198951514691896	0.348556334847247
-0.0702338727718189	0.100911103592639
-0.193852329657158	0.232412775284822
-0.138364270274422	0.104606390871911
-0.23656881117894	0.188722796860553
0.941296139265502	1.0430938526728
-0.554488866141844	0.466553108828884
-0.181717098875099	0.132013018436003
1.78009194053574	2.96783294728174
-1.35174684549675	1.45295865416506
-0.372423703953113	0.276547130661313
-0.353222701741258	0.223139365794373
-0.000255947352975376	0.0000712021609304968
0.404205392028961	0.341866447750841
-0.507274722022633	0.553409472078965
-0.0144567212246137	0.0133410895394864
-0.130024586762028	0.150500287715508
0.318727337456528	0.445973364532554
-0.481054860816234	0.548204308842343
0.960187982522724	1.13777404324939
0.220059454322552	0.145438611201054
0.815310377684484	1.0094599892406
0.127569676776164	0.103040272348431
-0.288470522850562	0.348260888728548
0.106397625666705	0.12795721846108
-0.0107873788442698	0.0103217136785515
0.259830906686233	0.326900058647448
-0.34199385384501	0.44971330573048
0.408007792360473	0.611405793113724
0.327846439568738	0.490288494428529
0.215158908735784	0.335821993920197
0.691361230051042	1.52801879803457
0.123243973120126	0.130558251189188
-0.125429750009264	0.118379219167066
0.640982215691072	0.827835674655054
-0.016004370428725	0.0118110807995281
-0.313651099650606	0.376688592893204
0.372665791440698	0.440781217194343
0.2157072859422	0.135744872104542
0.225271444512917	0.150094740822282
0.649944048342115	0.501036351343714
0.6930863350443	0.709781647078993
0.21523359077713	0.142829180853955
-0.0487828044475693	0.0276032223169086
0.571771467606529	0.479164952803699
-0.693950705658566	0.615689785036046
0.134659714206192	0.108871310910233
1.39232252566827	2.25595507225292
-0.628782351777371	0.572282403644257
0.587600530134135	0.940823062858643
0.224382487380579	0.292372192111305
0.146424669979895	0.155946550826164
0.477147042058011	0.751699776548679
-1.09898784012987	1.90711298675365
0.414287717956377	0.244210530526197
0.0709522594990424	0.0376145095238554
-0.753503977776005	1.02538930042423
0.0954382485358096	0.057185582212289
-0.739289537260422	0.433256234594097
-1.30556134850992	0.981671735032011
-0.596113483776453	0.453245081980848
0.908150516156368	0.686811121018156
-0.365437515551682	0.234413938031297
-2.53753696338569	2.44204456961211
0.502437779734675	0.521922676739677
0.289129738475709	0.381222632326472
-0.317043895783834	0.48204606754908
-0.0958601379087572	0.109203821701735
0.185229591282438	0.224195081904293
0.207293313136257	0.207426736213166
0.251657311874857	0.273916299284812
-0.172415553795725	0.200690595583886
-0.471968863819731	0.201005767264039
-0.965762661440211	0.890458425378772
-1.17734390381847	0.8123038614562
0.250008084969807	0.128963411741457
0.517905926937864	0.357119890106312
0.560419491773479	0.366854104548248
-0.61193676871525	0.51536300729517
-0.567432434501204	0.302257767903201
0.636060867452407	0.384664691580028
-0.20227963367991	0.122017952832622
0.246203617448272	0.126217701132012
-0.141746045863037	0.0909261841130171
0.223938177864805	0.148358699752964
0.000644359653512419	0.000211456158784947
1.11938269803327	2.5137147205461
0.385855996712701	0.597646026568995
-0.313839600120428	0.268323095936447
0.815674432458898	0.765017644755089
-0.667981686095349	0.495907165180762
-0.572543981397476	0.301729353750942
1.38477442998466	1.27747704006541
0.381849407416564	0.238640754622968
0.421887827726995	0.247885663842244
0.0866244637077462	0.0489437868837446
-0.780158538359102	0.626530249203163
0.160626693190002	0.196518596888553
-0.0770151409557124	0.0683277138610156
0.256593446063986	0.270211705094152
0.197875248828762	0.218180385273203
0.144052938822658	0.137847788122125
-0.112856876696933	0.11591057038101
0.00732150749820617	0.00571623263900658
-0.181335864367009	0.205705095884107
0.506121399760976	0.836081792210779
0.515010488478766	0.697746043571238
0.354023764777287	0.343037061886498
0.26433282100733	0.263016180201726
0.132101682664408	0.119940739577441
0.0130252317256208	0.0113207481149757
-0.606770161790012	0.866753771870767
0.0560056800716044	0.0506453720822358
0.484331928279367	0.777115308546688
0.444343976365067	0.596454360127079
0.462010393216739	0.426637142508499
-0.382617974937543	0.179211155552755
-0.849223902337955	0.37274859467624
0.319507934290598	0.138238292104863
0.235114700479932	0.132206504946551
0.368754526572765	0.244800196761641
0.377032879621712	0.145690241354695
0.229929889137429	0.128329089193911
0.709993369878696	1.11685572717086
-0.0563842696773882	0.0555715655819597
0.137438337961633	0.117063081486157
-0.0613887190376215	0.0429304462867732
-0.542838213264541	0.726952080636121
-0.238386524523746	0.313257398920636
-0.0795581172795554	0.0814577973572049
0.286300586235641	0.251815617484528
0.0947268627267316	0.0946146293183132
-0.0782994376295276	0.0759616592720866
0.115587887933435	0.120514305726509
0.710578445156904	1.18133484749915
0.250570970528359	0.268650054677932
0.550497136059177	0.779538634872923
0.474907139001668	0.674235465306061
0.602082466713167	0.80406284784438
0.611008651103219	0.71870022643811
0.139516699211744	0.119189672441525
-0.0056257406846974	0.0053200880203967
0.129045730139054	0.108243903840388
-0.00764483834049865	0.00722713745783055
1.08355649956556	3.17636505587541
0.936285923099667	2.59974100874685
0.541060190677479	0.788314157454126
0.36490811291484	0.60823018521681
0.346240941936861	0.742692588421173
0.225154796302463	0.688391162079977
0.0624540441644945	0.131788224663707
0.407622776496195	0.932805787057856
0.12542916859569	0.153469646177087
-0.389604331251034	0.58908601498904
0.691822168448428	0.779126440477547
0.690411716478189	0.706780610953914
0.209353795085815	0.20941897246032
-0.722432819733131	1.06994687047198
0.172688079486674	0.227082784434431
-0.120387063901793	0.2606117085491
0.134373530529108	0.313009108781802
0.234287727820943	0.306155707781494
0.336541153243864	0.791830801522091
0.220161246792038	0.336426088072807
0.189375002529956	0.312600051397648
0.372756644868816	0.569940881290312
0.16605776109504	0.196442241454176
0.221284429298187	0.215573042905678
0.526573161470696	0.826751368239845
0.249113643583406	0.2779274703021
0.165962523960306	0.314870350292631
0.135741617576185	0.196632599751086
0.536725267779334	1.10102700247577
-0.221312435930494	0.242043443502028
0.0811445412742973	0.109759807372166
-0.800057379459222	1.96715081783941
-0.289248092683787	0.51680498288973
-0.344208232746912	0.765087194952651
0.0197024212789481	0.0250321048214306
-0.682071281860828	1.73633013191937
-0.619695377842799	1.30519711617669
0.149452227942036	0.235335645384508
-0.0181590977347316	0.0266059180001296
-0.100908119999596	0.12199891891283
-0.473529865927301	0.522013265176754
0.49809489160697	1.09971253874641
-0.0918868356106574	0.101148196317738
-0.31505712820856	0.586646356016938
0.437809671627408	0.939603745428319
-0.0316419076736654	0.0457798312740687
0.241870054248104	0.506904177611295
-0.234485466393025	0.444289801777814
0.0091822739107082	0.0112640186829602
-0.0392925793379788	0.051943325143746
-0.506357778680644	0.443491597986931
-0.23486850916413	0.136004724810336
0.320713262086577	0.243118755817489
0.212470229630451	0.165011247508797
1.16468734294011	1.40217424534613
0.275581163485428	0.507294264612663
0.0943738091824228	0.152630231677369
-0.182971546780963	0.346079376222626
-0.353767383485741	0.662121755032739
-0.349815690006351	0.793996208319777
-0.391603191975135	1.0086058888948
0.266666710810232	0.536218179032828
0.0705604988111015	0.0571857940457497
0.268225874005914	0.13632894190979
0.417914652913066	0.245305520804547
0.626705175154963	0.193843349012669
0.0688848680247712	0.0338334816769505
2.19809309311036	1.58779035567196
-0.332611586919814	0.16879337385883
-0.840032833742498	0.371981080448623
-0.681771838730707	0.333446339895747
-0.331152797343096	0.168435284097887
0.0768519136140297	0.040818334753383
1.89119511291341	1.13479182029239
-0.116295346312019	0.0764505190785124
-0.0266722622338732	0.0248117829297577
-0.246565951620471	0.361603427512747
-0.220073707484789	0.195032688191791
-0.315961704936971	0.208088674287864
-0.327213923169801	0.166366352539163
2.32458588737481	1.84781498182834
0.374015819562388	0.145789427860504
1.57857876264274	1.36790666351644
0.327428861144554	0.326091323198069
-0.0302898213582992	0.0389661542719285
-1.19009012171372	2.06754993949675
0.425120015630941	0.500839685426078
0.689201283817628	0.864429190540952
-0.0551078038282896	0.0452444775958641
-0.192327078283195	0.308179295746504
0.00110218679480197	0.00160927081589904
-0.117787226096563	0.186440364226666
-0.118979882486464	0.129369882517454
0.295570661004436	0.243715395536564
-1.21739852512445	1.32310103057919
0.113656231420429	0.0866147924530582
0.403536105542054	0.433066383712425
-0.023708830642798	0.0173412684714445
0.987233144168295	0.45677218358806
0.756544151716899	0.310645399934827
0.373986527416329	0.145045781640742
0.279583783682704	0.132484753705599
1.3930251865105	1.2908611145486
1.9760405399428	0.493213117693187
0.0719467454944798	0.0265390545213781
-0.568906024194356	0.300762863685132
0.219016359722092	0.151250881174854
0.0218295986495676	0.0137317103807474
1.2499734631966	1.20533477736563
0.400940651466044	0.513332767125279
-0.385578314559515	0.6531703337615
0.0885462436866784	0.0797318825770839
0.886431392198779	1.91885108513048
0.797340279170705	1.01946545587245
0.458454055421487	0.248197983439074
1.71630810991316	0.922435354836544
0.669866324844115	0.600397947744687
-0.108611627498315	0.0524497185083777
0.940090400863303	0.246697605273809
0.709681305181741	0.40216672802555
-0.286109090934618	0.0939003772916518
-0.85354391869654	0.368806070448968
-0.644388682715615	0.156611606851412
-0.396345440483101	0.115014501577438
-0.680413965031145	0.75750104692322
-1.0374223955918	2.35675310130669
0.0456517276695352	0.0523222896199285
-0.45794283045222	0.731972753842197
0.276733874135299	0.353578913616543
-0.320874901845425	0.240073890712504
0.299944446281643	0.250166427191708
-0.220482133752191	0.246725712444752
0.317902022971291	0.137420696679332
0.079110060430292	0.0319531510436533
1.51474572227591	0.714898856852301
1.71277874462263	0.93523612199798
0.937014825487275	0.247501391945126
1.15641124403294	0.901346248687712
0.610040697879673	0.271658666948079
1.31288854678798	0.943844705893562
1.68818307013175	1.23065358267818
0.235967469534247	0.13207843113911
-0.0727333942252192	0.0391718391276639
0.0124485515930107	0.00810717408696226
0.249937470296431	0.329077688596676
0.204377790949783	0.315821689466645
0.00276264375526087	0.00178239808712382
0.994726535213289	0.465190965172412
2.05640645764645	1.35901549247262
1.21156524805388	0.629194936507288
-1.09198646352911	0.438291820092363
-1.34219551471333	0.618497753906037
-0.3958347259145	0.114354399872093
-1.09313468768525	0.438579295617488
0.756454115222154	0.310445711889242
0.194735915619228	0.277677478771032
0.715702506874261	0.62229301305287
-0.553782880304247	0.47614327302905
0.205981775031453	0.239245650669776
0.060209773878705	0.0750612291454655
-0.596738941232384	1.49489467673159
0.202423623319395	0.188231474745152
0.215757929436661	0.224149294406113
-0.244818238350733	0.382407263820455
0.152820422731923	0.161703339804487
0.442122857228393	0.431026129900432
-0.0760531395971647	0.0680980489459331
0.0364220960235592	0.0404600016120372
-0.114803246835518	0.0982670135228232
-0.260589289625906	0.261565860016911
0.191318095267459	0.221716523311645
-0.0475087611647211	0.0566748688614434
0.248497676836296	0.331320234268875
-1.42823785345741	1.1613583609699
0.0675838029368044	0.0278232372748504
1.54298560024841	1.02869092299929
-1.16677175880733	0.353813253690907
0.0701906872219558	0.0287159246247454
1.4281233246026	0.459092046764703
0.749233019536078	0.306404529636127
0.579070876040991	0.569789172312722
-0.160710966381759	0.218659768446969
-0.300016835260935	0.399695421153424
0.489853682082824	0.360444210037463
-0.681994869345802	0.326832074025974
0.19957678142191	0.214671449335406
0.0818990083252662	0.108664348745707
-0.072088710862414	0.0642601286341966
0.0621125367168303	0.0277030868753492
0.526320206356995	0.367083252377193
-0.08569667878404	0.0820434626088314
-0.180719219843025	0.245544956420615
0.0925498079353285	0.101573797272199
0.344013837577729	0.566735531590886
-0.108779416120046	0.110960486483075
-0.41944261123136	0.688192999245479
0.542403498538578	0.465789598064545
0.878148402177318	0.556181107080604
0.557473415944311	0.557610901525246
0.601726916687693	2.00569751049422
0.626389364222954	1.94460952134988
0.30014928724433	0.808179050717252
0.631981443513937	2.17980741861628
0.243736075860794	0.480308294746725
0.352891602948972	0.690805132906614
0.554349095452263	1.0104542209612
0.215243323559171	0.300227041167247
-0.0356499944951923	0.0448541062982061
0.131264659271085	0.193461630703933
0.212558231674788	0.350637555340849
0.213205467288856	0.456497909388409
0.744138475285885	1.66010915192011
0.902335662525146	2.03684635883209
0.258921174796069	0.359563013306206
0.03376769648407	0.0322073516571178
0.0152700518038867	0.0165646678809457
0.61449176277275	1.13617758966668
-0.378602576817846	0.569639376297645
-0.0788072241489511	0.0872810918429775
-0.0450312691461302	0.0533631100291595
-0.176607528874334	0.215847430559908
0.623416222819938	1.19130642617122
-0.0552383430360085	0.0676745432975477
-0.0177541528666402	0.0183246503246298
-0.53269219435372	0.848939902836613
-0.224252300677288	0.259167104694333
-0.109283842994251	0.111268646093819
0.449631995396833	0.684594220635154
0.285617511875545	0.37851980513015
0.286696866045643	0.393891168241906
-0.0429496278888269	0.0482250725402551
0.339282127960901	0.451748149385763
0.372283944749682	0.585563878620995
-0.0385799701271875	0.0387513101555913
0.568388238975842	1.01689244026155
-0.548978745510199	0.829668219865659
0.0964318955333078	0.101618726265674
0.254130945190691	0.32133809149549
-0.0297277762165427	0.0336936332372105
0.162989397064939	0.231690940214336
0.0213878968683565	0.0240193903926712
0.0588355557106608	0.0475776613210447
0.600652738198447	0.724562450896626
0.341112416837877	0.420636020203311
0.574805749615439	0.851418298315791
0.0824125432039233	0.0843522455993
-0.173762510541166	0.251176582306418
-0.0790334890244731	0.103460313098628
-0.0485937094185934	0.054920832539974
0.051694905667961	0.0637174075873717
-0.139136023524952	0.178034931638082
0.0447789589290615	0.0558207343967065
0.0711240170567468	0.0975140015391469
0.6321995074619	1.19036824106184
0.0703412386087737	0.0558454323429576
-0.0617208209014423	0.0418194896109758
1.00342235888844	1.14723566266606
0.979321443602557	1.2567921869134
-0.592496292880081	0.451064096697343
-0.285029418779719	0.246957982251907
0.188247105055981	0.155768219981324
0.596436577375403	0.566273244547324
0.589492349736494	0.653757454523503
0.317214917060017	0.250450584932013
0.102063340923349	0.0734405176689167
0.446351774859123	0.437218329500193
1.04859298888035	1.87050585555677
-0.44109031964147	0.75314994405252
-0.323532232595587	0.413274595101623
0.613061903060719	0.724823952711437
1.24386156963029	1.46321891522332
1.37719459491434	1.91158854656932
-0.719616994740639	0.702441384690718
-0.0855033665840103	0.0672725818984138
0.251004630025771	0.28603685616753
0.126123456704399	0.170667594037219
0.711336806022793	1.24393570624688
-0.281777855099168	0.34309126942445
0.408368571781638	0.581119750810364
0.419109093229167	0.595232889085236
-0.0898807147026205	0.0992726540934785
0.0432992199654195	0.0488932713524337
0.20058795014903	0.233375500625407
0.00938827242353377	0.00857673996107836
-0.519171188397701	0.59803141192013
-0.328742509526867	0.32822007247439
0.816869424363741	1.28371267133062
-0.368720333897517	0.414429660486279
-0.0793736754851856	0.0707104504899349
1.15170587130644	1.03292841068309
-0.165485666844043	0.122541039389316
1.45820715850782	1.62644849180564
-0.342087479506574	0.288236644608243
0.809675856084024	0.76081578455808
0.436992241862004	0.343017766955877
-0.089496803685221	0.0462066693977626
0.0070739135915164	0.00439293316459397
-0.218939174808379	0.17683022968448
-0.237961091543329	0.187859343987957
0.119764815418386	0.0905709143521191
0.369272134006157	0.428414851308732
0.437857965065083	0.753050871632722
-0.00392329193655918	0.00373012938885519
0.584090431497415	0.874944391949897
0.189205058706882	0.177729363395001
0.00754326240940743	0.00468325429832838
0.639307508762062	0.596450085599583
-0.00565702120991388	0.00428054443295467
0.482698357574168	0.348326706212974
0.91394661862488	0.681568479932525
0.362711408767694	0.242414554133576
0.419995815327668	0.246670734057372
0.641940917824495	0.489413137972324
-0.97181050449015	0.887138551281804
-1.6375321426751	1.53146623236991
0.989531091527995	1.05336808474912
-0.717037800313057	1.34555239439595
0.213173824359617	0.222998509304739
0.281492702545757	0.344339059443619
0.636940391307238	0.829090163449416
0.416419470881273	0.439240701116306
-0.35207134095044	0.369339412061708
0.445362583239799	0.354475716083224
0.515951003423527	0.251576077974525
1.19476831939506	0.628095097032684
0.650445642677893	0.678062769458396
-0.037027283810455	0.0209526373078194
0.541292903396675	0.467335644232467
0.373741952530376	0.345015403418669
0.222131523391435	0.139259200812672
0.428252167422038	0.249545139475342
0.629690221235131	0.385164078202208
2.50078490780542	1.35131909559065
0.387340556087927	0.244498432146679
2.17231538225599	2.18454302135015
0.233380341406351	0.131267605845236
1.22014644661529	1.65145608579394
-0.103140238430607	0.107613279924369
0.50819072890261	0.604781662081461
-0.144372616267436	0.123283335353271
0.0759443790960427	0.0746229176157913
-0.0936303099965934	0.0974259602415482
-0.129030453739236	0.138590633349714
0.0413657641042916	0.0358355390075369
-0.300021801799344	0.299483918085841
-0.215523730007758	0.2499841122396
-0.44844431389911	0.608618541769927
-0.462585965791926	0.505362920259163
0.142404103736441	0.127594480184125
-0.352280249287307	0.421390703309493
-0.382943692862894	0.400648164790866
0.264031428890307	0.261279874247967
-0.221654056687864	0.241277990563721
-0.318941246706197	0.441960798700422
0.156152221647282	0.162487449776331
0.300998175216603	0.250225075660298
0.0736436107515427	0.0388295378930825
-0.870169429599137	0.47763600903866
1.00999545537288	0.5873712679621
1.03087034067203	0.856017816105544
-0.0158427441050328	0.0118409104618077
0.05141951428892	0.0476420623527637
0.497273717176628	0.584393874877746
0.0672141438488481	0.0546917997582112
-0.196418827389941	0.161640480977121
0.100516710437266	0.100009696216641
-0.291412564838044	0.337057222674287
-0.153120092792704	0.128379549519662
0.9618160525961	1.50663641218469
0.0907052341250697	0.0832356747019148
0.352529294824846	0.484349679633018
0.0175849032052552	0.0114669293306644
0.0530375529199071	0.039442250686688
0.764208321214597	0.636919066059901
0.619089940550974	0.654773077440724
0.138262950627074	0.251534145796212
-0.130766789285215	0.252282571558627
-0.0121481197629866	0.0207599243367004
-0.0722704056000915	0.139464542228674
-0.0594527121038176	0.0935772427498117
0.377611834990082	0.418824186290912
0.231754936347615	0.350559042897189
0.322827914284527	0.443331539095594
0.590066862680473	0.954169805294458
0.280299541308619	0.439858755403375
0.27139107633148	0.392297621862265
0.165021999395315	0.175415316655575
0.231795429188598	0.281254657266727
0.25315673985811	0.294455461606309
0.314396902673746	0.427462356404559
0.0926807264316798	0.0864180753131887
-0.125254365893014	0.127563418165725
0.160350926954707	0.184683900210223
-0.00285513265298302	0.00292368914757649
0.338347074899313	0.440081178047618
0.268494666934842	0.368844792603113
0.6655104430648	0.75030698182537
0.0782673066441967	0.0630972872530976
0.4090379974296	0.347172310768905
0.063797161434051	0.0504647317465818
0.321059034966958	0.33729998960853
-0.531588196019349	0.743654813694624
-0.17365406341198	0.144391804016079
-0.50936257363316	0.857600663342174
0.639051456535263	1.4382451936006
-0.446025994096332	0.654476364484706
0.630061425964874	1.1238096537108
0.898596088922394	1.18055081230366
0.232857645081707	0.205209100582219
0.122009280550981	0.0917645575965898
-0.0779857621764042	0.0624371517493109
-0.0716464311628211	0.069678797102327
0.683024352083512	1.49575733004319
0.368180902109705	0.5774731595254
0.447422572120977	0.754342683556352
0.410169596403634	0.734679869331962
0.431279458017771	0.887469276422499
0.522947924849604	0.848228454666814
-0.157631078835288	0.188594720495337
0.141477754611794	0.120645102771258
-0.00378030280153238	0.00283559327793132
-0.152631812942997	0.169908487335327
0.253356660157563	0.272698924116988
0.171661978759706	0.196976863477525
-0.0270207661205673	0.0271247538093642
-0.283955106785224	0.377881752904476
-0.204493914902775	0.311356794991563
-0.423381616127501	0.601783546315562
0.207081577283493	0.236403422875759
-0.00103244836296828	0.000935141397323099
-0.379530003525429	0.447751940317568
-0.1658698745617	0.163582597773005
-0.796942893851428	1.0823180337326
0.15519846971756	0.14623661304473
0.0217407018272632	0.0178763829478005
-0.178072671379507	0.162260328357456
0.313885346739838	0.358617614679618
0.00290115444507991	0.00251991937149539
-0.0678618489969754	0.0664170071163104
-0.579420176087593	0.802004092872173
-0.155314614440034	0.169143306418295
0.49091694504442	0.684152598947687
0.200442104732753	0.223126746298412
-0.566724657476904	0.82827069195204
-0.301604199825148	0.326287763244795
-0.465008976199902	0.595651097281786
-0.1646925960179	0.207384340798879
-0.0811584507697741	0.0901840244752821
-0.474527772749141	0.629032338052077
-0.00422587467844505	0.00402306468360065
0.454074404567174	0.668151712193092
-0.166536915463765	0.190102768044692
-0.141712028806488	0.150744573906514
-0.302636266346719	0.284051685373127
-0.343331481832277	0.366492058125317
-0.252220804406966	0.291769843147297
-0.163684617546355	0.175183083523601
-0.514385245793695	0.864509905234059
0.240570387393198	0.265566749149748
0.303722494312769	0.343555474809407
-0.0519422049454411	0.0512750490626503
-0.232847293440776	0.27978257470113
0.00828576253754404	0.007419044021381
-0.697665884742177	0.826494889126929
-0.329049784004625	0.32690656270936
0.0104931851674176	0.00910733803942065
0.54184161627176	0.624462207380696
-0.346117658346442	0.316535512783725
0.30218079692811	0.341589813739299
-0.0579246375416844	0.0474663369180947
-0.0303835984161008	0.0278609994678298
-0.614207351775989	0.795232890285532
0.0536056149613759	0.0505515095312516
-0.829821314157715	1.45902549552778
-0.533409134502077	0.777335453535891
-0.145776955686349	0.146626996695292
-0.444980957444199	0.607167733098129
-0.3133851887038	0.420207959417433
0.24692072782342	0.283098106053626
-0.750970737607463	0.933371377635541
-0.248107210468581	0.286678073770396
-0.459311020280342	0.56353368865745
0.69708065309325	0.708828413289287
-0.334684638654785	0.310922739240021
-0.522419399886057	0.557295144350182
-0.9158002066741	1.10794174904981
-0.439639934507576	0.486690897576543
-0.29847381757848	0.229108706873781
-0.234427327745577	0.260503215449664
-0.284320535018785	0.342542319415148
-0.00262476724483964	0.00219814026474726
0.194286929533059	0.211636652105611
0.793252331856116	1.18517459026621
-0.0144094034562867	0.00864658569747243
-0.086978067970947	0.0694500129617997
0.258419813622181	0.27350033199625
0.257763080963484	0.248110106604891
0.767427562380942	0.916057531420075
0.705504762941184	1.03301287851505
-0.645423965912768	0.9219805919582
-0.379573111884348	0.370202584368756
-1.03143580932395	1.09266874422698
-0.416900480053052	0.335356890046148
-0.263977949920592	0.244920436377345
-0.5375020933652	0.582226797808806
0.0549958627965474	0.0399470234924761
-0.912412296951871	1.48468103373308
-0.640144989579013	1.03259823036126
-0.44248249985843	0.646337089132978
0.0789712120278882	0.0785559243336013
-0.220946207834305	0.242768607455062
-0.659317266914711	0.652965772337887
-0.0691282006825399	0.0372794985623574
-0.358302405873341	0.378626430163835
-0.24451193936277	0.269260449307305
-0.735244728460026	0.85512575723194
0.20038390513404	0.177900158051657
-0.161796574697654	0.148647931693677
-0.0629052048021933	0.0517006652786327
-0.170434789558463	0.141000657204046
0.0612736084458851	0.0480764083238862
0.586062344456618	0.648595774637686
-0.0476220117175289	0.0339320178330732
0.725867794088158	0.720183711419596
0.934667883558315	1.03301193347664
0.126182574406091	0.137195864545297
0.518213996333569	0.359981320542277
0.676656518785355	0.782031887308168
0.207372722796156	0.189220322210507
0.437664473727723	0.429289884470253
-0.00942215584112705	0.00809665600120686
-0.158166714131763	0.160205561718745
0.120535377464607	0.0904266756601079
0.0478845131945438	0.101642837754982
-0.101036794835957	0.151325492528469
-0.0606278434544883	0.0485380446551956
0.670017310076364	0.853148600269407
0.228838281157038	0.285331330567817
0.177239542557731	0.275290102192082
0.811386724722806	0.753711622928945
0.268028102913618	0.251725142291359
0.420969641178563	0.577722165161352
-0.0248472666488763	0.0278285568634444
-0.302175764688237	0.362403751935419
0.0343533288038043	0.0300872027369282
-0.618567654811674	0.523733701426307
-0.496637032743417	0.429283982498154
0.521101240939819	0.258085910414231
0.205275343186563	0.152285232279831
0.466175654022219	0.435770301233425
0.922595212154421	1.35696679024465
-1.35873587408719	1.65042418248595
0.523980177403158	0.761798497211666
0.0114105547830231	0.0139150282304168
0.410236555264211	0.491625089852172
0.655792803433089	1.06419950721427
0.0123503247389672	0.00810385917924651
-0.356416287808936	0.226347166655664
-0.259153029302428	0.203365837032993
0.317007292200645	0.239228832674268
0.210393101834716	0.152172829275565
0.778380148816346	1.61281089908006
0.469707911952709	0.758064478425887
0.578612350102291	0.88645955751803
-0.708313132229841	0.682751592135395
0.828026959677254	0.661027121107424
0.075294015676959	0.062650271278986
-0.18501731997656	0.180863803718003
-0.578692235463076	0.730572669180151
-0.418435903986138	0.488188211135518
0.375988512834199	0.498670567321529
-0.533390818944654	1.24455297958901
-0.0592372566735589	0.0781581148542106
0.0566924777288143	0.0690294578326263
0.058296061439123	0.0629708681805718
0.115641412213896	0.148612237247203
0.177884981012065	0.258953942242491
-0.0527037170417631	0.0567696220360825
0.551322095677639	0.993558176799255
-0.648385758983582	1.23058814681599
-0.576062794984377	1.02943651092282
0.0575971182333845	0.0719711441810873
-0.0466269969043781	0.0569244279443884
0.239988922583924	0.325702006453594
-0.478290336168049	0.726821501677441
0.00537240427315896	0.00483311113904357
-0.147213554973938	0.17627552592744
-0.228872272925384	0.308994421801408
-0.449036264668262	0.920566240620739
-0.188739551158208	0.233939356187669
-0.360866444929639	0.72113263512061
-0.351419056788892	0.659054512842174
-0.3920031027004	0.738263371283368
-0.423637492682885	0.522433695906942
-0.445110519334407	0.704077498007519
-0.458389233710572	0.760327703724546
0.0746828453971044	0.0869656296462461
0.0246993131292764	0.0255395499518457
0.603706046846391	0.824621949812898
0.762208273323701	0.733911734278597
-0.443678572044798	0.485457869474262
-0.834913118616513	1.22126768950544
0.0983529681793818	0.112618879496196
-0.206796074432593	0.276855102771097
-0.490529258835645	0.831792536334813
-0.35202634718516	0.4622296209157
-0.220662682365151	0.285187008328081
-0.0401450339732045	0.0452872928158291
0.394647051630697	0.560112084480315
-0.567897864763467	0.992553020578498
-0.470658152137859	0.83444051239481
-0.766420026000171	1.63719275451954
-0.215046451114497	0.26810456708441
-0.0710761793996043	0.0803924989388514
-0.00883713400975504	0.0101868863229972
-0.873982450502809	1.97065614857236
-0.558998118776324	0.850829598388656
-0.52614700545786	1.05625619400456
0.310380812919173	0.447165333833121
0.201692522861035	0.169684121961161
-0.556148519359151	1.02224249805074
-0.668049996257359	1.21223135266945
0.251393863550102	0.378852183432019
-0.449797693468114	0.668949975014879
-0.945950397361895	2.19863832082579
0.219785328571724	0.308628212202733
-0.444202404388259	0.749161829052508
0.345651936926333	0.450729229812175
-0.122614311941528	0.13522018452302
0.0399135235719578	0.0359132035063432
-0.517317524709187	0.759221815189229
-0.0417596730954262	0.0472138474514656
-1.04139472615062	2.44029987176868
0.0955180077247217	0.103609968248229
0.012072337238509	0.011992200651342
-0.83113061770362	1.3165952974933
-0.0911350279920332	0.0776179698587822
0.166251702936024	0.181859592422966
0.219995811903108	0.307270135190164
0.205534728590489	0.166828128700703
-0.209233273613314	0.274115703328859
-0.130653380533947	0.160012663963399
-0.669716165309884	1.14434269255895
-0.831709926908354	1.25842473959331
-0.438846313791616	0.647742493694318
-0.436370719220664	0.688386286744363
-0.185378749820945	0.218852235835996
-0.133856562063329	0.15645810963926
-0.261524840532455	0.332783809897126
-0.0121901102712174	0.0136941700142276
0.179818202373296	0.228057679115436
0.0876259152721403	0.076783245187531
0.451980474081464	0.359188943167139
-0.671586477834707	0.495255704172538
0.141774577790923	0.132736012568476
-0.100921617206898	0.09692083224267
0.644896305278678	0.494410086043052
-0.107270591486919	0.0932966231691493
-0.402083327336157	0.471839928902308
0.619307141297207	0.648792868229381
0.544506690817159	0.472319821735609
0.506996918908395	0.612018020166481
0.0890166052570157	0.07853761941651
0.42090201075779	0.346318743808325
0.0920191731066127	0.0519637412656984
-0.177456414367191	0.197299440455381
-0.0343678044161346	0.065033923032421
-0.508920205737523	0.974648801301588
0.378331680213928	0.340321126038165
1.269706788351	1.06835339511561
-0.726068854827372	0.838945400045241
0.036054381720152	0.035483594101643
-0.379195290711178	0.604989169885357
0.1168819410935	0.079948782371208
0.336777724558617	0.408879341786039
0.569196422596338	0.54859671925697
0.296430076255488	0.247722258466294
0.251868897117106	0.296309172980931
-0.273283686621226	0.277845769916094
0.336046546716754	0.389980470648302
0.203104480902077	0.155145294437706
0.640068576415516	0.489016512470438
1.31560610102923	0.946265619662425
0.296742015721813	0.239576018566977
0.0936941210990929	0.0585037785987208
0.464753310121474	0.432907326570881
-0.120543488984189	0.0582801174052576
0.646227167796091	0.893612010893964
0.141273009257252	0.203511743543993
0.643877416442087	0.664949439312379
0.255145631924196	0.274290069334855
0.880246553044161	0.985886650357696
-0.418101520691338	0.254954725169659
-0.203734478024655	0.145572689538074
0.221615582918309	0.131940759407836
0.708855873091951	0.606199791166876
0.563385300193886	0.787987789611888
1.12841814983929	2.0592876272951
-0.663547006692084	0.900429601681742
0.216492535807274	0.149833387735571
-0.0315120583948192	0.018429166863605
0.201151335052926	0.160044538647761
0.0580251812259851	0.0447810307187416
0.0427736966019739	0.0309967546111687
-0.472705076313478	0.483145621046302
-0.559323165783701	0.806101034879611
-0.273357813282069	0.491264694982832
-0.0442350555332919	0.0592704788376939
-0.224206906947464	0.41801643772496
0.00414647102729746	0.00525531436671436
-0.133341102746081	0.208952458309597
-0.0723104156050321	0.0970744405738943
-0.51535236762001	1.19773325932277
0.272585151338514	0.406035821219632
0.0207654762942182	0.0270663721095204
-0.0623212466987092	0.0781912422267137
0.0842149589974904	0.123131728031199
-0.196685359070519	0.309272391332509
-0.116389529238275	0.161366124870376
-0.223021564514574	0.297952983127451
0.603004534977513	0.809451939340577
-0.0684113010937423	0.0725629448520322
-0.260195434808506	0.467927875629434
-0.494957791361697	1.11107249073223
-0.0456366780328955	0.0592785652331683
-0.373688501331381	0.82461887141966
-0.415308725898941	0.971610406221956
-0.685757736747814	1.81853065986406
0.0978161332499981	0.0917778973665859
0.0879396720029571	0.106503302833844
0.217228511585027	0.275786584714841
-0.491214259605311	0.955302169843687
-0.0406953806289625	0.0412295859253121
-0.0412826768470024	0.0333525667700981
-0.554944462646264	0.477551787500334
0.403935974644311	0.343752526512872
0.489538363518224	0.750914159473991
-0.00680403251442198	0.0074519511217724
0.138146192231272	0.182957268083435
-0.47819609324631	0.852157110422426
0.263007630361098	0.375778278612825
-0.0845888258811756	0.101122052311595
-0.0541363958283015	0.0687375234863637
-0.0417268069711439	0.0537830401499792
-0.699143047383154	1.58571979969158
-0.0837602150255048	0.112113916837932
0.235399630362797	0.366888300578257
-0.271854574558283	0.396312387775318
0.139512803167845	0.199266548749071
-0.374504364720303	0.689014390394345
-0.0767113790926165	0.10677612208937
-0.467604704537882	0.809560751912343
-0.356329561580564	0.696622963348271
-0.133893368918867	0.158571817261201
0.422296361036468	0.348539870449354
-0.144997273487027	0.143376077140573
-0.933098013079187	1.96424374598834
0.176357547785423	0.254710266042004
0.459045352824231	0.970463759799779
-0.147562402407397	0.206279437099829
-0.170923633875404	0.241940087151061
-0.341747150663691	0.620205769512684
-0.00935998974969705	0.0102604061709912
0.268262452700516	0.421912718589723
-0.343616159583396	0.497983739347634
-0.101066260265304	0.133521199220912
-0.285971688174273	0.480499655569471
0.160506953577504	0.213651341119961
-0.850016245327584	1.78095201956159
-0.066293562460088	0.0649938192757846
-0.835616659060006	1.32755327963763
0.259559922873708	0.274913906283021
-0.128115401085894	0.119410420200952
-0.0909149068478616	0.121749207773784
-0.294817643871055	0.407190567732731
-0.0773852151351129	0.0959131684265052
0.0419189481637663	0.0483173783348242
0.545670731867427	0.471901921733148
-0.0240741006378173	0.0287092657784839
-0.376905017569917	0.704171079078418
0.580779908917253	1.11005201145464
0.244869498061665	0.364178489562344
-0.0429111812395604	0.052097885711754
-0.0157048308474808	0.0188324769793682
-0.0418449165113619	0.0489953345406683
-0.58931179361676	0.928615771446202
-0.487497923799319	0.777460724354254
0.211052832585955	0.296650101837122
-0.193792370926959	0.202319449350989
-0.570425399296877	0.301927507751539
-0.989702822174065	0.82304773053233
0.0686985647026612	0.0560607417055766
-0.0464232185724869	0.0383306896348618
0.220376924538682	0.13117938207758
0.884940379643596	1.16542958339198
0.513234650492511	0.614592532800609
0.0966036960482979	0.0606923963991348
0.673796056962724	0.604411308289331
0.233826677084348	0.130835288564366
-0.191042824346818	0.184905689105896
0.672241419252896	0.771195899869271
-0.150078706931476	0.170457284854141
-0.0707031291858397	0.07540794187553
0.200271555792779	0.186929215491049
0.000110401321046087	0.0000600340067574682
1.21978547168775	1.74430461786104
0.241376561113402	0.593406481824454
-0.00218694959646577	0.0033684553118954
0.0813555204276452	0.0837278666382233
0.904712642823554	0.686447339950456
-1.0504209973135	0.604307873789799
0.945999370447255	0.808908975402744
0.240758343603106	0.289420937908993
0.0906535582101334	0.102219091363733
0.364917504743158	0.242766969957501
0.0496407528408427	0.0359560692120072
0.204793665966521	0.1460450184819
0.404889823232784	0.565671000611087
0.577339411165884	0.561212246047736
0.204996151625563	0.190262159238385
0.324506396459107	0.34017875675086
0.0991626080679587	0.0627463401775987
0.0177224472489588	0.0140616852973579
0.377326068838167	0.23379329703396
0.383517047236219	0.240799720057949
-0.170513168527727	0.0688028784763814
-0.102029586064315	0.0669074992974996
0.647511916871674	0.495906163098316
-0.52429720431043	0.403648265600093
0.630801884581567	0.192251104781669
0.270214678378561	0.241013744782464
-0.162076752156214	0.173691698162297
-0.0637081936830735	0.05151136970308
0.765498187012919	0.913974513929367
0.696737209821402	0.501637050867512
0.274503782366361	0.130363254249129
0.874670555287689	0.556682902827634
-0.467334009504446	0.198694176976462
0.423321290273675	0.248114176624211
0.695007407065429	1.0734764007382
0.438355958539713	0.515943196930255
0.285298974500219	0.375216328965579
0.576777906751063	0.63979983951227
-1.3370567399332	1.23775420427727
-0.314638751255475	0.208797869617966
0.215833758107715	0.155345663897404
-0.0298439929032918	0.0175452677739433
-0.476868936198694	0.490142068838116
-0.498450512366423	0.542408818520021
-0.251412915729598	0.404916968199415
-0.494928126710423	1.05871427943388
-0.246895573219607	0.436056172100882
0.064384944890256	0.0869888304500727
-0.132071657257492	0.205728889114076
-0.0189881259328356	0.0230846895211722
-0.0493436568208551	0.0610577155441898
0.0454140860173543	0.0551352744877154
-0.650032840740009	1.50211421977279
-0.286006182295968	0.463291426311759
-0.538803135527397	1.16518473774082
-0.0431255941528791	0.0524507414427511
-0.0651142579677977	0.0701282595127834
-0.0905547818785256	0.0922917011972333
0.423865632983401	0.433363075547483
0.00407122872062099	0.0036668922591644
0.313510704061101	0.533281855757597
-0.377779631551062	0.789718587703015
-0.292429170063659	0.561866460215973
-0.175873533773707	0.277386773380209
-0.421565553252336	0.947854604330094
-0.289044553710946	0.452166419653007
1.10486782794785	1.45981416621487
0.116742433000865	0.117097595745384
0.126147143295262	0.13891000658293
-0.00222565630313002	0.00218834459223909
0.0254487567605119	0.0213753074791653
0.498617294640383	0.455407547697702
0.0813735248892388	0.0462755851438309
0.312546927452407	0.245710540596172
-0.039155781032409	0.0317766819763407
-0.0874377173724157	0.0977738513084765
0.0583435645949262	0.0641907284596237
0.280055925296398	0.374869216318356
0.837365471562474	1.77559308360307
-0.683314334151159	1.30162016638447
0.239888220552337	0.33126438359393
-0.245505905316963	0.364096075043574
0.156870234147499	0.224952771025741
0.224462004089005	0.346749372537115
-0.24536724001301	0.38653899779969
-0.464014539025349	0.786835245611417
0.292107922498772	0.516081469026981
-0.256242540991197	0.396678308202263
0.255643224269821	0.404890981331064
-0.000672821048323083	0.000757812158148321
-0.034487330008302	0.0446846027491292
0.263256923526932	0.341577415997731
1.16139884795716	1.39120227605577
0.371745633660579	0.508506875419456
-0.702621072182967	1.12943425166438
-0.670408790388524	1.26581515365272
-0.126118542939475	0.174662830763529
-0.193860471914778	0.280060808143267
-0.193397649670116	0.250165763195193
0.145935733959585	0.229619672202549
-0.572041940038742	1.1884294385429
0.218450569894127	0.344650229229757
-0.347832945244023	0.574933778368592
-0.249073569141136	0.350778106650905
0.0400841301287553	0.0493699415840494
0.172429787829118	0.217886006418189
-0.0798514394753444	0.0889998205404181
-0.0315021571021003	0.0230402616677445
-0.0310422693940846	0.0251765566855995
-0.579959806925503	0.541110769238553
-0.382770642343871	0.373224712186168
-0.119886494946204	0.142927292957555
-0.12707636242837	0.170555989602961
0.205642769726869	0.233547930469091
-0.127226140728108	0.167042650969541
-0.202429478584298	0.271833967793037
0.388276575886267	0.601236181770469
0.0274692334256375	0.0273322649469347
0.0983405032201667	0.0590942923937077
-0.119229116327215	0.161396698523132
-0.488234532398847	0.784595755316848
-0.189622445135057	0.277401784002843
-0.215158576057786	0.323337023598889
-0.382376368160083	0.586663207311099
-0.187896925169187	0.197799792931951
-0.196736279047973	0.160217232866182
-0.137927583528277	0.155887496617935
0.252844266644447	0.298378829923464
0.21075054519857	0.173403163268386
0.0701878216149851	0.0259399817102988
0.616120668545876	0.372483218598355
-0.679102799656908	0.753370998298895
-0.098029161943463	0.0773334505183929
-0.387957262558291	0.180133908719809
0.133850642677711	0.107015429737738
0.0995639893936701	0.0971701988324448
0.939464652921792	0.807926415394035
0.280086379462994	0.133182731520612
0.112384549060764	0.0738519625392388
0.458876106497206	0.351314923672465
0.387414131140137	0.242801833444044
0.939435318789204	0.246610398890443
0.459290127841087	0.160382766218069
0.943073342065061	0.825662731783109
0.366306995282253	0.333911958374853
-0.589965702801019	0.452134445375345
0.382854260363766	0.422631661777069
-0.396218242181868	0.489080667026413
-0.622380347914706	0.52348195834989
0.758827019782024	0.813366058104079
1.24289855321307	1.47135610288221
0.436225416780659	0.438789164841412
0.325715956653021	0.323515343507416
0.133397974345039	0.318060195289113
0.1277366797113	0.269707847717827
-0.226699506733414	0.500829678751853
-0.619666227399622	0.897777655628094
0.0272282630275497	0.0189650535673141
-0.482230845455002	0.340355627185106
0.225228438876505	0.13483309882472
-0.0369039596009518	0.0344338004944251
0.0860154835570156	0.0972036081448069
0.219420815968609	0.158253463447308
0.599796194554251	0.725756599707281
0.449409332477582	0.33579610087598
0.788328679664268	1.16671645560556
0.7739193547788	1.31343869339873
0.273004737246761	0.25909088376605
-0.239771067136331	0.210298090973251
0.216917793374826	0.144468989343634
0.0776169489046805	0.043774312754991
0.45346107967203	0.240964929127524
-0.480353418907447	0.336997573012356
-0.117014538472504	0.0562424952272666
0.316652626915114	0.240099532694036
0.0760796947184816	0.0371780328946634
0.19987595847714	0.173145889556062
0.364421114373832	0.495779390261623
-0.276912453134397	0.262870966367042
0.68455221293564	0.760847846195055
-0.282191284065177	0.153246284559015
1.31483277905797	0.956527832782155
-0.0642400771005998	0.0346600074315722
0.462915245223933	0.251099495296986
0.683669091199301	0.862214505310672
0.0539433913243965	0.0414086766266201
0.123208596079093	0.1006676742292
0.235775799602688	0.306310630514744
0.34993391613499	0.343783218108625
0.568662657327824	1.07613519640924
-0.0803962369781427	0.0553260344302473
-0.515984792688174	0.402951976666633
-0.165296419781347	0.261764104029657
-0.0203748725608599	0.0279510716809215
0.454788588946641	1.0444554223367
0.225483638969429	0.397033881281279
0.0972705711805578	0.132211865177678
-0.121972120330321	0.177728230706773
0.151468061126617	0.213863492826567
-0.44790075170447	0.851650922247726
-0.193977309961983	0.298174557054324
0.112787573503	0.167743477326809
-0.329117812857107	0.526362933980146
0.492236047616838	0.891623681976466
-0.916660642582514	1.49408792691282
0.202442254144592	0.181692925311964
0.751071513511613	1.2195706641544
-0.536248924062621	1.1124683896811
-0.00357927909651473	0.00481054511616769
-0.186434044515661	0.292684176688497
-0.192137017573214	0.351187222740611
-0.291015827597873	0.526336033315366
-0.435314664825467	0.82861938303044
0.0430460650074855	0.0372478401016191
-0.569435687252927	0.853445628595466
0.513843460434843	0.760025285682595
0.354825852173186	0.522061379985995
-0.213601035779328	0.206673256563208
-0.0955170334558735	0.073870524698156
0.874536571794693	0.797455546105187
-0.707301215611613	0.68618640536453
-0.676627164611464	0.753020700712732
-0.613694438746915	0.995269027935125
0.592065622994414	1.20239336191402
0.283284869574923	0.398815897645095
0.54177000466995	0.941363833755058
0.133395852982024	0.15663721592009
-0.404483678035108	0.639734568592164
0.112932479406802	0.160412609274572
-0.0678709009524501	0.0881033709665235
-0.598603695748231	1.42102035289729
-0.187775951616016	0.277954262742097
0.0315367382284002	0.0339919415564341
0.529022055499038	1.20440174554198
-0.0533838724619378	0.0687706351861088
-0.336023082228225	0.631167608414585
-0.0362042933987834	0.0419986170606587
-0.0140274479124427	0.0163731408699742
0.301911506914768	0.445349345664496
1.43400507734705	2.06815826542633
0.658336810102615	1.0674892890307
-0.265024836011538	0.325021822272418
-0.39846760681367	0.67411112902503
-0.141180350956613	0.20346188261482
-0.412793073921506	0.788682103791564
0.244407413176464	0.3907175605612
-0.370835654927362	0.751607215004508
-0.317517765004726	0.453298596876295
-0.147980398789782	0.219783282381147
0.507259350990256	0.998613137396961
0.147526217000948	0.199830144173364
0.25923723886242	0.379806446030064
0.0867019726570478	0.104015835401792
0.343626490409736	0.515378212654771
-0.046080626123451	0.0378037183950332
-0.10419890185529	0.0903655618029467
-0.0289699419193317	0.0212100855348501
-0.0322002461124778	0.0265388271588041
0.246250106708159	0.308640813216958
-0.0762187617178177	0.0940028917282904
0.145912309776691	0.186521393267412
-0.158172848834474	0.195601607547062
0.338748633546706	0.445619766304495
0.181555026914417	0.234867266415823
-0.185710046835048	0.230834557847815
0.864071794085441	1.56535425895114
-0.346406927133474	0.540621749181705
-0.168162224087672	0.243451830735668
-0.260899595745352	0.428365952856346
-0.282879399211722	0.347071716416654
0.146763040753936	0.140233545476679
0.0744777372861628	0.0860766511290798
0.627302830607734	1.05408280483668
0.0319689434171514	0.0216622286264007
-0.217500003936512	0.0795596754161882
-3.08716456321314	0.953073801543469
0.305624075820411	0.239311484705785
-0.803747197728427	1.03620481267973
-0.861568125843609	0.473339466372036
0.496218240482472	0.451619726009258
1.80133838111965	1.81400174359984
0.20314414116522	0.156474001609605
-0.422313925380363	0.37976811159622
0.324466760812789	0.139800965814163
0.570016269695952	0.476821615457134
1.19840983679436	0.633171820923993
0.100542205310562	0.0293103472403775
0.0690220459803635	0.0283406372769482
1.68764972679325	1.24373879261551
-0.633882227579032	0.569388447221887
0.518371050247989	0.461915789609228
-0.381234767805242	0.425837502479359
0.771981550123525	1.31406586026612
-0.216080687590276	0.191472316677157
0.212545696676863	0.164174572946398
0.520502255165788	0.3618908439002
0.56903527815677	0.620657417902225
-0.123471886810643	0.106027383875363
0.384411199501233	0.331521945306058
0.827602587001707	0.655703775202422
0.183478283250331	0.490959074001595
0.167503222114538	0.352213557127903
0.212856338713354	0.45937853637314
0.403257524167005	0.574445356726998
-0.00202933532907409	0.00131823668231872
0.633927185125757	0.383565075778249
-0.488955984355909	0.341443633693359
-0.0529361570630915	0.052431854792974
0.430608047280601	0.564841797519529
-0.138038431723574	0.0891083706538406
-0.0707660439088715	0.0564296682885626
0.468268710200959	0.435781994524096
0.699755830924915	1.10665514675628
0.221859493133518	0.140747413857101
0.044566628458584	0.0322656486867989
0.211136454617622	0.214609775519492
0.0512795846009141	0.0380868302887854
0.0720510011479116	0.0376885268653946
0.624196749969553	0.384308600063932
0.311992031941167	0.13421956797353
0.0721010247439245	0.0353829537534021
0.497528049669623	0.363512198747971
-0.115899099966781	0.0564569485105296
-0.145401599588266	0.0648914426818067
-0.0932127506048041	0.0815021527564048
0.291661299177759	0.344057497009849
0.210774761088089	0.163472864105537
0.680983282147889	0.846217939275526
0.303646519617377	0.243772860573843
0.0797257946755916	0.0424594523306051
2.16398413663913	2.20444854827973
0.842248740623685	1.21024314303609
0.425780726238755	0.425594938261703
0.213102683346245	0.170206384917945
0.4297936423328	0.602901590787079
-0.410533749509767	0.397478202175512
0.0746506960863774	0.0852505802208604
0.426827765843051	0.428656767013266
-0.116578011832812	0.0771728800097155
-0.522420510486397	1.18463510832698
-0.19826558786794	0.331756011651678
-0.631471458843771	1.30466087267511
-0.388039510568463	0.818336061538915
-0.0119681756268005	0.0147440080086891
0.024424258778699	0.0299746466487436
0.0233771560172867	0.0256043506819655
-0.344264551325278	0.61988309432679
-0.491867243580662	0.957636509712413
0.0525759933221874	0.0675821147416452
0.0143084085666414	0.0170003711044884
-0.123872190409293	0.14212632778566
-0.0273241653839603	0.0250656120038291
-0.168406552749243	0.138153280558021
0.0586556220388235	0.0553829609554143
0.505520980441422	1.02916425732405
-0.570759578887662	1.34516567687543
-0.192175278607825	0.293199125955868
0.179640735700631	0.305314302917657
-0.640563811309639	1.51264115554209
-0.84077886135438	2.06284207697821
1.2418360159893	1.67575482510731
0.0450535386701294	0.0396557271216957
0.122609100731726	0.128355878606781
0.0435067696330671	0.0432842363453193
-0.422767619226217	0.458518360582155
0.296424730197913	0.255699995040122
0.24670199947579	0.127703010606633
-1.08896816528784	0.980112882477417
-0.21555398907761	0.208579515178764
0.596807324953129	0.954032803174851
0.175526706675313	0.239520175273605
-0.406419493450828	0.558656320809414
-0.519812419059505	0.661181741918175
0.48881589309145	0.834122199761861
-0.364148293867544	0.577015363258991
0.128998025705714	0.168057684440776
0.00314263586006022	0.00369692079035806
0.0857951092011354	0.117046781429803
0.119542116743806	0.147730750298971
-0.440885698145268	0.789014701841927
0.0595771770446292	0.0792142832705277
0.222807175407084	0.334001327317983
0.28138205197683	0.459578708261313
-0.218451761066843	0.274868794606545
0.205915575034672	0.289603201055741
0.134887350745754	0.146881959373178
0.44843235476851	0.43934253692188
0.325508819560821	0.434281141724213
-0.0338586108178567	0.0312347066612631
-0.00299457999185743	0.00306760521108927
0.012782934743821	0.0148465465426831
-0.18331710992032	0.255960949025299
-0.310425298877048	0.469408546284575
-0.168514169884105	0.255800182159572
-0.391493817320265	0.685990117669343
-0.502846472367511	0.925497296171554
0.203969410773346	0.255218071757945
0.314465334205491	0.505954781424173
-0.0300535085949007	0.0326735509901326
-0.295758980233686	0.405956060672538
-0.117710377452729	0.134491796539237
0.0460128993576739	0.0358107848686761
-0.796232316820047	1.02559699525242
0.340751745522583	0.336222309659682
0.107594638623342	0.111311931901328
-0.301994795426116	0.489810929832213
-0.209063704760349	0.29163122237504
0.44192765302524	0.670132481497904
-0.155307516320042	0.198862257724055
0.000578337002705542	0.000807489739413391
-0.067365119114614	0.0752174486702672
-0.31513493935693	0.449550707469409
0.0100233124363309	0.0101388542012665
0.142494261219251	0.145832816568889
0.48302433724083	0.450494176184877
-0.588381405338418	0.448723262898911
0.784387520823494	0.527006602477868
0.392727765284323	0.35175108009414
0.200914158829457	0.168639079748011
1.70841942640761	0.921256455939763
0.0940420996143479	0.0566090278810428
1.35941903007716	1.40041403640568
0.555381805842691	0.557934374497787
-0.501990575535312	0.548947673639538
-0.421249276619493	0.254736550070729
0.818016308957329	0.772668269128987
1.42336872762447	0.463841960726504
-0.587572471934662	0.224440592698948
0.373514502534244	0.145732055908002
-0.566800077689577	0.301776922261101
0.907015465532772	0.907716722797893
-0.278447314072033	0.0909858814946256
0.0779255138829256	0.0654556494457472
0.259786388062198	0.323991744820931
0.204102164831341	0.183870941442258
-0.29386338041915	0.226408795892679
0.0652532903148723	0.0293158108178246
0.686096120063106	0.864887551343308
-0.257540018507867	0.224554647059946
0.114732467023389	0.0813603510767468
0.901363964435463	0.661392473580358
0.253803282639212	0.13217543817546
1.15859096838845	1.28796936652558
0.48476254912078	0.454365411875976
0.358171027129566	0.327891197653686
-0.0774682927972069	0.090369324945429
0.236182578990333	0.327808360885295
0.442049093662885	0.347778911608496
-0.205701981566559	0.216595953783105
0.432372625835685	0.443952514617698
0.193082199151292	0.236028666554435
0.485387553115367	0.353855835789336
0.0357490517491449	0.0301979919690141
0.650576241420568	1.07534002910731
0.435991594456366	0.522028568158019
0.208178383033034	0.14970369037118
0.986013687115195	1.04513157368818
1.27427685590087	1.08600742901065
0.867739443905886	0.780489963668498
0.123012723296662	0.096193122047162
0.304467151458449	0.246712538147686
0.212259376230527	0.132046728775209
0.150161765047559	0.151206319591928
0.789264819820601	1.80040825692888
0.0225124399359397	0.018479675876553
-0.130195298983103	0.121162498829907
0.362830903085952	0.330890915750899
0.698729431264342	0.510982186880198
0.495782939577418	0.612949347312413
0.19555613248809	0.205745066662652
0.743551750899967	1.13364767614776
0.485774110666458	1.12741898794609
0.31626318076075	0.452104751867319
-0.786321516965744	0.857967407617308
-0.788307949634952	0.695793022308499
-0.171156803942423	0.154410161843578
-0.0330914111314043	0.0479489223360375
-0.0527360337055746	0.0782462891570214
-0.157656750311247	0.2588988823868
0.219226200071441	0.389700739548344
-0.155662513030467	0.228510653617719
-0.229867235720078	0.341013761380644
-0.0490124226595611	0.0601597331820513
0.105039819975855	0.138334247183686
0.222710860597292	0.384106937681597
-0.15977936388148	0.278345642626156
-0.309755111315113	0.548416742547372
0.0207800579030905	0.0252694000425643
0.207933637535172	0.25980565675684
-0.208403873579536	0.215657285318745
0.551828811074152	0.929263056216293
0.0714221482520001	0.0970150462312465
-0.0235932621768979	0.031678454223812
-0.336888005978299	0.614334594076917
-0.469408170244701	1.01288746937045
0.0360995718995046	0.0505648176928036
0.0661437132795747	0.0896625718484238
0.040556169239377	0.0358594814326638
-0.0287630819132065	0.0311075891940195
0.0119928079289589	0.0131552226131082
-0.0676314089543506	0.0818102945212825
0.231028731129293	0.303151872430901
-0.0529642380473247	0.0439921127730392
-0.62613956020342	0.666713164644809
0.32678211870192	0.237626000900291
0.0912295466681981	0.0807124287268342
-0.0633285757851471	0.0717018138511164
-0.177159358197096	0.246053772555395
0.945412955259024	2.33042523021348
-0.0867046832826774	0.0895304784531983
0.171008485030457	0.207160532037517
-0.114462540072038	0.152393219105927
0.0182986382360657	0.0211084497812926
-0.25770304889235	0.388840001933353
0.121914329938963	0.172256168769547
-0.453379502816042	0.84844988302271
0.238719454019203	0.381458870912212
-0.466341918961562	0.852679499679467
0.359066997315173	0.650427994637018
-0.0363932965028218	0.0451936370396228
-0.137790949933486	0.17411207757013
-0.460802766919461	0.988047083101869
0.486797691843635	0.825940765480094
0.790978490306595	0.999439667577766
0.292849939411971	0.420736141699142
-0.21019721022279	0.246176387063365
0.301361462270337	0.496799163179446
0.139640837816805	0.206330428539613
-0.00615714245264622	0.00766441643906736
0.0288559632539937	0.035080981628662
-0.031079516545058	0.0364169480200148
-0.399275317222871	0.67321119932882
-0.353726294221722	0.591620960249458
-0.0317249789113977	0.0362298279680297
-0.12262862997962	0.16358151178256
0.0670205464414652	0.0849944690624855
-0.585687480954403	1.16660724684506
0.0312287406475028	0.0347655759250861
-0.14610620209549	0.146495013843796
-0.135804950531572	0.127163841871414
0.468706322151041	0.520299353843834
0.159333475970731	0.169429679020458
-0.0621122244559279	0.0826799362695542
0.011901903817296	0.0115119451462826
0.473253752472989	0.87725294358516
0.0156290560984677	0.0182075225596887
0.276350528426498	0.406206883409137
0.30799339261371	0.429782188195791
0.189088766842351	0.243017411976929
0.0307403902661838	0.0373718613612155
0.0897201385976258	0.0982344814520467
-0.122557811385444	0.167395858206644
-0.105316259468033	0.133332585738147
-0.225096726616816	0.34509399955513
-0.413284567489183	0.671708538730845
0.0234378495955833	0.0288478205478584
-0.784599409395419	1.54439354809175
-0.182986300965351	0.152486400517842
0.828684804153461	0.662101888496707
-0.267278016225744	0.144112762067767
0.336867166357812	0.329868179840927
0.217949107470696	0.156890356256154
0.379490356880984	0.409278387155459
0.455356996454017	0.51508302641938
0.120527801831027	0.0857045218716256
-0.213944312191501	0.191097898810675
0.111014464364664	0.0786723065404961
0.101502551367647	0.0689340538761861
-0.112228315257995	0.074158316482362
0.263456647706958	0.248233792654013
1.31199049080879	0.944942653546949
1.53345475604535	0.993670377994495
0.253002713040773	0.130807606850889
-0.231242577084251	0.133633606940665
0.255673582087605	0.269511666126201
-0.561430794050676	0.482181719128122
-0.196189844943789	0.231487069979718
0.0720395664770634	0.0799019936056719
0.139758603380386	0.12497997380683
0.199325926674708	0.176133540058815
0.685353462496249	0.701312713642091
-0.23653397946052	0.223940194314741
0.346548072093381	0.360440187148456
-0.0439549734736417	0.0362339544834141
1.39055342379016	1.29044204130167
0.238550099377068	0.133197374058591
0.526096267147334	0.465741397358339
0.200868500774247	0.211688259157505
-0.11037470930362	0.102704575138841
-0.0475606813976545	0.0604161400744519
0.525724520290629	1.36969572001345
0.698100006008281	1.23254129638536
0.292288892613051	0.461944204512921
0.438339325761558	0.650976362173428
0.10760754157865	0.15287457035601
0.580641350164837	1.23319888462936
-0.198948396243756	0.305239153716449
-0.226637671195685	0.232940927499525
0.0824501996840224	0.0986217074612463
0.815818014281	1.19404912347007
-0.0133797712987524	0.00792352660500088
1.83931298149975	3.16291840252231
0.481614308244653	0.535318104311769
-0.749266794540272	0.87656079389908
0.207069022023408	0.198505963290591
-0.179027490509906	0.13034168041311
0.0239513929233932	0.0248686800943776
0.280770973601442	0.474796857559969
0.38115288571372	0.522529513729332
0.0747594875675142	0.0806341757043932
0.527613523702098	0.752501275922621
0.279703100278916	0.24596396845131
0.35778965282004	0.322614447961635
0.500827942561269	0.840185262583876
-0.000948170684261616	0.000857163704662711
-0.127089900576506	0.171558059553217
-0.273557190137486	0.37833625361072
-0.363136551487384	0.555610936262714
0.280580824514267	0.383178777456524
-0.251176452344481	0.354504098141443
0.623187885723721	1.17398239454078
0.549614932685942	0.919647264059167
0.144980975419964	0.201250262421439
0.189895471124967	0.25713526095129
0.3054331330746	0.47830638010802
-0.155820779023423	0.197266924517561
0.326046968939219	0.545141409877864
0.386905846037718	0.622290487200569
0.185445735599669	0.275526046874222
-0.38378461456783	0.687948542928961
-0.520743079703507	0.911695994604019
-0.0824576237743605	0.115915624659644
-0.0219526667193894	0.0277232724624136
-0.0248266696365943	0.0318377887751792
-0.0247098631520252	0.0247860841731684
-0.357881596545336	0.55199093667883
-0.0338302076147697	0.0364044955267776
-0.0617986732931773	0.0653599420295876
0.00629012583420139	0.00685317275066775
0.289259074616241	0.368509804169087
0.731545876016404	1.09843248381901
0.64951517336175	1.12520176914184
0.383939614229452	0.516737750728721
0.363845545161039	0.591087358046995
0.319591452759045	0.506072831948289
0.287969457958331	0.447133089199702
-0.116560529253875	0.139692648024622
0.0726759095924536	0.0811462163569851
-0.284637394495768	0.418572459718127
-0.341060989177877	0.511716481499438
0.0969415277930914	0.12191424833164
-0.100787875104852	0.112339308036982
0.162046052934333	0.202987330714658
0.480376349781154	0.736949764649406
-0.113250259016657	0.126478223782846
0.400063189583266	0.682918879096451
-0.0387854157651919	0.0460274077441506
-0.159242477581009	0.171976932901025
-0.33906551089224	0.558663528355437
-0.0695364060187877	0.0793625449808622
0.373877674213106	0.486989632341641
-0.246287441207811	0.404501148139684
-0.864889837597451	2.05648810865474
-0.00800938396677353	0.00956900855509055
-0.0562671693996012	0.0668965022892182
-0.1606950539992	0.198275979648892
-0.0345615561788655	0.040312621418437
-0.143496746866747	0.184974287430374
-0.479800606525909	0.758209632701095
-0.938988613468555	1.88589280271146
-0.0686181874236095	0.0619380185378985
-0.672512773077141	1.12008351052973
-0.11857279642871	0.117644500493956
-0.193347027250272	0.230927795665484
-0.100945623738579	0.130899230889584
-0.0207734618001174	0.0208562240396263
-0.167822139907304	0.155790734940124
0.032337062773884	0.0318701612693054
-0.0745615985556534	0.0987857979678003
-0.174829481091062	0.206848341263005
-0.127875558087612	0.135794151485353
0.271642340586042	0.288375719209311
-0.241950774452623	0.246627457808185
0.139010476712903	0.127225215100099
-0.687791374898659	1.06086019035624
-0.0498082526421503	0.049740583159565
0.560613759485624	0.762767522345829
0.161638422511412	0.185173911516293
0.0717878447376109	0.058700304044828
-0.0398397489305361	0.0440220462718249
0.12615723460262	0.143201954526448
0.385173834415853	0.49636629661457
-0.237335757490396	0.306755683140107
0.143463068000106	0.134457459313561
0.274266918804631	0.372472766452971
-0.219165038611876	0.310508756527438
-0.274308107036344	0.398222142646665
-0.158464117606527	0.168321667869881
0.308161146485444	0.2421631391078
-0.409959960829613	0.395757707913146
0.352707062038482	0.428028217251753
0.251704950526103	0.302282987025685
1.0334784487327	1.37904811011701
-0.0582639800041986	0.0529961241791754
-0.21994517600599	0.213353755565831
0.109975323410717	0.077664373685705
0.271001021805776	0.250221499648797
-0.209481646564293	0.235427546011228
0.260113279326305	0.317988887512215
0.0891062855358558	0.0534873551585026
0.671328118322048	0.599889492544603
0.0272727743604988	0.0225030682881691
-0.137011911816577	0.103529726867836
0.106657445456641	0.119996363983605
-0.0321311735173611	0.0341904526504792
-0.667869950542556	0.912622442107918
0.106082825493281	0.0998510562254734
0.0927387618020096	0.0818612280662751
-0.272284556603035	0.279301297999863
-0.0235711063623	0.0200490542246467
0.596838405536463	0.715433732869934
0.272524449126025	0.567522977897844
0.04123853158513	0.0536115048794344
0.261961025034249	0.542405042948002
-0.0578867039659897	0.0821981947587425
0.22126004081997	0.385164162169554
-0.0882693634526517	0.118176476710527
0.0257204002312258	0.0327782865529435
0.188325175750151	0.29651996519169
0.285119362722339	0.52488961325712
-0.0571364120097672	0.0715548444891545
0.227676067147938	0.376618626807276
0.256123512890497	0.393324516063642
-0.122949480410767	0.162530487141647
0.304175746388154	0.444617836435301
0.238364381926822	0.331018518423217
0.283092446334005	0.364922305877901
-0.512916283497141	0.688939724037989
-0.737843669581383	1.22526139579279
-0.0245021710485901	0.0248754331644668
0.464023364627219	0.720489458692588
-0.348961792185603	0.59883819333738
0.178791794799347	0.262478030542739
0.497568961479764	0.896063590205426
0.429913915588853	0.78381190748432
0.233281625510162	0.306898825398267
-0.280806295525121	0.378242821393236
-0.138866625252591	0.15995727200971
0.259878508409399	0.356758194692708
0.472712929721801	0.985675937589363
0.550473518584426	0.637539798701294
0.53422529537334	0.608037870262215
0.26114391089345	0.251594719396857
-0.136243046617285	0.124927655595016
0.138333406283785	0.11502999344331
0.517714080560991	0.696174246720055
1.09253068473756	2.51672118350493
-0.191898634264639	0.214504959224445
-0.104776256784342	0.120690515502499
-0.362050146819713	0.656920481282425
-0.379266028425747	0.612600696857578
-0.0236811710815046	0.0224479087233086
-0.257261579974098	0.280841981837041
-0.075950313426281	0.0608409454122889
0.0115570665656102	0.0104608509114624
0.218685552148781	0.241613224747923
-0.126574368662154	0.163410283857679
-0.120260093729174	0.18656428944334
0.0681983141654271	0.076167532395807
-0.213142336064879	0.235676932331276
-0.157958880362477	0.191908818653814
-0.0490886906794732	0.0556151472294462
0.427879849464233	0.741047260358362
-0.140582368425247	0.214417228989836
0.0393224940365348	0.048506794948413
0.096792647962998	0.119390331984205
0.594625885443924	1.02991619516772
-0.0346714095357972	0.034950099166478
0.203208549694159	0.253630813314553
0.144970098692673	0.178265022227929
0.706135035295174	1.32848865851834
0.335160161978289	0.338811929939312
-1.17165448947691	1.93529313969564
-0.341208847813468	0.387311427975263
0.0861360484807741	0.0901652732975674
0.0438749121480618	0.0379412417954442
-1.20418638702918	1.56570439070985
0.970868658062306	1.41611150559261
-0.0396896970107743	0.0362147532247383
0.00189987323629073	0.00185003977950385
-0.194737879527023	0.205188107223332
0.0222512370633408	0.018700577847034
0.0769296012901406	0.0983825472359465
0.691583225351133	1.7991523752388
-0.139533865261439	0.181328203415142
-0.0500593476316993	0.0649057391205973
-0.0743434004227946	0.0816085303974016
-0.112110264202187	0.0976603737768901
0.0587297720576629	0.0453847565261452
0.0744186778446225	0.0878674148151323
0.332754844455917	0.336331882274369
-0.212792406466479	0.187641888913956
-0.161391150121951	0.100701767764785
1.15371495976643	1.39162839489271
-0.00318521263696011	0.00245242346517231
0.0664665470936847	0.0527308096764067
1.11978514858155	1.72506553634554
0.48874753474099	0.834790622611232
-0.00456916701454583	0.00500724165140083
0.192706101191501	0.291328944253686
0.0467606063460979	0.0531390209698378
0.0431891532273105	0.0531936558691225
0.359127582235569	0.328331162542348
-0.447843588569395	0.432083282175342
1.06320800874374	1.09351318393529
0.118866026277745	0.0876511240256277
0.205293060555223	0.145735616760122
-0.591212834885969	0.450260891132992
0.329139780319485	0.238312784409254
1.41527280211235	1.67750235792964
0.0472139168042204	0.0358627465930914
0.135227880069079	0.114793269078448
0.66180775840418	0.903081670250035
0.325258919698256	0.499629096916639
-0.0947300698764704	0.125679716995517
-0.421603097957971	0.625587781523911
0.0743335551629385	0.0648218667218461
-0.394475887728853	0.409446470625703
-0.534204805545758	0.499363724701005
-0.272199660655282	0.186329518878479
-0.273076872708024	0.257315508229034
0.119695945073088	0.0924650830658175
-0.016515423399096	0.0123133656252216
0.0180497033759178	0.0226700763361918
0.168296768924024	0.179736920925712
-0.0175519607769835	0.0163720968285619
-0.0436566975323793	0.0464665746659279
0.463785565185579	0.662621447325478
0.103283050348056	0.104770974127417
0.431699500165504	0.642059113599539
0.245302987664847	0.297994961606512
0.255236692535924	0.263863803477447
0.0231975793097741	0.0185445629253723
0.266307998956113	0.319139728153502
0.0553492398897213	0.0662695360626341
-0.0456902497700825	0.0419184790056662
0.470087870760127	0.523917790494592
-0.118669903000175	0.122222562549725
-0.135165482463104	0.154914745604072
0.15628847737074	0.165784847471261
-0.0750652468829044	0.0681267576312778
-0.376249487077324	0.465210709145896
0.465302833673442	0.594388475386868
-0.0532511617329178	0.0539592874497237
-0.0759023315151809	0.0610058518695135
0.0347703048959012	0.0311621619516206
0.337026464331654	0.445205156086809
-0.0930047795990306	0.125843179859737
0.237150867329784	0.424830590586675
-0.231373664897984	0.272398175330556
0.391667949226728	0.645389537195376
-0.398735388588895	0.493033165675342
-0.459866791643239	0.956877193727314
-0.166188103075469	0.255172238656107
-0.10376202957078	0.129659277583513
0.397301830628047	0.672230017781845
0.346493148839632	0.41006134886074
0.121764304381974	0.137801796510106
0.17602873704175	0.242380642648069
0.246667392016376	0.263531725300779
-0.736294538526734	0.759609691705358
0.553976755982599	0.550440182307317
-0.568681112027522	0.685563330896741
0.701875036576081	0.867863199451807
0.56456172089987	0.7626365702643
0.311942034145846	0.233765975921992
0.443563517111039	0.752425505841636
0.686514510416652	1.70142124743901
0.335081696236489	0.441977720551137
0.682743142964163	1.24828939350149
0.670125071977058	0.774717981587165
0.603733605641387	0.734018377952448
1.16524059306826	3.3622183419776
0.400347104587051	0.603795851824078
-0.139343507054523	0.167803696012564
-0.322786784195966	0.609361370199985
0.386392327483182	0.519667723519996
0.201608798158486	0.221399283445256
-0.139942627616883	0.169369239666259
-0.454627950233035	0.638571255835116
0.332602200508325	0.465072114957285
0.282279593251528	0.378762609122643
-0.121165638990631	0.132609525909451
0.0797753021430862	0.093058787692592
-0.080234790163334	0.0847414380583886
0.27210693040366	0.389681217625677
0.0515730610497234	0.0611229675853529
0.683196174175392	1.38939632052635
0.192763698475394	0.272497383634004
0.0337316293553486	0.0337590486591694
0.0126221260637809	0.0142239428564406
0.423583360978816	0.692382022521885
-0.177711507216981	0.239709552215303
-0.385435932711546	0.619544097773745
-0.183543283221208	0.229318342443171
-0.0987565954719632	0.104138656432194
0.0507360971792634	0.0505494155623891
-0.33382765291748	0.452081182705324
-0.369101634235564	0.440279675838075
0.487273791038132	0.602887302867542
0.251546966201696	0.2676848164673
0.643216263265974	1.25171089739195
-0.302478655753922	0.454288470068209
0.650498336333041	1.21355693496355
0.169319679505525	0.224505889416898
0.179903164564647	0.223027643077873
0.422163189587097	0.675942053147154
0.043573778877347	0.0449909769748915
-0.177425325884717	0.201336127250397
0.0943497378352343	0.0870989470796942
0.243331717580835	0.294787157619598
0.0964415617787331	0.0924934778467278
0.152438677340702	0.15068776881274
-0.406045053188988	0.487609754924048
-0.310304989605496	0.424838488394283
0.334087911331948	0.44034051769526
0.205102567982755	0.234160494308811
0.235121918325904	0.322276884643202
0.926629932349233	2.28957704314571
0.0209990374843903	0.0172122171159687
0.324179519351828	0.45010674203864
0.553459914476513	1.04501732217341
-0.421442260529809	0.797388083911868
0.0957700085801811	0.10195730192615
0.165562654598297	0.185275296029968
-0.462004759618189	0.840703521874906
0.555358784656945	0.968266215904772
0.183812651777007	0.189861200843767
0.70816335320798	1.11239990434709
-0.250905038478472	0.291477263323948
0.679037447354027	1.0854313017668
-0.346775055326738	0.384147911875958
0.376307909689448	0.500183702314536
0.158408043200884	0.173499097361455
0.146449327121451	0.145687007264862
0.0711333780587571	0.0601641532310703
0.0175660839803256	0.0147760258164828
0.209799784297783	0.22280370009139
0.115315674006444	0.120251205226402
0.359954167448774	0.430964657731641
0.362861697410808	0.406652525747507
0.31482087856334	0.352443704254105
0.348988143535929	0.432964290939831
0.460176680480113	0.680749993185194
0.538189191883825	0.760355925448363
-0.0719829915838504	0.0643525730404467
-0.0435086787617416	0.0389933842924992
0.357583255678202	0.485325935731295
0.968784685957997	2.27036818549191
-0.347656055856323	0.459207908435326
0.0800061579092221	0.0699312357959481
-0.12827234325742	0.120979168263546
-0.505363118613132	0.611910119311461
0.441425628262033	0.504307908508627
0.142088028132857	0.107888771715206
0.108144275522432	0.0765530884462809
0.341310151494244	0.332676577267978
-0.0775431310662621	0.0531738706906418
0.363570395330955	0.395969847490803
0.995701429036861	1.63528540734671
0.557838368398442	0.561346808314388
-0.336429531238135	0.282419944522723
0.181581147113411	0.221011818319039
0.61739391895516	0.278389945638731
0.22890298604589	0.127051790552761
0.52036979278423	0.360561791079226
1.62771582166621	2.65612288900084
-0.738045239049264	0.81381705776421
-0.0914564014441677	0.0994239569049741
0.0909170806616115	0.102141054259264
-0.101302394556371	0.102328577982665
-0.572084202462633	0.764064025067254
0.344024251904856	0.336286351130768
-0.370840393697185	0.461665435147374
0.255319212203739	0.291541805803068
-0.198581949501086	0.208242420502041
0.375200358339546	0.336579035541729
0.489225420327398	0.533085749756747
-0.0590417907177473	0.0722463356521972
0.106360154767652	0.149813988002339
-0.417544760527784	0.371542426813226
0.240048431246786	0.295431566823
0.438844754978965	0.432106126571178
0.051108346854264	0.0593317029983998
0.1052947626024	0.123470831425992
0.291199347979412	0.364386449327242
-0.0290145636156338	0.0295204045144717
0.849806757358851	1.31543773394781
0.199833454403666	0.194010379180651
0.106197016946614	0.130829586266395
0.325977145291507	0.333532410421762
0.946734434474003	0.828238018983605
0.456801965701937	0.246448744731292
-0.130688001575756	0.0826713757106491
1.48979815907241	1.45140994189438
0.462045761813256	0.525925170965208
0.253146595389928	0.131873540888108
0.354348159186361	0.431824786816008
0.619380944109666	1.26384874389982
0.323467827953993	0.349374831729766
0.495321857248131	0.734334793667862
0.0238530521256448	0.0160488755111674
0.875213906635714	0.555336738539019
1.08727490298583	1.33729242483259
0.114676179312864	0.123268324273789
0.504268310106855	0.685525440092984
-0.117053685643194	0.0898292835998794
-0.913821818360596	1.09512538033851
-0.939918936234806	1.69316596203157
-0.27867467470407	0.498740612123623
-0.264260006199745	0.436697759057689
0.209265320914488	0.308456503941709
0.0456459009954829	0.0562881376000524
-0.27044134540833	0.423543807555347
-0.281547402408031	0.410315524483525
-0.320860369715543	0.574491975676948
-0.357766650578944	0.585196474578622
0.206449647694617	0.293573270309623
0.0902471895634279	0.113204739201871
-0.100656296463007	0.110351789656491
-0.0992755865081445	0.0945807227859159
0.0329599402920314	0.0272066905703991
0.43297309323384	0.662459889466828
-0.230573086920253	0.334516559725946
0.00658291094412805	0.00806122259774021
0.112658893170197	0.156231949661374
0.310401038657654	0.531122290835792
-0.4135548192179	0.848408426086494
0.211819998458003	0.331557856246033
0.469264563105625	0.598509609563695
0.115604703833643	0.139772404037397
0.0830910470891709	0.0865643092933665
0.66043750696359	1.03623617638539
-0.261913438353049	0.269452790380933
-0.361036420235388	0.383664085662254
-0.308410699817344	0.262317813349905
-0.450604634709462	0.468513182270357
0.210254893249254	0.236427955488938
0.205992440357054	0.276052383664932
0.488462142741466	0.976560408883832
0.199090336334282	0.300884225618319
0.130071905048587	0.152583413376901
0.154483738755196	0.186701864517467
0.163552011303538	0.198470299711877
-0.522900393009374	0.854338601402157
0.345772755445463	0.547959131733239
-0.393727197817129	0.659769079155937
0.35399320415232	0.54993579807002
-0.419937439097148	0.675071785191564
0.201088140348698	0.310516089527364
0.129768282183885	0.158168441653125
0.0747442136897789	0.0882399247458859
-0.348263648180129	0.553098596973099
-0.269603231384282	0.407254138688646
0.0950928584938115	0.127764420218744
0.279760588215616	0.265581311556771
0.214170228417266	0.249660211436475
-0.0302365694354945	0.0304833859045651
0.0309827930115698	0.0326256068523982
-0.104144845644838	0.126399273583621
0.032875818512627	0.0372052196461708
-0.168282011174282	0.229148417554995
-0.479885310123962	0.827215515202728
-0.0256519857557741	0.0278628350974112
0.0889608298250212	0.10776294747781
-0.702564429715422	1.19778062578948
-0.316682221526123	0.438401852551939
0.412606850713233	0.68716640650428
0.368833008039389	0.426885308745349
0.0914207059774198	0.0975956715200927
-0.00150656995610747	0.00143234566687997
0.0663058948826492	0.0653566571179709
0.421943659125472	0.629578803386134
0.250754352742853	0.32557856840058
0.648291893628126	1.07581217540366
-0.183064188713197	0.180497784660841
0.0191309014424583	0.0175145315450169
0.247536686498558	0.31122187532454
0.447122614432462	0.599434837252471
0.488269025033281	0.730707485696164
0.12540661662748	0.1060418909081
0.0148882677618669	0.0138291103713696
0.176557422655665	0.215078303265273
0.269038163428037	0.369624327595417
-0.61037778570134	1.17911518220285
-0.14806558755547	0.158583817538615
0.240443680475802	0.304134801288268
0.234075141231517	0.335981595259954
0.498324392553375	0.673694963884179
0.290117533392836	0.240177503637578
0.0885016332299825	0.0529690109793808
0.211397606917824	0.145671130568195
0.571134417294375	0.478923887471227
-0.285481417581185	0.263064829129657
0.276646419150882	0.249183192301299
-0.969090314921749	0.891200068625152
0.0974000262073844	0.0638513068207266
3.22433807042966	2.6371581734243
2.04707609222451	1.3496322331143
0.61143651885153	0.273171069472404
0.126748287295741	0.0935395590029801
0.0335421857047034	0.0330533667547277
1.011785663699	1.5384199704157
0.870724372920154	0.782360373954606
0.365419411062742	0.43988770249818
-0.839384849873985	1.32764651560522
0.1130077250943	0.0746271782735347
0.280336722292147	0.133228146853929
0.259357277039937	0.25544873923782
0.476299023619203	0.933906775938591
0.146164949407599	0.215394329083063
0.0517900815734844	0.0371332212683198
0.522497823152313	0.767390120577526
-0.00895931948620126	0.00672697463736155
-0.0565840172342122	0.0566290321331937
-0.29450306428527	0.445231585725273
0.774956140815607	1.47379075517273
0.0772875191622714	0.0916141814157284
1.0693890001296	1.18545366355748
0.671172814537798	1.20983934811398
0.0259425255436498	0.0280436608031005
0.141089279041966	0.13203226671521
0.70998793168158	0.515890228291514
-0.417272193099955	0.254487014952985
0.476922606176361	0.44763479967543
0.758248710660756	0.624811690047772
0.932611759288427	1.01763663410249
-0.112953066905732	0.0736782136574075
1.06928613771878	2.4479265887493
0.476490862106737	1.00975940558832
0.209883330717152	0.209568606682829
0.582153007760389	0.803482476591025
0.0858432166588896	0.0511192680719628
0.51693643918458	0.834181347398893
-0.343688316341302	0.367508591153955
-0.301595895680729	0.253673499871397
0.148710131230609	0.137102013628072
0.0494000595210828	0.070966014855621
-0.702190626268198	1.75787689618269
-0.570229685613167	1.49717367550055
-0.331159637581523	0.552008126712448
-0.337034848627495	0.554711556783962
0.125220208443708	0.164316124547624
0.0437236794693062	0.0544824586870215
0.170527047720183	0.20669577313305
-0.175146441808736	0.232874204940994
0.34944733247737	0.58011487873972
0.0868708379176264	0.109416600288227
0.000277718405943116	0.000221900580028431
-0.113951198029549	0.147134351045764
-0.475849879652225	0.671102163249537
-0.166046572847652	0.204645983825945
-0.165085297466092	0.240042551221381
-0.421940568976604	0.89888245422615
-0.101199330772961	0.125423185207649
-0.375846675081508	0.744081896373526
-0.260400969863157	0.426811204211442
-0.276411015157423	0.430677430022516
0.376859402120955	0.419305372707351
-0.660539787344092	1.39790287249826
-0.124144474700387	0.147742585946282
-0.177536304994601	0.218279511793048
0.360194643369937	0.478886643805007
-0.385026517800273	0.350207097664054
1.59356354117291	2.37009395382901
-1.02522365179374	1.08954176530817
-0.232560182535418	0.257548977482964
0.214934950008806	0.261468483319368
-0.0123509160191767	0.0143160312384436
-0.0511356076752067	0.0600783044403757
0.0363976732521696	0.0387599365197164
-0.140152108223665	0.177961878581193
0.201524224967323	0.247818881043898
-0.373177323871843	0.635390692756663
0.33718670438046	0.542048030964316
0.122076278055207	0.137615249139364
0.102499673777618	0.120247131064191
-0.343014179695577	0.555891643620489
-0.0437913172945963	0.0496309489780361
-0.0552026509643699	0.0633282764615303
0.179375080286969	0.228531775994884
0.138612467102181	0.174188395199592
0.104544270014928	0.126542182907524
-0.0186868929454915	0.0188994074413616
1.23016121576223	1.78874810262825
0.4151616274922	0.572560237643648
0.101827148255977	0.0998086218366234
-0.215556985834823	0.309396712531259
0.0263866423756933	0.0297068303348488
-0.154288993346159	0.202382805540955
-0.372483738882941	0.601211470116536
0.0158649816289334	0.0176319918164263
-0.524024748530625	0.856937107358307
-0.175902478149967	0.222011447328836
0.210008100507036	0.247614066426651
0.110824589835727	0.138800426515697
-0.0343148602450559	0.0370375176765321
0.118703539517151	0.12896034777542
0.353350546195467	0.421471856429138
0.554653501539577	0.984355962638282
0.651103269958112	0.845981362522373
0.157953179323655	0.181398980153799
0.40609477208766	0.497533703945168
0.272264468678056	0.252090986169964
0.00295311423534872	0.00301744477799131
0.111250221812079	0.129381188425156
0.525203832966397	0.905646059162067
-0.0777436873941462	0.0777523675998038
0.28250628495782	0.363357524090727
-0.181874828713378	0.17871193740507
0.312480914335689	0.473984191555108
0.203276962595309	0.219707041367852
-0.262742261047425	0.266832964704785
0.939831959299848	0.817763628446781
1.1491550836144	1.03371099365203
0.359481507512	0.39956151992239
0.478518778820382	0.522043637788821
0.481210050651872	0.432232899217692
-0.106941560003503	0.101245559435497
0.767770230476796	1.0018933932025
0.0887467591704723	0.0502393879021556
0.0810068335418755	0.0454771132563035
0.0195706317888773	0.0184054688612744
0.329247021994302	0.338911557897158
1.02159846291588	1.19606520146016
0.739562943566008	1.38491743283847
0.0822426287971826	0.0721420406173943
0.34990210377465	0.335584409341494
0.680337116660466	0.855197856569357
0.245656128465022	0.35071818690188
0.229525597554048	0.385750678833639
-0.0547580721879248	0.0451643526993182
0.261707010757092	0.315220446991708
0.0864458303883347	0.07475987424428
-0.488830775447726	0.853290606323605
-0.397825354391078	0.758082081863747
-0.621107536171248	1.176237708625
-0.114126885257475	0.131273458134233
-0.928149542451524	1.05637018719224
0.279060145340911	0.376371880612036
0.238470188755222	0.287302184268233
0.122806990534833	0.159205898856906
0.278926163235703	0.358868790678364
0.487922307304805	0.593602043961407
1.11209816512065	1.46664789035736
0.380860536775386	0.236004311721709
-0.320328543004327	0.162894232670649
-0.488925152665166	0.460436090970463
0.684257912034214	0.697155434811418
-0.482402138255156	0.49391742771718
1.07352455169048	1.21597361368042
0.577304173283979	0.950837342244111
0.273208073828113	0.421848597682969
0.0535271052116559	0.0487798467222318
0.0393294561699985	0.0400960987553535
0.518028856147158	0.462986084030161
0.1148015726456	0.0754655828399513
0.411912603720703	0.240335228920344
-0.283388549788884	0.324160030076125
-0.552059968463287	1.39811041851483
-0.46809944141336	0.885792597404666
-0.458475730539753	0.802434176629165
-0.789862789587663	1.60592046442021
-0.545554493016572	0.823272469398749
0.0584147582825862	0.0616854961478108
-0.224304851291354	0.261730964629305
-0.199227290683577	0.273839924347469
-0.401839465466538	0.575224206166153
-0.0125645319365647	0.013873032565806
-0.0212849164619868	0.0229709607628503
-0.337121013213814	0.457932764667194
-0.344465056968953	0.431693049738881
-0.485324584539737	0.79305715308609
-0.372573717330274	0.61916494698845
-0.517361448066699	0.951112284680001
-0.347484576214302	0.610746681400165
-0.712924047009715	1.79207620688192
-0.257856691497878	0.349070095286276
0.118440044440364	0.118860025572914
-0.599283317523277	1.02857480050492
0.0319799824700518	0.0304251165568078
0.211161821774603	0.275923931546014
0.20040337132107	0.211044171052971
0.605711351123978	0.572259715584131
1.2317854755332	1.56967320934885
0.197162993305749	0.165379624198636
0.605936071816575	0.662704577230507
0.683365734619575	1.24853249238827
-0.633514348308827	1.0948362844583
0.0950082758415466	0.103007085098297
-0.0850843885186105	0.0910718708334967
-0.180681641078248	0.212848849777908
-0.289853398464726	0.372832418711028
-0.720780839641597	1.40211238915242
-0.752701277214696	1.39426568178559
-0.533228023352149	0.91827429118414
-0.245035286186181	0.28806755159663
0.00713359699137636	0.00710306500035848
-0.369559580223046	0.568568538868673
-0.146382805915826	0.167362180240024
0.0841640225727454	0.101252783766827
0.0925709779158091	0.09370345107105
-0.0255446530230647	0.029899693723324
-0.102583453947147	0.119799661995428
-0.314527707121628	0.287657206000754
-0.0582078501884368	0.0560994241457557
-0.555615955561893	0.957773405683453
-0.7314594721959	1.36950243722484
-0.0749061054691346	0.087848413753694
-0.478702205955762	0.729051256581181
-0.518127585474886	0.906519323464537
-0.598684680912341	1.10281335364211
-0.757005966143911	1.2475352771253
-0.232390120848971	0.258180586592505
0.00998877926520527	0.00911466035028224
-0.295862104749792	0.347145373172699
0.00691870069441931	0.00682829456823528
0.561027783549545	0.925950069824285
0.0587032018012808	0.0655102427801409
-0.115712255538742	0.117590392652024
0.365096847847399	0.416834302627043
0.0998739306588857	0.131706513868826
0.392067504498222	0.419165976998024
0.842877230990643	1.86987520024299
0.267095575289316	0.257557872189064
0.650220401656771	0.498914905676685
0.461689080669354	0.249829416274766
0.281939561844693	0.248855177727744
1.15461583095014	1.48825316224581
0.582408207035779	0.719172380410605
-0.0207572397706935	0.01728550823616
0.107389633152023	0.0705796336059443
0.769861133115909	0.820599402281612
0.0584744316084489	0.0553240466164075
0.0791229378597232	0.0629203566014343
0.183734719325091	0.304569304727278
0.412107844125256	0.930321690294134
0.0348919210292615	0.0487545482309274
0.0131269678805067	0.0157122449543093
-0.0199100183455449	0.0240792057785311
0.521531176345626	0.956547886672676
-0.0714682015469367	0.0902159508337542
0.292741685254967	0.49031398439683
0.137716198781545	0.193506951491391
0.11824625583798	0.138250988466215
-0.00717657649670328	0.00788060073107499
0.229825719643564	0.363254903166975
0.564383450718493	0.948677624777033
0.278058044671455	0.390127828758198
0.334111447056364	0.487874248060911
0.27712749726665	0.366157616203178
0.314112715986286	0.468598754516909
0.327018558908755	0.51816641369516
0.0902381879164005	0.108208353151691
0.00587085481214443	0.00569819574863227
0.583797385928845	0.857538342130306
0.240082063045089	0.29036762213751
0.586707131151619	0.866434095928688
0.348849315981594	0.518222335853632
0.496502175004324	0.879569550618001
0.506481235363132	0.772484032826899
0.0100773581026735	0.011444086911033
0.243052817147859	0.29380198727349
0.281743493408473	0.361985215104524
0.716650779142195	1.35433053415689
-0.200789054015795	0.158665184249487
-0.193980565702336	0.159487328157616
-0.046954222468757	0.033399616425382
-0.231395795574515	0.183869054667376
-0.248426591632142	0.21502472765562
-0.699214780830143	0.873656685359618
-0.657685474683972	0.985585017958764
-0.336149602717203	0.281602295135087
-0.896065059178733	1.30142393146528
0.334720443314241	0.488589507078033
0.14139960565079	0.195346704878173
-0.38475733385777	0.574714448843842
0.375700136223321	0.509869693931418
0.137927353274878	0.163046583895274
0.521198631114058	0.741817568570549
0.441340164391416	0.703293682444694
0.486495662602917	1.08863425798436
0.184439712015575	0.277294168584132
0.479024330653528	0.667673171492554
-0.621721486251186	0.896110700003783
-0.468180299102314	0.56752769589728
-0.00764297122350698	0.00653936942153427
-0.16436812812468	0.164637167225981
0.317224605776141	0.410847577520129
0.110041154937051	0.0754680888799499
0.204414492767849	0.167404843958986
-0.0831477937918396	0.0557118326857761
0.688552037550504	0.772167990733778
0.682700074500146	0.695204040388628
-0.386383278255609	0.349446895639402
0.288798344825071	0.248180163221671
-1.20702616481372	1.5776707065666
-0.506028784708305	0.612922246587564
-0.741630398280972	0.864977195058001
0.0391657469719764	0.0296065446379933
0.0651474013168402	0.067530349413837
-0.196435751112522	0.269333020239768
0.239446622976427	0.298443461268086
0.299895227160741	0.486351117441413
0.327515092957471	0.443662880136194
-0.235147405598153	0.164134850006507
0.117429042595781	0.080641020482324
0.579684205776156	0.71498025654528
-0.204051185916862	0.145633493945064
-0.469766825605377	0.371985332096539
-0.0531160479494339	0.0285451695888871
-1.02639266412255	0.632735237270067
-0.485531991106814	0.27895214716319
-0.448632276501792	0.430670978553815
1.04834349370797	0.987661568472509
0.291803515263214	0.348270445705517
-0.0395129579688343	0.044963198074286
0.168979571678337	0.208039779515617
0.648793622063628	1.1647700943298
0.358823671456182	0.429043984185755
0.14535516271717	0.130371111220804
0.0735945450130908	0.0614527609263849
0.56585429099004	0.71778852630456
0.632093661984221	1.04738261181792
0.194862954587888	0.171849946563275
1.22007747746853	1.75244706818669
0.222862175417882	0.237097876291881
0.12381363882315	0.170353119947345
0.0165193208158023	0.0196352522401648
-0.147160183842917	0.177866484618307
0.118823880969456	0.147670941008423
-0.0263087316424604	0.0271823735118031
0.717528988618483	1.48801060953296
0.389566484599951	0.691573682304293
0.269158317695414	0.393627807729465
0.343013846358345	0.511604898937379
0.32430216951926	0.456912883239302
0.21463008087716	0.22333636011116
0.480683355212907	0.640421825891652
0.250372394886394	0.310493035582804
0.151968044220618	0.146083251753679
-0.0659019138431546	0.0580344141288081
-0.387147847585562	0.406340735517629
-0.307518298979726	0.322412988891508
0.0111655336887505	0.011702036354664
-0.15570890126583	0.200208453587198
0.0670329501230292	0.0743011295063967
-0.27306910835862	0.345709322507256
0.0121896129250423	0.0112685483857521
-0.0861644475756972	0.0911009562909289
-0.38788961974718	0.597381563179668
-0.592827522913817	0.933929584289256
0.122092184255135	0.141341641239208
0.368695962528412	0.475519256096099
0.392496978190876	0.498221669844561
0.253419874356382	0.27788953106025
-0.38374928941408	0.533282008338085
1.08578421458991	1.90531445677617
0.25995808462119	0.250547158841065
0.438484418534488	0.428197021468637
0.3608475145194	0.340638496272991
0.790328808743413	1.00766021988572
0.584445168437926	0.716685862991396
0.205384282331174	0.183092684809416
0.530781108456949	0.604705364004134
-0.598455985094	0.6758814323199
0.381822465047776	0.497632950525744
0.206234411583402	0.201895601966086
0.12119935304276	0.123869640542436
0.66362622977662	0.912968212823936
0.116655938047247	0.115223721877021
-0.159158372829838	0.198377940886534
-0.156513755045299	0.190089872354145
0.076239141509426	0.0775887622048434
0.209216529890504	0.21782994218173
0.141067762552059	0.125350056342169
0.38382309378238	0.331834611524414
-0.00896721253413331	0.00831985278192584
0.855091911614587	0.886847428804709
0.462419568345918	0.355831763802695
-0.105645373525458	0.0693671922849827
0.297302630062642	0.238956100012842
0.666474798402496	0.593146720992408
0.215301534583417	0.156067096802261
-0.236018536386546	0.186796582614853
0.741338026247865	1.11865378032586
0.106866002158196	0.108836383120403
0.661165329464458	1.07692589806196
0.668556017075784	1.00863256014965
0.0246769554722459	0.0234143345986463
0.408998833076628	0.41850181131247
0.286925529849805	0.333163421066521
0.198796537330736	0.176162145760895
0.412337737372184	0.421139795437075
0.270533645352978	0.256508740074713
0.677491720600395	1.08495192092866
0.0750448291251771	0.0928577213152695
-0.253804550826586	0.312471556799646
-0.0423423468632249	0.0348640206498005
0.596032999654988	0.953751688078455
-0.0511971239886584	0.0419049521494863
0.51949833593528	0.751015088970374
0.299256765981686	0.37741856812872
0.31704585913002	0.354473391279336
0.428674684685657	0.406037617498086
0.197863803782721	0.183149085386853
0.402684716989255	0.420980437435008
0.139615993574388	0.12188721108187
0.0139306109483847	0.0111810226561108
-1.07695595908767	1.74374990282377
-0.694863456507876	1.04234767036756
0.632229303411754	1.015656030368
-0.282891669737582	0.286186017579945
0.0880380901145893	0.0822904608224747
0.198092789195112	0.16622857663036
-0.0714445287707503	0.0565752098247661
0.277190711517972	0.270530348786942
-0.440169586707843	0.484418248485377
0.259959956800731	0.250503788411752
0.0981486742492702	0.0886837372169415
0.126874743257336	0.106920653101911
0.328290164759627	0.360851044962631
-0.233098360184568	0.224095221024851
0.165560520936046	0.170273859141402
0.204917410301054	0.173532167527672
-0.558135330935031	0.477351954883208
1.31418685083361	0.953462145636906
-0.52230371254734	0.530388523972384
0.343779364405021	0.318105070705101
-0.0719304553330971	0.0493645756284846
-0.651767262306554	0.777597612945863
0.0288356465422459	0.0194959769920208
0.67532688197262	0.780337464403629
0.328913919193709	0.239737253340405
0.508903500652764	0.532752148987695
0.140285534942276	0.122824862126188
-0.100703682983722	0.0782953212597005
0.374364282704636	0.41074722394874
0.73864456504315	0.974949258254617
-0.650829974400552	0.812472980951258
0.0171892485842626	0.0111200355078425
-0.0423587142071302	0.0237026903307659
-0.294076506964642	0.290006093294053
0.606456191066773	0.578393650956693
0.565800712506304	0.371846505406679
-0.0733836272343169	0.0505097832991283
0.437716834067415	0.347627134943915
0.953709091317738	1.21482113681388
0.726227482709915	0.624447431872732
0.414857903747173	0.337973004082419
1.07171645009502	1.19463259847331
0.605918973739227	0.887646804157461
0.451334314071931	0.443375847326045
0.729251240971386	1.06055159536597
0.72729832409165	0.881424060737856
0.129269032626779	0.104137542313976
0.795014971165537	1.01625644576387
0.279443877198985	0.462674117338627
-0.0342621752146568	0.0387233860481107
-0.246978184675194	0.482846007311759
0.13767263577982	0.229803448168303
0.0215143863166315	0.0242512933394039
0.324152048770479	0.604134751174492
0.0121678113001917	0.0133762784927283
-0.107253362542599	0.152369027048702
0.484662557162572	0.989382728701754
0.534759773907901	0.939343810265004
1.11949160401976	3.69405070031306
0.252670815347763	0.322548337123149
0.315708759083878	0.498321784296074
0.706291664593576	1.10816892836562
0.036617130398837	0.0317112676790134
0.668091400393294	0.768870774940929
0.102806779032431	0.0991147409009788
0.175503897977898	0.231423578822351
-0.443197883452926	0.641911480352278
-0.469053840721499	0.711157530044804
0.300502295574191	0.382026622504986
-0.212242613822782	0.234299762905527
-0.131051004626705	0.159987895455555
0.040264508254475	0.0404103258777539
-0.137572629676647	0.146138880125001
-0.291994942748065	0.354670965939852
0.205810638325672	0.249486350493617
0.123291482098869	0.148275217187016
-0.312889854954428	0.401752147645801
0.396818226795518	0.583312203484073
0.712662847559516	1.31056409477797
0.590437890044586	0.888439402889456
0.207411221666513	0.228211822569422
-0.176339940557614	0.175797312393248
-0.422132994582886	0.48928770999584
0.79137853110372	1.34078188476367
-0.0426165746664031	0.0384013478305581
0.486313173781175	0.532993735904866
-0.0902022283205434	0.0871456435016126
0.860280491321291	1.58644539224045
0.0816455060548418	0.08297187106633
-0.641822329113585	0.886070943097373
0.816147386705613	1.40333390789771
0.472171912052724	0.763516380765538
0.350465246211035	0.422914454014425
0.335855128175537	0.503048774537398
-0.136832698909084	0.175740568398912
0.405843874735987	0.579084855711948
0.131671946969617	0.125800938943559
0.14039867172085	0.128323938386747
0.52479543622088	0.714062324994775
0.341152738274876	0.435602156704308
0.473303761954572	0.508425700794837
-0.611491382066145	0.646249689517474
0.0636115685129975	0.0504665754908956
0.101323451485987	0.0933128378815368
0.191075272117858	0.260675567130261
0.246442991679651	0.279139605204686
-0.249608537762886	0.342098591411114
0.248452215473854	0.316417677279957
0.193489808450757	0.183189307988579
0.206715140834035	0.183328087956085
0.59619961330856	0.928867437909783
0.23290801021616	0.627721074007964
-0.058405139017143	0.0999967207653232
0.302132912176398	0.616674392097744
0.171065984755065	0.379583676193487
0.0970448561212381	0.155822488946888
-0.289412538875245	0.659493312499779
0.321192811756991	0.684753371358873
0.213080428757782	0.373469578213613
0.140412592858212	0.218046795921786
0.37759333744926	0.47675601068229
0.281553673954551	0.53321583945401
1.08708989740046	3.28105611837449
0.434463542109193	1.04672423990083
0.234493433643875	0.408769987333149
0.148528783050198	0.242375380973358
0.373301318941305	0.868901977960704
-0.165289487300636	0.207875238597892
-0.239731189017106	0.475231944280988
0.146658683588536	0.198830784173428
-0.0297908684529541	0.0327448751353938
-0.00485267539359879	0.0049596785257446
0.414810538865771	0.638236634003022
0.481153877217314	1.14968018029671
-0.0984998995748882	0.170060570363481
0.121436050566846	0.193123073011992
0.112207540778438	0.151887380162519
-0.55048092537213	0.733050936544778
0.0865256785271724	0.0738815389683747
0.255005160478679	0.280200392961255
-0.0697099181846166	0.0698918828739775
-0.356839071293082	0.449352793208947
0.287860906219328	0.235204402807769
0.769952093418366	0.647022506672923
0.218911702492777	0.164350459114121
-0.311713968368773	0.229603089755465
-0.320279152044957	0.161255833103915
0.328210472857689	0.239184270681107
1.07268172880526	1.10626074557699
-0.311413305842329	0.206954397034829
-0.149157909106831	0.109276886963018
-0.332176790735523	0.366958878800108
0.284436791908132	0.249184485436174
0.000353581342322853	0.000332227873514355
0.130685889010975	0.203501627334198
0.160444848794266	0.202564777938169
-0.656562018017333	1.48854883389216
0.650572641992382	1.07472681750317
-1.03774698461065	0.639093305142512
-1.04542329222128	0.6303802022502
-0.315249476661178	0.317166281024681
-0.00609014960129156	0.00373842876566659
0.25039225322187	0.128543426186762
0.211610599498734	0.132007778181792
0.71024450845699	0.401073348582544
-0.545247471913893	0.364630630563018
-0.0225578816484772	0.0188009934221128
0.0330260875571877	0.0421319051771788
0.246668627896301	0.375331579404244
0.0490571158395261	0.0683395661235299
0.169206124594312	0.238784717971978
0.772776947068562	1.17008476887586
0.246299980948581	0.272911426176508
0.25752984088655	0.254663758233555
-0.0601026712509302	0.0544587417521246
0.123592342319767	0.139290787877715
0.0161428484564818	0.0306836700140871
0.112476277053179	0.220627675995672
0.270282401485766	0.58066515512087
0.0618754063912185	0.119788560196287
0.124814159289225	0.21437360515765
0.366553064789682	0.991659828839768
-0.314782589428482	0.771230750454004
0.495236066753726	1.26315760212665
0.407215378494922	0.743549734885239
-0.135180945103877	0.155403231181714
0.344832018174161	0.785819532622868
0.348928930557419	0.462071536841845
0.192423315630211	0.36295511711635
0.069584602401058	0.103602458362285
0.0512466779297452	0.0851139231642617
0.0986927707222184	0.166395947521619
-0.207778378851805	0.149021098662098
0.10643384392944	0.10239625444858
-0.187399623258579	0.352239584213132
0.732087967526535	1.47395652550182
-0.179532995202173	0.190239381504955
0.334455480738914	0.425874732137463
0.262860398462151	0.371032911105104
-0.348714926676471	0.677058726747165
0.125618266079836	0.225721273549959
0.354147815837732	0.801289914320802
-0.37225664419163	0.583736077947251
-0.203790831259811	0.199174682577619
-0.572667757520453	0.689271417479372
-0.153736169689779	0.155253090489441
-0.141157165156903	0.141664148191904
0.0326086395208732	0.0285694551291047
-0.571579318846878	0.303595431424259
0.224498059505282	0.141008058576198
-0.573053035152543	0.301592689587432
-0.360790878881115	0.231305132090999
-0.312056336126558	0.207562541827471
0.533401334956393	0.260545592120657
-0.322586223672944	0.161772451432975
0.765743901608767	0.641358841429887
1.33108404948453	1.51450180185253
-1.26125881787289	1.70939702596456
0.600814408093115	0.480809244574359
-0.0792410961800516	0.0830076557876656
0.217763301925332	0.408155716963291
-0.458600307710085	0.757021546846217
0.21544545335863	0.308509707500991
0.489208631368691	0.60573682950146
0.823980962149599	0.651952400051882
0.276753099109172	0.131044871308626
0.0311908720555315	0.0250384600613723
-0.484266908237738	0.274101482209926
0.237289418257075	0.132628515045042
0.340111341936249	0.336331221245845
-0.02471404180891	0.0269596042723876
0.543328544014307	1.1472210282296
-0.147892155401481	0.209438618193424
0.274079716692926	0.409780102444202
0.264885803065118	0.275406495336836
0.767195753755424	0.645858710353933
0.629745436723557	0.584111773354104
0.199820964995976	0.168189219536397
0.320423772493199	0.44587439123682
0.631785585894344	0.58215444669018
0.45859861460932	0.437093489683973
-1.07639708870355	1.9218951280101
-0.629803301221062	0.948984694297311
0.334802311422135	0.538627932327106
0.318696336718063	0.733152535276012
0.298176093190917	0.70361461111444
-0.170445674291773	0.333844475000621
0.152325959014558	0.250718007189806
0.610163028205414	1.64972409873561
0.403861723366311	0.907485304302759
0.182165564978331	0.33212503975617
0.512910295388353	1.38586028831879
0.320149136501297	0.344140183624514
0.897992962967647	1.70617232085466
0.433710324898201	0.958535479744389
0.525550320180153	0.980639830889074
0.000760373240376444	0.00083139110689406
0.313412261188835	0.478099476007244
0.654164666000771	1.05987119052161
0.0723880335402288	0.0589167579018392
0.119945865324655	0.126919875515535
0.00202448799514784	0.00181874659285423
0.0688002202399236	0.0751273813020083
0.395722309947481	0.695439971247899
-0.0131792738519335	0.014459427932445
0.207228075395921	0.269758415407225
0.100926799848256	0.115741508793053
0.614060374816582	1.21865698668057
0.301619399898407	0.430215175922251
-0.336914526337867	0.465627284148546
0.354335604816119	0.577759431849935
0.532524448750655	0.834693118334008
0.253196202992704	0.294183370478911
0.1634681565041	0.197125207842438
0.451331671971211	0.776670875693504
0.57638244753805	0.923115954834344
-0.182019753601743	0.191091262480439
0.42880398905858	0.602232593765512
0.376780409533589	0.445034034847261
0.429104313331314	0.598883272234853
0.0397637586072157	0.0344059904132892
-0.293568330451052	0.357476267054668
0.288936694713141	0.343107369550855
-0.266896630479196	0.285330647537728
0.347068756456174	0.418840680098271
0.251101265729441	0.290455976073503
0.172463692053779	0.191459016477623
0.515097823951585	0.819524463122807
0.345465960272718	0.483215006672267
0.0548048942994459	0.0608151188532121
0.764262690059622	1.68013272645774
0.0672779271241707	0.0729622472098714
-0.210955424400035	0.282186233515312
-0.432584075398694	0.734210326619602
0.0285517321105984	0.02488605533404
0.15394200210378	0.148103303579374
-0.259413053301045	0.37976338371226
-0.363135140850947	0.452769649374588
0.37311038427107	0.334622855136082
0.585462056069447	1.07656184551901
0.328136848464307	0.422973174277052
0.901461940528468	1.53044854753316
-0.31724157487369	0.360138530656522
0.469131404465372	0.564298166076548
0.287356557084834	0.382240549310389
0.191600662662741	0.21147517465104
0.316736911865891	0.359939592637675
0.272623558220316	0.258964432036645
0.218631942736646	0.245200519674716
0.750417484194806	1.06891367385531
0.243051037779411	0.433291231670069
1.05284242333206	3.54151626225448
0.349671619317255	0.919794276867725
-0.0531163549115665	0.0930128385443449
0.592507242324714	1.40142584310985
0.0727245090447566	0.102974016133115
0.30724394536156	0.513798216596014
0.530327789902202	1.40494796905527
0.375561966746143	0.532911708971625
0.273066330473773	0.44721632327825
0.241921965102706	0.338119811034931
0.463546893779173	0.944255016551449
0.939190916732567	1.71719065102276
0.491542878531238	0.606884661763579
0.0808416404589377	0.0677638420197097
-0.046707614707919	0.0334701804325501
0.458162457570602	0.651484915191858
0.186911952883022	0.29737023754563
0.237451227616805	0.343805705351574
-0.143032659378352	0.188995641902033
-0.214458229466729	0.353159488475466
0.141622877553828	0.200192635374536
0.0983040372727209	0.127844377967472
-0.237036725934062	0.352867922042697
-0.301438106316407	0.462918769749994
0.352004117932204	0.599909816537912
0.0864733178019188	0.0956642994369483
0.274006964911032	0.336934693114811
0.223777923229118	0.294733818799055
-0.366621061583573	0.437550780325511
0.197422353773188	0.269900212887181
-0.129655307697942	0.165248345762867
0.0316836404967921	0.033768852737754
0.180800661036453	0.253026158406876
0.512612355672263	0.976538338522274
0.202288725884925	0.260585599235642
0.64949236468585	1.34721807723522
0.420297606682287	0.58354717891087
0.120666057160746	0.134349640274027
0.0623028880223125	0.0730175757780671
-0.285981557790982	0.38285761714618
0.515267684313137	0.759810072512022
0.612707573427605	0.950508620401381
0.417419493123421	0.648649319015967
0.364206476845368	0.616139375781105
0.371607671309977	0.488673490881612
-0.285598901060059	0.416871915033303
0.379837041567059	0.669704081055854
0.204727017940778	0.233937312464455
-0.231026844767355	0.308688077874788
0.444892705077744	0.864115869197315
0.114744654381346	0.151742727830278
0.152669886809808	0.158777152356785
-0.279482955225143	0.339065424421932
0.644596540137552	1.40898307496145
0.540493642900004	0.910687516256984
-0.135157413866388	0.13723940127022
-0.182188931467113	0.191754470781531
0.314540270372027	0.461732764070206
0.0666785399922771	0.0806749176868205
0.00411693011984803	0.00388941152460062
0.476904923343611	0.68465935410381
0.471548289359921	0.806739968294648
0.27860666484045	0.357043920367295
0.526893065956426	0.695905997488763
0.140250461444069	0.127918234593496
-0.477505339270342	0.451109275763147
0.265364060969862	0.257439939024762
0.0171689458490722	0.0139762766002933
0.453016671170166	0.677979199565164
0.397016409360591	0.821959630778306
1.04276345138509	3.51011753435555
0.171344875076918	0.344749080281238
-0.0612119038400619	0.100614392989378
0.137861769480507	0.168453471304901
0.699161765858772	1.78555460748885
0.628078449375434	1.46554929542815
0.260458339342917	0.497507765975982
0.815074343965743	1.10413181728093
0.681202339559367	0.854387255501892
1.07087264089224	1.68381745357654
0.300958805236588	0.370158462237158
0.209805099460526	0.17238699526262
0.342254245506178	0.500940042616388
0.726946857870962	1.63416141452782
-0.106674005808839	0.11018765188231
0.0657947997082566	0.0647929913565203
0.336503825723553	0.355400156610091
-0.409282549116807	0.392863643938935
0.262991700948665	0.255049584321659
0.426513573119669	0.352668400779185
0.607843195479784	0.659859042891756
0.248236687354829	0.329228443942665
-0.104628108939416	0.128139227316957
0.131561076369286	0.154221199534707
-0.448201775525397	0.838326136562887
-0.0350286167099368	0.0425015932083008
-0.698125484436707	1.48752370222859
0.0398264059062169	0.0395442388772122
0.420375956251536	0.657660407670862
-0.29622247050861	0.426423432522251
0.451842665237743	0.714722347069843
-0.0325795763568916	0.0333879443697814
0.316942657634329	0.35364079337496
0.777228595237852	1.17597419794254
0.455185603318219	0.526698924312442
-0.372350837253632	0.435652918553834
0.17374917703689	0.23920306141371
0.763972053378907	1.54975956047525
-0.253115572157509	0.361760128680014
0.389929704657057	0.596002621793821
0.468572755134389	0.660346424456263
0.590141130515963	1.02126090561143
0.308884575142986	0.410066355028288
0.776999005142483	1.81509773765168
-0.0321974339316495	0.0324507052080114
0.0497979164013429	0.0566990981776885
-0.339287800624366	0.471381479102411
0.124855712612747	0.14292979162261
0.516127040636918	0.831305071358811
-0.0997213567929193	0.121706295126147
-0.0640868871945357	0.0709164096940346
0.226571889875734	0.329983259333921
0.120518958209204	0.162278658574334
0.110130789402597	0.112042182154317
0.103264942137965	0.122632623775677
0.23048345181296	0.320473146661228
0.433809687134095	0.87147865434446
-0.0018829844847561	0.00197378495863846
0.300660505575195	0.447453805971055
-0.111746004923954	0.154177201607717
0.10082262566589	0.113563135027998
-0.0362343050461595	0.033907506468376
-0.037054179775683	0.0366816022087215
0.303542132865925	0.49067660766679
0.585397011029326	0.792211022952985
-0.0160060475988651	0.0137904708665837
0.0331167540368863	0.023199691744361
0.277149524298206	0.255960045203811
-0.0415335180075297	0.034031485941045
1.16532561282062	2.59104797615327
0.493053835244411	0.769023249450301
0.28575923716076	0.596254649845187
0.429858328611497	1.18373754798778
-0.372323131670658	0.358846919870238
0.678025488226091	1.28688606916581
0.740862308693265	1.21437697727264
0.257133648374443	0.415952224299656
0.872190929398122	0.790750456934495
0.691710712114191	0.778661552902606
0.0852536067612035	0.0508076133556293
0.00460323254862725	0.00314459503320436
0.610063567914394	0.487380826828332
0.603723132193012	0.953400768129758
0.459593264227111	0.823860765800673
0.103486120564048	0.0958325558030716
0.339348350769195	0.425631856211819
0.547048065480378	0.544456385732091
-0.387444269584254	0.180968881680811
1.27684995896773	1.09092498383551
-0.581766718659207	0.534956446074357
2.17353110899736	2.20966649271774
-0.843737744852707	1.89698459932446
-0.32068319866881	0.586067177529596
-0.0476195379931672	0.062424858900916
-0.00733097957003275	0.0095797047209439
-0.029904519269857	0.0428383350090891
-0.537231483890297	1.0423322013112
0.102330161882453	0.0950105452338472
-0.307512299348905	0.419201468128348
-0.466835542751502	0.735338395645819
0.696917774390771	1.48334859020178
0.20031204933033	0.233345831033208
1.3087843084441	2.39111594101025
0.444546998147519	0.352515611328411
0.334230067844706	0.336901037240746
0.423259566199142	0.51611172837876
0.38942669535258	0.612093035756268
0.522393190647921	0.977402683020963
0.209368223182592	0.273794115903789
-0.0690369409328529	0.0746406023544073
0.0562514478357338	0.0665069762294518
0.214062950736223	0.325253121565405
0.576715181176346	1.19915862245318
0.0677179913010367	0.0827691190665569
-0.206567063584634	0.344008830393592
-0.035954327674285	0.0408450531203149
0.22818147533315	0.361987564661425
0.440559608053048	0.951470561240578
-0.135653849831584	0.188958747459043
0.1515512849205	0.222089849733328
0.316948036986943	0.540638853850293
-0.0261857106286982	0.0365728165990113
0.134384732395358	0.1759690610037
-0.0289812219593679	0.0242339352260112
-0.233148715892751	0.295906373167997
0.2772187032969	0.370338934571078
-0.156783057922896	0.219134786071506
-0.123228335941089	0.163473984630541
-0.0848701018676068	0.106231137284095
0.297673021955308	0.453414095525853
0.0348683492466004	0.0415335235757724
-0.035552033775275	0.0404842347299554
-0.237813125923813	0.35951257652791
0.0915775198676693	0.110011608252923
0.179223990959222	0.255597682386949
0.520807352219177	0.693214595564466
0.203241209597532	0.21673325292811
1.34359658923558	1.53742786601439
0.0805638651286874	0.0422850811845362
1.00349392886768	1.4508415637626
0.727811908541725	1.4325474808597
0.718752588461434	1.62660197145908
0.656630123928646	2.03507122374464
0.492640486734314	1.54597493472563
0.582914589009433	0.713453753455948
0.509241270997281	1.0875568484904
0.788683862742785	1.33470530059799
0.514303149097397	1.15549505004393
1.49803090505426	1.49005894851254
0.444905047110466	0.353841479051773
0.724909226230139	0.721964967961335
0.495960585136136	0.360515075578888
0.417113707361505	0.577767494138958
-0.149392683976591	0.192020038237909
0.395537766225185	0.430174929501106
0.2070540177146	0.224448950918371
-0.208039586852233	0.167373811833534
0.212940544931757	0.153869571314445
-0.0693823224440724	0.0378529044536879
-0.306534514982009	0.202703511305074
1.04161322450021	0.969183996862545
-0.94864967481406	1.57925588897238
-0.294568358926205	0.394330539988157
-0.246127200750952	0.377106807730148
0.142540578802463	0.230114325534231
-0.0763733393749086	0.113802036014688
-0.094902894106432	0.133106014348869
-0.705261091450034	1.66040676450132
0.599251174046131	0.726364408317342
-0.0435199366689659	0.0430165037052857
0.31406684387295	0.439770797989291
0.208154616073108	0.278907504587786
0.342599464022268	0.422499910678718
0.424982870605464	0.439050840945305
1.16418982568862	1.40009023771448
-0.454155742178725	0.39749787412232
0.751648229382623	1.29159345865067
0.210104363852557	0.266816955178378
0.433847598344952	0.717038619888816
0.475970954113737	0.937460405414339
0.13249956850576	0.159714856751159
0.082171943091922	0.08474479628385
0.0437785709445084	0.0536642907192047
-0.310549686774837	0.553840317188022
0.0498964048848849	0.06193172846076
-0.287468435290045	0.476554222857302
-0.0440730818822326	0.0547716982431185
-0.714037250936975	1.80327507402295
0.724154555220454	1.81787007080214
0.406532974344522	0.819754777625377
0.298516002605997	0.547298917989677
0.036459236053411	0.0425900790921969
0.316676784819256	0.548212242954742
0.303422405383719	0.457013057038221
-0.298100326406863	0.229308209666046
0.542405224917411	1.03526060930173
0.30528500404013	0.430591199526957
-0.444111315910152	0.853392613718811
0.292830169217719	0.501700864522221
0.0980983523924102	0.132188072699258
-0.226122392574334	0.371686226252775
-0.0860178511456682	0.116778134433543
-0.0516807355220374	0.0606999047300707
-0.335769209775157	0.526221475987256
0.358471398173486	0.594871302106835
0.419087773590525	0.866923175144372
0.304069819446332	0.341722197307846
0.862786244630383	1.40089933683023
-0.112152496721625	0.0543475223636645
0.30614200384546	0.247761195528498
0.471220750623077	0.520185286747977
0.936372085504727	1.02261356365683
0.627315075322438	1.62681260056845
0.306010677029962	0.885287316735978
0.238019633208411	0.64100517681806
0.984696432156795	2.48793676528109
0.261865136218487	0.511971401772485
1.01589127175396	1.18568971439801
-0.382486479296071	0.465921640330915
-0.76859097306858	0.60367060122869
0.504957681481435	0.945221585888016
0.846330943102771	2.9133613039003
0.345181808766628	0.587942658886378
0.195853165928992	0.176106913096268
0.35280949930181	0.247049312550513
-0.523843765333968	0.408076155656268
1.15624653337541	1.17234320482391
-0.099353617382867	0.0953705537951391
0.00816051293604401	0.00979216796930764
0.445135230158853	0.973081512772434
-0.281449824911218	0.518385084658911
-0.0322883222056948	0.0382333604788467
-0.496769543714067	0.782687907308323
-0.190529988798407	0.270255605354687
0.325942561856536	0.41195451842811
-0.0412996610425128	0.0488757516597731
0.200300281652183	0.230239614323827
0.86071402776464	1.23347242694859
-0.669182308179732	0.707721846244212
-0.0111708807565963	0.00811810211643445
0.295382900036633	0.350099854000512
-0.374230519858061	0.602884635137464
0.289422428405845	0.458734197140467
-0.18613921148303	0.267604987206116
0.100845429294081	0.111256656467784
0.381127205006962	0.659121582809453
0.511786042182548	0.92835868406109
0.13830211067615	0.175091599033382
0.240459801572256	0.327919312833864
0.0564980977967622	0.0700005172517039
0.207446121005103	0.253958324909809
-0.173499237693503	0.218309535216484
0.0372330783114928	0.0410387630447835
0.00483250346224685	0.00573969856673472
0.0430805884308482	0.0527741323323826
0.374110906902256	0.565895082434907
0.124470369225915	0.172580477122288
0.185740909359409	0.239845745082753
0.349591342259472	0.415438764073462
0.318510829273641	0.558143350849091
-0.0469383986907639	0.0525354840385085
-0.255136363822192	0.388445543145678
-0.298292871157523	0.522549169523813
0.00331094954570654	0.00387558691422244
-0.254023046880327	0.381651378290573
0.0903774816900687	0.113484804117651
0.0598832373164578	0.0664378744016765
0.15569534407205	0.185706020342389
0.310485450873427	0.433859123398005
0.0967155156114761	0.106454148104352
0.14082653418919	0.173361239276583
0.28015366513585	0.402161255714393
0.2930308676682	0.436969377593113
-0.0564000928748383	0.0651237672540366
0.252705603906352	0.254092904261888
-0.740791929013978	0.824468782370994
0.0911787137464991	0.0544997960517869
0.697887058639935	1.01211168381804
0.673491386751446	2.93714580893045
0.333425710848442	1.36613706719877
0.185236546178713	0.609017543367316
0.301271942793413	0.569276336021787
0.65534582122464	2.77388338208731
0.341780452934495	0.437118173855977
0.557515745622508	0.710720360057248
0.115975723315474	0.127985018679946
0.203808007478962	0.185283001095721
0.503835953153621	1.38334605573414
0.540405198528029	0.904171059205029
0.403704934859967	0.34326331590147
0.214750918792896	0.154547118582704
1.32782907514641	3.03714767983076
0.030401122653347	0.0257237255340365
-0.299839152980141	0.366111403855038
0.24721729906973	0.364340334539923
0.211426911835226	0.347939475804616
0.0033292910743432	0.00406620625861683
-0.130827009396083	0.149086796340561
-0.189635475862772	0.225594808455682
-0.315139230847622	0.404863044832122
0.399460409532494	0.68569016181553
-0.151748058343181	0.172512961946796
0.657059401622931	0.92507785041624
-0.860558524989017	0.856875560491696
-0.189574804368398	0.168289752846579
-0.264418049019407	0.289103599753296
0.276737306049561	0.45085210350926
0.768189574174903	1.85604819293672
0.273619694952189	0.409032397439715
0.66442699867503	1.1933925893208
-0.112442966209042	0.143693134747044
-0.208133570667098	0.282490007912015
0.46537709688096	0.689807818587865
0.551025456820337	0.833594590064975
0.163097729741243	0.201411068503796
-0.406119385691782	0.550666410019878
-0.628426995678091	0.970180604341103
-0.260663210878038	0.364691108471896
-0.13106518587303	0.156824394968244
0.425741440653888	0.648780947917302
0.0934283471136201	0.107144326026522
0.164295759476884	0.236205336539739
-0.246217620979213	0.33462417775981
0.555663796635384	0.704171031365303
0.126438850324005	0.165391305214902
0.016272730574814	0.0181805513245539
0.178394206261724	0.248417155172879
-0.164476006606575	0.226674738100635
0.172730448405649	0.204450823153787
0.0355406641974869	0.0420241803316902
-0.0156752503462129	0.0160399903616605
0.333744927271085	0.439448678412604
-0.0335323162339239	0.0313586204182815
0.579227836626524	0.839691157827904
-0.207658968109166	0.219122510317455
0.199637295523473	0.247598042845869
0.511235824977127	0.828597145124951
0.20443363348404	0.278952723858736
0.285174304258653	0.427075558193094
0.289149108407386	0.37809977576457
-0.000894016151542556	0.000671851328426075
0.2004886228318	0.16731059547953
0.203165358422807	0.214699422759622
1.29836596918699	12.1855347272972
0.471023531963171	2.91102489246706
0.399104299878596	2.18796909963623
0.792078928649082	3.18820065554805
0.708878358668898	3.95943667987377
0.559373214673619	0.781169754447665
0.483595932027203	0.904917900554626
0.502571409027412	0.610057653097461
0.477704065463789	1.14528231095214
0.421292944939846	1.12928859828357
0.613670887467032	1.11637920188835
0.479160422717593	0.522157763352607
0.609674953256326	0.663052981202663
0.725158723351489	1.24255507718757
0.396013822159067	1.17359576793209
-0.266296806441559	0.306872113266174
-0.00826424626407518	0.00703300001069158
-0.324369315438526	0.442670903446609
0.0571469696317279	0.0508536052113614
-0.0641054746180601	0.0678533025611482
-0.253333108842612	0.368177808434614
0.600961003795528	1.26378062424953
0.322484661359214	0.417547173061311
-0.118333563965712	0.155354649196074
-0.0412152469341178	0.041226356138492
-0.120575726480466	0.147503472957955
-0.380686530351157	0.544537890103937
0.35829392554354	0.337794638181194
0.136937697765578	0.119717933560819
0.242691118314516	0.261008933284644
-0.0772272689834148	0.0802631717723844
0.557301397372058	1.00885170634478
0.155990554281143	0.206430536825433
0.450296443042151	0.796492961761496
0.579693697303563	0.714610370200474
-0.414831951944937	0.571318629923938
-0.336262609632747	0.404889994482102
-0.646000710380274	1.0774291310268
0.173634905421184	0.187759860588193
-0.262234293440782	0.300345373702092
0.244644762091615	0.281957706543747
-0.730265320957169	1.20629861072271
0.155607589802581	0.173276618112637
0.168365386870838	0.198787007983026
0.783793077262202	1.50474081233858
0.590078210958919	0.847256032647464
0.744603832063801	1.5923291419235
0.488753263388	0.960894466213137
-0.171425990396364	0.170434989170072
0.0573078370288025	0.0656822739563754
-0.472810817124265	0.799976571661142
0.126594297524499	0.16286564796358
0.700124094509329	1.38809367880938
0.325400144631375	0.349751250997381
-0.0837258104243632	0.0985785084268286
0.24118338655635	0.332621710062211
0.132520843623283	0.111970893267199
0.0105030981776864	0.00979438526112366
-0.167042419557276	0.164751090911708
0.0903021424863933	0.0804837640430363
0.239807504954379	0.303969756512977
0.267407278137394	0.324717278933313
0.464986611077425	0.867576320996038
0.314163406779324	0.562705359218364
0.181273186237805	0.256896763920687
0.667151629515896	1.39753989961768
0.542282193074435	0.556163627008351
0.060517242498683	0.0464565700777365
0.736240666013682	10.4807056956404
0.422177333162455	3.26895088609549
0.413889410279286	2.35540918181895
0.517692581469838	3.40451680100746
0.386788007431697	1.22554810210278
0.513527831872101	1.61155644075457
0.0475461404663225	0.0820700688920041
0.258495184263623	0.587829127125221
-0.221082722254642	0.225487909191583
-0.25090529978526	0.380110734396296
0.0262478154318058	0.0237083670425736
-0.0805613891746485	0.0538858919727112
0.305289790975249	0.246267137104295
-0.167109770997049	0.140805206272356
0.0396068470926434	0.0408420793385049
-0.0711854074384822	0.0953042685025831
-0.696097102300541	1.21509458592412
-0.457612643003971	0.642845388862865
-0.346757631388299	0.482907779030867
0.0383272400605995	0.0433133167439453
0.0292322116139236	0.0382473352961744
-0.394362959164447	0.862267242261174
-0.255018163968417	0.420088893954987
0.371098566643437	0.563540507729787
0.198441272648274	0.225078007948616
-0.152176119393126	0.141573517168972
0.361982049485295	0.431195216793265
-0.464116344163198	0.560452286172333
-0.898735982549835	1.25090839646868
-0.208881375583032	0.149021583382125
0.218947551224811	0.14455390818708
-0.991780130615864	0.830704216829079
0.578006995221637	0.481173276353022
-0.142222424796933	0.107843430742387
-0.696266567737316	0.624258701816064
0.208073709948483	0.142752076834695
-0.177821327356489	0.143215593377436
-0.416163767086142	0.401140210895555
-0.914707873771133	1.14629375806686
0.221339214428028	0.165463117509961
0.423382765896578	0.727987750587893
-0.175568396286509	0.285930748521452
-0.859467622020568	1.70125106824636
-0.406735999962606	0.670049637907214
0.844536620317174	1.54741356456631
-0.0811549038114819	0.0549998280403218
0.230067631454807	0.158386458658219
0.15345703070953	0.153194451118293
-0.698670282722784	0.628986135235658
-0.770464875531013	0.615506453880266
0.334049020021479	0.243228649915117
0.385600568157249	0.242747041856736
-0.0475761877116552	0.0270422509385772
1.59034750283635	1.67017583132165
0.350141440211814	0.245178148268221
0.316355745644259	0.430371388016423
0.142390198207762	0.210343483263576
0.469349751866036	0.874195211329453
-0.130387951263529	0.0979271642314487
0.131413823346855	0.0964232096074457
-0.197835326388899	0.119691396181147
-0.737680878941447	0.441403568239647
-1.87012858262193	0.765023356668366
1.17053534546215	0.766397244950294
-0.110327701321582	0.0533247112717459
-0.858652657146038	0.997285340765613
-0.0062021334553809	0.00688202142553016
0.212066342865489	0.20297016556489
-0.619041453732611	0.781879494728055
0.114857094264115	0.08836683945852
-0.0770064309836922	0.0610051572684383
-0.579350235192336	1.09374809155924
0.194877215213012	0.357253127287975
-0.0220081943373797	0.0271901269379969
-0.474354457843525	0.667649821648151
-1.1834015618288	1.13625553555574
0.642669208556651	0.486874677838022
-0.181222418762241	0.131611092142782
-0.708900120090918	0.636568662908541
-0.304821839709573	0.28659661492581
-0.487611096230839	0.274190648184173
-0.28931551850311	0.0943670748909197
-0.390609043378598	0.113594128833838
0.28371371732536	0.134899501694652
-0.14630108318733	0.0636495233594265
0.0950858538676768	0.0277514170192314
-0.178516748310831	0.0724110436577479
0.469133474081143	0.163814067909815
-0.588633041171092	0.228206887041441
-0.698939214121729	0.625772046690434
1.02008804851467	0.720960769791245
-0.654123700128546	0.818049674507545
-0.519081817318172	1.05722220710918
-0.342928030208025	0.355910518426383
0.00621279629440792	0.00576064721300922
0.109308334743914	0.0748472152754882
0.248235473987675	0.128786802334959
-0.573397345230404	0.302107201092815
-0.242886586708945	0.169969439814762
0.377631547004968	0.14740968509311
-1.08808454476495	0.441668138489739
0.464318818128795	0.16335416808787
-1.16866688029137	0.350488964511777
0.282887432141073	0.134720087219957
0.978627914660902	0.361306521691858
0.0249557319600813	0.0168963471833363
-1.48366701562649	1.9119763800596
-0.291722021951288	0.224625826450623
-0.231811964845437	0.13385313670934
-1.9086216776256	1.19427427823351
-1.87549058741672	0.767863261128063
-0.468635330223977	0.199551310832381
0.208974994868655	0.181566863133335
-0.0484905531844948	0.0524133078137195
0.829778548262956	1.04217112046774
0.738621330169554	0.966288080060591
0.494176555262083	0.417324145787699
-0.097230337161524	0.0498528321327785
0.358336972783956	0.508226500006273
-0.129872442231806	0.187816529358303
0.0350838920570904	0.0398650909134594
-0.0300771048348236	0.0246680605419736
-0.687114427252727	0.554402473083973
-0.152777488915971	0.0940537207464207
-0.106180758640441	0.0695119979373467
-0.568801837408477	0.302436217294843
-1.171259671896	0.354268648704258
0.0622320208466281	0.0277618382668839
0.0763927144506656	0.0405183134518523
-0.179737825763394	0.0730139471833862
0.139831545915136	0.127759995523905
-0.226897595604246	0.295194240341187
-0.400617411088308	0.408207808807842
0.155580436263088	0.147022233350377
0.114300258396164	0.0782233408896934
-0.460676212732542	0.193654463525086
-0.468747524365567	0.197790283826009
-0.51802465837164	0.403039321459103
-0.22230744623912	0.0815956844757139
-2.12750939290167	0.984385150911106
0.467980449379951	0.164382558502621
0.669498274930573	0.690901821362106
0.573515160237623	0.890551383557902
-0.274788231205383	0.235907932808536
-0.193234242338267	0.116568978180416
0.0721761609738683	0.0383417700860058
0.857191387279769	1.15345861024657
-0.205472410306523	0.243994979286021
0.891882632744067	1.16500618013266
-0.217390268297888	0.193280843956714
-0.257380210193466	0.224296512217393
0.518553080577339	0.539353911993941
-0.0420643708262746	0.0450752477923378
0.182655917788982	0.262061063940242
-0.281179222293307	0.376618224527548
0.136613530711177	0.126172628910578
-0.663015825090693	0.484050512203428
-0.869508052654718	0.480964294026402
-0.138284114406264	0.061835051945103
-0.875784576739018	0.480543504972902
0.194883214520869	0.180788731452386
0.369485761395089	0.512821491828689
-0.0813122384767633	0.0638184264386166
-0.243118217522645	0.168907801983561
-0.786199580091747	0.273238052886901
-1.20911706259448	1.32164675695964
-1.05407755857547	0.527553220160577
0.0693832389845968	0.0253454504287258
0.0755345102613769	0.0278322263549384
-0.172322639311728	0.0697723330455783
1.2660640649717	0.538984141591235
0.462512991175857	0.251582990746906
0.431304777751309	0.582740178843259
-0.00837298579697679	0.0061497123542949
0.872173322819812	1.2387292163503
-0.000000380573680525516	0.000112304661324252
-0.270150868139982	0.289344896547719
0.0180775619474765	0.0140667835671097
0.0485549605945665	0.0432507747515329
0.517806999475029	0.748067016942138
0.264564459577971	0.247923773995435
-0.211218439610407	0.237983727226466
0.0918412193161755	0.103385139021688
-0.337369356310401	0.421600814810193
-0.00121208739599842	0.00108181453433202
-0.777311647810573	0.627053180708824
-0.490913088801472	0.527838146468092
-0.491226221395492	0.469656779162021
-0.180837120367198	0.131412978250834
-0.31891133322115	0.404640732328761
-0.391589890514773	0.464214151949122
-0.074485053538127	0.071817538565928
-0.101502703349233	0.0789111824993441
0.135627950393786	0.159087884741072
-0.225846093404866	0.175945044139852
-0.618097249576637	0.658818951860774
0.519465765770427	0.680727062440392
-0.639071091719196	0.844880585628187
-0.146720062898989	0.145113926003637
-0.801408556501204	1.26476084706734
0.563122246052015	0.791115603243722
-0.154327439371385	0.140813833243895
0.332865085761632	0.335057711584818
-0.134813805760013	0.11614746997636
-0.119812743819296	0.10292305918639
-0.166894126618698	0.148799054627717
-0.196753696655163	0.177223706438128
-0.25065202135567	0.217284472029682
-0.13426979750462	0.113948742890308
-0.204124419239244	0.167177288749489
-0.650066310169523	0.638249575477881
-0.0977215479744117	0.108073762596899
-0.279448566519685	0.238895274046353
-0.660858254438162	0.645364064573236
0.371255664111011	0.331548917150564
-0.279821401455211	0.239176864839012
-0.330459676755242	0.406516916082864
0.328018411398296	0.518263484745817
-0.147096203589109	0.167768571901648
-0.106847731213182	0.0919843764194026
-0.590176044829628	0.226966774681667
-0.235304377135705	0.136745145973624
0.213301757883055	0.165724940741817
-0.560269893353861	0.804559530890536
0.287777292511537	0.259430326653797
0.287359303859215	0.247162157568769
0.319306274339606	0.342520090865723
-0.0182009050397208	0.0135847248951199
0.490555478215984	0.590875576623598
0.0905763495445326	0.0846732191651098
-0.105219969024266	0.106802635667997
-0.757622434505629	0.531277540647032
0.065590200779577	0.032359932659917
0.888472514135656	0.787665754004569
0.00793337236224514	0.00524214036652207
0.205757969160766	0.263557511528645
0.118064978934846	0.0840313458007977
-0.00646262565683847	0.00381605957746118
-0.722777592344334	0.738515143837397
0.690581090806339	0.869146745316214
0.566167525392917	0.804212545894008
-0.223667104762376	0.306402611694027
-0.394666340857894	0.577451753064391
-0.556908628380938	0.476388173125468
-0.587466526386645	0.227349400651964
0.212841084439176	0.164894937708191
-0.348802655183164	0.289831737443031
0.0632974027282139	0.0502939970156632
-0.0977604167282329	0.085025053402149
-0.319397269809061	0.442239111342123
0.643895959425055	0.838044701669634
-0.126841244775478	0.0975792242624362
0.623129506184813	0.79263850893909
-0.158249151640425	0.144913027253322
0.30229234163314	0.374300952027037
0.0848210711468658	0.0883496981575855
0.0721286525583592	0.072507452762582
-0.0618241982660325	0.0508063036863472
-0.939831559696869	1.28103523643881
-0.409857379481523	0.396436246158327
-0.106418791579324	0.0923952693650774
-0.113010764532991	0.087737065865433
0.122523077292218	0.0933415917064047
0.120093573166921	0.0953470740468639
0.0735279394155988	0.0812241939558532
-0.0604700063915126	0.0531421479574824
0.429419963715452	0.500488443664854
-0.195705907431303	0.189269492715404
-0.254754255230816	0.294817715092547
-0.22024845306306	0.178978670248348
-0.0115102610241331	0.00978619491018383
-0.0134597240101014	0.00993850042701513
-1.51456328521293	2.64597135257052
-0.674949068683172	0.890720849153936
0.020882602169551	0.0171456133177627
-0.0657907959172654	0.0451248586138668
0.00335361557214465	0.00288061323913896
-0.553590121134369	0.633533407033925
-0.287419253759575	0.291440264808758
-0.35422398809801	0.394905989144587
0.324784571392483	0.342616903446254
0.00095721976262878	0.000688106350513712
-0.405191044737008	0.44399854762687
-0.146952265726835	0.13464563647387
-0.904744684861269	1.20661077877444
-0.9559158788392	1.30793131749543
-0.322127014464977	0.162657539483955
-1.34103373816986	0.615768971195047
-0.312599841156129	0.287475865215867
-0.155783540977633	0.182872823002057
-0.170249519812808	0.155270864360207
-0.0269594689068578	0.0194872155635221
0.147702550436536	0.133743673751188
-0.318924403363295	0.293275127949886
0.105231316978697	0.110177323357067
0.0574354155421392	0.0750185863577065
-0.261015616541627	0.361542388415111
-0.186104188594	0.179492374488564
-0.340379083216533	0.286701408720384
0.488304181053564	0.359264441774525
-1.05052723795015	1.01404611590386
-0.368774801459223	0.271775544536835
0.343584361891623	0.238922156299006
-0.283338873500749	0.154268618236221
0.0781466638437612	0.041152776321538
0.028352004180674	0.019205424819325
0.20172782061726	0.15484021296022
-0.205649755832073	0.197304409091752
-0.48373214777822	0.494911317655921
-0.804135196431185	1.03527315787513
-0.385988755667764	0.350596975499398
0.766576676147433	0.740141922954804
-0.94434857647764	1.29738888326898
0.0461751038285136	0.0416645887730055
-0.437798422430611	0.484482765122003
0.0887640417258158	0.074316784265471
0.359474192568956	0.329387886471557
1.01994613073867	1.2729677582564
-0.334395653294938	0.278568978026312
-0.490581618457785	0.468357203136196
-0.479454183429772	0.33807404079869
0.392715701637321	0.342108499564213
-0.00403521123443391	0.00252949331348457
-0.0232260495904927	0.0136809947163028
0.43693763240498	0.347731714809426
0.615184543081503	0.751721936614524
-0.224481850174182	0.213357593950969
-0.103736426579247	0.0801912574068499
0.621060498836792	0.660091063033873
-0.695004282503859	0.862282798832244
-0.410119729904231	0.394823567603166
0.988199760978669	1.25707726798955
-0.0925113649515943	0.0731379715770177
-0.0664851656588509	0.045250531511224
0.499477309960537	0.45433598299371
0.219036642197496	0.164580840627453
-0.279943911959747	0.265611680464784
-1.35104164231161	1.46822892979721
-0.940230000984061	1.00954747153584
-1.01099086931679	0.730486408209903
-0.571807621244611	0.302826504678781
0.623771053802231	0.194253824652275
-0.762658360651307	0.542394976273773
-0.271755847309592	0.146693246934509
0.926923758148378	1.20400608600585
0.314181983005671	0.435014001913321
-0.079035050595995	0.061924913575563
-0.0558337114310478	0.0389712742730309
0.813086979845847	0.943598172343394
0.0338343104448219	0.0235517789191889
-0.00650433128405299	0.00610971809504212
-0.00298324829262984	0.00315469980988697
-0.028913348184894	0.0286489766571119
-0.0305208761076121	0.0283881592048697
-1.29743041134638	1.4990749557338
0.463187601252973	0.246132916359743
-0.231084306110523	0.13239626630764
-0.57935670637115	0.540164263924526
-0.309561047255876	0.205666958644654
0.285644304722753	0.245114591962317
-0.371917130526079	0.273730240797915
0.55018524078614	0.60263715325086
-0.149749790552216	0.148799038026821
-0.0431147778814446	0.0357655834491551
-0.184245485857398	0.150132985066292
-0.3830266402446	0.374549162324233
0.077450191027866	0.068893552876843
-0.992163860478739	1.48768267455667
-0.0670581020575574	0.0596237266906359
-0.452179176130967	0.395620996783606
-0.639126785368278	0.58410214834267
-0.421081731458686	0.404640803716133
-0.264797955924548	0.208266044744822
-1.74740313293221	2.10502239386666
-0.0631458856046129	0.0342520636036468
-0.330633515129362	0.250670279195775
-0.315326335662876	0.205523839007998
0.764631005401471	0.994318805100015
-0.28441542388825	0.287965609575637
0.00539748719831508	0.00360791640781815
0.441778781783612	0.436371430778789
-0.258081197262939	0.237855084483823
0.0139372599794109	0.00912134035521091
-0.175855825892669	0.186788876561918
-0.467538173536008	0.513148798983768
0.00941662593983807	0.00579270115493169
-1.37556632675217	2.45441294424173
-0.916074825280414	1.49018776681441
-0.190635923005098	0.236045299119938
-0.379453717013327	0.467164321994019
-0.096040752903567	0.0740268361047736
-0.53662408048779	0.713696935797049
-0.559135032283387	0.560640249910582
-0.117908076921437	0.121533596144282
-0.263397047365915	0.341330644843279
-0.188558416407887	0.233058400882004
