x	y
0.377544360741019	0.145658500496854
1.14717550746265	1.02451318611525
0.697453376781325	0.505713355395355
0.518628881965932	0.355060341598424
0.796531687128212	0.929733661174367
0.903244584663104	0.894814909639062
0.206897496140584	0.147001099088477
0.221366728919084	0.139649965668582
1.14786292173795	1.1562111669827
1.37280152450919	1.91240732617788
0.503875641170068	0.675648972544416
0.402424379522011	0.469214111292796
0.402600406625708	0.510432725636927
0.5254592784272	0.761187408084182
0.698344101148598	0.779398985818989
0.564407884790995	0.559482985301851
0.755875565693942	1.0764885627904
0.688678263380152	0.701162969382112
1.03017388898225	1.2821179333786
0.425217284118809	0.348035717260035
0.463698800798784	0.355866129974556
0.765540018374283	0.811697516553728
2.26625668871681	2.44829077077675
0.338579498686027	0.233310056857093
1.71444899662619	0.920177396309421
1.00848523516774	0.590232531016168
0.938169580947058	1.21348239363584
0.404929529071174	0.33972774425092
0.0755445911137499	0.0371984437785869
-0.379226590824412	0.174323990785958
0.713149792223703	0.403231847516325
0.281519272103082	0.134295404125124
-1.01317399151418	0.746446077582552
0.635832822180505	0.477999807378897
0.759654739213733	0.635833104538945
1.00274520258617	0.579631558355189
1.04905148547376	0.983803762639679
1.0071341530565	0.58930067628041
1.4926885975288	1.46704268746215
-0.272227393360751	0.148295162630726
0.280244576915309	0.133545416851607
0.610962883285574	0.18687288009196
0.992749057136318	0.464348055701468
0.625211791472358	0.278447668191636
0.0954797879077897	0.0569361369787714
0.0726480528733366	0.0326033416369791
0.221377779943041	0.130520320218508
0.64848431643323	0.49830913754256
0.994726535213289	0.465190965172412
1.93948886572072	1.70155607387949
-0.680363951766183	0.330722043017054
1.19971055263332	0.637365369720368
0.346332788878186	0.241315728603527
1.54421637384069	1.8116840476118
0.4142662492928	0.241635433963759
0.100674308760322	0.0294967719119431
0.36979145085905	0.144079676335978
-0.177906644243924	0.0717647865087758
0.133925459616961	0.0333863221239572
1.88661387421697	1.13114579327901
0.997661311854778	0.467604358315626
0.236224110902051	0.131527333446893
1.794557860115	1.82009700345436
-0.394861018222205	0.183822898468205
3.90683725051476	1.67519305392193
1.01192826681803	0.580198982138342
-0.390106056190049	0.11275196876654
0.37830771099079	0.147829593240572
0.249548255626879	0.130099034193057
0.618452260207844	0.273624331538448
0.251971684685717	0.12863093165285
1.02038708896002	1.56122690086881
0.769795863673801	1.18174128620246
1.13838937229924	0.995470995277603
0.633158977291707	0.385135142661431
0.230589365193204	0.128776906627772
0.34139311622866	0.238353187914146
0.093127650015533	0.0548343112742085
0.321444206171853	0.139160939525151
0.528791033637288	0.255537467760416
0.0741288966992	0.0273019571630374
0.378897858924754	0.147146767661018
0.906823837208833	0.687860366615103
0.560043110616642	0.359095384573535
-0.170996987486736	0.0695869593109789
2.50320864976702	1.33632369920174
0.133707491985628	0.0329789895417372
-0.870288236402955	0.476664011080592
-0.465653959274146	0.197078229812182
0.709599488768891	0.401131425550086
0.626705175154963	0.193843349012669
1.71203119088556	0.927553809260798
0.206459346590434	0.201878363416874
0.394416490841143	0.409402783039722
0.521634683713792	0.363485774642643
0.775491294835068	0.525241709239615
0.372836341916771	0.145196911655023
1.70846574151952	0.923032061065546
0.606168359080706	0.4838754219534
0.522971694830692	0.360418750251788
-0.163309756577271	0.102477999758277
0.940387668911891	0.820793412963838
0.373486380261821	0.334342170110507
0.713790953046737	0.402753836474718
0.0906937302621156	0.0510172907578178
1.00858329263971	0.590926420733991
-1.55809261738805	0.56070230461001
0.245884288439592	0.125519415708614
-1.55429905683885	1.09003813348802
0.0686496175839174	0.0309707540140891
0.0809691213960877	0.0295755576568356
-0.215145956501995	0.0790627122176415
1.00911169840299	0.585919235353938
0.3780056317499	0.235214876208863
1.7876525311727	1.79607490006764
0.260102822408636	0.132897676654811
0.547602175015077	0.911908410502182
-0.142523407447753	0.0633193093315843
-0.733569164172986	0.44195185966477
2.44545248463395	2.13625253816971
0.382175524277083	0.235674440240677
-1.06817400858907	1.25667606200777
0.28503318102136	0.257269791152818
0.960248500034234	1.14320164698328
0.86968889689434	0.780981641304352
0.36339685880511	0.241151292013431
0.209999852957687	0.165837413315361
0.29583836027376	0.23662954751207
0.212490102915619	0.158121748181391
2.29878938774905	1.12311268037973
-0.8400205183428	0.373068218527666
0.835786171581764	0.423381573853821
0.615763228727121	0.366632024556856
0.327877749247501	0.236240749056818
-1.56059098796877	0.798147024269196
0.526951082647984	0.261883178343819
-1.34103373816986	0.615768971195047
0.712395944744561	0.398975461007971
0.0817453027988959	0.0292307954851209
-1.74246997571152	0.986060825029437
0.622256976363515	0.278823803326807
0.864389868844617	1.32048017586356
0.86874507472952	1.67116470593801
0.0900879116067683	0.0963539057504417
2.51387667456968	3.86992933882204
0.75984204196631	0.496190339955653
0.872480415364461	0.554951509830152
0.91092265367552	0.687689758577831
0.289031324418554	0.248673579034663
0.208232497091672	0.161352889589512
-0.950702308990413	0.949662888055392
0.535590515794034	0.36804538942111
0.433052646988364	0.339627388224972
-0.0303811851659298	0.0177845598118087
0.441094347832402	0.352043810255995
-0.28140363732691	0.152947284917935
0.270899755249605	0.127307284765431
1.2660640649717	0.538984141591235
0.0689411743014921	0.0284215972515579
0.319122065151096	0.136848514217449
0.528189222865552	0.261611118788403
0.0781466638437612	0.041152776321538
0.443980857681441	0.353897781099541
-0.24261188097692	0.193064225960715
0.226808708364723	0.143101741778381
0.939435318789204	0.246610398890443
-1.16566845088931	0.353063396931639
-0.086506959927164	0.044223885909407
0.626275594970648	0.382978882314943
0.990294528003975	0.35976404828901
0.0632407083789421	0.0285163057798003
0.708472940388325	0.870459977598433
0.419323607759095	0.417935083575888
0.605102065857378	0.810139032541924
0.201586952205585	0.200453911300722
0.223316082451255	0.256973027845439
1.23391847785844	1.45013059179342
0.767221348274399	0.52217170343475
-0.412430648012187	0.332759960579001
-0.0715070842523825	0.0387303887036778
0.00279310518741575	0.00175515821004536
0.459411813401111	0.419967914332592
-0.87096967491474	0.887886123676562
-0.779510082824023	0.74318217485516
0.57707578631215	0.480747198264826
0.684792517492595	0.763528010030283
0.29080465025539	0.248930313066215
0.814069260665259	0.860848738042
-0.0903505600522219	0.0467084816499053
0.071881190965926	0.0321922249648903
1.03725563710902	0.858953464701395
0.158962035986543	0.146031193196637
0.475689932169086	0.443107424917204
0.455027846877867	0.430976887711148
0.535285469309302	0.545789960300153
0.37038270592932	0.34181474708992
0.1243304434898	0.0914162474534757
-0.256051412415775	0.197589172245555
0.693613819858551	0.848137192367986
-0.105324394983794	0.0685624848176321
-0.0943639478327626	0.0727822647726263
1.00078391331045	1.06851836497308
0.199336741864886	0.188703998833406
0.194249388442696	0.203255742594243
0.484684229185804	1.01927237657595
0.453977499648983	0.907233495212464
-0.134776907044285	0.163948000393087
0.508452646640925	0.746594629480024
0.605737534499233	1.17504326291384
0.194123457260292	0.239933054198315
-0.237616772193125	0.275975250379242
-0.167217369643873	0.165000211304677
0.126967723387511	0.131728765051318
0.0372445215253131	0.0321773226342994
-0.134012726151533	0.137215617350375
0.808527804296281	1.33920788370273
0.536217509369958	0.760462551316401
0.13943479686764	0.13027271046329
-0.337579280656476	0.280594516726907
0.493725619474769	0.59784528566623
-0.0532290377499951	0.0441587393697733
0.801437261302309	1.01196114484877
1.01471836831921	1.18532000099477
0.770440685465074	0.527569897318593
1.50581190513374	0.72505210715856
-0.568318265699292	0.300085648272274
-0.462942383555449	0.195220190500734
-0.0490404954152064	0.0276603561487606
-0.770192545227122	0.612385599937814
0.458733797545757	0.346111612770839
0.777468801889275	0.53180683746619
1.77822198684398	0.683613630208253
2.06345732778866	0.901367384248894
-2.35459498179366	1.19317040605192
-0.684709585491117	0.335273641449452
-0.790867272495138	0.274544160007734
-0.328760186700597	0.166710472227466
0.576533105462576	0.372957064638992
0.519841757232011	0.362329650930499
0.26628073721041	0.263477658926226
0.577693973339038	0.71199402752487
0.663441813235874	0.849251364903236
-0.273718666909922	0.278258715276275
0.0362995495515528	0.0314277086340481
0.0846009608176287	0.0880894175360858
0.111274657378103	0.0812229711590188
-0.114936755163268	0.055293748386472
-0.28140363732691	0.152947284917935
0.876898215626424	0.789832687219705
0.533813240329091	0.606757026679997
0.292933319757837	0.243568946050868
0.478707008504927	0.344152565206987
-0.415678418423174	0.33728522613308
-0.378845551763782	0.31082594513637
-0.224659585286407	0.196006062540641
-0.286617515298366	0.219062133131192
0.461485901563731	0.354276269005742
-0.109296106362618	0.0526721876093201
0.526772503979915	0.260772031611633
0.72968607207225	0.874811819589221
0.988477714674187	0.459775748070354
0.617847401649802	0.274883284918539
1.26685929533059	0.54428495837387
-1.0521823423341	0.528333864286944
0.316856921149779	0.136038912125601
0.626664334360618	0.38179182709153
0.697657782490564	0.508922449529126
0.206581235620307	0.153367145343472
-0.173218203870301	0.0704305152755953
1.42248186635954	0.460999123934144
-1.05014345979372	0.519293010268155
-0.132786816446843	0.0587132210676944
0.374104522892199	0.146250600873722
0.827034022571201	0.424300301232288
0.627261556716015	0.38542062261812
0.114403674089535	0.0810977720590147
0.0837449198538144	0.0864041965754644
0.316340926313468	0.451504172665343
0.601014670560099	1.74111962883864
0.376078917565355	0.810386260206212
0.675393803592629	0.609231354168088
0.160370437416684	0.161186856987292
0.542088020019449	0.929196730598859
1.24592866499316	2.5740710254467
0.0701492577671734	0.0284844590329606
0.0989852898666858	0.0286266601539408
0.410576175621558	0.240145526620504
0.715817146705256	0.626954079926408
0.464893529564274	0.356111183251789
-0.0880908896879084	0.0690358625605872
0.563068748023027	0.466119345310827
0.216459345739152	0.151010282329238
0.430421982730678	0.353033544676652
-0.27852007521929	0.262045561285934
-1.13807144846324	1.19528885898273
0.676632734810078	0.6849600533943
-0.06576483140912	0.0355056231353621
0.377041313631491	0.147334365665277
0.111689617583252	0.0734304556681004
-0.132809223707121	0.0849422087082073
0.224069826741143	0.139498911202712
0.382175524277083	0.235674440240677
1.01905813938341	2.15906125310825
0.812946376509699	0.865957311860874
0.116643880468349	0.0803985395776896
0.646264369900878	0.669479269398376
0.217496771562316	0.162179723182159
0.81215435486091	0.75897561798983
0.0274927214435314	0.0186311068915307
-0.294483484141299	0.255038948808588
0.914212291047686	1.11164745097276
-0.469446576370687	0.374320718567716
0.814072237485959	0.75495804845875
1.60031674397697	2.38442867431824
0.934011913971753	1.02642285805396
1.16100538941292	1.60718582319067
-0.00220400909690151	0.00233489889533114
0.356601926698994	0.621597650540469
0.896374246517929	1.85933693340546
-0.298322276650339	0.417850029142571
0.355536316001919	0.515804472017461
0.546802649702303	1.05087905775088
0.207330373011901	0.25261571831517
0.158968659760909	0.197684327013088
0.299037035362262	0.395783053523286
0.715511595743754	1.24686266702453
-0.55284657919115	0.626488042804761
-0.328262775737138	0.346279131061354
-0.105233088979808	0.115036726466534
-0.406773231347951	0.478275308172911
-0.36056372386619	0.401277789399949
0.263584033898254	0.241121405177449
0.380760029429961	0.501462849945272
0.788328679664268	1.16671645560556
0.505468117658747	0.681266626888654
-0.440577456433948	0.454145498374429
0.516000930720902	0.688520962567803
1.22730517486316	1.77037692211968
0.29963240713461	0.242105524762052
0.443120695936867	0.353795139316937
0.656803228407682	0.688569257071927
0.200885364626147	0.18676230496962
0.137035067860746	0.114807186087457
0.446262545693259	0.5023127285827
0.84708170803338	1.456334463145
0.99889586956907	1.06910154435485
-0.177861631250935	0.144014160953172
0.0565605852509007	0.0423020187507727
0.474357911494586	0.590680519854027
0.621731863262587	0.823453438577892
0.865419136894985	1.16371656115844
-0.134291519842976	0.0997856884405722
0.740038794343073	0.817699564280202
0.710599742576465	0.947330843146681
-0.13561352608381	0.116153769637639
0.211429471361299	0.166984838034361
0.499649372434192	0.67743588708712
0.361717931645746	0.334997837519608
0.0416798283112577	0.0526685599372326
0.252658453889129	0.337322549702188
0.28729472922173	0.395862170750435
0.512881883636328	0.685526998366448
0.151342928657741	0.16250333748974
0.199275355211142	0.22843838225416
0.491284236789114	0.848856543283116
0.56125470642966	1.12963554188124
0.319099007293846	0.535103284863352
0.0806861309347153	0.0940914020130008
-0.150961353965902	0.189556893315362
0.407372149082784	0.732582205750371
-0.208056338814468	0.231821455441722
-0.803451506268298	1.22614624005715
0.75954821807175	1.13480444435515
-0.192025445080648	0.210861415049454
-0.165197886597696	0.177394566029302
0.200062448161867	0.183631557806067
0.59861222388903	0.942387068664941
0.041480908157563	0.0372795198200545
-0.337558340571072	0.419448193387068
0.729002582265231	1.12453521665858
-0.511478074331304	0.621264497288612
-0.139285097509311	0.136688227157187
0.192302769189291	0.172450314381245
0.567180178969548	0.706050220716219
0.626281568624261	0.661946692718974
0.451259980682462	0.582073413072236
0.605432310269345	0.901697086836065
0.343238724211086	0.235047883305882
-0.319852316286819	0.209887037886098
0.810488164402825	0.757120806715404
-0.200033939694629	0.120782878761021
1.57291649758915	1.33616623320245
0.0775803705633346	0.0255563265722586
-0.371392569440705	0.276083915459133
-0.692216510171721	0.572787452903979
0.701707245213573	0.388862937054745
-0.775978588894631	0.62048418695112
0.69092993133082	0.495311022983682
0.359898090765232	0.589169969412099
0.300150428305127	0.446055141032828
-0.230264358194731	0.255292061864002
0.665460006331015	1.16172142366432
0.240584454757385	0.303608633803927
0.224548154098836	0.298700630636803
-0.308189380531687	0.465898538292658
0.811556684770827	1.88608157998145
0.486847925233897	0.86084240149195
0.201823419356307	0.192357645941506
0.461599299070108	0.58043931924586
0.314167637842596	0.395593660077965
-0.0534752969192735	0.0512647058884019
0.682913186665903	0.693288311780964
0.86660419772752	0.546966571192158
0.0348313720894567	0.0243989491834684
-0.0380619471930738	0.0276874759004642
0.214438255537088	0.175439883019884
1.20637247954881	2.01437991291295
0.133458180422303	0.110580283720098
0.537587435775851	0.548639750508731
-0.237629539253457	0.209352778828245
0.550682687919975	0.631625797520296
-0.0503449708701349	0.0414702896464768
-0.456139230111971	0.530934774283779
0.824094543160843	0.652584632029128
0.866841050560163	0.776384697141009
0.431011676625579	0.353926338560835
0.34417159353309	0.328778780540005
0.779771091001554	0.52826193592818
0.834481169917998	0.666533421496342
1.01786393952166	0.719751159659655
0.0857769189629287	0.0279130268740915
0.0713940016358622	0.0320237848510572
0.699528349918891	0.507684823711888
0.0668357903194318	0.0328291327803169
-0.0983713881850484	0.0497832512454753
-0.493465939711357	0.281511211802851
0.527821960708306	0.363085946725289
0.0664789090099068	0.052417528862346
0.623925049675537	1.19187406769966
0.48294190531337	0.802645816647243
0.730687645984705	1.6573828015975
0.343678691564081	0.50753447400278
0.807512945055286	1.58923437374855
0.424592088735216	0.507465755160729
0.2055537150823	0.218447626589404
0.335308558141059	0.409544997120068
0.43721533336591	0.591557746709175
0.480633933101165	0.756811590029426
0.127190918633429	0.099476005019969
0.900206529528237	0.662865081440407
-0.360701464992004	0.230723818049925
-1.14486465584142	1.19490031976921
0.0416016553643519	0.0301767359968666
0.126377442874111	0.10357132400423
0.407962534040679	0.345686545950277
-0.417734253285556	0.255382654887168
0.270305424936392	0.24042354283784
0.751750815778914	0.884892212290555
0.20172782061726	0.15484021296022
0.57941850393213	0.566045451459566
0.641883423088573	0.489454944889058
0.379537288450883	0.236619584773041
0.409184881654236	0.345594313687838
-0.0596384647445208	0.0419349461593325
0.212845813779854	0.158060410961328
0.483758995116913	0.353492162858021
0.225864011513586	0.142463201086853
0.283149743446555	0.256698746785176
0.131025143705039	0.0999265479400694
-0.690240797104272	0.56329673811828
0.30625776163605	0.246113847407438
0.206538801437806	0.172972812987161
0.731349878386742	0.961270637564083
-0.317932694467519	0.293864299589203
-0.55182528591753	0.773692827235452
0.337835888474566	0.405740317097375
0.234047338922478	0.343742743645436
0.6231092106278	0.970258492516209
0.19863389706004	0.184198818938316
0.387998416538911	0.5838549660903
0.243005897615984	0.314260498678106
0.0418099155270831	0.0431284168463082
0.322711348057527	0.366775860077125
0.254805254013823	0.294269346986577
0.115546152854755	0.113943964626402
-0.0477208485889028	0.0436496415651145
0.521293803498306	0.680813286305309
0.875455204560412	1.48420936208186
0.599447548252279	0.874019906263317
0.312937514078889	0.382966875793919
0.664300083718696	1.00047775451568
0.462254797729617	0.587713930633913
0.5676072209644	0.778545243633699
0.264599772731537	0.273810428233034
-0.0271403434903271	0.0200117357597838
0.813929054707893	1.19435418837056
0.823963540331442	1.53810729487983
0.768301711873586	1.45046692975484
-0.552460927791162	0.628875499549479
0.464438072936494	0.650925729214071
0.374444432534707	0.433875782019357
0.167391032962641	0.186794157255374
-0.547181735789718	0.980362543889913
0.10642040590534	0.136001474928048
-0.108218386342277	0.170115730081964
0.107379256000966	0.105791423909162
-0.0673090107658615	0.0803148700668157
1.21930044285622	1.86617005060206
0.490313740047476	0.448454872559724
-0.264909851565051	0.208756944139791
0.347784035128464	0.325152604613348
0.304481054747049	0.571412032585395
0.321959272072819	0.535833487279373
0.274080678478933	0.38316997983847
0.130430191418075	0.178418766729594
-0.155057906691512	0.224959666709654
0.318174066495755	0.515223344523092
0.00402315494373144	0.00444494083617695
-0.630624649868977	1.08812275381494
-0.268031550776674	0.353841472983871
0.404920767334142	0.668984738861379
0.626170503357235	0.826449587673376
-0.056733964502074	0.0606255233464584
0.265398907229771	0.338827030842584
0.819244390653785	0.650999164684112
0.622416288363027	0.381741336322579
0.629186058199421	0.386625759558309
0.325692081027647	0.139217959255386
0.77044725834118	0.746602514211673
-0.780363929378648	0.691115851378906
1.6963915598534	1.9329602337367
-0.234450828969989	0.187354644414227
-0.309295077758208	0.205471923283751
0.700649769542506	0.793931032462683
0.101080288477924	0.101663150204816
0.241241855855763	0.291768906119434
0.0857606428609058	0.102377009063016
-0.0757361191374057	0.0897208049647043
-0.0177494269043167	0.0166422238512133
0.387239041545097	0.706099612763216
0.416000805484825	0.634645400806159
0.239583084331691	0.310650615243993
0.594112305152053	0.81249036096477
0.171072854389143	0.210822615570438
-0.383410023400209	0.373305888744471
1.32276505698847	1.63866264444678
0.00231527471924785	0.0014796348865806
0.0672895707593606	0.0519992683840345
0.480177638577737	0.447179408128575
-0.30082155159047	0.34399470547832
0.209309215337538	0.160739270406559
0.288633301138946	0.245970812072486
0.589571864235637	0.729330687341191
1.89746143641518	2.04886025087696
1.16681106147828	0.757752776518898
-0.638265507707391	0.585781931206769
0.418979707755651	0.246612872221478
0.707564077411938	0.397647783805708
-0.183707429044069	0.0735458620687447
1.16424614031769	0.754889071077189
0.758425492447115	0.308921895316039
0.989303049336629	0.460796589969155
1.14595168407944	1.02526962386711
0.868717571427527	0.546020058079055
1.20359358171038	0.637054562688572
0.112241162219922	0.0797020886891312
-0.260938091729342	0.329922329747436
0.733960390669078	1.21594340893983
-0.0686264036403445	0.0821956466009164
-0.138594225939705	0.177986432265173
0.46619311571877	0.804313035212445
0.470703676203731	1.00166318887899
0.126223838746395	0.174394042383667
0.146656506122178	0.143240240100944
0.399427832753223	0.350879655118348
0.374015819562388	0.145789427860504
2.56192071133403	2.36960189795637
0.521997616212092	0.36201058286013
0.46395998687459	0.357166926142668
0.208192056592449	0.171254805519814
0.656861530685233	0.685064457142765
0.969513237406784	0.939567196202823
0.622614692231338	0.279507073460342
0.255172616081298	0.425953733550988
2.67471155972282	1.58070868082077
-0.0942483586978088	0.0487434654630802
1.3776539884286	0.813103450055557
0.215244871541727	0.135341554352741
0.0702890199668845	0.0259890387489126
0.984635146471807	0.364073470146932
-1.4018955406001	0.879947844463105
0.250113540031675	0.137710406970106
0.458972064506476	0.158892325579905
-0.551409124275807	0.371974385088907
0.0712169845623006	0.0291096180326506
0.414769917513783	0.242843388030537
-0.374228377529955	0.309572912418561
-0.725848055649962	1.08097649213901
0.419895961579288	0.654671314382147
0.227018558884323	0.323054658866465
0.362605631038388	0.645439571485396
0.558069641216102	1.21497605320504
0.215869216414907	0.366482517907914
0.250962856392938	0.481972619211954
0.760136347706356	2.16781896944504
0.65378692507566	0.917690494854966
0.0964341508870401	0.0953921391816395
0.523231440325797	0.628660459573094
0.914446850147066	0.912835449927827
0.0682147803402425	0.0277400063434243
0.869890238685635	0.542260655427488
0.487105277122686	0.35772142570451
0.809150501897415	1.03006259082167
-0.0977903163706407	0.0658459320667271
-0.51330752867146	0.396444054310704
0.780815184004348	0.527113018109678
1.19754080182495	0.626379684765776
0.826251599496493	0.424963543073792
0.345950859279349	0.242369229140407
0.639499497103668	0.583635559981366
0.350783951258199	0.244679539285971
1.20611757621201	0.633096218620687
0.418203391344638	0.244466055884415
0.0951021107762315	0.136788329079901
0.0389294279055492	0.0490326424222411
2.49591173998064	1.33870138272947
1.71068563886011	0.917292830258546
-0.13965240944268	0.0623180442180972
1.20308142301355	0.641920679502866
-0.0540776269990355	0.0304625149380873
0.101230426961354	0.0296586789627306
1.01269966518705	0.585807247827418
0.0738837531331322	0.0303059169902893
0.710959889660563	0.39906496171379
-0.221717572942134	0.0809577654884888
0.752890772068621	0.308559001730058
0.376442708001363	0.145406469609892
-0.684912643882809	0.331610168357276
-0.143318570026702	0.0634206257911964
0.763637796103384	0.741344814879307
-0.277894753399087	0.35261674532114
0.0533993817391822	0.0499656222405248
0.0345613764765334	0.041534303414673
0.335302751260584	0.654843145236618
0.537472736613805	1.29817032281121
-0.0428810271068795	0.0624241244959528
0.0896171328138727	0.129293281059539
0.176114311631132	0.317361406184937
0.178141100370546	0.320353749034291
0.550678936959959	0.7034176138289
0.857054383436827	0.889188867711918
0.312558862812975	0.334547097295789
0.582563606987533	0.717623852382805
-0.449682162923014	0.584474559268223
-0.0946301368718073	0.0487792966125513
0.778195047176917	0.52702254179699
1.38020019526391	0.823163404864463
0.218460202061483	0.138516469218907
-0.0268677602758351	0.0157857616877587
-0.109777412960767	0.0857998096608861
0.212907890630182	0.131551525738014
1.15353418393622	0.900023176395063
0.211316469002668	0.158225671157359
0.75900320377408	0.636019344319
0.528821682787396	0.260680757012871
0.384918622948115	0.238531693806474
0.922520783941224	1.18825999360274
0.435653548133341	0.941077851345683
0.182763322835429	0.278235389531676
0.173572520975326	0.225501132733196
0.37378724382897	0.500800262244045
1.07252651729474	1.21849677243022
1.20063233883561	0.632827222194418
1.50695048587833	0.718406713269127
0.103963772949001	0.0302885008832616
-0.224252897124801	0.0824648870882623
-0.133521186363671	0.0591288073356904
0.0826554483187954	0.0273070224947341
0.448842674203288	0.152641499750924
3.25976913072438	1.09873456934601
0.243074033725922	0.12271337304108
-0.220050443315259	0.080826216952502
0.0618618673795744	0.0252486287537362
1.54433691784598	1.03111792691154
-0.217406245991229	0.0798344670299611
0.619659147063242	0.280559925219425
0.316274600882681	0.239066610122578
0.0812062539525708	0.067789750698267
-0.241804461647275	0.247980097841044
0.202553056086769	0.293000643000129
0.0555319292632713	0.065691754928033
0.378220265347678	0.689129778086737
0.561094722042663	1.26307504189112
0.611019252051246	0.745848938678399
0.76975044010767	0.834159470001776
1.50279951833628	1.49001091729419
0.225070928307463	0.167452708445756
1.73600562609965	3.80452602580598
0.846972386469835	1.32189202207768
1.44640989354193	1.14398106090069
-1.55875747069186	0.561897601836786
1.2662786845119	0.53920821418515
0.460807563502877	0.248134886082424
0.805998914670828	0.851617006630621
0.343789776190554	0.239576701701817
-0.775794396319506	0.685268855335553
0.0733623017018598	0.035988267237434
0.491964037872537	0.449834793379872
0.927473744691602	1.01066486219224
0.687832374414038	0.486835567775531
0.462501315965214	0.250259194293333
0.320221245039203	0.138814948755662
0.823494614585387	0.424198698946652
0.805694933652222	0.749512545556568
0.802126085395368	0.849129177355548
0.240011688716774	0.375872733590064
0.272314344542756	0.287588849386138
0.461689080669354	0.249829416274766
1.02813947343931	0.853051468998134
1.20427560444588	0.624081898026544
0.975199871719412	0.360229309149372
-0.0309477777850848	0.0178845106407107
0.774748700661815	0.644237270719186
-0.164407181305103	0.103094123249733
0.759446948802274	0.629356302898916
-0.293509203417477	0.0962506662384875
1.42662830143714	0.462133777671899
-0.371597202151114	0.307261748783028
0.413553326809218	0.241517153238916
0.461689080669354	0.249829416274766
0.641378722373787	0.490778127069448
0.868973549745676	0.547831581073044
0.694867573824789	0.702685098896651
0.198036828037332	0.175559907067429
-0.0230374909266338	0.0262360090657957
0.0847428497067356	0.111138768269709
0.0358794546181118	0.0459029086472253
0.155464652655381	0.214438952040455
0.441882524193153	0.561749882617564
0.139054059165952	0.121489061257849
0.303461611246887	0.420843593196958
0.0305615797183799	0.0335301603675096
0.968461225986243	1.15488739758155
0.515030267777236	0.354529024109483
0.519072941121081	0.357365388804337
0.759498623912781	0.808238902258519
0.18760994140845	0.190906870760009
0.198356069795988	0.183699706147562
2.15546414510227	2.72831946390166
0.53134489114291	0.544679193139344
0.0355916790002017	0.0300121342428322
-0.19810418002508	0.194142159863617
0.476301602697848	0.442440194177732
0.461542858589014	0.444979068093084
0.971142843885103	0.952038344859825
0.261021802290555	0.464864380618702
0.346723596896382	0.865370552321677
0.0309569142544134	0.0477415125442204
0.235475231698451	0.453504018768314
0.331898243308349	0.676996946150353
0.38436437505763	0.650644290038817
0.1110534498337	0.117176392214058
0.303868325476507	0.441358016896602
0.248641250020443	0.307884837184549
-0.0225319088194699	0.0233318012443689
0.520900881363392	0.696918238578598
0.249143840455227	0.29218471099406
0.392032417757467	0.508369993983547
0.278745681523364	0.366344579322217
0.434757643865762	0.666906720525074
0.342733889496841	0.50522426110909
0.596764327439405	1.16274897219202
0.240936113445459	0.361483600512668
0.356226373462395	0.610025812946129
0.00026601774410039	0.000427496660668671
0.161930057484152	0.31222630573063
0.176056320858841	0.270081922538492
0.255184336776066	0.473667107047156
0.736063896723431	1.03627849607869
0.486206432498636	0.666330430053766
0.0981520223829525	0.0905555747433145
0.324531984203358	0.431695983465356
0.934426185563515	1.3953994139973
0.506737742907037	1.00132820506891
0.26697470580273	0.40465087461938
-0.781021826195266	1.76191833066346
0.294531641477001	0.579108008048516
0.532784320834032	1.20168250569751
0.00573679689229268	0.00712357100838446
0.163485116384112	0.255418505312841
0.119429853666095	0.145165328326588
-0.38770813409898	0.55593492044082
0.264140587705301	0.375602035939201
-0.271331904833274	0.421634761979792
0.109032868398478	0.124027636811034
0.948207748029515	1.66649421597292
-0.450021532911149	0.717363522991485
0.375544507515134	0.539785855653845
0.528150602973704	1.73147252252783
0.281719280485839	0.662400545468524
0.352257804768049	0.805202538369356
0.482981256387815	1.06581166979127
0.398472049085714	0.743472800173346
-0.090366669725805	0.123924601381413
0.489609967367504	0.809038297121236
0.604342934296995	1.10675837903856
0.0121738037594383	0.0117281819098116
-0.0657142155382158	0.0715826198059888
0.264096108169579	0.295897169680237
-0.0478710064511583	0.0541674535595316
0.126124957845151	0.158455703920071
0.0646199733993413	0.0718683351236726
0.141468268761979	0.202794026169777
0.345554347410712	0.735841323855626
0.0329441146167719	0.0443666682532662
-0.0168701532186945	0.029067050976508
-0.156451646980334	0.340585060111818
0.487378433496626	0.799698680997655
0.791950689948225	1.01132490552114
0.462574096304432	0.445467243131807
0.372524164227458	0.343569202022138
0.117045261647198	0.0835206107792662
0.305387813396782	0.247886551932402
-0.423386807866841	0.333823598124247
0.214640507921733	0.175441218269907
0.203685908349411	0.365346784989359
0.343915262410531	0.508678328300253
-0.146531730573222	0.179566765969759
0.320719044158549	0.811161020461205
0.175567251779486	0.315150382986103
0.42018970224673	1.00987583762571
0.418455735286151	1.03123536716759
0.721789269148923	1.53998052515908
0.402376292394875	0.685236112902183
0.280231996604021	0.466994625151118
-0.116624064177643	0.110648423131014
0.416470315187868	0.428538031845907
-0.402316826750135	0.625811525180424
0.350467717958714	0.611526475821721
0.405635683598494	0.642122745830475
0.19634881399836	0.293848475248878
0.180285513441934	0.250440539964756
1.00190644720973	1.71661556644068
0.472653074178506	1.08995981762365
0.208864953206071	0.245817840373039
0.509601596060433	0.692630180922456
0.351138442412372	0.346903486889262
0.345575671499246	0.338056018874932
0.0387879565124733	0.0279054948494144
-0.296053932614125	0.277750952244241
0.0690732590263253	0.0555457690695784
-0.390062783489828	0.434019898057683
0.21990501411602	0.163893249580647
-0.0846017655742444	0.0582008003937959
0.432812355567008	0.341468580594778
0.128969477808477	0.104179318545012
1.15687570089643	1.59158515299835
-0.152433124185897	0.11323496617937
0.149329475563151	0.170816563490352
0.664990665342762	0.845892655521967
-0.243344856166268	0.279741313160285
-0.491188178476598	1.07385295894344
-0.272931124741288	0.487565543693778
0.121884343719131	0.190114030347456
0.262977175572506	0.444323867248739
0.176146991064697	0.225376951482263
0.452606786377567	0.816528541377079
0.364630304446435	0.571663305905207
0.331406637723436	0.490374770632413
0.0690485500689332	0.0778571314852556
-0.238090891557797	0.294596605102735
-0.0263449346635607	0.0301587964680883
0.206089930949747	0.258236747022377
0.0350573909472948	0.0375481309223028
0.220087916109073	0.408825627596055
0.377027677479966	0.588066164747854
0.324977112587716	0.510547216420875
0.202886713264503	0.345779557370258
0.685034660323546	1.39212796241733
0.692252940814831	1.03338466253199
1.04461426242218	1.77956369199339
0.156121785261852	0.162790199492907
-0.186530589367908	0.193399319797912
0.510732741895797	0.880363551508743
-0.127113712288534	0.137036104184288
0.29697548796104	0.334868206689765
-0.256478004551611	0.259316060298592
0.0241492826126172	0.0163303986195018
0.374005847728285	0.409351293851626
0.25543826760659	0.30247698611128
0.386740072449058	1.02275691194631
0.166557560773722	0.18685241097935
1.22446270277449	1.88135253753231
0.118865114503899	0.0844657058936496
0.0765447735915478	0.0403781104731782
0.334009660260674	0.242946299418218
1.23986685638689	1.46126387745313
0.201668251927211	0.192205076184333
0.809383021404171	0.744817363559547
-0.17658712253488	0.0712246705852239
0.254459661156962	0.132210742564363
0.338418877994945	0.24688230569841
-0.638537841838565	0.401623779557314
-0.779519404877164	0.624008965422705
-0.0269684551429076	0.0158806743277887
0.101251572988461	0.0604937325476394
0.113214485561148	0.0741553875691661
0.237716495530945	0.29994196753828
-0.620076568384289	1.35219979294508
0.197292574611882	0.34993550052604
0.323992532984071	0.603861347682404
0.460492131774968	0.991194837626155
0.578383342642272	1.29528143274315
0.294582602452965	0.468698821645298
0.24291860172346	0.410587132154534
-0.136692814917891	0.194470090158269
-0.0177242847828321	0.0224945574693997
-0.448201316194005	1.03947198163278
0.0670846549347792	0.0961025580465746
0.0468567096168264	0.0681975128285524
0.140539033814982	0.227498192189513
0.0811168475529656	0.09261425632835
0.256330805190459	0.274646903830663
0.298383918723629	0.424502064750696
0.479752513523384	0.893137148549704
-0.259385719839	0.455623286064819
0.965087726045297	1.15175909913553
1.24272404625324	1.31867516942167
0.935672601491897	1.03355714929155
0.442321324736285	0.446610511533593
0.248624519592269	0.287835798563586
0.430533530645587	0.419528775719228
-0.214739792328581	0.173897257222215
-0.376450118409654	0.441992101263604
0.395946582560441	0.590072603512348
0.260721961103097	0.263334306981943
0.107112967751969	0.077781621764922
0.768307899314474	0.740191915240672
0.231700385562434	0.12791697473164
0.175516458171857	0.35507283504431
0.205641859754371	0.347911063636874
0.319503084093272	0.356294905550519
0.443451425441438	0.35358582310767
0.424902196607282	0.248639996378196
0.694255096617678	0.502683270654142
1.00478553931152	0.577911514615441
-0.570425399296877	0.301927507751539
1.03280419397568	0.854324269058144
0.124993271059749	0.0953233185036941
0.0694463826888884	0.0314325705788744
0.0703733748218045	0.0288783052212046
0.526831335909097	0.26063959755273
0.420154964827376	0.246442940426423
0.466651911137477	0.252688220888875
1.04454996361743	0.857018166186584
0.0864855997447468	0.0514507417289427
1.44815491263494	1.14341946162164
0.419836827398416	0.246036785217368
-0.540913816940548	0.658812318441658
-0.23050197571971	0.31122540760453
0.0904474666668807	0.110984993847475
0.135633523215839	0.194116104962567
-0.0773837443879824	0.10792599019799
0.310829833230604	0.554277609845232
0.325335537408731	0.556619919517942
0.302713026091016	0.655394934339242
-0.104319182384886	0.143150458299959
0.0950599960570832	0.150496283279906
0.00756068753319371	0.0108735544997883
-0.2566486043096	0.469741487785862
0.0270672036576151	0.0330608739509594
0.60482587695053	0.811291335195364
-0.416219482892969	0.402929405662004
0.248209648266998	0.302168245197998
0.139350515205213	0.163155379904009
0.162407229858154	0.199778764129909
-0.0300576182341588	0.0173728430270201
-0.230867117347871	0.13297871967162
0.516886495070774	0.251538189522954
0.203425382846667	0.15710248879389
0.495043225458518	0.664483454868232
0.200204973344037	0.182410795957361
0.450885155287794	0.426420708448774
0.595370732235168	0.645507487675984
0.386329272620256	0.429271199628587
0.281396203970763	0.238089776030777
0.732217893370073	0.890926157459358
0.456259806277973	0.344682817173719
4.13973149950428	1.93323506941988
0.301312505720491	0.565897286959964
0.224208079976787	0.132880722588881
0.34743246840862	0.242922424203269
0.624958281349428	0.383340788153658
0.108408377712761	0.071517003602336
0.334351631734236	0.24385930893355
0.0674195774755689	0.027647966157776
-0.176196647878592	0.0713606040843986
0.278755830933416	0.132294322844048
0.462267700502188	0.250827634603424
1.16553898154942	0.762511779129137
-0.709208601273023	0.688053708415702
-0.237320730440364	0.137064512096692
-0.289075849667688	0.155326625761686
-0.174158727342708	0.158143899495339
0.293884530054833	0.437804980204702
0.238489025152452	0.315451715691311
-0.431337618156676	0.918682064731702
0.273385596028189	0.476165074041993
-0.249360435345895	0.381253794150279
0.204892640304058	0.323114066746688
0.324459587965188	0.639095988283757
0.157804833431991	0.261589982260911
0.0249685032020745	0.0358922411493329
0.146023004410636	0.252613321795816
0.236399281613582	0.462706929705111
0.446916641944701	1.14770261918962
0.304888754024514	0.538477921455391
0.315940366996918	0.478233450452182
0.695565071891955	0.951117668800356
1.04691155573134	1.78916424214063
0.202182679950961	0.205149100907841
0.0899557556665656	0.0953633498698828
0.0494605545128352	0.0568098265812795
0.362545074605902	0.340808673033066
-0.26852118377852	0.182239021776249
0.567765726827111	0.469997930423766
0.482449493540607	0.432284512507498
0.277989934496976	0.132800198172598
0.469133474081143	0.163814067909815
-1.5710594072422	0.79508966440019
-0.324578350642682	0.164239165109091
-0.574548045639028	0.305061327277065
-0.137115911595269	0.0605900978954978
0.766912936724423	0.520165542086336
0.70614019712958	0.400268383730613
0.465736949482581	0.251396023793704
0.211412500549932	0.152149375018099
-0.801223867461059	1.0896378826721
-0.220510130601049	0.310831985925885
-0.152167890252293	0.205056561156065
-0.397448747131495	0.775870591088313
0.11058801420415	0.16551318862226
0.142938516103128	0.218707113451739
0.262660141243022	0.44205171153649
0.482956271230221	1.11172350634823
0.0717593689917493	0.107011554265932
0.149274451662879	0.228538034701865
0.268116930237387	0.517221308131699
-0.508352688276869	1.3678431857271
-0.0668586415329275	0.108091742695676
0.194807490467949	0.362626162943351
-0.0778899478921009	0.109272146925636
-0.401770803560573	0.645350948005404
0.0129898101441302	0.0132667594634514
0.10961800476012	0.109742667802308
-0.0432630380792202	0.0358652147257939
0.159199649236973	0.169420798759879
0.37565160613881	0.496545788025716
-0.0663196849240739	0.0708246011707549
0.316090821211047	0.24872579129882
0.618594093298108	0.27676313448529
-0.0839081547760754	0.043272702168327
0.539230163706514	0.465961389205456
0.281399576156966	0.230767920941538
0.604409351400497	0.484806996879227
0.468411691961078	0.163627726712943
0.766220180734505	0.520098293124435
0.473631923193421	0.444784143365336
0.711776897362266	0.403026255025232
-0.131041052964825	0.0842231351339905
0.229562159343787	0.152452184793619
0.0730391036321189	0.0269364233219268
0.27792835601695	0.131039004871997
0.627841522543988	0.194084718523273
0.0702890199668845	0.0259890387489126
0.83436894134288	0.425778071740774
0.273770481524023	0.129853082519751
1.38782824548448	1.28479165876622
0.330755558796042	0.241123081508673
0.766017756636391	0.638580690107873
0.0143793601793768	0.0117793242363411
-0.285914676633407	0.44269427145048
-0.220277481673407	0.324997188361864
-0.120128623575978	0.184566329778327
0.168109495722754	0.284285567141029
0.146610926078047	0.239850264532993
0.0242055561989908	0.036105863371894
0.368236348337208	0.849390610143698
0.324408116207367	0.680900187830464
0.368212157904057	0.893263329534176
-0.0607295450694044	0.0927712922397885
0.0469962085541193	0.0766737259415729
-0.0891738715993809	0.154394702828881
-0.0581533991272656	0.0885514501561976
-0.0900330627412672	0.124238601353608
-0.0260514410223099	0.0329488211857016
-0.246373655452914	0.355338026543413
0.524897949072964	0.761110755965592
-0.000699371680340105	0.000409758697822384
1.14068432564843	2.26355211530624
0.348815873240436	0.441085030178369
0.400344693661568	0.583103916882457
-0.463698666906571	0.368863325930102
-1.74455260193513	0.993114024327737
0.279487783498487	0.132613367013059
0.760854370902284	0.986279811273158
0.889385922853241	1.17449793757709
0.766762667865072	0.63626443574419
-0.492996827654265	0.281706255267515
0.067186634253496	0.0303270653345021
0.822365734050365	0.416477763532836
1.0158835468313	0.706635405420049
0.0822752065428246	0.046827801753053
0.487635080545353	0.356194698840289
-0.107590288199987	0.070385822237917
-0.289403751798417	0.223138637656801
-0.0248055388764512	0.0143491514845955
0.209878365395871	0.177420392272737
2.05998503445136	1.93102201371279
-0.0645690590514457	0.0350853183280006
0.516319162657927	0.359608556335407
0.723084114496906	0.623537416362023
0.520087580556209	0.357089390884268
-0.0677280757903137	0.0476592303617184
0.383018647238334	0.342266264611895
-0.473773391534811	0.576840510533865
0.170007341383345	0.193553731966359
0.201852525559452	0.303805325694618
0.037539627932032	0.048440100594452
-0.228129282883135	0.310913899819484
0.817874759132901	1.84315397638405
0.199124216053035	0.264033256958162
0.396236220200826	0.605471330699062
0.234632273396046	0.295960686697616
-0.167819282797476	0.19045184644088
-0.0805087198554906	0.0939563749959889
1.00706916437961	2.23901038601217
0.137564462583114	0.18946982083004
0.0292216819703465	0.0319520287275477
0.579883722833711	1.24592297590682
-0.265249057617797	0.477059946410036
-0.0463157156142548	0.0561205058973574
0.371485971622456	0.565134627199229
0.421641705094676	0.609821978034447
-0.138975884661497	0.15829253172422
0.021735614852363	0.0209619223289313
0.00157729902238547	0.00154475400639722
0.366232888136513	0.481206606696763
-0.385552602882788	0.406326943886221
-0.412051933127053	0.36020913766684
0.720233189359529	0.710986909583083
0.348885463555083	0.433060634062225
1.12972406722969	2.14835239311645
0.404169263485771	0.423398158335203
0.453603304826062	0.513913129845001
0.220524536509081	0.1308609884208
0.119737027714515	0.0854873626171109
-0.157139122867444	0.116913853006211
0.102239860054152	0.0646234865697507
1.12714778418314	1.94746458579659
0.32669781143171	0.3346904654631
0.248415750292019	0.291338488850238
0.0321355221278848	0.0311607385908909
0.0321413526218592	0.0260988303558194
0.413452178486624	0.513239508542043
0.512527565915809	0.613189987433459
0.268221420913485	0.25787448789594
-0.159415105687615	0.145049483804307
0.368699683825783	0.411147569925873
0.0050152465914848	0.00449686863596148
-0.144150284047888	0.144406674948421
-0.242622699611197	0.402822483779505
-0.418523949444719	0.945294234451057
-0.533401717540027	1.24333757756382
0.113220098710727	0.193841897476784
0.461055375325025	1.1003225127812
0.190528760395745	0.309263755816948
-0.207868340453943	0.303004136418848
0.538854887194847	1.17110710529531
-0.344352190061506	0.575409871425375
-0.58222184813764	1.16533730669208
0.539087393748983	1.27344449688696
-0.36244682235732	0.69223871802463
-0.278995390965926	0.498235913139738
0.0927914200337727	0.125205247035895
-0.44629322787202	1.01080789314515
-0.618582456611037	2.23313703111358
-0.455148209067864	1.18703040527283
-0.123652892028056	0.207404036785512
-0.497336757237448	1.20194192105301
-0.106648374849275	0.166876477648979
0.650885120711674	1.6440578184368
0.315956078785363	0.522611069729347
0.273788505184523	0.472965475189878
0.404212392866324	0.705585152403873
0.264433385327504	0.323441019843543
-0.0442526009987921	0.0440417479457384
0.342107602063838	0.524183902938038
0.62791639046219	1.2127696662467
0.171462936662635	0.205176633677457
0.310049825060078	0.444865010064736
0.200498075482766	0.230541093523451
0.116951590152896	0.127787126879932
-0.0724682586084881	0.0837553005839668
0.279578811072275	0.35326813117727
0.395561112186292	0.49114099142061
0.186250652536841	0.189567047451056
0.140352837745793	0.124834882647622
0.0836579898429786	0.0719491586025882
-0.415982389624854	0.492810815009823
0.288710160818751	0.334018503023758
0.205471201832652	0.240271175019361
0.724720069453021	0.797303075741159
0.556557768990938	0.556358086064816
0.188493428790352	0.184098277991357
0.684995610712429	0.691899268839296
1.15382265643902	1.03762897167459
0.93493042469755	0.794828737299038
0.71308212175052	0.62419049631031
-0.45359022073429	0.434044531509242
-0.546716291480082	0.367176319941619
0.0280690543749792	0.0190013613800308
0.715408097679858	0.70540822409332
-0.44267814331644	0.456037324967459
0.441695593964279	0.74170479338311
-0.440802746475036	0.938510660288704
-0.0219697720180709	0.0275268493972445
-0.0784392798597588	0.118393400160071
-0.396787823786605	0.779388575503188
-0.0989652089075748	0.127523424769821
-0.239676363384906	0.397148395234347
-0.0513338464165149	0.0694191454890404
-0.0390584261860976	0.0481925933528808
0.423704296467743	0.946832986989771
-0.149787558354997	0.214905507271876
-0.0859436474859466	0.119148831558342
0.0421239686341175	0.054417037624745
-0.138404638330012	0.198553005609307
-0.119575310734086	0.182765389106984
-0.163951469451566	0.297767409079709
-0.69495361623566	1.63049751034972
0.205072080263449	0.27767505731903
0.152497545740332	0.147428300917511
-0.097475412016223	0.102426247566523
0.237304208080943	0.351842641135808
0.51819538429031	1.09636383577278
0.212231546422794	0.198852613101858
0.125684717337239	0.0929297899102286
0.107252085847147	0.070455390350204
0.203041927086706	0.170956925615332
0.301378855842748	0.365909981375862
0.380879491539302	0.412420372219322
-0.109327930687415	0.0826887831595676
0.0789224282839627	0.0655948786199583
-0.586143100978267	0.658133566087339
0.319345259436501	0.351269641933648
0.114219004632118	0.0808226972820115
0.0624043209077862	0.0491088212251919
1.25524195020048	1.21116341084186
0.521492015828137	0.768307074019166
0.712561498341789	0.954555030745189
0.218460202061483	0.138516469218907
-0.619157768018872	0.510544735130341
0.213884106851968	0.147441214632968
0.425760785570558	0.426386741416898
0.119125413776788	0.0850861430544809
-0.203521019900287	0.144616152434599
0.292659554674858	0.243774486852335
0.289526329104014	0.240907197914275
-0.329720279888331	0.248801585902767
0.331458403322846	0.239824442212915
-0.758455630964181	0.533903987049731
-0.0928820615578691	0.0623312102157293
0.367463397157123	0.242679239485199
0.905415943089705	0.677290276345878
0.445765036049468	0.435624205995797
-0.510329749090898	0.51960705473686
-0.100365198283487	0.0862573297838033
0.122333963295976	0.149395453840836
-0.543222297350277	0.975007872699327
-0.096182792750104	0.133000192963345
0.196860230576027	0.279665615603581
-0.0427050314960013	0.0479057740324067
-0.0587067935068617	0.0656664213144102
-0.181032473907872	0.24426210443586
0.614978522417752	1.25030566317738
-0.208235104336098	0.257658513633784
0.195611043229791	0.245297632151026
0.10383469846859	0.123358828967695
0.444687134902423	0.882879483247603
0.0383554467553588	0.0430939490384796
0.210974200501862	0.309928282023521
-0.554729943451252	1.37504755621247
0.00980429000939886	0.0121654541863581
0.152068055176439	0.20323383375626
0.259898606190986	0.395528994375233
0.24851146275793	0.297707516937082
-0.156685176021638	0.166861184403042
0.021204981981356	0.021826537675904
0.20710622929032	0.300647778053561
1.22929838604897	2.14872351316376
-0.001666206022063	0.00134156296605817
-0.136166059472561	0.087807385598708
-0.265006767195098	0.253841373827448
0.828014811342803	1.03794816466404
0.36397750145036	0.416460137633878
-0.211263951781188	0.18797876306486
0.203591803620181	0.170414786947404
0.402062702226316	0.432232441392583
0.190551393661619	0.171484611555731
0.0730590581710807	0.0610273059059479
-0.85552463947027	0.9906387416863
0.10023097551307	0.0678214266847473
1.06273690528083	1.0847492104003
0.639320278928385	0.746230469274912
0.283222061006641	0.272876560963292
0.475123481056338	0.442813879799654
-1.34170891097302	1.2390950099181
0.81450913480265	0.766412164343762
-0.177668409379124	0.12802856844612
-0.985898240072478	1.18151851156838
0.646448015524889	0.494132674628427
0.139378635079572	0.11963277412049
0.0823906655296224	0.0823329699424784
-0.0472171106558874	0.0436517301770321
0.378433070036636	0.512145876906667
0.45011591548844	0.599135979206578
0.0987396681427702	0.0863750953432024
-0.332470851494119	0.332910246902619
0.89300745937808	1.60170074160482
0.867686962431233	1.32898622182335
0.494364159047504	0.676154510215732
-0.272164133524273	0.366575190305091
0.398291959782681	0.665988772399839
-0.236781072898596	0.39313819794731
-0.104311591857861	0.15900997771744
0.773710167578774	2.01986940233711
0.0618969434822314	0.0886265721415709
-0.6639160825945	1.45399369992764
-0.0535012498803272	0.059893262109884
0.547914124161076	0.926951693418836
0.842775321977525	1.52909016582346
-0.300750174055975	0.413027725381598
-0.0421984179135269	0.0378936122008385
0.236494944963677	0.319712659654337
0.653820320347158	1.05430766926315
-0.393987403333529	0.541643189815235
0.310765350492491	0.360059737682465
0.81741736308056	1.50644979387481
-0.0955294704671195	0.154378316063429
0.388568978876432	0.85099245063627
-0.236327444858951	0.375573278711173
0.0893307239617268	0.13535779289206
0.398432858889419	0.735228783215512
-0.133915575394343	0.179146405758496
-0.484372542872096	0.836917351066188
0.286967323976608	0.481259041749386
0.146631517266607	0.194758893995173
0.378172770097416	0.588012448492218
0.00624467305583453	0.00670923865282894
0.706391495805485	1.39640273929946
0.255993332487997	0.289567784877106
-0.385932721001732	0.457034380921427
-0.556386423941002	0.734855062963151
0.51839680114133	0.902169099097179
-0.462411175970179	0.570682462862981
0.400985796985315	0.420141134903913
0.349940142044625	0.485810097112922
0.400613720852071	0.511604750427054
0.671045426686758	0.841662338784276
-0.343648391124992	0.388522267939741
0.130044480982194	0.111553374997538
0.381300666782426	0.432563191151583
0.0435782284766575	0.0385249822452871
0.358467040711795	0.419302704993918
-0.173050031551382	0.154040238751588
-0.0304926275466081	0.0273492398679502
0.162185227577218	0.161646207293938
0.191372864797125	0.191241499687089
1.25333702979473	2.91230204353151
0.129987863426213	0.145660175208145
0.177361859476773	0.219247913040979
0.0162516664695194	0.0141407011396128
0.131687767786199	0.102094404398942
0.949598178372628	1.31758791434791
0.414128802812367	0.244381677409525
-0.385860721985506	0.177017046836071
0.62286657030765	0.275724729076366
0.762997652358486	0.637021579374826
0.721768918074091	0.624861146842916
0.872590962532767	0.556578566750896
0.219087675906992	0.129572332990814
1.86213355284489	2.33588014890649
-0.224899304607606	0.155111314179668
0.597364490479185	0.958626137456401
-0.168736284179141	0.214203974732293
0.50601179609072	1.03704831070499
0.244350018646461	0.465563747371323
0.496216138239616	1.02863511111261
0.0228635447159058	0.0270771381347188
-0.333366155895839	0.605800477876598
-0.000679233004412198	0.00077567700384905
0.0272378801973779	0.0337030949568812
0.0123266486321117	0.0161956076080135
0.126372090490612	0.192567691986727
0.928637774262393	2.87914835051309
0.0606441324747924	0.0783713631170574
0.345784425379931	0.707868228530533
0.211448560617525	0.335982171748939
0.375375033024804	0.700401068056484
-0.264461219473702	0.433552170180484
0.555314788902473	0.868168818524774
0.695154143427001	0.94395716858212
0.385321409415292	0.519128940267212
0.362552271623228	0.617931240378931
0.0336973567301356	0.0397196052620614
1.21566960492742	1.84941149424394
0.232966864784901	0.129819808422416
1.25589972386912	1.21451679583744
0.214854134391395	0.153979296725895
0.506096427847226	0.543265545132795
-0.0603129229705105	0.049869013918842
0.365737728429442	0.337084636835841
0.314892599826725	0.242887448705678
0.760464390845241	0.982512693267558
0.87574475789472	1.50526493193876
-0.000942361595667696	0.000595280141687595
0.683531491430981	0.755546771955092
-0.506575195529034	0.546540458689197
-0.864720623815071	0.46971845472909
0.0855375092670015	0.0281508086620049
0.889015290306944	1.00214453171666
-0.693800785607531	0.56562179786875
0.427601752529615	0.439750817012392
0.223900277739687	0.133242308670125
0.365511587159026	0.242918559440912
0.519876889749159	0.353732348016865
-0.364440709103655	0.232738324751838
-0.88466663551609	0.683015301428477
0.0758886541423489	0.0403083216662976
0.280997928675652	0.238626942630265
-0.120391759560747	0.0576969792686035
0.071801576567548	0.0293255993580241
1.3142901899717	0.951891609028258
0.423799671682068	0.350267909318389
0.0831886566975955	0.0438386466450871
0.45465101329093	0.157556342383991
-0.218675014975353	0.0805964287254102
-0.670733847718281	0.488425238770109
-0.680481834734712	0.326105699333911
0.0800501100788598	0.0262844306141061
0.411741324138864	0.238539100644248
0.437180062113963	0.348479105470928
-0.617542914651955	0.517101036259663
-0.187582853693457	0.181550693545724
0.052048588787662	0.0607095289756165
0.39988301906844	0.645518800721166
-0.388214373484887	0.704560661129602
0.210634196517287	0.347553826110628
0.099225771364171	0.13044318837093
0.0451304168353373	0.0603430839100659
0.0474342642937724	0.0591865888402144
0.32292313293836	0.590031167005023
0.614510732718368	1.8543858423396
0.118113078009369	0.171487999250458
0.0378784062523077	0.0510374855268213
-0.416404246120759	0.861677355115876
0.761832296771458	1.96694502645996
-0.0367427707426851	0.043750367213567
0.290378975079256	0.437262331720452
0.166344488978937	0.19203968086588
-0.112381973476701	0.105241908166976
0.281361069273419	0.255370586294442
0.584556542274951	0.720791783800103
1.60776184261323	3.93219246321505
1.08956772110186	2.26649471196698
0.836126255901236	0.938685658528835
0.522632201174558	0.364616651603646
-0.570425399296877	0.301927507751539
-0.329200447228441	0.249912088467333
1.06321339759484	1.49000619682886
-0.313081963464058	0.336234575361476
0.21226939388653	0.158542263496662
-0.11303264055263	0.0747753026787119
-0.476100336578476	0.485825402174654
0.120368549449356	0.0884614836233901
0.565505679674652	0.549200799493231
0.092231837468018	0.0553424409328903
0.463332468413825	0.350257608463215
-2.34918452561817	1.20037426615156
-0.866828147939465	0.739454113618403
0.0727707459242296	0.0328782558831896
0.203282635420992	0.123047979272419
0.343916817896771	0.331314773288958
0.214122203958427	0.164554762030234
0.410918347282625	0.237158664859515
0.0647224702307564	0.0293421187658672
1.31604134400315	0.954449285398167
0.776058251860694	0.530309606780402
0.312604876265789	0.134356815428317
0.330137661747963	0.240230730579285
0.21644752638823	0.212398192946824
0.460901193796503	0.347746565717704
0.421070998443968	0.2470430680795
0.464091577415271	0.431087392998058
0.820650214508301	0.649845118949981
-0.210937833355762	0.0764470370045478
-0.0698856469825242	0.0381002058971515
0.0716089016252347	0.0379043324984967
-0.14604497068624	0.0638674570792644
0.382494889808968	0.239583018452546
-0.267848729191208	0.183302010620976
1.69354054611296	1.57630538798004
-0.862867629505253	0.469532718546301
0.130016668645492	0.104805165265581
0.0596973142727262	0.0693458369583315
0.47108671919455	0.811617507888733
0.0981284346501822	0.138674742352999
0.141451562131658	0.218956529897096
-0.0655891973475309	0.0948156942511369
0.0581151542540413	0.0894937469446359
0.180278182792357	0.315982785451341
0.288080281297101	0.614223981265637
0.438285123340463	1.05714312273162
0.431819211496005	0.98116537934025
0.181960591174095	0.336279137958722
0.327174414548509	0.745686575304357
-0.0355713411676888	0.052540700826058
0.26581565422898	0.448142884354627
-0.0153663640326806	0.0163323255670938
-0.600785599956731	0.921980926908426
0.21001567256855	0.209708881063863
1.17248883919068	1.62062233444607
0.440937282848703	0.507878886370509
1.01898792837488	2.28124769247407
0.727592191787377	1.42125371785682
0.210660937881013	0.145074568518989
0.078116135421664	0.0316184998386676
0.25085980324563	0.130439215843075
0.0928139816624021	0.0554520809742705
-0.156460628151871	0.130610135238031
0.0661031452312304	0.0536289274827322
-0.668756608186973	0.490399318244341
0.815179231981054	0.759145243212518
-0.203609837491221	0.163781642106556
0.407550723358238	0.410925956381906
0.197312995181518	0.158874912724652
0.666223156687155	0.600667482222406
0.0706185714748026	0.0347089484943033
-0.9917970040581	0.819537379670339
-0.386425174120001	0.180798026975609
-0.579407127488871	0.539227343076549
0.362055781069986	0.239826392781126
0.528184112496964	0.622484325634861
0.367937006051299	0.246025751905546
1.4478736635949	1.15474316498536
0.46489631380229	0.162505252822639
0.535381413012979	0.262664050602306
0.466501780104293	0.251772534719945
0.0374332031075711	0.0262256666252139
-0.04560113004644	0.0378431956672485
0.513789084561111	0.354031275039343
-0.225877060655475	0.178143437662067
0.601756902287503	0.481324062462334
0.902157023518484	0.676428231265331
-0.0646721822796877	0.0351525971793952
2.53687447954671	3.27217900126415
0.12271326753524	0.0898553791167431
0.998480996543295	0.574957650321691
0.20986530424993	0.167799136835645
0.0714800553870425	0.0324229000069652
-0.63400679312301	0.573655575895373
-0.239669739451289	0.273996674479275
0.176411976472111	0.259132334350985
0.17349869296865	0.269582245685735
-0.016797173425078	0.023452720671729
0.0381985363336369	0.0504273739244561
-0.0639902626683791	0.0804533964663821
0.193465180342983	0.330226646085018
-0.299307685684609	0.548268811112459
0.232328893766307	0.403919287831634
0.312978192919727	0.638103177711701
-0.0762725101696624	0.100183087886521
-0.261622320712944	0.483153341991294
-0.0750213026322088	0.107765274484841
0.0666487684918396	0.0960266350867826
-0.378703225706425	0.773964126285395
-0.492139915701057	0.953738393522346
0.113218219117135	0.154973753953851
1.10531283497073	2.73503708603547
0.581517259818158	0.787607564039896
-0.00387030654057454	0.003316433711249
0.410164255211879	0.702479188751879
0.278763543972619	0.430247109267734
0.608741808734848	0.664575768725368
0.22121245018352	0.140408203697219
-0.873257659680254	0.741515157221877
0.551016137177154	0.475293629148978
0.495688445015159	0.601467232610225
0.133050176089918	0.12029208525987
1.336427949447	2.07419704959186
0.0000839020051077659	0.000109943537497508
-0.186643556480493	0.169581948438807
0.0393476806139193	0.0341760709256
-0.0556528074731057	0.0455329200377631
0.641378722373787	0.490778127069448
-0.00786727393421261	0.00478651218626279
-0.113437569517185	0.0545902546264895
0.22953007249306	0.136155739664804
0.341769442241368	0.313165911166315
0.67699629768335	0.68265070201275
0.409208184403378	0.430482488512994
0.437798833254058	0.430133451382382
0.464325644387512	0.252066146880442
0.86358803894209	0.536662666434475
0.303533421099894	0.356769040857637
0.0237078822922048	0.022449835478126
0.104461086210326	0.103242925336356
0.0455015464977491	0.0414928883909384
0.200146597458331	0.190925582294387
0.395808279044582	0.52943993519884
-0.343795625625593	0.388179143049504
-0.0593950326947812	0.062127400853345
-0.232492528675267	0.307629518641345
0.351374387983917	0.6232620495015
0.010350310765092	0.0139594385225497
-0.191816314628111	0.375021879461174
-0.171785741783341	0.270461391639501
0.096476921899311	0.163906661506611
-0.052026462537805	0.0664777623617508
0.0619979859559303	0.0808642335447066
0.514025084058533	0.809057092561779
0.418977814129636	0.581123009609434
0.413221240953706	0.671747382529381
0.637473158366506	1.0347962831498
-0.135992940639391	0.174487412971465
0.353487237840776	0.421364162289156
-0.0436791054281864	0.0494245423423413
0.648992848111625	1.16919131182003
0.199084133882368	0.250536952547073
0.0923539485297635	0.167466870352913
0.021912099619226	0.0330776518743123
0.0373068462304521	0.0515777033627386
0.027247797154163	0.0405015143433439
0.176979708835926	0.309797600162767
0.25575518326989	0.439009761696023
0.248929351101002	0.341876072796768
-0.136766908366942	0.188840954612228
0.720310222498643	1.83114749676942
0.260737546241371	0.400804224003015
0.482586519028738	0.827589647922149
-0.15275782395786	0.203958960984648
0.637895695731589	1.0527403212443
0.209927262559557	0.311960725507013
0.251606834054162	0.33129448925698
0.26282046401597	0.397258577419389
0.696113501523366	1.23585828409915
0.655764209589194	0.997934442678446
0.202290630710193	0.251192820896719
-0.0129091900223489	0.0120998844677856
0.358296119457653	0.499045903145427
-0.145798694185794	0.157821434495554
0.101575300260975	0.107592055642208
-0.127296720005704	0.120426032413885
0.0233163371411115	0.0240444357946815
0.0591639195546094	0.0557826092737733
0.077481519717233	0.0781903637145604
0.286964807461331	0.346719665301753
0.0502635735486711	0.0385807858847606
0.219651882330792	0.129989364536267
-0.0119659597771242	0.00715095557282554
0.464487366531298	0.353296839827995
0.25032191658803	0.138189224716156
0.973546487847612	1.61283062749933
-0.00557358566003449	0.00651981335487445
-0.123263047416714	0.178343203169551
0.103464478226185	0.150363810541908
-0.0951043780251577	0.151121679368473
-0.054630350797435	0.0701940415863633
0.0396594536449824	0.0564054357531006
-0.170431309586486	0.277109600207093
0.0844675410124304	0.126939602673562
0.382078095398742	0.902426633713492
0.0676187445470131	0.102791673890558
0.419107134936588	0.976116502611496
0.0581192616214575	0.0918162620009755
0.0610304265411832	0.0926922390013004
0.292913055021107	0.522131286407393
-0.255309481516985	0.42770004607738
0.57834586004872	1.04538142167224
0.0492610334346414	0.0438119803186466
0.0824162239878359	0.0705574164031711
0.254417424095716	0.260402264294188
0.878035734300327	1.83555063130563
0.546568918791455	0.868167507380604
0.657182191657612	0.687042393682383
0.866841050560163	0.776384697141009
-0.520805883329368	0.407781683228689
0.904084891695882	1.0968455123188
0.545278606719963	0.631749779778239
0.451642144053795	0.5136748604494
0.110022545196577	0.0804122911918786
-0.658483256943164	0.651245963526509
-0.147544550003857	0.122459876143671
-0.386507880625684	0.377921209477639
-0.0741744900080102	0.0503093565642271
0.0992891749653558	0.0616373072352468
0.765587508148205	0.519980032335779
0.950016621945468	0.813388170819953
-0.759466287118756	0.532905325180416
0.102619497942108	0.0696786263975133
0.621818855851252	0.656752688449878
-0.0686393710515199	0.0373094993654136
1.03731701215082	0.853846312517854
0.526360340027468	0.258780823709863
0.112241162219922	0.0797020886891312
-1.33743929287643	0.608294676926949
0.0728400667336302	0.0360550627505276
-0.222984848817832	0.0820010323139345
0.116593140294904	0.0832608416661498
0.449170231574869	0.756935521153523
0.149444735767398	0.191772864121077
0.537298687999995	1.3742440399925
0.683013894870716	1.97262296244486
0.459977026924262	1.05287358093725
0.439436202311069	1.00938802027234
0.214086925575477	0.400338140224876
0.0384856140238387	0.0558604227380475
0.387031805335091	0.902883965259151
0.299010838643406	0.601943454622654
-0.126900898973914	0.222691050611595
0.0625286504451746	0.0980161885518135
0.0211464479748773	0.0286228948870149
0.0186319886519345	0.0217153088079211
0.214748308338234	0.250239175105196
0.0457509417249594	0.0388605484721253
-0.318840781885503	0.320842322482247
1.03670480015545	1.30595248022906
0.66940230628174	1.01320894422893
0.153024063109067	0.161129386716979
-0.410658034648309	0.606010921978279
0.647830893507103	0.499516484221379
-0.467817992669928	0.19908175091527
0.652149620031862	0.501090901533627
1.68205240334357	1.58176911051813
0.521374505787595	0.455758848321969
0.544188608047241	0.539317752807732
0.908426593444323	0.916218520143813
1.02491318508412	0.723132033921646
0.474676517390456	0.44687938988313
-0.0454667842950496	0.0322596638875886
-0.547355785339697	0.362269446403157
1.32833730847675	1.50396174042726
0.974163003516712	0.940064781425589
1.42314513115208	0.464520674256509
0.826517569549686	0.42887608950356
0.200963129394715	0.178452322388315
-0.672395943833036	0.495432646156908
0.828455786207177	0.426527103181193
0.521622639521932	0.256184472485667
0.407790543737712	0.234855832098013
0.605954090286558	0.485241118374046
-0.3958347259145	0.114354399872093
0.358313431022799	0.23670831553218
0.314137011705216	0.135411290408104
0.460924941563241	0.249292506523845
0.193463398601303	0.156165432742262
-0.0257661883758649	0.0257579732533242
0.209291202012875	0.254892575534734
0.17070834942968	0.272021378762745
0.122578643170468	0.163146619676998
0.186994215206919	0.298973793288995
0.231117655061339	0.449328908891488
-0.189023833339713	0.332562216587973
0.198829741021678	0.402841017716442
0.201444335594336	0.377079567872455
0.256219066395353	0.503149645075885
-0.285199947979868	0.612829849172804
-0.542966554414748	1.45040500587185
-0.0264214530716275	0.0299579657947649
0.426354502753853	0.66521626459147
-0.112016144535245	0.113213232230902
0.15360511173807	0.137328616922161
0.398784049369038	0.335649133397832
0.457006745343169	0.439933647866623
-0.243026395841376	0.284937651282458
-0.553529699866223	0.729388927481232
0.458513938147089	0.245947802121528
1.17262325500433	0.7676745277522
2.49714709455394	1.34360376656944
0.474722491845568	0.338645827786692
0.41630317897227	0.355413085733906
-0.213269381164582	0.17217209199927
-0.114040656237079	0.0549746059029414
0.619074189722186	0.371050515879715
-0.00973251832034214	0.00589072837456089
0.392586892999949	0.342847355575951
0.0801733641171978	0.0453587450881928
0.0664135300594247	0.0327293991842804
1.00703647593676	0.586434966124441
-0.386248846514272	0.180659211235652
0.406214666818441	0.235004284205034
0.350667733596025	0.238554345276034
1.2693266477742	1.06021440895331
-0.212793025060026	0.0773976430150919
0.767575179117289	0.516700815827968
2.30027654384759	1.10462785226436
0.699071074812928	0.509011831116748
-0.0894814247966585	0.0463016573132975
0.764507201651403	0.743120377495702
-0.553659473594654	0.373111706950032
-0.282606908168565	0.399796071070072
0.274915234965126	0.409465301845862
0.0515596489615047	0.0718237347308638
0.262459908106972	0.46983547102384
0.162760066323978	0.254595970047963
-0.269806632844818	0.54979041542751
0.0139956313505092	0.0187464077030225
-0.329767927417313	0.728616242956223
-0.272982940964106	0.546524648583271
0.0264544462008021	0.0341254610814852
0.0331450675569422	0.0365495394697993
0.181615914219268	0.237726256908193
0.122574121240563	0.134999843594033
0.656494548036425	0.831272770321015
0.208596204889548	0.166359162679582
-0.347704191351719	0.385403316972399
0.460869200596807	0.64251076598375
0.0475494105684689	0.0450965644991842
1.06796233399956	1.11033507348665
2.06205091907633	0.901569568491196
0.711048571854788	0.402681284413837
0.525431815740129	0.2615220690038
-0.310951304430035	0.265266752561281
-0.0419422506983169	0.0303786687981882
-0.465512447988664	0.367348897713186
-0.193963430673048	0.117457592868753
1.09250666291001	1.34905139242153
-0.0966749761020843	0.0654530349662469
0.368337140416976	0.244920144395889
0.0891438540379515	0.0532769431344406
0.0811577012492573	0.0267476285358754
0.975199871719412	0.360229309149372
0.312862731294915	0.245475744758778
0.343146046103864	0.239598261943375
-0.94713937179606	0.947612202108321
0.0695303176358124	0.0284052293232545
0.826323398630061	0.420953560301328
2.25661983224177	2.43552167558876
0.376322530105867	0.145443409426058
-1.0521823423341	0.528333864286944
0.092231837468018	0.0553424409328903
0.205882037691417	0.338568579272729
0.200815641840976	0.366510626698798
-0.126612162851718	0.196874449357534
0.342146851232906	0.619571714051569
0.125633788696505	0.185621574983153
0.337510545985281	0.583038243591423
-0.195274395584847	0.335637889669025
-0.0459281029336622	0.0647183993518724
-0.175305304431726	0.289198238727665
-0.266130374495744	0.559632252695184
-0.543222667623806	1.30223950159662
0.383191222674573	0.736812809110047
0.611269196036285	1.23821374464228
0.375523244449809	0.426759447825706
-0.153103404478474	0.170139167456021
0.749608974882563	1.89848921522847
-0.114025461640713	0.159456515791039
0.837132128627293	0.965464543732054
0.0899655308510774	0.0507589956030405
0.568103374620345	0.474056361142365
0.759190097462526	0.903395571886737
0.997376937650362	2.33898735372466
-0.0906105450155001	0.0923677130122027
0.0162394293970249	0.012930407775149
-0.364705541851728	0.359713447551947
0.25478171906663	0.268806558270284
0.534339296360115	0.897581521566054
-0.043168135976193	0.0355449060475886
-0.0340424982585576	0.0244840248951662
0.0897858196623107	0.0534921195768764
0.62321688242638	0.279474083640534
0.410164794729545	0.431865207465127
0.432977755557877	0.356209062765097
0.324688540802438	0.335498713184587
0.503289793503275	0.460062332870641
1.15530073057653	1.17272315165977
0.775491294835068	0.525241709239615
1.05139153529843	0.986457781689916
0.20199500644837	0.155636597743992
0.633150946171985	0.468611214755775
0.428427221021553	0.507858213601378
0.0616581993924488	0.0837656482654855
0.154203684725163	0.256516866268185
0.293434080296449	0.357346870810022
0.202616813148617	0.234148882672669
-0.309548542929673	0.375284251336858
0.376666851212679	0.58666624684073
-0.760134165818733	1.21434418473529
-0.194999793987938	0.175955057791855
-0.52761390605593	0.803993538259376
0.326058822324328	0.447521965594191
-0.216027502345185	0.394505470610814
-0.262629678769159	0.513989164899155
-0.636591919551461	1.6082703921078
-0.143730509648777	0.228426073062348
0.13329192996777	0.168358414288676
-0.299665630773702	0.486108340273269
-0.240007100066094	0.375926701013361
0.397356793576281	0.761976954919135
0.621383266274895	1.53271006656386
0.166133515222256	0.202496874241696
0.181791034949494	0.214951520762788
0.37428508581203	0.554283002932131
0.663186718496574	1.24925513585459
0.0283119495460336	0.027344715282693
-0.299020384495478	0.373133131327709
-0.0358951875923486	0.040487368176688
0.0347971670024487	0.0343080995675338
-0.491554860787008	0.737884378884886
-0.201654075264482	0.235075682037565
0.371299716715158	0.501106049786623
0.56213042764469	0.905726388672632
0.145925134801071	0.145262419616801
0.248923778897618	0.293271583890588
0.014308315541824	0.0127667778285931
0.267782019689821	0.340751870173628
0.129516984427691	0.1586016892589
0.292433580742911	0.327258149514942
0.154497605601531	0.226885007894825
1.14316416048553	1.02011450971351
-0.276336223948454	0.189333616800554
0.244406750391285	0.125603922482026
0.205044187104118	0.152928090075928
0.694916465700158	0.503001553041051
1.24463257447178	1.34733751046895
-0.310320134125138	0.204522128715695
-0.235146116712131	0.163345360900352
-0.0590128526876519	0.0788954581182583
0.00482617506669238	0.00585589142399136
-0.286490658662577	0.455035768141209
0.0963950546387182	0.164940603765303
0.157587100428024	0.337186356434054
-0.396797086372144	0.720891500882218
0.370514655012746	0.445225994986471
-0.508553576940194	0.834913817789003
0.00364997320587256	0.00594123214035627
-0.0246585358757722	0.0416076460653217
0.0606398232545338	0.103493084395465
0.143480645473588	0.277902912574562
0.369688605214539	0.525553735075941
0.200364862904087	0.248991909334519
0.52087894321295	1.14880848596946
0.0189088124426292	0.0284707365214259
0.211980209448928	0.278057453488982
-0.237039696703615	0.22854120342886
-0.0263628151411085	0.0293418543140518
-0.0181507699399094	0.0214308250538917
0.170513788558648	0.235079524721718
0.0647091306281605	0.0950347357182865
0.727205815146884	1.12261155544692
0.562294383791681	1.18066529794575
1.12743419851815	2.04179159073638
0.155691571286551	0.217338889478718
0.407300069536394	0.916205327836429
-0.0665247217912406	0.0363712344755138
0.0813735248892388	0.0462755851438309
-0.386248846514272	0.180659211235652
0.281197822375412	0.245895354326289
0.21736942711215	0.150361601108683
0.291259684252949	0.743293316649606
0.535355133695349	0.960658494739991
0.03281048361664	0.0353150853729883
0.419968391238176	0.654584062028458
0.314110163497214	0.436797509537008
-0.201083196658832	0.272438171427309
-0.460973873061329	0.760997842591651
0.0729566073791755	0.0945647139089372
-0.10178394486159	0.178033011425215
-0.031542161272061	0.048308837171795
-0.20905295714909	0.417175924537461
-0.0632848855704043	0.106422203563714
0.0863097962592041	0.128547821287342
0.0207443854937992	0.0264634474810317
0.0560747846090222	0.079470072869248
-0.117219029378457	0.205792881941684
0.629359966442113	1.43345654237004
-0.0649359076666151	0.0674820159939571
0.407591292667369	0.633619014808977
0.325655256010994	0.513639486849693
0.399165910517556	0.76928981232293
0.0391763013097099	0.0536594854107603
-0.0696096512529168	0.0843324006472944
0.804340390500351	1.94374962220449
0.565876071002346	1.27107161099212
-0.0096500616345468	0.0106721900107882
0.167129980577817	0.212322880410455
0.427756107494685	0.670704093984147
0.39962802552095	0.488750938522085
-0.0412537179108843	0.0420748527089754
0.0796269775191141	0.0801257163519125
0.266493285985842	0.46438899068035
0.0247838825918965	0.0259411808293774
0.204276081771838	0.254995422793844
0.296574518246526	0.346866285585891
0.375211708044207	0.435959313542283
-0.0964426337627839	0.112926812689612
-0.215284590513076	0.234856658899492
-0.0646966711040762	0.0777240225002694
0.420979992692877	0.821924110471662
0.164702068717332	0.22664134422534
0.228784422173084	0.34155525193223
0.241470385955233	0.401972363265531
-0.281162767887181	0.458117948492491
-0.412003042176672	0.753362729144135
-0.0909272763511174	0.133500748093086
0.0999440327383041	0.13751017081852
-0.197050382283322	0.349983444534482
-0.369936628857783	0.880709114940239
-0.133586113795187	0.242391693122715
0.322268160473904	0.550659882641318
-0.391553949174595	0.631453530112312
0.460899938229494	0.864925620642579
0.376717973238915	0.899591518151514
0.0889070775062332	0.152468744159603
0.592036759244714	0.87595807642884
-0.673757165084235	0.749427475081417
0.0185939225804566	0.0121244736803788
-0.153716739850134	0.139893340617898
0.221641278119678	0.325188503764278
-0.0801518802496684	0.100834449376277
1.09514399668161	2.02070670354245
-0.12497529979154	0.117408008571904
0.259624236347441	0.380273933893174
0.169519678969405	0.234383897431811
0.279235563259992	0.349353905212865
0.0908854650730695	0.0914890509651221
0.588938856676464	0.652243150304901
0.766952466833573	0.736808392235601
0.15210893789781	0.183194375908584
0.640051303429697	0.749884239047667
0.71118571978624	0.615940332707079
0.201647215372425	0.179456157339491
0.333449356897352	0.506899088754212
0.351310745238233	0.651422504501827
0.386610607241629	0.868936938138079
0.0796473043843145	0.0981154861868589
0.117048383583129	0.157553956533782
0.238294740419942	0.355113008647672
0.408382829075478	0.612657387131344
0.391172384020824	0.773886587821465
-0.00173329298173892	0.00192417081268863
0.398792441909423	0.837474921724503
0.108555147873228	0.157304246382474
-0.0437134131750654	0.0612898478654992
0.22796325649578	0.414387486564441
0.0775298254559527	0.117909008473502
0.261548678397998	0.561416733277814
-0.111669535237841	0.193592884281746
-0.0253962261264032	0.0355380252823379
0.0423999114082836	0.0571286850169441
0.0100325837922777	0.0108629482363267
-0.0202242090571692	0.0240928279607227
0.107912749726832	0.178234709935191
-0.141069337418659	0.243071416822077
0.638518251475187	0.908857535525091
-0.184843301862818	0.167217696945497
-0.225907178081714	0.197955612987305
-0.842754594924733	1.07293980056437
0.0641544257604254	0.07602670249737
0.0134353092143059	0.0163373356232334
0.117790963755194	0.123213502725391
0.916039148607693	1.46408412897528
-0.0234535566986043	0.0240036388409498
0.185198986950327	0.276888704604421
-0.473731508006369	0.714604883637796
0.0926002869158327	0.0882788058727689
0.140315259470043	0.12250948954056
-0.066429318582361	0.036033886490668
0.109515487230095	0.0777528126631143
0.297892708651459	0.369463593072371
-0.24449142355457	0.429020829376454
-0.0532924086501281	0.0826800534734181
-0.304947739449063	0.43612036726688
-0.0852559228063085	0.112277287794294
0.228210390921695	0.324374053085249
-0.0718773127669341	0.0840404846477229
-0.0260016981719638	0.0311633160749024
0.148501395487431	0.217530084943861
0.659816176402949	1.2110667287911
0.442185713478363	0.655074122056352
0.0504506101130222	0.0659318922092336
0.0152601968902819	0.019727384992853
0.034452486652166	0.0484331534486483
0.16873658241221	0.303941045569594
-0.00524766774063829	0.00725876930477399
0.280734323764339	0.484175896929715
-0.471691877725229	0.708205896119852
0.267181254729232	0.409777404769188
0.0590755407103458	0.0823753039785914
0.39889299867491	0.926059669506335
0.202044118499779	0.225212141590012
0.669090807956985	0.763951308656286
0.729311042387541	0.881721898683926
0.174510363519415	0.164000883642083
0.350200618805994	0.513059233097261
-0.0359657701993687	0.0422257534900711
0.4825881695763	0.729651976005834
-0.878160227630575	1.38893879111374
0.420135144678873	0.597037849540046
-0.872184253751012	2.19126536160152
-0.00465717545886546	0.00444065249444914
-0.227979811970942	0.236179139277956
0.047734434826606	0.035674880496848
0.759446948802274	0.629356302898916
-0.2150527785539	0.152921327942308
0.318411036380101	0.332737480482307
0.19945171014153	0.25842832860645
-0.0765338793354883	0.074927980431883
0.0409577357319562	0.0405662997073316
-0.0457088789129809	0.0508129725164202
0.369926585658875	0.736139006928094
0.524039917847582	1.07292685874694
-0.0495809748968187	0.0695799618154356
-0.00400816385778889	0.00471725371523629
0.465317991003879	0.865751746812559
-0.00670528547027428	0.00828409819043791
-0.259441901890657	0.378970031941705
-0.00226026098803837	0.00248945148477247
0.500509417532064	0.534889941743434
-0.124599607308591	0.11739736300868
0.286595895658107	0.358407442155682
0.306796059159746	0.532140495201165
0.0712887426218155	0.0900689634029646
-0.0898976043903296	0.134415950407331
0.0204539869755741	0.0300915945549894
-0.260006075568367	0.510189446194896
0.0903348255784483	0.134898195126648
-0.525980768022289	0.878658083824312
0.24879408029031	0.406558731139129
0.138118091791225	0.232292817529671
0.0128945103850557	0.0190611406915965
0.700068745616121	1.08840829966462
1.16570622597071	1.41336510301653
-0.0124514053071093	0.00747675812885744
0.792201603103987	1.09067550521863
0.144208702381106	0.203519790602277
0.44835512985286	0.935643799892528
0.416540314875081	0.565767344971784
-0.651152996077826	0.935720642385809
0.560711967994225	1.10634218741436
0.239675252097311	0.399055808088048
0.640996586611375	1.24770742293268
1.01700024581321	2.08254272022609
0.195887651853011	0.168675108587971
0.377872149981619	0.340034684776273
0.218464097063788	0.321182363396691
0.591470227093799	0.631848041276015
-0.328916027450158	0.455008349087218
-0.0583057418834005	0.077762136077021
0.108413067741063	0.173669724861579
0.259451068740355	0.443025821034717
0.112760691623564	0.156390882327359
-0.210595646628235	0.299085212583586
0.0764297671506492	0.0801743636376855
0.233830133737407	0.3593328172942
-0.00700866812304746	0.00831221283664683
-0.048389690295101	0.0526330760725343
-0.0981723874915144	0.0944495215060966
0.499614447448836	0.692294187623129
0.34330974380881	0.437562366220135
0.489355280813706	0.811192163937403
0.190053771404917	0.251953702492502
-0.171450213201855	0.205874745270926
0.608103121085655	1.18163514168122
0.330027310234459	0.501680728576081
0.186555461663094	0.357996581962975
-0.174072539486779	0.323379825165833
-0.117313823625596	0.199911746348082
-0.0815451121822925	0.13147899708336
-0.291741793845683	0.518715281127246
0.10497174440895	0.154385896024166
0.0594072729360796	0.0933208856783482
0.0376701783402215	0.0657952664478094
0.425498297366903	0.733717834830252
-0.104689961787435	0.100797567671293
-0.149416215369854	0.172032830920947
-0.516914849227248	0.946189025780141
-0.131484275787229	0.224147369472273
-0.171298609370996	0.321922164251497
-0.366202999940866	0.546793539693963
0.036370551344888	0.0354821501604491
0.0783295636791087	0.113570679832316
0.278899401380688	0.502073422431112
0.233674095201861	0.366210245630461
-0.278543038454186	0.399702835022977
0.260283313904165	0.291649982493624
-0.0369374387369585	0.0463118761020264
-0.0065403472066886	0.00815269875904332
-0.145920456799311	0.259760103771634
0.186998252788411	0.320250977591785
-0.102595451476574	0.151159303522054
1.1450476698742	2.70529955130401
0.5494242756232	0.838103163059456
-0.0166586406465491	0.016994198585837
0.0250043768394093	0.0233132800557575
0.46429121652781	0.67684708245784
0.471904322448695	0.751213924398743
0.17772313828445	0.233774075441246
0.160399138682236	0.189844790778443
0.206455030997786	0.268844400120388
0.32767276414168	0.317482711654945
0.837513810899202	0.959457094863442
1.17440315052727	1.59175760282895
0.448102817550781	0.428332433437243
0.492901418314114	0.52649895435388
0.990937831690753	1.34840050577101
0.150286952780632	0.214011321284848
0.320130937236304	0.5782815585096
0.136172106591571	0.216366786025379
-0.219856962472414	0.462231500235118
0.316923748126638	0.713106292940444
0.100455715239019	0.151711175883042
0.230659006374714	0.380322208606277
-0.0113220214117258	0.0144369547066938
-0.107184401346513	0.200259762002488
0.0601812089691622	0.0983557167459799
0.0127227690964628	0.0173490062084683
-0.172023569434363	0.33208142937919
0.0411648798961355	0.0568663073382858
-0.137656172483783	0.200506779365408
0.00289781872263545	0.00370821692195103
0.126268498747923	0.208595700670849
0.130796757973548	0.175666857133211
0.192999594395999	0.249496949496977
0.144006981837473	0.226362051332146
0.214562790743394	0.367068192581463
0.273617020177103	0.439547270287724
0.0416765578202051	0.0517022367897272
0.21094626884423	0.267185537472603
-0.173546373928622	0.247511658316939
0.0435991189963912	0.0533402270708374
-0.00268841099713771	0.00332556357743173
-0.158293364209912	0.22490480538915
-0.226201893095718	0.379038709386408
-0.0276618179288957	0.0379817777805397
0.167809219215557	0.287284118802883
0.343744693818464	0.707503391124558
0.0327631006361828	0.0441076279024068
0.0777725272875423	0.0652049858469622
1.26496340739574	1.22698729981847
0.309119363967787	0.251743830450155
0.801013746049936	0.939968279059996
-0.262060115415704	0.205977159223113
0.947618651900598	1.31342900929454
0.455852447808208	0.740516721166193
0.781566693735598	1.70404731153565
0.666485336501115	1.16158167403451
0.7216409404117	0.716111030866605
0.601148248269721	0.575229138786184
-0.419043655134292	0.257089164951189
0.698729431264342	0.510982186880198
0.803550796428333	0.744688741848305
0.773203472193683	0.5260232055094
0.825223323701226	0.659556638707955
0.0440971303212365	0.0450620050160841
-0.050984876622809	0.0518968478902583
0.0238595196023714	0.0237729780978299
0.182032699118749	0.305349375971495
0.538087503467731	1.53243915811112
0.27162946614998	0.379868638324637
-0.362831989842232	0.40795717395752
1.30338535407433	2.60308935069956
0.105495087633155	0.188135067429291
0.37392968588026	1.042948366822
0.214623116404031	0.457162750067164
0.104069949480697	0.196180762910942
-0.126880228824629	0.152577291430158
-0.0357483117040894	0.0325665150583083
-0.147007143995015	0.197585634257841
-0.0366834642292567	0.051546361494675
0.61305233189383	1.02412862183589
0.0914152039244912	0.0840588071744915
-0.0821447301068708	0.103246153371305
0.303306227148642	0.50201692897365
0.251876091586896	0.414767600053699
0.392128709404695	0.806863708099256
-0.235951816417387	0.393806419720795
-0.000727133174933935	0.000675811774198502
-0.398231536292992	0.647302486919628
0.359073533498624	0.421761127511023
0.501712154358771	1.0734441094687
0.0931720311855238	0.153946086012375
0.206805723467512	0.235837169819566
-0.00751976432830794	0.0105391768769303
0.163437833251904	0.275531501609197
-0.121836617422225	0.173232117575763
0.628185534611504	1.42632112644468
0.188152327450499	0.334527489261412
0.288152671472887	0.477787472093364
0.486854735806382	0.355881314591915
1.78679492646639	1.79378669296864
1.38551447074773	1.25148201217698
-0.087142696153872	0.0449447654985551
-0.112735412390784	0.0540928149947025
0.0733716825542203	0.03017139908691
0.280788828471946	0.133601290435143
0.243245350469288	0.583483197402514
0.328677663082921	0.347069253723953
0.452022162208654	0.509887568008704
-0.299285045144339	0.231616320375328
-0.239579352821694	0.167339473335871
0.563998869510362	0.364499915893516
0.765434405712371	0.518661562783288
0.826251599496493	0.424963543073792
0.876083630754596	0.55791598854381
0.714604119664324	0.403947401265211
0.00779496176887922	0.00608908192414318
0.123693784276581	0.141769640770003
0.132660518652739	0.106970945007511
0.0488047843774686	0.0595239334357249
0.446778503083859	1.02583192019785
-0.107923497816993	0.110751779453336
0.212176022455492	0.208483550715992
0.410177042138123	0.526469446524342
0.303682330128961	0.760589510263189
-0.165925345877548	0.364745493825849
-0.128573120998909	0.252286611665078
-0.024414817031971	0.0412030415418042
-0.458834156451024	0.651141494825639
0.207881198383443	0.212589439630707
0.573485360897064	1.13479538430686
0.0248408373538133	0.0341875193033514
-0.0250653103192748	0.0237718740679007
0.114763121116464	0.0912399556724609
-0.225164227272603	0.305513244188994
-0.297700888417641	0.445794132812383
-0.211179670258011	0.343005406454176
0.279269466301679	0.581119822295178
-0.0944283440614611	0.147363514616682
-0.307604353326618	0.351926815077973
-0.16303544014245	0.199085540177351
-0.260528765365932	0.265241584380741
-0.0298636206161063	0.0382946993287614
-0.0876796280040061	0.138167293326032
0.3283119994536	0.76840140289357
0.180247154036992	0.296273636773687
0.236576656098141	0.531274549021187
0.294320418918899	0.457793172349371
1.0865065762488	1.91434032438318
0.0961038207296199	0.149950973246887
0.0455485186480958	0.058205902720868
0.227318475808623	0.367935476728513
0.468577284315077	0.812428525156315
0.175783634278802	0.308614519840155
0.0896431854221797	0.0994907517286941
1.81370562707505	1.43772114623137
0.900017806425002	0.670919343370274
0.320934732296339	0.139094817121576
0.0694201252543442	0.0313264496703278
1.00501572862749	0.57790026430145
0.41366637328242	0.240745589416982
0.272399048310283	0.128748562910245
0.688751374843406	1.02234907529641
0.147396429098969	0.184137487441434
0.197319083324803	0.414360630906032
-0.123525252558277	0.105129096436704
0.605752875380411	0.813592631957955
0.701551439698902	0.506805814675715
-0.359286379829645	0.229863457655557
0.711311780122222	0.399762651953919
1.19458758412871	0.625532987289044
1.15708813069637	0.740135058184623
2.0626131275164	0.90284879120541
1.26617237586217	0.544237689615947
0.525031108661131	0.686237970195324
0.307991862233962	0.358095523196067
-0.0601716753619163	0.0532296660433237
0.0753567740101159	0.0934438267452538
0.249524925187467	0.433970106060031
0.0646449770096997	0.0702369803397938
-0.274075220839217	0.257177007305241
0.143532019766981	0.141505058178888
0.317631667750196	0.792590069509584
-0.078570370544257	0.143508375943724
-0.171464893144186	0.386157837647935
0.137837194902226	0.31143713125228
-0.151480613720416	0.163266129461296
0.251365029690598	0.322120299249107
-0.0643581847383976	0.073756247908848
-0.0482072287798815	0.0631508859137947
-0.0384646077554793	0.0384484309115209
0.88945032936366	1.4353562220164
0.201598039512596	0.312709032505339
0.356866275877957	0.643668225238548
0.122610770931004	0.187133630141228
0.123112492251178	0.208291084993621
0.2225049285253	0.40288653057594
-0.0429139727799711	0.0397433322348665
0.102340171538049	0.113405648744533
0.706820805479137	1.10161086954547
0.0945870062692734	0.132895251531286
-0.158551028852661	0.309180256057422
-0.0334521086130553	0.0517379313473296
0.0235432327616814	0.0308116994199601
0.164699491628927	0.338363349784942
-0.0797865541315675	0.100313469677213
0.065193797018058	0.0516270999104152
-0.138844677053477	0.236477833525047
0.220520216441605	0.367566491047848
0.50992477701046	0.978946932316005
0.181405896867519	0.252727007525844
0.0705786405890483	0.105466443292692
0.128627336470531	0.144428428147719
-0.112298734174803	0.0542637042612886
0.37596162622812	0.145864273453833
0.714604119664324	0.403947401265211
0.619664221967682	0.191539259037319
-0.137649504295041	0.0614860649071884
-0.422246339680168	0.257300618985537
0.136032867380314	0.0336051051380813
1.02039036954565	0.711241225570934
0.646800486505786	0.838151722663774
0.288790278027238	0.373344648332167
0.245838145849234	0.722503090081841
0.47753772099888	1.38913395052363
0.793127783732413	1.18091676212865
0.415834768483916	0.506341401754826
-0.415871690121593	0.371549496421873
-0.31834180552102	0.160727623727123
0.870429530545811	0.550698819269618
0.707513676484291	0.400560000844903
-0.150534938768809	0.12642929501486
-0.581469175509338	0.650130381191482
-0.0142830960422437	0.0106564024833315
0.475964657347103	0.83848492998689
0.182893611568152	0.252224741755327
0.317711529118352	0.363969470293724
-0.545499569420038	0.540027933745745
-0.127021892452439	0.11455153369453
0.460801636524287	1.12362470023976
0.0534321018924934	0.09419988815076
-0.0891903116493023	0.157011529608463
0.494253987213305	1.50546843624469
-0.0700301602698735	0.0833921238762039
0.465253101675916	0.670581405939349
0.510232167939836	1.08205382827037
0.251248344510293	0.416154259179241
0.516546420823434	0.676304020573893
-0.0591382613195191	0.0482380076964475
0.337284630457345	0.562714488882994
0.378651614566454	0.617161551630818
-0.197473658882483	0.301248108290314
-0.0121538548967996	0.0167400854508874
0.178567189617482	0.278443714606926
0.281067579407102	0.379094474951156
0.714916389903261	1.5599898303432
0.0626389158187659	0.0515921451498322
0.133300052188883	0.225130527663922
0.348150533992808	0.873451687785087
0.367616358048243	0.906789529627829
0.0848594790282673	0.131550473709434
0.402885599934136	1.05509013589786
-0.233053664785171	0.314238073311022
1.39985509688335	2.82129389934693
-0.0716145922396046	0.103653154937173
-0.129224980168082	0.164539688682584
-0.125228328736727	0.178181588823103
0.566665491084885	0.941592455853038
0.234990117486421	0.373262353363833
0.326100713168991	0.39023465315968
0.253644150683508	0.131430605088027
1.505133756116	0.725661881665558
-1.01186778343696	0.739846381390079
1.37939826194867	0.821327298216983
0.373426203321584	0.145712820367284
-0.172499700571812	0.0699577446156788
0.0631170575623034	0.0257549792956517
0.529029799672864	0.263988616341318
0.853224057193413	0.886363293061069
0.317324664299929	0.346700354919178
0.446099289828441	0.581904540717209
0.205197496551173	0.476608360781171
0.313613811281495	0.955268621490248
0.223621068858642	0.61133855930368
0.29506996218912	0.60552414654087
-0.45310243425161	0.434459055287883
-0.691711321618942	0.851543476020749
0.940726062372697	0.818798953225756
0.522063217867434	0.463739952135849
0.372674300754818	0.24425586259032
0.52964880878699	0.261709990644262
0.280123615786317	0.132606816604528
0.0407896432602315	0.0284325951208181
0.466683571966779	0.519267752424969
0.998810333705799	1.07304714529683
0.267528535948277	0.367439483588657
0.291226271377567	0.4887033458682
0.00474230280684253	0.00372293546704924
1.1057023055149	1.6409863228823
0.30946689147589	0.343764350383111
0.200389359345616	0.34035941033155
-0.0180375301601916	0.0287356810387415
-0.0788534127212061	0.137951177546831
0.150728768704181	0.285165832964941
0.594699084504059	1.05880642597081
-0.521327462935357	0.826891881480958
-0.149713684484641	0.190277180857
-0.0939166502005113	0.126090046796775
-0.000526239438434314	0.000558494690145574
0.53321496876782	0.628862198065467
0.152193091844914	0.200223137258326
0.204385857882796	0.282487398933151
0.147819974581762	0.202526282722235
-0.0461695846928904	0.0579229954428828
0.944573077783637	2.49580853367089
0.705427678800739	1.31513553426027
0.238911062268991	0.333598333820015
0.699332078063202	1.01080245089069
0.449101980300133	0.844801145716401
0.360228599264481	0.859856087356022
0.165095781603696	0.305306475110476
0.0757490397888076	0.102931388715094
0.0976025482866413	0.136469642036014
0.383852461283012	0.888313180308099
0.0111583375015935	0.0114043221508764
0.689254459834903	1.03105212084192
0.544548130254664	1.1688372912073
0.102513214311075	0.134039179443166
-0.499811748199061	0.863293077698842
0.338772606851642	0.432280066541001
-0.224842126741592	0.314812109069019
0.803362846365216	1.35970303736578
1.57000395513703	1.35344070716224
0.463483854299277	0.162356812948838
0.0687721363196884	0.0312248275033948
2.05996242596197	0.902747392217676
-0.472566947998232	0.201652567172695
-0.469936402130084	0.198912862817795
1.19952102644786	0.630946404830896
0.753663132968624	0.309194895580188
0.55117817365621	0.546761886897957
0.21048309430784	0.220946308072326
1.08518479665442	2.17301604010617
0.774475080591601	0.528705761965506
0.0922725252979508	0.194567955734134
0.154314901592112	0.374772780793112
0.145790202341788	0.256842698816326
-0.193158922594572	0.158878434984964
0.327806104678727	0.345741626298344
0.805622584139861	0.752841407592508
2.30230260442764	1.11540182845627
0.0738837531331322	0.0303059169902893
-0.470197200488499	0.200326351745195
-0.391983539320434	0.182604996961602
0.880721131467547	1.25802971107457
-0.26960086936728	0.227624758923174
0.222115866474291	0.141139221279179
-0.109872860013782	0.134610138523939
1.2752775771124	4.53482506773235
0.145333626374357	0.124351395185956
0.665650715551591	0.766622996989358
0.127876990301266	0.108326273637985
0.0749091127704201	0.117733125007634
-0.260734584286569	0.59017001746639
-0.0894482998790275	0.15876335081218
-0.0015897536139208	0.00256990679903379
-0.0550033143537229	0.0624826403790942
-0.429271878120122	0.606438964051615
0.545787612334823	1.04067250436856
-0.0572007598735629	0.0723092644098382
-0.444987159264323	0.678931313854952
0.0102166362948495	0.00844334058392898
-0.214879803599185	0.293880733193383
-0.0247979934427339	0.029791390484661
-0.000261690280686602	0.0003460981030896
0.0454336272874626	0.0687201882490454
-0.432852577110328	1.00828808195534
0.0545997503805106	0.0578310967853038
0.459447768013108	0.747317608740105
0.48164217287466	0.667853174354041
0.641759549256214	1.45407375600841
-0.21879256388786	0.428552146416255
-0.159024449295812	0.304021507023292
0.328457072724656	0.631879159095475
-0.219363663194723	0.399538766744438
0.247404777089529	0.520066500690863
0.155717698772577	0.175697686110351
0.535195835462127	0.613251406251211
-0.306333051238128	0.511070040957716
0.478153620878105	0.860598742853488
0.597532503135883	1.24961433932878
-0.00973125471906799	0.00918844465832446
0.355730327820046	0.599058401171035
0.0140483715130009	0.0122107612529061
0.0695430859356224	0.0315333368308841
-0.472077303200926	0.199646903496066
-0.674856588092068	0.325755512018835
1.54496628758522	1.02210806295436
0.0872963994903979	0.0285591243296695
-1.09762531662875	0.437154467424312
0.617331689945169	0.274355819564669
1.3779065333152	0.817519687426178
0.768110642030877	1.00194433748575
0.21457436882973	0.21423127423984
0.654614691408896	0.913326929261129
0.231435618969824	0.60176087817097
0.583075393863203	2.29499656970773
0.316413515937194	0.974490118948709
0.0377206385709526	0.0566642240830882
0.921481297471755	1.64396343059827
0.582314239869491	0.918279374913779
1.2257788693846	1.62213271578305
0.463095272396279	0.514641197861262
1.08726526586579	1.23840674469474
1.1551486196063	1.16431359413218
0.969704559416598	0.943135404981802
1.94239541358533	1.70375820987749
0.713043014974465	0.400238106519037
0.259244119432852	0.250139522632376
0.4036124403543	0.490319062843675
0.316618772268353	0.348236156318918
0.0973765577321425	0.125447360924189
0.358779298653964	0.642980117681413
0.217607822429802	0.235268396729019
0.387992301219343	0.511056556647676
0.117013776298707	0.124150924861217
0.207403481310523	0.334342667537084
0.444673157097664	1.20218075981152
0.0960467477793146	0.156376875564712
0.353764921245907	0.900848911709129
-0.63613764874059	1.44314714533165
-0.126801174070397	0.199262437149388
-0.536796582068683	1.21458756697894
0.300193887770358	0.49857988345124
0.0619950481987175	0.0736040600817774
-0.166579785662255	0.185479816453303
0.209295306780396	0.324930616872647
0.409909775520691	0.833515017755916
0.260623308724918	0.469127297696193
-0.20913303686251	0.321239144345327
0.335855909838569	0.576796571604251
0.175248704338674	0.228179539412325
0.152544671564891	0.198978486817658
-0.0967974161895727	0.119507478790566
-0.0141662288494978	0.0200302768932956
-0.105375137625699	0.157576200021416
-0.199589660958609	0.354170304211471
-0.124422609049381	0.202378223426464
0.419004487384935	0.903514840758276
0.0620386317368308	0.0854961311630817
0.000509792614952087	0.000731705814142764
0.104951494008634	0.104901592093446
0.138684046566788	0.181901834529457
0.349494377836845	0.550577533186505
-0.460825526005529	0.749094098624145
-0.4268693571579	0.619687723612259
0.0801446431484377	0.0916997429722251
-0.030782382959828	0.0285355213485155
0.111361292350971	0.0760911170913637
0.228298850951555	0.126263578844109
0.279391334922389	0.132288177044328
-0.210260345057365	0.0759097137142325
0.0745755566424256	0.039797964935441
1.00858329263971	0.590926420733991
-0.326513972730805	0.167118039029976
-0.166526158549118	0.103540139941536
0.724360662397072	0.798845317458049
0.0146871681338447	0.0130461518207343
0.46407916539333	0.604052281940324
0.160153542382097	0.386701181428916
0.197822187960823	0.510728606929545
0.33138387774	0.941806799473004
0.520316985035192	1.71634575823425
0.566888847776887	0.942535792753104
-0.301381066853805	0.364035202437107
-0.237254595475635	0.209253626814701
0.489678690237614	0.447030038761323
0.78015021391695	0.530657600378451
1.71657658688005	2.23052348148138
0.686332990994491	0.694918548403449
1.49368262507831	1.48747797090505
0.622859030658098	0.377426349286415
0.207690956423788	0.216610057488798
0.347436591132817	0.446901903666068
0.417777944451768	0.598529469336709
-0.0339791832082027	0.0412583633024375
0.141379122459696	0.196151428270833
0.586394109116996	1.09556333639724
0.313439966022951	0.351191771018749
0.206978036433497	0.257560058852616
-0.0532063865800543	0.0683058728601984
0.152873166063011	0.268360853111209
0.0554296281596677	0.0800344413301281
-0.107815886889541	0.198278629741729
-0.651204623543773	1.8067762774373
-0.109458783432863	0.155100222513248
0.105461081963071	0.145768755906484
-0.063191941930483	0.0947731854301409
0.316177830535346	0.505204352544612
-0.0598088023131058	0.0693249619636954
0.470188899954078	1.08595182056151
0.0790837975835408	0.119168816366579
0.241374075092949	0.413525602849574
0.156027589034042	0.231164447368275
-0.38889682229904	0.729665870800652
-0.153548232825384	0.210335524825327
0.11337813640206	0.163714716742973
-0.107770897549698	0.134757053264569
0.199176392892218	0.337292945296493
-0.101812385424262	0.164628107148637
-0.0426847501186988	0.0629587384792462
0.2713065567527	0.543108480728229
0.0553918456434104	0.0764144180216064
0.0918724418886516	0.137311155852175
-0.345799009575985	0.670592456610384
0.691972003758564	1.58123762459539
0.156979072332506	0.221775838616282
-0.283304884081908	0.463946494171445
0.117204960191602	0.152638804549412
0.345091380418085	0.518237854999524
-0.0431937348421337	0.0518766138848139
0.365651295837476	0.429119388275054
-0.778249304086145	0.686304886867477
-0.274189735789683	0.149818496346835
1.01064374208953	0.710787899536635
0.2857298931999	0.135795975544118
1.68474259287938	1.22944247403034
-0.332149116944266	0.250420574215672
0.284451131661773	0.135044633010708
0.142633359015194	0.309067249736126
0.0422481206369427	0.0716709766414726
0.162574217943992	0.312528139270673
0.0599823865932574	0.0961954935948719
0.456456868470956	0.847968884669627
0.386247569502999	0.656159293557219
0.157995256637202	0.161954534134097
0.460583139217674	0.510400172806953
-0.0142366420607441	0.0105313157052191
0.335943730465965	0.319166908880097
0.323770260013762	0.2454308020324
0.423399109398756	0.347540981341
0.808444273032115	0.847521127565934
-0.158547024558063	0.0986372253998998
0.826436291616018	0.767454851717957
1.24214704996236	2.86849755175127
0.636713841683881	1.03417802447977
0.693425406722689	1.1666892921169
0.0971107982360062	0.13541878963728
0.00254958816314135	0.00277716738323703
0.55552514444717	1.07403492512414
-0.343657923534723	0.515768097231571
-0.0773597728382981	0.0990305192671626
0.503304303851586	1.07044217212161
-0.0647425457818964	0.0806024460426286
0.323175204261109	0.590112734467352
-0.424187394354268	1.03831564029851
-0.121681660697153	0.219872077562055
-0.0568427852721983	0.0878667057010728
0.0852037994786027	0.127393865620194
0.321860641436278	0.640841725749918
-0.296046905282124	0.533690116845948
0.360674741570667	0.811760405472641
0.168189812171925	0.316767717303428
-0.0867832151617318	0.131126555264458
0.173666921470996	0.267063244681921
0.251111392431801	0.306319767177726
0.261521066547088	0.41654506451503
-0.229252885699174	0.372716576290103
-0.62018214833824	1.48075226235136
-0.114692415627684	0.188960249773916
-0.378048599507277	0.836293984419691
0.131938171655536	0.1994865933967
0.461016329885659	1.06058753609269
0.0130951716113472	0.0173376525413349
0.254185184126951	0.402735080506046
0.217058846534271	0.314768969561286
-0.181988127214028	0.282949620154701
-0.451446181419941	0.989952585773442
0.14899161086956	0.188985554716349
-0.391875518399425	0.684879920037092
0.174774441275152	0.211446604456425
-0.0126557545163354	0.0129093254847052
-0.0526816352658144	0.0561969289392336
0.309900512717631	0.424669925676569
1.27482783020581	2.13646062045912
0.41256501841449	0.239490705738683
0.470746169791125	0.437690131215489
0.30966501132515	0.242164859065626
-0.177194381716468	0.0710666825925699
2.33400497583317	1.82873176411528
0.345568932384927	0.241574921118316
0.296978982305271	0.247733217198635
0.610693444012116	0.667956752731705
0.217886019010784	0.667396014721441
0.0118737277150548	0.024837974882764
0.176401519289488	0.491365059987201
0.442697483105583	1.38184252101245
0.0146171395549921	0.0135931682969766
0.494004309786377	0.681736923518031
0.478521514759157	0.450926563316393
-0.262060115415704	0.205977159223113
0.806576637889335	0.944040481811707
0.624534765068846	0.382601788812969
0.827842011676406	0.429370920090642
0.825016808577008	0.425209356740972
0.0815320174152139	0.0432417342784754
0.601047184540604	0.725709278685314
0.408777892288608	0.485092308602115
0.378135876704483	0.408943323027028
-0.369554585507109	0.551987492265672
0.322176228322193	0.530980832104545
0.0359026656682909	0.0366498771704686
0.250263691388391	0.261859082678904
-0.171894084556374	0.158214699904022
0.300089939161394	0.660132496301664
0.108416187123822	0.17739394373608
0.333137519238864	0.767376487124212
0.367553515909587	1.11909894005636
0.0423948453023129	0.0477749755641442
0.238590307204148	0.376142121387212
0.551314525014152	1.15458616355803
0.0331821043283617	0.0430142436866174
-0.182909357144449	0.213713761341372
0.656428236537776	1.21984072403997
0.0569211005228772	0.0734604445773247
0.454548389298936	0.986999108920916
0.180184591825942	0.253315453336532
0.419569783022248	0.977061505224249
0.452194156357345	0.947884734171993
0.409145043295543	0.597597779638026
0.827960560678548	2.07482720230342
0.357180528902995	0.624755803917156
0.784776060293242	2.21142609017653
-0.0690444657408987	0.11170214425176
0.226433905458688	0.44860452730023
-0.103913726381883	0.162323966346153
0.324018872217793	0.647480307308085
0.0110738990448737	0.0155656431756977
-0.185185130933711	0.26422974677381
0.588997143149621	0.998135999840123
-0.525136455229991	0.915920047648461
0.11334133182739	0.144254256333477
0.193260797749553	0.254441830833542
-0.0357659381864243	0.035559295343776
0.522794006942866	1.06421392279929
-0.0219250477128989	0.0213320655339443
0.977095436457514	0.948116389113837
0.0558669599528059	0.0249780580920271
0.525421214488514	0.260651582132445
0.372721640715564	0.145161318248194
0.0855375092670015	0.0281508086620049
-0.308385628984652	0.204330515736221
1.37464591763697	0.807953353627167
0.708473642439502	0.397653937300489
0.290054668575681	0.249934560466384
0.240346079233444	0.781745393240849
0.216253892895152	0.702987192098452
0.20350245245811	0.614088491749458
0.543130552708214	1.82223888192664
0.0332512142364112	0.0239262785778039
0.513900056374632	0.615306187981372
0.34139311622866	0.238353187914146
0.926345671979203	1.19316877527639
0.279391334922389	0.132288177044328
0.465007396929331	0.163757650783096
-0.287858623362124	0.0946377502524253
0.902747486857675	1.18870740394521
0.202467686135133	0.160640545172183
-0.280030263083098	0.240372575470755
-0.202361914938902	0.250949136945886
0.170285448158041	0.208554348946454
0.0480926613253416	0.0425973310591583
0.578755397935816	0.643058885794128
-0.345435485698224	0.289038273803344
-0.103220956747077	0.159991200442047
0.0468261493715623	0.0728611824448741
0.211134333202017	0.413010803624256
0.0639116579334498	0.111075523706772
-0.23986135116286	0.299910368800334
0.0832909475957947	0.0743543081500742
0.310257402306699	0.470792117370795
-0.142658168887991	0.201143211613663
0.354543255825402	0.504920708238709
0.258024948253781	0.23362005900003
0.0598147068429514	0.0627673966735805
0.167159126705768	0.243716125148312
0.423867051591887	0.805021196396987
0.0402426630337626	0.0583444715741675
0.243175479854441	0.446917805742801
0.335002774544503	0.494153971544242
0.11199327816906	0.108547850829165
0.150802335531637	0.259424536500577
0.456576022181443	1.19493533106189
0.0812900192326907	0.140341575456125
0.545380919764705	1.31975425120911
-0.323498326708996	0.613333804959752
-0.048103231879043	0.0765693151384301
0.462261163740423	0.815122829106868
0.205377791228198	0.20053722329743
0.172575412966728	0.243686666662724
0.513185000825303	0.928048584572246
-0.038935190161962	0.0417947409026003
0.212672315249987	0.214843912376978
0.105005149517148	0.128269915906006
0.400104359104313	0.494942074930075
-0.037794987152272	0.0214720740808477
-0.396345440483101	0.115014501577438
-0.569687292937525	0.30213016201006
-0.284810697804214	0.093930912507878
1.88980925289319	1.12079353873781
0.696854277055932	0.504327841869944
0.248590876590772	0.92577837560838
0.180956554666556	0.604935258244622
0.588421080227638	3.41836446187536
0.990203781737468	4.6488921139057
1.0216161522255	1.56502124383447
0.305513257267038	0.35201320729983
-0.314808361732857	0.206977140863778
-0.33209067796368	0.275189162528
-0.19486895523683	0.117923182178142
1.89431322228917	1.12960401174292
2.05554085969707	1.36244374947271
0.770490693481052	0.520648999173795
0.814523204876718	0.413903075610807
0.755091649521625	0.303215091908859
0.775934142884039	0.84464268563993
0.0448686553869585	0.0313128959362404
-0.152057358569284	0.112651119241408
-0.407118732676991	0.59916516057373
0.0453658439073854	0.0500693852646643
-0.633771903407204	0.872014728364679
-0.382543091329291	0.340002882173508
-0.103927949968016	0.0899059401039531
-0.216885826736497	0.389278068285794
-0.00752542168619803	0.0112694994324136
0.0793334760460185	0.127784755168871
0.626192124269003	2.26721243792817
-0.209426557461804	0.246514450938402
0.0664038123923512	0.0679705976520035
-0.0122655311934725	0.0131477608957659
0.645008967433599	1.39583168306344
0.149793797226521	0.143843756948674
-0.184802686888644	0.181130451458236
0.634873115921441	1.49954550709921
-0.740132153993781	1.38643862896232
0.468805268368111	0.947651612150889
0.477944398244031	1.06306490369182
0.751320823767748	2.38004443134611
0.219528990665936	0.406905134856961
-0.158963110298795	0.252624389021623
0.170698894417894	0.256855071406366
0.258302888390028	0.483634506830331
0.465609973600337	0.748151618487337
0.77869560868285	1.1761848055891
-0.021866420731297	0.0232775699827275
-0.178711498905501	0.223887037257059
0.598489004111038	1.02047414405163
0.377259893884252	0.512558611537571
-0.179835720586942	0.21429415581075
-0.503392410324234	0.607829595460687
0.088202477781213	0.0528738483747456
0.986223464787951	0.361027856807904
0.0617539239160854	0.0252707282300586
1.20063233883561	0.632827222194418
0.313084859186003	0.133589228201919
0.0440482635053194	0.124609224560463
0.0218356950636536	0.0598756106027579
0.268060275019526	1.07844351808496
0.360071839390061	1.25616144808392
0.74786759853394	1.76302206439507
0.307309842169057	0.485619662694846
0.15941945180257	0.152312344964735
0.575867014141197	0.637535418114694
-0.0349685971429249	0.0248424518780686
1.0206842303655	0.72397820178409
-0.0123331400778774	0.00740037787605995
1.23786350782412	1.67809017406173
0.388938324964112	0.244265643348462
-0.873874382583404	0.575890824902215
0.0326818330770927	0.0333683264641159
-0.3307556232306	0.418389080727778
0.721420106482554	1.09372323412062
0.245092198717867	0.389202569888723
0.802403884870015	2.24883715559635
-0.244867574252363	0.337404073770931
-0.474522473668109	0.579624362438094
-0.244150620820563	0.331135476395893
0.139670772480737	0.24100058789708
0.00468606997193404	0.00689570916503303
0.105832737140391	0.184386611603346
0.0111213496204696	0.0172707214623725
0.422539801534945	0.799951337810009
-0.173677637537629	0.227743787729784
0.165424735740615	0.229662529324708
0.339503452664909	0.679214886057747
0.23699752681613	0.333202704997695
0.120183335380224	0.133370696446079
0.820248990338755	2.1156799112638
0.0475463982846661	0.0613906374321666
0.30380445610729	0.531102818070077
0.443603664118577	1.13506446117639
0.0851489916558376	0.145808795159718
0.449741222164096	1.08165110042993
0.183554671647581	0.321288133454769
0.339481237564896	0.491140749759594
0.350013304901093	0.60644654500176
0.49781419677758	0.974008602329235
0.276716159274812	0.41251729169298
-0.0675886415143231	0.0764092387621304
0.515420755948228	1.13994376963591
-0.00140767279591873	0.00129730772383285
0.0174347638728461	0.0113037964741679
0.353732295438306	0.245834146832847
0.461850473025861	0.251560494044848
0.296196791187644	1.86248371211955
0.281976561063912	1.79837132319978
0.710746371847925	6.87012160246486
0.761242146713412	5.41738049004365
0.933947004238827	2.76391722529829
0.958293756931401	2.88197341589167
0.603804183251531	0.654305454183036
0.674648991743413	0.933178995883669
0.879736744552028	0.987412683239666
1.07674089997687	1.2255289656379
0.222771684238054	0.147231634376185
0.209708546381928	0.13711799919666
1.32314522438143	1.48075748142427
1.34240540424928	1.51623984641021
1.25767726566859	1.22148640563112
0.384320190371039	0.239144845007689
-0.0961186767801822	0.0494732271494992
0.679032301622882	1.0502798583208
-0.229414260125833	0.236930436549098
-0.052911633721749	0.0476570061922784
0.222472245209277	0.356228621046374
0.202734430437138	0.326812698579792
0.184063553333502	0.247834700728999
0.217837124010372	0.227422920076022
0.673185695606881	1.16462186531193
0.000427125831806751	0.000465978232432519
-0.0448930219511086	0.0760804756576937
0.541326185182502	1.91910337091413
0.285715981908659	0.78242363442236
0.269136482091037	0.441978293519775
0.304769891772121	0.542008084202145
0.247168973741578	0.408995762776592
0.591560334460126	1.46675642121066
0.372519393554531	0.797099756969689
0.712735066008458	1.42904591755379
0.517999976856757	1.16237777216127
0.421276902959214	0.797134447390617
0.392511024268878	0.708247997241972
0.498623981217592	0.832275482449854
-0.0244098287372763	0.0279003389007901
0.327738361784628	0.457927871302556
0.684813272407531	0.683210156913889
0.909441164827693	0.682170423747969
0.421070998443968	0.2470430680795
0.0835763290883129	0.047418600836954
3.62283719749155	1.37085615033407
0.283830693794977	2.85057408098887
-0.162150799089037	1.13343911156739
0.275809299003813	2.13058375857047
0.466590193638216	3.20542353737357
1.05130051786174	3.69038460132721
0.00674389663735193	0.00850963644423584
0.524058675361762	0.630032051535522
0.543887511962283	0.629734147263546
1.46800968127048	2.36289223094876
0.699024345283001	0.508025222783343
0.90731447390318	0.909141509646201
0.466023954571267	0.352702127073109
1.44772957299461	1.15002871784374
0.238137189147668	0.133168434361828
0.718701644570832	1.28943722563436
-0.0700887583965983	0.0740203693225664
0.492592188933803	0.594361298436301
0.132644351420598	0.19912349509162
0.136258577558137	0.219073867359838
0.100450315599103	0.115918420201039
0.154043933657111	0.149907063807389
0.0890677094734634	0.169212987645216
0.0841609626690158	0.164631730988356
0.18280375954177	0.427551415795264
-0.0379994104920677	0.0428916365047306
-0.574099116998271	1.26644212107483
0.183589786692029	0.289189091632114
0.0747347015319747	0.0776645903029158
0.261985074770082	0.282597105009482
0.271936884610321	0.496398004537442
0.943994678835676	1.75013089252054
0.797485185807166	2.28460631604004
0.356119591563322	0.650544584008184
0.549579584551031	1.19142884293737
0.506734661398031	0.839487790098364
0.533979828010966	0.263967372198447
-1.08808454476495	0.441668138489739
-0.320799043017032	0.162825855418706
1.26548451956171	0.542796260351392
-0.172456919411637	0.0697025000655436
1.43362542358587	1.71781416256835
0.377126678351936	0.147232023552729
1.54505942289481	1.03060043826884
-0.00754441955992446	0.0341167802654593
-0.0565123520044696	0.305442500754653
0.254118793735088	1.88054414204578
0.311954272505001	1.80681663266456
0.967013678592687	3.9755699978257
0.85135709465016	3.59166555533522
0.572361891924172	1.07417794929157
0.755866435113493	1.39356349374964
0.508592458361486	0.603183071974534
0.665893538306875	0.689949224826424
0.832343761898069	1.04598928916686
-0.165303081976001	0.13589435428267
1.53798557325863	1.7802632808647
0.907631975961528	0.908170991195802
1.79284707228551	1.81961879692015
-0.235740658366495	0.136557611610527
0.593819609956896	1.09990542273427
0.728829431382277	1.5084720260328
0.0134551752894403	0.0140837461970939
0.0915134097331169	0.158531084128191
0.135245013080119	0.230894235625142
0.611711749721003	2.26416372634251
0.239714262077875	0.389265317241223
-0.126139211014833	0.184972680414017
0.129232645694572	0.215805134084605
0.416588673977561	0.845319481345814
1.12407258940866	3.32363379036688
2.36180485532294	2.73441847179382
-0.883107599933593	0.590068628896706
1.5675002680989	1.35191256291396
0.767041144012275	0.521271057647765
1.29999256987052	0.901450836744804
1.15316306974588	1.03745169553199
0.0583587180823285	0.333516357112934
-0.0952590507749136	0.535656499617687
0.216551554753318	1.21025354701527
0.90706000602526	4.21639662729817
0.275445000732309	0.702977337306977
0.557785044369393	0.930180131266131
0.491911336966043	0.361723908234096
0.733398557636629	0.727619546101625
0.680498038340205	0.687068779424187
0.762644060023038	0.641294057269503
0.904819355148481	0.912912174149298
-0.00195489869582894	0.00201377889766201
0.309999404722855	0.515130669610054
0.259877151515662	0.403611935641112
0.0318916898321559	0.0478245254587031
0.543510734031785	1.72339535128242
0.220020927082425	0.355523842840348
0.213101688805832	0.370025573943447
-0.701857607492701	1.47482374439887
0.296583655404663	0.361971385055246
0.926335047586669	1.65491778135238
1.70652892115401	0.922196633334983
-0.0646459551091258	0.376411401363697
0.251875087523762	2.54210548178594
0.730419169577995	6.60300321455318
0.540060737284944	0.935985093249372
0.406479552411744	0.4850559315926
0.445586029785288	0.582631665447467
0.58091055468045	0.634262503892644
-0.0151763032581468	0.0194149207544877
0.258015246171849	0.425237742164799
0.131940887357005	0.181302211660945
0.135217794792008	0.216169364295531
-0.0587828539693156	0.0941440764484832
-0.152330557563094	0.202061742092121
0.347357007852183	0.403219371422285
0.0393540792523175	0.211847291540045
0.0488270225602833	0.210721128981637
0.25679991194352	0.518539339085752
0.378349118668805	0.806412049568534
0.138679691963783	0.992289760454391
0.24292581881999	0.273852646910027
0.473956529873073	0.683209426353129
0.17370434350041	0.220139540836022
0.371967441113959	0.584972006744784
0.294364457516092	0.466726320175975
0.219746728472646	0.306680934753306
0.622659327214049	0.746631710633911
-0.121512160888183	0.0929956520134616
0.209153839856584	0.25188907696302
0.589789710602533	0.887934161683461
0.333276328745199	0.333237442661148
0.377499523424095	0.336783734716213
0.288542870622906	0.24789494671993
1.01813479548972	1.19357422731865
