x	y
0.112075496428444	0.106571036114591
-0.00665782061808277	0.00502293198971447
0.550049254018127	0.548750070457879
0.100035588125324	0.0923746305054596
0.202602044357365	0.15031041426143
1.0245411583187	0.841493741469873
-1.17578477870756	0.803420011756519
1.54012046354133	1.01895971165508
0.308939028976538	0.131942610644712
0.223826426737093	0.13233894776272
0.757909927112393	0.731387952937748
-0.383351981183234	0.179384470740974
0.249581670975194	0.128191376780685
0.61693704053385	0.372934654909903
0.081433472448374	0.0428443126235259
0.571047602203525	0.473431339462039
-0.153231873144593	0.0671473954595253
1.02675635675535	0.842088106640105
1.01313838265674	0.710647646876842
0.0845214975996571	0.0305003049254519
0.0728400667336302	0.0360550627505276
0.0687965334724433	0.0311089255592497
0.777686104950169	0.53288684823066
0.566377872091151	0.370511404628539
0.209907527962231	0.151389196965219
0.222083149164261	0.140072725734681
0.0934891142336171	0.0555050413925284
0.670586529349512	0.60617348090004
-0.220555943468796	0.080942055631653
-3.78854104643426	1.49270568093256
0.936367330247619	0.245810660023444
-1.78707841532115	0.414309017630871
-2.57185252800851	0.693041972437165
0.622619267673717	0.19534691993008
0.101361210294962	0.029653942309968
0.133487547685943	0.0330756337612284
2.05940222473833	0.901470944452967
-0.729953140575014	0.43155604418995
-0.17901970413642	0.0728532485467444
-0.681771838730707	0.333446339895747
-0.388292134753989	0.182077156753766
0.0152665175545279	0.0099480541435158
-0.574451455252764	0.30662296547742
0.0833374925807494	0.0274653619700873
2.30596048870385	1.10009431916705
1.27266608291252	0.541620945895909
-1.16720505655439	0.351348125137152
0.980647452713659	0.362963151381075
-3.08744594535476	0.960811196593325
0.940090400863303	0.246697605273809
0.163786424348353	0.0319491236824782
1.9760405399428	0.493213117693187
1.16618491076017	0.757438901125979
-0.87374564362335	0.574969982740879
-0.314104684225722	0.208977746326009
-1.40880434974295	0.885291740818642
1.4518937500627	1.15660799566189
-0.840517117216908	0.374798385934513
-0.0611465649299201	0.0414975216059012
-0.209251586546394	0.1499496132499
-0.0467990322277734	0.0265778484007888
0.0732488751293303	0.0270631288953272
0.464429236846016	0.16346936705331
0.939788369692413	0.246515323141127
-0.779374022118994	0.270566801509696
2.76031666068075	0.80609461503235
0.16558870151055	0.0320942613353925
0.0838269217908602	0.0276906273654729
1.26685929533059	0.54428495837387
3.61777006975253	1.39242507742941
0.624899495342388	0.194695505334991
0.074234472888677	0.0274305829074115
1.97547028331465	0.493643388518992
0.101361210294962	0.029653942309968
1.8149047059365	1.4485063040027
-1.3416145031643	0.617793207028816
-0.551334225546802	0.370770079877533
-0.551895146039899	0.374377175937246
-0.116121218572742	0.0559703943373194
0.117879062439964	0.0869085097423799
-0.325565055826284	0.241393314504115
0.318367429352911	0.237743976655482
1.68844823768397	1.24420111452183
0.103276218212718	0.0299839417626917
-1.78707841532115	0.414309017630871
0.626057398278677	0.194690437073751
0.460586561717413	0.161340310063381
-0.288434452467797	0.0952993614318452
-0.679524594759387	0.330871364435201
0.0791047998989641	0.0289636685525662
0.163786424348353	0.0319491236824782
1.50745395376443	0.733906884256128
2.76031666068075	0.80609461503235
0.937014825487275	0.247501391945126
4.14343064056139	1.93856751013874
-1.16677175880733	0.353813253690907
-0.21975884041597	0.0801317319487446
-0.969446518789061	0.889892079063683
-1.02026432758726	0.74470580385915
-0.0446868458229935	0.0253067553716432
-1.68679970853613	1.29727701857449
-1.42848826063242	1.16839260423693
1.01390283717837	0.712364869994395
-0.395701830802091	0.115534330411752
-3.09164110396459	0.955390962016237
0.377032879621712	0.145690241354695
0.622754877518999	0.193758888404047
0.939788369692413	0.246515323141127
1.42270583980072	0.464030812177167
1.42484773808557	0.461519344198087
1.20063233883561	0.632827222194418
2.04990287406287	1.37368496590618
0.9753180046391	0.360574182878169
0.756544151716899	0.310645399934827
0.936367330247619	0.245810660023444
0.695120848475376	0.503788641764239
-0.493629906082906	0.283669351112395
-1.30810939142843	0.979756517816219
-0.470901152138157	0.199497254614571
-0.588529738058223	0.227427413678833
-0.588529738058223	0.227427413678833
0.0997151553090041	0.0289351651650972
0.447005141085013	0.440082678563894
0.209686388310973	0.187293430186439
-0.385374738590511	0.430667314313138
-0.460278855318626	0.538117343923223
-0.29770656628895	0.277362817071655
0.608472239809409	0.66503175540587
0.13972213025451	0.127609403294317
0.203775199904954	0.145718928281897
-0.410748081570797	0.358733402836593
-0.31416568030692	0.206297840729285
-0.136000248568353	0.124750354563249
0.0228451482533457	0.0182381566660544
-0.00200261700020646	0.00133474410408182
0.460295719941975	0.438993899458425
0.289383070463341	0.241071307144384
0.477398352823007	0.447866980399713
0.651932328910279	0.680296441775724
-0.226315456762406	0.197460755670884
-0.418480432934853	0.376192790273802
-0.236822125611006	0.164808652709058
0.997149032001263	0.470452595493581
0.0964512701931012	0.0282434359701024
-1.56303585672473	0.809603260887761
0.754929919857585	0.309074112333256
-2.57185252800851	0.693041972437165
0.374782002964809	0.146461898398813
-0.274702354308656	0.149385637950333
-0.447810807210207	0.391741980996571
-0.0698065753449759	0.0551085913485678
0.506064460068011	0.461995498468422
-0.0714826925414316	0.0493271275553531
0.382568981258866	0.34402549793264
0.103697573591758	0.0708418430221104
-1.02152191811323	1.41297150689073
1.08579442996449	1.23543206818137
-0.357627586010306	0.353914619896433
-0.0796518178312878	0.0533792365240289
0.101856115103062	0.0645095837571405
-0.29195082664122	0.225962990545219
0.818621417969889	0.769556136948974
0.234663499535611	0.131298931651622
-0.100747405369903	0.0653801634973957
0.00624136688134766	0.00417739871318749
-0.340813975061911	0.308765413683296
0.308354097644059	0.2497745712585
-0.443836404862278	0.421668932239516
-0.609811700094238	0.509832205963983
2.30172167834504	1.11374868557319
-1.04668822361378	0.518323196590294
0.983512110240855	0.363213938331089
1.70857809129647	0.920811175620701
1.81782406489395	1.45662373834058
-0.121051382810748	0.0580842884677944
-0.570331671248108	0.520288032629775
0.571146737876754	0.374640590365724
-0.0167712069663022	0.00986235593153202
0.0911342155328962	0.0547232465148589
-0.55225910557262	0.468013463869977
0.302822522060809	0.245998785928824
0.77636140278671	0.531153758330393
0.346967533186716	0.241670676671116
-0.300995022286777	0.254590400748375
-0.735906273606906	0.860331537341062
0.518922693175143	0.46164752066711
0.826035427682422	0.662755845853432
-0.0241554185250955	0.014209976497448
0.572611394531128	0.55857770811513
0.117553964128379	0.089055739271264
1.14425642057655	0.88268597386678
0.0322266704848041	0.0224658236658241
-0.677476024401564	0.548999787613825
0.605237111397544	0.578721309130736
-0.190536388339532	0.114852332310853
0.0846049667255492	0.0277313721235758
0.374782002964809	0.146461898398813
1.26814610326221	0.539183097863299
0.980647452713659	0.362963151381075
-0.597361701086428	0.229388000554856
-0.683987135831147	0.334069602218028
-0.0374108184765131	0.0210518540811195
-0.184735494911399	0.134480490170214
0.210712068950017	0.15152268550158
0.943197523247501	0.818273690814894
-0.537124911889072	0.579421507570658
0.680115650186303	0.614487701506868
-0.141084535585036	0.106558481528822
-0.656679434678437	0.648521740750628
-1.13334823984507	1.17994429408639
-1.19263908007533	0.79907038088567
-0.32537733924368	0.244662293684873
0.275350723932344	0.231265727795621
0.913303788391038	0.911498532726972
0.340830011006244	0.248334964977593
-0.0597527353637383	0.0420607852371719
-0.375749301998612	0.339081581063676
-0.304783022229633	0.305395781520719
0.0379680038340674	0.0265727598130108
-0.169725950710219	0.140785646587102
-0.273854725088444	0.148836555500982
0.623907306534403	0.194112599022884
2.05940222473833	0.901470944452967
0.937014825487275	0.247501391945126
0.16307322360636	0.0318815003319474
4.13973149950428	1.93323506941988
-0.430018258208213	0.308684283650465
-0.00696407912196946	0.00518759851614997
-0.500308891121169	0.54426180054733
-0.256057937111578	0.25822097112232
-0.0340646105742575	0.0246378503549406
-0.0350857360877254	0.0249954221041356
0.123487312887231	0.093886474643636
0.281330943400509	0.245767736871683
-0.338219275693378	0.283841673678437
-0.113342239248761	0.0547933077066673
0.584155104688016	0.644963119092647
-0.683219301621759	1.01671834852931
-0.513031835708409	0.521997882803132
-0.633962447353991	0.582203466971479
0.326451267267158	0.237484331993933
0.221476340425006	0.147556122280234
0.282571312710601	0.256517955008356
-0.129380930947453	0.0967420480771402
0.199932379271515	0.168293485835479
0.312713948083333	0.246535950108741
-0.218784207169951	0.0799188548809075
0.98407377907783	0.366453047925217
0.99354271184912	0.4678183064854
1.31363173218211	0.94313855910335
-0.714087203875814	0.696464982121655
-0.482354620655072	0.456738937197298
0.506061118834804	0.445615845757899
-0.379094366637584	0.392832807111153
0.364275400251715	0.345408662516654
-0.188507155772354	0.153927399996298
-0.141346850547522	0.117467337810882
-0.347534308579584	0.315756123895395
-0.420358399605149	0.376854446137819
0.208467750981181	0.148906301049831
0.271570406034098	0.24448614643158
0.0165287005324686	0.0107750393977831
-1.51246565258573	1.79835605378023
-0.285991491336614	0.26284255222539
-0.460612390632839	0.403993171490026
-0.621498526683398	0.662842578790738
0.0241517580111896	0.0191129093716182
-0.44215500570436	0.458612313945351
-0.479674203168148	0.551610066783318
0.977641697787304	0.952845226004937
2.06401739477547	0.902644344427815
0.710894166768567	0.609836674267202
-0.0154944894241164	0.0114671719759859
-0.793493788680713	0.822324475351721
-0.913139618220736	1.16223839602495
-0.105865996637596	0.0918466547516833
-0.209161784703402	0.184093305594239
-0.0643423916440281	0.0510128777001122
0.369872594456887	0.341482150090689
-0.0356450651079897	0.0253786946737538
-0.548294667018744	0.364922487983807
0.0133918490261418	0.00826678931433013
0.205893384931251	0.169407264354936
0.983687411174786	1.26052150979167
0.663762392820957	0.596467835421977
-0.00737831977683748	0.00448019516736115
-0.788798571112048	0.852598588970874
-0.251864810369624	0.219151729463791
0.0684367691168909	0.0558710166596064
0.0155947737952599	0.0125331044881008
0.706286138320237	0.603882083633973
-0.779928198015439	0.271100929587385
2.0626131275164	0.90284879120541
3.25585177993415	1.10585266920525
0.163659914308261	0.0319253139355892
0.396101742661571	0.329575609211116
0.654113218297952	0.679442293960231
-0.092352579719365	0.0708786718547556
-0.45491458276363	0.400930072732614
-0.114892282610619	0.0759709668665471
0.678869957061256	0.61090629031332
0.298457482533125	0.246995427544629
-0.265892731509418	0.208718203801496
-0.327177382575767	0.247723729146279
0.648071789769829	0.497493015059026
-0.235106923572482	0.162772405490836
0.699892517550962	0.702588013010762
0.963365919988679	1.15292384102176
-0.328587672028123	0.249414310716903
-0.427009325125714	0.30827525829477
-0.203283143434255	0.144690898506963
-0.73252425750059	0.842246085254586
0.764445555116063	0.821778069660914
0.443070040732872	0.354176082489628
0.235144247001217	0.131371912171976
0.62326313623548	0.195382080165285
0.465695039429514	0.163664307663245
0.979959664940194	0.360274384606939
1.77873029868246	0.684469072770882
1.42336872762447	0.463841960726504
-0.0953735891749569	0.0738919472659251
-0.124841463538987	0.0949871271175766
-0.217950658303225	0.176910221101663
-0.321902993777347	0.298316173531437
0.370585389546176	0.24326041708976
-1.24839387855697	1.54251975089583
-0.00265512959536897	0.00168360923151054
-0.0755822435460069	0.0522308020146041
-1.57431836986373	1.98692531352839
-0.184277698397486	0.134395641007643
0.605665299785213	0.486480743979755
-0.4180313466892	0.33782923246009
-0.207926673446318	0.168206699051112
-0.204558650989048	0.145619081152518
-0.414435433524698	0.369017260322048
0.498811358768184	0.526898495880293
0.277342678234863	0.242977592197914
0.369515094088455	0.341733528342206
-0.106781343029228	0.0698635978163079
0.980089419556064	0.365342534656041
1.20126320670621	0.632998812923511
0.128051098867474	0.0316879701950879
0.0710904833396573	0.0260095393412279
0.0272812595597443	0.0184086795705073
-0.536269644383712	0.504062137302015
0.479204924318245	0.447267821829443
0.52500850746745	0.367730207229177
0.329240354756621	0.240399098710473
-0.203719342765799	0.145981232911551
0.218821118262458	0.129832362702875
-0.487174127240165	0.277916674370041
0.568583612761452	0.374480665715752
0.471883167710974	0.362134141878018
-1.18473409822292	0.81265577983269
0.906629694982773	0.684002029792399
-0.876729921586298	0.745127945985935
0.444546998147519	0.352515611328411
0.0977590209614641	0.0607826715690085
0.0901952119303887	0.0540995897056468
-0.305331743777448	0.258148217939174
0.41364564763779	0.338869501863569
-0.959335728749816	0.962485847433526
1.38382451433764	0.830684994706267
-0.465545167647335	0.19826876166358
0.465007396929331	0.163757650783096
-1.55859357319854	0.559769753604985
0.314300594164833	0.134764146455454
1.89128216644991	1.14658335365811
-1.171259671896	0.354268648704258
0.128051098867474	0.0316879701950879
-0.781175146625666	0.273344967541787
0.133925459616961	0.0333863221239572
0.104650658575644	0.0303206134235065
-0.222897563371428	0.0818933593429611
-0.281763390655305	0.0918765005760635
3.62440936249178	1.37091892125792
0.133707491985628	0.0329789895417372
3.61854672806477	1.38893852172017
0.0780670570767601	0.0258238753791963
0.0855375092670015	0.0281508086620049
0.711311780122222	0.399762651953919
2.76031666068075	0.80609461503235
0.463051935976224	0.161819764975749
0.982700209031034	0.363989286150721
1.3106860545503	0.942382939920444
-0.0940364533166978	0.048532489844468
0.710408787256304	0.403164737188648
-0.639596283054735	0.156460136265019
2.76098037058925	0.812188394353738
3.25902204351545	1.1057488043146
0.937663816241147	0.245703942231671
-2.57584548566592	0.689261699424094
-1.86841698385865	0.766459116148002
0.984635146471807	0.364073470146932
-0.283816265891262	0.0940046780297161
0.988555981524874	0.46356461503939
0.937014825487275	0.247501391945126
0.939134676375762	0.246428972725703
0.163198318954765	0.0319050580443516
-1.1663387915426	0.353796776180306
-2.57173719412033	0.687667960690795
-0.639889036078419	0.155465657511814
0.940090400863303	0.246697605273809
-1.78355593853231	0.415040398756502
0.525526559584382	0.260502409946486
0.828649193042425	0.428469922754834
0.463850806492571	0.162104073343502
-1.78346459010975	0.415096457236971
-0.790308304019232	0.27324259770772
-0.644388682715615	0.156611606851412
0.936367330247619	0.245810660023444
0.16307322360636	0.0318815003319474
0.136474810645958	0.0335089325437728
-0.648872099347456	0.155942321741431
0.133487547685943	0.0330756337612284
-0.283124516934905	0.0937185339860193
1.97547028331465	0.493643388518992
0.937310940021799	0.247681996839871
3.25585177993415	1.10585266920525
-3.47202911181931	1.23103389985516
0.130809758741575	0.0322137583391735
0.132834683092633	0.0327681675512275
0.982146816740938	0.362968568568869
-1.78346459010975	0.415096457236971
-1.78346459010975	0.415096457236971
-2.57173719412033	0.687667960690795
0.128703972957949	0.0319889921983585
-1.78346459010975	0.415096457236971
-0.63923865613969	0.155145012751728
-0.388186711086283	0.112834812193388
0.163198318954765	0.0319050580443516
0.622112146922877	0.193722380790939
1.9760405399428	0.493213117693187
-0.639596283054735	0.156460136265019
-0.638650683410332	0.155084261982669
0.137134990538943	0.033631618011293
0.16307322360636	0.0318815003319474
0.163659914308261	0.0319253139355892
0.128703972957949	0.0319889921983585
-0.63923865613969	0.155145012751728
0.936662065549594	0.245987967322767
0.131467259354295	0.0323356406007025
3.261468973893	1.08978222533579
-1.16677175880733	0.353813253690907
0.163198318954765	0.0319050580443516
3.25511333794459	1.09678833621524
-1.78355593853231	0.415040398756502
-1.55825797222393	0.560915030422003
-1.16523448224525	0.350479641287103
-1.78346459010975	0.415096457236971
-1.5552571448088	0.55650722237525
-2.57185252800851	0.693041972437165
2.76604731521397	0.797140328730968
0.133925459616961	0.0333863221239572
-3.47732163847167	1.23267380978759
0.936367330247619	0.245810660023444
0.16558870151055	0.0320942613353925
-0.393423902424395	0.114153309434115
0.620951928891888	0.191794029907046
-3.4724489022409	1.23315077833711
0.133271254304781	0.0330736858737192
1.97547028331465	0.493643388518992
0.973954738785692	0.3572813967769
-1.17711577051778	0.352484021879961
0.0831434633023487	0.0274562437249086
1.781861412626	0.684439683958863
3.25585177993415	1.10585266920525
-1.78707841532115	0.414309017630871
0.937310940021799	0.247681996839871
0.463163017399524	0.161706881929458
-0.639596283054735	0.156460136265019
0.136691698731902	0.0337280912386556
0.622619267673717	0.19534691993008
0.937310940021799	0.247681996839871
0.940090400863303	0.246697605273809
0.818394659738515	0.42031211247846
0.939788369692413	0.246515323141127
1.97547028331465	0.493643388518992
1.4281233246026	0.459092046764703
-0.784821679690783	0.272251756501701
-1.78355593853231	0.415040398756502
3.25585177993415	1.10585266920525
-3.08744594535476	0.960811196593325
-0.389314007007522	0.11306509974214
0.134580624513602	0.0332822882767434
-0.636818099084377	0.155245621420264
0.163786424348353	0.0319491236824782
-0.639303808570113	0.155405266784039
0.625409925972999	0.19358581281195
2.76098037058925	0.812188394353738
-1.17192744414291	0.355003538565994
0.940090400863303	0.246697605273809
0.165719814080059	0.032118911098423
1.97547028331465	0.493643388518992
0.163198318954765	0.0319050580443516
0.133487547685943	0.0330756337612284
-1.1663387915426	0.353796776180306
-1.78355593853231	0.415040398756502
0.0976952278183603	0.0282638533576992
-1.1663387915426	0.353796776180306
-2.57185252800851	0.693041972437165
-0.387678621621037	0.112733540232719
-4.03824559916098	1.76813366614262
0.625545825050412	0.19581710979278
-1.87051791418744	0.771246750584204
-0.838760583677872	0.373155046440197
-0.86360702539157	0.472489470831289
0.0735319248615249	0.0271371945758418
1.31407457085972	0.956191544009692
0.418052020169715	0.242877515298215
-0.232174022890106	0.133967129763592
-0.472566947998232	0.201652567172695
0.417656470077544	0.246519699653357
1.38135831727609	0.821661818829214
0.0946353565547011	0.0272601781854582
0.100674308760322	0.0294967719119431
-1.78355593853231	0.415040398756502
0.136474810645958	0.0335089325437728
0.104392141069775	0.0301215924423131
-0.390609043378598	0.113594128833838
0.0668522090242408	0.0273787406757099
-1.4066676718625	0.881977362529315
-0.218769366670858	0.0804053427602145
3.90337898668853	1.67320397479904
0.163786424348353	0.0319491236824782
0.939435318789204	0.246610398890443
1.42662830143714	0.462133777671899
0.982826329529925	0.363125631743975
1.42204391977515	0.460518488476826
-0.639596283054735	0.156460136265019
-0.581560336580987	0.221979819058924
0.939435318789204	0.246610398890443
0.163786424348353	0.0319491236824782
0.937310940021799	0.247681996839871
2.05996242596197	0.902747392217676
0.937014825487275	0.247501391945126
3.61777006975253	1.39242507742941
1.42314513115208	0.464520674256509
-1.55875747069186	0.561897601836786
2.76098037058925	0.812188394353738
-2.57596917637172	0.689272210449406
1.9760405399428	0.493213117693187
0.133925459616961	0.0333863221239572
1.97547028331465	0.493643388518992
0.937310940021799	0.247681996839871
0.98338732932609	0.366366127152252
-2.57596917637172	0.689272210449406
0.937014825487275	0.247501391945126
1.9760405399428	0.493213117693187
1.42380936571803	0.464332625195306
0.101917990904754	0.0298160348051342
-1.78355593853231	0.415040398756502
-1.78346459010975	0.415096457236971
0.135019543462428	0.0331874904235952
1.78237568108603	0.685305417622692
-0.387678621621037	0.112733540232719
1.42248186635954	0.460999123934144
0.0701880914724538	0.0317802484841732
3.61777006975253	1.39242507742941
0.163659914308261	0.0319253139355892
1.42314513115208	0.464520674256509
0.16307322360636	0.0318815003319474
1.97790917110466	0.492162248022775
1.42618191837161	0.461642678393369
-0.638650683410332	0.155084261982669
0.163198318954765	0.0319050580443516
-1.78355593853231	0.415040398756502
1.42314513115208	0.464520674256509
1.97547028331465	0.493643388518992
0.937310940021799	0.247681996839871
0.469133474081143	0.163814067909815
0.133271254304781	0.0330736858737192
0.0985287046126871	0.062274754946544
0.519641426661302	0.358594673839525
0.466120263483772	0.252418924537429
0.133707491985628	0.0329789895417372
0.101917990904754	0.0298160348051342
1.77822198684398	0.683613630208253
-3.47286901881966	1.23062907931592
0.621469716638925	0.192291266459957
0.163659914308261	0.0319253139355892
-0.228572761929468	0.0833740677494706
0.0826554483187954	0.0273070224947341
0.103834328016761	0.030145721331391
0.163659914308261	0.0319253139355892
0.937014825487275	0.247501391945126
0.626057398278677	0.194690437073751
1.97790917110466	0.492162248022775
-0.779374022118994	0.270566801509696
0.622754877518999	0.193758888404047
3.90683725051476	1.67519305392193
0.564721447673476	0.367273164697206
-0.0148242536692958	0.00891488296532905
-0.27023101856522	0.185002342931876
-0.488405682836287	0.2778176463393
-0.223574805971743	0.0822999127273226
-0.470901152138157	0.199497254614571
0.230382867854485	0.12841471833265
0.323754139360655	0.139335987014503
-0.465545167647335	0.19826876166358
-3.08744594535476	0.960811196593325
2.28997442868468	1.11013235405733
1.42403258571937	0.460282807242908
-0.781175146625666	0.273344967541787
1.20428856190781	0.637895336485809
-0.583890069772683	0.225365877892044
-0.387678621621037	0.112733540232719
0.110652479211704	0.0313170153486463
-4.60108833642563	2.54754776211969
0.628490628725909	0.194302976090237
0.0746548867757345	0.0365388007451472
-0.213970837734586	0.0776219191177963
-0.0442332462189947	0.0315982200200973
-0.271930539834911	0.183545217401567
0.977347925633149	0.94786345924266
0.650873380002439	0.499420119336729
0.0665425036782378	0.0300316718881086
0.077917279305626	0.0413557027343525
-0.0934577968489783	0.0475749755320254
1.02265071688062	0.717310309281214
1.25032723639934	1.21363790023131
-0.141068316890764	0.0630753987745491
-0.669094125793113	0.490940908750192
0.0719056556710039	0.0381723097315447
-0.365064356151511	0.233856012982983
0.231781490754921	0.138993287029686
0.817428895436579	0.416777539155317
1.02833912443054	0.850673541170943
0.0774098988428949	0.0284533149610014
-2.35022576368948	1.20181587707921
0.984635146471807	0.364073470146932
2.68196325634162	1.58215372779936
1.5421725880529	1.02255068630866
0.937310940021799	0.247681996839871
-0.490474511412398	0.282556793514142
-0.595669799008963	0.226100194549394
1.68670048869978	1.59429345294569
-1.55880995658491	0.8001699521369
0.77232558379067	0.526075254222935
0.0810318530308528	0.0265912254997421
-0.169182724938535	0.0681135527451172
0.910530824079538	0.686313630079274
0.627719586084566	0.384456076496408
0.624616978128679	0.380387973073988
1.3189689840057	0.957011978488816
0.517457983245536	0.356594661397349
-0.168591626793023	0.105612033192227
-0.736768257732673	0.440880478134594
0.414167598453234	0.241504047769944
-0.687729121216158	0.330684109215332
1.49744119947278	0.712461006448089
-0.218769366670858	0.0804053427602145
0.608590636445326	0.269956841025571
0.45843003266164	0.159762797613217
-0.865213389433054	0.476016892826936
0.619057806786092	0.279661972340535
-1.09544208704926	0.436463948509822
1.26675231678754	0.540402083497145
0.616294322196536	0.278040952680414
0.074234472888677	0.0274305829074115
0.377717317531447	0.147754653807085
0.277989934496976	0.132800198172598
-0.887250836721431	0.590057809712466
-0.628660950446636	0.401506242795757
0.376638581962061	0.145760157259072
1.02520805088452	0.722935798784166
-0.331982289220201	0.168211261066876
0.318637131976846	0.136673958529662
-0.0659783722759144	0.0359045715203351
0.0866244637077462	0.0489437868837446
-0.778931326306302	0.622420576713393
0.706287585254576	0.397486298482717
-1.04907439557141	0.527037084645053
-1.0217255694423	0.609644912603049
-0.218087388523012	0.0802373753364199
0.468411691961078	0.163627726712943
-0.218087388523012	0.0802373753364199
0.377717317531447	0.147754653807085
0.254619379154333	0.132699874088974
-0.839245374563518	0.374304139759012
-0.684709585491117	0.335273641449452
1.00000330477145	0.467688648809361
0.750529487108912	0.304585837256597
0.0779077110491222	0.0287506178142342
0.373426203321584	0.145712820367284
0.133271254304781	0.0330736858737192
-0.587362233118177	0.227587398386815
0.0861549298687843	0.0279661250308999
-1.1663387915426	0.353796776180306
-0.111913326303682	0.05415096898476
-0.573076244477913	0.304900045445893
0.904563033466544	0.677952387728439
-1.31665456422494	0.995957739389221
0.0874898018186093	0.028639947933677
0.997069063863235	0.470868177372939
0.271178201983438	0.125926154075209
-0.172446690650004	0.107090864002432
-0.760653337266826	0.530039053817901
-1.24494403706867	0.697522068554393
-0.757801824948859	0.532339111059924
-0.688563408710856	0.333930412215099
-0.391913536074903	0.183329676116835
-0.464352883540075	0.197137137022854
-1.40456826894253	0.877777076663688
1.38151053002977	0.816314918031118
0.0748317400036176	0.0275952637707166
-0.84540796850372	0.376379892436343
0.378392467045764	0.147777492160256
1.2660640649717	0.538984141591235
0.712423384413759	0.401648171350781
0.0785728871146609	0.0416761989579341
-0.0118067507683847	0.00712617606934625
-3.08716456321314	0.953073801543469
-1.09271495513081	0.442597192627695
-0.571047739344874	0.305755299443432
-0.783529936628575	0.852732777456679
0.241754685893272	0.122772021438741
-1.33987726272824	0.611073422158008
0.376450834640573	0.146813529842881
0.980216887401728	0.362749011960844
0.998413455338397	0.470161902017132
0.258299250671611	0.131126360737269
-0.850975747050273	0.92135238022143
0.218129392948193	0.158075637705192
0.213328960871707	0.141421112070532
0.134110916546165	0.104985852963671
0.350402808890565	0.245388462368446
0.254619379154333	0.132699874088974
-0.0372280467550381	0.021087407405228
-1.08304143395405	0.963744711149666
0.0612345690275974	0.0299259403430196
-0.686993772601417	0.323086766307224
0.420495183923952	0.244601443235557
0.36671742737036	0.244643441382684
-0.0378791660478382	0.0275061542276585
0.16307322360636	0.0318815003319474
-0.643736593348132	0.156287938793396
0.3806525851881	0.147602196113053
-0.93883104702277	0.908052726382989
-0.124594088122335	0.125533138221971
0.411400253930069	0.240762317404903
0.753663132968624	0.309194895580188
0.321035881018702	0.138437502795889
0.624899495342388	0.194695505334991
0.100117895456633	0.0291617999676644
0.315013979999356	0.135887506843617
0.208579324194013	0.161623526973405
0.0520396086803488	0.0399818239321988
0.14235217642058	0.133153014188432
-0.251939397496117	0.23977561128642
0.580476344281303	0.565536651845466
0.42512649425184	0.348132522166388
0.434175729746754	0.343918038129532
0.235296531290178	0.130190567011548
-0.875965271891734	0.759482356574183
-0.387096562564203	0.17930783635872
-0.612221063610004	0.503024828385151
0.022672980157122	0.0157983703599047
0.066250201357532	0.0324090279074986
0.574260588057647	0.561483861632936
0.199073549986775	0.157288801725253
0.879060740223822	1.08410143319823
0.722064117174357	0.627555724752902
-0.29030977766138	0.0947936068027918
0.16307322360636	0.0318815003319474
-0.677905388439909	0.330941128827722
-0.671877425723968	0.494127360479509
-0.133786047300241	0.125365189322643
0.568761203819533	0.374022658972204
-1.87715426154877	0.773308234772495
-2.70123226604966	1.6608501094302
0.100674308760322	0.0294967719119431
-0.846789366593872	0.371233876851879
0.281519272103082	0.134295404125124
-1.03381753629276	1.10041982787617
0.294721065606534	0.234993120183788
0.215009292803746	0.170186898594129
-0.293137170743438	0.272754680428253
-0.333038597921602	0.253141202151045
0.344948132991651	0.241584221447946
0.113582224098846	0.0781335451982812
0.223478179164765	0.161018992675309
0.330428327886213	0.241480739340196
-1.0145174153727	0.746400417882351
1.24696009092154	1.34989466128029
-0.271405504684877	0.213377989242994
0.010113927632923	0.00623699535679388
0.0756548463894617	0.0399091871066748
1.26698997561288	0.537947778137258
0.0897732097865361	0.0292727130976203
0.459868627727569	0.161415329046465
-1.87177717005934	0.772948358215421
-0.585748429966379	0.223431965265742
0.0761099818923021	0.027869991273695
-0.144698742866381	0.0638292409461067
1.78589243398667	1.79302081645653
-0.420102551657522	0.256207050689109
0.365678268318975	0.242133956055788
-0.552415402152425	0.367439730191431
1.71118569380413	0.918206843903336
-1.03393181813354	0.639814150161869
-0.133325539884286	0.0588371206671628
-0.242888466744425	0.167202586765932
-1.03552905286412	0.637119372287899
-1.54653348088687	1.0733043811311
-0.0916641126895293	0.0476163473689297
-0.585146095591683	0.303820198227712
0.278024405868376	0.13178413737364
-1.24234318809378	1.05479592393474
-0.572334946150288	0.301990884067241
0.521831532758256	0.258403455202201
1.54370722638643	1.02972953602529
-0.684299989599032	0.329263624425278
-0.550588140537598	0.372088093883945
0.995721248136698	0.466119360542734
-0.100287488256	0.0511224300798257
0.623818789025106	0.277889243075767
0.0673768381760365	0.0272260628550196
-0.13905259928764	0.0616361464682869
0.817787983461909	0.64754289693688
0.753571413536895	0.309463972555086
0.756259387776675	0.628524954936037
0.222768352632902	0.147202896778694
0.315567916141297	0.134726521116389
0.280882084466602	0.134036754662528
0.0681479874982019	0.0336153022879056
-0.197067061834828	0.118318029846902
-1.24338703643503	1.07982065816716
-1.25050506119419	0.691444862360106
0.565521951826799	0.368327981881458
-0.470796963780954	0.200128568617305
1.38250027072795	0.821945996226353
0.219839934589367	0.136940225166079
-0.383123220802472	0.178763617341418
-0.363647176377933	0.233232180072183
0.563408226410129	0.372004015085563
0.082558098902597	0.0273014951400138
-1.05348537823391	0.526541620958062
0.984904362797403	0.354656534439253
0.100542205310562	0.0293103472403775
0.755865674835745	0.310009902242014
0.937310940021799	0.247681996839871
0.752796212933443	0.304370290942532
0.0731502503834905	0.0269786968223666
0.606589049748311	0.26928363001014
-0.389961680664391	0.114106955582715
0.133271254304781	0.0330736858737192
-0.17404415100386	0.0708347026504022
0.0794645034550934	0.0262268516113722
0.136032867380314	0.0336051051380813
0.094525300086411	0.0274778470661975
0.419995815327668	0.246670734057372
0.830850379523467	0.428725113769432
1.164329791193	0.754722209104207
0.873352545330649	0.556557939139928
1.7737119434339	0.678758397601244
0.974636709227496	0.359938747239884
0.359613521278548	0.239181696824213
0.20800024375255	0.155096671690037
0.313846373051408	0.243353587688275
0.668316877033906	0.602163904979936
0.217048737328554	0.144560425975934
0.874412346106398	0.78302314947891
1.14506011863696	1.14692063754883
1.40963829662743	1.82486519705962
0.367035049225214	0.245274344054913
0.577495029469562	0.561023160224411
0.220596997912291	0.14612602303973
0.862789688077162	0.531940489413424
1.17197849508907	0.765020106414244
0.613944711078289	0.274318795618447
-0.233403797536258	0.134006315445897
-1.40756254987672	0.883369813060492
-0.138515277456331	0.061510662131828
-0.170888934750394	0.0696466408768564
0.644167095020151	0.495291983228237
-0.675629795313725	0.496729131928116
-0.3236716441718	0.164581074097728
-0.422500425335929	0.25742075550909
0.824305129696114	0.425601218251414
-2.12693973261943	0.981192405235996
0.931562386845422	0.243619932940969
0.16307322360636	0.0318815003319474
2.05387829443815	0.89172134775295
-0.589460033482949	0.227811993077459
1.26308374314385	0.535890023428446
0.104650658575644	0.0303206134235065
-0.282181274543937	0.0921331983669046
-0.602282170839075	0.228088249462352
0.61739391895516	0.278389945638731
1.42662830143714	0.462133777671899
1.42662830143714	0.462133777671899
-1.78355593853231	0.415040398756502
0.130358943644147	0.03211293530986
2.76031666068075	0.80609461503235
0.103834328016761	0.030145721331391
0.459149783339874	0.161003582936581
0.16307322360636	0.0318815003319474
0.625065959423257	0.383522628646435
0.616991121321407	0.277694452189769
-0.391134536976363	0.181619193387684
0.61739391895516	0.278389945638731
0.373514502534244	0.145732055908002
1.77807496671479	0.679218438276244
1.00773066089953	0.586434706687321
0.100983937932895	0.0661366468968201
0.398559949716316	0.348396326377941
0.396456373634727	0.344806149039004
-1.74315009089935	1.75381996381612
0.31179372040763	0.250621573860566
1.32857038996883	1.64364811296927
0.813496161746013	0.756214218377311
0.812653036174956	0.857744310623382
0.24002551352146	0.134609954469297
0.80577292931025	0.747280841061606
0.649658014575318	0.495783445386196
0.427190362126693	0.351087420439081
0.909402250141059	0.686388700258939
0.0645994337974109	0.0292851041889526
0.382409141181	0.241166264405286
0.0657769002884686	0.0296139546280812
1.69179486406805	1.21873399787755
0.316441276516953	0.136738196757276
-1.92482381986075	1.71858763807815
0.827323817273502	0.428074757713237
1.20299045490496	0.641888668435994
0.56723878640401	0.371864615541767
-0.877022677713772	0.674363722406707
-1.73639519837922	1.74915170698043
-0.778262226657775	0.616584690165854
1.27369020123858	1.07270252068763
0.524693291675457	0.259942760347575
0.355780739287576	0.233874820369548
-1.08585839601005	0.436841154743975
1.26617237586217	0.544237689615947
0.131015079699388	0.0322345028092498
0.458972064506476	0.158892325579905
-1.08808454476495	0.441668138489739
2.29501022404741	1.12081418233569
0.0944749613757398	0.0273492596284606
1.53782970268344	1.01559565074618
-1.01220292101707	0.740428314739357
0.101917990904754	0.0298160348051342
1.77887649352479	0.684635676036224
0.475671542471002	0.162398575817073
-0.217500003936512	0.0795596754161882
0.133925459616961	0.0333863221239572
1.01207143646933	0.590088164281743
-0.588744852044202	0.226255456507482
-0.141258529171564	0.0625208943690646
-1.06323055825799	0.531330583215609
0.711224518623223	0.402566101439273
-0.173108018568897	0.0702382328017004
1.167718372767	0.764242630528896
0.0743459283882632	0.0366065744597781
1.37994186458045	0.825636815426313
-0.467928898948995	0.199452398403393
0.463345795356449	0.161618675437089
1.05523533749669	0.990758821557428
0.0264994534283795	0.0179452081416497
0.521677287930024	0.463545569194866
0.60838471054411	0.483892906418343
1.41364459694566	1.68390865075357
0.681018836122074	0.692913517759908
-1.24338703643503	1.07982065816716
0.11947004304922	0.0848963134654665
0.116405168290481	0.0802319135531156
0.970653991790946	0.940425127232117
0.526149688057342	0.260965745163726
0.31695705897609	0.137107793098675
0.870648571562894	0.549964906171759
0.420154964827376	0.246442940426423
0.284541206928703	0.134338160559497
0.566630155946582	0.370454256433418
1.0327230730711	0.847697908552426
0.231203633738815	0.138038473802475
0.233165616508098	0.130271302597885
1.78071748932412	2.0956664084729
0.80950482427172	0.749659463916103
0.248341729798715	0.128330596640412
1.01526637306252	0.704880208170005
0.615996072663699	0.27788426628617
-1.05395976125607	0.531601431621284
1.81802632232662	1.432503500198
-0.1154680459309	0.0557045397037031
0.259923335502012	0.134444220690404
1.54354702731326	1.0081410830007
0.976564600323558	0.958158035706694
-0.890623115322935	0.683962739417945
-0.552211583407427	0.372392131019082
-0.474003836535543	0.329749426861064
1.68434359087936	1.21712657574789
-0.762658360651307	0.542394976273773
0.980089419556064	0.365342534656041
0.13436303694843	0.0332886519978548
-0.589321136047374	0.226925438920885
0.159126058171774	0.0311056421910278
-0.785510297747507	0.274807822870996
0.127606060129718	0.0315885413447163
-1.33860291640925	0.610961857710409
0.0768904416671585	0.0253241886845593
0.826869857318987	0.422661459647484
-0.389961680664391	0.114106955582715
0.136474810645958	0.0335089325437728
-0.588737998484006	0.22675387575669
-1.34230899665532	0.613420184707873
0.991559572746076	0.463450488316544
0.0741288966992	0.0273019571630374
-0.118717854248502	0.0575484815928524
0.317056481215529	0.137252608182487
-0.470197200488499	0.200326351745195
0.0694218615090746	0.0314250772724684
-0.282546716502843	0.154123525806985
0.992783972831721	0.466217843085374
-0.386132143301682	0.180457470735018
0.613246033967951	0.27430184274171
0.16307322360636	0.0318815003319474
0.754251130764505	0.309630028134212
0.465007396929331	0.163757650783096
0.619754956801837	0.279927116906326
0.11477894600682	0.084166760320994
0.711504039576353	0.617566612382415
1.31203671616718	1.60419440645443
0.213011231655769	0.152619748585199
0.569947461023044	0.555172979904244
0.0684886093197502	0.0251481264104358
-0.517528168488933	0.405253343363328
0.559297901578287	0.363858502168408
-1.34719217707295	1.44796447580751
0.822354533335032	0.649796665945819
0.713339426670567	0.622915922059296
1.77806605991267	2.42291115711572
0.559855661241035	0.461099512331251
0.709203370130027	0.396422277281445
0.0815470408366256	0.0459107927675188
0.368616592941538	0.340714987551002
0.464483870125833	0.357004462170508
-0.0494281926396857	0.0279985286552326
0.472042643796754	0.360137768791072
0.242366862095142	0.142378190128923
0.463260044749614	0.251174003685453
0.701847480855436	0.392058479708747
1.56784840772374	1.35095294766869
-0.523786311477528	0.41189592203777
0.229323110358543	0.126652520341668
-0.141804921843565	0.0635628857235288
0.315727541105804	0.136457985534746
1.15429835408417	0.723389641417016
-0.385688680360117	0.180627142774093
0.566642562447997	0.372532132263482
0.0737122978739122	0.033151837599766
1.38081552210439	0.824232677112136
-2.53427284685224	1.43161688472622
-1.05631836780848	1.04333983083402
-0.993916963125983	0.828715292745303
0.0976814895001366	0.0617036669439746
1.68772623875749	1.24397965065282
2.05757979700541	1.96133506848862
-0.5604443892448	0.29004406338514
1.38373358136613	0.831527950810364
0.98678303888892	0.364200312773431
0.62326313623548	0.195382080165285
-0.777453821937005	0.270075260741115
-0.387678621621037	0.112733540232719
0.998429926673038	0.570241900964444
0.757839505849219	0.310841820857779
0.0818686993641988	0.026955838756343
0.752890772068621	0.308559001730058
0.13436303694843	0.0332886519978548
0.165719814080059	0.032118911098423
-1.34724991215016	0.620538576333617
-0.211526293466635	0.0770948399498692
2.05738022148558	0.894160629954627
0.100674308760322	0.0294967719119431
1.01862884575926	0.72113565711119
-1.13775261768111	0.908125645417691
0.288464452243836	0.13606743530858
0.0620413474810336	0.0304346866741059
-0.173826227316092	0.0707120984295597
0.0819724814771635	0.0270734904071074
-0.632119250640131	0.400422696873808
1.38152441499461	0.823870185922236
0.313421833938519	0.135249087427043
0.163786424348353	0.0319491236824782
0.439729226238379	0.346717407420774
0.98797825875854	1.05610338343967
-0.227898084063615	0.129783784106291
0.0708342327405061	0.0321229667300894
0.49267379302788	0.35906371002265
0.301926102574474	0.234327673351711
0.292380403780935	0.256016764600322
0.0226593511006032	0.015264815873485
-0.773709288960838	0.539350851560704
-0.475493249407106	0.331481979582532
-0.0752352992741767	0.0519900203682947
0.339373682379633	0.235092830788495
0.281519272103082	0.134295404125124
0.242591897117931	0.135287436581551
0.386049098175779	0.337253327954721
-0.155530177548732	0.0963225989140199
0.208698367280886	0.142016718722838
-0.570948332732372	0.30351010073389
0.311378893949948	0.133716618743878
-0.272058724490957	0.148563814765506
-0.76028818920751	0.536636294845982
-0.223574805971743	0.0822999127273226
0.517768640482111	0.357852612599531
1.15225042881856	1.15548694731394
0.0892559855761891	0.0528512035305752
-0.397905519540628	0.183020461996
-0.0909824111200455	0.0468087760668594
-2.05813090016765	1.42213651955703
0.459515119262792	0.248135487948289
0.0665833631580316	0.0328818963374698
-0.876053086915132	0.7547237477935
0.070484780823928	0.0289022134005227
-0.384590419852126	0.179641134330773
-0.333906857044307	0.169399912567343
0.27812000835583	0.1320371005728
0.0735257817769309	0.0362177492347524
0.217077818183474	0.144223174808344
-0.0693432881639655	0.0374975524920657
-0.365126478705537	0.231539099360792
3.25827664062768	1.09904334310191
0.163659914308261	0.0319253139355892
-0.784952004958393	0.273079517790807
0.0965704025579662	0.0279559872104431
0.16307322360636	0.0318815003319474
-0.3958347259145	0.114354399872093
-1.78346459010975	0.415096457236971
4.522514814212	2.44980412061782
0.133271254304781	0.0330736858737192
-1.1663387915426	0.353796776180306
0.939134676375762	0.246428972725703
0.936662065549594	0.245987967322767
0.163198318954765	0.0319050580443516
0.100804134010776	0.029318072573185
0.626057398278677	0.194690437073751
1.42336872762447	0.463841960726504
0.460446877814154	0.16086399615881
-0.732992966447043	0.437111732575941
-1.03117943698989	0.635534522275325
-2.34476550684021	1.19981832249613
0.250008084969807	0.128963411741457
1.69458250432431	1.59020100949405
-0.41454833147539	0.251673708924831
-1.2346820732642	0.697449713650545
0.866939792917641	0.548333625308153
0.0696742174800306	0.0287057071302054
0.0745512279799134	0.0274549848670125
1.38837984333214	1.80654182126293
0.0747254648107833	0.0306302991842174
0.219424670966713	0.139071953134587
0.824918026386795	0.425420350735163
-0.30669811890232	0.258334443993696
0.108539996571486	0.0736093909915252
-0.0686898248097456	0.0371749981864931
-2.70050971570163	1.65742766101832
0.647869385396302	0.495150487952851
0.21486977466114	0.142913013759491
0.0903904251913324	0.0543189546852355
-0.111761789396506	0.0732445546087941
0.76770087065045	0.917137473574702
0.12020047471373	0.0938007746396749
-0.310888194899677	0.265092213331519
-0.110115145023039	0.0860003413526621
0.197397976084694	0.160567166540895
-1.02938665718969	1.09899267014349
-0.933675850137198	1.00654835075627
-1.07170352733965	1.27291138745033
0.386979547802043	0.333559023421716
0.706104931870323	0.393753646851729
1.44497747693685	1.15271136369059
0.0954136322570008	0.0570753847583734
-1.64476809455356	1.57412079347349
0.525421214488514	0.260651582132445
-0.490673164358278	0.282831182622257
0.278630631249217	0.132876375328158
0.463395530690562	0.446819901601263
-0.201979300955445	0.121704330079812
-0.734497544969943	0.760868956402313
-0.777956229151238	0.627424052676688
0.457888875146093	0.350209342522949
-0.993268530308736	0.829788290409761
0.646523216757518	0.498656155447759
0.46786351587364	0.360281916228612
-0.00262879054161527	0.00170055169295214
0.525526559584382	0.260502409946486
0.250894012253942	0.129633601710064
-0.73556151810983	0.439839394245205
0.467403564490526	0.163015331706981
-0.223663099670944	0.0821661755551311
0.243250476835143	0.13582894353633
0.384702500233232	0.241248519537779
-0.353222701741258	0.223139365794373
-1.31388823817892	0.995474313782076
-0.889105742485841	0.585605601875504
-3.08772760270414	0.960654182521525
0.13436303694843	0.0332886519978548
-1.78346459010975	0.415096457236971
-3.09164110396459	0.955390962016237
2.76098037058925	0.812188394353738
-0.63923865613969	0.155145012751728
-2.57185252800851	0.693041972437165
0.467689004309737	0.162522094014732
0.133925459616961	0.0333863221239572
0.458571535160577	0.159975088507676
-0.644388682715615	0.156611606851412
0.136032867380314	0.0336051051380813
0.16307322360636	0.0318815003319474
-1.78355593853231	0.415040398756502
-0.780067822171114	0.273115694343224
0.103834328016761	0.030145721331391
0.622619267673717	0.19534691993008
0.46489631380229	0.162505252822639
0.100674308760322	0.0294967719119431
1.00574058571355	0.580025681207178
2.04769382231039	1.36511982640621
1.1585064734053	0.903805371903908
-1.55392822682513	0.796784762760139
0.615597423484624	0.277774771852141
0.46303034207706	0.252080096783726
0.709768678655775	0.402526034243568
1.54021431593659	1.00831292667282
0.62649312064728	0.385285300402791
0.0691325858927214	0.028365230111291
1.57054562269422	1.36689755802059
-0.145839445554492	0.0648150451041889
-0.865705245233665	0.476122294804425
1.15931861081484	0.903504047467857
1.06392035030836	1.09890018288771
-1.08495908795629	0.970946257840783
0.5150655068938	0.352813833606249
-0.379402770092845	0.312860887992994
-0.86644337983238	0.477848399796818
0.0945940983514913	0.0564454168186726
0.0962392424875167	0.0600869996985366
0.348134255891565	0.336441724653275
0.382359140244845	0.344318469035054
0.22082115427957	0.139949078383046
-1.1808998612414	0.813126108172922
-0.5887545653593	0.446836986379427
-0.555845938775865	0.477463088614424
0.332489265923358	0.241575710760883
-0.277319801360945	0.188669247563788
0.258336757303549	0.254081954538485
-0.199928721003924	0.164129544664124
0.795546595665147	1.01693870805709
0.632302634472317	0.723278912792443
-0.0823361726030855	0.0650992705657057
0.117414058157774	0.083691558277243
0.0768030231932262	0.0280638490843068
-0.627891368833409	0.704348786576786
-0.133053573535664	0.100481354765818
-0.227027906689441	0.130634968917701
0.419691351250825	0.246312432022069
0.231194687872567	0.129428463296005
0.76844993816495	0.525063325106416
0.624506028624199	0.380738042483408
0.615896367859951	0.276796805866574
-0.878868158751948	0.757176840010276
0.668167089528773	0.602468445511864
-0.879877607562185	0.751796803234615
0.214606536434286	0.142788352702095
-0.341613885787529	0.28702169839962
-1.27903723086832	1.29506882310288
0.0129588455408739	0.00848624402399255
-0.276276141600784	0.152066686273455
0.459665507295332	0.250509387227851
-0.137306153903508	0.0882478634560348
0.720106803699892	0.61692555103699
0.715139375885325	0.621395646779957
-0.937078006830021	0.993553672545797
-0.549967736313264	0.468318364002192
1.26479573066551	0.538668938865093
1.42314513115208	0.464520674256509
-0.143056075861967	0.0635818520906282
-0.762791213536917	0.534354499627026
-0.788959986972036	0.851454357422893
-0.169147643935118	0.105418535681409
-1.17720601109744	0.811349190633235
-1.68743707806619	1.29824752805658
-1.78355593853231	0.415040398756502
-1.78355593853231	0.415040398756502
-1.78346459010975	0.415096457236971
-0.638944530069775	0.156134678840522
2.50232736607576	1.34474705903118
-0.639303808570113	0.155405266784039
0.937961312100273	0.245882544650772
0.163659914308261	0.0319253139355892
-0.390106056190049	0.11275196876654
0.159126058171774	0.0311056421910278
4.35875143594591	2.09839838679138
1.42380936571803	0.464332625195306
0.0911586153910884	0.0265297631146319
-0.223574805971743	0.0822999127273226
-0.463770235409083	0.194031277290565
-1.03266774845399	0.639290384939679
-0.279240524712656	0.152853757080852
-0.288288252306734	0.0951646511298916
-0.0873460551479131	0.0452256283602196
-0.277523282299326	0.151470957852097
-0.115734308858515	0.0562081752164326
-0.192668059031177	0.116712291376543
-0.87074510598565	0.482245210013273
-0.502127741821777	0.434837165840835
-0.0655240803380229	0.0355761010251696
0.707851176770526	0.512786688589814
0.301165059387403	0.243852535751494
-0.614905540687165	0.508932993565114
-0.369035029284082	0.235279725595864
1.00773066089953	0.586434706687321
-0.195439217193294	0.118398106938046
-0.306553032671037	0.305980937484397
-0.159352271434124	0.134565214333421
-0.855902515215619	0.975459364417589
0.131848613032878	0.109359142747862
0.0738532491753521	0.0363628966218454
0.0169348777280729	0.0109870554022164
0.0125871490235237	0.00774113678702587
-0.533764330435854	0.578100876118623
0.215224297027783	0.161935968026781
0.279587070604159	0.244882947770214
0.528772390807155	0.536263450353477
-0.0559089773096077	0.0392565351900679
1.01509035173861	1.45852616275669
0.134001155573089	0.11818355389776
0.0759131873459959	0.0620379021277754
0.531244534422486	0.453208380213122
0.256334834916235	0.270628591883529
0.110673692473024	0.0730030792332237
0.217393683797997	0.135526770483938
-0.64015418225369	0.40932607735641
0.429771093936857	0.353812906232078
-0.476671937511681	0.334899478334671
-0.417099085306457	0.253737180220389
0.98338732932609	0.366366127152252
0.905970187088447	0.682538052533887
0.448031699940869	0.424825826158382
-0.337861331615301	0.284103435973191
-0.106179568235519	0.0829417110058677
0.0997684985085805	0.0557859444924335
0.838109746537423	0.955012125132652
0.527501872334939	0.260695235632194
-0.132935662466113	0.0857493047059254
-0.165612238797398	0.102845918906512
0.113466548242291	0.0806513932253428
0.488509333065969	0.35796990780531
0.648974681540592	0.498106974225694
0.387340556087927	0.244498432146679
0.870734871374674	0.786932757375142
-0.868751429940893	0.819440995361245
0.0181682475557753	0.0117332773487845
-0.691877590312397	0.568513979494465
-0.883202871344915	0.683590790611555
-1.171259671896	0.354268648704258
1.38664185994936	0.828484260259448
0.653879508430846	0.501359773923809
0.362959930219699	0.242508199778797
-0.613821683155115	0.51884976389028
-0.232771533134034	0.133776223666718
-2.12622700386646	0.979101784127943
-0.389961680664391	0.114106955582715
2.05738022148558	0.894160629954627
0.163198318954765	0.0319050580443516
-0.388047267363759	0.112034486078197
0.128703972957949	0.0319889921983585
0.165719814080059	0.032118911098423
-1.16566845088931	0.353063396931639
0.163786424348353	0.0319491236824782
-1.08878364673912	0.438810891064875
-0.547200502311296	0.368223645297068
-1.13474350456949	0.905504548830044
-0.332483056424603	0.168889349978573
-0.19674348452224	0.119364267706328
0.373251388975262	0.329275688304809
-0.0464555743863809	0.0261562533289506
-1.24393657938041	1.07614881456535
-0.632815535970224	0.402974390718908
-0.874966056576652	0.743609134291299
0.841934107111723	0.967750267564284
0.6016399821073	0.654942974466458
0.51590050079591	0.455136436043803
-0.238343525278752	0.166495524847197
-0.137450725616178	0.0612693406304067
0.246439499078716	0.12611767993226
1.36066186390582	1.41329571392025
-0.00378129244811428	0.00238168541093073
-1.03338977665041	1.36871057853213
0.209486353771136	0.156904571534552
0.0483518595817363	0.0348600704133757
-0.257084546893399	0.224302889625055
0.64604860349507	0.669751094638583
0.00246584034105779	0.00158930855769826
-0.204552970984131	0.164806804647224
-1.03404332085579	0.642410630574705
0.203910476823491	0.162161890555852
-0.260958596783266	0.204953437535305
0.511630032710302	0.452613082433595
0.319210383880265	0.241708159870742
-1.13288906391345	0.908291458631262
-0.192786848592585	0.115532168726869
0.562098497098714	0.365439999073108
0.079309601597827	0.029041022383805
-0.737757223358709	0.443404521249875
0.458876106497206	0.351314923672465
0.115113635176984	0.0819665528950143
0.114122136387763	0.0751147063105336
0.0640813986778806	0.026319934731505
0.210004861821827	0.13766270286312
0.420725349700624	0.246663872231189
0.909009069122751	0.686883406510384
0.768973130049861	0.740841554087428
0.696620256044725	0.503880124230344
1.14545261592217	1.01589410964616
1.04072073919792	0.96614624539605
-0.0520123970972016	0.0292955215105562
0.0861589723610682	0.0512895411616079
1.09356542081158	1.34445422775162
0.222336536190477	0.140121028050035
0.0721674563284288	0.0324764610335062
0.980089419556064	0.365342534656041
0.225729588723255	0.133380518365769
-0.165691575345542	0.101749283587857
0.0214685513694161	0.0138799610069507
-2.120635044833	2.15959659634984
-0.630091865000754	0.399483540333588
-1.78355593853231	0.415040398756502
0.127606060129718	0.0315885413447163
-0.289010527972478	0.0954623470694033
0.937014825487275	0.247501391945126
0.940090400863303	0.246697605273809
-3.4724489022409	1.23315077833711
3.2565918874831	1.1050644302855
-1.78346459010975	0.415096457236971
-0.145502174490237	0.0646360346251464
-0.173826227316092	0.0707120984295597
-0.139554282583162	0.0622813090255827
1.04459204765591	0.977124260993408
-0.541271476412365	0.458143022882443
-0.203509574418584	0.14553005643799
-0.379206500193937	0.312464523333634
-1.56441282117933	0.562758252373258
-0.0699970332328939	0.037782608067543
-0.173103702677644	0.143325430435526
0.108524058856428	0.0768416547734828
0.857500305056734	0.892026558137879
-1.5184656200907	1.59643173572555
1.83092553190927	1.46430424727755
0.52913316741033	0.263611332106486
0.904007505905621	0.902518346468193
0.215947994421559	0.155938597522584
0.538292909976024	0.465244576755294
0.00801667619761349	0.00495175743824204
-0.221990926008861	0.174626117341935
-0.416204841350714	0.339029610888024
1.09241464804695	1.43333788961885
0.49160322977774	0.450775987085325
0.420280176589525	0.346678493480337
0.0918534593681078	0.0551752348134607
0.148887073292328	0.143224862897194
-0.734627678201102	0.861481344278349
-0.210117906964648	0.149875418896462
1.55003209523856	1.02365697150015
-0.865712573590947	0.8194461687912
-0.108671122372858	0.0716126677682786
-0.480094699767796	0.33474483870962
0.09520767585846	0.0278096122609245
-0.86851700292543	0.474324208268667
0.460482681153826	0.348404256528849
1.02842044407644	1.2792139118301
0.211457737123442	0.168776617855961
0.434283544248265	0.425337273978974
0.113885009722405	0.0751323573468388
0.646563073622818	0.494989259415943
0.699122576947286	0.504136740605503
1.4954827895441	1.47902936326432
0.915411652273	0.691295711714642
1.17189921945011	0.767339234571801
0.0694892992838418	0.0367161288186567
0.336775638944747	0.244034917799932
0.215109653376269	0.135852726703754
0.709855578167023	0.401136887974108
0.644039777924836	0.487645221055408
0.528507971081908	0.262488191192842
-0.591893261455949	0.450045518016355
-0.368382279676006	0.235300129321332
1.20741566293015	0.637932746281535
-1.32328816952952	0.985195709453333
1.51057110316136	0.721934415117449
-0.888425836202117	0.590445415521956
-0.0891321926409636	0.0454033123135596
0.0837054814817792	0.0498147730426825
-0.272729194012242	0.149340522237753
1.97547028331465	0.493643388518992
2.76383716543789	0.807175794601505
1.77953131384354	0.683203120627312
1.77873029868246	0.684469072770882
0.936662065549594	0.245987967322767
0.163198318954765	0.0319050580443516
-1.16677175880733	0.353813253690907
-1.78355593853231	0.415040398756502
-1.78355593853231	0.415040398756502
-0.582142664233588	0.222150388522956
-0.419888287828813	0.303012426606583
0.712658069400656	0.620566495473458
-0.156797393197115	0.131014182914848
0.0742994449067832	0.0391903858695579
-0.70320612709595	0.628041664374247
-0.878548390289843	0.676400659769886
0.542876857567291	0.463705272612081
0.758234574176102	0.731015950449152
0.279872602604654	0.246670551803673
-0.0289946181211829	0.0212958267042806
0.206236087869719	0.16761935904585
0.239605607980637	0.134169608399439
0.523599923834741	0.364426346201221
0.346021506435323	0.334031030079791
-0.15729435314733	0.116673028552507
-0.86072034687699	0.999541636410248
-0.306399927641564	0.30832528560807
-0.344351366270622	0.290497175100583
0.00299336842686914	0.00235008938574453
0.333299335469785	0.336373894608737
0.516264836865168	0.59830055087238
0.686057523633279	0.696031979011798
0.874708145331852	0.790871636276222
0.889799464081318	1.16531917568037
0.792850589049899	1.01131602130991
1.27770844070393	1.09141578444048
-0.201330579698706	0.121527185456031
0.214680370045492	0.14930666400114
-0.86990092682373	0.826503109176656
0.25167533891675	0.131040721216498
0.529029799672864	0.263988616341318
-0.290522812783456	0.223444378681756
0.570256454432337	0.478010743682208
0.124690246346438	0.0946080366303417
-0.0647520375101582	0.0510311430945125
-0.0952020696736887	0.0635040722099548
-1.19957912818718	1.56013362646109
1.38240980293871	0.82878503762754
0.251462618388971	0.129864387378196
0.7016085030001	0.504832573742248
0.563523194775853	0.464798577663261
0.469957336778384	0.436217078448989
0.10743942628858	0.0734584488417406
1.00488607005957	0.583690024582868
-0.58535444771502	0.546143317755944
-0.376827516300508	0.312712329290999
0.385600568157249	0.242747041856736
0.279585187398345	0.237459931813846
-0.272285260635396	0.186293922700716
0.0706588572132905	0.0286892400619476
1.78004190881562	0.684060345345096
0.0756393472684119	0.0278486743977225
1.42270583980072	0.464030812177167
-0.781037426618501	0.269160687654465
0.670351652273281	0.775111311965508
-0.256838287929473	0.223894075124337
0.0220490686322958	0.0148284630007651
-1.23589038376398	0.699857347174248
-0.0849828191804273	0.0570307783932338
0.422260360692316	0.435812922766067
0.0947355963039278	0.0597824351350508
0.109846104577505	0.0773210058349562
-0.16687753014699	0.123948317804915
0.806543299063952	0.85713321863636
0.389717059511572	0.41462320504722
-0.403933848789962	0.418964229123319
-0.0361261358054959	0.0260074602559437
0.208355806698119	0.181213872276568
0.204789987998059	0.161469516650079
0.385494835171456	0.347965515743812
-0.233473758668076	0.134033952728023
-0.796036688873726	0.822275843915436
0.340763361934203	0.336982186357413
0.671526253034407	0.606219570009154
-0.879654303858081	0.588882626722746
0.936372644802423	0.801833747552177
0.880526640729195	0.99043175386423
-0.688673065008791	0.55870570213347
0.315252778448247	0.135425540830876
1.38081552210439	0.824232677112136
0.568719471586132	0.474395430247333
0.556712822830052	0.559921671648359
-0.013974636496143	0.0104375374662688
0.317313409356574	0.239030055950856
0.457971698779294	0.439635125049345
0.440218962659324	0.35044744075226
-0.142322074930481	0.063280940874981
0.483956410750951	0.352698304000703
-0.606622745841885	0.723429538479679
0.338383906261203	0.248532770601243
0.530217373215454	0.541947685959554
-1.4340253419602	1.42040299689561
0.258613495409389	0.133810811957507
1.09557375047598	1.42901030815239
0.356587679925724	0.323500806742589
-0.708115273404758	0.638759551485538
-0.581862478733525	0.538355159920159
-0.758276640635146	0.532208302586606
-0.573284087314779	0.300459011500575
0.98394802826387	0.363984610542907
0.225340194535981	0.14197370339255
-0.0408094459869225	0.0228975582944565
0.130748244188801	0.102618865513006
0.214702409024283	0.149346451927239
-0.98584992239685	0.821658405549339
0.698935260903996	0.509778529641891
0.438530541597422	0.428425006490843
0.812039678759869	0.859590962777091
0.666536476974283	0.599062369623249
0.494419643369683	0.526537906532719
0.0572996555483613	0.0255115745442016
-0.0432376619950529	0.0300001619359074
0.277429566878741	0.25758329886198
1.39665964498888	1.27235924384182
0.428176357224683	0.346535905213618
0.121837477016784	0.0899063575989573
-0.0107172606088695	0.00803206227618676
0.204696214729421	0.18183741895067
0.191536743902244	0.168037398039228
-0.248896035210772	0.215574613349445
1.29206343213449	1.6936285011634
0.361849713819052	0.426190471966628
0.314744626964938	0.336239708385247
-0.445766635463508	0.45801519266059
-0.858496658465575	0.927931228076961
0.733511947772621	0.894053378315549
0.742298231392618	0.982538910736752
-0.77978257855337	0.62410809833229
-0.268884186000323	0.182958428253064
0.109251955348378	0.0770863765441995
-0.554676194607659	0.473253719014381
0.382138263894551	0.237606614561794
0.216618357799254	0.125382847315579
-0.188138751540533	0.112456446016733
-0.48348768824393	0.460000005840881
-0.789613803866167	0.960621303436192
-0.142493574912131	0.106826819923235
0.198356838952963	0.151627904729788
0.440360903370023	0.348274375243648
-0.059986152503373	0.0422285979573541
-0.203747847853226	0.14594821946282
0.101472481947353	0.064084170983031
0.091737528272449	0.0572526469717816
-0.0479633208453969	0.0272888026427919
0.438587503771721	0.343308192170381
-0.55191427100449	0.368040537302746
0.0898502309010434	0.0539532076982754
0.413406163632026	0.352062944745758
-0.375226216759975	0.277640176459974
0.620440977634701	0.379766683188462
-0.423713278339527	0.307851650275765
-0.174434538675536	0.0708838429663545
-1.09313468768525	0.438579295617488
-0.11457244988604	0.0550937946056778
0.331753085147293	0.242391778981522
-1.42650261217037	2.00485641931764
-0.420522567664831	0.300643453924974
0.458180842664211	0.344956162050508
0.49947820788657	0.448317019197399
0.446769379460225	0.348126835836268
-0.789468908662896	0.809880134383454
-0.0163997616296165	0.0118283425655677
0.401916937411223	0.33961066187905
-0.235550861093719	0.163287106162505
0.0173449764879713	0.0113020973270313
-0.601416038138805	0.597780666284652
0.113582224098846	0.0781335451982812
-0.0723215749226131	0.0499574150849163
1.30504016325482	1.70678497975001
-0.242734203090465	0.194349663419916
-1.00592124237363	1.14190638589903
0.109104646786832	0.0767155421413409
0.0915080455516979	0.0546026779955209
0.197037150590065	0.15595024423738
1.0201860705628	0.720949705187481
-0.877899106638819	0.675702494159608
-0.416131400285162	0.300635818374499
0.406374509709621	0.234960691025013
0.916849651323932	0.685657243210756
0.0245472265574429	0.0157731180156736
0.222027250341767	0.147217932890427
-0.417765926299844	0.341101316448864
-0.362236760037982	0.2656809099378
1.01595265980025	1.18430620110181
-0.129674341793309	0.0975864403988886
0.0826305690065595	0.0466076012580641
0.540137396894843	0.463460486283343
0.777686104950169	0.53288684823066
0.450850952109405	0.432691815037245
0.723899757383572	0.626797175737008
0.231954084806795	0.137628662504071
-0.361748165863982	0.231420577939199
-0.789336424810987	0.812581369770841
0.438495879266684	0.344102041256568
0.315189844620323	0.237034805583561
0.244408169178177	0.125435981014553
-0.0626185320978321	0.0340182982540981
0.411411978839725	0.240962224188452
-0.0404240456116275	0.0228641392669752
-0.491254850434561	0.282939982210474
-0.77925571592641	0.621962692702242
0.0749827469096937	0.0369284828407835
0.129381018179899	0.0920208402121033
0.414983819050146	0.242234949435056
0.36836434330629	0.338137085549602
0.881047542059801	1.26326228641697
0.121580213870285	0.0895060974265971
0.520945344641484	0.46097252985844
0.0536898294026981	0.0402063232198067
-0.791653053449938	1.01702683149774
-0.431444283342628	0.475327393016828
-0.348281923192444	0.364869351746468
0.0433510816537219	0.0314490853585284
0.733462707733204	0.815110599156805
-0.308135134362536	0.203317049044636
0.192909409323184	0.155559912545055
-0.61217688275774	0.64315986956291
0.290397127482143	0.24800824807637
1.15278895079174	1.16128689024605
-0.0135321309653812	0.00802647261004172
-0.700364405072991	0.627354606398456
0.605820038862932	0.488253193894821
2.05115032753956	1.91554493954951
0.329139780319485	0.238312784409254
-0.411887595992965	0.294419925279659
0.470499050681578	0.440918597934856
-0.165671384318757	0.136523157474924
-0.312517489364334	0.207394881397116
-0.459740096542602	0.403476886237647
-0.32638761904004	0.167322349436483
0.0689865725021668	0.0255026192095195
0.462464979100119	0.438818657799489
0.106400731760688	0.0751468437844093
0.32522677992576	0.247792846141292
0.572419405398014	0.557984107085595
-0.0461399405137541	0.0260837423600874
-0.0276050916325587	0.0162301600579189
0.335389172490368	0.244337530538746
0.0944769168626139	0.05921091193832
-0.13521324461685	0.0871441725009185
1.03573128946	0.858786177194567
0.0813179416633625	0.0431127070689839
-0.593139266708139	0.582001313666375
0.464325644387512	0.252066146880442
-0.78606888648088	0.274941922247046
1.88706947914164	2.02268162260231
0.32928371094101	0.249257093152979
0.81768061652184	1.00073055955664
0.565961263227131	0.637382109709884
0.732676328438988	0.881756662282758
0.558064294389815	0.560440708770538
0.51985718590329	0.624299957586273
0.293982308241714	0.24556365288601
0.117155014932071	0.0833113341276123
0.682160035879035	0.614300656363627
0.0847136671373401	0.0446701804446501
0.106123220329861	0.0728067941491425
-0.418864823947268	0.342321394286432
-0.0707893560405498	0.0385400941478385
-0.131425742036774	0.0841873860624039
0.069137871357448	0.0342301801170161
-0.592120478366851	0.450294795747336
-0.385490925240695	0.351048883881717
0.36568681613506	0.336814809791168
0.216421549480551	0.155670797185694
1.35532597944014	1.39644754662673
1.15620954896734	1.47919081821933
0.759540111342577	0.629448498872435
-0.141054629507749	0.0628380544809144
0.219666946549239	0.151963283531587
-0.193585562356511	0.136548719943587
0.699937766308346	0.511059302229838
0.233315757676819	0.12968765826571
0.2123438977973	0.153379225567752
0.0715847269983122	0.0377115794612527
-0.67016394869359	0.495402576572644
0.358057509018317	0.238131395547724
0.441589997926674	0.435391762234773
0.209477726223049	0.181493865936296
0.21899124411236	0.137659618868185
0.312083395374363	0.246036802711137
0.0732613128027758	0.0390662263191621
0.644652747898426	0.496201771888083
0.393132013879483	0.344783195131817
0.609123250079159	0.487489761124312
0.081047774768206	0.0290840496674167
-0.490873982932305	0.280404931831371
-0.128122652074786	0.0822702344679126
0.893351865010914	1.17373313500736
0.460845713691199	0.353503275113631
-0.277986243690372	0.0907232479421451
0.312706840377158	0.134862757121937
-0.481780510157561	0.274963912146945
-0.325793863512178	0.165371880793652
-0.0678165912566582	0.0366832797887713
0.600306609944887	0.574527325632378
0.948945991595451	0.819995284955796
1.23344083856082	1.56229955229536
0.560816741103739	0.368942875501048
0.267503942456223	0.283859000657409
-0.0489058781288076	0.0275286767765535
-0.325151709039025	0.165177350227353
-0.134890698464838	0.0598364298784226
0.75725327487272	0.310407208209414
-0.423074766993375	0.307438116542554
-0.283240759595836	0.0937144526238611
-1.74885209265998	1.00735598298591
1.20368513575766	0.642741413337426
0.645063616451941	0.496459764564386
-0.330321874842091	0.329099329084436
-1.057995962989	0.534764524434243
0.375371937183409	0.146537881804372
-0.329728358900415	0.168175647685744
-1.10901028546809	1.45369637322358
1.78736453095881	1.78871098360315
-0.769326259180735	0.543482519932276
0.459774736732621	0.439211770669011
-0.0568886181930645	0.0458058788148502
-0.220640861070362	0.0811231369281859
0.825530627978341	0.422631793631396
-0.638944530069775	0.156134678840522
-0.390466134450405	0.114207620517753
2.76031666068075	0.80609461503235
-0.835614207898169	0.369601989334505
-0.118019524589273	0.1106716284844
0.193382390486388	0.202251141014172
0.0758086960550864	0.0427817101060107
-0.14667471232791	0.0654256023882059
0.623397908215768	0.192519078919056
0.62441636271746	0.193009143872031
1.71563901504409	0.922299047050031
0.521264342679025	0.36152998189976
0.114588942900772	0.0783533328504948
0.619849790779148	0.277214936246835
1.37736757254364	0.809376159751541
0.754251130764505	0.309630028134212
0.75725327487272	0.310407208209414
-0.142192629264846	0.133751600467797
0.620951928891888	0.191794029907046
-0.63923865613969	0.155145012751728
-1.56339879997311	0.559087917942227
0.136032867380314	0.0336051051380813
-0.280321014485851	0.0926837226912554
-0.235741588925959	0.135565466557367
0.512493107969805	0.695522761185369
0.38478809347195	0.240521866220628
0.0637537868159438	0.051636633031945
0.202697474541285	0.171084882554086
-0.0561961224678338	0.0394112933502644
0.351197238892429	0.328413990848322
0.200363970865331	0.161610924983531
0.0144113278697059	0.00881616913397222
0.0245828611752095	0.0166208475546246
0.341174926552157	0.236299480175489
-0.368919764349748	0.23595875046907
-0.425359436591628	0.344356272011384
-0.0637050772843548	0.0345487627800436
-0.118717854248502	0.0575484815928524
0.572939446713102	0.474148581692277
-0.202822748493585	0.122469209470412
0.218819124788935	0.169383749276038
0.87956292598117	0.556880975761776
0.599732771894018	0.48047508010648
-0.0502039348246916	0.0282456862224668
-1.13591249603782	1.17016981231508
0.0759487403087028	0.040125692448901
0.085812059438554	0.0512572898110348
0.207453437132279	0.168982240138307
-0.220413326731513	0.19712956131448
-0.486184631346334	0.278691710983858
-0.843549652094389	0.37619342222366
-0.141688194652226	0.06310202069082
-0.459686491874149	0.365180784653392
0.0598436098936231	0.0215317963152102
-0.11180105413733	0.0542089615258131
-0.957285971518116	0.963725861595199
0.470279572392819	0.43959696523358
-0.237230370186022	0.18935728942876
1.14236449383226	1.01883874780082
-0.886846129678192	0.681527751847557
-0.575392271851198	0.30566246318793
0.698153403578416	0.506764275661073
0.774734013417429	0.528586590540428
0.460924941563241	0.249292506523845
0.940911945563904	0.813817147359773
0.595974312709691	0.472706315175152
1.49636811106502	1.47943805560121
-0.0670728442072355	0.0467678493071657
-0.880948909366847	0.670771905889444
0.997069063863235	0.470868177372939
1.42380936571803	0.464332625195306
-0.469715216658912	0.199557650721994
-0.989892544628767	0.833074168119836
0.521027943495529	0.362146533828422
0.604075902277486	0.484166982805203
0.145255253911572	0.149756164404064
0.207775035009274	0.19460124189426
0.126145264425178	0.100982624259566
-0.147172412740872	0.123114866598743
0.0547357557211725	0.0421464103886966
0.318721526505101	0.251522281920608
0.221397836584529	0.131573383040179
-1.43411363644973	1.16461415811939
0.0869222178802507	0.0491982714680027
0.0634265680409147	0.028654259561108
-1.43727802116209	1.1824193282541
0.0879693215019008	0.0520982237409621
-0.703033108493344	0.637087620071055
-0.00870560472919863	0.00653623678786454
0.303780986435538	0.245232018084675
-0.111018759457199	0.0530724385866355
0.135924380069108	0.115835690294844
0.360337050054236	0.340982667957067
-0.794418701470069	0.874774107850385
0.247526292255824	0.128224556100747
-0.599601977151207	0.595991563162803
-0.186946324997649	0.171215335816859
0.235625401769664	0.130776468309295
-0.880719192386683	0.583983984680637
0.0654380955165263	0.0269287630004245
-2.0629445576875	1.44696376789694
-0.328175221782513	0.16679031219619
-0.276752583558275	0.150219449318029
-0.283655467190116	0.286010322915824
-0.416112530391392	0.404712266933311
0.124789183616349	0.0921319685417747
0.459288232977438	0.349901366557326
-0.779719987001953	0.620405244245645
0.693593433100631	0.501276382647437
1.68375533133419	1.58613345803187
2.33346542263244	1.84912952451333
0.0705753759215047	0.0394368273131156
1.22481570681824	1.77274990336641
0.904715825304567	0.676574006166709
0.379134522605231	0.231857149059825
0.390328986086573	0.42634672691591
0.255416986174701	0.132219646016373
0.530277932413722	0.262295418202724
-1.08935655759627	0.438933068712187
0.280191496526701	0.13243525393717
0.705396849176047	0.510461757634408
-0.235786258549204	0.185855286452341
0.5826610589997	0.719100561256608
0.514677900081516	0.614471566761088
0.486242447015962	0.513789332732955
0.528338152009791	0.541947107040053
0.443120695936867	0.353795139316937
-0.0886411004016882	0.0708546623714255
-0.632568841273442	0.711800250361129
0.335374035988795	0.243402554623344
0.335130591780184	0.243785656516362
-0.66496104368332	0.48921119193428
-0.0016336362628529	0.000919431412845329
1.15899053312164	1.49284929370044
-0.628700003795923	0.572428354633237
-0.268613002744698	0.182570871865195
0.386685929285317	0.346258352064736
-0.210941550541171	0.170320998797134
-1.23875160227652	1.53105070646482
-0.166437513636155	0.137741470827685
0.699251833081368	0.858013286572841
-0.302385730175121	0.254872702305883
-0.618322286257651	0.519405749545005
-0.108315509048929	0.0716221484049469
0.507737425888769	0.444921637955583
2.01916057058037	2.81686897763243
0.764199676872614	0.735331667139779
0.101352867494354	0.068889262170239
-0.974275918267632	0.895325688647245
-0.0288854754661019	0.0168267342781767
0.398911899733289	0.331103658402891
-0.0215939954814076	0.0159548227948396
-1.21399247551649	1.34149455218708
-0.994343518777986	1.18578567714896
0.30525101684607	0.248305313465213
0.208151842820775	0.165992403780813
-0.261890705776022	0.205033781708812
0.211414667072197	0.158479959588478
0.732441505526976	0.809590814980273
0.464539244680559	0.448730788841732
0.936736798783273	1.03317661187147
0.96485650457849	0.92833416653088
0.604744971506969	0.480597514542461
0.569578897825201	0.475365219058844
0.767404333349074	0.64049003368546
0.27812000835583	0.1320371005728
-0.00358677577411661	0.00210454051075025
1.19910326723063	0.632836530564084
0.463793677245699	0.252853135539883
0.33067049371335	0.241941229942302
2.06009607993176	0.901279670990857
0.617994147170137	0.278355595731634
0.364844885135767	0.335576992061707
-0.198224526834934	0.120306438183952
0.561486502746542	0.36670264002921
0.320737200517773	0.239617274255232
-0.182544406153337	0.13241643157184
-0.447703679068327	0.455697761777506
-0.316769733971836	0.358712128268424
-0.465758010649444	0.511165879720693
0.535672699560884	0.612040953221622
-0.588934774229664	0.74928838573969
0.274435689870634	0.246313958517831
-0.355769751884157	0.327154212488501
-0.0859662673904909	0.0573225062239664
-0.599198920028644	0.679480841794664
0.317535966836802	0.340019273239348
0.101734316522925	0.0663916653984022
1.15348740674932	1.03431449749451
-0.371534921459553	0.275808362429838
-0.379401670003716	0.343019008454457
1.36633009024579	1.41395034554266
0.520474855245595	0.257249172495072
0.071698754116173	0.0375891451186559
0.480065073442298	0.450715302070909
-0.0370595126038136	0.0264474469982837
0.456949811937587	0.434460623898767
-0.196936306163979	0.161337574228704
0.683921672853778	0.696562550877518
0.866716547879927	0.544131867142263
0.710583422984262	0.400837884342265
0.233976323037437	0.130052704499648
-1.14192395867018	1.40529784738277
-0.203045805622132	0.144508488673833
0.20861340974942	0.166419036459282
-0.55308454377149	0.557665555537934
0.294889408078617	0.259361612450855
-0.144312659850547	0.092544299133792
1.15708325257964	1.28142717586485
0.760840063695894	0.735061739811218
0.404560594137127	0.344207637309783
0.295858767562677	0.247158638903829
0.0679532085813264	0.0306970195614157
-1.17644924504709	0.351767220057335
-1.13860704908608	0.908284321336449
0.562829386389663	0.466362879598289
1.88574742621915	1.11481607257432
0.713819635769637	0.619216058294397
-0.0499019444511346	0.0281199684589094
-2.18657204278649	2.94508635904369
-0.350387459611884	0.367111572919736
0.618884845849968	0.957429736024335
0.150785762928283	0.153765950924746
-0.620308580021181	0.811823588061065
0.932039486841726	1.43685743345547
-0.323565909480029	0.365326166206363
-0.0929877322576717	0.0735693778641717
-0.333488536139812	0.355032586567804
-1.91993643495655	1.7219561224221
-0.0094359161458892	0.00801038507594965
-0.234119270123585	0.224918687310518
-0.420160356991989	0.304429033250694
1.70231788751397	1.92798249262511
-0.0569682751239487	0.0399704617633428
-0.672887108933394	0.495455308333642
0.0631170575623034	0.0257549792956517
-0.781175146625666	0.273344967541787
0.536417543932928	0.460652117250235
0.38003410480554	0.340137904607944
0.0743433457456193	0.0634341860558812
0.421227758102457	0.417081802371643
-0.707705025074329	0.881602722743628
0.363026879989098	0.328939429175818
-1.170816943868	0.352341346328956
0.464429236846016	0.16346936705331
-0.869636438403856	0.824714591574291
-0.233980255712113	0.163768519860328
0.377723933073035	0.336923163095091
0.211640941887508	0.179492638693095
0.211855554093093	0.158441793630236
0.0248675798408529	0.0204678783456941
-0.765111598000687	0.534168687955049
1.15546514626319	1.38287962109313
0.105918201837052	0.0721390102175411
0.0900950234064018	0.0536547867965522
0.466960421977081	0.161963108482074
0.0816251799322367	0.0464350004748395
0.828918957274809	0.662032833256585
3.62107653462254	1.39166271362354
0.6224813462881	0.192778829678731
0.264612954271174	0.274045134142795
0.7287905303635	0.800065840166631
0.483276293976309	0.52298687990602
-0.0585736324167076	0.0462611783095187
-0.835368941454976	1.2181043670041
0.255527762111016	0.27115572072209
0.221576434216528	0.206485463590998
0.0543116419913088	0.0403317891937572
0.0593554403742382	0.0476718725898234
-0.82563301101929	1.29535041920679
-0.311891127002792	0.266755340651246
0.199875688040648	0.190494952779426
0.201659028441009	0.188221276216347
-0.836036880628011	1.16805812481138
-0.175381260028663	0.146108200679605
0.268322901639032	0.243400133386414
0.482308188003365	0.524900615277534
0.112582449262411	0.079527227285387
0.114403674089535	0.0810977720590147
0.491656416332174	0.361673801107696
0.393108243390908	0.415398172063262
0.654926885482004	0.678137715010497
0.0604878108888682	0.0464481342943797
-0.177101774260087	0.126333837250988
-0.169788883217158	0.105595103750817
0.522909903556649	0.464420382669025
0.303809548020677	0.254917491406608
0.973872153578676	0.954569389142699
0.212634399172012	0.159774657166481
-0.695739914399317	0.861623338856157
-0.493790353819505	0.472243677177213
-0.0797461347719736	0.0621124789161536
-0.326608413833596	0.303672394785798
0.381131808784914	0.413672644052718
-0.0328526229666733	0.0191946570122234
-0.0636146294163858	0.0499599114559601
0.0277521445291991	0.0188126344263884
0.759784912292398	0.724309801125434
0.945909038679171	1.02791856137674
0.9948263964546	1.35183459803754
0.871964624584462	1.08158802590434
0.239399873102027	0.133865353455294
-0.275134093730944	0.150510776661822
-0.0723727280943552	0.0393271742966333
0.53469659968873	0.457172565727626
1.01807036278596	0.721721386450204
0.763119918466533	0.305675884411188
2.04672787531138	1.359050826586
-0.570948332732372	0.30351010073389
-0.48563387711334	0.341917117088469
-0.677496272267479	0.754097271342979
0.49581569693944	0.363219554795482
0.210520983831133	0.156736425191312
-0.235866199857903	0.206024477979108
0.328440697228171	0.330005563418716
0.376813723700616	0.509822899303447
-0.527920669856766	0.677524587177136
-0.0445482056720587	0.0400406369599026
-0.13232471944482	0.125667686987831
0.299857229860405	0.352816591184619
-0.762552519754259	1.35472285492014
0.203009500152838	0.219095338444612
0.61972441395982	0.740145621452051
-0.373646915154754	0.407362864468041
0.0667021900341864	0.0537826832475563
0.768347903045171	0.744172722004441
1.03036566768314	1.30062456214921
0.516518446115679	0.456284837630288
0.5584339133415	0.363552319816853
0.244569767617973	0.125787412659862
-0.0808852506078535	0.0631999133175429
0.121876241511991	0.0920077052159307
0.327012056280658	0.342948754337278
0.39675707439307	0.35205101864633
0.35908442568945	0.236338286478021
0.375458639995223	0.146353031873487
0.579070876040991	0.569789172312722
0.602628252284947	0.652519046135683
0.403958836286839	0.506375997018528
0.823124806885062	1.12213585918031
0.835692401970876	0.949096860779077
0.550618643629461	0.550243079385659
0.216086831182916	0.161026500933542
1.25529138107617	1.22107071306686
-0.512544209850089	0.518321468292084
0.769796491130959	0.823714102656189
0.448232834741466	0.501498191033432
0.330487207735483	0.250092978984307
0.0898910218063879	0.0509740018676875
1.26559216149866	0.539157585636164
0.0821977304147212	0.0464833587073978
1.15368288993065	1.16184231348015
0.992867904407715	0.467211941781042
0.467835554520711	0.164483539903032
0.995400816906766	0.464945099537785
0.377631547004968	0.14740968509311
-4.0328232000208	1.76577020126629
-0.141487323383755	0.0624343638503027
0.238111284945477	0.133669907507707
0.32373697652686	0.246832539006676
0.00459811863705663	0.00286980053641934
-0.0297685527259781	0.021518290840424
0.580027135130018	0.565998689857788
1.23052202173967	1.67457330051486
-0.651195089092942	0.937943224136923
-0.139760625819558	0.127898868881977
1.11172366246085	1.8981431631305
0.0244809484439744	0.0201930091048217
0.0374817201379243	0.0261443015446265
-0.365495381496853	0.388924735239964
-0.263988981808829	0.266430397428296
-1.23698367872542	1.5278263893448
0.0119776210985112	0.00933438759472924
0.383942194840088	0.429478750154223
0.764439788369509	0.736143996324293
-0.041939212126102	0.02988383381388
0.73119396774035	0.726633352477648
0.330295415555522	0.237761764179434
0.424268892215265	0.426994433155509
1.05842274202558	0.969960831082502
-0.187102719483956	0.111886701760733
0.60084450647416	0.57287427022073
0.341927615772776	0.326997287720159
0.309847999893151	0.251870917786007
-0.327729192639511	0.167097625714751
0.764721618260241	0.728668764144955
0.00325822245499656	0.00204902492267998
-0.576377409555862	0.534053479273776
0.326334719586189	0.23270641769752
-0.0928890887648418	0.0627383902684035
-1.09386267919551	0.442883617920134
2.76031666068075	0.80609461503235
-1.34277677301109	0.618051447663223
0.910727936500049	0.688521819169374
0.0743607510013469	0.0395607092733583
1.25903293344214	1.2103746402876
1.77822198684398	0.683613630208253
-3.77805883099745	1.50221697573714
-0.841197161770435	0.374296017318541
0.86702583537406	0.545418329382217
0.38959606550614	0.244310531423301
0.317187319661597	0.137032961183765
-0.688308846148677	0.560699617241001
0.199820964995976	0.168189219536397
0.762277866545505	0.898259549544757
0.27812000835583	0.1320371005728
-0.155826655945275	0.0964938250132978
-0.0949737745640505	0.0642959114215475
0.420624618075498	0.43419595112144
-0.0457996466267924	0.0373401164511849
0.0467265299610832	0.0356368758028273
-0.563423199414356	0.737213512862213
0.149143943955842	0.149177722384292
-0.329202181026923	0.416212291855575
0.148501555503589	0.150642846219072
0.296720800481132	0.317795559741397
-1.08559977462774	0.972688953272612
0.65240048107157	0.902906710033262
-0.336899759694169	0.380725065783003
0.361367805393924	0.327591072089369
0.222520477571145	0.132368182252256
-0.231493459432314	0.182979776612782
0.704594958250104	0.863993391908753
0.520570406623296	0.527952579607605
1.27266608291252	0.541620945895909
0.748645050088348	0.30443089230689
0.41801761376968	0.245005900407021
0.272540673807437	0.289014463887415
0.0795606514165636	0.0667623987743822
-0.113772314005725	0.0553043041138845
0.573945621347917	0.474321494279359
0.206396881069395	0.159243993813405
0.377914952505195	0.246039644835051
1.00795584752673	0.588966419434372
1.51023175922459	1.91868850640106
0.10808978486039	0.0742073396965344
-0.646123790122542	0.761439749019607
-0.789778749238384	0.86893429781901
-0.484310196100697	0.276861427979996
-0.174480153105996	0.144132024762198
0.760778018640017	0.987776574126205
-0.576058854669743	0.535162089820756
0.296004799576672	0.248028154911704
0.347867500888734	0.242275031135071
0.756666799322228	0.307751049214019
-0.227898269573111	0.0832117320624674
0.971796952741616	0.935810608169622
-0.132033495562521	0.0846467312778719
0.195582254693408	0.158559512178369
0.214363541687934	0.141988501849669
0.0660619133842915	0.0271850450494382
0.163198318954765	0.0319050580443516
0.163659914308261	0.0319253139355892
0.937014825487275	0.247501391945126
0.984635146471807	0.364073470146932
-1.78355593853231	0.415040398756502
0.16558870151055	0.0320942613353925
-0.173431701033949	0.0704639745619221
-0.387537698572509	0.112635492163704
1.16497079418847	0.757317858281469
1.7737119434339	0.678758397601244
0.813756693022949	0.757705187615597
-0.121716697246501	0.10386800395702
0.288681593386015	0.250746571667514
1.152071980841	1.23807844405886
2.06156584900388	1.9264188831338
0.0686434146716662	0.0340463742706766
-0.256386778060721	0.223983465449263
0.315984714252078	0.248598318411175
0.201274369012401	0.200306600011836
-0.380800017560714	0.422008484657048
0.147218366244079	0.131982626454737
-0.28716758492842	0.288098579537291
-0.123867694373306	0.126831125572509
-0.566025162608839	0.751681656017781
-0.213967707514897	0.190360475022227
-0.313826475962262	0.266527408785596
0.505311584620423	0.628804356668587
-0.233600220239282	0.224137245888413
-0.072439750150419	0.0393212923901778
0.605348609974611	0.480930805338222
0.983512110240855	0.363213938331089
-0.141688194652226	0.06310202069082
0.571349625122061	0.372859277779749
0.756410916415169	0.726901602845766
0.406309248720117	0.340920277674084
0.436135185794005	0.427711867222709
0.675262126323327	0.775127681641553
0.251665599802201	0.129927109128246
-0.266306144229929	0.18187876190115
0.127481679969088	0.0928909749990362
1.25183280642556	1.20045251202321
-0.736981060093317	0.442565017867148
-0.483788308905447	0.33945928202292
0.645909502377483	0.493698631175698
0.710132873113952	0.61620242390328
0.205723502937071	0.14787469223588
-1.23951095501492	1.06527363079754
-0.260723146966772	0.204729514661045
-0.473695539049561	0.486495469069648
-0.44455143525854	0.425130939145702
0.204213472434612	0.155956792335991
-0.193434374560328	0.115676397006508
0.70330730603408	0.395160808854051
0.132834683092633	0.0327681675512275
0.28215614010652	0.134284126729096
0.209685754068457	0.161359033070206
0.119863955562581	0.0852062803487372
0.523453873793989	0.365548963538117
0.421228251614259	0.247739081317001
1.50445467967086	0.724890448382186
1.78406171894374	0.676235325571217
0.163659914308261	0.0319253139355892
0.130809758741575	0.0322137583391735
0.094525300086411	0.0274778470661975
0.133925459616961	0.0333863221239572
0.101230426961354	0.0296586789627306
0.615996072663699	0.27788426628617
0.137134990538943	0.033631618011293
-0.392260842370189	0.113299521073616
-0.281604113573098	0.0925172644157307
0.313319981010303	0.134999683936299
0.213163770822667	0.124981199781361
0.565781508532783	0.372023235030661
0.604197715917008	0.482233483373774
0.335878283981068	0.243751695920887
0.24884157040185	0.127790424691761
0.904620420780714	0.900460829330648
-0.261613002989146	0.266105031401397
-0.159241683417891	0.14354192899025
0.311546549124811	0.241204656690922
0.117653099328587	0.0854068082700241
-1.41685373043784	0.874153519998748
0.342943881654148	0.236557146961966
0.00324068322615255	0.00201967431603389
0.13780041491913	0.128531470843714
-0.497548521644365	0.57724667336966
-0.48945260544389	0.661583712780998
-0.392424958583366	0.462424583945867
-0.176584508873754	0.159848219892923
0.330066669233894	0.332130682815181
0.941332060338569	0.817010760435517
-0.251594424645051	0.239182225841949
0.215234109437152	0.224338603843727
0.228865539670727	0.127392250680064
0.705496562959166	0.398989091787827
0.333700047847037	0.243919829767373
0.462114509562916	0.444215284806873
0.403833749553154	0.424069197470128
0.283218346866225	0.242517167170375
0.392340523721939	0.425638988714125
0.515464827383726	0.687008777420283
0.854303640635747	0.881687027029439
0.563358906876163	0.463728475450449
-0.0312465890693021	0.0182569565578655
-1.13223768679647	0.91028730341368
1.2721707724512	1.07507598081461
0.510785774454433	0.451930990963484
-0.13892024046924	0.104622673626739
1.28123699569365	2.02960731196564
-0.0634890433715883	0.0445247074379363
-1.68487283039849	1.28612530391863
0.0497134837255112	0.0371863204080879
-1.13474175126225	1.41424666958314
0.270947255047287	0.247310411067135
-0.66212358103815	0.691263499141332
0.0826305690065595	0.0466076012580641
-0.351729118036554	0.221687934976768
1.78237568108603	0.685305417622692
-0.274137453247672	0.148545851031424
0.536823261781231	0.462778285092788
0.609123250079159	0.487489761124312
0.00971635141411299	0.00749025387604997
-0.0977251574479642	0.0755733946357479
0.226433340034864	0.135305640348276
1.50386518134589	0.730362174541587
0.622619267673717	0.19534691993008
-0.638944530069775	0.156134678840522
-0.780762271527563	0.271555244817602
1.97547028331465	0.493643388518992
0.467835554520711	0.164483539903032
-0.216322364283445	0.0796101409174183
-0.298023061215704	0.0965009723567741
-1.55825797222393	0.560915030422003
-1.17148606342711	0.353067612488471
0.69598724166556	0.504337161565161
-0.170888934750394	0.0696466408768564
0.568100334097981	0.372645324571056
0.81479984649009	0.763572012878181
0.233587644433645	0.131368882759617
1.28067142108102	1.08928601658109
0.233587644433645	0.131368882759617
0.110091251088578	0.0724666020128685
0.81454027100623	0.760354816198986
0.876815587216223	0.550168157019156
0.0631167863940566	0.050773846426555
-0.166517156102974	0.152975658133762
-0.903244874989948	1.14136325240602
-0.456897560542233	0.402728203722065
0.0932160599884016	0.0559741978696599
0.233478862878723	0.129591810591604
0.758761609894578	0.717198046121927
0.0962300135529376	0.0896039645977226
0.263640346922373	0.261462657362076
0.0249997569868754	0.0205596502990425
0.241865325478041	0.249267541478197
0.306424335343346	0.355899427390228
-0.442481080303009	0.424345172380806
0.600629685849966	0.572986125929746
0.124797916897282	0.100518368482123
0.0909408411698037	0.0801817822380822
0.624533353213749	0.659579908568791
0.412888535407682	0.241597016317272
0.70555994163788	0.396299341907404
0.285381298280244	0.244093233368331
0.806741185712264	1.02697787586793
0.509112870074201	0.65707357447737
0.880170983244763	1.14521498287855
-0.0248441424544014	0.0207158697820595
-0.105794162977826	0.0825268365169297
-0.665216875552324	0.490749919435178
-0.488336934263261	0.460554752659126
0.296152132878032	0.246747692005972
0.7674956941926	0.641733206315745
-0.477700759346313	0.335462547826248
0.539267590626633	0.462154699818469
0.523543699093466	0.54505100404393
0.275373352749443	0.268580811259916
0.478015537732774	0.446515683450148
0.827135546359661	0.659141200991185
0.200404495624084	0.164141048907342
0.625366948287588	0.66674209530793
-0.631293584192363	0.576958789744452
0.033285486264385	0.0233217877429779
0.308661915132985	0.242489554811086
0.0727493872046302	0.0298889195466464
0.621655605023658	0.280433439609125
0.416479675792633	0.340271543048851
0.11765461660683	0.0834308460562991
-0.937823423027487	1.00484879862288
0.20823254164084	0.169801810413531
0.00217404489395824	0.00138064888182367
0.0183144015444655	0.0118359325287515
0.0756393472684119	0.0278486743977225
1.77938594611081	0.68549536418416
-0.638944530069775	0.156134678840522
-1.09849740549073	0.438434160734633
0.102474476101686	0.0297923181105043
0.62197570105732	0.193886107986901
0.163198318954765	0.0319050580443516
-1.56091317868299	0.558273794061398
-1.56609398541181	0.553013730701855
-3.77805883099745	1.50221697573714
-0.77731550474039	0.270283019147446
-0.873919846880009	0.478332210078033
-1.68821929011635	1.30056366484339
-1.52558491060801	1.60947564376568
-0.327538448726472	0.246108052099829
-0.379112864168012	0.175664906335753
0.104638009054284	0.0659578602738201
0.520635017511283	0.358566465012417
0.278541477491866	0.237062628393126
0.211590504946174	0.169565756087816
0.599312481432201	0.570819025473516
0.341574801456707	0.334967709995305
-0.10511054545715	0.0818253582078357
0.125015042156765	0.0886862046006944
1.09910772508654	1.52701476218016
1.04468546165589	0.963553255966621
0.114269850363245	0.0780384018412098
-0.109481959547547	0.0848939827222083
-0.252663680371113	0.219062637473804
0.656226330742718	0.916595028721147
-0.313602049164327	0.267663629122525
0.20496492778658	0.157651450371704
1.37499882231533	0.811180876527575
0.338927032228222	0.247169272767668
-0.371436099631462	0.306886593595985
0.663905833234979	0.69603646680708
-0.273939261883758	0.258380569429242
-0.136239002504705	0.10253038077454
0.426793183630141	0.430394700594771
0.102012324786474	0.0669170262058395
-0.418276031480344	0.375479309932006
0.21821318954672	0.157649110275159
-0.870783776725751	0.816557410070518
-0.763742667362616	0.532347784518356
-0.292364327128029	0.223257530360643
-0.114135283684089	0.0749863159896522
-2.18836023468954	2.96610043445156
0.210409061858498	0.162944026104489
0.216754995168915	0.12771543320486
-0.294672347499787	0.227868193919517
0.542758848346654	0.469937850602836
0.578494682387546	0.480166936379614
0.720757371525187	0.710739594245153
-0.109838632511622	0.0724668072043767
0.0602842219450306	0.024629395705181
-0.781868278424286	0.271784538759062
0.645306876513018	0.497103125559283
0.125124366145012	0.100491590954906
0.664052701085436	0.592159055518871
0.163786424348353	0.0319491236824782
0.161056325615986	0.0312754627502879
1.97790917110466	0.492162248022775
-0.389819593414635	0.113165790285367
0.101917990904754	0.0298160348051342
1.9760405399428	0.493213117693187
-0.639303808570113	0.155405266784039
-1.08808454476495	0.441668138489739
-0.867969356253406	0.477279501995483
0.389906289552948	0.242302699954118
0.413389647886428	0.335766276674816
-0.0926875396180328	0.0478542107427165
0.906629694982773	0.684002029792399
0.33810528883808	0.23455093913255
-0.467928898948995	0.199452398403393
-1.13445864267977	0.908129969017246
0.643434615088742	0.490179311121011
0.768685215900953	0.521536553265263
-0.0321262372665763	0.0232373169036579
0.265932208731995	0.249542145529116
0.483786067285637	0.529337197597262
0.704170233936441	0.861556278635447
0.212713194688291	0.170382551827485
-0.325151908370033	0.302628953801967
0.604959847374227	0.482514486050386
-0.0546941606027876	0.0389714051536328
0.218568386272261	0.158409291676582
0.126090127226472	0.0928701887058053
0.30795397527728	0.256593514777812
-0.0551568459920545	0.0380606266229824
0.329071079114438	0.249666459935165
0.303651822637988	0.246755129185642
0.238805398238058	0.132930619286127
0.394468857869136	0.345834954903886
0.84355181334022	0.970105509319764
0.10767230410023	0.0711508040523135
-1.34729527404611	1.25180173941687
-0.70213073834271	0.633687072188182
0.460812575438349	0.443844345945207
0.520497729476148	0.359915082910519
-0.274137453247672	0.148545851031424
0.0701880914724538	0.0317802484841732
0.140831808082258	0.113467572348651
0.393640679179054	0.345297729632295
1.68692839750172	1.23977245427436
0.606722576515644	0.47618735047467
0.0757554833196623	0.0402775069165189
0.219645178459641	0.152004074182355
0.495597598497796	0.455565235310476
0.421128956012304	0.347663327104951
0.798044781313539	0.838389884793935
-0.224165007049779	0.0823923664621569
-0.472566947998232	0.201652567172695
-0.58704690541455	0.223576521206924
0.0817438495561464	0.0269368955091815
0.0794645034550934	0.0262268516113722
-0.738973299644153	0.44274726429536
0.0744524133278389	0.027325455303277
1.71151359937248	0.926395460293649
-0.420571484751321	0.25846351326171
-0.519770922588051	0.401214066269305
-0.485211959160303	0.278875991864989
1.05024262096218	0.979708612925847
-0.621883609485677	0.524497786587099
0.563207533263499	0.46588358652916
-0.194353569698831	0.117027343300506
0.709128245762902	0.40079331826915
0.872590962532767	0.556578566750896
0.997069063863235	0.470868177372939
1.70782579058211	0.928636513332765
0.706376689369823	0.396395855075674
-0.055097534516544	0.0293321059121125
0.0596575014222162	0.0243492861202752
0.0778535158253777	0.0381929530416591
0.261793576075798	0.281005177491768
0.320119264114808	0.138570079246603
1.25033481348512	1.32850210265629
0.626484782667507	0.382411115954439
0.869041554241312	0.781849123971619
0.00134664107908155	0.00118951086133046
-0.191183972261984	0.115163524732092
-0.413643197845074	0.293114162543476
-0.569396534214317	0.684762925714793
0.0736369275090234	0.027210195538483
-0.326156502447089	0.161674615800418
0.0735636574720161	0.0388964873826287
0.512022711193003	0.351591213577436
0.459753740850529	0.24683523215073
0.257874894073239	0.26607828594632
0.462425086700049	0.444184917367618
0.644122702061553	0.490803728369225
0.515100317337802	0.456756930387504
-0.0207839099553616	0.0121511996825988
0.323792812305787	0.244435752341071
-0.772962505370373	0.619515839780219
0.560616213716815	0.363777083858657
-0.359147123662763	0.229906551352647
1.15457732186903	1.16112013097952
2.26576987003125	2.47434984906121
-0.334200779494584	0.251675584623966
-0.369173779289243	0.236208997031405
-0.421504763454125	0.302769805279847
-1.02576420250049	1.08411653067684
-1.43858402543824	1.43236236016145
-1.74719408071867	2.08913890680854
0.296684772553658	0.247639009453695
-0.160545971124315	0.130852743307885
0.46395998687459	0.357166926142668
0.332199935305207	0.239677783381111
-0.22986171928205	0.13197329338826
1.54212003646427	1.02088669062132
0.0743391064173254	0.027447191230619
-0.787315721683892	0.271998275091023
0.132834683092633	0.0327681675512275
0.101917990904754	0.0298160348051342
1.26617237586217	0.544237689615947
0.995482143694339	0.466949133153845
-0.265868132729721	0.180739164456256
0.357427017971581	0.235214053425903
0.573440632681021	0.476569926700587
0.524912686953535	0.366544882931935
1.28047033398305	1.0913667331208
0.299717324218218	0.249998747926241
0.0970729263451745	0.0578089178518551
-0.335909718986174	0.167949443423255
-0.41196500511175	0.427087306568737
-1.74885209265998	1.00735598298591
1.20897011354726	0.632399067973208
0.317902022971291	0.137420696679332
0.37830771099079	0.147829593240572
-0.180348799638143	0.073099702354588
0.107235367655742	0.0706332741601959
0.366813066531742	0.243177956840542
-0.0512335719141034	0.0289322928089339
-1.00735517083599	0.725963027589298
0.868703294556669	0.787374385796682
-0.159190058901754	0.0991446098230473
0.819110181466627	0.649627263473514
-0.19486895523683	0.117923182178142
-0.420702913249168	0.304937466298582
-0.448567104578895	0.395576452266563
-0.0943607125942526	0.063804868714432
0.121256209915034	0.0864607248205181
-0.0859662673904909	0.0573225062239664
0.234455158815438	0.131752595616444
-0.547345255066524	0.369549106931902
0.708292901714218	0.39825574715641
-0.27974678609119	0.0923967925857952
0.822269713198042	0.423021827658973
-0.396856497501755	0.11460759549303
-1.87177717005934	0.772948358215421
-3.4724489022409	1.23315077833711
0.379573329065422	0.147172089773097
0.706287585254576	0.397486298482717
0.827842011676406	0.429370920090642
0.221436534974226	0.139641351401562
0.807370400442421	0.757151836847496
-1.34732411224134	1.42189108021474
-0.244117390197996	0.210164218579633
-0.0940039026760317	0.0487273989233117
1.20428856190781	0.637895336485809
0.529678081938647	0.258552727284456
0.675887563963525	0.60975778896543
-0.0614543589458922	0.0433021178605676
0.224297241706154	0.133311229614515
-0.422768826605178	0.342870669728146
0.0848268168076944	0.0478984446453646
0.904819093510269	0.883074867756365
-0.68029688920084	0.548913485352185
-0.209107081217484	0.150121483786991
0.111153223956394	0.0788787993484156
-0.170038318012862	0.105870090616659
0.214259023501302	0.159492360846363
0.712235417316588	0.514219552606339
-0.520976433958239	0.408506694859027
-1.50080915612	1.79351464245126
0.800223342952134	0.839354609291275
-0.245042844181349	0.210909360735893
0.284770671841468	0.243640781039066
0.495671889669148	0.359174107982598
-1.64077593568722	1.57391162199136
-1.33929532530804	0.611503303249929
0.0861240597616357	0.0283812447522542
0.46653698232078	0.163076753759164
0.622619267673717	0.19534691993008
0.460394926469996	0.248813639927264
0.136032867380314	0.0336051051380813
-0.587843721231636	0.225402691861886
0.625409925972999	0.19358581281195
0.759537445635865	0.309003115955684
0.469133474081143	0.163814067909815
1.19606919825554	0.632794280166225
-0.0965899798266926	0.0650304196324681
0.71182745767699	0.616099946457449
0.564161598769817	0.463564544981839
0.114883752854048	0.0784238941150199
0.636729134237772	0.741150607485472
0.251549695557266	0.130047982660462
0.621544457108297	0.377763348044639
0.969310885850085	0.947807490341764
0.377345189433117	0.234864865403706
0.774777388442828	0.531480118439237
0.542891268228658	0.535498669938587
-0.355780943142437	0.225774717184883
-0.197835758159585	0.118998966492108
0.0973173263931574	0.0637170314600247
-0.0766628141642534	0.0528300768673753
0.348715549589272	0.240481853099154
0.383727496970514	0.241936698083001
-0.0987590842569425	0.0506276135511251
-0.0225446216455995	0.013213686971104
1.2569661839633	1.22077992469924
0.217313365189766	0.144555615079255
-0.530089598072282	0.500010748771351
0.94611204198635	0.821363649298974
1.2798051243947	1.0897980600907
-0.128753398075497	0.0827713734523386
0.3670597709417	0.244099270012746
-0.679119154386832	0.330915005943018
0.52913316741033	0.263611332106486
-0.389820124723566	0.18275645386278
-1.34373843420381	0.613375843518545
-0.392873238558784	0.182459192526707
0.465007396929331	0.163757650783096
-0.281972984391248	0.092695894956706
2.29806637911887	1.12319321349718
-0.0647640083673492	0.0443835731669533
0.205944714162209	0.159576013201801
1.27033331802101	0.54202324251247
-0.140287322927639	0.0624985275544679
-3.08744594535476	0.960811196593325
0.0811577012492573	0.0267476285358754
-0.390970925105678	0.113585794693815
0.989227225685263	0.464165285064366
-4.43478025613464	2.2601248163917
1.00487984697894	0.586813431181186
0.370465354342482	0.144289627041669
0.524693291675457	0.259942760347575
1.15278895079174	1.16128689024605
0.834746866737109	0.954060992432432
0.0835744489863549	0.0474487018490137
1.06671635811397	1.10748569420466
0.38879959372673	0.243022432111943
-1.0283259480609	0.626733923626106
-0.327681960518426	0.244804241687481
-0.875162693856666	0.480714865672512
0.41366637328242	0.240745589416982
-0.0204420675227509	0.0120088959743643
-0.333111470938952	0.253174210460808
0.460432055747831	0.251287503396916
0.645717277477712	0.495265702614688
0.818610769859327	0.642714701817885
0.561750635244402	0.365126462219102
1.01422436824637	0.720003928267166
0.0424709133782404	0.0382659472064539
0.125555435684142	0.0982652241848423
0.0639307569023142	0.0507425961379002
-0.00622799340147351	0.00469758109629329
0.357652410908012	0.337439561079926
-0.322094315206559	0.16366708236961
-0.781175146625666	0.273344967541787
-0.588876072599178	0.227322170151274
0.103963772949001	0.0302885008832616
-0.387957262558291	0.180133908719809
2.29501022404741	1.12081418233569
1.77822198684398	0.683613630208253
-0.22624456166417	0.12912212059451
1.50875125678524	0.728524381117766
0.999729059927781	0.573255731801345
0.30945502686212	0.250919116394245
0.319524786868546	0.241428761751407
0.21290671971468	0.133264809179797
0.570486182546019	0.373927301581362
-0.468524063138772	0.199832219373257
-0.277407120506921	0.150190169228613
-0.424877448084715	0.259406714388178
-0.0744008040636046	0.0402717585397678
-0.836297929353151	0.372203399815473
-0.88112535121171	0.679304229023591
-0.171498410727533	0.0698197819619669
0.0655470933737642	0.0268811656076935
0.706835910926496	0.61418441597304
0.704161204592127	0.386462256605967
1.88327320238836	2.01816156280867
1.69878939738363	2.18011375598589
0.990294528003975	0.35976404828901
0.622619267673717	0.19534691993008
0.513104931596804	0.5375120050863
0.697801795477051	0.501461519310277
0.21562059607704	0.162061940716619
0.0947019545565639	0.0868060686489401
0.110091251088578	0.0724666020128685
0.210009155766859	0.162333773069635
0.710135548043033	1.04750481606129
0.198090772401203	0.161056508656473
0.0771977639465386	0.0344694697723998
1.07896003239384	1.30986871594781
0.541251403538789	0.463904635740043
0.621252877327271	0.381061678570399
-0.0165464556859235	0.00987596260872851
0.41123943605215	0.240687337268441
1.02330029321047	0.718051230332333
0.0750974159641701	0.039969224113043
0.385811143336962	0.243624262211677
1.28702877113291	1.08822134596522
-0.777911758111162	0.687276529063177
0.0899307017813652	0.0538791099685417
0.253094062334326	0.130461427701111
0.0732624209407264	0.0301241896140021
-0.633696223750574	0.402962061677578
-0.323280037080764	0.163463760575963
-1.40143556844291	0.880191286092215
-0.491016802562544	0.281356641995331
1.94176267658424	1.69419271375555
-0.494301773010253	0.283798240483046
4.34867448757225	2.19613606442348
0.257799649492058	0.133777190901315
0.56341799326923	0.368811372986569
-0.14667471232791	0.0654256023882059
-0.427747561127476	0.30770799127753
0.571375644919254	0.478403386632637
0.386439413152895	0.334198045292456
0.232851581094063	0.13862371408972
1.01855904866954	0.71742281026892
0.53009050647424	0.366997900405014
0.414789868160628	0.244700811676523
0.252119817510736	0.13071421375981
0.822917395355677	1.02806747389542
0.577393557747114	0.729488749343908
0.55413094155802	0.622607010878559
0.268822258431899	0.261556376052228
0.123034351626994	0.105924468486822
-0.549356304810905	0.467161556399907
0.198248282572884	0.156403802872912
0.207189264618051	0.179377327406736
0.604349478995726	0.579440311894802
0.0770625077531124	0.0378785138578498
0.051328649459841	0.0384646355067402
0.288309040917683	0.245635814149249
0.981461684140044	0.365427522756322
1.7810590229939	0.680897698501377
2.76098037058925	0.812188394353738
0.937014825487275	0.247501391945126
2.76383716543789	0.807175794601505
-1.16395575317034	0.351212781854335
0.16307322360636	0.0318815003319474
0.749233019536078	0.306404529636127
-0.229840094287766	0.0833194825964808
0.0979670387325082	0.0588746907043261
0.220537122396532	0.139014161844667
0.205483175376741	0.134429719168485
-0.00788932496858653	0.00479058406218457
0.000687203431782885	0.000474786848161703
-0.635127874492881	0.407500977765876
-0.361759240955043	0.23075658172469
0.990390800008237	1.0595840608979
-0.339066598449137	0.285039801417599
0.674702476545914	0.606472417596936
0.073431908123437	0.0387052661218141
0.0834305102559936	0.0473829493124973
2.32867273580575	1.87397799209421
-0.779374022118994	0.270566801509696
0.939435318789204	0.246610398890443
-0.578049031964894	0.306675088474658
0.527155247509748	0.26007264552021
1.00498613917673	0.584769758872767
3.62185877251935	1.38159020964055
0.625409925972999	0.19358581281195
0.936367330247619	0.245810660023444
0.545902604645797	0.624805455190159
-0.544750552488883	0.541537917455467
0.29867837100112	0.349142685143282
0.427468536969642	0.439669046188212
0.375936995599814	0.436858420501768
-0.312663121305942	0.207153870798343
-0.187829580061458	0.136526284005801
-0.532628736920836	0.576315807583977
1.36173565783381	1.40110241268318
0.945596018067493	0.827342793938896
-0.377647860683945	0.340862551407449
0.296251645286447	0.248232234157299
1.42618191837161	0.461642678393369
0.984635146471807	0.364073470146932
0.937961312100273	0.245882544650772
-1.78346459010975	0.415096457236971
0.137134990538943	0.033631618011293
0.213780768704392	0.16539819463758
0.48880741637352	0.359856482451334
1.38916596830028	1.26191120468892
-0.0600421844076056	0.0422302109722906
-0.0498160061326939	0.0281941011035656
0.0919360460081339	0.0552104654101599
-0.0868168596052865	0.0581280294302761
-0.0294196123009557	0.0212566448201657
0.200435601186556	0.161499185772224
-0.202620771404276	0.144092988878574
0.227565233172252	0.135791905262112
0.082558098902597	0.0273014951400138
-1.02565145217543	0.631806945617655
0.0844122789203791	0.0277183543732037
0.472040861872733	0.163495349723538
-0.777453821937005	0.270075260741115
1.38302600897967	0.829866755816836
1.00723135633703	0.588645774665132
0.979959664940194	0.360274384606939
3.90337898668853	1.67320397479904
0.133487547685943	0.0330756337612284
0.713376127922662	0.621709292001255
-0.00130268011854702	0.000979070737825881
0.198662510768168	0.167039243191437
0.353500654836552	0.340547625219733
0.337885389661238	0.323312355821474
0.330377729324134	0.34149157413748
0.228984629658242	0.137450813938677
0.485156931021796	0.356304065498711
-0.325993013522562	0.244728865050456
1.00050826492694	1.0754017673605
0.215207914093739	0.153096903478748
0.334361885028463	0.241651369005288
0.828034228955951	0.427096812932446
-2.02559618808055	1.93067488960535
-0.0450933817743068	0.0255170418174934
0.0936389508322602	0.0585418519668906
0.598714254906612	0.56213974275041
0.381681670818013	0.342155771539492
0.220001879782426	0.153565856100449
0.604197715917008	0.482233483373774
0.070484780823928	0.0289022134005227
-1.04966827152573	0.528058011269298
0.0844122789203791	0.0277183543732037
1.78538408410715	0.6765180553611
0.623397908215768	0.192519078919056
-0.215145956501995	0.0790627122176415
-0.587466526386645	0.227349400651964
0.320322515753621	0.13844913250372
2.06274546205155	0.902931253229983
0.159126058171774	0.0311056421910278
0.163198318954765	0.0319050580443516
1.9760405399428	0.493213117693187
0.323553124109167	0.252252075624699
-0.208881375583032	0.149021583382125
0.0478164205022669	0.0366089975606466
0.936422558633603	1.02687299991377
-0.622845181199975	0.777286080443093
-0.120840055077348	0.113755494491628
-0.00749947001393666	0.006401293886481
0.0801090238300132	0.0449640318484462
-0.275692796848562	0.233798135122204
0.577640386207857	0.567702654352447
-0.421978724583046	0.306373920441941
0.385020752347748	0.241782177314501
0.339844007857164	0.320641439200612
0.414949208511648	0.244999864893426
0.715817146705256	0.626954079926408
-0.0864757495918336	0.0447905925556306
-0.296614421170073	0.229840152502684
0.34602953198532	0.238555425066431
-0.0682791469373741	0.0466748084325012
0.214750918792896	0.154547118582704
0.666755880775793	0.591457850103518
-0.586370968623257	0.445263762402736
0.516762884911317	0.355576859196947
1.82065231315013	1.47000148794703
0.378392467045764	0.147777492160256
2.50078490780542	1.35131909559065
-0.468524063138772	0.199832219373257
0.279391334922389	0.132288177044328
0.0756393472684119	0.0278486743977225
0.314750745572081	0.135548136284906
1.97547028331465	0.493643388518992
3.25585177993415	1.10585266920525
-1.16677175880733	0.353813253690907
0.163786424348353	0.0319491236824782
1.78139127120469	0.662199282766354
0.491562580550332	0.361777160333643
0.37830771099079	0.147829593240572
-0.00595258102904859	0.0036473994926868
-0.038244793692941	0.0277066354009971
0.866326967122907	1.16236883227621
0.264195780715793	0.249255943709307
1.22575744723846	2.29668538158383
-0.531016282183444	0.641877426708994
-0.175049419874821	0.126874997564736
0.703041427047209	0.798677659980317
-0.323372041238547	0.300174171466952
0.561750635244402	0.365126462219102
-0.487221728687262	0.341755263691925
1.02753856628721	1.28382705027097
1.36378512999785	2.01563925737992
0.720764300374783	1.04546968793542
-0.0439998992198774	0.0314598476571459
0.489828553595878	0.357193377371639
0.448420917910749	0.358896243056149
0.574232843159732	0.47637056066076
0.904611519794148	1.09234992778674
0.440708554480812	0.352540981107325
-0.235067920701869	0.163908497605651
-0.783471526442659	0.741795973067304
0.453437118612619	0.3440388746927
0.385332976353168	0.241604596910254
0.53127217970343	0.263610975853228
-0.330438669362726	0.167871211909894
-0.219944544617823	0.0809556339123812
0.996987669974107	0.466315384018549
-0.681573678845061	0.332804888868376
-1.55885476457132	0.800790824625946
1.38231860286253	0.826477844572328
-0.785510297747507	0.274807822870996
-0.63923865613969	0.155145012751728
2.76383716543789	0.807175794601505
-1.78346459010975	0.415096457236971
3.25511333794459	1.09678833621524
1.5371436197931	1.01361750650538
-0.00492504122969595	0.00288906749479876
1.27169557866621	1.0869333326266
-0.270946069349996	0.255977547953527
0.405234760060128	0.430503577692239
0.585484344675191	0.724102010494018
-0.17522517842744	0.161539610531998
0.546080040600354	0.826163753682716
0.201368112367206	0.196437988468163
-0.261827626893622	0.205391412370061
0.0440725386356481	0.0319828776742931
0.406739311813851	0.344416158896796
0.308777686933376	0.242581988976131
0.244774449528667	0.13654632407204
-0.3248559512424	0.349204476630314
0.557621925762308	0.639546230859938
0.796716526126371	1.10366520276654
0.269101399205288	0.245200088780525
0.0657561004615731	0.0324896830622105
0.137058567105378	0.110264724450779
0.201114519659877	0.182931969669511
0.328877083384492	0.236766137333282
-0.312098786728566	0.20460732434842
-0.210106633568529	0.150562721173659
0.399617613633187	0.337517349259033
0.762676531017895	0.830033570086255
0.240263813502885	0.134536317679754
0.76029785097977	0.726872335840761
0.563002959645827	0.370250658498267
1.56612279974142	1.34107210108494
-1.56439024339577	0.795582305292122
0.279457121036552	0.132978804854089
1.26903485065789	0.544915109346076
0.752928386063156	0.307680866029832
1.82120866693714	1.45842559849803
0.623228566796362	0.383044127157884
0.0776012671993859	0.0316213676712282
0.131467259354295	0.0323356406007025
0.165719814080059	0.032118911098423
0.126748601726689	0.102272887868464
0.368503111929071	0.244977363366507
0.218421284024942	0.136593406757574
0.0655371401455316	0.0241231310648271
0.819201559742416	0.418278002805597
-1.05144170541515	1.32099574450712
0.763639606294764	0.913365642355767
0.584138475679933	0.70916169642063
0.303841773390129	0.253371933293998
-0.444644562830127	0.418131077968793
-0.63717838504081	0.406854184855913
-0.206543451430972	0.148291951120057
0.489340376491812	0.448081671702497
1.14811003806953	1.15645106209055
-0.310926877593315	0.202278621629883
0.761392392458188	0.821576834354178
0.655573438490214	0.681874664400743
0.114529521353569	0.0783861099529944
0.106290389248012	0.0672065874016341
1.35062296960279	1.39311415182423
0.341726889950061	0.23668413159635
-0.780195239462419	0.732677100489394
-0.758455630964181	0.533903987049731
-0.416653567955464	0.340560852114111
-0.574753949907084	0.304489097445337
1.31869032684866	1.64907967233121
2.3211333978024	1.82729405254938
-0.780762271527563	0.271555244817602
4.522514814212	2.44980412061782
1.70774475105637	0.917759439192266
0.374104522892199	0.146250600873722
1.450425897828	1.15548736937083
0.248184094484306	0.128270202084194
0.129138677098705	0.112043371827378
0.643967354046194	0.757404566771879
-0.489834195054512	0.277895576226061
-0.782421718713389	0.270135277882134
-0.0653665416123026	0.044787995022201
0.95506179746894	1.328820971147
-0.363282025625519	0.356774785249314
-0.566356095924868	0.781519275058578
-0.337707460288652	0.360517377021808
0.0111097784786524	0.00828201789266844
0.333359989958364	0.239913487868882
0.823831435498073	0.656834101549984
-0.449689100436079	0.394657851526112
1.14988306915414	1.25587615570949
0.970205808810747	0.947965059626464
-1.07154872629293	1.25436983317383
0.366114581423971	0.334821638195099
0.410209001156882	0.478341693180823
0.135350011438137	0.112698580080677
0.207838474098709	0.171193420642835
0.482882315351206	0.526781746645413
1.26155347117657	1.22262082264808
0.449067729749586	0.35682684227688
1.26375918687381	1.22501613518591
0.690995117474982	0.702947531576302
0.31611411765582	0.247631747086039
-0.690088067190838	0.568864997884401
-0.1384106919162	0.0886358638523964
0.770010179793558	0.923912459203024
0.752922971929305	0.61951956938914
0.216709840931995	0.155636334219181
0.704126964879302	0.395902848200686
-0.216910931965772	0.0796386816399621
-0.784821679690783	0.272251756501701
-0.684101346353456	0.334073035698257
0.526772503979915	0.260772031611633
0.0725486388701937	0.0267913425520773
-1.171259671896	0.354268648704258
-0.173826227316092	0.0707120984295597
1.02036963678997	1.55543279753139
0.272873590617397	0.23779770660161
0.127085754666341	0.109286444004194
0.519545847023449	0.255095547852102
1.30721668051775	0.939944022153624
-0.514704698708054	0.39468162265703
0.191508363657543	0.176753933807607
-0.756860213463492	0.98515897625394
0.789011562033634	1.00742054107734
-1.02023532240963	1.38766434936889
0.922168675778732	1.36699352289487
0.621017213628515	0.376967600797354
-0.945172404587626	0.945982996416788
-0.202293128728595	0.180709440920852
-0.421481880735952	0.341166678947971
0.0781306981813031	0.0414129346944527
0.207105888363294	0.169970868311143
-0.124856104570099	0.0938006614926779
0.625164306688862	0.744388170055293
-0.141128289249428	0.106562206006021
0.560912625683216	0.460915102272825
0.266229521654807	0.258219254903192
0.270420479502693	0.26914465668725
0.277484178362972	0.256980327239596
1.26308374314385	0.535890023428446
0.564273339595465	0.372033858924583
0.526326923006045	0.260770242874484
0.811216665883541	0.764032696319999
-0.667137199390343	0.489296736437792
0.329792008588475	0.240967020377687
-0.198267651395047	0.118784578613995
-0.12935960930238	0.0828788008078188
0.367802802282635	0.24300984712501
1.35116436644669	1.37659210436187
0.574340361921676	0.477479654547749
1.0643336395275	1.10463572652997
0.520892766405029	0.255016995826124
0.987883883622542	0.461985570770376
0.46419993653085	0.161681192730322
0.937310940021799	0.247681996839871
0.250894012253942	0.129633601710064
0.462382207757806	0.251325216236524
-0.637116733297933	0.154268416393204
0.465695039429514	0.163664307663245
-1.55875747069186	0.561897601836786
0.100952876096744	0.0970176404109548
0.446573565338638	0.418059290367409
1.15865305325226	0.902198251255936
1.01121756926833	0.708359937470095
-0.373908488536767	0.309923299489147
0.453804895546682	0.513639758638776
-0.0455893058356076	0.0376031924717158
0.577597716182971	0.802067437334867
0.00647277215988827	0.00563768969698391
-0.00220815702297246	0.00193856335949492
-0.0151339736601295	0.0111500974696972
0.079263632246865	0.0677528080534754
0.284069466655253	0.255855025709911
-0.10776599316516	0.0706895878333164
-0.699471065553508	0.630858424340044
-0.609522176831892	0.609673056129864
0.199689610813698	0.163261799300735
0.144408189482864	0.123053508577379
0.83741258355403	1.05608653251613
0.314011348406988	0.24717756934647
0.553687351111338	0.680608842040042
1.77603849155997	0.678657082180046
0.571361865543781	0.375929762500106
-0.420788385222478	0.258607072799024
0.118041186237643	0.0808367215101629
-0.164035767677971	0.102523493217292
0.619059526589231	0.376561087646765
-0.525925391198084	0.404785474049989
1.04958895614495	0.984026914735473
0.215346192492846	0.143049511205665
0.610594211580382	0.58609822958291
1.27084061065619	1.06832705160136
0.467980449379951	0.164382558502621
0.776804113629523	0.532483723291219
-0.323117665362314	0.163245352571435
-0.673753136023819	0.322435499449479
-3.78302928338075	1.50500022528179
-0.395057916373232	0.114485634680289
-1.40376407175399	0.881704156190715
0.134141369892695	0.0329755067389848
0.687578139212115	0.934755197456627
0.315718972017457	0.338956058107045
0.35613764365925	0.450304338627111
0.024974430523536	0.0174982599224348
0.221009496717886	0.171410763408675
0.617913560087592	0.655640167236038
0.218658067591977	0.169296440750738
0.569679378092325	0.369353857796502
0.613163719796053	0.588039266019905
-0.0916915160292975	0.0725049323695265
-0.0177976617015035	0.013139917309725
-0.288791867484774	0.266020425942456
0.49963249395283	0.53130143943108
-0.0247304911208755	0.0205365986595164
0.29144695236778	0.242788057791927
0.498351874385363	0.533508180907233
-0.504600856155484	0.60997130688217
0.501245361675329	0.457959295874309
-1.43594475088883	1.4276938925342
-0.0537802566279867	0.0377357587869093
0.119300599542359	0.0906919285658872
-0.328703046772225	0.305092273656253
0.289744816135703	0.255840541231791
0.71064888676534	0.51226291062217
1.03792574637273	0.858448925267361
0.945596018067493	0.827342793938896
0.708156987517014	0.398245349529214
0.212743541317536	0.133420614223309
-1.31110335287733	0.974615141147256
1.50511819733981	1.49509840276077
0.0994544443822286	0.0653499722197701
-0.0300509690181872	0.0176007526551101
0.70241121307048	0.509462178139772
0.231424517238196	0.128695623296001
0.440992340935989	0.349431227095872
0.372836341916771	0.145196911655023
0.0841778791646483	0.0475799169391347
-0.874421056611058	0.480861343107826
0.279514792544862	0.132854799102958
0.100674308760322	0.0294967719119431
-0.677591338552019	0.323932238836288
0.451183372029578	0.445969766417423
0.21340112744639	0.203150617060184
0.0953128392521989	0.0875387686284592
0.602284368577142	0.652019725544087
0.290207678129145	0.242126469943612
0.291602486760158	0.257092674939571
1.04042421997896	1.37083419322801
0.207984461078445	0.155434487061109
0.514047154945976	0.610027978751538
0.515135977681026	0.540617157174971
0.136304091610213	0.115915542940861
0.0778160013858863	0.0672164962324182
0.0751634242156056	0.0624573681302868
-0.0190893311152579	0.0140318073640872
0.48992180015447	0.517650606163161
-0.788263325818002	0.75813352452971
0.105805581562827	0.0659335058238017
-0.976198563444586	1.24081758305044
0.940678409445508	1.03457182039486
0.0260132684330694	0.0175883377243817
0.195375120490739	0.172805464736454
-0.475982358748925	0.487353784965553
0.534891129659336	0.545839133050272
0.123632164757841	0.100351204085956
0.63982144813101	0.750754608815241
0.111396418763462	0.076501052430471
0.604463777746705	0.484977796920347
0.672011559108548	0.607301771805838
0.7619165894088	0.825827286882165
0.610574340716804	0.580952900951207
-0.765105971610508	0.530486396593237
-0.376244391583292	0.278239103569437
0.868638337842838	0.783448063568002
0.772032532562094	0.527338464007177
0.0809390442848535	0.0430245624149045
0.0648139659485531	0.0266210623918291
0.705324705981613	0.397425674981085
0.284999471582027	0.13546763276344
0.608590636445326	0.269956841025571
-0.068470034165029	0.03700577431104
0.521560685731046	0.365587446369634
-0.283700683449066	0.0937434246457278
-0.469825344885519	0.199979858542984
0.548256101964445	0.627669953198008
-0.374280246394471	0.364209233308901
-0.0588881522148912	0.0527163982777742
0.81884106159047	1.2852232040036
1.71657658688005	2.23052348148138
0.380608071097531	0.412432922068714
0.339636073005705	0.323944109458342
-0.470249930373648	0.517182685312737
0.231871148445802	0.128621682282933
0.44591877910418	0.352923520522823
0.456504960922423	0.435802467788954
-0.411721680608708	0.365565719123141
0.329763936081039	0.249587381009527
-0.190617297562774	0.155649414722862
-0.634864806558302	0.576189690737078
-0.954417200529136	1.33600390711532
-0.855244812036416	1.04860552148067
-0.137405574468958	0.0887980282655883
0.910904013194937	1.26051475818046
0.199417014710514	0.180834980182235
0.0689865725021668	0.0255026192095195
0.614993118117516	0.277367145703282
0.0753806375444768	0.0396743903964695
-0.0132080833751677	0.00790215295015735
0.887208809923173	1.15052810731908
-0.942144153783147	1.00471376557092
-0.716873858891259	0.73605950238663
0.0956766933980073	0.0571383201707052
0.626705175154963	0.193843349012669
0.0731502503834905	0.0269786968223666
-0.58804965889281	0.228034778047064
-1.0869387297601	0.437220408729647
0.471429927077468	0.434723194028964
0.21492902229074	0.149150166425225
1.15502984807552	1.15847352729842
-0.283124516934905	0.0937185339860193
-0.176864194035721	0.0712891323044411
0.625725362371466	0.384604276725562
0.0737122978739122	0.033151837599766
-1.04538524680145	0.517011335263814
-0.284233923048635	0.0932789184665373
0.024765199904211	0.0204020649889726
-0.634896725373878	0.710040686324777
0.255410406603467	0.275099286699874
0.0573483598521094	0.0451522969467395
0.0825297029318783	0.0859255034944653
-0.00719745936961701	0.00616350184684706
0.799339573211787	1.18243391869236
0.126933581673703	0.0961071030587454
0.722496687526277	0.974584968919468
0.26186633360237	0.253530105471001
0.290624012844832	0.241665522067113
0.314493571625885	0.235641649478613
0.693807592860894	0.710754555308475
0.53069343837655	0.696331567044812
0.315831587634502	0.361096039315158
0.207984445095527	0.174757669945055
-0.0352940394220976	0.0257083599378952
0.33657492202482	0.339251568714399
-0.165768840651993	0.135620428527618
0.793123867342049	0.926069498527718
0.806035957074087	0.747090311255805
-0.636915609094801	0.585607572121816
0.437693548112913	0.347321845829835
-0.0124210458617111	0.00926933331353827
0.821646288022776	1.02868337419444
0.755707334262409	0.968915929474709
-0.020080366964711	0.0149105555767803
0.270468618052418	0.247351894167744
0.28479673461773	0.2554456167357
0.210797197600707	0.172367039350719
0.544185507973009	0.466993928338727
0.497265754012722	0.453323227369691
0.633974743512316	0.58482466867372
-0.019021023913398	0.0113284070937112
-0.779121196275307	0.268671631856906
0.0923259319184243	0.0578283925180431
0.287137513273234	0.240288638300389
-0.576837345511789	0.620879307006146
-0.360403157305581	0.382368490686474
-0.0443792363388367	0.031812058392752
-1.33960354477149	1.23817023917747
0.615996072663699	0.27788426628617
0.980089419556064	0.365342534656041
-0.589592246775957	0.22648133625989
-0.781868278424286	0.271784538759062
0.620860978986769	0.278903711327717
0.77254254227991	0.527102137389803
0.821694622014685	0.648742095596175
0.0822334187254372	0.039866275544987
-0.235797488739724	0.135275385500936
-0.276920654600604	0.150620099007267
0.299491238914959	0.250790389167916
0.858833404116523	0.885477197973365
1.60029157872615	1.69838592537037
0.0679842277218527	0.0336633869928083
0.344266551267091	0.238131518554929
2.26203557039304	2.47142933120354
0.632917451534149	0.386304001172222
-0.423122305156061	0.259639847705697
2.29716425084426	1.11675794793443
0.628356770680425	0.192997110159051
-1.3459769696769	0.614124685638575
-1.55576138011754	0.55747490290022
-0.779121196275307	0.268671631856906
0.568719471586132	0.474395430247333
0.672394811832364	0.775960618375442
0.496881141309303	0.531901359485074
-0.529634538635975	0.637161941400876
0.706532779922895	1.27678517533975
0.205508562694405	0.212911296116333
-0.0310412056442058	0.0284887434631027
-0.0680517131806972	0.053875334165104
0.0756916448275356	0.0634272474310405
0.295233277823349	0.246813387958237
0.425222328702257	0.426942932715328
0.397991693670971	0.333662907248821
1.04597075406719	1.40609892413214
0.683677162479987	0.698965608533529
0.31675138530934	0.237625291412958
0.20145497710456	0.165296314415966
0.306126647679847	0.348341734487226
0.141455331435058	0.114247543500677
0.120339888603978	0.0976918289036501
-0.357365360465531	0.354175899312765
-1.07801306389612	1.46489753715443
0.00985427643587976	0.00644857844954566
-0.379927852794614	0.311492620709848
-0.786549822864036	0.808075428749554
-0.135659568861711	0.0865867018913304
0.0898336461780562	0.0534419673790943
-0.16977690057953	0.125929318576057
0.899049195266814	1.1855981788249
-0.538384069295566	0.504898317296158
0.903294942729698	1.09290979232399
0.312930909238785	0.246906490056439
0.486931942362558	0.351945658358033
-0.155362303236333	0.113630865877147
0.0934007295923151	0.0562187939350806
0.00769324176304286	0.00507844883501713
0.508636587020716	0.448470129861933
0.735791225546781	0.813904796190664
0.50287519126153	0.366224353606061
-0.836297929353151	0.372203399815473
0.488283752479067	0.356467081620596
0.198417199205163	0.150467316386681
-0.195242383923753	0.159737537021089
-0.407735286768286	0.394225267058333
-0.679023855196896	0.761374665551393
-0.428467342518019	0.308936536581262
0.279487783498487	0.132613367013059
1.4252914117679	0.462007722411423
0.1282575787163	0.0318886336124139
-0.837568696657375	0.370381312260512
1.19476831939506	0.628095097032684
0.761420041785272	0.307778641769166
0.556794277848233	0.357802005957412
0.0921494783219135	0.0549664943697199
1.54728081851141	1.02876396932112
0.525526559584382	0.260502409946486
0.874765968639337	0.554844170791948
-0.323868340386761	0.164161395834974
0.281612717622496	0.134473380004571
0.707654487306461	0.398723539312477
0.526326923006045	0.260770242874484
-0.639303808570113	0.155405266784039
-0.385242812213646	0.11086499484486
-0.280450595029981	0.092203603611508
-1.87177717005934	0.772948358215421
0.215772178746063	0.14350206159999
-0.721115111887442	0.747302627440301
0.418954118421719	0.431030355878849
0.0577769089873391	0.0446094281240503
0.122629552799704	0.13057952733815
-0.160709643733618	0.146677425483007
0.0855170613754073	0.074799797060343
0.253957072211487	0.26122743899505
0.621573055139117	0.820745881297543
-0.60528613423789	0.800402359727591
0.737742427185065	0.973450666442873
-0.246983186245094	0.237715271856139
0.399665222143347	0.498810984583531
0.74107125188527	0.97981361988606
0.0734450296836008	0.0600204849486493
0.00217153929264278	0.00161502076018515
0.142723166081626	0.130700256808368
-0.984586726202305	1.17760449305825
0.548074825357702	0.547398992974626
1.14706454591548	1.00066961418746
0.279789695981018	0.252591072786294
0.0737487653627265	0.062832559173749
0.185872177135214	0.177916820601373
0.50197097986159	0.534692371225245
0.575488506878394	0.565368431354721
0.499481111872146	0.534901652674235
0.939386450945451	1.03615130497341
0.542646510018187	0.706691518101052
1.01522584859215	1.19083378711362
-0.460278855318626	0.538117343923223
-0.328659993408287	0.247343505306515
-0.328471607073672	0.328017290413878
1.24272148973937	1.46575987969793
0.337652619802795	0.330113202315072
-0.178518675560265	0.162703475395047
0.765068032290209	0.831697673480753
-0.0972741571730376	0.0752985734131351
0.341056842254448	0.327433142886017
-0.391054230335267	0.354218132381569
-0.00919103852364603	0.00689684032762527
-0.126583040415382	0.0962948562027417
0.334696619647727	0.244379158018735
0.487756409561595	0.51551107259823
-0.441257367561902	0.454010069082193
0.263962230033626	0.256157789217626
0.0535939718741206	0.0400333898359101
0.361696779810987	0.343067945650956
0.412382302265084	0.348552803379714
0.758587760883348	0.625717567068519
1.23319521000273	1.57666782465302
-0.528821545296321	0.497102366491786
-0.0968098579002428	0.0850979518619523
-0.409528312785766	0.424605945895351
-0.0158244115153451	0.0116806055186524
0.113453717367132	0.0807972244393552
-1.05728623629939	0.533916253931765
0.074234472888677	0.0274305829074115
0.622619267673717	0.19534691993008
0.460432055747831	0.251287503396916
-0.777453821937005	0.270075260741115
0.211333048963651	0.152451923411239
0.324290929136537	0.245371720308545
0.817112467064029	0.644306430162852
0.216012974398775	0.143636376858185
0.331243619409548	0.241571603516142
0.360835616508905	0.240401721413396
0.829263860347646	0.428286747143892
0.948393151704152	0.824008882783893
-1.16610275079213	0.35308024748219
0.0745503900435437	0.0245175425706276
0.136032867380314	0.0336051051380813
0.101097367816232	0.0292900508131344
0.281320076680463	0.247027353554968
0.840487536629417	0.971596758979471
-0.404064307035681	0.385638439886244
0.493202656671426	0.596936238109234
-0.0460126360543415	0.0373002422373875
0.200546763265811	0.167812618868424
-0.0929105340199904	0.0735363987646543
-0.0805922906451314	0.0538111465322563
0.652433036682366	0.831352130003012
-0.410274593432163	0.455952628456556
-0.474522473668109	0.579624362438094
-0.478980466077931	0.491432883190514
0.0821695407609429	0.0669662880275728
0.440650618773389	0.433807692524427
0.622980303818271	0.741688399686197
0.068993604405637	0.0542907744939094
-0.159703549084082	0.146292208759591
0.94050525829651	1.02498124547439
-0.494908535089869	0.428133126962806
-0.0267920609655556	0.0156812583532588
-0.0713706950851013	0.0561693612093899
-0.368605517987632	0.329813380719232
1.08857569133373	1.33463044933182
-0.421661259361668	0.34487125546572
0.761992587134117	0.640217167239669
0.71913886335501	0.70515866543371
0.479733809918381	0.4497179956366
0.469834083516231	0.522304144126248
0.316429720013903	0.343416541295004
0.879052943633745	0.976840994601173
0.0214685513694161	0.0138799610069507
-0.103123444582346	0.0887223224873837
0.536278039588177	0.629047021140438
0.0250687972790621	0.0175143177303914
-0.352120821429397	0.32324382586957
0.218138793068603	0.144467626406793
0.285772588060593	0.254161237077242
0.324666196108624	0.245697820923904
0.3030849198373	0.253259804150674
-0.0670391409234631	0.0461398761720325
0.692039263897944	0.700032678933274
0.459237205592791	0.34848803097468
0.032911798528939	0.0221581607360885
-0.248091772363272	0.234747148088463
0.410726346191527	0.347922955912919
0.0723897630756748	0.038541719315985
-0.507695630596142	0.494380044795112
-0.276944624046237	0.262199702552208
0.479613913305382	0.513949532486251
-0.09637219637118	0.0742272719638013
-0.411327342240818	0.399085326654675
-0.258815632567219	0.20136421245502
0.337394504628714	0.245289633742129
0.463163017399524	0.161706881929458
0.105081026275324	0.0304249291072773
-1.1035708412628	0.435478440145141
-0.870793089230293	0.478332632544395
0.220302324565287	0.130985454699615
0.218409329350398	0.150309953211361
0.0808760665945886	0.0428747200633823
0.072987490491472	0.0384280730624893
0.096493588521605	0.0601314197914519
0.0809741812358999	0.0458538136916832
0.380011644465989	0.238208760094035
0.419336724635549	0.246523399676104
0.717972396704444	0.402515571995206
0.753571413536895	0.309463972555086
1.3807215343378	0.816754363675922
3.62107653462254	1.39166271362354
0.209035270631359	0.144010375119899
0.0940969382482867	0.0612878885549914
0.0920370377425732	0.0812928632670502
0.137897188205361	0.120747851079731
-0.793708244826653	0.926846952682947
-0.683570579816536	0.766015782935222
-0.862409107151388	0.931861485718907
0.509738283193179	0.445430792490037
-0.58855859166047	0.444940066998391
-0.0830406037824522	0.0427710625804069
-0.0987573019523025	0.0664713408519517
-0.0453706924270895	0.0255229802172179
0.0137583449975068	0.0110382801100978
0.501296276708699	0.459850504663586
0.335476017259172	0.246015068096411
0.0399359857128287	0.0288122228120309
0.315242417837967	0.248539319046433
0.766758636967939	0.913548741309804
1.01765501660817	0.721330953818593
-0.910612245373516	1.08124213536687
-0.353814695636939	0.371541928930375
-0.0634764064483663	0.0446166324281213
0.49122487990524	0.357823355675113
0.352248103251361	0.247244351947387
0.326708011209803	0.248380918038017
0.00605328551451933	0.00372815686149681
0.0573432419062664	0.0232549724841217
0.0779479724851404	0.0440401719278716
0.000687203431782885	0.000474786848161703
-0.42106980121989	0.305630288288469
0.219618338311654	0.139124773018131
-0.0955634365078608	0.0492717692178877
1.86499536854505	2.34571819226129
0.35848067935428	0.236875249235363
1.14747187441802	0.883746237409503
0.222243451707191	0.139389132875106
0.747080369805091	0.985313331564085
0.461199305264889	0.251672473930235
-0.630908622718421	0.406095738270191
0.814002647730434	0.636488069945879
0.223277439744854	0.141578096218981
0.113233226073222	0.0778989950104888
0.00391812985053072	0.00247602487754638
0.53923335705745	0.4582076988779
-0.579678944970594	0.531709682228555
-0.161380095091581	0.100989415497673
0.709511538715515	0.607015308476094
0.100048374842897	0.0647983513447557
-0.887904016976281	0.590808609770225
-0.273367485462674	0.1493965594236
-1.3416145031643	0.617793207028816
-0.842868068838061	0.372691518604112
-0.492976176658924	0.283787317078434
-2.31513728525092	1.8946710866546
1.01207143646933	0.590088164281743
0.709062653088445	0.396534047943546
-0.190845869286889	0.114424845628027
-0.864892412385431	0.473068480063039
0.236443191909	0.131615586047354
-0.380242200347373	0.176015798157344
0.991161612375053	0.460507165987664
0.313421833938519	0.135249087427043
1.17254331638869	0.766750459185755
0.516784674702072	0.25299191378779
1.38602416983423	0.827408068616722
0.548303199586942	0.5455715808706
0.625478039899758	0.66557515954859
0.20343602561695	0.171216048761567
0.278997216791201	0.244965559013251
-0.912961101498436	1.84239289149199
-0.108689483255759	0.103142247022116
0.0663387582854388	0.0511592146980539
-0.421866831460528	0.305671027345112
-0.615632398982636	0.519289436817618
0.108961391652767	0.071521643473001
0.696743471211059	0.501661744534631
0.487996461090838	0.442125862900982
-0.00350893432446137	0.0029825807044453
0.0720165766370592	0.0356328579080914
-0.279554461101933	0.19099588266653
0.678449923614162	0.784960383789323
-0.237950355484505	0.243067427453638
-0.461097593295438	0.36616138390014
-0.0743547088765038	0.0507681509977052
-0.700768365776366	1.0412946778089
-0.362156300852809	0.517781963647971
-0.583347921317359	0.441673409293575
0.455503228272445	0.246049345906091
-0.428926960126892	0.30951147468911
0.0735319248615249	0.0271371945758418
2.06066771313968	1.93277928279239
0.764442436181322	0.643314660993725
0.588715433712992	0.965527394816155
0.440854474318336	0.687912806733282
0.526646720578704	0.619461805974201
0.309612608072085	0.240669308115012
0.233931386293504	0.129024629781001
-0.0849857488757637	0.0436310496542663
-1.23492677659555	1.06422397152103
-0.480336786369888	0.333767808188129
-0.231138099357559	0.161364461990377
0.0761422968185033	0.0618439372158379
-0.653564573995549	0.646984917685923
-0.222485822395337	0.180447379951851
-0.159693384147035	0.13328280166264
0.905228380783345	0.678212513356003
0.42270535500767	0.248333898825695
-0.00914339993269551	0.00554357663873855
-0.232532750727009	0.133310340393779
0.0631826985755052	0.0286414465992836
0.299441807354754	0.242767944773444
0.461165471587174	0.682239258382457
-0.168329145568675	0.139476783749982
0.420568241207604	0.343554265007175
-0.613747637064614	0.517157548135204
-0.0918401124392883	0.061422955341231
-0.198551962867787	0.120340993299681
0.48695830537748	0.357140860826414
0.319045664431624	0.339888776217035
-0.781612033894336	0.801633311471828
-0.265524290979707	0.208716260005568
-0.0255554675891181	0.0150450727719623
-0.371063766948759	0.306298558007998
-0.135976252976005	0.0876137238993643
0.216546758747969	0.144257311882041
0.0590694236507808	0.026568743892733
0.815438762666358	0.763648989656967
0.121400339096463	0.0925306369820677
1.26490470104039	0.537745634377048
0.765619185217211	0.744372520183415
0.700338048737969	0.508974270315776
0.945061009200909	0.813302456777559
0.0730391036321189	0.0269364233219268
0.32236223251126	0.138523877236228
0.0821696233386329	0.0299588919574971
0.457795408921388	0.345525776466606
1.35578666287177	1.97104612206919
0.423364027961602	0.747528351315934
0.787582318833315	1.25082902435171
0.770557871844868	0.522645948852782
-0.785140062133816	0.695172402324117
0.0718379101177532	0.0293437450893075
0.279391334922389	0.132288177044328
0.369116695546333	0.143550009098403
1.81782406489395	1.45662373834058
0.471549964947883	0.254388742028557
-0.684823890707479	0.334070270864504
0.330384370949171	0.356714326437055
-0.15659648138921	0.1583481892088
0.561486502746542	0.36670264002921
0.212015683728781	0.147258621256802
0.311721340324011	0.339116666734905
0.172916468970902	0.235588783244984
0.569378883788314	0.476578745128711
-0.885968019087165	0.682898876599127
1.3133170453669	0.954508271065577
-1.80635463032209	1.50225194881587
0.372801280336918	0.145288309234292
0.226529428414369	0.136003717003019
0.647666214370443	0.498020525303917
0.999206806744373	0.57763719176219
-1.13732899081531	0.911419089744794
0.564921088463688	0.371031599224843
0.209318155759873	0.162469287922616
0.0630920688492288	0.0531000665575552
0.0888448038081857	0.0533150461529651
0.0405076067363691	0.0332817254895638
-0.011759915443757	0.00710492120951243
0.430282349969889	0.630758927172159
1.88661387421697	1.13114579327901
2.49587199938301	1.33647323351796
0.0847665337175848	0.0409846135569679
0.807296507161255	1.02510171089282
-0.340045874291749	0.569856554113714
0.314521324248961	0.345021353007117
-1.60415406364795	1.77634181077065
0.226469977521268	0.13420006880578
0.379961782081192	0.238402548427861
0.277109289543437	0.130472354035522
1.07761306389038	1.23433833315518
-0.24988701996895	0.300950054594664
-0.135559897622	0.127410043874159
-0.155887429445891	0.127317159826507
0.00288789585856525	0.00231308948161823
-0.356403046091028	0.372543406161214
0.312435246532303	0.233442562501916
0.120006191918142	0.0854450742815267
0.849804765749607	0.88079086382559
-0.126547218887104	0.0935822388395391
-0.242186909273721	0.193641927071826
0.53916972083039	0.552350050153809
-0.389819593414635	0.113165790285367
-3.47202911181931	1.23103389985516
-0.781729246538756	0.271665063678666
0.132834683092633	0.0327681675512275
-1.55825797222393	0.560915030422003
0.761520908178046	1.23626895741166
0.19500194870534	0.167963817940689
-0.0620225472282464	0.0499789688530438
-0.0675250222055942	0.0547833623487885
0.153385580314711	0.150572503290263
0.270397147598118	0.274482748097401
0.621435502102865	0.66117490687336
0.144549129984453	0.132815730679083
0.0185210892613821	0.012463758240877
0.204603559381079	0.172758679004168
-0.0725237186229415	0.0578317964671775
-0.856636699233752	0.935245291511643
0.211267671529976	0.163682212043445
-0.125666617836987	0.108155317929116
-0.551203989806031	0.467714713279784
-0.0876068567307336	0.0592008604062219
0.452537922572587	0.342749936305421
0.582372189726403	0.641309206655345
0.253501545278667	0.2397524046333
0.117539436037649	0.0838118985499833
-0.0443824477828303	0.0356307191324766
0.388539714822261	0.336025219756789
-0.318360178827691	0.294120813466531
0.275150573850831	0.261850493181852
-0.169644918106489	0.167567930099379
0.582339129383364	0.806571457252929
0.903676995209282	0.911433838409443
-0.795913621358794	0.918918908599085
0.0495245725774143	0.0357704612937303
0.0962984878175978	0.0604116661747997
-0.0794243589355831	0.0635529384371326
-0.703345891969385	0.913610740819294
-0.0213499273963868	0.0176080438136796
0.0180443022482124	0.0144894749074263
0.526333800836561	0.616531905675532
0.282785094619963	0.24152880057162
0.517242242449406	0.455479616548028
-0.275789779096136	0.151416853137357
0.310271541756498	0.132419623678364
-0.107956045301877	0.0521199767469454
-1.16523448224525	0.350479641287103
-1.55520244712507	0.797587755482517
1.27338433366604	0.541781692948465
0.558031923887331	0.364648990245585
0.219754508990358	0.139007300187949
0.522718652861391	0.362910394716314
0.984635146471807	0.364073470146932
0.98407377907783	0.366453047925217
-0.591452007785042	0.449680003770093
-0.287939526786152	0.221386286282077
-1.80542338510712	1.4989867101315
-0.591521152072186	0.453190370903252
-0.866566136253546	0.47714328487889
0.149108034017391	0.143209095245361
0.416825510694951	0.493515021793699
-0.648646644412678	0.77405198546696
0.66136381464027	1.07418855312825
0.379501966161506	0.33924043707646
0.271461975717708	0.235849662219896
0.33909468484317	0.343046391052287
-0.189386433095392	0.138102732949401
-0.666449588245489	0.494379126856677
0.340891638960668	0.332859477590018
-0.548320598101466	0.615044233097929
0.362259899814092	0.331481028239427
0.20371403699925	0.199308931715889
0.324769254855165	0.33271627472079
0.536172262092375	0.608300601883719
0.490817954311671	0.592262484210331
-0.000773174822857522	0.000720134105234916
0.336005790702877	0.337783708522181
0.265928357977698	0.262628803267549
0.204513256860171	0.192729432456063
-0.0890579203193981	0.0703810563130882
0.851429593233755	1.14256907948208
0.736742757976958	0.816416194403099
0.0647544826583	0.0513511428979463
0.434847052863269	0.342968757080706
0.317291564968796	0.137090555276539
-0.259217025155788	0.202121237863677
0.766811355577815	1.00158249509188
0.0799822184877606	0.0653385831442477
0.242485500901725	0.292687410176065
-0.356105399176236	0.350102625277626
0.00727564281079171	0.00632515762978437
0.0798407094146213	0.0423283469550245
0.0781662998803206	0.0258675039281356
-0.468893550270494	0.19970686918878
-1.7412375071166	0.989629873656252
0.0963298213773749	0.0281188395565234
-0.787544537614337	0.270194572827944
0.463850806492571	0.162104073343502
0.316441276516953	0.136738196757276
0.0964512701931012	0.0282434359701024
-0.517030160181501	0.402261309686497
-0.864802721144097	1.00190388043255
-0.525462707725502	0.411690507476993
0.0907052341250697	0.0832356747019148
0.0967436277670353	0.0910533561155439
-0.178405726843464	0.162002375970372
0.808753319718483	1.25897020657858
0.457876767127205	0.520224635313277
0.211100019665928	0.174052756177202
-0.417755324062235	0.340635122930238
0.539546343261598	0.466428470491685
0.565296764943154	0.470051028113163
0.777023910954237	0.53261445592351
0.209347128485807	0.155997428300017
-0.173175398266785	0.167315104578699
-0.0948691998393211	0.0744593415820711
0.602489184701439	0.646582430889414
1.086013652669	1.23286099055764
0.116175885495689	0.0820014628991925
0.273887300041074	0.259763280756529
0.464419837532954	0.67606333104736
0.255641269951596	0.279758655712596
-0.485879432062487	0.656607510557929
0.126329833109509	0.130099239498757
0.0563398490239177	0.0422435366562097
0.0237536828544064	0.0160645907594841
0.979402295133191	0.362606708885901
0.0966229822899781	0.0907603391556365
0.195059437408938	0.175959842497563
-0.948361150637794	0.937430677752052
-0.335329723881735	0.169229182472621
0.133707491985628	0.0329789895417372
2.50450896744985	1.3417615745349
0.465007396929331	0.163757650783096
-0.784952004958393	0.273079517790807
0.617510971176847	0.192010662028043
0.618668237718634	0.190972005647244
2.06205091907633	0.901569568491196
-0.840032833742498	0.371981080448623
-0.111378629399916	0.0539941606691049
0.128703972957949	0.0319889921983585
0.16307322360636	0.0318815003319474
0.407000034710814	0.427153544730885
0.115275489247169	0.115811754678491
0.0341453397164898	0.0291469492642966
0.400818718516332	0.597157388942688
0.472740804623766	0.789889769736928
0.324915563619483	0.246151924809396
0.493333147774494	0.451307472368854
0.759377904332596	0.821623135226907
0.0906958812627201	0.0535708549691479
0.319227374738493	0.137596217609858
0.0329862034742762	0.0231497687414382
0.33219514865608	0.366029868330595
0.387029382440371	0.509560715969673
0.281505907269326	0.25492920865771
0.350141440211814	0.245178148268221
0.0611265155216797	0.0249882583888022
0.719896711831435	0.711372193551939
-1.34070150633551	2.52075370213651
0.89204287262004	1.49733922142224
-0.136383980388271	0.146957855404847
-0.240589988222453	0.281521674508918
0.155139344369153	0.166859309735364
0.562760819525755	0.364706474399256
-0.0755758684590607	0.0605335695969974
0.112271433493645	0.077108283274019
-0.178631081283085	0.0721808364381069
0.980089419556064	0.365342534656041
0.128703972957949	0.0319889921983585
-1.08935655759627	0.438933068712187
-2.13196960458349	0.984856774662777
-2.57185252800851	0.693041972437165
-1.17192744414291	0.355003538565994
0.625545825050412	0.19581710979278
1.42314513115208	0.464520674256509
0.979959664940194	0.360274384606939
-0.20796761444559	0.183926440180723
0.145393214877363	0.138938674744364
0.10686162371932	0.0993415879745867
0.12273381335914	0.13460786038231
-0.00735308593378678	0.00435185887937963
-0.334801488055613	0.254413984022873
0.204232270501284	0.171903173589822
-0.925383071988587	1.04352478673871
-0.120806320539006	0.0583918226946856
0.00504878063413463	0.00311107803113357
-0.103775308057268	0.0805483088876641
-0.117931930617568	0.0998671558672067
0.0647051846669545	0.026626486289584
1.78251906666412	0.68003371919707
0.346108775613538	0.242225617913823
0.548890761198089	0.547530400504843
-0.0272513225845424	0.0230033859026058
-0.00617721759095945	0.00530377516552331
-1.03163277638529	2.08455087767189
-0.0433742179885574	0.0429587140891509
0.452512657277318	0.358929312204146
0.198315457583404	0.155772737410551
0.124134432857435	0.09360329457689
0.214070940598472	0.159215853636574
1.20273094688733	0.629395020462524
0.62197570105732	0.193886107986901
0.982700209031034	0.363989286150721
0.939435318789204	0.246610398890443
0.130358943644147	0.03211293530986
0.133707491985628	0.0329789895417372
0.163659914308261	0.0319253139355892
-0.282548617323577	0.0934288649662158
3.61777006975253	1.39242507742941
0.98407377907783	0.366453047925217
1.4252914117679	0.462007722411423
0.555174903951149	0.759165148306996
0.267216372603233	0.277233834705789
0.138772190301429	0.115366768336303
0.699141475887099	0.506684280396556
0.277344409641569	0.24346696456967
0.0751154322400595	0.0628619342662746
-1.09575422890358	1.70307822419915
-0.0784369796755052	0.0769665885931139
0.458212494200844	0.527327467500408
0.760918202136592	0.820977720244687
-0.0853192911766956	0.0669413072505226
-0.515777959804361	0.526157343864102
-0.382444628656899	0.37462495722124
0.100674308760322	0.0294967719119431
-0.33853894062868	0.382979766978398
-0.0367822553829882	0.0335158964214517
-0.105903300531624	0.0694218935617034
1.20672301707732	0.6391572393067
-0.406453411681731	0.390166822315783
-0.0387727801115058	0.0316219037831095
-0.198716826180736	0.220983800224271
-0.0731996791727749	0.0774411498663659
0.527768832946463	0.766857312141001
0.257342038379131	0.310067835880829
-0.0491435352226652	0.035202874388094
0.0423748614509043	0.0306742520657083
0.209341603324369	0.166407028675576
0.0488383914514643	0.0432140488776014
0.204503291517359	0.23205850579879
0.263492193723642	0.253658141090374
-0.502934362528592	0.43857671105068
-0.583204283461703	0.223838897766832
1.26548451956171	0.542796260351392
1.77822198684398	0.683613630208253
-0.390609043378598	0.113594128833838
-0.280450595029981	0.092203603611508
1.78237568108603	0.685305417622692
1.78018644761027	0.677970975097183
3.61699457579572	1.39046393901408
0.217048737328554	0.144560425975934
-0.257987111328388	0.199008176242928
-1.20047357358045	1.54683103010304
0.360949961777877	0.423292912394541
0.926269216695535	2.22259107768043
0.440416266521009	0.433148333897477
0.0333482756170076	0.0233342354154862
-0.21123466687906	0.187076775590264
0.908355123109372	0.905683217119972
1.26193329409664	1.23062162608476
-0.379683152159363	0.393578963968279
0.905578633478877	0.681196028830058
0.51574174330427	0.358022410126366
-0.617294554586362	0.776962635463855
-0.652047814669612	0.893568697389806
0.09798744157491	0.108124885960793
0.232032760588496	0.286685139626689
-0.0423625943326808	0.0417379698345893
0.0165605741055505	0.0161127571967549
0.273009812871575	0.251163174897297
-0.0115089093373895	0.00696344434851522
-0.174330529810023	0.126941942000378
-0.844366068885926	1.12855058067875
0.113920650064976	0.120617094931417
-0.160678922615937	0.157793741135843
0.100885544934322	0.0661518893503794
-0.141265138548194	0.0631658655313475
-0.638944530069775	0.156134678840522
-1.08470982729867	0.435546391307148
1.4281233246026	0.459092046764703
2.76164585943614	0.804933473584711
0.159126058171774	0.0311056421910278
0.210172927375315	0.162684171028873
-0.0710635264769865	0.0386832894014858
0.529981131797817	0.676491806245152
-0.240699967039284	0.264133629381902
0.165464773550098	0.188529326447871
0.534532088505876	0.779009035200884
0.411105918976905	0.600260836360488
0.153920202522708	0.162752042678948
0.512867211147171	0.456058626521981
0.0907131809322493	0.0849792065091114
0.0040071973643334	0.00315741639319142
0.238972151973985	0.268629246290499
0.209861580509593	0.156867342732675
-0.574557209879889	0.306956936809278
-0.0591990454495084	0.0416645340646365
0.160028635045279	0.163934525531101
0.259914629819078	0.250887247084389
0.436948463466788	0.576953382025935
-0.0703291771973119	0.0482235504318064
0.0736369275090234	0.027210195538483
-0.0172351900389767	0.0128875322701503
0.140351024483816	0.119668483581997
-0.283209693743751	0.287102753936816
0.104139358290222	0.10208193703879
-0.0888905995468626	0.0787274682234449
0.0295155723621128	0.020385375903413
0.315862936519272	0.136055499649238
-0.783261089046792	0.270177986639172
-0.591740725615104	0.227345312454905
0.0832413116588062	0.0275358424390173
-0.391112366168209	0.113694348973874
0.623771053802231	0.194253824652275
1.00067439947633	0.468569135663002
0.0722494366814198	0.0616903333832422
0.195963181660132	0.168808146505551
0.702656257426209	0.508993106705793
-0.0341631844682002	0.0248260584018723
0.276542814519665	0.263453492499266
0.258679184148538	0.240551950514979
0.327038128517007	0.247765232937104
0.106201568124652	0.0720725412454945
-0.109790583787337	0.104953005507944
1.06816939988905	1.57348492618561
0.263746481388553	0.261325741667543
0.57555694855512	0.786729631798723
0.451512137837445	0.583920231793663
0.24355240683207	0.253299259216262
-0.212791349640943	0.203311670412121
-0.331469949571097	0.331403369052102
0.865966138318322	0.783264630124214
1.38544069746112	1.28203510111497
0.613341525727591	0.275607624145917
-1.08401158914004	0.435106570533574
0.622619267673717	0.19534691993008
0.629007026780303	0.193214190277191
0.0747254648107833	0.0306302991842174
0.385811143336962	0.243624262211677
-0.35203179801534	0.443398878431332
-0.0351401116409816	0.0454293509230805
0.792247652036815	0.818546800708243
0.270833706518573	0.255923375056945
0.0912944875238941	0.0548791925249133
0.00411049689947016	0.00257107733236065
0.122235623094893	0.0869907815347335
-0.873638531323354	0.755944960339581
0.518942908146642	0.359855593813018
0.0324230483774985	0.0225594191027168
0.29330884040087	0.361338459729393
0.576734286624825	0.561297682821754
0.208584614205563	0.148747617608321
0.20177687621097	0.240877574396604
0.570543212761175	0.847476406040756
0.038548146611535	0.0277358105309594
0.285799172074106	0.250918864277488
0.496978813877409	0.453683191473091
0.334654357792883	0.229809640888627
0.379585587119999	0.342385612625059
-0.00928127408480028	0.00882551354970666
-0.0524528691409983	0.0514642525077828
-0.215196567941607	0.201570357155645
0.29912681766525	0.338173334524571
-0.210976145199388	0.219940075975991
-0.623927336171739	0.929545151000336
-0.14215687694363	0.121296916479469
-0.250386928285594	0.237237248503497
0.379793002238885	0.432682997766268
0.0776402404359558	0.0651030377800199
0.0524824567738087	0.0379369368254392
0.27097835834735	0.254882762301936
0.198486819820287	0.217932211331497
0.0946760942920532	0.087481368152613
-0.024759586441124	0.018209169916603
-0.362599659038781	0.233292968100521
0.381066582249747	0.236804218329297
1.16408585402455	0.759513342303284
0.0867103564340368	0.0285355139239009
0.248583382042495	0.127706828190556
0.648110474828406	0.496090087413548
0.0829249628246454	0.0471681613547401
0.623771053802231	0.194253824652275
-0.0474204632877441	0.0391439760939776
-0.138393200307442	0.128869752411349
0.351764676876767	0.406837705877194
-0.954388827216037	1.60588128034519
-0.613190450505536	0.928010089946942
0.124468609112021	0.104250528441377
0.0844736505589736	0.0722074293605853
-0.128967128223653	0.110857713710952
0.333616668261662	0.327393367420552
-0.015376498442557	0.0113855838024587
0.385206682968808	0.333114158589991
0.126389483255447	0.0988553268412758
-0.0729075169163754	0.0497471677547224
-0.137517834583678	0.103567736137019
-0.36947808944379	0.273532841253389
0.642770740880373	0.752691648199067
0.203097180288962	0.170713403495477
0.818565229404	1.35202000428539
0.0859756931266162	0.0486257755657239
0.0647224702307564	0.0293421187658672
0.319396746694434	0.250660257643671
-0.0643640080685083	0.0349730509174712
0.489828553595878	0.357193377371639
0.81514180658	0.412404765015836
0.463741052737693	0.163066696140039
1.17876540027438	0.76048220070743
0.0873142575194885	0.0945008959723179
0.120084790442094	0.131199148953232
-0.0130415208975828	0.0122198715465565
0.290444706942641	0.241464064146939
0.202491939520126	0.174539752486465
0.840011317234034	1.20167972986232
-0.0436979073358279	0.0399076414759681
0.0119062545486727	0.010826487844576
0.0806540200752959	0.0673189233246446
-0.185125071959776	0.135037238460312
0.0863547926626134	0.0510627243103553
-0.138919040410829	0.0621003003250773
-0.0852201435861387	0.0439639488733295
0.377631547004968	0.14740968509311
0.525226926797386	0.259635467451443
-0.741735516335973	0.443515872040065
0.984132847237885	1.03545973605475
-0.177788668891826	0.176770112340697
-0.0187855358798693	0.0110099919212283
0.648726048851412	0.497843767056467
0.363470530772484	0.332704851083546
0.361316110627602	0.424731901551271
0.4005921571192	0.349004880752663
0.715576652162154	0.706869511246847
-0.493882282931877	0.429073921129431
-0.844043967095569	1.13118411677682
-0.460139872396209	0.587433920977183
0.314511003465214	0.327553009886324
0.553132234050178	0.556186522894679
0.667550732788613	0.59057638950587
0.124990605018553	0.0923925603487434
0.404766959844377	0.423224346953686
-0.0897768066600717	0.0862701348230768
-0.0375225702586282	0.0445218791144202
-0.292200655661092	0.270310560757396
0.411252558007955	0.240541858891644
-0.627701578702711	0.396935767113127
0.609932421702951	0.65006910220074
0.208172496385172	0.154141491394428
-0.149274507181766	0.184766034325497
1.38010680411763	0.823413300367422
0.0768702787110517	0.0313755593060014
1.27033331802101	0.54202324251247
-1.87051791418744	0.771246750584204
-1.08738636458277	0.437367629354033
0.627973881854586	0.192720235612537
1.42595936707127	0.46464634975394
0.75351673799093	0.306376593250972
0.210141560568425	0.187673281764349
0.746478606236268	0.299500800536838
-0.1451085164679	0.109264016557208
0.388352521692169	0.512179131745172
-0.148740671762115	0.164931551404672
0.478063175184189	0.585407183285113
0.0608589679455381	0.0587860217616544
0.199549054852966	0.185746749359505
-0.115525623975198	0.0559201331470502
-0.556645567574249	0.37354453207142
1.59613199813938	1.70656152983092
-0.379781398305297	0.315319734854532
0.795664941480084	1.43075894063266
-0.060938993219446	0.054232243178355
0.0182754623935427	0.0140867295805042
0.0725486388701937	0.0267913425520773
-0.0502345262298313	0.0284527409007995
0.626057398278677	0.194690437073751
-1.55775880570834	0.55671962166184
-0.3958347259145	0.114354399872093
0.755276977321576	0.307352999453228
1.70486396312235	0.918198494276321
0.6112461327876	0.274057587251125
0.355526728323673	0.333728583462583
1.31200866225463	0.948463282421974
0.511058772253472	0.450379642969216
0.535874581466689	0.853153058812048
0.926550392613003	1.54525778176019
-0.0663200580111929	0.0790711207725045
0.28080302636901	0.259821216517532
0.192676540468557	0.182410238394758
0.332608160909322	0.348790338419463
0.0545817241424158	0.0537979377601391
-0.0135674500314395	0.0124901462144652
0.252429618130526	0.259569771681107
-0.0190214169156532	0.0142051219346698
-0.0580926642494668	0.0408550659193485
-0.0851742535337984	0.0658081792778892
-0.307117772764769	0.309731629389294
0.439451449084603	0.444470356350909
-1.09973926718003	1.9759548649505
-0.284045495397829	0.261042472427838
-0.226596517356487	0.179101904713301
0.00868877474500245	0.00574904978733187
0.215535560969738	0.156264740926666
-1.42944471822789	1.41596596856545
0.258210748212718	0.133881982216097
0.219495085304725	0.137433838561683
0.487635080545353	0.356194698840289
0.809995025043719	0.757999714039505
1.78397276013023	2.44387449234386
-0.00584804977788699	0.00357952019003444
0.961928506258455	1.14080144929449
1.04631743693257	0.964453795036327
0.713723786617064	0.624751177231439
0.0789410004719599	0.0418205967708184
-0.78688886531382	0.742646930951934
0.398774778670554	0.336839230495281
0.0840193073492979	0.0890984939712923
0.00734684107369567	0.00673253937642855
0.0402389841323935	0.0291530705029686
0.347222751357145	0.421705244627016
0.027220427727308	0.022425486572819
0.265598452676192	0.263834010876515
0.421828086784072	0.422013931283249
0.0514103078135026	0.0393845391145025
-0.421504763454125	0.302769805279847
-0.689225979709002	0.56801426278538
0.362463381706079	0.241627115834751
-0.734988385937426	0.442563867429312
0.382369782457903	0.239504748443752
1.52935927138617	2.19861078908884
0.0366445642361354	0.0257043415457639
0.288227900008012	0.245284030935287
0.132021614217811	0.103851116121676
-0.201166855453605	0.144059723982993
-0.0676758189427788	0.0370135766977008
0.527053396324385	0.261844046300137
1.16001314593359	1.48967432546977
0.21133655712455	0.173324609464093
0.209256412059833	0.137917043007051
0.150233487302829	0.162157561193545
0.0329114614494871	0.0350942129104682
0.562098497098714	0.365439999073108
1.26310236659583	1.22489227151765
1.00279638135634	0.584454537359089
0.994051409057523	0.464591064504225
-1.87700639509382	0.766611359061456
0.248300786800177	0.128684275594484
0.465351964081267	0.252763872218504
1.15434502707168	0.901752607713464
0.490455532159446	0.674397591251152
0.487195687710343	0.601198276861064
-0.206660018127858	0.197817099890018
0.30471042886617	0.326852960760531
0.577943862359978	0.641608472958774
0.0542726541716318	0.0518719465984506
0.28822584609049	0.365376435718151
0.423385363562905	0.562795741576388
0.920347226390765	1.10656924780033
-0.0641816157140727	0.0520069617921617
0.301241526559605	0.340231159983794
0.12165435867848	0.0952490157309233
0.215121814584497	0.182046970386954
0.319334850887	0.242521667766097
0.210686371978768	0.137931730230317
-0.479697383831115	0.272942938780735
0.771457309374895	0.52386477941322
-1.00821164813857	0.737204077284674
0.0883872017855718	0.052354546878022
0.221859493133518	0.140747413857101
0.705522135664606	0.514153410472612
0.129877006981588	0.0980438298146505
0.44322086552043	0.436290326182827
-0.036235629923342	0.0262041398046224
0.115763338213356	0.0792878904061094
-0.112888616741221	0.0858419269901674
0.305574713377368	0.248382817649649
-0.0627209166982376	0.0555071362723338
0.0677645609492131	0.0564720775740414
0.127511679191562	0.105391839578007
0.350184204393047	0.338485796614101
0.571522737619383	0.62555632523898
0.481297946142163	0.351415767895703
1.25160402414562	1.20267864987313
0.373257041952541	0.345771730178779
0.0444200495118139	0.0322231696835564
-0.000155461034552518	0.0000131649764901584
-0.0386413061254506	0.0324106590152894
0.147683346515282	0.152385521734504
0.363141403874923	0.406225651454403
1.5471364393384	1.01532976611528
0.631309995987512	0.386698575001217
0.0684688186544264	0.0337372341899554
-0.128074116053329	0.107220105893079
0.36239152444309	0.241909035976705
0.948368364237265	1.12113946842766
0.937357194438959	1.03381102776818
0.218129152864252	0.144478082763782
0.252260050916486	0.28411319475523
0.655438701712946	0.685414109697368
0.208373341552113	0.189143044033968
0.462609969754026	0.611867030969129
0.374783045640685	0.402751309248291
0.070291094007284	0.0347820191826468
0.531491593203688	0.545963381824112
0.405387618209449	0.34256584690312
0.339632636735586	0.342290652466391
0.657293546062122	0.83919457230761
0.507529342279486	0.768761018470827
0.386757340030351	0.348122159190164
0.194620502438556	0.183856304059283
0.272232909203533	0.274553164661779
0.606378687543676	0.573543254612202
0.160248034845717	0.169725031061308
0.233688394463558	0.313979513001743
-0.00324698686998366	0.00250950080428386
0.0640590060967791	0.0475298059913973
0.293811878675179	0.357267070863413
0.392454665634312	0.428550792619913
0.0997962722940709	0.0631541183769565
-0.011245051475514	0.0106329729227405
0.16614640217715	0.189666699843776
-0.0105216059280521	0.00882453056251343
0.452280392274503	0.595386437440899
0.813159398705323	0.763292296637456
-0.0450078570394293	0.0366161014306935
0.661691497443847	0.847381385644885
0.997103864102831	1.35489166040559
