x	y
0.718709826069354	0.963688990660542
0.44696800370376	0.353676593891806
0.338383906261203	0.248532770601243
0.562415831619114	0.701786729234829
1.01707466129359	1.1899713216351
0.385855113756469	0.346626442930117
0.0396766994312351	0.0277738780822464
0.076606257272706	0.0623313524934048
0.068056470141049	0.0360128045969446
1.19737029588038	0.628695420331882
0.30477163128049	0.255606270141917
0.215969273426644	0.155179129672217
0.200914158829457	0.168639079748011
0.118989653793336	0.172046232200746
0.308592368515862	0.240700978299634
-0.311678235862296	0.207071187745066
-0.134377842301592	0.113657750894137
0.218205710476747	0.138070652609895
0.77483044576861	0.529134830741634
0.524782162843145	0.362474913468292
0.231964853739489	0.127171847066172
0.0228000206818683	0.0153331210720819
0.20662189881965	0.168007869094266
0.107064486769282	0.132643911511185
0.535410802172044	0.60790753432491
0.278158657895418	0.243605673360133
0.451408525089386	0.590934904097562
0.0677318284554984	0.0518954329421061
0.427779473306668	0.430618458233923
0.259632463740713	0.26242712049321
0.030290683996178	0.0253925837720501
0.0551330869612338	0.0798687553889011
0.26476595625293	0.575479915611194
0.27836524514379	0.396286393145023
-0.548724044949471	0.833573801629401
0.520830020391238	0.969514384794999
0.512376209618006	0.537072940635784
0.825392081054855	1.11722957986262
0.207578841610238	0.22607204319
0.120857496217972	0.121769668313883
-0.801323913409589	1.41294799714484
0.108573968439393	0.135122454319816
-0.00742627433641321	0.0107822662166886
0.219332679952229	0.332830585435956
0.492001143973845	0.93477421452687
0.436542593017734	1.03512391590927
0.338229519581544	0.561873500477856
-0.0372835688660641	0.0467260689986249
0.396777192214238	0.764206081171616
0.431354834919098	0.756882418298053
0.546143533591656	1.13506579477061
-0.0757558558660455	0.106262460733502
-0.124902692239653	0.170666394287507
0.293901855636971	0.578112366209224
0.0791789565607619	0.121137443973706
0.466934041096301	0.942755255982568
0.0240223226430457	0.0239952799797206
0.74650878100747	1.36267796536484
-0.0355430166899691	0.029344143229001
0.857639405956559	1.39236113583441
0.257803840552764	0.351897175094091
0.109343599183847	0.111070240967407
0.133804632598689	0.158802256562606
0.487980561092817	0.729776738747237
0.327838027387989	0.447386481676079
0.294698554923183	0.493645574984974
0.0213853752026413	0.0238964133954255
0.45194593670028	0.679225610475273
0.684786734802653	1.41593025253383
0.907478616189965	1.27020082669251
0.394592007326918	0.489218296504574
0.132119207524093	0.106831533944523
0.623096898970753	0.663888994650155
0.343199580688036	0.659147971501438
0.710697721511127	1.76352588909236
0.829048141596266	1.36054388946803
1.15924252871216	1.28304037715127
0.392088011861186	0.427023402558267
0.281816704911492	0.248711844819651
0.726331259855001	1.10626976676189
0.493505773030238	0.678400439301958
0.541741139645019	0.870682271831505
0.628928524774605	0.673680014389547
0.148760258247522	0.133544672784002
0.822536088843926	1.02526095351449
0.59731953403111	0.865390715471327
0.44684544516838	0.496961113578293
0.0895176822673166	0.113067104763329
0.29447227916365	0.375402283110229
0.199094978147602	0.213488366320815
0.369564260802747	0.695921596716634
0.222129959102849	0.370766675847439
-0.018136765838022	0.0231565539402385
0.0745876807195447	0.104283435791584
0.249340194477758	0.359160454886366
0.0402036710561097	0.036023396639137
-0.0575047953850958	0.0463873013546854
0.631300518109124	0.675886827970421
0.454111283879445	0.526430929275873
0.133901408619903	0.108359244313443
0.13057707463946	0.110684131443071
0.0279735593922434	0.0303369637034931
0.118217621572349	0.117249309167416
0.0111572818080812	0.00866108829327555
-0.0500505786235091	0.0355502733022396
-0.096325586076616	0.0650753616546072
0.590475767962934	1.02079922685615
1.08806896249002	2.36062808621377
0.39486934263944	0.490394167196005
0.270979349314602	0.268576298108171
0.258256566346501	0.267347809792669
0.32740542002055	0.316516507691022
0.130678235868169	0.113592268762803
0.563545083037689	0.705392478987718
0.317818092641599	0.345422830120414
0.586259396482878	0.864235239789729
0.202618753250412	0.240538513998674
-0.115348183708142	0.125668960356898
0.200066055204004	0.251132820349624
-0.0781049927107306	0.0746698095985743
0.441890335221621	0.489957472411946
0.296849373038917	0.340536433303067
0.499531316817368	0.621749801411938
0.533136113332986	0.815141902013478
0.248653978262988	0.29975362779881
0.680475851728511	1.06641405088755
0.0323430479978792	0.0272520833431106
1.51701849637018	2.8643931187552
-0.148942902569371	0.124791721991429
-0.0282997978303195	0.0204912032668365
0.325434663022739	0.333610603834044
0.805332801176902	0.940220839757164
0.851492971377204	0.884599139514375
-0.295516004622444	0.246362418977589
0.145265401715198	0.133574162686499
0.201990616747011	0.170618806242902
0.783288027794986	1.0751734057368
-0.24147406391051	0.212677197218818
-0.690985732555408	1.14097842696955
0.214313480615027	0.21464442611193
0.209774118662042	0.196196355762526
0.896683602874955	1.35785957503739
0.475298039813061	0.487739549467863
1.18887703816617	2.90174128119405
0.199882384091938	0.218908490900143
0.288266307338207	0.341488040695014
0.475112783106057	0.686210122267245
0.469224473836291	0.66170191681128
0.864459259018583	1.55156072864455
0.309416196783731	0.327041834146127
0.634728066886487	0.894421665324686
-0.207399512446709	0.203605776581711
-0.0274216451117227	0.0274177378779847
0.49224527176537	0.674946131394758
0.496099545317822	0.763321506028685
0.125511872883226	0.143858562406323
0.203296803687953	0.246645891428219
-0.227067318469054	0.280209131477025
0.420993199130363	0.596774853680306
0.417691026044455	0.579721343962854
0.342589551143701	0.412758518389451
0.679491709265095	1.17252477758395
0.914477077616251	1.91768408740941
0.200280838125049	0.172951608210314
0.344948132991651	0.241584221447946
0.630717315024526	0.584515170968042
0.125711564329754	0.0926115391569838
0.853756929654526	0.880629395385662
0.212165774452081	0.14584870762581
-0.425732149191489	0.305675320643196
0.0882352148649843	0.0526191097729819
-0.0306093853935013	0.0179099638636174
0.506529686708855	0.443631086379301
-0.00356827312834181	0.00208602968770648
0.0377411865910239	0.0311160087310363
0.358244978815222	0.490627872745664
-0.0669704928405118	0.0960017816123456
-0.43068767415009	0.779075811093476
-0.0482294921630683	0.0389512671944898
-0.0132146976299111	0.00790860426276983
0.435661310440186	0.343576418000646
0.869041554241312	0.781849123971619
0.769000962173536	0.642640181145549
0.0849684266934833	0.0524222558016934
0.101222604146377	0.0640680557470669
-0.265799620962247	0.143290591978291
0.100210066094673	0.0623310797651516
-1.35667397789979	1.46043380348309
-0.114591658930867	0.0557747844027163
0.0238979792750094	0.0154103627637689
-0.0912104041907178	0.0616595279554588
-0.426619351375119	0.309636628302078
0.118816650144338	0.0967466096528806
-0.00625959185145299	0.00591838709075707
0.0369483172331231	0.0479835205735497
0.10391499917623	0.102157776278049
0.216242856577588	0.172234030007454
0.516271573214271	0.356253208895783
0.824329497093462	0.658968137731557
1.00426104748652	0.584049937108659
0.28926625987722	0.373441009491584
0.239087240961221	0.310247129965968
0.543384228099372	0.8402746269763
0.109017074857102	0.109611230648307
-0.100125364022168	0.0954446320931273
-0.329190217710282	0.471186933074137
-0.103941462907433	0.106210944610184
0.196664228707609	0.250007842626844
-0.267468197666842	0.372129704909463
-0.135442319527361	0.147744457032657
0.616888177260877	1.30622029819193
0.209299375510736	0.291195729089177
0.416015009213827	0.731367245944961
0.161368413291383	0.175033518655602
-0.371372545796296	0.468911543663976
-0.408554895923094	0.508739256222378
0.517981380247645	0.779273481229494
0.433404692646792	0.631546148952616
-0.0558675104783904	0.0636703153778529
0.210107550671219	0.26793864219559
0.913386518096814	2.00960772054001
0.23701360649426	0.308894717149943
-0.308037178823134	0.477986245628367
-0.145551146476579	0.168172863546417
0.214812169335254	0.310138657528981
-0.301840351271627	0.401540438954448
-0.264389697172795	0.383976804027797
-0.775087383968094	1.62832806220001
-0.0734293890972094	0.099179403540058
0.214308219601086	0.320666327860675
0.693286393028159	1.58437085212976
0.413472725350146	0.688531962827452
0.464920980925033	0.756745160672023
0.114537705011805	0.137226742675643
0.236728416678659	0.393674980396809
0.105912110620284	0.136300921184979
0.595330697661984	1.17922938717337
0.627460801463725	1.10914241143987
-0.133550211826805	0.170773493071036
0.337190830931622	0.502332988175162
-0.0723168105773279	0.0842296342714441
0.0666429055739661	0.0798406098724185
0.0751029240631817	0.0867150090868057
0.0961845701163826	0.108021030135143
0.0986504739100002	0.105197092223298
0.162982934365134	0.230303517572601
0.822996888990489	1.9602793254136
0.115390780981459	0.177359489950375
0.473721121531147	1.03708912351391
-0.0976790838809401	0.137347514915427
0.0943929204528064	0.135458961396884
0.582070194169596	1.41201738178622
0.0863168465974789	0.126059743544859
0.0711705136133709	0.0915845654960441
0.177592975982127	0.288458161966669
-0.0776961700928702	0.101934383314945
0.275244242899695	0.405252103776777
0.281007198674528	0.382386938481482
0.066749649603087	0.0647910465415446
0.492430042265463	1.20533256061723
0.264938045585151	0.464081522906145
0.00282599444857666	0.0035604041693223
0.418409283717336	0.805381709238297
0.128605530614215	0.184507170148883
0.241273471928409	0.352265292004726
0.258157731494856	0.455392992371172
-0.00137405846781499	0.00169793789085318
0.730709151738123	2.23531391618811
0.113180880602839	0.154693162993867
0.583735589548712	1.16461080736712
-0.00661076675859487	0.00623127127558645
0.272223953169614	0.492501454430221
0.496626552456903	1.01708597965525
-0.0402587045699668	0.0465402771341644
0.0966981678475901	0.12546548112798
0.286374601752314	0.36771628257955
0.571708613054147	1.14545352614426
0.303110202676596	0.536673305175561
0.0191241579899234	0.024265444713091
-0.133809423467372	0.19163726757911
0.0948200875200007	0.110871569898903
0.653475958286678	1.21476159656291
0.566952381976322	0.998855828938929
0.534118367473711	1.04609646133764
0.254914274786177	0.456397975259719
0.36509782827902	0.539562725510882
0.437323019075301	0.570212722581694
0.375220850374068	0.514664940629869
0.522803259633674	0.747879494224513
-0.0544947043321005	0.0538924142314475
0.535451411930004	0.710214506482651
0.479147654614081	0.751511771887886
0.579456938275907	0.968200607651059
0.241588037197882	0.329417370993026
0.279665419465835	0.370892111563932
0.639538879449724	1.28702536236528
0.516153091124582	0.918869450488975
0.143231031696159	0.174598074459947
0.485690151154716	0.832507205208355
0.912229958189749	1.85804021599443
0.561527182963097	0.783438932009607
-0.0976732065241367	0.0846938899074068
0.384180753814178	0.412625480578685
-0.116760687072124	0.12424085592913
-0.579342383991894	0.902252826436916
0.544790297475276	0.772214112830912
0.421363867690342	0.574993107844013
0.247793473740805	0.296325735020804
0.364396941698463	0.580155720481441
-0.0277176466937027	0.0204580081415133
0.43596081932661	0.346317838625306
0.120421639962266	0.0853393999851409
0.81503543486384	0.763774371385145
1.1956447125991	0.625644787241937
0.218229618506328	0.151365157565912
0.390186198147158	0.338986281507173
-0.557009803503669	0.478616229461716
1.39234173577582	2.23864093350426
0.214708518807021	0.191398998008684
0.495825069703677	0.530599750195213
0.869790082270127	0.788319571305348
0.746294891404649	1.06765191948118
1.16852410694844	0.764582564829992
0.98338732932609	0.366366127152252
0.755276977321576	0.307352999453228
0.46511648404163	0.163376575467926
1.50454401071683	0.731144176225521
-0.590176044829628	0.226966774681667
1.27266608291252	0.541620945895909
-2.34918452561817	1.20037426615156
-0.212688708202504	0.0763883814424053
0.0706185714748026	0.0347089484943033
0.466984739216749	0.604031396563865
0.980775883816089	0.36599399400451
0.464584360784015	0.252598123292731
-1.04057788857677	0.63359181289496
0.619145961661694	0.191350879359355
0.749576577151895	0.298654785964545
0.977899804058601	0.358970935388093
0.0902280582534896	0.0291264956694324
-0.493647121207129	0.282154461664954
0.0701906872219558	0.0287159246247454
0.871846678976046	0.549646199307698
-0.223752800714211	0.0812829805687992
0.276616433842932	0.131989555007325
0.40550961577497	0.504828173015608
1.50257392843275	1.4973239020557
0.458292599189748	0.438250287708002
0.497205641072171	0.524443527878676
0.464429236846016	0.16346936705331
0.618542868355922	0.276767799965094
0.0737515802708239	0.0270547915778787
0.463260044749614	0.251174003685453
0.755956139536254	0.307978960718352
1.88799687142286	1.12955651075173
2.67177965068419	1.56781653453919
1.50522191225853	0.730516957592047
0.987883883622542	0.461985570770376
1.42204391977515	0.460518488476826
0.36558191273116	0.34400946164181
0.630994862081855	0.381735278350972
0.768528522312903	0.521662708868859
0.712233495351502	0.398499118394871
-1.13490746294672	0.907963742182277
0.278562885965654	0.130504239873985
-0.638944530069775	0.156134678840522
0.464441756715815	0.253125728291825
1.19854254809884	0.623962764515834
0.828816599181882	0.425760890793392
-0.646750530527448	0.15507395175079
0.0826706971115408	0.0468251712490078
0.333960739687775	0.244912552406291
-0.0273455862331505	0.0199493397264537
0.140588444556561	0.121910834345348
0.0768702787110517	0.0313755593060014
-0.394294618676115	0.181666112847407
0.701023495392541	0.382436942438412
0.802746448521288	0.847595125754735
0.318507521854703	0.24047959318053
0.4732727115202	0.444637993988116
0.571401743313352	0.371460465638813
0.694075577022214	0.496841404195579
-1.40087208902479	0.870628936889084
-0.838074275115695	0.372519564044159
0.45299328143646	0.239508874907033
0.525421214488514	0.260651582132445
0.827842011676406	0.429370920090642
2.30302404970936	1.11368603968036
1.89266683364384	1.14492945018487
0.791295581923413	1.19245607321483
0.418979707755651	0.246612872221478
0.62326313623548	0.195382080165285
0.301347837127926	0.33730105277509
0.475581577343179	0.51329424674186
1.24070070602486	1.45973606597135
-0.342197456986523	0.284186309755908
0.296555648806285	0.247628799157153
0.224211733510296	0.131776901540863
0.974956297541286	0.94582641964385
0.323557951657803	0.244477512581551
0.209295106791404	0.149753283786103
-0.0943292675771522	0.063564199176408
-0.0334313747906512	0.0242744137369789
0.486255874281557	0.356153512305591
0.204174596926986	0.171803742398567
0.0707052683301295	0.0562565391899248
0.602366563277694	0.802846632926275
0.830860819046156	1.04742661068945
0.298327113962797	0.238666384161278
0.122238618369975	0.0957779648153283
0.423523581162694	0.248387323195752
0.479905243477593	0.517313737857841
0.179829246463015	0.169865275961306
0.596169397256435	0.721837861864343
-0.293348518856893	0.271598649383273
0.273182160439292	0.259098363518806
0.0271451923776282	0.0175929520731995
-0.162560882009683	0.101872977698532
-0.413894517766167	0.251183258780403
0.0241492826126172	0.0163303986195018
0.214058036745918	0.141555982790186
0.0802639710781367	0.0448866021014534
0.109698186122197	0.0750779346098426
0.210950793270404	0.26159743153874
0.207639183912829	0.220626708322195
0.0978029994018644	0.0636761669877927
1.0134398112958	1.46725013511759
0.802662452568794	0.853344141063082
0.654044445368026	0.498177453196962
0.769490232819529	1.33476864187348
-0.484495641115538	0.835533035191022
-0.0741088058606501	0.0647556785971237
0.384811146835151	0.423361820814978
0.620627970032573	0.657923079145923
0.38400514619229	0.40191384401012
0.548967611300678	0.550505510802852
0.394366559472345	0.344322263067213
0.204855638621084	0.158286746540092
0.117675200452988	0.0836880209921811
-0.976199759793145	0.899728829608533
0.797874646120537	0.83962954680823
0.210538205238301	0.177816878057105
-0.579045155678098	0.616800480001442
0.196553795425256	0.189468865249466
0.269003516307374	0.250622411735092
0.21084033962054	0.156919547502
0.461255741062433	0.524043522227536
0.529879003537833	0.55242284676514
0.498185760615198	0.455043560605889
1.1761589324433	2.00933022950201
0.136929900936634	0.11679728100921
0.19557002898684	0.188582015716233
0.00766120492190138	0.00599770374445291
-0.182324666926068	0.132638627110427
0.726425429435802	0.717292160639356
0.687023647035027	0.696082289760533
0.111396418763462	0.076501052430471
-0.140017090702974	0.105740648814028
-0.370532709156522	0.275676345191838
0.124390733966867	0.0914000383645588
0.463431289091307	0.429115951345054
0.631183502496585	0.663099967224563
0.197921015586762	0.187219516842512
0.555032395392329	0.707564786963978
0.511718975220908	0.697826603091779
0.138572352775421	0.129331232394754
0.573879955027106	0.818992260425864
1.15299298307985	1.37215652651879
1.25748870912986	2.43022036903152
0.143589342218358	0.125681389677076
0.278931138383892	0.742315884245525
0.153919783704213	0.270060935490851
0.103794283009568	0.205167902116159
0.521743130151405	1.01249517851413
0.295721097639373	0.244450461260513
0.700712742719446	0.506704466412305
-0.83581080358646	0.368764775685382
0.626384435821733	0.384884135483078
-0.0902826262614371	0.0461939506173172
0.0729331171696355	0.0328721706062258
-0.492322749765156	0.28345689535495
0.375371937183409	0.146537881804372
-0.46841372657181	0.199132057531372
-0.336449610156325	0.169250594176826
1.68271929597084	1.56601177594138
0.0747536976856021	0.0335707100600149
0.366162463270386	0.243221947802223
-0.79215446481071	0.86616035093998
-0.300059751230693	0.344840610791539
-0.149840639448238	0.110301129034289
0.519185505667981	0.36304345220768
0.321444206171853	0.139160939525151
-0.569777051319037	0.303656403782352
0.619933470724117	0.277329274989421
0.460586897331654	0.248092933767552
0.211012845245744	0.151862205063707
0.396077630788854	0.345880518050174
-0.714642250739786	0.697003493963459
0.115492620508633	0.0761996093431131
0.299271395937463	0.241946005739622
-1.34783394984159	0.619225327990964
0.0682915147094905	0.0279878517007784
0.0610187912910109	0.024971556496668
0.101786250320483	0.0296355349486725
-0.739800809783041	0.440268616840447
2.06065694818366	0.902556246962296
0.0665845789680931	0.0302349809833629
0.705342331364002	0.39372441752214
0.274503782366361	0.130363254249129
0.901883116793361	0.905432777236882
0.273770481524023	0.129853082519751
-0.196206288237483	0.190196653052075
0.375589671861569	0.631227867556139
-0.0640973466289267	0.0448618064002569
-0.160071528124058	0.16760569088591
0.847900195882212	1.20734062428657
0.28215614010652	0.134284126729096
1.81567156259158	1.44957061806336
0.36979145085905	0.144079676335978
0.37596162622812	0.145864273453833
0.474805798645882	1.24375096210243
0.457528511435225	1.07769282534651
0.257423461292634	0.557129191992959
0.139458596732202	0.235024408470255
0.0440942282216229	0.071459233242395
0.316792712066961	0.786847836691314
0.00426938091274882	0.00456515174159353
0.104461360302655	0.102207113972013
0.952128074794368	1.12698841200733
1.45070814733129	1.61095593605791
-0.268416910182794	0.183165765861673
0.863297677947109	0.530733874157258
-0.0743779513848463	0.0401223284193555
-1.05470133787511	1.02185759716218
0.0696742174800306	0.0287057071302054
-0.0155435889504941	0.00922856457787777
-0.267958476007838	0.18123825968057
0.846672698302793	0.86569408436399
0.415547571524243	0.337729802062518
0.462693286768217	0.351309114228547
0.685750483928551	0.701891763269956
0.340456628331482	0.345018323557414
0.321901593287713	0.337456543999906
1.64727597152821	2.51956864719261
0.214814416905429	0.142521048166558
0.0699280747811607	0.0370078470414125
1.49732547236161	1.9124557836853
0.516275725402061	0.701240892527969
0.688382685199897	0.861602971268546
0.430675319988362	0.415597371479337
0.566173312295683	0.471166374767885
0.0400215442000636	0.0285038943005425
0.507825643267938	0.530021821781367
0.710599047435994	0.615917651400646
-0.592633337644567	0.450555180933179
1.00488607005957	0.583690024582868
0.566400107011752	0.466949091118822
-0.274136771582205	0.150289612668804
0.0750021207589817	0.0368137932746595
0.487233668459148	0.35520611796021
0.447560997033367	0.356200398771707
0.229231951243641	0.13729772169348
-0.105129274855295	0.0691738037015739
0.121558692204317	0.0835454131354693
-0.202405540201469	0.177765573354016
-0.0225817326024979	0.0209880013557215
0.125216637543021	0.10079495439632
0.237607052762983	0.253968998818858
0.606643174566474	0.656929343738995
0.671251685516029	0.607733356880341
0.0581855935732367	0.0436602982122384
0.0852261137896155	0.0477406591469653
0.0722127118117577	0.0356351750683132
0.529354737718704	0.369500529604143
0.488926792323118	1.0529139297322
0.187598068633582	0.277845614512381
0.490296218077436	1.26370980601015
0.176653681957495	0.246187230419814
0.915464898650717	1.2937315786141
0.38959606550614	0.244310531423301
1.13818862056074	1.00709187684308
-0.423152602785215	0.303938738482967
0.877453366813338	0.534858573856106
-0.27509467480527	0.147644098910828
0.081047774768206	0.0290840496674167
-0.472077303200926	0.199646903496066
0.707963536737097	0.604116240603285
-0.31753980459941	0.15811633714714
0.0735319248615249	0.0271371945758418
-0.983817392769034	0.813877419945
-0.116061836056295	0.0565318577116739
0.0236439557651715	0.0159514486552729
0.109037619155451	0.0989181308324977
-0.4250516599662	0.259654342745354
-0.149747564036021	0.065896333790612
0.233832408718203	0.13078153037674
0.829337475039409	0.423774854954937
0.319579645376286	0.340595253964069
1.0167779053947	1.1872648054054
0.715941509645795	0.621347832213602
0.208364349562115	0.16582485774708
0.408282582278644	0.340531363248166
0.463483854299277	0.162356812948838
-1.2341566279886	0.684799074504268
-0.590176044829628	0.226966774681667
0.0684739445697538	0.0307844449776122
-0.865336230430292	0.473757149048074
-0.166634498128562	0.0673004322031903
-0.145502174490237	0.0646360346251464
-0.114815193748802	0.0553737606142161
-0.275789779096136	0.151416853137357
0.362307688856536	0.241348420777391
0.0669661557972665	0.0353586851152747
-0.302245264580852	0.326849478459039
0.429361491538221	0.586689895724941
0.199528867967199	0.181047628457328
-0.183675829302297	0.17508469571467
0.833055529100946	1.12748097473876
0.938045508315841	0.812815251653095
0.598935512199372	0.475969866172677
-0.362599659038781	0.233292968100521
0.321341047986327	0.137987569525558
0.340947401637792	0.702203284400942
0.297588092426175	0.619459960617628
0.169793886080116	0.322777015862144
0.187851262310195	0.321059391015115
0.0325287055892635	0.0371441953277928
0.076719768222034	0.0897793004278231
0.667826568829674	1.06691238503524
0.0626704116752572	0.0483290900539856
-0.473073167981786	0.481708315295775
0.464977013174936	0.352342712202746
-0.118079325098064	0.0780755389618905
0.678103663524963	0.608365829401782
1.05863228207215	0.99299190503786
0.218952619352251	0.1588059705486
0.100973222453167	0.0639265425002303
0.523529341996087	0.365682952928384
0.488256248140572	0.514419277312874
0.794284370768333	0.911272929823308
-0.167228910834568	0.153911919896543
0.203997373539855	0.199655273338269
0.141115602155811	0.139609711656903
-0.320994058559786	0.315831697693194
0.505125610496206	0.52432026111372
0.540955185107879	0.467900089742056
0.309164563605997	0.241799282710565
0.393319076642031	0.342465779495165
-0.0602009982407777	0.0326908617310924
1.39288027996403	1.83199703711198
0.339381043653415	0.246651979641808
0.397167832408574	0.349028836005825
1.07026787562727	1.25939630547853
0.903875476170305	1.09283526147452
-0.0173493973175262	0.0103650603850408
0.101741293914632	0.0667870459497496
-0.147772641588487	0.111184348413367
-0.520196803677253	0.40773590328223
0.291507342956039	0.248271967119531
0.565505187124509	0.710121373549167
0.53362867964389	0.707599519354251
-0.211745580837976	0.187821246522266
0.109541295427065	0.108252452702432
-0.732298818646244	1.17197872950711
1.95131302705097	2.58737046772611
0.332901430600794	0.227784590261773
0.446610279193746	0.517218870969016
0.441380327666999	0.349955891437149
0.460647795195831	1.22377655932129
0.145136112346518	0.247890306315475
0.615283905722528	1.77744320855232
0.43853641304124	1.20347840082165
0.154878498519353	0.281643558113853
0.249646335953788	0.412727429549908
0.221097398391259	0.391083753419384
0.297868223745665	0.447410204749059
-0.0749646423258299	0.0952734405037639
-0.0602975475881368	0.0483006341838805
-0.473017967656818	0.485059912377214
-0.247078011609944	0.172280236042528
-0.0489846687903857	0.034834875710381
-0.863045126593061	1.00055652259104
0.400727970418649	0.430900997231387
0.351162951800398	0.24449252880919
0.763198537043514	0.908835557183034
0.137781145875858	0.111423782427726
0.12991738059406	0.105141563015435
0.476745911953904	0.445964441583998
0.275779256275163	0.262626645719265
-0.00343358274862752	0.00264491205083397
-0.0297030524927434	0.0271879127607872
-0.132994356009497	0.112269656134299
0.514942254618	0.539161829249737
0.927066275999647	1.38101414406798
0.551877418311404	0.767732708848389
1.15214830922542	1.48572693510246
0.786426663829015	1.40330200736756
0.82998381620894	1.2705807495979
0.621759104285651	0.897698303556379
0.213873757054862	0.185429063912387
0.460812324229538	0.519876341530363
-0.0771582395702412	0.0617705897804932
0.7226197654371	1.03327762434273
0.521387836855338	0.461956895546642
-0.947759213762352	0.951121399471826
-0.0947276102756291	0.0634640478056314
-0.00365485908289858	0.00213392842109151
-0.507918570133619	0.510252593870714
0.629465780258085	0.577533030565559
0.610836218166336	0.484456170565583
0.401225951233583	0.340794525604832
-0.228733198334553	0.1590923574238
-0.250267902543525	0.237463055177339
0.203925960267454	0.181525041305705
0.424137285651485	0.504138798748059
0.495372222303129	0.671832127625212
-0.128407394922942	0.108336749221905
0.0248576932392581	0.022364473894599
0.739398990944883	1.21450597534186
-1.13896697978567	1.40868978843644
-0.193059753549327	0.157791308727834
0.536977989203672	0.617569514212297
0.277016679639349	0.250291866994091
0.450592442428695	0.990555307216802
0.118059150848075	0.192522972280519
0.0145758853518317	0.020792895537102
0.16076960250226	0.278252725992209
0.612921865847826	1.88538792489918
0.320652888868622	0.549816644046295
0.127234271554795	0.187924324843965
0.233348000816667	0.450835378142854
0.358963483237316	0.512506414213631
0.160375487666052	0.211036114736402
0.131191976809417	0.154646183135008
-0.0761270120430058	0.073323119636587
1.09313528489194	1.4427565835333
-0.0491119512737543	0.0279338117896692
0.342422662987774	0.235568987614683
0.601715890851213	0.481208915430047
0.488583982494562	0.354409516911
-0.557818982637997	0.467306797830037
0.0734435186517111	0.0386956966320603
0.100601607004749	0.0630970758625553
-0.0741599665733197	0.0507703904799389
0.116779779346383	0.0801904146919511
-0.13521324461685	0.0871441725009185
0.117160368678451	0.0877641931226424
0.204276665136419	0.162775285094614
-0.0267164672522662	0.0193772136200445
0.530336135598225	0.545140037087038
0.117365173942548	0.0884908415736639
0.630480865883855	0.674526711574928
0.519872294619861	0.458636572482999
0.327979181795885	0.247454113260734
0.46398879654917	0.524605596648445
0.827792410211257	1.03124413442006
0.886679116231477	1.41956141903145
0.400380204021127	0.497875883590076
0.321259168378214	0.345473896440012
0.136234712752905	0.116379574555347
0.140898199857435	0.119872533648873
0.294953207858126	0.250904483247032
0.0535218089108343	0.039836301837879
-0.407104147917828	0.391502741199484
-0.551397077508927	0.474485762416043
0.437255722448413	0.347321683916481
-0.586259409556372	0.447478651322524
-0.278501587752701	0.152597404383723
-0.0833180908619379	0.055652881449618
-1.09728023008751	1.21961622035604
-1.06203260745441	0.532100418773592
-1.35328892674321	1.62414727257577
0.209407637353206	0.162192429311724
0.313546668096572	0.247468910218073
-0.665750383452304	0.696113591656793
0.208748886414673	0.156618957343193
0.0819385213040796	0.0688623687845403
0.240187911493087	0.252301896820607
0.372462364378388	0.419637396271861
-0.207572148591184	0.215446856139344
0.153040543094446	0.157632933272588
0.310129912304915	0.24018414027525
0.083666946030365	0.0495784587776235
0.378974562234084	0.327167321510287
0.209329471250975	0.144754247791412
1.44801423306977	1.15436868547081
0.266999202389592	0.546633038266591
0.138522096477461	0.25008995444169
0.591829179792378	1.19365437818042
0.182118019334196	0.312055842395888
0.255370255915554	0.458536738591078
0.482025656031162	0.730743052202426
0.343873430578856	0.552969841343158
0.25728067030817	0.310193175372557
0.155230110850114	0.207268213378157
0.146600906180717	0.175185854761638
0.0894045361598415	0.0952789004147184
0.0371875233294127	0.0258899241015115
0.366211356695237	0.325101114782101
0.444950612902958	0.433489526817669
0.108199802579149	0.0735485933205068
-0.0486349633023311	0.0273628941722734
1.25184178455689	1.20853803554988
0.437744242322308	0.348219777828855
0.0933241766195992	0.0557927086896894
0.222053774810831	0.131540084549881
-0.867346309971465	0.877739201306746
0.955156871591245	1.13649391494493
0.114780407198208	0.0813534253444722
0.000249008827419547	0.0000573099305798592
-0.299352382102067	0.279788747565109
-0.118809412798911	0.101935330695192
0.538783526483499	0.458386246857548
0.68971908765234	0.706143271014449
1.25810273042493	1.21530389429576
0.214750918792896	0.154547118582704
0.423857471893702	0.42610810536511
0.507455978068472	0.667484358516858
0.786920824506402	0.996645636687019
0.130035570628291	0.102330751919007
-0.414730178294759	0.423061686243655
-0.530492466138946	0.499199784968881
0.648110474828406	0.496090087413548
0.415028374736168	0.350601537405066
-0.28351159026073	0.154484867177596
-0.310693903004543	0.206135069601406
0.601025144343537	0.482290706067191
0.0923715832114479	0.057734705690088
0.215876724136304	0.166927244868941
0.339292831456449	0.234714397332046
-0.863157228801697	0.936172763004901
-0.438534329793855	0.483947914644335
-0.308810223542688	0.352116526173087
0.0819913074730603	0.0836091293044524
-0.656010863393744	0.796557724947026
0.44105588223382	0.577471183339356
-0.199544292616852	0.193466692741
-0.112089780861577	0.0854285847810846
-0.133496992051841	0.0849514873207982
0.341003574102008	0.346440066853125
0.360098522290195	0.238147506162313
0.915792684307388	0.687019490520156
1.13838898951834	1.01103586663752
0.0118663527190551	0.0190356885037455
0.421000862723467	0.977076695541285
0.183107143597628	0.416828537119214
0.142373031978858	0.295132451596249
0.511182279640805	1.05550276346411
0.286928516428081	0.557088505622406
0.129938474825821	0.170953191683503
-0.702231280879061	1.5899882302857
1.00343682942541	0.579398444773299
0.327447408776498	0.247501644561073
1.01180920399383	1.18412656984722
1.08782648603076	1.3128057486331
1.17189921945011	0.767339234571801
0.320119264114808	0.138570079246603
-0.170616932369269	0.0684860453363767
-1.92120188735926	1.19865927022479
0.527574928974895	0.262349106622475
1.38602416983423	0.827408068616722
0.627462761573064	0.2765468962414
0.98394802826387	0.363984610542907
-0.0868615344182314	0.0448053867704557
0.708870761878534	0.400396446756914
0.0816175952502967	0.0266475064433073
-0.966497317566785	0.890441378926262
-0.0254619188357971	0.0148511639825407
-0.176735824371285	0.161691396182254
0.336980695348718	0.244091240923829
0.909870190186679	0.685950641026351
1.37985340594875	0.820618144321973
1.20299045490496	0.641888668435994
1.14416231585338	1.02283193470188
0.223329805952411	0.147691227374856
2.45645431210324	2.11050045948957
0.374104522892199	0.146250600873722
-0.869630403180134	0.47886276195956
-0.539743997442855	0.353756571427747
-2.34418774749678	1.19530021563824
-0.591948751244404	0.227812106984222
0.86665761882332	0.532748001458525
-0.387678621621037	0.112733540232719
-0.477108729492943	0.201305629272082
-0.200857336230073	0.1411699195372
-0.321538202799306	0.212702413844274
-0.00210442994355783	0.00166069010235183
-0.0472689450394944	0.0540426787093272
-0.140388788732915	0.106014590418542
-0.644713362381009	0.987412305732864
0.112522842138161	0.0792275745294054
-1.05479511339037	0.517894189674932
1.26548451956171	0.542796260351392
-0.985486902908528	0.801385066232598
0.0854418214274984	0.0280370357838024
-2.13772261732107	0.979833957967466
0.0819724814771635	0.0270734904071074
1.68346465341631	1.22478158238977
0.0102844281683892	0.0144553163721729
0.143218209110148	0.202382804443525
-0.496159681824963	1.09911615432853
-0.0625142101168958	0.0905261331781309
-0.191788890977086	0.342078071981183
0.277614704352854	0.490162722807423
-0.201384848083656	0.275007267263314
-0.904126715913705	1.15140629100374
0.385353426172182	0.420654424734155
0.678597461197544	1.15093669242967
0.707543568810499	0.598431134285245
0.11015582464638	0.0755437687765953
-0.416682455244882	0.253612198410023
-0.425090552459031	0.258175654511494
1.00343682942541	0.579398444773299
0.599312481432201	0.570819025473516
-0.133949307942565	0.0858593848809209
-0.0108041103116096	0.00650553595162367
0.620374697211211	0.375256428127634
0.330119651637519	0.241135136309417
-0.692890728002909	0.567024812033105
0.269892229083497	0.233852119907293
0.0411673205836417	0.0298543301865975
0.513244486299345	0.593978799378711
0.474784544980707	0.44232039486778
0.700712742719446	0.506704466412305
0.873241577579785	0.55574089297061
-1.31241054553399	0.979453793139501
-1.17962151729742	0.809168032416399
-0.14076567836885	0.0891927394967427
-0.679884345315268	0.555068336016066
0.770643488038185	0.523101747362045
-0.125795457517117	0.0957463974115997
-0.23898239395662	0.188313844041592
0.480115599777972	0.347337935559599
-0.249202946860822	0.21415107667547
0.325819263607657	0.351522217961687
-0.0281622863524986	0.0203752129311513
-0.550981657935365	0.624065784146916
-0.0635844406640799	0.0513030618023438
0.57399283058858	0.473301992006023
-0.370160750997118	0.273993747927933
0.0404471855218381	0.0299201536459553
0.905179213224545	0.678523546293879
0.770440685465074	0.527569897318593
0.0814698058450581	0.0297201065494036
0.244059313230689	0.315669537130329
0.272643827468833	0.386953326991133
0.179909732249398	0.306719435674675
0.298415123338827	0.571069211288634
-0.286343775804828	0.531970456977782
0.234507427804254	0.30564997876044
0.142625952172014	0.134616961414953
0.390190504202355	0.524185410682392
0.142994751541516	0.148941094225336
0.986140923626325	1.60064203854234
1.07724561552058	1.2230770909005
0.644559472036552	0.486994733328329
0.219492193315699	0.145584818557552
-0.77855044844437	0.785568746521153
0.485306884201463	0.355318214720004
0.0937086349981437	0.0529615127426923
-0.0485246084914961	0.0274857859178742
0.424783175584506	0.350919997711464
0.206209040796997	0.152693071808867
-1.00917617259984	1.13807359059574
0.402502466878924	0.33925929921562
-0.655747446634352	0.677606403447481
-0.673637503777292	0.706108271310031
0.30460860016072	0.245881894555719
0.2091501516924	0.150824246542358
0.456900643274776	0.343885325256413
0.484400579826181	0.348800664083508
0.0881563689410981	0.0500396687069357
0.218779873202308	0.128907894173977
0.112946513633023	0.0729145752994035
0.775245363906906	0.527519866995808
0.0948658142938023	0.0593031267430418
-0.0920406165645006	0.0473971269483379
0.295535762154761	0.245302157900161
0.280458372725441	0.247582347372951
-0.0663015394453186	0.0464604942217149
-0.0119143184027677	0.00883962253848959
0.371755710820423	0.348767828355673
0.834826945778498	1.19268506807794
0.361515408872306	0.347208666933272
0.681723333821458	0.855603206974415
1.02225525430454	1.27846319208651
-0.87445683788467	0.751772969952126
-1.13869665517681	1.19675217152467
-0.67459107346333	0.494639318460541
0.071467222981576	0.0376970634019149
0.0747427477652866	0.0392953125596843
0.129046390476029	0.175957414833887
-0.0490550134144997	0.0647309518779606
0.232842439000837	0.350447547003951
-0.312555641600683	0.473968606182094
0.564484904953677	0.465654099735514
0.465561187465397	0.43126626057947
0.20655880667092	0.299269227086704
0.289039592006339	0.575640824504158
0.529070615913821	1.05332099321331
-0.0154519100970661	0.0129572076117544
0.62296926515137	0.379451670515644
-0.0366438621553256	0.020749208921168
-0.118411079900564	0.0572139302415536
0.830891393522609	0.660974326579453
0.0639728340230533	0.026277553793259
0.282887432141073	0.134720087219957
0.274470479529623	0.129725515623597
0.852525530981375	0.883000198933946
-0.327858240643487	0.167212633421249
-0.13905259928764	0.0616361464682869
1.14537613605603	1.03391628543676
0.472097740461765	0.507982027498443
0.602606548879382	0.722774391517982
0.772186957365706	0.749665796976597
0.379961782081192	0.238402548427861
0.344784908814369	0.240670567706088
0.5219952808147	0.255010572988487
1.19537386397472	0.632566622139147
0.0738804896998586	0.0392633491970691
0.462335675681986	0.249553227480417
-0.680968673530225	0.332069052227357
2.67244992170067	1.56408994147428
0.938995717961831	0.80310726187223
0.14562662673945	0.136666315171555
0.164399538545087	0.206927486426799
0.339739754045054	0.322405297309134
-0.119568642331355	0.114245336045746
0.110611599927641	0.0782831682842698
0.0678206473220421	0.0336070037204783
-0.578686952238949	0.306699359516802
0.671526253034407	0.606219570009154
-0.139788443527775	0.062038797135957
0.463629307286172	0.162104107938766
-1.86996773031939	0.769222955735338
1.20368513575766	0.642741413337426
0.38983749072714	0.952238845473412
0.325549425298941	0.575343790950873
0.066574514424185	0.0930611139111287
-0.294790946251391	0.536906560687713
-0.236115512409944	0.390629891984955
0.584152436566487	1.14770107995475
0.385751048300553	0.430627778832031
0.603548978804504	1.19804118098915
0.362326038574833	0.592822154044697
0.193986731677416	0.2427485138037
0.32731229234213	0.474583773575066
0.0131484400897702	0.0128329111305123
0.214270750613263	0.252619193033233
0.214403313133647	0.149382135506075
1.2357274289102	1.56278207351425
0.296983918218958	0.239201235192376
0.0707845749834831	0.035062789019318
0.0818688609533964	0.0395747106431788
-0.312019809095032	0.206758399495297
0.225608116097795	0.13411129236914
0.221859493133518	0.140747413857101
1.02966703848066	0.855866335714638
0.440463518262835	0.351914485794358
-0.0678825426773752	0.0369016272315866
0.211241274008791	0.16328354260968
0.2030902771692	0.171346513513392
0.270704447427742	0.240328334295644
-0.463698666906571	0.368863325930102
0.906451818240448	0.908267414462805
0.208827751877239	0.15036484821573
0.395398416926325	0.345558992792064
0.492979392907854	0.524640416218595
0.511573764793893	0.454167518877848
-1.27296415161603	1.29698130139108
0.817213561880199	0.763157318331298
0.818964872064971	0.768053597593197
-0.327761069331608	0.164975815933031
1.39030312016494	1.2853375567096
0.222033041537384	0.130840632753786
1.03392677212371	0.859158220006754
-0.483257760038764	0.276855026907347
0.212124743424959	0.14689120813787
0.371482969216332	0.341125800786679
0.472128255678943	0.52743589638028
0.679424149831992	0.849299241490758
0.493508344844864	0.363194512543084
-0.940574586150984	1.01040092191583
1.44368659700668	1.15322948393376
1.54203146116425	1.01037609913389
1.55210688252635	1.01552673218861
0.24566010439822	0.491345092077005
0.131455411581715	0.208243710158298
0.184875321850048	0.313703020116214
0.0130472223291783	0.0162972466913414
-0.0742537606930142	0.0940283097570194
0.177870217656882	0.238216161639464
1.21170549032276	2.73897469214025
0.966660058151549	2.13048721344679
0.561756068204585	1.12572061768932
0.301860010700422	0.458694329593906
0.368708591668758	0.495868132500605
0.663993979261036	1.16233294290782
0.45041300255257	0.711569308118788
0.10539350792719	0.0721588713537438
0.323204664208038	0.244988979331476
0.75780694734735	0.629599325529651
-1.42295823916431	1.78449030908719
0.322769626346159	0.13883695766874
-1.52423860998038	1.74820677831631
-0.142638786253555	0.0638144711819559
0.256731995394712	0.132856001459448
0.344620593293249	0.237200685604419
-1.24752473853127	1.07912289735038
0.21269393265646	0.163675648877863
-0.0592739347768202	0.0415953988174302
-0.199522122158605	0.12091109871244
0.199213451714951	0.157244408888965
0.108591930117975	0.0744228474933493
0.21792640359574	0.143009666602587
0.633489504004105	0.751535807174133
0.453012425077419	0.52010917642121
-0.197831836726624	0.176478162872187
0.487023696625761	0.44374407612526
0.125939264566375	0.100063404891282
0.207855068040468	0.16642148127649
0.0126667591284543	0.00975969220693644
0.20959479440891	0.157379562192554
1.21884388529317	1.75418035545822
0.0568034271883488	0.0425697681506826
-0.420954571393931	0.305241049287931
-0.198124127302358	0.118527190250985
0.0683036061762173	0.0335633776769845
-0.775379465929406	0.621184233826681
0.61015321371356	0.489192481572126
0.0643529489709353	0.0288341966621214
0.102006525910339	0.0669257711449839
0.28283650364395	0.134011655521297
0.651075015756664	0.760561794651183
-0.0901876001309154	0.0466335321398931
0.115876258382563	0.0822331730001783
0.0885093465023983	0.13870972658502
0.257721319788033	0.386635554130912
-0.000787075639424152	0.000787136552895142
0.168583082907788	0.302391198143629
0.0754477196971832	0.0402739012400423
-0.726813139156656	0.430093880903285
0.863155436129741	0.535463098681234
-1.53885150961707	1.33633817369392
0.992749057136318	0.464348055701468
0.0776100857434569	0.0347046978485506
-0.595363360187943	0.446520945129199
0.996476567092237	0.470257234277615
0.234100451372755	0.130269694685475
0.314222288903483	0.246297073841445
-0.114784546375706	0.107287022565281
-1.16651015288093	1.59474825131099
-0.881547709603094	0.586114431915206
0.364795652870084	0.140096442696446
0.616595707063413	0.277849789266075
1.44593321430685	1.15681229187571
1.19933412486648	0.636333257228447
0.324836231700051	0.515085691436859
0.53150075740579	0.866167459193156
-0.187648948182546	0.199030513550829
-0.46720477445057	0.367588339052824
-0.871832769734916	0.815222804292694
0.0899631152865692	0.0535949924178325
-0.547402603980029	0.362751547363411
-0.787094475238113	0.80729689379386
0.254459661156962	0.132210742564363
0.280098477351241	0.13305573633033
0.0646234132163483	0.0264842326958168
-0.277102059087423	0.152492430439563
-0.386519584010834	0.111699409222297
-1.7535894722226	0.991838254597268
0.0779747858594981	0.0255358514072203
0.694293584491043	0.777943671349058
0.723309697943161	1.04810406513308
0.353206366499069	0.342379616078067
0.236628597837589	0.132446543013098
1.26093344291291	0.535642330212435
0.461082957185907	0.251175829118932
1.50666473839308	0.721181555771543
0.9753180046391	0.360574182878169
0.343539246167378	0.912064432089326
0.519722550964379	1.22683123293842
0.580929589952638	1.21646927274083
0.365387823616955	0.807646881950715
0.441855716355723	0.803264623763102
0.367613342569514	0.423620474755843
0.484657441194576	0.355393545111805
0.823906247013363	0.660718689406154
0.772173037834914	0.517487018720782
-0.169780069029375	0.0685251874700783
0.375448196397983	0.23102584383716
0.623228566796362	0.383044127157884
1.02331398122547	0.71966575609239
0.315758475341938	0.135198524194528
1.27219338014483	1.06847829836209
0.417092598686422	0.245378694942686
1.79507756389522	1.81811196789435
0.0979599442673869	0.0639612739501898
0.45675614744002	0.573879650129468
0.909728609774144	1.7103353701322
-0.202338666451308	0.166125559129813
-0.291722021951288	0.224625826450623
0.868465933354409	0.552746068086694
-0.473752773923809	0.197965851597259
0.0886465895823213	0.0532390105407533
0.224869939699204	0.14273112393499
0.366780629620059	0.347574474702753
0.12099728585836	0.101432806157217
0.424036561123151	0.426222937418191
0.418961547672915	0.562842963906983
0.162460296719779	0.197092247388716
0.367450524449989	0.5097362120677
-0.0782712649154916	0.0763926906485269
-0.219126838714204	0.177710956453538
0.763605314271315	0.639162054218841
0.422721383251272	0.347384593268843
0.435909283246246	0.427698715271484
-0.411391963266155	0.368290138703714
0.701861698925307	0.510709432979263
0.0831434633023487	0.0274562437249086
0.0699608660670186	0.0346705355964943
0.466419140535168	0.252764983470143
-1.55007808791269	1.07788987704613
0.353888467396596	0.232516086000228
-0.377644051862801	0.173923002765649
0.476397609312273	0.515731231271496
0.289814315396431	0.261703166266428
0.978627914660902	0.361306521691858
0.41901975929457	0.245428074150628
1.01062330760202	0.587010648172817
0.231868099807239	0.451503670330795
0.210918301853685	0.466609767946228
0.131335089861276	0.271726747478873
0.503159967098001	1.09193432186242
1.52888539456153	2.18723870676581
0.56840168467089	0.778370707835757
0.418530930235015	0.518050916166312
0.352983714342404	0.444659670430631
0.649287922081888	1.72429728187769
0.319378213138194	0.426690298637064
0.42184195645799	0.348872564684243
0.22412946968465	0.141243046521707
0.22830921982216	0.135491001165636
0.979609175241993	0.940995832960714
1.56608967265542	1.33502561014927
1.44933805813185	1.15758870724981
0.100036788703346	0.0679122783518301
0.25167533891675	0.131040721216498
0.200432470064579	0.153492332229969
0.960284627613405	1.33277714823316
0.332217087654859	0.342700828130393
-0.315587308710008	0.286281723401895
-0.625329740896399	0.523398410772468
0.213814715551972	0.15470784499758
0.244359449999997	0.13571845249335
1.23297845184798	1.57393574685068
1.28158623319185	1.91379524318834
0.586724133957295	0.625874357575442
0.123275847127715	0.130797441458403
0.575905024950802	0.637184862734138
0.303704667335644	0.364535413158699
0.519454932630191	0.597441130658237
0.514850573709013	0.761919810185089
0.575364997743641	0.63607040083163
0.360653644084774	0.330008525302243
-0.346268914063152	0.315295736273095
-0.0140867998538905	0.00843117630975174
0.737708984479716	0.885918853720101
0.0728331740485131	0.0386817538768136
-0.386365971599776	0.180157045476954
0.226711642561281	0.125701781181441
2.06903173122172	2.51313878005122
-0.0194590013929034	0.011478197429185
-1.13035732078942	0.895033124239991
0.237949931052923	0.132572071718209
1.44549249969731	1.14263138401284
1.81435432081908	1.44685919877884
0.372483596749131	0.515385656001771
0.610396543642512	0.896589954320919
0.809929136115713	1.25187771429194
0.32731369166499	0.345500403576245
2.19604628015788	1.60167908623317
0.278574774089537	0.255564423718649
0.226295529832401	0.125206438965219
-0.0417599341696377	0.023586140629291
0.488304181053564	0.359264441774525
-0.275959633487294	0.150616062095369
-0.676692762137513	0.328864726787606
0.0771821830644675	0.0433029596931527
0.377041313631491	0.147334365665277
1.05893055966942	1.09030954143752
0.285083575944499	0.695858351988091
0.205678616622771	0.430238109785487
0.255001888720681	0.620863778880232
0.30898390334869	0.650230376758026
0.358237658668139	0.784257291562444
-0.103894519328071	0.117792295622025
0.761934664793098	1.48802057832144
0.67428294335881	1.22274653546769
0.369992307166988	0.551668448889193
0.829302961457831	1.85599156418297
0.423380978491555	0.50107817853572
0.24783563255008	0.275530216409606
0.436092039496032	0.498126786649324
0.0464803555684729	0.0346260786607947
1.64639969652706	2.30575154843403
0.414789868160628	0.244700811676523
0.304628034700025	0.247204230671873
0.545117281069921	0.693935669573094
0.77447184697332	1.01093052314433
0.125954726702962	0.101173514991131
0.5816822200877	0.642284354315708
0.320276064117419	0.24225413573247
-0.0399732359823685	0.0285248031410159
0.349720033170627	0.325831157481645
-0.46166234020159	0.539428921018926
0.386185361761199	0.43181394359176
-0.443216596625443	0.491848586371888
0.331168092845744	0.323885808081144
0.413669973548858	0.418370211932526
0.635157738522751	0.825287150386287
0.28910374928413	0.24638842719458
0.434372286087826	0.434878343612584
0.26311036492102	0.248494061599357
-0.254489726935176	0.242968169145024
0.331046654493762	0.350617877285689
-0.785489122869884	0.908130963376857
0.543068980448287	0.628232595149976
1.22290937529716	1.95914070236012
0.309010762107093	0.229894275284582
0.195853165928992	0.176106913096268
0.715905051374899	0.622544665425957
1.07765238653738	1.21900632863613
0.21972603931763	0.152740337371626
-0.0760587587399731	0.0523014361294029
1.07643713095002	1.21008908418325
0.10221219012349	0.0645381961800086
0.650832641120733	0.675836824653719
-0.0969855548866337	0.0625590941961362
0.533342804233255	0.454592163992031
0.490736155521037	0.511379533726051
0.567856561957812	0.71352038924329
0.414716962164427	0.424972028682908
0.304664494040501	0.367177147389147
0.359064441198966	0.328753051734284
0.609408524910137	0.483171444561803
-0.259932430937277	0.226878834406622
0.2097457503892	0.151249498009605
-0.542697602916068	0.363266858480563
-0.0687929995243886	0.0373825196347767
0.483357918069385	0.353886557843342
0.347798097242975	0.243338997371935
0.226553029813075	0.124610133984507
1.08249320405216	1.328504229103
0.378751741639133	0.326276056441798
0.489011705369307	0.70264618668548
0.298090211972388	0.693696229797286
0.26356691642455	0.663266764552431
0.288135301508351	0.747614242275046
0.466781770036477	1.05816242804163
0.593089682243116	0.712121137775162
0.518538562396117	0.603940564976479
0.602988565028653	0.733626114589781
0.280043460111982	0.245116897810457
-0.0453821994813047	0.0257596398020823
0.758458365050348	0.627920442925015
0.433066791150798	0.437775742515995
0.492625888686894	0.450974311355224
-0.506141375268343	0.440876680001433
0.525937236835189	0.258305452612282
0.880978336693091	0.554706733118522
0.603278219751327	0.657609195684516
0.314871240621176	0.255090311689442
-0.0250465758476284	0.0230611306311473
-0.138567959564787	0.12969560737835
-1.05325910232201	1.56999952171788
-0.135373373880449	0.102220797807423
-0.800738940155978	1.03058315227749
-0.275085241229881	0.320292070286793
0.0230083030622997	0.0205777768499662
-0.365866293979172	0.437046702552603
-0.479771197529699	0.695931054314585
-0.151697351854263	0.136273591082271
0.00500611504770637	0.00313119864435674
-0.049473596497978	0.0345305090463584
0.906626757832586	1.10242243810477
-0.0279858233964109	0.0204384760733752
-0.323227125671402	0.163269107872639
0.566217787370785	0.369184899689737
0.071340487116224	0.0396909398866547
0.0774915970386611	0.040949023021799
0.319227374738493	0.137596217609858
0.521319873146892	0.365255466540632
-0.111378629399916	0.0539941606691049
0.947460834713182	0.824125933576386
0.525097253842297	0.366133227537181
1.33920258576414	1.53066895950042
0.759846031833979	1.1630662803043
0.547530030079074	0.544433899140376
0.230827109523318	0.129049074524297
0.323774632695698	0.242477028654887
-0.12403020189141	0.0787692110962922
0.823012250428172	0.660129421045518
0.524185002569724	0.363235989554734
-0.174761831394168	0.0712454625480624
1.16761428153923	0.761766971149281
0.0826287903977563	0.0401858199537197
0.2368262575016	0.13295795023061
0.694732393663068	1.25000238790016
0.270201037373302	0.673390396577195
0.50311553978232	0.684738130151449
0.526109566289599	0.68969507251824
1.60252169515099	1.710710909771
0.307428353688523	0.240313003771394
0.308596031763754	0.130160009816723
-0.465549238732571	0.370186069289257
0.601859343771466	0.476194815846224
0.267210153468979	0.277360857751914
0.143030591358947	0.13427086509695
-0.425802108881459	0.524812869910066
0.264706294960278	0.242975963292086
-0.266363767891697	0.272425687930064
-0.334573042149141	0.333054020033717
0.402072687457303	0.590851979186007
0.123701252572132	0.133699361658317
0.873743397783951	1.83008773755843
0.349128762677004	0.411903832791519
1.10531671848665	1.55614124476304
0.467887481400729	0.4373212879405
0.00419445801083377	0.00345252291793614
0.585557912537075	0.695360553329958
0.582182191012245	0.568390367722938
0.358794965030768	0.238463786943608
0.211874008779601	0.139901056785813
0.86923004580522	0.553546341474076
0.90425795708004	0.673385655995819
0.380202608868184	0.23559338838684
1.384166480293	0.818335066549798
1.69032096001104	1.91963467506204
0.805870502657578	0.854711077265666
0.236224110902051	0.131527333446893
-0.495304113707264	0.282771729414031
0.452040067586308	0.240703128693695
0.0774150148646368	0.0253137831657092
0.528925970940343	0.263232633414496
0.0630605558684163	0.0284976826599527
0.492332685221032	0.996030686095611
0.337960311495781	0.855461860710366
0.386824379284917	1.10409968576322
0.283717117170398	0.519453922031943
0.404696777984088	0.79425721457505
0.260099321951067	0.421114886477943
0.925966025077223	1.00485647236262
1.98374332155653	2.27875309563016
1.24006933245777	1.46505814220992
1.15962848077758	1.50650918225458
0.329071079114438	0.249666459935165
-0.238520135223137	0.167879799338807
1.44999949208297	1.14708164710789
0.817428895436579	0.416777539155317
0.571361865543781	0.375929762500106
1.00558396868508	0.570570159601726
-0.220640861070362	0.0811231369281859
-0.488260008012615	0.275665418644155
-0.569054485821505	0.608344496935959
-0.210691974578836	0.246569953001538
0.124862435205415	0.10209528725404
0.11054703234719	0.0784988766171434
0.695813243006511	0.696856643441748
-0.403346436568703	0.417152093687218
0.56453032660368	0.904315030115058
0.746846719028554	1.65825614668321
0.158247353723081	0.181186497476826
0.0502121772754266	0.0452889043540461
-0.862837561593076	0.876099523560715
0.216968796630747	0.147953959335571
0.215032293329012	0.149678156361732
-0.0857725754345719	0.0576995632924005
0.85505785997036	0.884928770727844
-2.12903239580424	0.978397023779363
0.70605384732385	0.399210490437781
-0.127971886690013	0.0605635460574909
0.263184794496466	0.134968706960725
-0.392095094184808	0.181595968073725
-0.780209704412134	0.269603406986946
0.460278292122923	0.24902134590028
0.374464928616376	0.230984340681841
0.868465933354409	0.552746068086694
0.284680714941665	0.241308524604391
0.827115986117971	0.662393951935087
1.79144327201233	2.14722696796715
1.16199096693132	0.747675294199967
1.88893037063151	1.12815353875197
0.0781225278250782	0.0255187951650492
1.89016042196878	1.12616580384486
1.50607479709128	0.72656254858984
0.818048680443369	0.415258473243698
0.710974073849312	0.401067448739739
0.269942931602257	0.241941460726714
0.482695836698613	0.672340884274072
0.443208384308144	0.672522576066451
0.369852493395234	0.532357535706066
0.0849644722936882	0.1432333903592
0.302493381156693	0.779945194876856
0.405855032416235	0.785051669175666
0.562598756039491	1.10065082148716
0.712244387306991	1.58909880032964
0.195441891230103	0.274154607995143
-0.615509049901417	0.512989424616461
1.31098043815806	1.74175532863038
0.480765372351436	0.347264985412556
0.648110474828406	0.496090087413548
0.5722777239103	0.479322002642654
1.82402426406931	1.47546993194838
1.77938594611081	0.68549536418416
1.88682364268637	2.02790313194831
0.324366647957714	0.139350915801124
0.0659518227198053	0.0270850237584361
0.825710516901962	0.423704853774077
-0.866668430570486	0.472585311257485
0.704745798929474	0.607258813531036
-0.693094014686506	1.10766367620001
-0.0959093737897427	0.0642401867134007
0.539958252350785	0.462351544733553
0.846530818498993	0.971314077873277
-0.317865791272704	0.291387615797395
-0.112483583442582	0.104794200518833
0.137186519775125	0.169292884244835
-0.126659955303815	0.148813691565704
-0.399053881981905	0.409273582735589
0.37854060660127	0.340280723361612
-0.67559605068754	0.49125648230479
0.231612064265406	0.138062111744386
0.481396748735349	0.348251134811106
-0.105390190816059	0.0818681810615078
0.25085980324563	0.130439215843075
0.0795800328580391	0.0319850155915656
0.136032867380314	0.0336051051380813
-0.583788590681165	0.224508905857807
0.317902022971291	0.137420696679332
0.524693291675457	0.259942760347575
0.523448098743864	0.258382678137156
-1.34608258375009	0.618776512770065
0.0704078132101235	0.0289326849508286
0.32058214202662	0.137782050087261
0.236465987055848	0.131921985863867
0.472507013094115	0.436280697315542
0.142438046106438	0.132158812601654
1.2660640649717	0.538984141591235
0.376915496472879	0.144924322131113
-0.329206905383104	0.167059327781553
0.311752818225866	0.133389847067161
-0.59370653592542	0.229714087673177
0.753571413536895	0.309463972555086
2.05940222473833	0.901470944452967
-1.24148527261904	0.703304563289465
0.46558528697238	0.162904562033637
0.366137113090205	0.1408155869959
0.606175305047732	0.480859620739576
0.844856869018788	1.12245992021106
0.281187140793957	0.280353017809614
0.103583399277177	0.178604248741529
0.149260197098838	0.221233295081197
0.173380608601411	0.330540113002463
0.203688154866938	0.218390522902461
0.543438697439392	0.769503290771661
0.295993290630047	0.539563683980787
0.398555961849294	1.00406596541062
0.276871955596725	0.392305303729781
-0.0234475598972259	0.0234483972890283
0.78301995008169	1.41174416197887
0.160374216697368	0.164195639010203
0.0841529662909843	0.0440579514562971
0.909009069122751	0.686883406510384
-1.13054031545869	0.88471779171307
0.460326577984751	0.353269861402569
0.525259649863965	0.355643299337575
0.465287079849807	0.784954755269009
0.572344734027777	0.475237469884451
0.623913136616253	0.28012882664238
0.0728331740485131	0.0386817538768136
0.104522548275487	0.030451402882796
0.979959664940194	0.360274384606939
0.219787943802785	0.128981436212598
-0.771055273435148	0.611224949775891
0.136474810645958	0.0335089325437728
0.0956461087365442	0.0277846362681972
0.749820743140374	0.305103989441613
1.42248186635954	0.460999123934144
0.323486658302847	0.246476240138093
-0.168894188215173	0.174693141187427
0.0122050656177273	0.0074434182930375
0.518848136579808	0.450336373210944
0.636540691384834	0.590299166176027
0.766389612425875	0.743275859024615
0.21407972910495	0.235923948926911
0.302495522202168	0.400923016137253
0.405178943869021	0.505592744901482
0.651015280027481	0.759229041983398
0.356335803383241	0.234263202803543
0.39112026877186	0.244564282101372
0.0975768508150914	0.0610860110611469
1.05149465375648	0.981296646988405
0.595354249962537	0.562012478883349
0.526831335909097	0.26063959755273
0.62035659580121	0.280825650264746
0.937961312100273	0.245882544650772
1.50616311918023	0.72481807174305
-1.23742340550148	0.691209437832861
0.977899804058601	0.358970935388093
1.26479573066551	0.538668938865093
-1.1663387915426	0.353796776180306
-0.327858240643487	0.167212633421249
-1.4297885622763	1.16444911591896
-0.392260842370189	0.113299521073616
0.54910055740429	0.474105139526202
0.233786049463027	0.26355013799655
0.910293381306056	0.911763414109396
0.581220765641856	0.6449574256024
0.616201443353171	0.276463813712697
0.747935802202099	0.304247887044627
0.809467935006108	0.756456719290329
0.0695303176358124	0.0284052293232545
-0.591948751244404	0.227812106984222
-0.3958347259145	0.114354399872093
0.0787519864950948	0.0260563179245945
-4.24718100613681	1.99204507180538
0.091654740127037	0.0295527646298158
-0.390609043378598	0.113594128833838
0.219499657215854	0.138130258558736
0.263097398402755	0.26027301307362
0.723415625402774	0.963519403026184
0.0843814412578672	0.194819356412801
0.132699151376896	0.292110666692401
-0.282337938970904	0.64457012319953
0.338423924947262	0.891160755983054
-0.222845206439083	0.400675584828091
0.313482406790698	0.750624618327411
0.152846946353476	0.220751792622579
0.222247460970406	0.298348903265868
0.711733471613978	2.27145313327625
0.362596603215689	0.865366518322815
0.500025491332716	1.12519718588222
-0.466118679520168	0.933211832641623
0.66881470998161	1.41863167977016
0.268117761446069	0.371947707486299
0.331303479493528	0.239046951998833
0.288419138721994	0.238300101592564
0.364110801867648	0.242185954171819
0.977965579728868	1.24585784339332
0.635026160333506	0.740444768461629
0.400563991024038	0.586916112824658
0.376427760639668	0.346818006187155
-0.425270174563357	0.259246869248224
-0.277523282299326	0.151470957852097
2.49646286858727	1.33853854153235
0.254619379154333	0.132699874088974
0.503992332682934	0.441079281173194
0.324453766251383	0.324571473312391
0.286081838404773	0.244633323010147
-0.426363485437182	0.259404684771986
0.0747872225508143	0.0303770384979836
0.705410871263565	0.399269105064805
-0.0890049028189601	0.0459894756222399
0.992950427331439	0.463587147894346
0.819110181466627	0.649627263473514
-0.0327741694295796	0.0267929843635053
1.7692077697885	2.38034536076241
0.873209876544992	0.783510828700958
-1.28963173113928	1.48401848772888
0.588799669186642	0.628448013573327
-0.203019712998366	0.194174566794663
0.328760350400294	0.431783893591755
0.130464100303427	0.115355656469507
-0.231625636440774	0.202301673363297
0.419167803844992	0.344656117925674
1.26100495833155	1.22084253363137
-0.430211746107542	0.260970851021756
-0.737680878941447	0.441403568239647
0.0817338193644541	0.0462120669073708
-1.40262060403714	0.881363217297301
-0.220050443315259	0.080826216952502
-0.140627686167175	0.0625033415473576
1.01207143646933	0.590088164281743
0.460924941563241	0.249292506523845
-1.08865784704363	0.441789748849559
0.456801965701937	0.246448744731292
4.34326953078158	2.18696520375503
0.692116805627999	0.494219773080911
-0.369364404805197	0.273940980399247
0.366491212657391	0.241748904207071
0.728781050989675	0.725835615796822
1.02005595414298	0.715820756476709
0.275884474543372	0.131298974213138
0.0743236617028997	0.0367058228189393
-0.83571180605683	0.371691268636919
0.980775883816089	0.36599399400451
-0.17272191817073	0.0696808759856585
0.708156987517014	0.398245349529214
-0.842280166311415	0.371671550913481
0.617294967403163	0.278345231473078
0.813227873116723	0.858876439020838
0.195760875017394	0.516148521142485
0.270436002222709	0.711628524455666
-0.278191965974334	0.650735472406928
-0.154744616293798	0.324522327930041
0.171822167248612	0.26759710088741
0.26059730662333	0.618977966046607
0.728037899459654	1.80464693134331
-0.0540946040593388	0.0676463981178916
0.417774402140304	0.98642147318803
0.392099485311175	0.896956437776422
0.638967097632109	1.53140589997621
0.320287713624226	0.588579653671602
-0.0734209885357648	0.0904351890686756
0.36245035935464	0.570515069172983
0.219404234131141	0.145094444079301
0.204891841128837	0.158379529001015
0.246857935387392	0.33253986778093
0.207787876129411	0.185250115723393
1.14843905583876	0.887740224770833
-0.691446645541352	0.329716156236727
0.524070851318425	0.259481270332205
0.31779719093561	0.13704953791404
1.16748072218111	0.743820372164286
1.00848523516774	0.590232531016168
0.628446713123649	0.385496429714592
0.459014547585721	0.250001673137423
-0.0133272318933314	0.00790526309655604
0.338644978628571	0.340577999276021
-0.684548380870605	0.564126877091334
-0.465299337850215	0.372985072545999
0.753663132968624	0.309194895580188
0.0793374305990168	0.0261144923459964
1.31047442363152	0.941895404013317
2.65986428960496	2.63758800323614
0.837537914404839	0.953080810376879
-0.572315845969567	0.688547109758936
-0.19335170170914	0.158719898900518
-0.00395687918685212	0.00246356930564048
0.576698948525613	0.564939557507041
-0.082536549985392	0.0551938206823524
0.0715086363797725	0.0588416029025248
-0.0199236313275028	0.0183514705898497
-0.398981539384222	0.466308905594971
0.270815339115199	0.25520778449245
0.0462845885487006	0.0320322602024034
-0.276615205398839	0.151519316707848
0.908503416352878	0.91336745062414
0.649495622609578	0.492936093554478
-0.45603559994759	0.400735649152693
0.616740258513082	0.370101289756089
-1.40334110285471	0.873869594308426
0.308939028976538	0.131942610644712
0.618263974468986	0.277564177938226
0.248548422162294	0.128291276756974
1.00000330477145	0.467688648809361
-0.667910243524545	0.487504839530381
2.19035189485425	1.59429094539684
1.17197849508907	0.765020106414244
-0.494954698564502	0.284127687889506
-0.145412397058199	0.0647140173044172
0.188526090834677	0.155644248598354
0.510404312896883	0.447766199813059
0.383815076247323	0.424335991244542
0.563002959645827	0.370250658498267
0.713876704018481	0.403963246126889
0.374104522892199	0.146250600873722
0.0817438495561464	0.0269368955091815
-3.08716456321314	0.953073801543469
1.17045225105904	0.760553941972236
2.05532197479066	0.893805623916587
-1.5552571448088	0.55650722237525
0.485736826798909	0.44135363711822
0.195381349458009	0.176364836792454
0.283254162682208	0.241432476222629
0.253521350445649	0.816605829802607
0.233568040814073	0.671951159839463
-0.142597754750816	0.322790222307864
0.184810463282293	0.456448854399855
0.327574952013867	0.766906814584128
0.307306968722694	0.749602753535101
0.664913810807533	1.93317270266169
0.35052623501015	0.748016269175283
0.191417690986677	0.420594886804821
0.068624617507756	0.116834419693302
0.340569714526022	0.800378183729833
0.152747006727855	0.261000597048656
0.274077676005078	0.511944191185036
-0.101766121030003	0.139686202079535
0.419102255006944	0.866475399743986
0.305964649421654	0.255068999214966
0.931539489994003	1.21352901115261
0.811595272847355	0.762489098163221
0.66321112838521	0.760875197455102
0.535794836681653	0.551129496005382
0.776804113629523	0.532483723291219
0.909475399866523	0.685443529458144
1.15854725976169	0.741737241607901
-0.382114764560571	0.178044022218214
0.381638708885179	0.237954861056781
1.38502842016016	1.91539645523236
0.356227851191317	0.406850469582248
0.48673909146955	0.354789810138231
0.21722934222794	0.143751732320282
1.14573483550041	0.878650000305077
0.0748934222605231	0.0305377447363794
-0.140528404914931	0.0628131960934784
-0.472310222543125	0.326108499612012
0.522666721863286	0.549367119433699
0.0870376126800582	0.083486429053158
0.0935416796951122	0.0819325341886866
0.00553420128276782	0.00345920970908985
-0.32266832204925	0.297032748845983
-0.0470565391460133	0.0383542829235688
-0.249728912538932	0.253675610061842
0.103089359798941	0.115658566257454
-0.256131366768214	0.342642764751653
-0.0256624994343832	0.0184483488181425
-0.884039079681186	0.757354397949352
-0.139363290644505	0.0891704934785986
-0.864673284941089	0.883386707413897
0.0282661601854533	0.0197913528818859
0.317313409356574	0.239030055950856
0.0787125547951511	0.0412885002369803
0.703256080213341	0.393721109944508
0.378375773953798	0.235471120870432
0.611944682065797	0.275100761621018
-0.732876469855534	0.434261762608807
0.61054750085445	0.271887149945039
-0.141265138548194	0.0631658655313475
0.625386818367213	0.379789729858953
0.767847501335001	0.517316475369057
-0.557415328419219	0.473681891988399
-0.67459107346333	0.494639318460541
0.116229062413788	0.0920298671377908
0.302363559494331	0.362148862802083
0.699028742184687	0.78498142455218
0.832667305405453	1.03674259035718
0.461850473025861	0.251560494044848
-0.0858190509625077	0.0443088356917909
0.530277932413722	0.262295418202724
-1.01758504121335	0.74469398820429
0.819722157515508	0.421803744083854
0.468238231336018	0.359873376615216
0.112872971893119	0.254123127779912
-0.321501198285879	0.806094417587221
0.0317309676819269	0.0624665406020084
0.608258144003956	1.33912330189956
0.0865548388176695	0.190118030341865
0.402045335663191	0.693383517940044
0.53299321721575	1.05047591831346
0.14258448417128	0.282086237602721
-0.0213798573508515	0.0378491318237024
0.356463275412789	0.687205153250255
0.109561627078385	0.158312392759163
0.507210143478567	1.07693341614058
0.16965889596003	0.240221781345899
1.16643328783025	0.753906788132928
0.5317965402638	0.262963572757816
0.213528178489382	0.139882620096111
1.20289850542711	0.634858978605398
0.521727311234235	0.258142158819884
0.52459976092753	0.260921997331734
1.16481216299729	0.761618284346843
0.376638581962061	0.145760157259072
0.319227374738493	0.137596217609858
-0.466032441325874	0.196429395830209
0.0791047998989641	0.0289636685525662
0.853132246174811	0.883764990313243
-0.32415313004222	0.443028113773002
0.204774991172529	0.167551728030798
0.483136839477879	0.527310596518535
-0.983504151620282	1.47324556260048
0.309274515617909	0.249480131823801
0.092437585520599	0.102213560702929
-0.225811295458196	0.396259985203171
0.176308245145778	0.245414655607226
0.204124895595821	0.216647624036625
-0.797507207134887	0.918437246993005
0.969746647189927	0.936525996915096
-1.05500523614218	1.03746803781718
-0.28293472512891	0.214983978295863
0.533459406126836	0.547816151414766
0.100542205310562	0.0293103472403775
-0.468399580767033	0.198017735414184
1.51104016294551	0.72234347373097
0.313896639745087	0.134228259749049
-0.780762271527563	0.271555244817602
3.62029547254428	1.39222029871931
0.317291564968796	0.137090555276539
0.622256976363515	0.278823803326807
0.620546450794068	0.275757319974064
-0.116774711951421	0.0561661637517001
0.831465929855641	0.428543398561313
0.704027753185829	0.933200157727565
0.468411691961078	0.163627726712943
1.42270583980072	0.464030812177167
0.376048733616703	0.146429393060021
0.461165063750906	0.160791774044423
-0.387678621621037	0.112733540232719
0.418809519047613	0.345207526811176
0.367177567401966	0.447381051280264
0.379804332979424	0.422192694988492
0.161574845342003	0.542180905442183
0.360395528345291	1.39915141115221
0.29374413454153	1.18531741510138
0.153639762625671	0.529251839322918
0.329570071121993	1.46239679759102
-0.069863523242516	0.177915480069513
0.0467426051091119	0.11216729289419
0.0783946186142016	0.176177827593016
0.227304909996467	0.729735958413202
0.0776481063101152	0.154488279203408
0.0943043080068197	0.204323869845629
0.186906679251522	0.487142807694471
0.197501180039191	0.434124839244804
0.14641140465792	0.276561759975356
-0.0613845892244364	0.0863654174820677
0.983460027537756	2.03844784331481
0.478031759956377	0.641483473161508
0.201543461207024	0.203719527930364
0.782147776312166	1.67842511310413
0.762947134260976	1.74319977163489
0.313617722812619	0.608585651965121
0.416715788531694	0.341932164745188
-1.31686772940218	0.991566537580296
1.40125780066251	1.83361180812565
0.896455504066101	1.0053929515753
0.608507530297469	0.580462356792149
-0.124564097537647	0.07959632753654
1.15911589122315	1.48726484548711
-0.110028395322471	0.072463578067669
-0.331069730700815	0.367844177284308
-0.129596357663865	0.14056276605047
-0.196743367094281	0.191842138979414
-0.0213823288881007	0.0179478187769019
0.312427023311222	0.349983667976856
-0.18153747523746	0.16422859440766
0.424076910170755	0.512887335868774
-0.372681885965936	0.482159517021572
0.109372458214672	0.10807266828554
1.1322443894951	2.23473030808947
0.205975162373776	0.177120141879035
-1.07192515579936	1.27309556328672
0.412586790734933	0.418731044882811
0.471849821695457	0.436772369318524
-0.270503280041503	0.184709637843159
0.211802194740826	0.146755788355412
-0.770774239541202	0.538196371381475
0.698815941121036	0.506208929741505
-1.33676987551219	1.23996663319031
0.596485625561336	0.469185700808082
0.0727662278610521	0.0406114133609457
-0.0911828733152085	0.0612987205877217
0.207620806921297	0.155314002332166
1.16672407943522	1.50083721315252
1.69099729095644	1.90266931696626
0.760347738708662	0.632468599567357
-0.68978665587924	0.33515715800525
-0.685926923525663	0.335757406838852
-1.64452684720797	2.09059709585293
0.470471413534824	0.359990678925219
-0.36409247123131	0.360823488074563
0.353465493539489	0.428880036545261
0.322698644857448	0.413045785685782
0.255037916421914	0.268620211363826
0.365006242003595	1.12465825899286
0.24064644819072	0.775154942390011
0.0473458733603282	0.141223004765287
0.344482667276006	1.80641307045966
0.0485970028348371	0.118861649303143
0.125430452473314	0.43873027248544
0.163938018990632	0.413268635403023
0.309192177434487	1.43776335069331
0.141576858990841	0.358021571160719
0.110911843487943	0.227715416875293
0.265769609726053	0.717806290351939
0.191888286860721	0.368446340462041
0.330345811698961	0.575547660394474
0.2538646642828	0.518673987550506
0.228828126162281	0.306323565818265
0.495343240752196	0.943573177697722
0.706859021774727	1.70407264112262
0.235341987026061	0.370049299736408
0.309173636674679	0.566449884953983
0.365819067948808	0.569620396799698
0.951073568039959	1.12437224685832
0.690684272600224	0.698156582764304
0.856438392001681	1.14724102608332
0.58031043387913	0.567327032949134
0.947320925824294	1.30948484517472
0.673238512989043	0.778341240436532
0.033709455650344	0.0236177607132889
0.211491294495107	0.163121002138691
0.332475156149436	0.340456363469914
1.10436010778589	1.62227572825875
0.147530429272965	0.144448750787968
-0.534458305361233	0.501014781886963
0.724153230540331	0.798845028874958
0.365808890561859	0.431585407301849
0.220410648476982	0.229611332501497
-0.152556489247337	0.129608903024157
0.117767130132026	0.0868386174966883
0.938089488046164	1.03827429986304
-0.53186412461874	0.414231965352264
0.204870940704436	0.163254453280989
-0.0635778380540071	0.0515093534318855
0.19348346438822	0.195339860026715
0.910263039509352	1.44835563598037
-0.0229363574364302	0.0170863226755924
0.890635754763425	1.35385172364635
1.14664163624763	1.26584606094583
0.325658957667396	0.236405426301546
-0.205532182255063	0.145912309223024
0.101076904659483	0.0632855409641476
1.38481590200035	1.25733427904599
-0.0354559363990819	0.0206482721548676
0.484956114382587	0.592857187134139
0.209237318798552	0.177222898067784
0.713716566857165	0.884294728360487
1.67831249988398	1.56445928895487
-0.860914283197625	0.866909622003079
0.767178959996569	0.817896822734189
0.105754145754379	0.0696417318749004
-0.42360564313808	0.345961631280221
-0.245021175580349	0.217019427149538
0.202997421634043	0.201800963885759
0.498415367271564	0.602583437851364
0.396589018050353	0.507108018553428
-0.162044004530317	0.18522453513611
0.328730512632479	0.423692148601066
0.158029710112304	0.72256383036956
0.242144343162391	1.03710253998931
0.452373766555587	2.85467999330928
0.146088379269786	0.517230123876393
0.237735567805295	0.892682464480498
-0.0946303249724218	0.262542232801511
0.00681649662558241	0.0134413754237267
0.271716248473049	0.935530784126079
0.188676733893605	0.482721014721364
0.0110588991931901	0.0184789285245623
0.416719479759026	1.62438984007032
0.338728611097193	1.2031608933707
0.435220409718775	1.64629943252952
0.281545904938786	0.718454855237502
0.118301657783616	0.213824947470876
0.139601382864715	0.260022677214888
0.225514185114914	0.473974565295184
0.459711231528278	1.13062506996641
1.50023467038521	2.62117943259754
0.503270604791611	0.610093735443429
0.378394412373991	0.420185104318146
0.34836680666167	0.353379081021578
-0.271922680546374	0.328774759105468
0.322604684390481	0.750338223744962
0.820626248810041	0.645862545529628
1.17526299955737	0.763363923444129
0.221724768286419	0.139597086803299
0.671884030004069	0.606903075315677
0.568946298304995	0.468077355847685
0.116861611951639	0.0878318541097919
0.664061318790008	1.07811776968095
0.916993054407713	1.45165308869836
-0.0275067791151438	0.0161148423019678
-0.58265855248925	0.432278544095937
0.324466760812789	0.139800965814163
-0.161291918504802	0.100495810322758
0.484646154335321	0.350542110147466
0.28014359165523	0.278136638864393
0.152539450210492	0.167082147493891
0.306099104836352	0.329666686255287
-0.232291201403246	0.223323897208692
0.0205614392347357	0.0164082987867155
-0.626705271210015	0.701889643151994
0.284253272794294	0.381360325261548
0.203502503101276	0.261766321867726
0.0228127391232355	0.0219104118750674
0.489761098042499	0.586537311638281
-0.935184135679407	1.40385373311617
0.387945180835073	0.347823180958229
0.21722934222794	0.143751732320282
-0.464675533712989	0.372189682388253
0.729207842158734	0.810465586909601
1.49935514141903	1.4886207373484
-0.0546142743749269	0.0292250174912213
-0.158104059798673	0.0988050424964205
1.15209627354899	0.900739261799064
0.526563285915441	0.368669492893463
-0.232174022890106	0.133967129763592
-0.123628071573142	0.0588537977868328
0.590567045201113	0.632029058525636
0.316855991332808	0.353798148591108
0.481697082085807	0.350398029436553
0.564921088463688	0.371031599224843
0.0713585301163711	0.0323214755651039
-2.32053730505121	1.90958537015672
0.0641351161779878	0.0290371619142981
0.0638890735237809	0.0261503778694536
-0.549589235337486	0.366512907592631
0.224554131917437	0.132665891045696
-0.164049789049746	0.146749721237578
0.40410483518501	0.572829260880435
0.590190310016875	0.960195045125615
0.165466555032764	0.214008157432472
-0.164400793267155	0.163902547017469
0.530870624040831	0.544381127353991
0.0546636904130208	0.177438346425188
0.292045076562744	1.24114874582136
0.50722479481606	3.2049122452502
0.493974946760845	3.79271196674871
0.374675179695591	2.03815521257164
0.467805485774864	2.57043030301549
0.295616242308321	1.33556418645331
0.20634128089585	0.608023325958177
0.668036089392659	4.07004184792218
0.21891852175196	0.607983067418954
0.238870790112403	0.648432283590764
0.314593808838731	0.987227755054674
0.420097018116182	1.30026668683708
0.185867872461566	0.443833828379756
0.244399230180528	0.488330409617372
0.0482332696638294	0.0805304097010764
0.577803950328664	1.95589036110108
0.332327120437385	0.870746712206963
0.4051336060492	0.854510078655605
1.26649144338853	2.22230378847435
-0.107963375700349	0.113981221297901
0.0589698914264719	0.0548419394008952
0.430409081207776	0.644892842323785
0.437671101078505	0.661108830749604
1.35134093342212	1.40388911873797
0.445505703000154	0.35645075059461
1.56467315390099	1.35975643036564
0.521801983943376	0.364777643589024
0.0891062855358558	0.0534873551585026
0.442188188390071	0.350590906034776
-0.664954227906181	0.490175877179949
0.329704591722053	0.325897279331194
0.364145592231267	0.34391303866963
0.0360704853947578	0.0260323004358105
0.129373514223722	0.0918677772668357
0.3835354192118	0.341885415466706
-0.162905889018371	0.100248098334181
0.328955316221135	0.238770610134953
0.107532069379877	0.0708080086720487
0.768874225742669	0.735664048192417
1.47026657165204	2.33263114769822
0.101622800009937	0.0961543753603496
0.711063167428094	1.02033228544861
0.198321184581987	0.193073947345436
-0.0405150285585275	0.0334559852596828
-0.40745302748604	0.452263166897923
0.0707365354656536	0.0574209275864965
-0.142805964738737	0.118725952263796
0.325570157088812	0.325207419285453
0.222986624815186	0.130891339989426
0.314274938346174	0.328488462307669
-0.126428908997819	0.0970097929859526
-0.417957242478212	0.407488833362922
0.404316952190201	0.343889464511841
0.654263367954344	0.503023476596046
0.215715016635408	0.134964149963774
0.874454040672409	0.552838347806003
0.352534409116738	0.244309512075719
-0.763532519124483	0.541893811399619
0.764020192143974	0.509765213333441
-0.018536786139586	0.0109196889866777
-0.495934579308609	0.340633062483147
1.07647661592994	1.22669645490931
0.370460010096007	0.340992121972316
0.383688975334258	0.33131217550235
0.722872093341132	0.867572659810709
1.86000852401121	2.3041910097138
0.70439242420375	0.5121089040714
0.308587346347812	0.326734112361716
0.345391948750351	0.239889974514107
0.531036477980577	0.260448595076325
0.451382801337248	0.339524745812298
0.614994689569712	0.366242682060669
0.275928300947951	0.129549047884119
0.345390627861545	0.247254303011396
-0.870232639127075	0.749981219956749
0.931629566396386	1.1808961314856
0.0720710238287756	0.071289480508086
0.263948805172862	0.265786210225659
-0.439406273625195	0.510972086908884
-0.174064631333863	0.173122940301176
0.805419674840549	0.934366308214138
0.439940860261613	0.570341672823967
-0.0777943265029754	0.518782464194124
0.320270870401539	3.8519214491613
0.386237532324246	4.05714934570814
0.472593329546614	4.73242479894211
0.724310115337742	8.55381976064346
0.613515688995633	5.10369128668125
0.325736678243241	1.42615794470338
0.400067708952091	2.03757510702074
0.133847255520038	0.304763548037938
0.633331468050067	3.74276100162406
0.728659741442476	2.68537158232708
0.364800368238453	1.0081320123325
0.451182138112143	1.69599489953823
0.370315507878339	1.42727356216049
0.231306869274952	0.750781275834996
0.279696433314942	0.575274507208236
0.223292556370985	0.446222502394539
0.891748848214873	3.00846606943243
-0.0468737719995695	0.0638233131535358
-0.729712968864123	0.757114646261593
0.203289831919471	0.185288428611857
0.508493791625383	0.531872223676277
0.52695989765522	0.619926479958148
0.673088211320633	0.924298915913806
0.878694633408773	0.555236180951863
0.770594707193337	0.529428237911537
-0.192904866010544	0.115991886917159
0.903686757394843	0.673021967784097
-0.883701600502267	0.683653923865399
0.561478415700611	0.369267045442907
-0.202398133887093	0.159462767100285
0.736069433551038	1.14570886873397
-0.41165162680067	0.331257749220564
0.641637888010818	0.487410524846459
-1.13383371447476	0.901664111444027
0.70895433588137	0.400373986063134
-0.468998509211521	0.199462619831221
0.244218006916067	0.124058057562861
1.3973094211871	1.82718493923889
0.167693903618701	0.179179714852846
0.273699322389118	0.426324220456005
0.0317261271460074	0.03456505395964
0.66055279490719	0.89878431290212
-0.111316825087261	0.0733340852408044
-0.27675641446102	0.188363049443238
-0.461426641909615	0.409078703840943
-0.873614841161785	0.66679510629976
0.685537228989904	0.699730388032373
0.459727781906658	0.160455256960286
0.229179789601952	0.136518799989335
-0.849134129608869	0.375874028171401
0.105081026275324	0.0304249291072773
0.252330776256023	0.130533570978508
-0.281857407552882	0.09255522316438
-0.732488400451193	0.435653822984786
0.52459976092753	0.260921997331734
0.219967068811125	0.131282966044095
-0.0615032580671918	0.033433263286472
-0.223662788819281	0.154042892243829
0.256029397005303	0.257866125056035
-0.0309339867980779	0.0280980646800094
0.0476741393245872	0.0346397263304708
0.136240223034788	0.124216028055971
0.371476297198029	0.332495406510901
1.24260337148915	1.32537356838358
0.31088826561512	0.13207040551364
0.751513142065346	0.307266362543709
-0.177079132557658	0.0719271434887037
0.526149688057342	0.260965745163726
-0.465058250424135	0.196333680847093
-0.417337125408314	0.254631745331115
1.02815581166744	0.836329797550489
0.125793959110623	0.0957375684836057
0.343892573344545	0.505534543912482
-0.178633028517625	0.181880037714309
0.335782510841985	0.475360373804747
0.195081487281519	0.229994018774501
1.36802535095956	1.90695255422197
0.35408173836128	0.331977110120081
-0.0711233703525523	0.459619263425508
-0.16215829772413	1.33096266651006
0.368060480032101	4.12128310201067
0.770608882357395	12.5204034461628
0.556585218938581	4.66924628480995
0.332210302984206	1.38561065278473
0.348109152896047	1.68288435901018
0.492880677520562	1.50634210247924
0.365374164130822	1.42615029215655
0.569970344154405	1.5016754391428
0.492015550049907	1.26838443998705
0.505113257716064	1.78717187920923
-0.0067249893400691	0.013028754910807
0.307478437312792	1.06029296900235
0.128616439756762	0.263655193019757
0.78196436539372	2.11953345367529
0.442831607079087	1.01357033199855
0.074463476553724	0.0978269402970804
0.324842435344641	0.522170994789362
0.77335556525256	0.529061115806814
-0.327858240643487	0.167212633421249
-0.298647622443754	0.230809691885234
0.348162540860836	0.242533281711095
1.00776058721908	0.588930565379961
-0.839432558039997	0.370442173575092
-0.283124516934905	0.0937185339860193
-0.17779803637986	0.072249321254891
0.383517047236219	0.240799720057949
0.233241621922182	0.14626080477187
0.613014383001159	0.642221856005327
0.322612335449299	0.245468002824795
-1.14330932839059	0.906115030953604
0.0861240597616357	0.0283812447522542
0.612319710835735	0.27286442755949
1.00560735796226	0.586173084074506
0.0719104258498749	0.0295456508300402
0.936385154201329	0.811548830973639
0.41977522887676	0.672737440809574
0.459133468880055	0.663450716982981
0.372224987678961	0.339098462734206
0.0858215718787236	0.0479878997256834
-0.231303117426925	0.13356758456043
-0.321868810041184	0.163494448494749
0.259763567463957	0.134376252238248
-0.4997604058677	0.281640167383515
-0.175262066081875	0.0711978201234321
-0.785510297747507	0.274807822870996
0.385522619249594	0.147060021217768
1.77822198684398	0.683613630208253
-1.55909486250559	0.555795857836356
0.0811070670319271	0.0262287946659145
1.20359358171038	0.637054562688572
0.0684886093197502	0.0251481264104358
0.10714250774514	0.0307937699964655
0.564260588413946	0.370319736974232
-0.570948332732372	0.30351010073389
-1.01415462281174	1.13411663605636
0.00941140409548477	0.00828159127146429
0.833444490543615	1.13613314102548
-0.0407875649674038	0.0333835780400383
0.119313301807917	0.0926068521619917
1.38434978682556	0.824728769169963
0.620162841809073	0.278020698406362
0.100542205310562	0.0293103472403775
2.06534553710464	0.890264270171904
-0.287858623362124	0.0946377502524253
1.26093344291291	0.535642330212435
0.634102758305705	0.808285765746939
0.328560403674354	0.361150756909882
0.933608753854736	1.03144754221054
-0.0593884490980814	0.36608237670194
0.0890473802590392	0.579826123834773
0.608407731406657	9.57388907482103
0.801196667310938	9.82908662973369
0.579262308753941	3.96188873279264
0.249313744818659	1.11698506665439
0.657877930701335	2.54168143606304
0.543366149870647	3.15836026973802
0.813611833490491	2.44378883895821
0.626737193291997	1.93368157382478
0.418091820501368	1.49905540150431
0.568679823196256	2.74893362023387
0.115707434468341	0.309761185875181
-0.015387507613503	0.025280189780081
0.0974398010914447	0.209230197026726
0.34339283417516	0.694653411272823
0.0353473298072757	0.0475143481526812
0.208499979279246	0.304080253041585
0.76681427079717	1.89102104088592
0.756559350330028	0.62916529363314
0.380564310943123	0.326382508043271
0.334840901490267	0.245796012597094
0.872990012018781	0.794569657053125
1.31061738525508	1.75481202851407
1.00000330477145	0.467688648809361
1.54063239847993	1.01774302081552
-0.171333859247076	0.0684565454819071
0.374782002964809	0.146461898398813
0.645705760313301	0.494139175945967
-0.100069563055689	0.0774818295696936
-0.144423266203982	0.109155963279715
0.822071928844755	0.418921167551442
0.0755345102613769	0.0278322263549384
0.371057390878843	0.143767169308926
1.89716849659471	1.12799862497159
0.620957951596701	0.280788197797856
0.195532167825106	0.158903497276719
0.112179087404853	0.111839267546054
0.320329479212732	0.458738615747702
0.529444720334919	0.998838014183636
0.134482169463718	0.163743768873634
-0.211745580837976	0.187821246522266
-0.317537119088242	0.210446378017714
0.0738986017591949	0.0361216059430853
1.15154003304667	1.14037307333911
0.43808140676453	0.347680993007404
0.832358722324742	0.664858304505133
1.54147118111446	1.02057579101948
-2.12622700386646	0.979101784127943
0.104522548275487	0.030451402882796
1.31614350352944	0.953696836566387
1.70419467768776	0.918123294771435
0.377631547004968	0.14740968509311
0.754158908243701	0.307549234515271
-1.05728623629939	0.533916253931765
-0.575289747329669	0.306142180365938
0.419495448813781	0.245887146774951
0.0745047761795604	0.0303749064979408
1.01813479548972	1.19357422731865
0.606006456906552	1.03601219072709
0.622754877518999	0.193758888404047
1.26165112175549	0.537068832662299
-0.0732359767987315	0.478524919621054
-0.197214236083014	1.82791594402423
0.665560712379948	9.86503789487253
0.307212956971524	1.81085308897538
0.303468234519056	1.89840831102422
0.768683378823932	3.83119895173297
0.527765965138021	3.38599495633028
0.637192854987801	2.11756701065
0.490004315311979	1.49528305220255
0.516219675201924	2.36665327765293
0.370348450316003	1.58623301784601
0.434526901876353	2.30823606541232
0.059217291501056	0.108649974878072
-0.0388237590023563	0.0858937427766225
0.118213289901332	0.273841821592276
0.521844438348338	1.28207056929799
0.512747895256925	1.2320343226205
0.279311862914602	0.455808266998906
0.0543101233758681	0.070918476423888
0.883125544052377	0.79801191323429
0.211287657885583	0.158496183182764
0.332201606114149	0.242276796608374
0.436038468150496	0.344922174884259
0.401608730179551	0.33939269536345
2.05052118300081	1.36142385432633
1.68981672389115	1.2444082017743
0.0726407793337983	0.0298882078330516
0.277348914770415	0.132427065467541
-0.780067822171114	0.273115694343224
-0.766087713129017	0.542660228961108
-0.580978247284438	0.221323502586015
0.943073342065061	0.825662731783109
-0.860301345008401	1.10771449248933
0.417511109972856	0.338449198696476
0.0766079690770658	0.0282543091890972
0.0820693378638834	0.029766628742557
-0.468399580767033	0.198017735414184
0.616870867297751	0.191973847001387
-0.736818490023037	0.429244913422205
-0.077731042653418	0.0537276429071267
0.335597969752229	0.411057736936198
0.128235336624155	0.0961680017913096
0.100540044038283	0.147575212479895
0.394434840050758	0.625533653474774
1.11475509580328	1.83436523585211
-0.0126384817566088	0.00761025980680194
0.0873941028003778	0.0520750802666851
0.252663460584908	0.13093477399587
1.14915780376335	1.03071724623431
0.962816464040371	0.926677625040458
2.30230260442764	1.11540182845627
-0.218087388523012	0.0802373753364199
0.525329602260684	0.261477410257378
0.989149972859528	0.461335955144462
1.77938594611081	0.68549536418416
1.38231860286253	0.826477844572328
0.464429236846016	0.16346936705331
0.753571413536895	0.309463972555086
1.17334778834586	0.766672107414041
0.0669055981496925	0.0274017899894772
0.0754477196971832	0.0402739012400423
-0.355852810637141	0.295948700142703
0.693614488270231	1.16564467808582
0.369116695546333	0.143550009098403
2.05409586197673	1.95382791726755
0.75636239210252	0.306420041564954
-0.115588732498764	0.896825263154737
0.135690179468812	0.9502816049753
-0.300747500762875	2.4360651303633
-0.423657036544604	4.47715572045152
0.358091754539044	2.02418777461223
0.582506746416517	5.10758697036418
0.533093232198703	2.65263097738255
0.511072766425591	2.32079422414173
0.285789606468019	1.21813040540686
0.140767690483133	0.494844321794694
0.127060539056108	0.393262236789326
0.177523035365583	0.457407933427071
-0.121684778246522	0.314682693645457
-0.455813287324878	1.745111996323
0.333653487865216	0.864749239475459
-0.578421648861901	1.84076933274907
0.604152108654489	1.95288202490365
0.0091612656500969	0.0121870046308422
1.32728797626178	1.65352075972349
0.205787988116892	0.169089187529345
-0.238275208411506	0.19016624706383
0.712975551256298	0.878263436946515
0.754838872081418	0.307715712094555
1.90070702899566	1.0997845603661
-1.03404332085579	0.642410630574705
0.467113117241736	0.163361716762765
0.27792835601695	0.131039004871997
-0.239203579123856	0.137898550917313
1.54505942289481	1.03060043826884
0.944067223304742	0.809732398285201
0.327661904062775	0.247804973273769
0.400914226790361	0.414340386432064
-0.955134291093034	0.94696960646477
-0.681907409913868	0.492482705088785
-0.361693097514132	0.230065180883664
-0.160912511442761	0.0990471540422851
2.32867273580575	1.87397799209421
0.393198160818557	0.246224158705989
-0.0266621719820728	0.0154627624829763
0.163309157245908	0.182625040288221
0.130881611827818	0.099303900805643
0.383875144527473	0.518880992075048
-0.182146819125894	0.179698199655645
-0.180240723138101	0.131864835021606
0.624876861955526	0.359849450571609
0.207894902169242	0.155030478736524
-1.42601572477318	1.60055007553713
1.52359452532143	2.16103395029794
0.249707177363301	0.130170388401473
0.527574928974895	0.262349106622475
1.26961298119583	0.541081832282185
0.870429530545811	0.550698819269618
0.624534765068846	0.382601788812969
0.566851796873295	0.374571505396002
-0.863437367333069	0.807524619655629
0.77335556525256	0.529061115806814
0.443660188080691	0.43717188679565
0.240407703876324	0.282826528213953
0.130868995942603	0.0925255759189488
1.50386518134589	0.730362174541587
0.82481853521291	0.422356498359501
0.306268963369173	0.226202219032903
0.0673538497059404	0.0306475226000559
0.466273324453877	0.162815458073122
1.00360690469972	0.463696464690307
-0.108893307830072	0.797283338788299
-0.283219484351252	3.08386669597679
-0.313613266245597	3.36599283792746
0.274214523444391	2.33399465006496
0.620352394921668	7.36722335036958
0.743688213434506	10.1100635798733
0.538797287417778	4.59811364315335
0.486194071129454	3.61205849886974
0.278387406609619	1.47215420573726
0.0924799504899522	0.272660512973672
0.00940732289172648	0.0228532307722476
-0.212062040527503	0.5874092106834
0.116028913972596	0.240473399168182
0.29819684822459	0.972098198619875
0.239271715322812	0.691913253553274
0.416532964568243	1.44059521179827
0.194505718754639	0.407388233260363
0.395886040093749	0.66945853136521
0.283447826823859	0.41554586209769
0.0300118427506606	0.0375090136002958
0.584888708944628	1.34262893617348
0.1954207884916	0.307628288053267
0.385936433887868	0.796809501320774
0.168969038817956	0.317264529757064
0.380111301537185	0.237608770386583
0.796934521693533	0.928677934441336
1.02673820411573	1.19042078446418
0.71128541431877	0.621473987635565
0.464399529440837	0.355019740248863
-0.606955984227069	0.5067367672068
-0.0765494970338407	0.0526136414081558
-0.222447122408326	0.19955820268683
-0.172380426645984	0.143383643454977
0.416082438745002	0.428818493520728
-1.23256279988331	1.88111717763829
0.0400687920305219	0.0353717780578665
-0.251334832380251	0.259118632390842
-0.083121243611621	0.055467786291383
0.578056537931795	0.565253740414364
-0.373981308402913	0.337874570940661
0.522447855984063	0.518323646039831
0.607372934072493	0.934032583497324
0.705194528745272	1.10095518064659
0.60298114301282	0.879450172617705
0.442094118989135	0.444065727710776
0.49525356405288	0.529583487459058
-0.290737228406958	0.249802104921419
0.471771340582851	0.525083106623174
0.919117585033963	1.63498035514573
0.668994502520473	0.59945406311451
1.0554390502359	0.987543948598581
0.649699081604623	0.4988937179953
0.226388001644548	0.17278989405306
0.126738453233299	0.0901780667351668
0.0603915873860393	0.0477383098045986
0.126695537802611	0.113499564305888
-0.452878764657336	0.603815997393933
0.188194313420376	0.191810264223551
0.307752136320937	0.35704837277535
-0.00731578870376735	0.00629226519450716
0.853023720564125	0.87502148701196
1.25022966612303	1.57738812222859
0.201751410960431	0.195230269744146
0.220741612839182	0.131368502733271
-0.109742894069061	0.0725579433299589
0.563143653322726	0.46817395909139
-0.161807201853318	1.41984119528655
0.093536830564689	0.57540692627708
0.349642859317805	3.4578700413336
0.446192167372181	4.20340695630461
0.685124960222959	8.64077691254877
0.566012409292441	5.10332267979943
0.623280991045699	6.01774756836418
0.152284187104987	0.639551974875944
0.173510662547182	0.53065649226398
0.158302527228724	0.511204627460412
-0.098348014411469	0.195028465307422
0.322251645583936	0.958200104833459
0.0342509327808257	0.0681442204879478
-0.0549886213905855	0.109210494972319
0.481137707063533	1.69003308156554
0.273364976275402	0.675353573875113
0.885993461799938	2.1940097580235
0.433638397006211	0.783472971997167
0.515392194218245	1.01760744032179
0.728141811914523	1.54744158918787
0.0832714834832711	0.11631134947287
0.0191176790544043	0.0270271339506711
0.309707474138355	0.641913736341034
0.274781924320179	0.598694440037103
0.238913956092795	0.420040099203671
1.21463739275906	1.74262321228436
0.843880965492273	0.971940759824357
1.29325913371225	1.84101242413032
-0.151338357584677	0.113562579063092
0.819904210577268	0.652025583739902
-0.54782739908604	0.368584653756014
0.343453319810204	0.251313063881428
0.0507058115069298	0.0368112828105088
-0.129710191920689	0.0996304034895029
0.853977971463531	0.884849013432074
-0.266847665783256	0.210232376586633
0.574865421510011	0.732376436733334
0.0625584107613021	0.0592388761097597
0.607366696652316	0.957786009010153
0.138813999365374	0.118382093133209
-1.35362781695756	1.47196108885018
-0.0993869876515285	0.0509326965898566
0.978401412133867	0.959931703508095
0.407096826770395	0.438131236432403
0.585339992110733	0.884770647939061
0.244747334810961	0.293004406207063
0.24925730486334	0.281454626097277
0.542343228005598	0.625313417323732
0.40105026522432	0.429712892380106
0.392893435918656	0.485781475524804
0.433989973233951	0.516826567931632
0.202726387426878	0.179880710009122
-0.790842046152585	0.756353401012516
0.0972547119887104	0.0580006964046802
1.34021264586918	1.95377955902865
1.3677226196949	1.90972111759723
0.765487021214948	0.821778943078142
0.629996039423145	0.387074427624854
0.577358562354045	0.63260564256241
0.018829939135269	0.0127268950581763
0.424268892215265	0.426994433155509
0.265811688742036	0.346995983440139
0.155876315932247	0.156542537331627
0.644865665314421	0.8382977889282
-0.704094405403309	1.09350103270851
0.209473776558721	0.137389793900028
1.56339707299702	2.05288703478134
-0.576333584836942	0.63834646049875
0.0951397149918762	0.0567947342532633
1.00691394020672	1.07463838130149
0.00805959222811033	0.0374388968100941
-0.123278511881723	0.784338002001776
0.362564104789237	3.48866772403702
0.495661221487072	5.4549448434224
0.374684590462107	2.77007349941878
0.312250258929148	2.08987843755886
0.0653714073015475	0.237870152472427
0.0902300462522545	0.291811319879021
0.0667504026334215	0.181114176175174
-0.102194875418002	0.263613664192532
-0.0141678678216215	0.0278975510420974
0.136163622547615	0.340441216767977
0.469582146393636	1.93107623530477
0.164202399412094	0.398834014816734
0.144063558857495	0.311112827254063
0.449091707065013	0.866763794353995
0.3707177708234	0.923984626990876
0.161884028028911	0.204781532650729
0.645852689672584	0.920456060295017
-0.273277663402353	0.232634281536668
1.62522278292005	2.01623200355528
-0.296747894924177	0.228013816683525
0.28732354570885	0.246569526561042
-0.449638017101639	0.39643654658313
1.38875383767508	1.78714781126961
0.217538867008082	0.136011466914878
0.542590826562992	0.465356708590073
-0.0999919033325858	0.0771036904141605
-0.209724938437578	0.15055006635361
0.201848034607052	0.178904420870992
0.00672743419862882	0.00542483800559224
-0.37461442232989	0.510547869629722
-0.118351941972071	0.100755705630547
0.416345525468188	0.427364939586545
0.874632400328799	1.08402563210027
0.702128313223398	0.514084971864626
0.513871152271643	0.458306647828127
0.122116764620552	0.0951886587167644
0.20513517695096	0.225312273297231
0.2040056222987	0.268456577867383
0.196378923916902	0.207089395323955
0.244791353506411	0.266516401646103
0.286440739045973	0.467367635034553
0.290052361325942	0.403883233461407
0.309454166879	0.430160587232544
0.441494249500575	0.515711597120675
0.437605741452294	0.502633945411987
0.0366173392560381	0.0270523909795434
0.207507617258183	0.174537621467795
1.32401415399043	1.48631201540415
0.311004174931058	0.252271866117519
-0.140142827619326	0.105301557389973
0.199589674311262	0.210185209823517
-0.245063459490493	0.324645449659773
0.243161148544568	0.289650374914908
0.137755384992144	0.164442663019911
0.375647988955733	0.426511810083279
0.214814416905429	0.142521048166558
0.292743475833548	0.341174392975325
0.108591930117975	0.0744228474933493
0.0687965334724433	0.0311089255592497
0.347951887135214	0.244420700529622
0.00302373655261265	0.013326832385813
0.374573017104285	4.50882433049182
0.369218793614784	4.32467682973457
0.299156731337018	2.43278620371069
-0.114250626941067	0.509873360699349
-0.248408606785521	1.62093319627176
-0.0217713533169468	0.0498735896017762
-0.198470338101293	0.818776023182476
-0.104166046778931	0.197879363797302
0.100250167098799	0.195477174274595
-0.383795493694485	1.66489086854179
-0.166962070023035	0.45626148459658
-0.027177400752149	0.0584732156055214
-0.329194814176176	1.08325440825567
0.577158539162247	1.68162811556549
0.367559489157277	0.677217884569158
0.211512282207142	0.250277522637735
0.267014427961316	0.298948414238766
0.545089337231339	0.622310200633985
-0.13087197400867	0.131981407344124
0.217736675537391	0.174042880375907
-0.556448295838806	0.477604641660858
0.190458944946155	0.153197511135297
-0.733486093386634	0.859361058191883
0.282226182637245	0.268651219574015
0.0427123988481923	0.037050568405339
-0.479272883829039	0.588322616447581
0.379535793623572	0.422890756688969
0.241530215404307	0.277256778794428
0.668363719501829	0.770898437240215
-0.224847959501686	0.21320537313624
-0.360894345128766	0.450060214307313
0.346540547759299	0.478099681301565
0.788338852768251	1.16282483881144
0.0859568636861851	0.0770099966214901
1.2134986820536	1.82544844963747
0.134714762368314	0.114854324686613
0.202906483825601	0.175964943040111
0.430465166080574	0.503332908032077
0.204306177783799	0.182010008994972
0.0998291036765213	0.0958660821069276
0.335736830866695	0.330576786979785
0.263749867655234	0.290190157541408
0.0118665394720047	0.0570758308436337
-0.250702652731156	2.43419651722347
-0.164795285380927	0.973028502708947
-0.428253298828953	4.65616887696531
-0.373280552038986	2.74772374728008
-0.416620878096065	2.64161840355312
-0.311328468146021	1.42045233568487
-0.241806476816765	0.939543034191972
-0.161193403022012	0.466811822338894
-0.0241169520700552	0.0532085422575211
0.387195527468126	1.48834268549854
-0.0526358847887761	0.110824181503052
-0.315093334136832	0.494129281756744
0.599112290602834	1.09613044923993
0.278312223317834	0.419492126724136
0.592119640273892	1.13046693138486
0.210293282133834	0.338320061333638
0.1353669238068	0.300920937848119
0.256554642043099	0.582903398976615
0.0645461954113538	0.106353829105293
0.367581793099893	0.985580009808928
0.377805681616874	1.01702990256952
0.157714976076539	0.336707684671771
0.111898147178226	0.200387821598199
0.0657589771899436	0.051651433450234
0.217146873798198	0.178932644390748
0.217715659750124	0.144510841690935
-0.8636095068403	0.874849298876179
0.0254378415793015	0.0172692793735215
-0.772735586260486	0.728904266879206
-0.694801626291622	0.571066877496465
0.753350842550822	0.62019679243225
0.0981597049391184	0.0586471466110113
0.303670324620984	0.246542243790827
-0.521720532784555	0.408924789520569
-0.414972288563799	0.401222250378672
0.375800262498494	0.42718275529622
-0.0101701065850547	0.0104240741361145
0.490518805741204	0.591690036902298
0.298031902062284	0.241356638763869
0.0792692446933228	0.0798715847039979
0.376628928313723	0.734229493622089
0.469923493941966	0.435358898531655
0.200356952788173	0.199322382849184
0.581941377665911	0.815748845856816
0.347610620312927	0.241879554417053
0.330998428019387	0.340454677086961
1.01207143646933	0.590088164281743
0.0704078132101235	0.0289326849508286
0.318512189615892	0.137436683570048
0.11901841364297	0.084840840854905
0.312165121517702	0.331218533668191
0.51255154773613	0.883193586617341
0.501106821905711	0.999098744396441
-0.0406336227494658	0.214076881302489
-0.242591437507598	2.15769846989471
-0.259482006687428	1.15569606234165
-0.0684771432995551	0.224534783814151
-0.165873223715144	0.387522368740005
-0.108171763838773	0.21597985537903
-0.0469493056276948	0.109973490600691
-0.0608406477141086	0.148215119212586
0.141007940227646	0.389422177904382
0.0290519532855531	0.0569166958900246
0.0756538484629475	0.138851892918311
0.0975786992100771	0.180683827028942
-0.0545625463494083	0.0953488074594738
0.426779888842705	1.19351248778037
0.207987012139898	0.46262167124673
0.0283114485694306	0.0345877930689292
0.287732755077222	0.494893299065775
0.260418660786301	0.52858975375791
-0.264547131466878	0.367949416234937
-0.700089607046731	1.07621608980248
-0.363904352278058	0.602720996392025
-0.382020780519183	0.621189283704764
0.382689038061051	0.653283900138455
0.145013275731752	0.182776640067448
0.20516228496751	0.256506725584511
0.00179630261631155	0.00221133852802056
0.0593292938879287	0.0621962138117928
0.259243822301369	0.312809685081999
0.11546362877577	0.116432456294622
0.126342855625	0.132947819842701
0.736621477593701	0.97085803622455
0.00451838703926722	0.00336204300225993
-0.789236017464503	1.01315787651808
0.504922333864969	0.616604255339426
0.190388261687776	0.148295403785731
-0.0761745563656328	0.073998159350915
0.105485686120946	0.105717507244216
0.142978899661768	0.142031346461441
0.587269424192609	0.72926487967057
-0.152748745533807	0.150513959594512
-0.0697748337609747	0.0689330365654355
0.329784026669301	0.440852778624567
0.259082105449377	0.265976847972687
0.315227798937589	0.406842343435869
0.916219200732355	1.46496375748461
0.736133767456213	0.897627691346143
0.298507604011518	0.383584559800062
0.06124316753609	0.0494875536222878
0.142710685205877	0.133450772278791
0.200003154341407	0.230989585269087
0.336795062126826	0.421212706570164
-0.18522235792393	0.182698347129057
-0.0171588686534567	0.0126400705922691
-0.00822642030781935	0.00614829664028383
-1.67562262435832	1.95734102212967
0.125349400335986	0.1009261737394
-0.123867765871838	0.116640825157092
0.254380732707848	0.248420172282653
-0.101405518927032	0.0964536005917542
-0.151806509149649	0.126434577430481
0.348406640338268	0.419878642278398
-0.00549984087503476	0.0241424116717838
-0.13655455647446	0.943917276524536
-0.324839506165082	3.11442160044919
0.177032154400317	0.705248114689336
-0.22384270525573	1.00474624465627
-0.107440316966543	0.250969106971621
0.200916178516123	0.493775623095192
0.104879889555736	0.27873134083184
0.294541637663747	1.00460271014318
-0.120258380266931	0.299037829748666
0.0601143099116472	0.118266599961062
0.405982295828066	0.822604214286492
0.273415832470049	0.506522114518614
-0.0611074348772452	0.0890764635948646
0.440577666962539	1.00305360095281
0.157627902120049	0.300016799771053
0.161883851886895	0.261953382051974
-0.0220460702680782	0.0315708757320061
0.130516442154309	0.252947047256423
0.0880681413533467	0.12277590260682
0.0938328306527011	0.113596754339282
-0.592297425832002	1.5090523437132
0.52844969874365	1.18523378923218
0.279284402140113	0.510202630230903
-0.287070424100592	0.510371545569921
0.413451304726438	0.754566020547934
-0.0221737438867861	0.0260990480314121
0.459015315097596	0.602687881863815
0.470467094900244	0.596140283769451
0.333635081972942	0.335676292736458
-0.0801214597027102	0.0548739844706596
1.57898805348808	2.71215850544306
1.02708115769152	1.27832113534995
0.71484822583323	0.777872764858504
0.410237898563354	0.419663309393
0.481644699646742	0.453618597602817
0.307321665774078	0.326284250225637
-0.0579789567388649	0.0464630797392398
0.523380211795778	0.613066463281384
-0.319007422751122	0.406900133965349
-0.419622942444541	0.572347775627349
0.158803003229379	0.173644332881297
0.775086152639053	1.5536624584931
0.706469504593378	1.19464919078088
0.0413597989155098	0.0416658942935563
0.153139259675855	0.15848602813638
0.864425740027622	1.45490402395606
0.119029865005469	0.0843493759672181
0.347348418808634	0.335907745891838
-0.170037333404275	0.140829438174858
-0.135971863682772	0.115763751391476
0.421039337237082	0.50021894828765
0.296085463110623	0.348027553569715
0.0135680192938247	0.0123451979515944
0.281654189238746	0.344450197851504
0.605877805199448	0.654405406045916
0.766792175827527	0.830326821394811
0.135706765063195	0.108123831598919
-0.00921319751876212	0.00688265725133414
-0.0653251366903316	0.0355459279844875
0.493095528888988	0.452113982738591
0.0941559374620412	0.056551960431468
0.511726043808196	0.352072805089892
0.520955605862604	0.357636636749029
-0.589594878890483	0.451985934546862
-0.178675748343125	0.162227772077015
-0.0108086446328481	0.010811022616722
0.277773625006422	0.328617677674146
0.00922161628556273	0.0427971046681646
0.0410582411769623	0.202794710373616
0.108491994163418	0.484742082464914
-0.0392723967155727	0.122422325352623
-0.010656244551542	0.0265681549909222
-0.105234866013182	0.311811157703098
0.0757662522588532	0.202259484030206
0.421614261312866	2.04984558607019
0.381328163811586	1.6298112986641
0.469188951699381	1.98307522828853
0.0793996898842718	0.0870139770436883
0.385766343061436	0.727254825014647
-0.0881885254197764	0.104440916046439
0.578085891115596	1.20233835779173
0.267250871994642	0.482233727270581
-0.204510321718692	0.505816283912769
-0.0590080274466383	0.116487720161696
0.146720540655719	0.350607495429377
-0.0596427270849698	0.101095134863354
0.0665787569388682	0.107215063429084
0.0970831079085229	0.179190566219653
0.0916300316049547	0.175879589110468
-0.186220401261992	0.380041375313861
-0.101710723214119	0.190427306651185
0.0971584547294903	0.171255515198038
0.371985723209657	0.628954421528684
-0.0263820947370574	0.0220148517417649
0.00886317282357441	0.0054550756254045
0.526320206356995	0.367083252377193
0.115713748206843	0.0837477409491455
-0.0140696909701468	0.00843419071597336
0.118634114025428	0.0846384417088565
-0.381655305596926	0.344493168804451
-0.201166855453605	0.144059723982993
0.104052392801323	0.0652699302976415
0.692696092459889	0.710362457958631
0.443070040732872	0.354176082489628
0.388152601979184	0.421884805761822
0.146543288051136	0.1434727390037
0.0375711840700189	0.0407036953128262
0.0878300765573145	0.0919526497032886
0.206361238113719	0.192559354129726
0.326838228439901	0.539096380080163
0.130660599096995	0.156293050384802
0.393901723028052	0.584778136326258
-0.21769924146725	0.252962595504662
0.123497540090709	0.13097575571338
0.393099703573692	0.600500642230066
0.188975947862819	0.260564713864607
0.0728162536503076	0.0834778419114346
0.332949123824238	0.501237000664163
0.680275299571124	1.00184857441989
-0.194143172706637	0.117218328090003
0.403505808737526	0.517516533907786
-0.103604719264492	0.126027594708915
-0.447381133932687	0.607563465519169
0.245664559279199	0.292518677506171
0.194988323253588	0.192249396590719
0.818089022834178	0.766086979582779
-0.881935350489944	0.683104102523318
0.454325760965872	0.51240096288519
0.557651498180252	0.360519124946873
1.38471251020381	1.26617545175863
-0.234569437868283	0.134712583306143
0.229296710839327	0.127984414711052
-0.631060729354388	0.402232780389475
0.0943067587655144	0.0567540638328939
-0.550610453361073	0.368484608910424
0.391328295366999	0.42776608646049
-0.0509349286398628	0.052617976615335
0.19662373222045	0.256732230471597
0.0840063087822448	0.0988263154448844
0.10943075117082	0.121806031934755
0.0512045009321595	0.294735523498154
-0.0661581597578891	0.347852258825438
-0.229098833218226	1.49017137961284
-0.310096845303982	2.09657338303576
0.142195988466359	0.541504355854685
0.41077659442491	2.38374568025806
0.35907765686355	1.81301943147476
0.626708937466042	4.03290414310581
0.118660062885814	0.302796288098705
-0.181733657056729	0.248428265365269
0.0171362159046238	0.0187803245534043
0.29394092013614	0.492108250427894
0.737205909962368	1.85635409115356
0.413821374239571	0.94536889256215
0.278281129932968	0.914178207944566
-0.0825249818566383	0.170903402113566
-0.158712893550798	0.367164306977731
0.211419870538725	0.442077576651814
-0.000299055748234309	0.000515674021214562
0.295061044995379	0.793372830924232
0.124561816493206	0.257288280074085
0.0279728973011342	0.0437279488500479
0.141668418552839	0.304200555217197
-0.445205379218725	1.16077975830396
-0.069910097956873	0.0824988479207036
0.201261971746365	0.183275257004408
0.225634881501192	0.124875012582121
0.817711280750646	0.641367781660454
-0.523211282379695	0.406418958551078
0.465937742102264	0.356613903908355
0.350213541987465	0.338033054469395
-0.746614940283824	0.438156639161302
0.213335945579863	0.154319955696163
-0.0924538289849543	0.0617838993963188
-0.792577729133367	0.816995760507116
-0.139259343220745	0.104759517873651
-0.0980944210167561	0.0772177796918883
0.632040840022874	0.809715385414881
-0.0810858554449741	0.0981806578167264
-0.570878988536039	0.758376240778263
0.796644079827645	0.925319327211798
0.486378350287536	0.596106650289561
-0.234477593606806	0.369977969970749
0.143710601677417	0.169965974999679
0.387368988821242	0.598626313200797
0.1592856803868	0.168612103507237
-0.290968772462706	0.365350453791457
0.298082069504915	0.452638561854829
0.0647849934150633	0.08671769945101
0.128913246530695	0.176506700485649
-0.531860994547812	0.872959809510114
0.477993369193059	0.679480614495524
0.332335827888872	0.241041570925084
0.414451196504818	0.51320196336333
0.059770509330689	0.0637015168805332
0.348228064543322	0.426364573788296
0.209606866916467	0.22506538587991
0.395381487149186	0.493094546686376
-0.199851469851415	0.142133332398869
0.71178223046658	0.401014967265135
-0.702388797039082	0.910064053251243
0.78245886929674	0.527925954657098
1.14641178557683	1.017861888535
-0.880931406098882	0.760230109660983
-0.47267481491258	0.201101509799722
-0.196347715148593	0.118864618741731
-0.64015418225369	0.40932607735641
-0.484227614943869	0.278297271336848
-0.0304858534129405	0.0218730543020518
-0.29770751473376	0.413910772602328
-0.153054654080455	0.208310411421091
-0.637434067035016	1.05568642696813
0.277943595495067	0.363195964141646
0.0804369020570303	0.0690737003441133
0.135463493607682	0.12559683981519
0.246082791509393	0.278394850804503
0.915614678103455	0.692003339265148
0.00133609377520897	0.00600514072896253
-0.233093648189983	2.21727977683051
-0.0646380353576047	0.298801331874929
0.271085494482736	1.9408678381586
1.1601280594698	4.05584727842546
0.268521610561961	0.412518032713881
0.802575375422477	1.75851899741456
0.310405623185479	0.42710030668992
0.280745129992573	0.471182043918372
0.0171374458395871	0.0374570250865247
0.238075061779573	0.623872972631584
0.117377853227183	0.229099466744001
-0.208356185019722	0.470241009081073
0.227056141224755	0.575249592045933
-0.0376667858886175	0.0731420872649334
0.099168559071522	0.205635044013714
0.0597617924666094	0.109118370459212
0.307340755355747	0.904488620528262
0.0164834489312493	0.0248890129537176
0.36272730900196	0.553609794546878
-0.132301560587985	0.0987881534361638
1.0403886691063	1.37706560842921
1.0669758528561	1.11044437572241
0.210703887658904	0.131327981759117
1.34795134230375	1.38760529549512
-0.321099029438607	0.163388481379989
0.493900434582412	0.358723008786369
-1.0002954304531	0.831302916520217
-1.22963811150464	1.0399437200019
0.901540130136151	0.669103897989753
-0.472981306783322	0.330094265265569
0.731105725761277	0.806822455535944
0.658704641954738	0.892005893388543
0.00254788283461583	0.0028077049148358
0.0936586479354828	0.0841418726923168
-0.061486512790603	0.0418309762409996
0.440434527821874	0.350999191400819
0.563262020313157	0.367337160983343
0.77106908705872	0.523845594790657
0.435044347500149	0.439382025274733
0.100067848307365	0.113881731493656
0.425597762449563	0.504623462245954
0.187988201408089	0.178404787236833
0.472901977144181	0.905015259382651
0.169131909318323	0.285685401656553
0.406656586004664	0.798580220286905
0.27271561924607	0.353915536241799
0.485993577549432	0.528769400048986
1.05065808185599	0.981648063399956
-0.00188225557861425	0.001882959910759
-0.14522862148233	0.202019496398927
0.284648062709499	0.345382410495195
-0.421186961133559	0.601513064563919
0.270915117715604	0.287705612917153
0.324466760812789	0.139800965814163
0.774583517834586	0.527246726358777
-0.109432497349771	0.0717503116594588
0.618693583216316	0.370556661287783
1.37490833503491	0.815240796241337
-0.142638786253555	0.0638144711819559
0.281280207210089	0.132531454520161
0.321341047986327	0.137987569525558
-0.488713957322515	0.27825643481042
2.27707338635453	2.46047417003831
-0.430012177531103	0.469026536144888
-0.223052518622775	0.308220919242772
-0.455541813878719	0.671168894325248
-0.161083383988183	0.208046717128798
0.170167011610341	0.203745634447751
0.107164592708872	0.0996560340454688
0.28640180072231	0.236608415417301
0.0589922687265729	0.0586301468587222
0.345986732249723	0.240344500538561
1.16980986460019	0.766650376923694
-0.0380947372575037	0.203953510418999
-0.351172399781763	4.20345165102702
0.095633918668752	0.483925127689721
0.583671952174689	1.86719898940653
0.962909194526684	4.25670061461441
0.727204759110795	2.55128933618871
0.671678993185892	2.36626598634598
0.800009662092316	3.55007319695528
0.280144475860019	0.897935550365812
-0.193087649779681	0.479947161682397
-0.0871659966376506	0.19236610260849
0.174943858852695	0.361468755641622
-0.205202847829984	0.417118869321155
-0.03956551889489	0.0704538923598753
-0.169321953176512	0.344982511082737
0.00828012144181785	0.0116477274403767
0.0133283824193751	0.0209244561042564
-0.196871661261013	0.353083642861754
0.347716382482329	0.656763498980404
0.127248605713332	0.136398495595258
0.157522256372348	0.153237347401942
-0.000775567084662446	0.000700882987139231
0.0156839777288638	0.0124832248056234
0.0496089383508931	0.0380071779061376
-0.0477256991507041	0.0333531756594033
0.768879751534003	0.919109836364727
0.594288603642573	0.787607881497604
0.557068160430915	0.477844764700172
-0.548457280988494	0.550298741343354
0.902558705337775	1.08989199342437
0.313221302702444	0.341409064313518
0.72337205375872	1.19607544974201
0.654088068947856	1.23528892070899
0.0524521969667736	0.0483846999498833
0.0836319747657936	0.0717406088032884
0.461030765322582	0.441476046647464
0.205991865085161	0.164412562058934
0.375869597145738	0.33527621675889
0.341009841496993	0.337864503060962
-0.665027442719199	0.908166775341443
-0.0252963806931108	0.0289304278188911
0.564005175071023	0.635680175611467
0.515533267361118	0.824129735427842
0.787380838813687	1.40114272859371
1.06654157237775	1.61372750625265
0.549104554470512	0.549560509678856
0.414813621477555	0.515877959371937
-0.582368427360279	1.03108181820595
0.335372077686263	0.453184295905055
0.586209369638642	0.872388424422324
0.244139421758905	0.278620869081101
0.740215560748379	0.725565590825747
0.866119611050514	0.781431162728261
0.136240185773135	0.115192925270256
1.23555907890681	1.57580034207592
-0.325502564348595	0.159969529890732
1.25374182671001	1.21923378527053
-0.22847445207183	0.158852812156097
0.108399245505161	0.0714703316531995
1.04500645669034	0.982474314116742
0.455863440108564	0.438047663529856
0.696272560805109	0.951157986586906
-0.273333798426927	0.363105217067184
0.0058546900948653	0.00603205788370563
-0.66335277318783	1.38628543308682
-0.0185449686482425	0.0175307656691385
-0.0693300291289404	0.0732119785869313
0.293984121019914	0.364584350238455
0.163848125581968	0.167489132943748
0.286845082062639	0.238314332570587
-0.931664802745882	0.992225464522528
0.369554529033585	0.244790265392913
0.319059905658222	0.241892559052875
0.905376412546998	0.685394801192416
0.0410695472527976	0.231677937939147
-0.166244101694194	1.40554327814546
0.541987523383312	4.75226912179801
1.25965370027366	4.43474291364617
0.52367141200106	1.06911981252906
1.02209968576823	2.73434299758378
0.357425885413872	0.598038934165823
0.432931524877383	0.893665015120786
-0.097976810810688	0.306715411514921
-0.43460231664916	1.89046314545616
-0.143534359672021	0.352407100672852
-0.195254624601504	0.532169997341986
-0.0656109027046612	0.149705576015659
-0.276760885652793	0.981480392876273
-0.0328005346394542	0.0668323423246295
0.0597956895030221	0.120917587422163
-0.20692689475066	0.559522852142201
-0.0596585229861713	0.112002056077471
-0.200988392301535	0.273528357274044
0.328865375823479	0.239244736389712
-0.10316468915228	0.0671305315590119
-0.688017862538489	0.560973548505577
0.487160069094315	0.357429823805255
-0.629534902604489	0.570314031467681
0.226248126140899	0.149771480882583
0.456973003069098	0.244806479725738
-0.0425573073034441	0.0240039642798713
0.47068089697179	0.753353620972157
0.150515582656043	0.150303860371107
0.571817882633655	0.373090304400113
0.241591177266524	0.122679188098925
-0.869630403180134	0.47886276195956
0.0681519446833507	0.0333439654951747
-0.218396288278619	0.227130441389712
0.0448854560217762	0.0551248558595583
0.154042287694345	0.157417155235887
0.388570622973251	0.421825365834537
0.610691578146903	0.81372514689163
0.19335655193597	0.221249746641296
0.0136790622917601	0.0158881265604036
0.0319170258374777	0.0454374113555174
0.210172043382411	0.227654056503715
-0.13412139029201	0.18695780901883
0.15061916453204	0.134301028176507
-0.172586292956115	0.183217767527203
0.00184769280965756	0.00121837978217802
0.0815320174152139	0.0432417342784754
0.0739936679194959	0.0304074742485796
0.127171683299289	0.0937541069428252
0.320730301930314	0.138584235743599
1.01056896549613	0.583302569171763
-0.468998509211521	0.199462619831221
-1.55511857943077	1.05611818777397
-0.569687292937525	0.30213016201006
0.242932714025832	0.12465890448974
-0.568801837408477	0.302436217294843
0.642109163686335	0.755126065155633
0.400831237065577	0.641149844497083
-0.217297538258522	0.321076561083041
0.149089565780481	0.203490823084443
0.577610837465826	0.93862524414413
0.630129679833537	0.585426847417931
0.0379691500766584	0.0328714415579138
-0.38482716478379	0.575224063622435
0.36554271253303	0.141112504091422
0.993418067809502	0.464543167812599
0.0762372057665764	0.028012713445288
-0.374883475872648	0.170899379263817
0.0725317238371792	0.0297811028960305
1.26675231678754	0.540402083497145
1.37949177526255	0.822345913826972
-0.0391914082086491	0.217711536470374
-0.0229875443078219	0.0964799319076224
0.3774787850763	3.55054034887039
0.0222954986468447	0.0733074930928347
0.933300032219557	3.83854599483359
0.619083796192126	1.74446579038463
0.761266355700146	2.42451787512298
0.938658654962465	3.14623613473405
0.395475884234383	0.955953000888674
-0.376690109584884	2.00061972785439
-0.0468394216849569	0.111691792046705
-0.210472858730064	0.658338955067992
-0.296134427972646	0.932608470099799
0.109144979374746	0.263811122514011
-0.373010095511514	1.52094665316883
-0.0104968316102393	0.0205020334988726
-0.383581376638455	1.34917988450191
-0.371992499043772	1.2925887730443
-0.334607800195356	0.985172266373473
0.150014523208392	0.190370644088236
0.0513171339047005	0.0382232760047621
0.539575538812218	0.465533338519438
0.328834454596299	0.24839132057526
0.961640544529602	0.920717715827903
0.825710048052452	0.657169511813058
0.286112130423394	0.246022619028661
0.29370888098118	0.24586792233544
1.01752259037998	0.712043977074358
-0.61338462864006	0.510464694072037
0.22393784408369	0.155112813325735
0.410654627665017	0.350147868663239
0.204467347549362	0.195706831410333
0.209450457241247	0.240699306994914
0.526173926366079	0.860434792669387
0.455781572435972	0.588605564851224
0.165830955355916	0.308670472272546
0.328550984719526	0.505934523147219
0.546208961820658	0.619648962827236
0.313476065471908	0.340187716646012
-0.378450382222827	0.763143278729764
-0.268658537677746	0.314987791984503
-0.174847309880746	0.219589426540162
-0.366097829867139	0.364185789633191
0.458248966231902	0.248748783867838
0.766220180734505	0.520098293124435
-0.144429508836377	0.131799051531175
0.237277431163011	0.131500557911828
-0.381087077102472	0.175878898558485
0.760123976929143	0.309432958586382
-2.05757245788519	1.42522357004231
0.228964282181093	0.135632843184153
0.226384746833566	0.133700410526422
0.410672387854166	0.236613236230935
0.47192147989566	0.590643020765962
0.230903605283739	0.29221831751263
-0.289491700428488	0.454097405296146
-0.122859087995569	0.176356832458827
-0.12168159568107	0.145415574559782
0.199838212412829	0.162620155713894
-0.190915994806933	0.155810699927611
0.434317888121655	0.650885818109851
0.289834860099654	0.136218653027527
1.17017039581539	0.745488447043192
-0.175585087349228	0.0709912671211856
-0.11824438615459	0.0572894727404
0.613246033967951	0.27430184274171
0.625163906179193	0.380111731444517
0.619659147063242	0.280559925219425
0.467835554520711	0.164483539903032
1.68120186666736	1.57655226891944
0.809208629868687	0.760512261258358
0.553878444890229	0.464900819859616
0.134200237265885	0.114305054160822
0.089084347157881	0.607297064956551
-0.379802443774928	5.43773863474803
0.0531531592926603	0.257057393902102
-0.200509133406863	1.30473797859433
0.146416208289515	0.434461500568234
0.100298445190374	0.267187369660318
-0.241225509161447	0.800633586765729
-0.160662855892748	0.435571823744782
-0.562771450879702	3.22495193209525
-0.367810265750714	1.6543823566247
-0.320749078089454	1.23977072405839
-0.191140902467809	0.635959130233487
0.103454364689841	0.212230493296554
0.094439868955656	0.188855575420296
-0.148066960530338	0.371768009914824
-0.157734339039485	0.371535993055294
-0.139656953555235	0.282720798663525
-0.139087133126995	0.296216274243479
-0.146809944310423	0.300067993716922
-0.409741329121537	0.966201405363583
0.52052430821116	0.969967873355106
0.671188602587212	0.929258417039197
1.07517280609758	1.79825494111462
0.531578360008669	0.763286212901347
0.521679344697265	0.601922016992346
0.535485102758661	0.550065781739035
0.0351725973015404	0.0294859534837643
0.0420197405559757	0.0494071428787931
-0.0231962748820209	0.0217254844924177
0.252412489574781	0.292567309750872
0.112586697309266	0.112914712379691
0.213277523808251	0.2182278417356
-0.146777534085533	0.187579495973241
0.201824893388849	0.231108773145829
-0.252864306215106	0.344510981978941
0.247683924298981	0.306072728455647
-0.354959325338767	0.351072983043837
0.21506176438853	0.160532960657192
-0.509089035794851	0.683875652666269
-1.42799465720832	1.79684689597758
-0.793163393475864	0.752633435644682
-2.1144377317531	2.15079791942387
0.097721702768747	0.0613209844107819
-0.341199107681521	0.284616404477574
0.651435022097757	0.67404922738693
0.0145025077527166	0.00946958160614045
0.0278521146110893	0.0257312496967302
-0.533866280305825	0.959936182466864
0.324577450279653	0.529849062701766
-0.797309652741327	1.79765456467159
-0.0970576545547381	0.121435213520895
-0.438156563230066	0.650952048089328
-0.0820860467982572	0.0856435005728025
0.0732591951188295	0.0808547172191735
0.382926563885227	0.333327604459783
0.282910313038213	0.255756324408563
-0.653778328905653	0.641993536446515
0.218476831045402	0.137902266995071
-0.127617540895065	0.0954514710560254
-0.139264575605253	0.118408836259612
0.472845703252826	0.253263720338039
-0.329750246547787	0.250161318091732
-0.0248830634545046	0.0182430362699851
0.112572731378069	0.0769531450160633
0.376606924283398	0.337480035802295
0.00226291599813726	0.0102908129658747
0.453038693636362	6.46296505077458
-0.132715078678778	0.739803135649238
0.48539193578489	2.61435081712502
0.280991423490331	1.05913618693452
0.254168369935471	0.892751761295416
0.0835433264429242	0.205315204145385
-0.237153465068155	0.864380073635712
-0.200252788649783	0.700431261135569
-0.365218752855403	1.49542587393833
-0.301324432970152	1.21912207960343
-0.276312840830392	0.782007911101877
-0.318094214967203	0.944306453568799
-0.142550820572283	0.374393987615322
-0.0370918115788524	0.0779927288358847
-0.24111053769119	0.612599480822171
-0.150846063747147	0.315594847167431
0.290251429505954	0.712861063000738
0.041328497545146	0.0569804016461271
0.30808849348102	0.43580260873418
0.551414301104027	0.863739547614796
0.775590073568774	1.3278008941612
0.836906388727066	1.55173184545094
0.213964597746748	0.265629398172363
0.307929520267272	0.354184967688197
0.366708826333713	0.612780266920123
0.142100825874486	0.183552296573142
0.172031734115231	0.217557969973811
0.460286690129184	0.863897523382254
-0.891314124402494	2.04355345326385
-0.0720062787377561	0.0788274696927214
0.122776401680553	0.138974861295137
0.397004326044972	0.558926206082065
0.953863839740437	1.31526072614291
0.263090191559121	0.254201581649856
0.531873865985621	0.605924799068864
0.394156017657898	0.565428244922432
-0.00414473887047219	0.00481586118715478
0.0601307721584005	0.0634342524653305
0.353377808898431	0.539263169510431
-0.26733035264206	0.358974704633837
0.0258084437605925	0.0175017549470821
-0.240440715438214	0.213356784680184
0.463487042425696	0.588854312124108
1.51036562749292	2.29225186232386
0.462257579862745	0.355064816011944
-0.302600290273305	0.232272254681489
-0.1045915450034	0.0685078987512059
0.117188752947042	0.0801314193140027
0.117526856181384	0.0888560990908742
-0.108300005720304	0.0711538096494418
-0.165977888472669	0.165878345752536
-0.295044087976652	0.395565342316766
0.00136976631267576	0.00152318259361459
-0.267031503401272	0.421382240651804
-0.392876120015384	0.665569279923293
0.199097744089295	0.253009051148084
-0.0354650365857715	0.0375298525742211
0.28307129640455	0.37593923225163
-0.554860152173388	0.475615623888983
0.00365673175056986	0.00230851549806389
0.223408939656102	0.163540716911294
0.0814455498794951	0.0460527729477279
0.0311533908132156	0.0208677206320672
-0.131769157482246	0.0983873404899831
0.492658374419879	0.447167192213467
-0.865962412528929	0.81887958002311
0.481718633591816	0.35030695375016
0.311970980426651	0.244013081608362
0.118034347070704	0.0837431370249778
0.268184170269185	0.260259338687292
-0.0398537177700642	0.21145027690274
-0.549137122749401	9.52611152777672
0.339060925781923	2.14225321964239
0.115785852174476	0.402441536956703
-0.139463616905476	0.489995366211857
-0.31925578466367	1.57563574547948
-0.737891627052238	7.12809783874526
-0.596083777714088	4.74405990543792
-0.164327587898146	0.52361439583455
-0.523178736735068	3.51707161513623
0.24569436765729	0.640002725926653
-0.0226638504246942	0.0377982358061567
-0.054131887409329	0.111198762344363
-0.307771796838597	1.0203752747882
-0.41051943610969	1.30792451875456
-0.0319021986801977	0.060397644644507
-0.297681140213244	0.778640962148244
-0.0282495397666409	0.0471970549366574
0.237656910781245	0.351022927819202
0.706033365270866	1.40574888906429
0.195394875843527	0.205353414469484
0.029835717525894	0.0256334422492458
0.24465021753855	0.300909034904544
-0.137776020390879	0.16335795329523
-0.954058176936437	2.19150256276827
-0.402097769002669	0.667988908819964
-0.0226323923192593	0.0257301446199914
-0.246936249544339	0.347255848241815
0.473469957765824	0.683053178792608
-0.107976499285991	0.119596967351784
0.379349609443372	0.486271584575415
0.135586604024992	0.192649452421773
-0.680513844097758	1.55676271589375
-0.706886457210463	0.916236617308367
-0.187388453529396	0.18547139446986
-0.270482407735728	0.365506814601626
-0.70200016223296	0.866040982599801
-0.616854413149604	0.609824383052326
0.395044667987349	0.331597355433948
0.61015321371356	0.489192481572126
1.08751774484879	1.33918472614509
-0.0142366420607441	0.0105313157052191
0.0401936816279274	0.0304645281978796
0.253527552819483	0.320145523120226
-0.200556872698499	0.312564876888962
-0.0555230186959894	0.0664136139943988
-0.394366420263851	0.789242652767196
-0.612523431556579	1.31232207286082
-0.334551058767757	0.564413592978195
-0.392844597188789	0.690595276575099
-0.716070297254386	1.52717839461221
-1.00020417233331	1.43455968571838
-0.112672615971072	0.0860535292536064
-0.0516347513863702	0.0369561085872304
0.755078682517836	0.892068165694254
-0.782196040495996	0.688589571730775
-0.803090600384363	0.925766381061596
-0.0518793983354833	0.0293000493474585
0.33214319614927	0.24339261128378
0.12411032049956	0.097316663885412
0.117228366886757	0.0881485134488009
-0.00339169991840193	0.00255459664155436
0.151356695384629	1.25538544399752
0.329475138441401	2.95999918919623
0.139561862659079	0.666145841332907
0.146601815320717	0.671947814185202
-0.134284323786283	0.552974308976964
-0.75913558857933	9.14685585391266
-0.798006741142387	8.22802239242375
-0.515274070197227	3.21825865219222
-0.564096083276424	3.77669984921036
0.146438272078296	0.355408239365299
0.139649942363737	0.310620931293257
-0.00053028488990775	0.000942433483446824
-0.194293135106199	0.577288706084511
0.0475316974902324	0.0917649041303313
0.0917054648521037	0.20436217313493
-0.407069906482898	1.45113489729582
-0.461713434258689	1.66499969536841
0.415203550343327	1.03281784752181
0.215299651837494	0.325729985907676
0.383438566475522	0.698739939292545
0.201375538163935	0.325917843199144
0.242006468626913	0.337471936650011
0.532464759807206	1.17491214070651
-0.0965331916442918	0.11576470087502
0.105309312319701	0.127604504874122
0.313448093093475	0.612704129002031
-0.0972001497631271	0.130458136814271
0.247735477401313	0.357293049212209
0.629361693420532	1.47571885587812
0.955026038644761	2.09669607465514
-0.0285780449297139	0.0292457439413839
0.0732333724411728	0.0997598206375944
0.244206926544849	0.404975775196554
0.58639673668688	1.27430657163338
-0.130993267014813	0.208274981426203
0.502343379025581	1.07282815126093
-0.0533447872448585	0.0579342260902996
-0.00481585055168432	0.00413514983918972
0.448439486194592	0.823768989466809
0.35023092714581	0.435074706054233
-0.0722225667171387	0.0645100312628127
-1.02014887884741	1.80739847176783
-0.491993219489136	0.53319910332029
-0.602552516082462	0.83445629259473
0.373870406821704	0.486022430751191
0.342486804834519	0.426024959253881
-0.199935112232206	0.311003508701071
-0.0849564591567259	0.116761696506967
0.0936062750965462	0.124401096796161
-0.146085544277314	0.188299969345158
-0.524101541374803	1.17959711395289
-0.305615276733405	0.546948691836019
0.331980996457049	0.550513063068473
0.0358102203625814	0.0440853418489933
-0.823315968499687	1.39046745072108
0.320010311689285	0.359558043085207
0.283688366480765	0.327231586244146
0.0929121805916591	0.0868601843195451
-0.340864451868611	0.362795129656534
-0.0526712509068116	0.047873707586124
-0.0306139219504676	0.025623869988348
-0.116355206655844	0.0993930493058271
-0.112582366132507	0.0959022006844028
0.445338378673412	0.515104336997985
-0.000692303902921449	0.000774445909590695
0.434168344158286	0.576945695342961
0.0890136053990044	0.528372356687877
-0.0211454245531142	0.0848691601445893
0.00906446129796368	0.030340007763836
-0.140368066917746	0.665862681681793
-0.494837416059781	4.33042110909487
-0.749752069442256	2.86872852251156
0.00196164321109681	0.00278565146788272
-0.42775596690516	1.43243509062276
-0.143761657832657	0.175711662538566
0.459794024768279	0.667273116445418
0.531957674174201	1.05317379354256
0.3835977606752	0.597754945161588
0.239688388424784	0.331327813588806
0.617999787022365	1.26231685202557
0.245080269925635	0.403366554765523
0.0799180521135475	0.163213758839696
0.273789986420643	0.545276753673584
0.131792484306427	0.210447140776503
0.162688707351773	0.205443193330028
0.20025634826804	0.29215796542472
0.133905570968002	0.157252674180257
0.197159291370742	0.242824154192074
0.481991519254052	0.601088328017919
0.607709956135574	0.714572295948296
1.01868754941729	1.17727884160183
-0.0203454914856338	0.0119816279385036
-0.143846627815943	0.132658181932031
0.673548329315894	1.39808225289144
0.388987223088771	0.724433026622018
0.0272472012868287	0.032879203158678
-0.0600502302020634	0.0713085461961602
0.349524851409455	0.542274666574066
0.613704905951445	0.727474289512433
0.0538894926254548	0.0572240995491868
0.392142031539147	0.582490886176553
-0.432380539189705	0.732073025205752
-0.0472498256793108	0.0617799774169425
0.0466626549490205	0.0535267630479449
0.507005789437282	1.0124569236567
0.15309676797978	0.202475312798355
0.177779409932246	0.220190059500252
-0.5172774952095	0.975444151829714
0.0601902835240575	0.0631328074910734
-0.391579653124209	0.641291399122196
0.294366422830571	0.498812003882578
-0.0847105924021226	0.0980894526661962
-0.0386940991343619	0.0411420598245066
0.588677353420756	0.956779649365976
-0.0111569799400733	0.0094843588401599
0.264177709976435	0.290805370432247
-0.231358464236771	0.222535281987768
-0.301969646901176	0.5231598085797
0.0309976151926931	0.0364224843206458
0.161751624118681	0.183009869201982
-0.217513190305733	0.290063360421874
-0.0195282709251277	0.0184302002036619
0.0971277174836383	0.108983647386945
-0.251851607773266	0.343492479712703
0.0000592034820241199	0.0000470883041903681
-0.229264666472204	0.337215401475353
0.431103000542408	0.654534107111543
-0.206529386704899	0.271266920183101
0.390350324231422	0.514037407258204
-0.170723040303625	0.214792653967102
0.739074420844703	1.29363791654584
0.374496912936553	0.488096023773256
0.359218096745247	0.493297473219328
0.0732485872837734	0.428344843095722
-0.0037889660326768	0.0145263869467035
-0.213903043343092	1.40981236897033
-0.406080537076268	3.61172350332852
-0.235323537086972	0.646174610821854
-0.464274077440149	1.50404401641983
-0.242175462429308	0.73030990692429
0.39731957891386	0.801734305218373
0.473471984986149	0.752016992965615
0.923263263318927	3.12905110554093
-0.410157528577467	0.788082469890686
0.534876384914544	1.13860416191626
1.02995943925089	3.04405952173347
0.027454390027572	0.0340694316057991
-0.0741361253821821	0.164958136959249
0.285382854976281	0.873158454826639
0.116747539388648	0.252132975990571
0.192608522585246	0.466277662713326
0.282964940282219	0.705102920473072
-0.0187701082665029	0.0309300517636452
0.200725364757053	0.399018307285602
0.272804635074396	0.631996474987062
0.208656066778497	0.358339029704638
0.365565860803125	0.653374568504932
0.078628477830192	0.124975240321423
-0.0460393147929169	0.0780583198659393
1.0630305714714	1.6673530499992
1.03593715961632	1.29210876309157
0.380789723845452	0.342832143177173
0.506014571716608	0.61755576209177
0.223530553847501	0.373400324227869
0.181543284102024	0.301389967080425
0.249190364187297	0.469620134888183
1.0375526617944	3.1731995104967
0.11905495864538	0.0878811361502949
0.219192424744211	0.3045283241068
0.0616207276778768	0.0668871552129639
-0.108680827590678	0.162030153831821
-0.0414620267306426	0.0530222284661286
0.531758813685694	1.40903762103565
0.273858906895294	0.548043502314001
-0.23922974235737	0.442592074971691
0.126773187382536	0.188432803653075
0.313837296377267	0.597987166161893
0.0647085867680301	0.080330362149412
-0.216135003114915	0.365987384011499
-0.0375313305382244	0.0470558331047991
0.180860457077117	0.291822608722624
0.0650772566615182	0.0784295055223764
-0.0262250435143307	0.0220481347483498
0.368145340675732	0.442902459487703
0.680814706445834	1.08960010458619
-0.458838142664084	0.677676950426192
0.0312761076895344	0.0419412536141288
0.0357436885208197	0.0465235599336134
0.04777265210268	0.0548681361945907
-0.177632348638133	0.297083256656091
0.0879637515989279	0.118414599456761
-0.326421925449762	0.547276203540827
-0.313600383341977	0.47541363118525
-0.0584334718564543	0.073492013957199
-0.280981689572729	0.422461761994068
-0.520400717370395	0.964686113273112
0.0112413311230822	0.0138954353277614
0.0382970046234009	0.0458061061321025
-0.563187610752416	1.08719687681144
0.330292578560544	0.523210714014044
0.398351710026502	0.730901241821238
0.0896274760053519	0.559712110092213
-0.034369762496244	0.150344324118993
-0.259021897250877	1.88384474356738
-0.677809911669307	3.57089816173925
-0.382425617709702	1.21847973678616
-0.263400404572888	0.897449351005023
0.983199035875014	3.12681693801886
1.26159522676681	3.47444129768062
0.762255008918806	2.6464876636049
-0.0116399881717005	0.0159588167558749
0.0112170941966002	0.0147786585102196
0.147181175788091	0.213444632992527
0.367677343589384	0.751137514737157
0.0928123809511718	0.212510976974455
0.1963835825822	0.507473085916944
0.224179387563527	0.617816932397057
0.266409308476012	0.679938805447072
0.63272460009801	2.51597144220177
0.398979564119826	1.23975533488303
0.0253427517399894	0.0418622907162781
0.289629652255418	0.693300803844434
0.175391090277921	0.361091805555238
0.254284228442943	0.559255402494635
0.261957098611021	0.567735268818202
0.447034302393506	1.14531323862956
0.390729015790601	0.892092854999846
-0.00423638011421491	0.00463799364669287
0.049833205751415	0.0629577597481215
0.0597240826122352	0.0919327047107332
0.29418286902592	0.638321734420203
0.145566798764039	0.182566821570317
0.332930875614332	0.600639683993173
0.375533562709884	0.608098775702015
0.259851265288371	0.274708806606135
0.557046185771131	0.644558150543982
0.439324418764323	0.794049729126637
0.245758658738278	0.434436656450462
-0.522643761460476	1.21100175753768
0.237993207087942	0.379598768927547
0.0404280289704956	0.0518262085228976
0.807099923245208	2.02190126064634
0.677047706052197	0.783861260087476
-0.0983047774727556	0.108051377005576
0.241890358532015	0.344788305031355
-0.0448347594587392	0.0583560643595712
-0.24354268001468	0.478741341636825
-0.306614253093782	0.579793880834754
-0.564522390484202	1.24455337652598
0.127964338618571	0.204418031155663
-0.155873421444892	0.220486090039905
0.0504144203345923	0.0633379123137983
-0.0851514686513668	0.105571849040721
-0.0477036457421427	0.0597154571335271
-0.111751129605842	0.147916626736539
0.091204864088276	0.117385670253906
-0.45595388896487	0.888510870536759
0.105083545987692	0.111296186275736
0.0337796904624659	0.0332047310545602
0.16123490001737	0.165465515681625
0.319214737691536	0.446210136171439
-0.310230159881163	0.582932584173586
-0.0735181603105953	0.105780224281705
0.86103763425736	2.03813560463095
0.0723168794423895	0.0930007935840139
0.675932924229395	1.56962184156172
0.143900513025474	0.197681084860296
0.0861026444581354	0.102645830130862
-0.0243610416716256	0.0281083358148279
-0.254219440660371	0.402088012266541
0.445645008147211	0.726780420742731
0.235710980169654	0.3657044911032
0.0520614966629866	0.0606244631432927
-0.123554339799164	0.158101468848376
0.276654947839013	0.404522072733467
0.0720827946098649	0.420612977770232
-0.0288960680809406	0.122592200507347
-0.0349157450632645	0.084725469145552
0.0341708836653442	0.0713962653067424
-0.197365580336588	0.672727424775895
0.536194777835823	1.36958117548676
0.765582135317804	1.77887035460135
0.847623564699937	3.42994293172897
0.261947703610056	0.53105646750465
0.51985562706638	1.30587346974129
0.422580886350743	0.861074071513184
0.0824114552920309	0.127116683674843
0.17242624577917	0.486957474276345
0.0977525773005863	0.21006979899542
0.353436842891318	1.15045612451981
0.0833275830460318	0.159939559542592
0.0408392227587265	0.0715943450768616
0.350681477965014	0.958346090427045
0.288684340343396	0.692547448342016
0.0562711879499213	0.0862618111583099
0.0613995985215793	0.0998690722278337
0.329852053892738	0.8099749342915
0.22995586425161	0.409652457209882
0.154436740439279	0.216689992419182
0.5528629312283	0.950224558909068
0.373640091494824	0.714573917453516
0.223504501670863	0.440399037824013
0.320931616744521	0.508093765323003
0.469570938889558	0.743769547449974
0.472232977411898	0.579330581035159
0.861053685110222	1.06088280951306
0.589363477050864	0.802793692649158
0.623601271055871	1.01190831482992
0.550809570637069	1.33843092371666
0.285111439514374	0.510469887427719
0.270589239146725	0.453241123264282
0.599850908313817	1.23089925021618
0.438428255937688	0.931480546622669
-0.00921634120128732	0.0118399034595064
0.350989466717772	0.554988529411476
0.195270404719905	0.368252978211499
0.287158216700238	0.47307574481666
0.709970110647714	0.878697733073801
0.0660263890390852	0.0731198229494131
0.297471763358337	0.445808883289195
0.0716355525866375	0.0980447626938293
-0.0740390163387151	0.10692946615523
0.39787681170288	0.792312946390386
-0.0826803411013321	0.113626994281706
0.455052572928858	0.911880966309213
0.158628804892686	0.226802217725414
0.366588999261462	0.69860906968567
-0.171939051531682	0.230915922888081
0.144425227738475	0.217070000670195
-0.12776380007514	0.171923207723957
0.201687096663765	0.283120811709332
0.0692440707183524	0.0915407221786791
0.108067150310369	0.105725185282532
-0.0992371062929804	0.102066053746025
0.0435021401498388	0.0446069416774761
-0.291722581190049	0.527747860634716
0.0342481622472943	0.0462708544391793
0.0239960812035124	0.025665435058494
0.148670274918607	0.199145959095021
0.102360590157847	0.132259570831997
0.600623228746934	1.03280592842186
-0.106432682481424	0.140733367150175
-0.0813297486007861	0.0964714435278059
-0.0236980003224853	0.0265573638514096
-0.164510595271358	0.19590182499342
0.175593226060619	0.21110269977322
-0.077578576936645	0.0918454430408478
0.48206613671334	0.868180255976489
0.0547554696813457	0.0638240310086194
0.238092752578614	0.352082298028081
0.115083135133868	0.778794233956521
0.357108922003359	2.80057416061514
0.0501687148934612	0.138514815878834
-0.0853100282959338	0.270699352729356
0.56954632963885	2.03645545142043
0.898412514169436	3.5852607300517
0.840593240227205	4.39238120777724
0.248189540586354	0.601511144841907
0.175154960822975	0.331238834273468
0.588579203468015	1.95647586016122
0.348265147960109	0.939561932596325
-0.11218339475419	0.304667329077555
0.416568614870857	1.44085928865385
0.131255712084033	0.29575034733221
0.571133396069901	2.042107184749
0.484534064113838	1.43841962694062
0.0573269337486513	0.0877547193293565
-0.353899823812622	0.792120330095373
0.448302127880698	1.03902051481022
0.317382856322005	0.592359351348165
0.354243227897043	0.541430683717459
-0.00743592141548139	0.00909210943930703
0.0741584208447305	0.111942522507462
0.15009017263547	0.234848441217327
0.284176510713095	0.515867081151429
0.0308950850388998	0.0426709015529756
0.0629793005752565	0.0880913769181328
0.434927275237883	0.714229137518708
0.582099268654398	0.7180369706141
0.662682536390683	1.252189431225
0.425037545596378	0.913245887467023
0.233833248974876	0.38737261064367
0.276817881563277	0.404182609269074
0.365545021751405	0.679566416403009
-0.0641784556517897	0.0726936007516746
0.337657761118685	0.661253136775722
0.398224092407667	0.696691954749471
0.217455373983004	0.236784203474085
0.146509035838021	0.20413028352681
0.33976832535545	0.50588519326796
0.201817556015197	0.324536951550475
-0.175532847701931	0.253889547859515
0.287351408888745	0.464631283894318
-0.0200144958289507	0.0250018820820686
-0.164142759063731	0.204904147956723
0.506656825478633	0.823936466437338
-0.714988512377976	1.30460586029172
0.340821559112086	0.417811751138928
0.121616553011244	0.15569701743059
-0.246921155521334	0.393272639472755
0.115616620192646	0.145347008979103
-0.00627718976018446	0.00598920487933023
-0.570999337789108	1.13167570058056
0.0140066210859026	0.017045369304517
0.0464394910167888	0.0629624862466437
-0.173801981158562	0.230842509233748
0.161750191548514	0.191844437406773
0.296925017874949	0.379722374959407
0.858724711230242	1.72869984977398
0.442213185552634	0.795725506274917
0.0985064912802229	0.105807199658862
0.8436726502186	1.83731562920335
-0.790208660814052	1.34095143658554
0.298032682458113	0.393642909769015
-0.284441778107724	0.348312315488906
0.229614628163368	0.303504432857492
-0.162666152047128	0.196446022424076
-0.17875829579973	0.187625753171783
0.596623578318713	1.08476265866389
0.2527163577159	0.315533173718918
0.0687891158165551	0.416402191221237
-0.129062316596164	0.866772107759814
-0.488405211484542	6.35776389867847
0.381887906931266	3.11519410678528
0.538422091254103	5.6467975361168
0.484128929202743	4.9324204074155
-0.0203804893360619	0.0661210016285523
0.133616038953169	0.547009599858429
0.151018491336696	0.638170141735901
0.134032735198842	0.46439244841883
0.337830392672155	0.958858991844265
-0.221482768400605	0.281819814407361
0.566449925971655	0.766830181062196
0.968866743936032	1.22237866768193
0.654170202590948	0.770452673148987
0.586811404110409	0.715826864406592
0.117263844642889	0.0888044187708683
0.690193288069099	0.706191180621128
-0.0187126603039063	0.015446065711836
0.00962803611039589	0.00588488023363093
0.385702406774428	0.335298171891767
0.133194563229499	0.104047001914064
0.100955238651068	0.124562848642463
-0.00614541046536448	0.00968682424038788
0.251536172921425	0.405593904339361
0.508792285525957	0.741403955470639
-0.333726713325957	0.442473754630012
0.115806385232734	0.1167439158309
1.04269902506923	0.860899728778163
0.564460798268015	0.37207561179321
0.231487520421811	0.129121577088566
0.450704683574384	0.515158939225065
0.296583346317626	0.246492995737225
0.593943229268967	1.24084594746347
0.0761688707696099	0.1221486295456
-0.231034628911835	0.322212472215099
-0.288006548175547	0.505570525318729
-0.906171874468947	1.58658196070001
-0.420825202469776	0.34127755515885
-0.749398202444697	0.432470676544127
0.136673829227397	0.124649500701321
0.0845776319783693	0.0475545331119216
-0.419886268456978	0.255413694526874
-0.881284283241049	0.680365144577042
0.28563866675527	0.133040153756001
0.824214417974351	0.419989510766526
0.065145080035691	0.0264940848239696
0.476157945004401	0.757720982822525
-0.066016284685627	0.100992809074951
-0.32622388338052	0.586937397530221
0.130130922558249	0.14760600217721
-0.361694866125851	0.383137111154195
0.333201422598765	0.660010259390625
-0.175374276008982	0.071476017314262
-0.683102411564821	0.332269116002503
-1.56335885793177	1.08071307751113
-0.271013137198542	0.146279647460983
0.0780670570767601	0.0258238753791963
-0.288392188477262	0.15565945941726
-0.786199580091747	0.273238052886901
0.275237613458655	0.130685054247267
-0.568209456597295	0.300109563382482
-0.311413305842329	0.206954397034829
0.212443104556382	0.164377888695369
0.149555512206974	0.134530064875997
0.0838271567197988	0.0476686010807883
0.300386764042114	0.242049806090808
0.60937825141279	0.487354223332948
0.107838031340271	0.773166425618639
0.0603144555960858	0.32323231211236
0.643326776262435	9.03793875722433
0.713677456957784	10.2116831383951
0.467377502319948	5.28684625965296
0.00318976253733561	0.0103191832620068
0.062261986730153	0.219530425064684
0.26778676884382	1.45544730529753
-0.0566683948569017	0.156593328707746
0.0913842181029039	0.18502867356012
0.24012529109753	0.318287443119873
0.518986649236421	0.881910261776363
1.05249591232447	2.29708671094187
0.368347759512522	0.415973908823662
0.350895582364642	0.426894386114351
0.319628998867175	0.352084951346986
-0.0357556133253846	0.0259588306744283
0.602121260448706	0.726702724107795
1.0687200597295	1.11390474727412
0.30366135833955	0.244120395907851
0.237639990002608	0.340707763070418
0.280509589193995	0.592702714124648
0.362335332832457	0.67110609670514
0.277364590429803	0.523736324467104
0.304279670411418	0.706075236101485
0.172209463467083	0.269503495184051
0.874475356522412	1.24405554428782
-0.00617455809960517	0.00586026890678784
0.337311026144396	0.407226249138276
0.93917599531325	0.819768993276088
-0.00724034293552869	0.0044042619234594
0.444462425873198	0.436644289290279
0.629675320046342	1.03063338299916
0.039785748409686	0.0533249899576626
0.0572304549702282	0.0613528247354931
0.357288513869373	0.591603342347824
0.879212167629572	1.55507532980728
0.405339806011121	0.343736810335512
-0.27348085984673	0.149389392357602
0.450717496910499	0.359325003373987
-0.310424262616533	0.20573987232367
0.708156849127823	0.392662724701081
0.220072284878796	0.139485721205453
0.190577680393229	0.289931233005837
-0.0283564192531462	0.0238160732234584
-0.302514386195631	0.346906147636519
0.0906943022161401	0.102092217279864
0.343880936446094	0.239313159322492
0.415610387599002	0.245319120843799
0.359940040070401	0.240323191664545
-0.476671937511681	0.334899478334671
-0.197224987199268	0.118179962597346
-0.61448749405497	0.510680936453505
-1.69061614163127	1.28047870728189
0.245550924829899	0.126629911676011
-0.376144162115248	0.279854237080289
0.673874711184137	0.607840527341618
0.608051840976844	0.488355374442519
0.281419950764533	0.131377595394248
0.0707625792422354	0.44198219135452
0.181319570367134	1.48197072470346
-0.136822286387957	0.867405102391113
-0.526396749287655	8.26293428645362
-0.811710945806944	15.3275785114063
-0.500797794317259	5.32641405429067
0.0218674505757535	0.0685583274466465
-0.00123415521556352	0.00301411198529263
0.0907116347720023	0.229657909325415
0.473144267352753	1.09882997662927
0.600465613006533	1.27069569086667
-0.0475238455218296	0.0509917046516655
0.277161407260639	0.364172676350494
0.446172199303253	0.595908376805333
-0.108989502274023	0.109475940014029
0.309311936000175	0.337987137102125
0.787572377399455	1.08194116593479
0.154202860685499	0.141069311802489
1.13165058465568	3.12986353541454
0.0857447841562355	0.125962223023419
-0.0517465274525084	0.0694772454781258
0.435757613372249	0.915320148211094
0.143630830570066	0.217271846601402
0.154502677801295	0.173751610655901
0.233136899821661	0.278255443979707
0.600015207891399	0.571923829145268
0.1263135402621	0.0917784670324859
-0.136543454553527	0.0879458193258602
-0.0641793508475835	0.044950729317386
1.57314303023294	2.0928405707312
0.383490657252061	0.589246204693798
-0.160527749331522	0.201868632453745
-0.045552688885079	0.0453660055706188
0.844497967759414	1.12543469138246
-0.617125894354731	0.518726637981463
0.700265559839454	1.01981224705097
0.528586679548626	0.553579932492266
0.874458124400449	0.791259444382254
0.464106783570928	0.35403917694558
0.802794005538266	0.851076903446062
1.77750369938189	2.13028006170866
0.170679711311089	0.214667693129934
0.0768734185844644	0.0886627450450995
0.48291351541794	0.687081142410032
0.301612560593849	0.34923402537292
0.406261319892621	0.580935162145987
0.343402976292022	0.240401069626876
-0.580560443615804	0.438074099395152
-0.174287602142057	0.0694951362008344
0.942177531145207	0.825082869035799
-0.111169201180671	0.0731253341640241
0.0807954467741575	0.0458305244512411
-0.107956045301877	0.0521199767469454
0.0871976977147645	0.0493413852050701
-0.682453037880539	0.555353777035063
0.216814424229147	0.144065993627761
0.0438291039883281	0.239100672181089
-0.115719031986919	0.785366179545498
-0.300716656649559	3.13579408618997
-0.251897691922223	1.93505138610118
-0.0306475016416991	0.104296317256441
0.367075907773434	2.40015424474718
0.252528195967741	1.07349911492057
0.120074427985387	0.240091076875635
0.278852770577631	0.429384627816248
0.574423393955432	0.558407128425021
0.570310932148164	0.473576092943231
0.763070566681335	0.827478063318146
0.06878154816335	0.0747112865435271
0.0967502291057271	0.145475529713411
0.305315691119854	0.462892518445107
0.146327905541454	0.237621661946747
0.0541468605403043	0.0844557354456904
0.171286836566679	0.28162659158495
0.150236973990974	0.138031605793212
1.1828600618504	2.51708584897519
-0.0280630676342128	0.0163665676168478
0.0744427937884464	0.0273540838883044
0.0622719776243642	0.025319495291189
0.221835918950566	0.131986533560717
0.452156699281825	0.241866583303435
0.5166329367173	0.358595734855263
0.416174211122462	0.24487998662853
0.350110699659316	0.334481822101255
0.44716205486191	0.357314893888191
0.403725511631016	0.515769174948721
-0.762799283718663	0.537406768793819
-0.277256259636305	0.150143904577475
0.218128658370577	0.137673602111627
1.19840983679436	0.633171820923993
0.0730156834680494	0.0329755921168876
-0.185921734694204	0.073987041312659
0.533333413148771	0.258564028980047
0.523972278835045	0.260868365725364
0.12475916709776	0.0952549309677801
-0.365497230572516	0.52546030959835
0.281025833394594	0.439895999293855
0.390083665889752	0.75890605015626
0.33360639843968	0.456501251506626
0.944404590180016	1.41127921284797
1.34621745928405	1.54456191860332
-0.549761908354702	0.765456697632347
1.03113015664766	0.843198338174704
0.320832871735918	0.139148002813198
0.465669316623191	0.161176883064014
1.30884701000496	0.938073074522409
-1.0368899478487	0.638395308434062
-0.494954698564502	0.284127687889506
-0.77882013815224	0.26862734584393
-1.00973707767266	0.720387356061992
1.01929012339539	0.71543004245054
0.0826729386064427	0.0468970237939936
0.023844626095081	0.119870219046606
0.113119357777677	0.752484309290946
0.0138311133373195	0.0527329483905899
-0.037377132669298	0.132062059597268
0.521161711666133	4.69602942449248
0.14684706831241	0.528506610957287
0.8428316836378	3.88337466708998
0.261099142835551	0.287150651353009
0.363888013673978	0.241369297948288
1.44460371016081	1.13946268122954
0.603939406203905	0.481607817877766
0.483079162813464	0.527452287947074
0.122658092443691	0.205666556730534
-0.138959206804568	0.183850611374966
0.487438123947089	0.660063764062883
0.626277226323719	0.988106708250823
-0.0319445303274752	0.03177921863484
0.161264031088761	0.26876681229674
0.339203873501509	0.788780615783168
0.246875903018916	0.466119700133386
0.190485467929364	0.275918659490152
0.49483519682814	0.598792989906538
-0.109674232089302	0.0528037473198693
0.239399873102027	0.133865353455294
1.16759000106448	0.748301298214773
0.0838269217908602	0.0276906273654729
1.38867305353904	0.822324972311213
0.62331064650004	0.280162617733077
0.572254560918566	0.478288574224817
-0.208991008721913	0.177218345698108
-1.17829791426961	1.1280699687654
0.328025650778111	0.339055211148629
1.24027443253836	1.2967820832139
-2.35532446853915	1.19561814566325
0.701861698925307	0.510709432979263
-0.264479137717319	0.206372040182105
0.700189572520781	0.50673247377218
0.282103419353143	0.133962592012297
0.0804435687494643	0.0290152954344405
1.8865309347354	1.12981245812011
1.53434054801746	1.00069265064131
-0.260695512874075	0.203176831690948
0.464302416944871	0.644528933320011
-0.277697040742385	0.337074867326498
0.130943413089609	0.168333700672132
-0.126012698780798	0.136195939661618
0.940708099970066	0.815865519374275
-0.703570305315814	0.63324583832384
0.207144737523416	0.220316630574819
1.37914528542962	0.818991491883299
-0.321320556486434	0.162208000391258
0.100674308760322	0.0294967719119431
-0.148171321845039	0.0656904710276065
0.570540244515399	0.37068782266384
0.523972278835045	0.260868365725364
-1.40388981236758	0.888142200810888
0.313319981010303	0.134999683936299
0.0767625711047799	0.0312345387757975
0.223399013774711	0.140295212885129
0.0778832486798496	0.0382378720548495
-0.0568666159541852	0.0395973732449921
0.396138918343118	0.247538054907078
0.0725486388701937	0.0267913425520773
1.30994763556792	0.949582770076549
0.0362469574920459	0.196947735169905
-0.477094458889192	7.81522735623671
-0.234658463233639	1.8228603478407
0.464858284897996	4.93837097786514
0.301170051545863	1.83888731386625
0.352291130832221	1.48350271626978
0.480685245816181	0.950610194126548
0.974420161486392	1.94326889408006
0.36739854699854	0.348687802396326
0.723046749621626	0.717937490930781
0.884009070777553	0.99932611852395
0.512375638968081	0.45102616609576
0.126001601412698	0.167879153309618
-0.247043943787307	0.317844848571394
-0.222786830473535	0.290156892635269
0.580099097804662	1.17247486261485
0.0385743730187203	0.0559280885858051
0.0164406312011519	0.0255834050625019
0.088486201322305	0.141303353603659
0.184260117652144	0.244353719704844
0.408190956475283	0.570137244983869
0.0773231538451444	0.0412070759325418
0.378983020869658	0.14785262569313
1.69662840282797	1.93541845835388
-0.0910071927836997	0.0472002825913318
0.221303457336931	0.139539809217442
0.835560219867543	0.66066913711663
-0.20586193037582	0.123220910792656
0.331441818370519	0.238834969042878
0.0256414459764634	0.0172650397267069
0.440046858866113	0.503114489078565
0.944089058044819	0.820924726593513
0.207967539828681	0.244874412157879
0.237858051386443	0.351857313442141
0.566646247084376	0.778232825078952
1.04970611394863	0.96422717050571
-0.728163271031838	0.433185093464447
0.210636147057499	0.195941995648248
0.0793971966277909	0.0442459731432408
1.49690915831797	1.49358760551128
1.38997967731942	1.27666731387914
-0.092323964931818	0.0788419775920541
-0.152012284142701	0.201675988630229
-0.565568359556542	1.23811653041276
-0.010274418085725	0.0126599414196073
0.460717172155281	0.790219585044523
-0.24328694686706	0.208813903018064
-0.199722633164888	0.195743787356796
0.364274863202905	0.516065463347627
0.630638947858866	0.383427529568607
0.820140893421677	0.6523602286992
1.00266549388997	0.576060709892711
-0.17901970413642	0.0728532485467444
-0.195838341860881	0.118630419279784
0.0699802854572839	0.0342756599699233
1.44801423306977	1.15436868547081
-0.118596327148103	0.0574458143932096
0.385776866322757	0.241508369357013
1.34796232448376	1.38259726497437
-0.465299337850215	0.372985072545999
-0.0874653287261253	0.0687115116282068
0.11108167814851	0.0728415599436829
-0.0141234364918787	0.0682838277875278
0.183819996247135	1.55666430677087
0.735790503437595	13.5875721251061
0.0443601557129872	0.166729264507598
0.0189279725109753	0.0487827264954042
0.210767707966639	0.168845571921711
0.319229869370814	0.249620153738372
0.29841611834144	0.255758161006682
0.5209802351118	0.60809244420815
0.368426604658545	0.674741847330384
0.197277245878602	0.237371104596825
0.20665151804753	0.282192725970849
-0.50503606489714	1.01380857741246
0.215911733520226	0.421335239248881
0.143782073796158	0.288698427949454
0.128739426789562	0.217471986325511
0.318194761653896	0.634729326903638
0.771967184145643	0.739969290135325
0.346510917978904	0.242071962318491
0.360345044247295	0.239846346286772
-0.132591047901333	0.0854948311552358
-0.132428463602486	0.0851946356152515
0.458614775509263	0.351341239434679
-0.196676133569816	0.118270554947074
0.211448166845866	0.151778715366452
0.273201389167622	0.274102856463557
-0.425366232262975	0.306921580043145
0.401147596406389	0.6000558871384
0.371383949678136	0.830525432715385
0.175271992308275	0.207616722571296
0.541551349040457	1.10007031102558
0.900297255668164	1.36019149810432
0.8305495503624	0.650755601324677
-0.556428365129847	0.372536555835234
0.35205580191782	0.354294956583807
0.872190929398122	0.790750456934495
0.224144040448374	0.134142390175705
0.419751767628856	0.246338849279763
1.25988655430806	1.20611300503436
0.0548777229077074	0.0514205342026541
-0.0865489592408224	0.116148759043673
0.376905627406441	0.672548062745236
0.0734825879572915	0.100238333761319
0.32331878818299	0.474572513796253
-0.162671946962866	0.147474705580566
0.0491117845821236	0.0376740283058143
0.403935278010221	0.628070146409425
1.69888583827704	1.89391112386562
0.456919151145422	0.247438874900957
0.384930972702111	0.146981904920588
0.707851176770526	0.512786688589814
0.0713585301163711	0.0323214755651039
0.412072449364672	0.241280002372313
0.714518196581913	0.403483313858981
0.102474476101686	0.0297923181105043
0.638438215876072	0.481582366284542
0.622065486776208	0.381780953531697
-0.47768522278112	0.447189707524691
0.0474411999368697	0.0351284110435486
0.0146133748871243	0.00949695340151932
-0.0369040360798918	0.0208462569780056
1.01332142229544	0.709215507353221
0.101943169407801	0.714014115713991
-0.0534074641168758	0.277264369255794
-0.6062375689725	8.35615222553957
-0.498939707589531	4.21454871282738
0.20840651009037	0.204282844310941
0.333529037263105	0.342232800521321
0.710088145133422	0.950971652106382
0.260239368656835	0.39126767616611
0.443322023089563	0.893026927206076
0.151252103857539	0.26643110218322
0.0952430965010673	0.174479861498323
0.136606063074553	0.247819281994455
0.714529780599731	2.07145214810453
0.33761065187501	0.510275004868765
0.911795070697738	1.11118558185246
0.214045734515018	0.155181523798638
-0.784981511815536	0.755111405167304
0.81370962981759	0.863785146135809
0.385177806631402	0.344325624139083
0.602152802530693	0.478892730181126
0.650478455677639	0.764500134832537
0.259143815674246	0.245591099683603
-0.459406167791175	0.407450484700717
0.194943069700641	0.266908736739849
0.05562733842678	0.0848746178881462
0.428475125493318	0.737312034372624
0.173454547003172	0.244107151444343
0.035517111579348	0.0345302312218249
0.102384990657775	0.0674092543335324
0.0708898011188004	0.0261764793382678
0.392647292294711	0.511054785120166
-0.0911828733152085	0.0612987205877217
-0.204589615694803	0.145637161496865
0.711504039576353	0.617566612382415
0.760999134046583	0.627845604109931
0.406701286629664	0.425420570876267
-0.00394527801960531	0.00460477720868122
-0.300484161044437	0.481124918655215
-0.431795835833408	0.878454603606389
0.0642245311304727	0.0838842857178882
0.44704796552713	0.55707510490105
-0.0537343615921526	0.0495405563597669
-0.0241253127744622	0.0260286976415604
0.0726608832424412	0.0356118771183588
0.109774724102938	0.0754174742036049
0.714518196581913	0.403483313858981
-0.784200722400814	0.793043477710573
0.322237318499772	0.245398543599446
0.0665845789680931	0.0302349809833629
0.560914493737205	0.36041576602294
0.695734284076143	0.498129311463444
0.762978428309301	0.625909569632863
0.111958279496827	0.0765093328444764
0.389645475360349	0.426766641040623
-0.570997680502872	0.524737093156846
0.220285083587442	0.138665460506816
1.49447117225021	1.47526267884308
0.52487263699384	0.536744295582656
1.31499511569065	2.39407271440991
-0.0356519380583581	0.18700844722462
-0.113227692596168	0.742667968353341
0.312986854253746	2.60386093163669
0.799844067845418	1.38533030356326
0.170885174905559	0.276808087916042
0.239662931703321	0.544546612284151
0.160339979407193	0.379557753561559
0.394978241132543	0.613506654994661
0.190968050925269	0.246973961599688
0.732008092396361	0.883437162338062
0.804011629122662	0.935672072702148
-0.484695929966223	0.340920463009583
0.222682765763475	0.154596214715863
0.458787382388505	0.351790093295899
0.207176716530472	0.234683838885869
-0.0210672410094503	0.015666304163955
0.153183577394214	0.232973883414148
-0.241846978449949	0.515914976466839
-0.579205861345222	1.29832673932726
-0.205064673500622	0.362596346781706
0.435907582307691	0.74319008994162
-0.726300386565681	0.836619235781197
0.971865355756033	0.946758162946684
0.714545405367592	1.27335467739424
0.219275178011568	0.150930378165113
0.240018178366015	0.133635337764583
0.707654487306461	0.398723539312477
0.342756574475848	0.236973553442234
1.16040532864712	1.6087013670792
1.17535404938269	2.48956884199654
-0.101260290149075	0.144224758302794
-0.610775944534609	1.37763178966473
0.035052973179152	0.0483296107107212
-0.0398457426491163	0.0508912690080981
0.774060100011806	1.09315661697551
-0.0012162250781034	0.00109063193877692
0.0950433502401088	0.144473537476014
2.16720185576981	2.21746304156236
1.39283182205705	1.28586902163348
0.0641865129060829	0.0312594050502604
-0.0239821828224545	0.0140739718833075
2.85116979341438	3.15373949109106
1.57857876264274	1.36790666351644
0.64439684158864	0.494664015858786
0.325884357665268	0.245447857369653
0.0489445691659137	0.0375119010352749
0.19345149482987	0.216636561426037
-0.070753107122674	0.0487999766404351
0.207528248222588	0.155465023347967
1.04536163843935	0.972605372682709
0.76538443823312	0.833045835751931
0.849684122957431	1.13195491653881
0.0939559887036494	0.629752835576703
0.138089572968424	0.91519482865372
0.0828133662117921	0.168834394275209
0.56779483725945	0.725998830360092
0.263213068335711	0.277821773874987
0.145737769650928	0.143938695554781
-0.175797423419072	0.293818851232978
0.155296517265053	0.319607995007521
0.0141205819453966	0.0177274853804398
0.0757481534740832	0.124255185965953
0.136209301517336	0.203005701213342
0.637763123405834	0.828388387089096
0.106244478747063	0.0722799141196311
0.498603162714333	0.907148978555936
1.21485929993608	2.0339875082382
0.199412702501217	0.152975138153707
0.490098632664149	0.447441297340544
0.411539053136811	0.346120200569833
1.17076711688827	1.39632822076977
-0.193759907378895	0.34651467541332
-0.0844459036009988	0.123988953557233
-0.0610237196153806	0.0902500816021621
0.155329885405537	0.256109114591273
-0.245603411421039	0.332592196858262
-0.24832312684001	0.337923873194177
0.0152447267950465	0.0204135056583537
0.879699763704194	0.987090720969097
0.218568839643061	0.137511213597382
0.0582977883390716	0.0461150786201907
0.133879735006131	0.10505716903738
0.516335548378076	0.460227866994195
0.498178073449194	0.710653615057786
0.165439447949795	0.205299314347516
0.319427171481468	0.32715212038577
0.056692924909092	0.0445695906395201
0.601151566274427	0.651684819936461
0.278973920656471	3.12738426325031
0.343353313624118	3.36527054894502
0.0908388845650133	0.363831343189062
-0.0983816852405715	0.328724123418217
0.126227824306035	0.143769688501617
0.24325970717954	0.358123244734234
0.122256682676903	0.187029973740533
-0.04457256041117	0.0645891501498454
0.115313430628384	0.17754456574925
-0.42241440483221	0.863529916821245
0.33722409936256	0.527681659517681
0.509959216819883	1.04282112575665
-0.29609757331782	0.529498720218568
0.0180615049879192	0.0252683742326081
0.410085496222536	0.775475126573763
0.630581063519896	1.42038238318449
0.141334668863102	0.197034856025653
-0.257869122494322	0.421441452332768
-0.163777883499585	0.221355235397834
0.226860775192404	0.301998686668813
-0.539196727243278	1.10260901354862
-0.518175012029724	1.25061708783054
-0.861252013905211	2.56829942995592
0.156446236118092	0.21975096347299
0.109889019415031	0.132570397166015
0.340847738721001	0.501651796525831
0.127486665088198	0.166968305583071
-0.0362836961846675	0.0427790264504488
0.000264011034892666	0.000212656194334292
0.151120588596815	1.10901749205544
0.0287175927440991	0.116466101502034
0.0156639706226803	0.0486621353187894
-0.0140926647396775	0.0346593320136912
0.424251340716398	0.920619004599564
0.318295370703061	0.491951652929695
0.577983509086668	0.779503364149344
-0.235041093347446	0.207662763292121
0.754218761757174	0.885461882463796
0.438284553217407	0.728150584635728
0.336085874070884	0.661756996331733
0.184480701492359	0.267232568727138
-0.118265730049434	0.178544201331143
-0.423265200111764	0.986863101483897
0.02092168305988	0.0298288715981727
0.130952083992289	0.202431068367329
0.097799672765355	0.13350094238464
0.448287661705271	0.518345027385067
-0.00425152950937184	0.00497090224754562
0.36571497648641	0.659870829444243
0.0168488608319583	0.0167583816002262
-0.0603255975867018	0.0487250838092855
0.0920076505695812	0.0848594143079416
-0.550087826586973	0.807053749075407
0.179916834323311	0.270424376033041
0.077536520598243	0.109749916087501
-0.114953285138064	0.13774454730272
-0.295573692278046	0.488458742886779
0.209003051281638	0.300518743378047
0.0516481220285364	0.274405540770793
0.0623518561838216	0.294351103283206
0.00216252950743335	0.00617938209709166
0.493439939338384	0.944848660993307
1.24779880714205	2.80367650993964
0.825548286897468	1.02353941810876
0.432013719113073	0.434955934273865
0.52290916164754	0.786854069552308
0.357072449266194	0.631080398647856
0.287205487281349	0.57289870189937
0.347437174619113	0.689047196169409
0.0879676813220675	0.124557520698463
0.247326180361887	0.40428928133406
-0.227350805401159	0.41787882800756
0.455459453609957	1.20482723297346
0.0765989512537545	0.128160115747155
0.632694069546943	1.4191606494073
0.699546321307869	0.783982139232052
-0.0355537415555443	0.0379589890399077
0.383208657429267	0.607739743687417
0.794418532832736	1.1020957013931
-0.0423554100096726	0.0302185670896838
-0.281261168075453	0.264569382154402
-0.0703798663594137	0.0734532770982625
-0.16658547510936	0.235247895463829
-0.200418730670347	0.313873663930763
0.481227346575686	0.830501940954969
-0.256845332574603	0.440718993525422
0.052292116731159	0.0748206637973909
0.0175631374886629	0.0228161221901321
0.0813105838305711	0.47392536493652
-0.0440394117770661	0.192262053307352
0.012978711475483	0.0414327382888424
0.0626433056675552	0.214986302595313
0.579951142387688	1.19549793623023
0.531662117677522	0.920110466035383
-0.364944077330163	0.388566221748638
-0.656266767609812	0.664423088632608
-0.615358799559014	0.517664775302056
-0.560447169512901	0.740973139630041
0.494377270366736	0.947510947681354
0.175667186051668	0.287687488889301
0.268607740049005	0.485650495519555
0.256889574265112	0.428412916811408
0.21850495251076	0.303941474198224
0.0200796370846147	0.0261711908856842
-0.14024853045158	0.245998748172797
0.0285676401705172	0.040876955300403
-0.00208896383079665	0.00315077495573009
0.145424544964705	0.262724109072664
0.0159313845089089	0.0223515268622041
0.335656147005573	0.792758410886437
0.375742100574122	0.869777167849663
0.347887940597162	0.765885650845767
0.299220674176153	0.549647412154326
0.428904131960304	0.695814708739677
0.421442230281298	0.435157777005924
0.100191205793843	0.111220533101705
0.576225249709512	0.802406721875948
0.246257236390526	0.365834928168293
0.706508454750086	0.859194178139119
-0.00503561091370034	0.00377833578797327
0.657032341789595	0.840906268485743
0.103819017527594	0.142241834852404
0.242370256441665	0.360323465705827
-0.207774135574334	0.229617490995914
-0.150003432155177	0.216087380960182
-0.140941656479955	0.218716131318249
0.255744568448609	0.454407094770592
0.393638061509089	0.821093165276832
0.11239136137365	0.747289992995514
0.00948518739357713	0.0351104228627188
-0.055709153148518	0.208299210044675
-0.0518499857447883	0.156289060370644
0.308766448900461	0.47242680461381
0.86712390025328	2.03530576401497
0.0234217148920657	0.0263419470060201
0.481677084260306	0.68019824360669
-0.369252337274053	0.30456018796447
0.566057785306957	0.641772017849203
0.556841722826487	0.855977567832503
0.132268063777449	0.199875929530389
0.15401600282766	0.21993234880885
0.422938176862138	0.761455359555799
0.291998290449587	0.482382915879218
0.0480655067090969	0.0628941062087735
-0.0505380766896043	0.0708269664209051
0.317555274049101	0.712590407883098
-0.570271684512727	1.57681591560065
-0.250728859142053	0.54906197262131
0.047223286419891	0.0714128028935683
-0.261594757284881	0.585381835882277
0.174564661360151	0.346246445658769
0.184481429950911	0.331337585798421
0.432670466560858	0.735181329276276
0.403208772014234	0.619987278907246
0.181340064926743	0.330411709751377
0.053832224264613	0.0685701100379494
0.198877083036146	0.201672603786606
-0.0407044458397138	0.0336160422585278
0.131072682698832	0.106034808405665
-0.605784014315793	0.72708585056896
-0.222133586488192	0.304536393515063
0.0876129353427891	0.107227009985777
-0.390783162301769	0.527918860083472
0.809690044297871	2.35120378396047
0.15176323154523	0.248736122754284
-0.0373639993211987	0.0492630943680782
0.0205223694145056	0.0267511610362963
0.403697868657301	0.869150086256072
0.243846081196554	0.42454117374614
0.067665205760371	0.374187341425529
0.0168875607107188	0.0657230936785185
0.00321707934350236	0.00953828096008634
0.102055290032521	0.362726015399016
0.00733840429799879	0.0149282274075822
0.787408434562622	1.73430001843974
0.262930149955769	0.260500618759262
-0.0663930262046101	0.0456158814306048
-0.322107143680178	0.298831143063968
0.684845919669337	1.13977955931781
0.490723029174713	0.939710120667451
0.308497702871725	0.587249110758628
-0.058238436081233	0.0759814616560322
0.0366148408247164	0.0438703637197015
-0.200671402817913	0.29813009351858
0.212045688360387	0.38065659620651
-0.34269943953137	0.816835611202323
0.0745736687378509	0.122221257642089
0.186887412677602	0.382517669597957
0.0973390028959488	0.164738327527275
-0.00895801249017895	0.0131497199711656
0.372765324168178	0.888318126387133
0.376141314931834	0.882477401207919
0.0513457377795983	0.071856348349261
0.122891003643144	0.199417222510399
0.306942573856032	0.496192427205208
0.0744609488662231	0.100090630964946
0.149958308125484	0.13792870755322
0.0984251081291137	0.0928545851924084
0.418511859634186	0.4316907278861
-0.188245193139829	0.153436949655492
0.277073368852652	0.477785996687804
-0.104689817509449	0.138011744446673
-0.381972180852999	0.476198372946982
-0.00902383320596656	0.0112271069021084
-0.399050339569603	0.769376187359823
0.134303666017513	0.192552829166962
0.189197527150324	0.292685633931553
-0.063814769778954	0.082987722082783
0.309082477120652	0.593297953900799
0.0533240601091408	0.0743007888060488
0.193586781231521	0.273585617892116
0.865470837335288	1.32353931399026
0.102491162904065	0.651950988988495
-0.0635887920778709	0.283127690746989
0.0393278298654175	0.136402106159856
-0.110879291532745	0.401222651517911
0.0558954769891002	0.168086045533375
-0.174685046440965	0.494168100954059
-0.072539480541367	0.161624213206208
0.416840232918635	0.684920029405685
0.41770562136827	0.791135175134037
0.334889009288625	0.652315805615997
0.231978337426325	0.376850763002233
0.413419641408433	0.711660093600657
0.400775725250515	0.528916501040374
-0.376318574239876	0.338609087095043
1.23486441117503	1.87022291073517
-0.163695885090247	0.206743273666868
0.0178548947354857	0.0213015034891598
0.315812798955459	0.572699246588281
-0.0355414730128902	0.0452199995588487
0.147291917223007	0.212409018608124
0.483144072901012	1.07584732081741
0.113373856538604	0.184389504091595
-0.0498784715706405	0.075194685148456
-0.161229098701301	0.296049455766433
-0.0763659906877282	0.135019223231586
0.0756456161118166	0.119687158799585
-0.138517648577845	0.243251839207832
-0.0960643312170563	0.165740470688534
0.537462497618075	1.5348599399121
0.451385686195233	1.2408984606702
0.193171525527775	0.304764685973119
0.40139609525108	0.834135697048221
0.29729755682559	0.489507945184142
0.147156239071392	0.266721103717338
0.485890999227732	1.02282753130703
0.0601857612322467	0.094508699696633
-0.259699249023867	0.4568747255528
0.492004343663475	1.17239510249447
0.195417103101647	0.311954241324558
0.0812617999598028	0.109727705687396
-0.294396238314039	0.410743083345207
0.100895522004351	0.0933958107650307
0.0507988061807259	0.0368972204137433
0.113579387206965	0.0832525527844724
-0.0372785719832878	0.0340127452391002
0.199114630179028	0.258280255385983
0.2659871912503	0.407440680361557
0.250412351598309	0.284261255119852
-0.124440815849751	0.16278463706154
0.115986867122969	0.178325105681316
-0.0302249727215179	0.0402178014835504
0.377016741277379	0.70721408531206
0.203055816500817	0.313523627140347
0.159481018875385	0.26002965439982
0.329192076687142	0.563318579363147
0.305081954332813	0.541501426581513
0.185012661659087	0.269285200512936
0.561775414033091	1.07294031786894
0.644921699780895	0.975149073794809
0.467397363151501	0.520245874908524
0.292243567069188	0.445128122199612
0.363283385235198	0.669445743337674
0.0997926072880461	0.603575291355125
-0.0138606207692285	0.0517681300815124
-0.00404292249162272	0.011732336102555
-0.00450907226157885	0.00913033905318037
-0.146824587944811	0.372432516564427
0.813026449998077	1.88314422531667
-0.307719864768708	0.516918121450352
0.404491985118417	0.813788270101857
-0.137883187600759	0.192605259868008
0.0398748780274034	0.0467224946627385
0.148422567575287	0.153742966271298
-0.465660992089972	0.373305706326106
0.205974427724001	0.169350480051871
0.59983808260959	0.902394483012128
0.465861941467422	0.86481215053696
0.124683173501366	0.181673656450492
-0.060330956584131	0.083392861265915
0.07443489931858	0.0948909244494201
0.650492194796074	1.4627334646122
0.120777783240181	0.201912982806045
-0.503005876163649	1.47911887126424
-0.0685317762485922	0.106214692772781
0.285567408137814	0.702418522533012
-0.0949424448037524	0.156749310395556
0.658202756651799	1.91236866900248
0.64419442946062	1.92378683434777
-0.168183720470974	0.319565526820183
-0.084541005573604	0.134916751200093
0.507449810375112	1.07548599107319
0.282405634523631	0.452768232513874
0.690295079406441	1.99944460061053
0.0850568583032505	0.116081664491993
-0.409587413528356	0.80397581704322
0.156521335821685	0.227759046992026
0.198378790741355	0.302881864152304
0.316050096129247	0.613144360198128
0.105457100813767	0.128384539184703
0.036923477978198	0.0373436725794741
0.126322367222853	0.10405300317692
1.01482879791918	1.54967633348572
0.42008579243189	0.430693531801859
0.055937350840416	0.0430145523120857
-0.397466009322254	0.584136012275115
-0.170431727580858	0.232076584142185
0.799279021067536	1.30551071617665
0.326591419063787	0.532062161619655
-0.102750994411202	0.134488745186471
-0.369695247818751	0.631013845064173
-0.421248496792222	0.730464310102544
-0.0775498012940411	0.0960055137637683
-0.0894980492184393	0.13139007226416
0.122268372256741	0.141251576805089
0.319952432753027	0.492609083473642
0.13981939698679	0.171798904713467
0.768007769566432	1.54824140951828
0.133271554062741	0.152364247331039
1.31405877146654	2.3737711658061
-0.850271167117021	1.14668266803304
0.308661915132985	0.242489554811086
0.395456754009222	0.559144053491831
0.104226459391006	0.120700407675457
0.451353883191951	0.711222434500162
0.0780586648068545	0.447373350073657
-0.0423793243737091	0.176253341628133
0.015627706867558	0.0492037386828384
0.0456000892912794	0.112187197710632
0.0607870097932971	0.148613011795727
0.167542646850324	0.473613804189172
-0.0782945498885507	0.0928893478633988
0.397418006734655	0.903322015362471
0.666857933467346	1.67210237396817
0.249351187305306	0.421680641020471
0.331820973347947	0.604166179557452
-0.214798084134281	0.23241702939554
0.131608978043261	0.105138184227052
0.536738507228128	0.701015207340174
0.101739351606493	0.115848279587801
0.122337207087256	0.191806794237499
0.410037230889675	0.895117664864127
0.376863383851309	0.834782473101333
0.119194637242215	0.163141026750655
-0.155093346625348	0.215648869493918
-0.230141451118733	0.442984579298515
0.000578091167255466	0.000798167503642439
-0.181853328227204	0.35301675372109
-0.106678160105159	0.199621440486495
0.307208248351985	0.619767070419972
0.104433599566727	0.167137765598519
0.114509625816821	0.202747803123015
0.19797589945612	0.35958636943863
0.412458875396589	1.04918026026116
0.958397230662564	1.33364618433775
0.231245509278872	0.307589015461935
0.484877011043415	1.2739857155204
0.170084788296232	0.288982257832673
0.123734997979571	0.189956896787817
0.172908945481343	0.28836700499846
0.115552174683003	0.174155715918602
-0.0543546209279096	0.0714876936904018
0.191350145388705	0.317474607120692
-0.0526960927336781	0.0647924271130166
0.129842100231341	0.148165643418507
0.832747820179845	1.46165687196924
0.339276397988477	0.332901555220125
0.409185215899814	0.428270349915985
-1.04110680798923	1.78009565034634
-0.000972886658941416	0.000978766268688224
0.733634691650558	1.50469595709781
-0.0836610987297057	0.0862770508999518
-0.236047338027649	0.420498081034472
0.204214451488234	0.329332574613648
-0.137680260835287	0.195950757549297
-0.158543288040613	0.243406166505449
-0.14911986496597	0.228499702192839
0.186035832848094	0.295095869418651
-0.338936415597322	0.577208731599108
0.345037574096051	0.660754710103632
0.404936702080092	0.707363412131994
0.10453826373881	0.147509532028772
0.374134846552114	0.706139099461171
0.222118298217456	0.308587780419626
0.426467760797041	0.847696773203885
0.480481531091201	0.812286348494683
0.175843824375429	0.247454419132961
0.068711708725308	0.0756469584020044
-0.300745363293267	0.299791634645187
-0.29068498827837	0.29628638961627
0.758626353879614	0.731800313438162
-0.389947130453499	0.600055439714369
0.285785588180414	0.434583209625451
0.148870726897092	1.09252245930817
0.0324423964358536	0.13103117014926
0.0996993801449586	0.287925669648201
-0.092592314320606	0.260511728805746
-0.170974962558892	0.490206611092767
-0.0321066670941238	0.0612151136673923
0.268100631338602	0.380951492234002
-0.214838353636963	0.389078831743007
0.138556902733936	0.201211608325958
-0.0423161403418298	0.0586057085446195
0.4611436744471	0.895073466320135
0.176880236563701	0.216758804270117
0.916451332529729	1.29388489912931
0.451359617646847	0.508936107053036
0.244970529908601	0.326068577746212
0.395588423318481	0.865130823961646
0.121877574364625	0.189190770291283
0.317181099225718	0.635975031923144
0.396155786433454	0.827222854996956
-0.247301032468237	0.445834661639061
-0.122308028427143	0.212907285309039
0.123896143778873	0.215633512233081
-0.0478109003150536	0.0797702804519027
-0.0814863247276386	0.146807759754076
0.0356801036855523	0.0541320166967224
0.0663731909895543	0.108786346198013
-0.0183887296134019	0.0276413852798085
0.289299137474667	0.578138918096216
0.443807212877984	0.511234507503664
0.214967818182436	0.263472880427909
0.374381816308861	0.657168715825123
0.394490787931471	0.845074047096776
-0.170002109762426	0.273696914272554
0.0991270496825888	0.153424666362002
0.259564057434545	0.472662714714081
0.163243020374318	0.281411182688052
0.0267223479549153	0.0372617326295819
0.298318457991001	0.583597753510495
0.0412095306881304	0.0574515403821903
0.083532147252177	0.109141773913215
0.214863902693158	0.257669065133661
0.126798451964492	0.107428127936124
-0.104777153614001	0.0817646955965321
0.596529098928179	0.795755486181933
-0.0608163769868102	0.0555884199400305
0.263001344913457	0.373596616766308
0.294766716355041	0.485750860135885
0.415918333224078	0.594130819595562
0.161533286509832	0.250509175472928
0.266956658177324	0.504288324829444
-0.18240980433937	0.239546283119232
0.42179554370419	0.837970051034221
0.283621040207333	0.479467608901525
0.385317441867584	0.781649443726909
0.757901929101619	1.55534664842636
0.176919048388228	0.253890324461432
0.437294646951612	0.933746198611053
0.389385693151442	0.706431779325248
0.410580391227338	0.725701596536669
0.015395555507935	0.0164863806531642
0.281643434423327	0.436586439164723
0.585052944443109	1.0454947015101
0.617573430620435	0.806610320744411
0.00474230280684253	0.00372293546704924
0.205867041894882	0.147450188785659
0.0027759160912255	0.00272916741105401
0.117878354545373	0.138909453006816
0.210957545729516	0.325897216677741
0.13120034522829	0.92916797086324
-0.0401468288296076	0.168419797045754
0.0614179994639828	0.193500408601611
0.162598871566409	0.579371543314047
0.280921188779317	1.26677422208321
0.0371993982937073	0.089503441815832
-0.347581820176214	1.25336024956776
-0.0197176067719832	0.0240222148112947
-0.127220244337313	0.219403399124147
-0.127261881582099	0.204225438204644
0.00277293838587212	0.00376260690186018
0.31899855758291	0.570531053284341
0.134500698893336	0.181388510513442
0.136364112421438	0.12239489797513
0.255151403939955	0.295685347467311
-0.341232980623002	0.569092920851236
0.00931079992106596	0.0129384817676637
0.663467244170235	2.19262002988653
0.16138949800176	0.306909431265716
-0.0494488585552884	0.0717966437893236
0.292175018521923	0.586968584187409
-0.111199969937651	0.195083569359867
0.100518430265297	0.185708011797035
0.148155908667734	0.29797444971037
-0.268054597890359	0.664426926142101
0.282884574378868	0.674109002591692
0.163945439989817	0.301672406068955
0.173280024875937	0.349772438683895
0.248288861254685	0.496066983954233
0.204739045875784	0.397512125474958
0.204577164479228	0.388869596173792
0.300034557104759	0.681535356156791
0.764317984477604	1.06039315921436
0.303484891645322	0.482176080345003
-0.0134778867555228	0.0195780966830397
0.448338690324597	1.0428292217328
0.209813029553833	0.36995336204836
0.187052450033861	0.308029780871658
0.106672084491406	0.158831747591149
-0.0210895394395275	0.0267319269047513
-0.0942152959980448	0.134139334718494
0.576449091116501	1.52961550263843
0.166587996242925	0.262261938289252
-0.510370174785145	0.944799824264257
1.00123541634952	1.64466449345245
0.267249902952056	0.245759060543778
-0.0202546288583057	0.0148860740910942
0.0459991329942789	0.0423393385587074
-0.547843420521106	1.18570967486474
-0.219411793181373	0.314734755055293
-0.33493615118744	0.511994455983713
0.159058914796582	0.250537638349421
0.176819551327978	0.282521903909299
0.280266867804656	0.478096962924319
0.0116522828573825	0.0140455159090962
0.223714092735402	0.340313730319937
0.328677615352069	0.543081577664951
-0.107112706834113	0.146698287167779
0.142296243957297	0.208654250768644
-0.0334647941911492	0.0433404975193012
0.815478526805818	1.95945520870582
0.20910349394838	0.297942910040981
0.22837266844233	0.387637680488591
0.309516057428624	0.452367145214608
0.6356117136497	1.47747117248793
0.688133172906076	1.50804735560323
0.0835925488158032	0.0732480298574304
-0.17871807890298	0.17446553086674
0.840715108342179	0.956816222158541
0.11763936918767	0.143216717705876
-0.189296913744734	0.280743887395079
0.749032367867074	1.9342102441274
0.766815447094121	2.15336500648446
0.297686493731255	0.570634018721992
0.895942286043623	2.22527336996142
0.029259803541022	0.135445417045927
-0.0413586853391661	0.169932337921501
-0.0636827521389999	0.215892542919612
0.0700684369901289	0.228083774539574
0.140845143734993	0.475868809416928
0.0938013339241398	0.274984938577932
0.0700741056825749	0.17006406778595
-0.381442757356082	1.61958578178605
-0.013083482766604	0.017294481638235
0.320490027812505	0.728853644179766
-0.144190326920676	0.263206690778762
0.360097056982495	0.8650637988558
0.436345379588387	0.935657078887217
0.205392344719307	0.252676518629145
-0.149962576709143	0.125167526138618
-0.0572644897883981	0.055400685539113
0.522673321088391	0.927267843578985
0.501623802448982	1.20455488374259
0.782644127840019	2.66335974025081
0.319060440043957	0.754467372351122
0.830548386352852	2.65552024420599
0.767258410056576	2.5205214584448
0.0421852795873643	0.0622781115434105
-0.113780508705252	0.200912299180275
0.201285431515381	0.389603157838259
-0.0154225101539602	0.0238012301453772
0.614524607636664	1.90027808358688
0.324675474031874	0.674541267761739
0.536049244746049	1.67961697591556
-0.057649695138821	0.0828697449684873
0.350293689499715	0.789345006404236
0.0748403624396329	0.102237241005437
0.271695635730641	0.559383043849203
0.597792504231238	1.04202757626468
0.0788451227077472	0.112389910273365
-0.146780287062089	0.231271071155132
0.0465366284430682	0.0648175545354204
0.181345527437674	0.259212475662687
0.105446505426365	0.148802275870367
0.323604467645662	0.541146797995927
0.1579665599592	0.222520171333206
-0.142906703682426	0.230043712736044
-0.198024864016114	0.303653979929202
0.237047964549817	0.341132321750172
-0.106031157947786	0.109894012901025
0.0777595304479868	0.0663832754273503
-0.0316291292545899	0.0407104243321708
0.0185863160939866	0.0218116952532456
0.662298585571548	1.23400632767513
0.0112515094801671	0.0135253947200078
-0.479015836825973	0.915354434856584
0.16247902347559	0.226838366458417
0.202054814812391	0.288033044802915
0.423721794196359	0.739174787904972
0.24077432309571	0.343237704866273
0.241552833407897	0.341771546525528
0.104641745309158	0.133908406182543
0.143449780485179	0.186839714896029
0.358603619109072	0.67383937378813
0.0275859997967641	0.0289701247406558
0.650590587512673	1.32367540287635
-0.0277505648766769	0.0310920144300639
0.136679814481687	0.126502468378335
-0.747241268291284	0.872835989036927
-0.15446424453555	0.131050595916272
-0.0610710230529407	0.0693892928518325
0.158450683754964	0.232101117669858
-0.277903278395922	0.404373484038923
0.123241875349522	0.168248955028899
0.0768443459181178	0.090547521707475
0.141410501724697	0.189774881839179
0.171378239904188	0.263959844366723
0.626162136416674	1.39889191002039
0.0479203773678316	0.236731423986381
-0.0772103917611941	0.365884807567235
0.360556095202834	2.071523102448
0.629508068404973	3.98618076186847
-0.0478915879423033	0.114342779948668
0.0583575616009675	0.138874966498176
-0.615774237290097	3.23425180337368
-0.389007658129941	1.00669904095391
-0.0768497689865423	0.131882272783319
-0.00943751532577661	0.0139757658358683
0.271335447482963	0.619475436400832
0.533241655458953	1.5325401777691
0.382449854049852	0.669755741877974
0.751312201745841	1.67582960298768
0.124439725435552	0.145582782712677
0.330405572864226	0.680227278106651
0.883362824517225	3.27298982344017
0.569822319736595	1.58963378377478
0.0679743558410227	0.10848143501308
0.150283636701827	0.250641285264642
0.566181197988076	1.59494432440087
0.207746658672753	0.373080706782442
0.0906778404885982	0.130843972573566
0.480911119679555	1.14757885813582
0.0596950506032191	0.083278716610555
0.154749494107469	0.231823122884126
0.0272651575683188	0.0332811638158185
-0.11017598185361	0.166342805165214
0.18126944803419	0.277847407869759
0.0626605086597816	0.0824515763124567
0.23908779342503	0.345517502852382
0.543880249862267	1.35866520204495
0.279131898580514	0.487974264114221
0.187662572306569	0.269665736856482
0.458327279915608	0.867188609852086
0.275837753962668	0.478352392744434
0.438576174092264	0.688701514590125
0.208429960299515	0.317989164053751
-0.0909408761576434	0.10136707985517
0.171370269742699	0.213368812422501
0.276871710000458	0.372913237517546
0.202535870933743	0.252513844618958
0.454142377464941	0.661379884875287
0.45220085748012	0.824884883148283
0.0231248865046235	0.02585901202121
-0.506282540592091	0.919151166744843
0.311578998193395	0.338427561022665
0.388692124811831	0.500854510523998
0.47840503518097	0.515091513136514
0.166768216708288	0.234191276407115
0.374214825715881	0.641474594138116
0.716984208756562	1.35797973901859
0.426844411441223	0.745124951945385
0.342193654322281	0.459168151009035
0.495953206510702	0.602413980361301
0.773864062502155	1.64177451940839
0.563226727562492	0.934706416212248
0.167394882412385	0.188500177952085
-0.17775434750069	0.20697013809928
0.474709048732858	0.77646901744854
0.412726563831848	0.695475522903458
0.177280707156139	0.199081841626599
0.273887192969078	0.419304794261439
0.464119137709176	0.804748393092227
0.0301009384770585	0.0245315701302238
0.153848647005715	0.14780750596722
0.142745442817413	0.133897067394184
0.0334758167373028	0.036267219952937
0.178608371682235	0.232158652957484
0.237161599747622	0.324044099627792
0.141837763081695	0.187320893194587
0.128050992584251	0.151289295262687
0.200426428941965	0.227181049270667
0.437888481382495	0.765694811463751
0.316935037262335	0.418035725405578
-0.00682795246075201	0.028899601758739
-0.0596512740054871	0.287467795845876
-0.078396435999227	0.37110130533204
-0.181894039246624	0.983987912610955
0.470803393433068	2.79879104248426
0.405344449405106	1.53716027533951
0.219038157354005	0.605866416744602
-0.0793735406828917	0.168092188201315
-0.581825363393573	3.04480041265488
-0.305545963989104	0.977924594170869
-0.287809521305403	0.781670282378432
-0.177426113004118	0.391628233694883
-0.0555020839518098	0.094210050334413
0.165251951175232	0.330335532701658
0.343760309309786	0.760436227450013
0.0832649706774008	0.131019406095213
-0.12363398542013	0.195591839471147
0.260848211090156	0.547669823574375
-0.120421862181768	0.200814542100328
0.0705936829079957	0.102232427854074
0.188579850246572	0.349609480058416
0.111469151802817	0.175348779317817
0.0426856800731283	0.0575673803817634
0.411589209730294	0.806047414477309
0.37566468537609	0.704911552432175
0.146411566638899	0.192292184227238
0.749821433364721	1.94093292021826
0.340627435822754	0.524401769063645
0.526568040411097	0.889920107134079
0.349915186503172	0.541761955463655
0.647150140225195	1.33341636149562
0.165539255544329	0.241648101105386
0.425350768204771	0.749476633812121
0.387719686257077	0.58846453997452
0.0517718966743493	0.0650993269417124
0.340744323688108	0.613517032958726
0.095149864681746	0.144840580138234
0.11116271600119	0.154521504997771
0.240406396243109	0.283433138626446
0.205115608784101	0.213414425699799
0.200789188183314	0.217766600016004
0.144943525314736	0.149369149304598
0.134659714206192	0.108871310910233
-0.0373295298374466	0.0369515063908654
0.0707797073177317	0.0710376138926736
0.410112442037637	0.652864569514521
0.671278159663744	1.01138612260251
0.581124951567082	0.869109893627717
0.169769653948046	0.200326298845414
0.342815122872582	0.431690390306431
-0.230088543765891	0.231878222089063
0.608723612918322	0.966876965201253
0.583433259737051	0.792710327383102
0.893976536156166	1.33218211484835
0.0351247115102648	0.034126804289678
0.0769024109783323	0.0747932985499935
0.432284775183127	0.667986089081358
0.210038127233395	0.267986863107932
0.726077237485488	1.35651369909507
0.520108230021022	0.762148751426477
0.049512393065343	0.0368744239738533
0.866106444809175	1.32741054155965
0.10085000703998	0.096853050764693
0.211767399081327	0.19756973951079
0.369739448620166	0.498732324300484
0.0904828128734806	0.572528831574237
-0.00864368576952753	0.0342636878319664
-0.237796386108862	1.42074687482833
0.582356730750189	3.41428711221091
0.624635752485102	2.41837504429946
0.296462535611013	0.798548390646763
0.046199202008356	0.0868074338008398
-0.678598366490692	3.78452438571804
-0.203612971951612	0.647746386549858
0.0327544544819695	0.0610671122687314
0.331845545791716	0.95017049871865
0.203528593641034	0.478022449703761
0.0114130353014655	0.0179794435899133
0.123974486844043	0.274044521883038
0.197192012193615	0.523794924500502
0.286529093168351	0.690612809579154
0.507513478496724	1.69942167352703
0.246644001774667	0.470823200246268
0.10909146516204	0.168153790661168
0.229205388297378	0.434368493488969
0.291511304026113	0.64887414931829
0.170096412325181	0.296789157593099
0.065575750761015	0.0820123415227817
0.281871037271683	0.391321688954471
0.621505600082743	1.08654851784687
0.590844924393106	1.05026819417416
0.00443478443049064	0.00482765177996975
0.0278830989035377	0.0262964662643042
0.665427826773261	1.14313334421128
1.28250377985299	2.82564768770779
-0.0720201028896916	0.0761169262315576
0.0982296161256492	0.112098966946458
0.29228652918701	0.379046728187143
0.465791631532886	1.08858277570304
0.0131799770799979	0.0210479655740711
-0.213042244703165	0.400002936387071
0.296731963905603	0.661055631022898
0.447902724351459	0.733796304120964
0.506983702910542	0.702350905246685
-0.0896132054566712	0.0781142733654804
1.16910217888581	1.61297821505751
0.422827576990657	0.348650964234876
-0.143593309721272	0.121807689056444
0.264685684751265	0.274120046117242
0.260313381711088	0.26284418613462
0.0708948628499746	0.0861603582863363
0.404371891621715	0.854465382016456
1.16157745025955	1.97812305590908
0.121396166197197	0.0863763947529457
0.48763652551603	0.533506691677976
0.197380082184279	0.236475132530628
0.370057133145124	0.424983111227449
0.475649404222085	0.674320057684125
0.139485170951341	0.134074175517986
0.138752353776951	0.126141733262828
0.76649451441607	1.147986451048
0.825655734336062	1.30216954202806
0.599526935636726	0.651989845087757
1.35254316322015	1.96639416213682
0.204968192143494	0.191522299830153
0.350786474932378	0.423063342445598
0.032206275885508	0.153463498684485
0.0561958041531831	0.250735095001196
0.538715260669171	4.08360021280059
0.410241054055201	1.93178423430533
0.314409873844153	1.19744615384671
0.102940039561095	0.256827436707272
-0.284891170270713	1.11188692536034
-0.00316519323573605	0.00554918383501313
0.0141142941216412	0.0255102813081397
0.196816362399414	0.436387749124214
0.451898552700182	1.54064075150286
0.109727216081756	0.205156184009098
0.106182783069187	0.178783827179023
0.531574098768095	1.37617131138171
0.523066457482608	1.36657037800886
0.18634047704987	0.366948248266233
0.296569123157234	0.671631929566855
0.392269035370339	0.918571380586229
0.750151354941021	2.62510192909366
0.00110201258840419	0.00157461315336989
0.195340602615978	0.356659772850187
0.233859884521982	0.38662036911807
-0.0263537541852482	0.0317685432083837
0.102738166321436	0.143427242487243
0.185355813163912	0.303781834714682
0.336496285955252	0.71256780970407
-0.492648774665333	0.718216080941848
-0.196494069109248	0.294723793290467
0.0912240660811	0.124497752891587
-0.120957907427786	0.168368504832055
0.671050346859753	1.45162036673654
0.0448621616721468	0.0560796874057994
0.27106039465615	0.452585800777359
0.299563113743921	0.567257072656679
0.184127432812185	0.313655942319529
-0.479537213969775	1.04820224737117
0.0659413803469074	0.0872688005717113
0.28195892369618	0.431503815057903
0.333383422619062	0.433273394713582
0.322539749082456	0.582977444215373
0.16161942340677	0.195809396098104
0.116309380947659	0.115395487804841
0.0109052569534269	0.00894717173637212
0.239384253964063	0.293854711524628
-0.474981008883158	0.719594516682731
0.16476438220443	0.159172812014139
0.130591513526504	0.142700343819551
0.305225034254249	0.46269686369967
0.404678578464012	0.659962724861835
0.199359780807142	0.22577184502772
0.338814326871806	0.423425325516677
0.485544471730318	0.599981249881145
0.311538768447878	0.380408159646826
0.208311964390914	0.232750228801829
0.837015558867603	1.80634714364815
0.603437548603663	0.808551942045757
0.221573448829038	2.02146739720301
0.358564291643655	3.39782009582638
0.115120399304585	0.419961887025985
0.0321662967227759	0.0909011567080439
-0.259443981598203	1.15742809802911
-0.55275664563926	3.88782968687949
-0.0853441123919933	0.158626374119465
0.435290768756394	1.47675027691948
0.150918319862732	0.326157390047269
0.46901131433559	1.55665321597677
0.579687864181136	2.06598661688799
0.69984372441982	1.93946156436283
0.131804936877828	0.162085317783888
0.377791686898643	0.602943424687747
0.726331681718294	2.25035645442141
0.690892265625934	2.69565800763265
0.618284525633982	2.12710099716209
0.457856919610109	1.46969551859208
0.0479482348903629	0.0790840198524207
0.00641288350213573	0.00928532472889287
0.496172428990574	1.51925644475565
0.275866181560799	0.63372131964016
0.295485341993337	0.698005205516009
-0.103591327254234	0.17468848563184
0.351224640947867	0.859017383909089
-0.659363022918283	1.84218242247637
0.109895254047066	0.184198250722063
0.0183840955512138	0.0254147050050897
0.328882765448464	0.670027486628169
-0.0479017539356278	0.0641932184959843
-0.192242780282346	0.354452362823741
0.0538094805736743	0.0695831440312927
0.0104944397269999	0.0112136903481834
0.305746700726881	0.64110545168199
0.65773553769791	1.55612932152378
0.280358313478226	0.568860380007236
0.33496880152596	0.538512953548867
0.00536959517726883	0.00638777644425843
0.022809739172963	0.0231823779593618
-0.0657577777780149	0.0812426023266449
0.182500067611053	0.266941655709945
-0.244826816715624	0.332323412959065
0.217248236013851	0.343894743371373
0.683318746283157	1.30747864530941
0.298377731408739	0.373655282001759
0.490479536214602	0.846936291445695
0.178635558487957	0.248813024569219
0.540056244285549	1.17558137920946
0.308515817553811	0.474342257835951
0.126173909828382	0.872873309618186
-0.0675975558141223	0.30791519390549
-0.118074358762169	0.523942208966567
-0.0988717253293347	0.373104052547806
-0.606539025475937	4.65387418668587
0.330263895284026	0.863540001403391
0.180128318423092	0.419535930196916
0.528874838903761	1.90391063783356
0.205806579950161	0.527883210257768
0.460869532647307	1.36881381490639
0.238222573470855	0.326794616843948
-0.0132324070959717	0.0113182434127468
0.633882225449328	1.22988703381346
0.578460044376328	1.36938914431483
0.366420894325731	1.04717347592269
0.376702677492919	1.13732465577532
0.591974458857024	2.39964821708545
0.36066521996686	0.919486573710475
0.351345664743982	0.885500625005126
0.390752199443708	1.13516555274127
-0.0644461930642494	0.123681499332676
0.209396617491616	0.501643653397842
0.138134502966068	0.318061650190653
0.227747436256407	0.550006802364082
0.0521774755196639	0.0880481824113039
0.244786113002595	0.592086022666806
-0.199907672151155	0.414097077727034
0.0723580834535202	0.126374235541032
-0.0532830145491439	0.0773996121253953
-0.306116888452502	0.756210570018449
-0.137704338120873	0.207029775124436
0.0957344565923128	0.0896701438252349
0.204739376686658	0.318730814596736
0.204784713076032	0.293832910888969
0.507426105748635	1.17378008924634
0.22555304812073	0.447063375302487
0.209162336765007	0.365962710231462
-0.444512644133115	1.02378661181
-0.0780787978866756	0.110589820778151
0.0430590019138884	0.0600430283340606
0.336008814125911	0.735772763706622
-0.566296437607684	1.41635342261042
-0.182975744749674	0.268856570090057
0.598676264339809	0.887250557457965
0.949804011931256	1.67164630223639
0.426685090237394	0.776873589903248
0.101690864252816	0.627962601013399
-0.117457334981982	0.649148089257961
-0.210316989539437	1.12151115186426
-0.43135882538627	2.66056572028392
0.426387648605212	1.30035434552042
0.548095208619336	2.12638628738526
0.462887835970996	1.4791828987062
0.586845888479128	2.54745720519201
0.980559460159329	4.26319123421972
0.561316245278353	1.25776716761637
1.10272822289321	2.43031052722947
0.695928868447253	1.1684195413429
0.421672069274844	0.914825561707525
0.437564165403345	1.26270017711735
0.136899070136079	0.273842618037669
0.293398503856473	0.774674798400007
0.336597081059197	0.792011410092897
0.485273134230374	1.57360775834815
0.166794244080375	0.376126254017942
0.0222075974414122	0.0404394726876634
-0.0318848144348912	0.0593565584144111
0.0597885422959103	0.1131458063007
-0.0289641782537033	0.0486865676193137
0.177951210308899	0.389646491160361
0.0335522329633449	0.0594222767537732
0.458581998031788	1.47231229793056
0.204762475812778	0.445525064577144
0.11980946206005	0.183244024120649
0.304655383638882	0.709994017405425
-0.270580160078643	0.476719068407683
-0.888392656419874	1.28913397566468
0.17246741297457	0.234819478178641
-0.000776534370538018	0.000708026749416703
0.150566077090015	0.219478980323589
0.432020035872157	1.11928621721112
0.200979813720005	0.335332610810634
0.451613356188103	1.11840590164998
0.200250281135246	0.349310098200878
-0.353528028231988	0.711207701015102
0.129644328120563	0.209215451273899
-0.126670838302816	0.18951111473528
0.419172331672065	0.662434687780569
0.0440879622835646	0.22525124381686
-0.0251533980080116	0.0994001382846254
-0.0926681363064545	0.364927296782193
0.571970003257143	2.67675356140562
0.563259488935963	2.93917552251475
0.752432373953063	4.42728082426418
0.769117537227424	4.65367563435368
1.00611421144704	5.90222745171643
0.784771470885133	2.61534042396858
0.968382259109096	2.4386437036333
0.686905368807613	1.56660140821666
0.674287052935222	2.2555360622267
0.847187832525899	4.69550651602318
0.46442569238523	1.94558051964293
0.652775092391299	3.12812700915418
0.500991155970514	1.85446664682881
0.258211955162678	0.62852634432016
0.357249553392956	1.21854224591255
0.0963634133714838	0.212176006906454
0.152280947751192	0.358186937849925
0.136550429787373	0.333552479819392
0.109422017126405	0.232799046516831
0.469842118837201	1.62949836262764
0.0384898095128077	0.0737529016828793
0.376778814825342	1.09746198427223
0.176588906765048	0.401888439432162
-0.0234239115520486	0.0347314695070854
0.0233151968800867	0.0389703542225167
-0.00289830625784792	0.00394158946939989
0.351689462355666	0.410292429231425
-0.153442281832106	0.227830196816139
0.198031556015738	0.283924514155615
0.087900026052562	0.140524266316783
0.333386563439631	0.835548052631679
0.351724943611208	0.798743390411896
0.358675600130121	0.948734405723369
0.269397711592044	0.570105487371367
0.218538019121415	0.41403880815956
-0.239111644833771	0.47692773371734
-0.0354213869992798	0.0476517238309958
0.607276348656002	1.37229478588251
0.240326917386289	0.275791250834095
0.089247241661715	0.541074169605344
0.211417438229422	1.5239205190241
0.946608348309996	8.50190045133159
0.759384549855471	6.41475118149742
1.08732555858322	10.5253817769596
0.867569294237599	7.35796999807329
0.80975494833125	5.55005942992798
0.641019117751749	2.43592194547379
1.11783467824229	3.85635358641024
0.267586513157521	0.467038520016019
0.891442303864801	4.21557514982457
0.347706863768948	1.30199226361657
0.245086334637818	0.815872753312269
0.386417111142768	1.62544215462728
0.273249076763591	0.823455033750175
0.122915934436609	0.287261510556428
0.142730632471925	0.370626598137904
-0.00429866606795968	0.0080693975367597
0.148210619194336	0.373712684083764
-0.225570665890206	0.654947980662208
0.102408298439938	0.212382551222721
0.081123886860067	0.150227391935035
0.0678300972364954	0.131906963968018
0.367243854958949	1.05566162150956
0.184573615851271	0.33461582232121
0.0447374964996598	0.0755683991339061
-0.0558049162120074	0.086280042550141
0.298927418675442	0.336355948641758
0.134615210791998	0.226980268721103
-0.00481220947157798	0.00621505901355583
0.159181573596093	0.260575665876967
0.0790325600513248	0.121207416055465
0.194030448929625	0.311349852618677
0.301795134933211	0.53649880690286
0.319360007636721	0.432545937872439
0.193796416873411	1.69307901215409
-0.0040473824872747	0.0161450448979262
0.427617503373313	4.49578122992755
0.22865051618353	1.39184687901802
0.356586749887516	2.85910034156915
0.327828570864326	2.12164377437896
0.182947508145173	0.793550295099278
0.220287909132422	1.03187923651622
0.149237925545691	0.508296007850021
0.116538944254127	0.381009120782583
0.372040895770573	2.2956565248953
0.178073430928899	0.729199185982828
-0.0374496411321735	0.0848986329595783
0.143283305248795	0.383205771501335
0.0633720126203525	0.13355372300158
0.172929496879712	0.44388613469514
0.0254802505328231	0.048474487858777
0.0273726615732026	0.0438103645548905
0.0980952086218779	0.18886492393025
0.168275847427948	0.223569582225287
0.117649811904442	0.184761541057261
0.0188311590732787	0.0902218521510056
0.378184905823716	4.31468925677262
0.175257760903546	0.954217175665803
0.102567512331079	0.441825043183062
0.0848060613389455	0.361421241620444
0.224627598904497	0.451269057302198
-0.142483541577511	0.23201616138323
0.0755933531899854	0.123755817697003
0.394561875410546	0.730932791937669
0.22771998841484	0.383111213307334
0.325726617738671	0.534547378793628
0.0249444540149886	0.02930350659144
0.151038632026203	0.229717932922784
0.761227185284968	0.983170645102647
-0.0280690909345301	0.0264022245799585
-0.491221563027916	0.531908099479776
0.0470407509724836	0.0592332363266955
0.048606923540236	0.0832137550616716
0.0853983024348079	0.157348812186005
0.279155477682682	0.55564071255716
0.23003500427316	0.419793334412302
0.588285085319424	0.95290433787635
0.249373598198083	0.298868064177165
0.0440130060633999	0.0382854165308737
0.254561784813131	0.29570478223661
0.0946147762904839	0.111066597439875
0.477084947315441	0.613564295715539
0.24678755945996	0.295057329069495
-0.821975098949967	1.38257057331641
0.0241892750113207	0.0203096879558603
0.250880907802239	0.303654075372677
0.289325487863235	0.435879815287493
-0.156148186266133	0.19696079620975
0.052629437208511	0.0623760038809807
0.251697687234273	0.26940517662945
0.14713700326846	0.137092866349482
0.383236778981993	0.416333260470079
0.859684407530938	1.49262340783468
0.587560042631307	1.00481108436388
0.421659478813072	0.576822919136349
0.621116735022257	1.35694999877891
0.667738841118028	0.764376391895881
0.266302745650052	0.26393531102522
-0.0365284197734609	0.0264976808321314
0.651554739697495	0.680606721757691
1.16280234171009	0.754243671473288
0.207719649017931	0.175674377940867
0.13011242390371	0.0987332209424013
1.1537296832899	1.28871686167079
0.403064077873139	0.491673902652546
0.353242513100215	0.339701086652569
0.97083379970476	1.41908820242575
0.580929399266992	1.07555512843853
0.322831680333256	0.532414875715898
0.442650405080096	0.772436341371855
0.218650726913762	0.259517218032449
0.555225526392888	1.27883327803503
-0.122051853983831	0.155284811900392
0.123491024730695	0.155354773882458
0.546910777593065	1.16731816529464
0.694614501219559	1.65389269915642
0.70061315260401	1.63092851028008
0.488130990684293	0.889566559554661
0.240935851305865	0.395393815062691
0.86061182214008	2.27539411973809
0.710907844921766	1.46272515039235
