x	y	clickSelects
0.0649365444215	1.17895929809858	1075
-0.05757893406072	0.80682923037613	441
-0.0540348692135899	0.796044170875854	91
-0.05975746466202	0.55696545252166	251
-0.0592573014063	0.560959739167039	251
-0.0562659518403901	0.556556003824154	6
-0.05825797222393	0.560915030422003	217
-0.05909486250559	0.555795857836356	75
-0.0562659518403901	0.556556003824154	7
-0.05757893406072	0.80682923037613	723
-0.05677086027798	0.552634765693309	251
-0.05825797222393	0.560915030422003	6
-0.0580926173880501	0.56070230461001	6
-0.05825797222393	0.560915030422003	104
-0.0592573014063	0.560959739167039	23
-0.06375161456735	0.56156516596452	155
-0.05775880570834	0.55671962166184	219
-0.06441282117933	0.562758252373258	32
-0.0642602715521501	0.558219499337208	147
-0.00424287206530005	1.79144312013102	304
0.0776287782663101	1.13275063253183	91
-0.0632432975603801	0.561504402611844	91
-0.05909486250559	0.555795857836356	562
-0.0580926173880501	0.56070230461001	15
-0.06390564122763	0.562697971919826	155
-0.0722394705377001	0.795430697158804	219
-0.06390564122763	0.562697971919826	32
0.0932045156032699	0.891014073465948	3
0.0667612701592499	1.39734041951875	441
-0.06311901002372	0.794768946007008	441
-0.06339879997311	0.559087917942227	123
-0.0585935731985401	0.559769753604985	217
-0.0592573014063	0.560959739167039	104
-0.06375161456735	0.56156516596452	155
-0.06375161456735	0.56156516596452	219
-0.0557613801175401	0.55747490290022	219
-0.06339879997311	0.559087917942227	91
-0.0593300122623099	0.802979399184457	91
-0.0580926173880501	0.56070230461001	7
-0.05975746466202	0.55696545252166	7
-0.0585935731985401	0.559769753604985	723
-0.05885476457132	0.800790824625946	723
-0.06441282117933	0.562758252373258	123
-0.05827146507443	0.800664919137366	217
-0.05975746466202	0.55696545252166	23
-0.0557613801175401	0.55747490290022	219
-0.0632432975603801	0.561504402611844	441
-0.0632432975603801	0.561504402611844	950
-0.06441282117933	0.562758252373258	91
0.0832704089689999	0.880914125417818	91
-0.0587460834020599	0.805760443869497	723
-0.0585935731985401	0.559769753604985	562
-0.05825797222393	0.560915030422003	490
-0.0600827305441101	0.800239184590905	490
-0.0587574706918601	0.561897601836786	1296
-0.0585935731985401	0.559769753604985	219
-0.0552571448088	0.55650722237525	81
-0.0585935731985401	0.559769753604985	235
-0.0592573014063	0.560959739167039	562
-0.0580926173880501	0.56070230461001	562
-0.0587574706918601	0.561897601836786	6
-0.0562659518403901	0.556556003824154	85
-0.0580926173880501	0.56070230461001	104
-0.05825797222393	0.560915030422003	1199
-0.05825797222393	0.560915030422003	757
-0.04716039968893	1.07549499857021	99
-0.05775880570834	0.55671962166184	1612
-0.0636218474866099	0.80725469907597	91
0.0779673730458701	1.79159610520686	91
-0.05825797222393	0.560915030422003	7
-0.0587574706918601	0.561897601836786	251
-0.06390564122763	0.562697971919826	490
-0.0575919947780299	0.559723883081557	38
-0.0637245360223999	0.8034166735313	88
-0.0580926173880501	0.56070230461001	342
-0.0778802495561799	1.9754126102303	28
0.0918450172060601	0.893314318795079	1612
0.06729517234215	1.62600042472118	91
0.08804860473744	0.879948620216709	7
-0.0587574706918601	0.561897601836786	490
-0.0580926173880501	0.56070230461001	490
-0.05909486250559	0.555795857836356	123
-0.0632432975603801	0.561504402611844	88
-0.0592573014063	0.560959739167039	88
-0.0552571448088	0.55650722237525	81
-0.06375161456735	0.56156516596452	81
0.12150122932503	2.17429774438292	99
0.0960454566295199	0.876452262287437	3
-0.0580926173880501	0.56070230461001	441
-0.0580926173880501	0.56070230461001	414
-0.06390564122763	0.562697971919826	1125
0.09482294693826	0.867271181618963	194
-0.0585935731985401	0.559769753604985	6
0.0924608129978299	0.892462503811019	6
-0.0632432975603801	0.561504402611844	217
-0.0575919947780299	0.559723883081557	38
-0.0649203401319201	0.559395208329293	631
0.10331128136768	0.861946067348788	104
0.07898989854075	0.869148263609844	219
0.0704923306752401	1.18242521037325	622
-0.0581623907276401	0.806953138795292	83
-0.0632432975603801	0.561504402611844	83
0.06977552328994	1.99525473216316	91
-0.08689496529214	2.45784487018597	91
-0.0557613801175401	0.55747490290022	7
-0.0580926173880501	0.56070230461001	1735
0.0686458761015101	1.631062892255	7
-0.06245010376956	0.810228431329491	7
-0.06091317868299	0.558273794061398	251
-0.06375161456735	0.56156516596452	81
-0.0764548562849201	0.766885315246198	342
0.10027952216473	0.871704999632851	3
0.0180029096551499	2.16139671168389	441
0.0985644315570899	0.880191286092215	622
-0.06441282117933	0.562758252373258	91
-0.0580926173880501	0.56070230461001	30
-0.0580926173880501	0.56070230461001	1735
0.0889205675924201	0.887809815615561	194
-0.05975746466202	0.55696545252166	7
-0.0592573014063	0.560959739167039	251
-0.0575919947780299	0.559723883081557	251
-0.06375161456735	0.56156516596452	217
-0.05475324561414	0.552382251224157	260
-0.05825797222393	0.560915030422003	260
-0.0580926173880501	0.56070230461001	219
0.0917176937711299	0.884775202112427	219
-0.0748110295700799	0.553451412395451	147
-0.10288243288711	1.79001313860539	99
-0.06273532022615	0.557911133428662	441
-0.0557613801175401	0.55747490290022	441
0.07192155148255	1.60632739707335	622
0.0955373769185499	0.885538002179559	85
-0.0208883081973199	1.61093509699989	85
-0.06441282117933	0.562758252373258	32
0.09598404215442	0.880478561232449	440
-0.0592573014063	0.560959739167039	125
0.0955373769185499	0.885538002179559	99
-0.0587574706918601	0.561897601836786	441
-0.06273532022615	0.557911133428662	441
-0.0575919947780299	0.559723883081557	427
-0.05630384437353	0.796832001762128	631
-0.0605909879687701	0.798147024269196	219
0.0861916719345199	0.880571018338198	219
0.0990524798935399	0.875607329126314	81
-0.05825797222393	0.560915030422003	440
-0.06441282117933	0.562758252373258	441
-0.0684229062261199	0.556155440841019	622
-0.06117642432496	0.800730743169161	907
-0.0546847919634901	0.783641673025787	260
0.0939488017093799	0.881142045557228	260
-0.0585935731985401	0.559769753604985	519
-0.05475324561414	0.552382251224157	1467
0.0967656749783701	0.883998356120159	81
-0.05825797222393	0.560915030422003	426
-0.0575919947780299	0.559723883081557	426
-0.10511839209906	2.25654132011075	3
0.064967417611	1.42493226413218	441
-0.0552571448088	0.55650722237525	935
-0.1073437968314	1.77336316875003	91
-0.05429905683885	1.09003813348802	91
-0.06390564122763	0.562697971919826	30
-0.05825797222393	0.560915030422003	719
-0.0581623907276401	0.806953138795292	211
-0.0592573014063	0.560959739167039	85
-0.0587574706918601	0.561897601836786	38
0.0876809515583401	0.886707668176238	907
-0.0592573014063	0.560959739167039	260
-0.0575919947780299	0.559723883081557	426
-0.0684229062261199	0.556155440841019	894
-0.04095405935831	1.34871276162339	1084
-0.06186458844142	0.809327081936404	91
-0.0585935731985401	0.559769753604985	30
-0.0716493183428899	0.796377642690355	7
0.0981044593999001	0.879947844463105	247
-0.06339879997311	0.559087917942227	1123
-0.06390564122763	0.562697971919826	1467
-0.0580926173880501	0.56070230461001	125
-0.0592573014063	0.560959739167039	454
0.0924608129978299	0.892462503811019	30
-0.0507033398455301	1.08009050264048	30
-0.0575919947780299	0.559723883081557	7
0.06982309938169	1.16792066864726	7
0.09611018763242	0.888142200810888	251
-0.0580926173880501	0.56070230461001	247
-0.0585935731985401	0.559769753604985	85
-0.0585935731985401	0.559769753604985	85
-0.0585935731985401	0.559769753604985	481
-0.0580926173880501	0.56070230461001	454
0.0746961886200199	1.16575158234	99
0.0945649751515301	0.878944887035097	91
-0.0575919947780299	0.559723883081557	91
-0.05677086027798	0.552634765693309	247
0.0931832786087901	0.876230722564831	85
-0.0642602715521501	0.558219499337208	1762
-0.0587574706918601	0.561897601836786	481
-0.0552571448088	0.55650722237525	219
-0.06339879997311	0.559087917942227	775
-0.06441282117933	0.562758252373258	454
0.07892940070871	1.60059388817442	83
-0.06339879997311	0.559087917942227	341
-0.0614251527527401	0.558335815847276	88
-0.05825797222393	0.560915030422003	907
-0.0585935731985401	0.559769753604985	219
0.0785929641423799	2.46730599208057	28
0.0704923306752401	1.18242521037325	3
-0.0540348692135899	0.796044170875854	30
-0.06303585672473	0.809603260887761	30
-0.0507623725339901	1.08551710088698	30
-0.0563029495332501	1.08180794537295	7
-0.06321391423926	0.793418699473493	251
-0.0562659518403901	0.556556003824154	1704
-0.0632432975603801	0.561504402611844	162
-0.05909486250559	0.555795857836356	1075
-0.05265429090538	1.08603766586992	441
0.0906125259738899	0.89099259135723	85
-0.06390564122763	0.562697971919826	481
-0.0632432975603801	0.561504402611844	1321
-0.0575919947780299	0.559723883081557	454
-0.0643902433957699	0.795582305292122	83
-0.0668469364059301	0.796532768597834	30
0.08389325901262	0.881547596258668	14
0.0984385120254501	0.875800383795189	14
-0.06339879997311	0.559087917942227	6
0.06620468111265	1.43089706424841	441
-0.0632432975603801	0.561504402611844	1489
-0.0588099565849101	0.8001699521369	30
-0.06375161456735	0.56156516596452	14
-0.0392366058667799	1.37642530363682	14
-0.0580926173880501	0.56070230461001	260
-0.0575919947780299	0.559723883081557	1262
0.0633728940334499	1.1830165310557	1075
-0.04256841965611	1.37610267077322	30
-0.06339879997311	0.559087917942227	88
-0.06390564122763	0.562697971919826	482
0.07148398564451	2.00713239128858	3
-0.05975746466202	0.55696545252166	1489
-0.05606935842588	1.0857000233139	83
-0.0660646613373601	0.796194619354754	30
-0.0580926173880501	0.56070230461001	85
-0.0587574706918601	0.561897601836786	88
-0.0592573014063	0.560959739167039	75
-0.06375161456735	0.56156516596452	125
-0.0694547862458901	0.556475535922731	540
0.06413152062654	1.81902891942695	28
-0.0632432975603801	0.561504402611844	46
-0.0575919947780299	0.559723883081557	46
0.0932045156032699	0.891014073465948	30
-0.0587574706918601	0.561897601836786	75
-0.0649203401319201	0.559395208329293	46
-0.0587574706918601	0.561897601836786	481
-0.06489643844218	0.795429391447066	260
0.0685429956763699	1.17853935355551	3
-0.0592573014063	0.560959739167039	46
-0.06370745519095	0.794922954894712	46
-0.0587574706918601	0.561897601836786	85
-0.0580926173880501	0.56070230461001	481
-0.0592573014063	0.560959739167039	88
-0.0575919947780299	0.559723883081557	88
-0.06273532022615	0.557911133428662	1325
-0.0592573014063	0.560959739167039	441
-0.06375161456735	0.56156516596452	30
-0.0593300122623099	0.802979399184457	14
-0.06390564122763	0.562697971919826	85
-0.0585935731985401	0.559769753604985	1088
-0.06029636830802	1.07938604342458	99
-0.0580926173880501	0.56070230461001	46
-0.05475324561414	0.552382251224157	30
-0.0587574706918601	0.561897601836786	6
-0.0661615035982701	0.802560420408552	85
-0.05641272803696	0.802317919916879	6
-0.06255358443277	0.803137043661489	6
-0.05709170507295	0.555548176040839	341
-0.0575919947780299	0.559723883081557	88
-0.0585935731985401	0.559769753604985	65
-0.0562659518403901	0.556556003824154	234
-0.0575919947780299	0.559723883081557	255
-0.0592573014063	0.560959739167039	46
-0.06441282117933	0.562758252373258	30
0.09782424600589	0.874865436257113	6
-0.05909486250559	0.555795857836356	30
-0.05827146507443	0.800664919137366	268
-0.0580926173880501	0.56070230461001	768
-0.05825797222393	0.560915030422003	6
-0.0592573014063	0.560959739167039	1325
0.06496395136499	1.17755126412477	441
-0.05827146507443	0.800664919137366	984
-0.06390564122763	0.562697971919826	984
-0.06273532022615	0.557911133428662	65
-0.0585935731985401	0.559769753604985	88
-0.0585935731985401	0.559769753604985	331
0.09369150617988	0.886176841574278	99
0.0653457413729801	1.434183887546	99
0.06314369575116	1.42482842404919	99
-0.0580926173880501	0.56070230461001	441
-0.0205353657893099	1.58550419903553	268
-0.0349549701229599	1.3570777879444	14
-0.06390564122763	0.562697971919826	6
0.0942567107807	0.886692826479621	6
0.06626239170115	1.18159574028712	88
0.09549266323858	0.888991198967975	88
-0.0587574706918601	0.561897601836786	1325
-0.06661345098424	0.555619133155373	75
-0.0552571448088	0.55650722237525	289
-0.05975746466202	0.55696545252166	88
-0.0585935731985401	0.559769753604985	65
-0.0580926173880501	0.56070230461001	330
-0.0587574706918601	0.561897601836786	663
-0.0562659518403901	0.556556003824154	331
-0.06375161456735	0.56156516596452	223
-0.0493325243387499	1.07608425080668	99
0.08817495538193	0.889228790657945	441
-0.0585935731985401	0.559769753604985	289
-0.0479047686391201	1.0684725818663	14
-0.0575919947780299	0.559723883081557	6
-0.0587574706918601	0.561897601836786	6
0.0627219788379101	1.1824193282541	6
-0.05641272803696	0.802317919916879	905
-0.06908271697126	0.55731283965856	1264
-0.0585935731985401	0.559769753604985	88
-0.0552571448088	0.55650722237525	202
-0.0581623907276401	0.806953138795292	330
-0.05773932719	0.791328360642985	330
-0.0619374700927799	0.555035167785546	223
-0.05909486250559	0.555795857836356	30
-0.0587574706918601	0.561897601836786	14
-0.0614251527527401	0.558335815847276	65
-0.0587574706918601	0.561897601836786	409
-0.1175057364443	2.31389961873906	99
0.0887939698172899	0.887504948901664	441
-0.05757893406072	0.80682923037613	46
-0.0691980802443499	0.791849676625562	289
-0.0684229062261199	0.556155440841019	801
-0.0592573014063	0.560959739167039	619
-0.0587574706918601	0.561897601836786	6
-0.0412588620602601	1.35759580351233	536
-0.06273532022615	0.557911133428662	32
0.09611018763242	0.888142200810888	441
0.0690058871167301	1.4153239601137	441
0.08690286146617	0.876989358110871	46
-0.0605909879687701	0.798147024269196	30
0.0729365398692601	1.16472487319765	862
-0.0580926173880501	0.56070230461001	6
-0.0592573014063	0.560959739167039	6
-0.0562659518403901	0.556556003824154	905
-0.0587574706918601	0.561897601836786	88
-0.0585935731985401	0.559769753604985	88
-0.06339879997311	0.559087917942227	1743
-0.0614251527527401	0.558335815847276	331
0.0750076117465199	2.14309473665739	99
-0.06390564122763	0.562697971919826	30
-0.05699571322313	0.80538119051126	801
-0.05764763120223	1.0744914585709	268
-0.05757893406072	0.80682923037613	14
-0.0623480098568401	0.801011794055907	6
-0.0722394705377001	0.795430697158804	905
-0.06441282117933	0.562758252373258	52
-0.02573496626079	2.24447368204506	3
-0.05700117813582	1.07689003909879	441
-0.0197812977635401	1.57967968658299	46
-0.05805468688789	0.7972193409852	289
-0.06091317868299	0.558273794061398	268
0.0991790373188799	0.881146505282554	801
-0.06375161456735	0.56156516596452	6
-0.0587574706918601	0.561897601836786	88
-0.06339879997311	0.559087917942227	331
-0.0562659518403901	0.556556003824154	331
-0.06441282117933	0.562758252373258	223
0.0888770019768299	2.28848362809139	847
0.0976215965001399	0.874183469222252	1075
-0.0585935731985401	0.559769753604985	46
-0.0484151500757699	1.07584194772228	46
-0.05492771745748	1.09172838809886	268
-0.0585935731985401	0.559769753604985	6
-0.06441282117933	0.562758252373258	1693
-0.0532073791648999	1.07516376833437	335
-0.0619374700927799	0.555035167785546	1264
-0.06390564122763	0.562697971919826	1264
-0.0689386729300101	0.558791267387197	88
-0.05825797222393	0.560915030422003	1743
-0.0575919947780299	0.559723883081557	88
-0.06091317868299	0.558273794061398	330
-0.0515535413683601	0.78379039980881	330
-0.06441282117933	0.562758252373258	409
-0.0575919947780299	0.559723883081557	409
-0.05418056894208	1.08988952560431	441
0.0996661498575799	0.874284295358549	46
-0.0592573014063	0.560959739167039	83
-0.0580926173880501	0.56070230461001	83
-0.05757893406072	0.80682923037613	30
-0.06186458844142	0.809327081936404	1800
-0.0588099565849101	0.8001699521369	6
-0.0580926173880501	0.56070230461001	1264
-0.0546185400855801	0.797460945282106	88
-0.04778762266776	1.07632298229162	330
-0.0575919947780299	0.559723883081557	333
-0.0552571448088	0.55650722237525	409
-0.03484564288521	2.3107505715605	1694
-0.10076657870106	1.78942806041058	99
0.07358458624605	1.16647875167776	441
-0.0661615035982701	0.802560420408552	46
-0.05825797222393	0.560915030422003	14
-0.0592573014063	0.560959739167039	59
-0.05909486250559	0.555795857836356	583
-0.0649203401319201	0.559395208329293	603
0.06803183463686	1.42576815408057	441
-0.0533443976582899	0.795369497867981	442
-0.05825797222393	0.560915030422003	30
0.09122892161466	0.89285270182065	14
-0.0649203401319201	0.559395208329293	14
-0.05825797222393	0.560915030422003	14
-0.0661615035982701	0.802560420408552	6
-0.0587574706918601	0.561897601836786	6
-0.0575919947780299	0.559723883081557	57
-0.0580926173880501	0.56070230461001	555
-0.0632432975603801	0.561504402611844	331
-0.06339879997311	0.559087917942227	331
-0.06441282117933	0.562758252373258	665
-0.05775880570834	0.55671962166184	52
0.12134034057139	2.17413768615692	99
0.0918450172060601	0.893314318795079	441
-0.0649203401319201	0.559395208329293	6
-0.05825797222393	0.560915030422003	405
-0.0518366444907199	1.07677349318165	57
-0.0580926173880501	0.56070230461001	57
-0.06375161456735	0.56156516596452	330
-0.0837402583864699	0.201398051684785	333
-0.06375161456735	0.56156516596452	331
-0.0466221691912001	2.14051008494365	1075
0.00274652848072998	1.79273324745041	441
-0.0575919947780299	0.559723883081557	83
-0.0580926173880501	0.56070230461001	14
-0.0507623725339901	1.08551710088698	14
-0.0562659518403901	0.556556003824154	6
-0.0587574706918601	0.561897601836786	269
-0.0684229062261199	0.556155440841019	88
-0.0642602715521501	0.558219499337208	405
-0.05825797222393	0.560915030422003	152
-0.0638019590143	0.795428464571991	441
-0.06375161456735	0.56156516596452	14
-0.0632432975603801	0.561504402611844	118
-0.0632432975603801	0.561504402611844	269
-0.0614251527527401	0.558335815847276	59
-0.05909486250559	0.555795857836356	6
-0.06375161456735	0.56156516596452	6
-0.0587574706918601	0.561897601836786	88
0.03016806821592	2.31307290694466	58
-0.0447898651413099	1.34005215370818	46
-0.0587460834020599	0.805760443869497	46
-0.0557613801175401	0.55747490290022	46
-0.05827146507443	0.800664919137366	83
-0.05418056894208	1.08988952560431	14
-0.0521389513663599	1.08000495768373	14
-0.0562659518403901	0.556556003824154	118
-0.06390564122763	0.562697971919826	6
-0.0575919947780299	0.559723883081557	6
-0.0585935731985401	0.559769753604985	152
-0.05825797222393	0.560915030422003	172
-0.05825797222393	0.560915030422003	172
-0.07127114693257	1.94800791368266	1694
0.0641315509445499	1.16659763629971	58
-0.0521382980582401	0.782688792756546	59
-0.05641272803696	0.802317919916879	57
-0.06273532022615	0.557911133428662	344
-0.0587574706918601	0.561897601836786	1369
-0.05943829997728	0.799626658946117	99
-0.05839730763193	1.08716204313562	14
-0.0649203401319201	0.559395208329293	6
-0.0588099565849101	0.8001699521369	57
-0.0632432975603801	0.561504402611844	32
-0.0649203401319201	0.559395208329293	461
-0.02356404001485	1.61352220307057	422
-0.0592573014063	0.560959739167039	441
-0.0580926173880501	0.56070230461001	46
-0.0585935731985401	0.559769753604985	14
-0.06441282117933	0.562758252373258	118
-0.0625308045639601	0.79276140029232	118
-0.0585935731985401	0.559769753604985	344
-0.05975746466202	0.55696545252166	32
-0.05825797222393	0.560915030422003	52
-0.0376371824914199	1.35222833128428	83
-0.05975746466202	0.55696545252166	14
0.0986899452230301	0.870863405183045	14
-0.06273532022615	0.557911133428662	14
-0.0540348692135899	0.796044170875854	118
-0.0580926173880501	0.56070230461001	118
-0.0592573014063	0.560959739167039	601
-0.0585935731985401	0.559769753604985	57
-0.0642602715521501	0.558219499337208	59
-0.0585935731985401	0.559769753604985	503
-0.0587574706918601	0.561897601836786	6
-0.0585935731985401	0.559769753604985	57
0.06597362423667	1.16794529176867	14
-0.05747083666982	0.798374988609893	14
-0.05975746466202	0.55696545252166	1534
-0.06273532022615	0.557911133428662	416
-0.0562659518403901	0.556556003824154	416
-0.0580926173880501	0.56070230461001	172
-0.06661345098424	0.555619133155373	52
-0.0500780879126901	1.07788987704613	441
-0.05638248803883	1.07076029821578	58
0.0938203503780399	0.888764684991259	83
-0.05757893406072	0.80682923037613	83
-0.0637245360223999	0.8034166735313	83
-0.0552571448088	0.55650722237525	14
-0.0557613801175401	0.55747490290022	118
-0.0580926173880501	0.56070230461001	118
-0.05943829997728	0.799626658946117	59
-0.0568872225577799	0.798248303577294	58
0.09615166870762	0.88534687521002	58
-0.05825797222393	0.560915030422003	561
-0.0575919947780299	0.559723883081557	14
-0.0552571448088	0.55650722237525	14
-0.06339879997311	0.559087917942227	118
-0.0642602715521501	0.558219499337208	59
-0.0580926173880501	0.56070230461001	6
-0.0614251527527401	0.558335815847276	814
-0.0580926173880501	0.56070230461001	57
-0.0497863771922	1.06702146564777	1075
-0.11108716836139	1.79014982955031	46
-0.06339879997311	0.559087917942227	118
-0.04340888606771	1.37498869588125	59
-0.0562659518403901	0.556556003824154	404
-0.0585935731985401	0.559769753604985	57
-0.0587574706918601	0.561897601836786	172
0.074512772464	1.15310212368065	847
0.07398445222888	1.79043952655936	422
0.0736085102964701	1.14697820296426	58
0.0805053076473701	1.59204122653081	58
0.0612695606809199	1.4322313913403	58
0.06341493864259	1.42711387974312	58
0.0927155541857701	0.88153836955927	58
-0.01768194064855	1.58584466304789	58
-0.0623480098568401	0.801011794055907	46
-0.0055940778741399	1.80234669669589	83
-0.0587574706918601	0.561897601836786	118
-0.05909486250559	0.555795857836356	118
-0.0562659518403901	0.556556003824154	88
-0.0580926173880501	0.56070230461001	57
-0.0592573014063	0.560959739167039	331
-0.0580926173880501	0.56070230461001	1486
-0.0557613801175401	0.55747490290022	1
0.0901208391308701	0.878489770519347	14
-0.0585935731985401	0.559769753604985	430
-0.06390564122763	0.562697971919826	153
-0.0587574706918601	0.561897601836786	233
-0.0614251527527401	0.558335815847276	57
-0.0575919947780299	0.559723883081557	1
-0.0587574706918601	0.561897601836786	229
-0.0546185400855801	0.797460945282106	58
-0.0632432975603801	0.561504402611844	83
0.09122892161466	0.89285270182065	83
-0.05825797222393	0.560915030422003	46
0.0974921311836501	0.882574176025044	166
-0.0592573014063	0.560959739167039	430
0.0734147871380799	1.163871283233	232
-0.06375161456735	0.56156516596452	118
-0.0459068660094399	1.06955972674719	6
0.0904864800540599	0.885169942366819	57
-0.06441282117933	0.562758252373258	1314
0.09626658379625	0.884107648095813	172
-0.06390564122763	0.562697971919826	1
-0.05630384437353	0.796832001762128	58
-0.05909486250559	0.555795857836356	46
-0.0592573014063	0.560959739167039	233
-0.0585935731985401	0.559769753604985	59
-0.05822382740803	0.799286467017581	59
-0.0592573014063	0.560959739167039	6
-0.05825797222393	0.560915030422003	6
-0.05825797222393	0.560915030422003	88
-0.0587574706918601	0.561897601836786	733
-0.0695973344808101	0.559960473687546	1761
-0.05709170507295	0.555548176040839	172
-0.0632432975603801	0.561504402611844	489
-0.0599141774869101	0.796850901935549	14
-0.0562659518403901	0.556556003824154	14
-0.05699571322313	0.80538119051126	14
-0.06390564122763	0.562697971919826	14
-0.06441282117933	0.562758252373258	14
-0.06441282117933	0.562758252373258	233
0.08804860473744	0.879948620216709	172
-0.06908271697126	0.55731283965856	331
-0.05825797222393	0.560915030422003	32
0.0541612836071901	1.14742172544249	58
0.0939488017093799	0.881142045557228	46
-0.0580926173880501	0.56070230461001	166
-0.0552024471250701	0.797587755482517	14
-0.0593300122623099	0.802979399184457	14
-0.06339879997311	0.559087917942227	4
-0.05775880570834	0.55671962166184	118
-0.0575919947780299	0.559723883081557	118
-0.0614251527527401	0.558335815847276	59
-0.0587574706918601	0.561897601836786	57
0.0962359282460099	0.881704156190715	58
0.0679298473151899	1.17739573139768	83
0.0632540107253201	1.17144842408686	166
0.0944358855623999	0.884745832019751	1239
-0.0694547862458901	0.556475535922731	14
-0.0580926173880501	0.56070230461001	948
-0.0587574706918601	0.561897601836786	59
-0.0580926173880501	0.56070230461001	59
-0.0689386729300101	0.558791267387197	59
-0.05825797222393	0.560915030422003	59
-0.0632432975603801	0.561504402611844	6
-0.0580926173880501	0.56070230461001	57
-0.05825797222393	0.560915030422003	172
-0.05825797222393	0.560915030422003	734
-0.06390564122763	0.562697971919826	205
-0.0587574706918601	0.561897601836786	1239
-0.05825797222393	0.560915030422003	118
-0.0632432975603801	0.561504402611844	59
-0.0587574706918601	0.561897601836786	88
-0.0632432975603801	0.561504402611844	813
-0.0575919947780299	0.559723883081557	753
0.0973793959628599	0.881363217297301	58
-0.0127840517987701	1.57034449101609	742
-0.0546185400855801	0.797460945282106	14
0.0931832786087901	0.876230722564831	232
-0.0587574706918601	0.561897601836786	4
-0.0587574706918601	0.561897601836786	6
-0.0649203401319201	0.559395208329293	353
-0.0587574706918601	0.561897601836786	353
-0.05825797222393	0.560915030422003	57
-0.0649203401319201	0.559395208329293	1665
-0.06273532022615	0.557911133428662	734
-0.0580926173880501	0.56070230461001	35
-0.0589105532891501	0.799957852074621	205
-0.0587574706918601	0.561897601836786	14
-0.06245010376956	0.810228431329491	14
-0.0585935731985401	0.559769753604985	4
-0.0587574706918601	0.561897601836786	4
-0.0575919947780299	0.559723883081557	59
-0.06441282117933	0.562758252373258	734
-0.05825797222393	0.560915030422003	734
-0.11547098714433	2.31170580959075	99
-0.05909486250559	0.555795857836356	166
-0.0592573014063	0.560959739167039	14
-0.06245010376956	0.810228431329491	4
-0.05909486250559	0.555795857836356	59
-0.06375161456735	0.56156516596452	59
-0.0592573014063	0.560959739167039	734
-0.06441282117933	0.562758252373258	734
-0.0575919947780299	0.559723883081557	1
-0.0632432975603801	0.561504402611844	14
-0.0552571448088	0.55650722237525	4
-0.06273532022615	0.557911133428662	59
-0.0587574706918601	0.561897601836786	793
-0.0575919947780299	0.559723883081557	353
-0.0575919947780299	0.559723883081557	152
-0.0587574706918601	0.561897601836786	734
-0.0580926173880501	0.56070230461001	14
-0.0540348692135899	0.796044170875854	14
-0.0562659518403901	0.556556003824154	4
-0.0585935731985401	0.559769753604985	6
-0.0575919947780299	0.559723883081557	742
0.08999583003375	0.887369692219426	1239
-0.05827146507443	0.800664919137366	14
-0.05975746466202	0.55696545252166	14
-0.0557613801175401	0.55747490290022	14
-0.05825797222393	0.560915030422003	14
-0.0580926173880501	0.56070230461001	4
-0.0585935731985401	0.559769753604985	4
-0.0585935731985401	0.559769753604985	393
-0.0580926173880501	0.56070230461001	6
-0.0581623907276401	0.806953138795292	353
-0.10570184353734	1.77548362773642	83
-0.0581623907276401	0.806953138795292	14
-0.05827146507443	0.800664919137366	14
-0.0587574706918601	0.561897601836786	14
-0.0585935731985401	0.559769753604985	14
-0.0587574706918601	0.561897601836786	14
-0.06375161456735	0.56156516596452	4
0.0924608129978299	0.892462503811019	393
-0.06339879997311	0.559087917942227	1032
-0.05909486250559	0.555795857836356	152
-0.0587574706918601	0.561897601836786	734
-0.0593300122623099	0.802979399184457	83
-0.06186458844142	0.809327081936404	59
-0.0575919947780299	0.559723883081557	353
-0.05825797222393	0.560915030422003	353
0.08817495538193	0.889228790657945	99
-0.0527608045794701	0.792382537311908	58
-0.0586387733904501	0.794516359844771	353
-0.05757893406072	0.80682923037613	89
-0.0695973344808101	0.559960473687546	4
-0.0562533212698899	1.08401389896534	111
-0.0632432975603801	0.561504402611844	32
0.06691117394599	1.18140457339016	58
-0.0689386729300101	0.558791267387197	83
0.0890467700120601	0.87829262868603	14
-0.06390564122763	0.562697971919826	111
-0.06091317868299	0.558273794061398	35
-0.0228664134149701	1.60369829943424	58
-0.0632432975603801	0.561504402611844	83
-0.0623480098568401	0.801011794055907	1063
0.0665855468099099	1.15059473547228	14
0.0955373769185499	0.885538002179559	14
-0.05825797222393	0.560915030422003	14
-0.0580926173880501	0.56070230461001	4
-0.04924984030511	1.06446495277566	59
-0.06390564122763	0.562697971919826	353
-0.0580926173880501	0.56070230461001	806
-0.06441282117933	0.562758252373258	205
0.06624711245739	1.42164346039303	58
-0.0582806663870299	1.0738638679368	58
-0.03877051448625	1.35793848688246	58
0.08755563844119	0.889433348903	58
-0.0614251527527401	0.558335815847276	407
-0.0585935731985401	0.559769753604985	83
0.09492279937884	0.884573792322449	115
-0.0632432975603801	0.561504402611844	353
0.0717621465425899	1.1613583609699	99
-0.0604015475739099	0.554723809572771	58
-0.0649203401319201	0.559395208329293	58
-0.0580926173880501	0.56070230461001	166
-0.05498550219517	1.08364903754084	227
-0.00347972539444008	1.79551019143241	227
-0.05757893406072	0.80682923037613	353
0.0675596645496099	1.17976947691063	353
0.0933323281375	0.881977362529315	353
-0.0637245360223999	0.8034166735313	353
-0.0592573014063	0.560959739167039	353
-0.0580926173880501	0.56070230461001	863
0.10089259706183	0.867492049537517	111
-0.05775880570834	0.55671962166184	35
-0.0587574706918601	0.561897601836786	32
-0.0632432975603801	0.561504402611844	205
0.064967417611	1.42493226413218	58
0.07145798626085	1.16336308477587	58
-0.0675265409111301	1.9313237810753	58
-0.10923922932089	1.77984180715256	166
0.01472539938983	1.95183730528851	227
-0.000532403636150036	1.783410782612	227
-0.05975746466202	0.55696545252166	172
-0.0575611523737001	1.07755142253823	111
-0.0533443976582899	0.795369497867981	14
-0.06370745519095	0.794922954894712	14
-0.0552571448088	0.55650722237525	14
-0.06375161456735	0.56156516596452	115
-0.05975746466202	0.55696545252166	353
-0.06390564122763	0.562697971919826	353
-0.0585935731985401	0.559769753604985	111
0.0661535403219	1.39829613354561	83
-0.0501323469515	1.08215606079856	1239
-0.0632432975603801	0.561504402611844	4
-0.05922309635611	0.788551301979048	132
-0.05825797222393	0.560915030422003	4
-0.0575919947780299	0.559723883081557	227
-0.0585935731985401	0.559769753604985	89
-0.0552571448088	0.55650722237525	57
-0.0580926173880501	0.56070230461001	57
-0.0614251527527401	0.558335815847276	337
0.07402435295308	1.9732944851575	407
-0.0667490900696299	0.804616262588924	166
0.0906125259738899	0.89099259135723	14
-0.06431036828826	0.801119895673552	1053
0.0963947773631999	0.873447531439116	1053
-0.0592573014063	0.560959739167039	227
-0.05909486250559	0.555795857836356	1433
-0.0587574706918601	0.561897601836786	35
0.0733635639686201	1.80931916099424	58
-0.02420064546687	1.61549253668237	83
-0.04938490084951	1.07280030944622	1239
-0.05943829997728	0.799626658946117	14
-0.05757893406072	0.80682923037613	1053
0.09549266323858	0.888991198967975	1053
0.0904510814067501	0.879904086814705	957
-0.06441282117933	0.562758252373258	132
-0.0562659518403901	0.556556003824154	132
-0.05825797222393	0.560915030422003	132
-0.0557613801175401	0.55747490290022	353
-0.0580926173880501	0.56070230461001	4
-0.0557613801175401	0.55747490290022	35
-0.04767088206868	1.06659558619599	1053
-0.05699571322313	0.80538119051126	957
0.08804860473744	0.879948620216709	132
-0.0575919947780299	0.559723883081557	227
-0.06375161456735	0.56156516596452	353
-0.0555049111441399	1.07470258645174	83
-0.0581623907276401	0.806953138795292	14
-0.0557865905105801	0.796431893704432	957
-0.0575919947780299	0.559723883081557	353
-0.0575919947780299	0.559723883081557	152
-0.04009451203418	1.35326944783992	646
-0.05509659413679	0.795757793152584	132
-0.05975746466202	0.55696545252166	4
-0.06339879997311	0.559087917942227	4
-0.0580926173880501	0.56070230461001	353
-0.0580926173880501	0.56070230461001	119
-0.05677086027798	0.552634765693309	152
-0.05709170507295	0.555548176040839	1118
-0.05825797222393	0.560915030422003	679
-0.06339879997311	0.559087917942227	1386
0.0594394796731099	1.62943507196916	166
-0.0617620982276199	0.801614642487757	646
-0.0379346004175001	1.36946160517926	67
-0.0580926173880501	0.56070230461001	67
0.09687950606452	0.883917826274096	67
-0.05825797222393	0.560915030422003	59
-0.0580926173880501	0.56070230461001	4
-0.0580926173880501	0.56070230461001	353
-0.06908271697126	0.55731283965856	353
-0.05825797222393	0.560915030422003	879
-0.0694547862458901	0.556475535922731	111
-0.06390564122763	0.562697971919826	111
-0.05475324561414	0.552382251224157	1066
-0.05825797222393	0.560915030422003	166
0.00946344426944989	1.98250237669781	166
0.0310674146430201	2.27915417658258	166
-0.10477541632154	1.79923079044256	166
-0.0557613801175401	0.55747490290022	646
-0.06390564122763	0.562697971919826	646
-0.06441282117933	0.562758252373258	14
0.0592097091532	1.43372718170628	14
-0.0575919947780299	0.559723883081557	4
-0.05825797222393	0.560915030422003	59
-0.05190814366245	1.07663056550916	573
-0.06661345098424	0.555619133155373	837
-0.0557613801175401	0.55747490290022	337
-0.06339879997311	0.559087917942227	35
-0.0580926173880501	0.56070230461001	1386
0.000975552039750083	1.7642237452048	58
-0.0531716109010501	1.06862566661993	58
-0.05355158483351	1.08820367652687	646
-0.0575919947780299	0.559723883081557	646
-0.05827146507443	0.800664919137366	646
-0.0580926173880501	0.56070230461001	14
-0.0593300122623099	0.802979399184457	4
-0.0585935731985401	0.559769753604985	172
-0.0614251527527401	0.558335815847276	337
-0.0592573014063	0.560959739167039	511
0.09687950606452	0.883917826274096	1419
-0.01681939261584	1.58249533865117	166
0.0890467700120601	0.87829262868603	166
-0.0679249809770099	0.803029118583683	646
-0.0575919947780299	0.559723883081557	132
-0.0585935731985401	0.559769753604985	353
-0.06441282117933	0.562758252373258	119
-0.0592573014063	0.560959739167039	172
-0.0557613801175401	0.55747490290022	818
-0.0580926173880501	0.56070230461001	818
-0.0585935731985401	0.559769753604985	1385
0.0800813676132901	1.98715675256805	58
-0.0632432975603801	0.561504402611844	166
0.08681095191855	0.881846965958986	14
0.0677939564027601	1.1823606108791	67
0.0919719462842099	0.89140493733587	14
-0.0581623907276401	0.806953138795292	1717
0.08815173665387	0.876552884284924	1717
-0.0585935731985401	0.559769753604985	4
-0.06908271697126	0.55731283965856	353
0.0682078637422801	1.17659359374302	166
-0.0594965229320099	0.800842126394733	132
-0.0585935731985401	0.559769753604985	1717
-0.06091317868299	0.558273794061398	49
0.0852519984736899	2.13320174802779	58
-0.0679249809770099	0.803029118583683	14
-0.0580926173880501	0.56070230461001	14
-0.0570149051720801	1.07349352598931	4
-0.0587574706918601	0.561897601836786	4
-0.0619374700927799	0.555035167785546	1134
0.0733399470809599	1.39883341805385	166
-0.06245010376956	0.810228431329491	67
-0.0490429821656599	1.07400106301457	14
-0.04255838813636	1.35040505265214	14
-0.0684229062261199	0.556155440841019	4
-0.06273532022615	0.557911133428662	4
-0.0552024471250701	0.797587755482517	132
-0.0587460834020599	0.805760443869497	4
-0.05909486250559	0.555795857836356	121
0.06905631397274	1.82664881964217	58
-0.05822382740803	0.799286467017581	14
-0.0557613801175401	0.55747490290022	4
-0.06375161456735	0.56156516596452	132
-0.0587574706918601	0.561897601836786	769
-0.0585935731985401	0.559769753604985	4
-0.0592573014063	0.560959739167039	172
-0.0580926173880501	0.56070230461001	172
-0.05825797222393	0.560915030422003	111
-0.0585935731985401	0.559769753604985	111
-0.05825797222393	0.560915030422003	35
-0.0587574706918601	0.561897601836786	1293
-0.0575919947780299	0.559723883081557	14
-0.06273532022615	0.557911133428662	210
-0.0585935731985401	0.559769753604985	4
-0.06091317868299	0.558273794061398	1358
-0.0649203401319201	0.559395208329293	121
-0.0585935731985401	0.559769753604985	991
0.10027952216473	0.871704999632851	58
0.0904864800540599	0.885169942366819	58
-0.0632432975603801	0.561504402611844	1293
-0.06375161456735	0.56156516596452	1267
-0.0580926173880501	0.56070230461001	22
-0.0557613801175401	0.55747490290022	172
-0.0514480238236701	1.07023127347525	111
-0.05677086027798	0.552634765693309	1430
-0.0552711413759199	0.786133933796134	175
-0.0695973344808101	0.559960473687546	175
0.0943079358558501	0.882329595669124	49
-0.0575919947780299	0.559723883081557	49
0.0957964226457	0.867332388825933	58
0.08830091110014	0.888014692548757	58
-0.06273532022615	0.557911133428662	67
-0.0632432975603801	0.561504402611844	1293
0.05732460285284	1.42703492303365	572
-0.0568872225577799	0.798248303577294	572
-0.0557613801175401	0.55747490290022	795
-0.05677086027798	0.552634765693309	296
-0.0684229062261199	0.556155440841019	1393
-0.0580926173880501	0.56070230461001	67
-0.0556811326390501	0.793058144751694	67
0.0923328516141899	0.882564120311358	4
-0.06091317868299	0.558273794061398	4
-0.06245010376956	0.810228431329491	4
-0.0580926173880501	0.56070230461001	1404
-0.06390564122763	0.562697971919826	111
-0.0575919947780299	0.559723883081557	111
-0.06390564122763	0.562697971919826	111
-0.0575919947780299	0.559723883081557	1547
-0.0632432975603801	0.561504402611844	178
-0.0671332665375399	0.553335184826485	175
0.07220657412664	1.63766097425065	14
-0.05492771745748	1.09172838809886	14
-0.06390564122763	0.562697971919826	4
-0.05825797222393	0.560915030422003	857
-0.0552571448088	0.55650722237525	4
-0.0575919947780299	0.559723883081557	121
-0.0557613801175401	0.55747490290022	111
-0.0557613801175401	0.55747490290022	821
0.0724136800805499	1.63077081605183	166
-0.0576884013085801	0.799241607063026	14
-0.06303585672473	0.809603260887761	857
-0.06313894146376	0.804024692341469	22
0.0976215965001399	0.874183469222252	4
-0.0562659518403901	0.556556003824154	1404
-0.0592573014063	0.560959739167039	111
-0.0557613801175401	0.55747490290022	111
-0.05943829997728	0.799626658946117	67
-0.0430300660029499	1.36707468666088	14
-0.0587574706918601	0.561897601836786	4
-0.0592573014063	0.560959739167039	4
-0.0614251527527401	0.558335815847276	49
0.0627219788379101	1.1824193282541	58
-0.0562659518403901	0.556556003824154	166
-0.02861014454531	1.59622453256324	323
0.0645996572715299	1.41414198013433	166
-0.06375161456735	0.56156516596452	4
-0.0592573014063	0.560959739167039	111
0.06777010040721	1.40881902183935	166
0.0647120594142501	1.63340162612049	14
-0.0557613801175401	0.55747490290022	4
-0.06127931056037	0.806680571837832	4
-0.05630384437353	0.796832001762128	1194
-0.0632432975603801	0.561504402611844	1798
-0.0575919947780299	0.559723883081557	282
-0.06127931056037	0.806680571837832	111
-0.06375161456735	0.56156516596452	491
0.0932045156032699	0.891014073465948	4
-0.05418056894208	1.08988952560431	209
-0.0580926173880501	0.56070230461001	528
-0.0585935731985401	0.559769753604985	111
-0.0585935731985401	0.559769753604985	111
-0.05757893406072	0.80682923037613	1211
-0.0585935731985401	0.559769753604985	163
0.0614502415343301	1.17334101079304	4
0.0636643416931699	1.16599520214297	4
-0.05309052717493	1.06791618286626	4
-0.0600827305441101	0.800239184590905	209
-0.0585935731985401	0.559769753604985	676
-0.0580926173880501	0.56070230461001	282
0.0889205675924201	0.887809815615561	111
-0.0580926173880501	0.56070230461001	111
0.0706769262038201	1.18074028144664	111
-0.05775880570834	0.55671962166184	17
0.0955373769185499	0.885538002179559	643
0.0726248472156199	1.17571884027536	209
-0.0580926173880501	0.56070230461001	1170
-0.05825797222393	0.560915030422003	1798
-0.05677086027798	0.552634765693309	282
-0.02175634319534	1.58576834822046	111
-0.05909486250559	0.555795857836356	869
-0.0575919947780299	0.559723883081557	49
-0.0587574706918601	0.561897601836786	58
-0.05825797222393	0.560915030422003	58
-0.0580926173880501	0.56070230461001	58
-0.0557613801175401	0.55747490290022	166
0.0593899888828899	1.17539218097475	166
-0.06339879997311	0.559087917942227	166
-0.0568872225577799	0.798248303577294	14
-0.0660939854118101	0.553013730701855	50
-0.0600827305441101	0.800239184590905	285
-0.06273532022615	0.557911133428662	397
-0.0557613801175401	0.55747490290022	4
0.06532388080894	1.1749113602483	643
-0.05709170507295	0.555548176040839	1798
-0.05086293807765	2.12761374543878	111
0.0923328516141899	0.882564120311358	587
0.0163329843735101	1.9119763800596	99
-0.05280355358811	1.07541945557154	166
0.06748460222196	1.43058811300103	14
-0.0575919947780299	0.559723883081557	50
-0.0748110295700799	0.553451412395451	857
-0.05775880570834	0.55671962166184	643
0.05732460285284	1.42703492303365	209
-0.06339879997311	0.559087917942227	869
0.0991279109752099	0.870628936889084	133
-0.06375161456735	0.56156516596452	58
-0.06339879997311	0.559087917942227	166
-0.05825797222393	0.560915030422003	323
-0.0587574706918601	0.561897601836786	67
-0.06441282117933	0.562758252373258	22
-0.0575919947780299	0.559723883081557	282
-0.0600827305441101	0.800239184590905	111
-0.02420064546687	1.61549253668237	58
0.10102106494717	0.876997839754542	4
-0.05975746466202	0.55696545252166	4
-0.10540688390668	1.79827699579997	659
0.09747135601171	0.878661492340221	4
-0.0594965229320099	0.800842126394733	121
-0.06390564122763	0.562697971919826	159
-0.0587460834020599	0.805760443869497	17
-0.0437471731748	1.05088262290754	58
-0.0546185400855801	0.797460945282106	166
-0.0587574706918601	0.561897601836786	67
0.0960454566295199	0.876452262287437	50
-0.05757893406072	0.80682923037613	4
-0.05825797222393	0.560915030422003	445
-0.06091317868299	0.558273794061398	22
0.05978770420962	1.43157574673705	111
-0.0635205470153599	0.793074882279214	682
-0.06441282117933	0.562758252373258	58
-0.0585935731985401	0.559769753604985	166
-0.05699571322313	0.80538119051126	1618
-0.06390564122763	0.562697971919826	111
-0.04778762266776	1.07632298229162	682
0.0929321058745201	0.867189098032283	58
-0.0587574706918601	0.561897601836786	4
-0.0587574706918601	0.561897601836786	4
-0.0585935731985401	0.559769753604985	1097
0.06827918421934	1.63997653789353	4
-0.0592573014063	0.560959739167039	17
-0.0636218474866099	0.80725469907597	49
0.10040735376629	0.879614948188656	58
0.0990524798935399	0.875607329126314	34
-0.07011229760323	0.557632526067434	67
0.00832057192628	1.98826645775028	14
-0.05825797222393	0.560915030422003	50
-0.0575919947780299	0.559723883081557	50
-0.0546185400855801	0.797460945282106	22
-0.05825797222393	0.560915030422003	282
0.0913552112400899	0.889551477824865	35
-0.0587460834020599	0.805760443869497	17
0.0925883809885899	0.891864198931823	17
-0.0575919947780299	0.559723883081557	1343
0.05340089681739	1.42225706030679	34
0.0706769262038201	1.18074028144664	34
-0.06665264688405	0.796348298176952	34
-0.06339879997311	0.559087917942227	67
0.08681095191855	0.881846965958986	1754
-0.0642602715521501	0.558219499337208	22
-0.0562659518403901	0.556556003824154	141
-0.0526987898856	1.07058135885672	209
0.0683932521809201	1.18064752073401	209
-0.05822382740803	0.799286467017581	209
-0.0585935731985401	0.559769753604985	209
0.05722018975774	1.42493499501314	111
0.06977552328994	1.99525473216316	58
0.0719461696871699	1.16577656748307	58
-0.03468998360372	1.34369907894528	166
-0.0557613801175401	0.55747490290022	50
-0.05825797222393	0.560915030422003	1113
-0.0585935731985401	0.559769753604985	192
-0.06127931056037	0.806680571837832	209
-0.06375161456735	0.56156516596452	8
-0.0580926173880501	0.56070230461001	159
-0.06390564122763	0.562697971919826	218
-0.06091317868299	0.558273794061398	657
0.0939488017093799	0.881142045557228	199
0.0904864800540599	0.885169942366819	34
-0.06117642432496	0.800730743169161	34
-0.0654769151516801	0.794185585065014	67
-0.0580926173880501	0.56070230461001	50
-0.0587574706918601	0.561897601836786	1097
-0.0555471152056299	2.11575142444317	209
0.0890467700120601	0.87829262868603	159
-0.0585935731985401	0.559769753604985	35
-0.0519547526852899	1.08043267364775	17
0.09687950606452	0.883917826274096	166
0.06190295495682	1.40369671613757	14
-0.05709170507295	0.555548176040839	50
-0.0585935731985401	0.559769753604985	141
-0.05606935842588	1.0857000233139	141
-0.0592573014063	0.560959739167039	282
0.0679298473151899	1.17739573139768	159
-0.0625308045639601	0.79276140029232	159
-0.0580926173880501	0.56070230461001	17
-0.05885476457132	0.800790824625946	49
-0.06196846474958	0.800539403570881	58
0.06322393255606	1.1531668348784	58
-0.0604015475739099	0.554723809572771	58
-0.0741549367539101	0.552324813763681	166
0.0956533641322601	0.883145696443462	34
-0.0585935731985401	0.559769753604985	34
-0.0592573014063	0.560959739167039	166
-0.06441282117933	0.562758252373258	67
0.0927155541857701	0.88153836955927	14
-0.0557613801175401	0.55747490290022	22
-0.0671332665375399	0.553335184826485	1097
0.08681095191855	0.881846965958986	1097
-0.05641272803696	0.802317919916879	209
-0.0533443976582899	0.795369497867981	282
-0.0587574706918601	0.561897601836786	17
-0.05451229225843	0.796911767031017	17
-0.0569555870346801	0.787761980979934	49
-0.0554394554834801	1.08871881082988	49
0.0918450172060601	0.893314318795079	49
0.09369150617988	0.886176841574278	50
-0.06313894146376	0.804024692341469	22
-0.0575919947780299	0.559723883081557	22
-0.0343057398308699	1.35397208323588	141
0.0689725393731799	1.4017665570175	111
-0.06311901002372	0.794768946007008	49
-0.0613835822345199	0.794461999900832	58
-0.06245010376956	0.810228431329491	34
-0.0447620214923199	1.37538124187367	166
-0.0587574706918601	0.561897601836786	67
-0.05630384437353	0.796832001762128	4
-0.0587574706918601	0.561897601836786	22
0.09776616411844	0.870624286525821	141
-0.0575919947780299	0.559723883081557	4
-0.0585935731985401	0.559769753604985	1097
-0.06733691580149	0.804767911171858	1097
-0.05121015917834	1.07862206918417	209
-0.0557613801175401	0.55747490290022	282
-0.0636218474866099	0.80725469907597	354
-0.0587574706918601	0.561897601836786	218
0.0984385120254501	0.875800383795189	218
-0.0557613801175401	0.55747490290022	218
-0.0384748234007799	1.35819469154047	660
-0.06908271697126	0.55731283965856	199
-0.05286823525903	0.786710153871687	58
-0.0632432975603801	0.561504402611844	1160
-0.0722394705377001	0.795430697158804	22
0.0889205675924201	0.887809815615561	151
-0.0575919947780299	0.559723883081557	1097
-0.05825797222393	0.560915030422003	1097
-0.0557613801175401	0.55747490290022	209
-0.0642602715521501	0.558219499337208	4
0.06123103341127	1.61641198485555	354
-0.0576884013085801	0.799241607063026	17
0.0197988768176001	1.91892008521398	218
0.06286614804595	1.43739109708337	49
0.0687221392608099	1.15990435728321	58
-0.04957414386356	1.05868223524992	199
-0.0587574706918601	0.561897601836786	166
-0.0592573014063	0.560959739167039	22
-0.0587574706918601	0.561897601836786	359
-0.05825797222393	0.560915030422003	359
-0.06441282117933	0.562758252373258	111
0.0770417608356899	1.78449030908719	133
-0.02423860998038	1.74820677831631	133
0.0888995056817601	0.869595177711733	58
-0.0748110295700799	0.553451412395451	22
-0.0587574706918601	0.561897601836786	4
-0.0589105532891501	0.799957852074621	8
-0.0552571448088	0.55650722237525	49
-0.0388515096170701	1.33633817369392	133
0.12443367324783	2.45441294424173	99
-0.0557613801175401	0.55747490290022	58
-0.06339879997311	0.559087917942227	34
-0.05757893406072	0.80682923037613	34
-0.10180387071659	1.7901050022966	166
-0.06375161456735	0.56156516596452	34
0.0668111492241501	1.16880011019894	22
-0.0638019590143	0.795428464571991	121
-0.0500780879126901	1.07788987704613	133
-0.0711515781402301	0.784350848938364	199
-0.0661615035982701	0.802560420408552	725
-0.06196846474958	0.800539403570881	34
0.00519389450801011	1.97661868209856	166
0.0967656749783701	0.883998356120159	4
-0.0689386729300101	0.558791267387197	22
-0.05825797222393	0.560915030422003	22
-0.05825797222393	0.560915030422003	151
-0.0820460195150701	1.96680495562723	209
-0.0580926173880501	0.56070230461001	301
-0.05822382740803	0.799286467017581	34
-0.0552571448088	0.55650722237525	67
-0.06186458844142	0.809327081936404	810
-0.0587574706918601	0.561897601836786	22
0.0948748377050599	0.888536229249687	22
0.01469822814874	1.97016360881891	141
0.09720968158711	0.872680610451894	4
-0.04653348088687	1.0733043811311	4
0.09776616411844	0.870624286525821	111
-0.05922309635611	0.788551301979048	358
-0.05677086027798	0.552634765693309	358
-0.0632432975603801	0.561504402611844	98
-0.0518366444907199	1.07677349318165	34
-0.0587574706918601	0.561897601836786	67
-0.05451229225843	0.796911767031017	141
-0.06091317868299	0.558273794061398	282
-0.0594965229320099	0.800842126394733	841
-0.06127931056037	0.806680571837832	199
-0.0589105532891501	0.799957852074621	58
-0.06313894146376	0.804024692341469	4
-0.0649203401319201	0.559395208329293	151
-0.06441282117933	0.562758252373258	151
-0.0486997827550399	1.3740971064105	141
0.0110609402355599	2.15987384859102	209
-0.04667179693686	2.13095921401202	209
0.0935888416842501	0.874846892773763	209
-0.06661345098424	0.555619133155373	282
-0.06339879997311	0.559087917942227	282
-0.0568872225577799	0.798248303577294	17
-0.0494531386368999	1.07412568926594	199
-0.05825797222393	0.560915030422003	389
-0.06390564122763	0.562697971919826	151
-0.06273532022615	0.557911133428662	141
-0.0557865905105801	0.796431893704432	4
0.12255905837175	2.00374254522931	209
-0.0587574706918601	0.561897601836786	8
0.09122892161466	0.89285270182065	17
-0.0667490900696299	0.804616262588924	17
0.0659746580398	1.42040299689561	58
-0.0552571448088	0.55650722237525	58
-0.0552571448088	0.55650722237525	396
0.06006449593793	1.42983897808225	111
-0.06186458844142	0.809327081936404	111
-0.06375161456735	0.56156516596452	98
-0.06091317868299	0.558273794061398	49
-0.06390564122763	0.562697971919826	84
-0.0657256003058699	1.95166046456441	14
-0.05825797222393	0.560915030422003	151
-0.0587460834020599	0.805760443869497	224
-0.05825797222393	0.560915030422003	224
-0.05909486250559	0.555795857836356	290
-0.0642602715521501	0.558219499337208	17
-0.0575919947780299	0.559723883081557	17
0.0702114377237	1.16444911591896	133
-0.06390564122763	0.562697971919826	58
-0.05775880570834	0.55671962166184	58
0.0967656749783701	0.883998356120159	69
0.0973443340054401	0.881895082056193	287
-0.06091317868299	0.558273794061398	287
-0.0614251527527401	0.558335815847276	22
-0.0575919947780299	0.559723883081557	22
-0.0587574706918601	0.561897601836786	141
-0.0649203401319201	0.559395208329293	635
0.0746558234314201	1.61535574625351	209
-0.06091317868299	0.558273794061398	4
-0.0580926173880501	0.56070230461001	111
0.0973793959628599	0.881363217297301	133
0.0584224775334199	1.42451714104285	58
0.07426204225005	1.60500025405256	58
-0.05825797222393	0.560915030422003	146
-0.0585935731985401	0.559769753604985	615
-0.05825797222393	0.560915030422003	1383
-0.0393117416217601	1.35711920537961	209
-0.0594965229320099	0.800842126394733	9
-0.06441282117933	0.562758252373258	224
-0.05677086027798	0.552634765693309	290
-0.04781488188301	1.37517279207926	17
-0.0580926173880501	0.56070230461001	98
0.09665889714529	0.873869594308426	133
-0.0552571448088	0.55650722237525	133
-0.06091317868299	0.558273794061398	69
-0.0580926173880501	0.56070230461001	1707
-0.04692930086223	1.36906214521419	4
-0.06390564122763	0.562697971919826	287
0.06691117394599	1.18140457339016	4
-0.0400484230685301	1.36058843218713	8
0.00545784570296992	1.97759689356298	77
-0.06390564122763	0.562697971919826	111
-0.0585935731985401	0.559769753604985	17
0.10040735376629	0.879614948188656	17
-0.0479047686391201	1.0684725818663	660
-0.0697586613800501	0.782073297150673	58
0.0704923306752401	1.18242521037325	1446
-0.05827146507443	0.800664919137366	58
-0.05429905683885	1.09003813348802	69
-0.06127931056037	0.806680571837832	166
-0.0562659518403901	0.556556003824154	67
-0.05641272803696	0.802317919916879	146
-0.06390564122763	0.562697971919826	146
0.07210620847354	1.16655558559933	808
-0.06390564122763	0.562697971919826	151
-0.06441282117933	0.562758252373258	141
-0.0575919947780299	0.559723883081557	1290
0.09687950606452	0.883917826274096	1290
-0.05825797222393	0.560915030422003	224
-0.0592573014063	0.560959739167039	290
-0.0534514343307899	0.793053630190549	1446
-0.05709170507295	0.555548176040839	58
-0.05825797222393	0.560915030422003	58
-0.05825797222393	0.560915030422003	58
-0.05825797222393	0.560915030422003	1270
-0.05825797222393	0.560915030422003	166
-0.0580926173880501	0.56070230461001	166
-0.06255358443277	0.803137043661489	4
-0.0689386729300101	0.558791267387197	4
-0.0642602715521501	0.558219499337208	290
-0.02466221821474	1.61052511835333	58
-0.0498385039898299	1.06653664874248	69
-0.0575611523737001	1.07755142253823	34
0.0678814403096699	1.16256725328213	166
0.0955373769185499	0.885538002179559	808
0.06686093650402	1.41152653875366	209
-0.0557613801175401	0.55747490290022	4
0.0670853444650801	1.16097252110124	8
0.0691764685318701	1.63105564177358	8
-0.06661345098424	0.555619133155373	17
-0.0501323469515	1.08215606079856	34
-0.05975746466202	0.55696545252166	146
-0.0557613801175401	0.55747490290022	146
-0.0575919947780299	0.559723883081557	22
-0.0604015475739099	0.554723809572771	897
0.0552080882052799	1.41957812215147	967
-0.0585935731985401	0.559769753604985	209
-0.0575919947780299	0.559723883081557	502
0.067357019401	1.40244808968805	8
0.0913552112400899	0.889551477824865	8
-0.0592573014063	0.560959739167039	17
0.09122892161466	0.89285270182065	49
-0.10680927000901	1.76233194124097	49
-0.0585935731985401	0.559769753604985	49
0.10040735376629	0.879614948188656	660
-0.0205558913532999	1.58258818824109	660
-0.0583248214351899	0.797373230895649	58
0.00918454589878004	1.9757758761672	1270
-0.06441282117933	0.562758252373258	239
-0.0587574706918601	0.561897601836786	239
-0.0580926173880501	0.56070230461001	239
-0.0435320060487701	1.37247385898173	141
-0.0587574706918601	0.561897601836786	4
-0.06303585672473	0.809603260887761	8
0.00499912311470996	1.76500193074081	8
-0.0580926173880501	0.56070230461001	111
-0.0649203401319201	0.559395208329293	49
-0.0642961402492499	0.79323676555531	49
-0.0553226231659501	1.0730239882849	49
-0.02611195662565	1.61005790171997	49
-0.0529229064938099	1.08483607213001	199
-0.0583248214351899	0.797373230895649	4
-0.0580926173880501	0.56070230461001	34
-0.06390564122763	0.562697971919826	1270
-0.06390564122763	0.562697971919826	69
0.07148352812663	1.16380497766334	141
0.0245662723742099	2.09742111558336	967
-0.06375161456735	0.56156516596452	43
-0.05909486250559	0.555795857836356	133
-0.0594965229320099	0.800842126394733	58
-0.06069426994663	0.800483556784136	58
-0.0581623907276401	0.806953138795292	34
-0.0581623907276401	0.806953138795292	34
-0.0625308045639601	0.79276140029232	146
0.0950398468256599	0.880907695462435	69
-0.06441282117933	0.562758252373258	808
-0.06390564122763	0.562697971919826	239
-0.05775880570834	0.55671962166184	151
-0.05710557309591	0.796235475830016	141
-0.0587574706918601	0.561897601836786	640
0.0627877475929499	1.17940301547814	967
-0.06390564122763	0.562697971919826	322
0.0927155541857701	0.88153836955927	77
-0.0695973344808101	0.559960473687546	111
-0.05572070193901	0.793842339319476	58
-0.06273532022615	0.557911133428662	58
-0.04637921765281	1.03693424379081	113
-0.0585935731985401	0.559769753604985	67
-0.0575919947780299	0.559723883081557	820
0.0831462695621601	0.874153519998748	69
-0.05805468688789	0.7972193409852	22
0.0711160873199399	1.16493230645275	239
-0.0491170509833001	1.37545309486287	967
-0.0575919947780299	0.559723883081557	967
-0.0580926173880501	0.56070230461001	1189
-0.0614251527527401	0.558335815847276	473
-0.0599829293266601	0.797289329578722	17
-0.06441282117933	0.562758252373258	17
-0.05709170507295	0.555548176040839	58
-0.05355158483351	1.08820367652687	69
-0.0381207770232601	1.35607896842999	69
-0.05909486250559	0.555795857836356	1270
-0.05775880570834	0.55671962166184	34
-0.0632432975603801	0.561504402611844	166
-0.0565010268777699	1.07828862188434	808
-0.0585935731985401	0.559769753604985	22
-0.06245010376956	0.810228431329491	22
0.0985644315570899	0.880191286092215	22
-0.06375161456735	0.56156516596452	141
-0.12129528437733	2.3042932084784	967
-0.0575919947780299	0.559723883081557	967
-0.0614251527527401	0.558335815847276	4
0.0700270347533201	1.17948181746702	8
-0.0562659518403901	0.556556003824154	17
0.0739842752268201	1.60055007553713	133
-0.0533443976582899	0.795369497867981	58
-0.0133579772172701	1.55919257233569	4
-0.0552571448088	0.55650722237525	1323
0.06897763173769	1.62520759420629	58
-0.0557865905105801	0.796431893704432	146
-0.0623480098568401	0.801011794055907	69
-0.05429905683885	1.09003813348802	288
-0.0509780175591401	1.37020254040941	288
-0.05909486250559	0.555795857836356	151
0.07263754112835	2.17046738870872	141
-0.0511911906693101	2.14815814661576	967
-0.0147655772092901	2.44554122820025	967
-0.0587574706918601	0.561897601836786	322
-0.05975746466202	0.55696545252166	282
-0.0592573014063	0.560959739167039	43
0.0887939698172899	0.887504948901664	890
-0.06273532022615	0.557911133428662	67
-0.10633225537859	1.75387110286256	4
-0.0342739587963099	1.34777755076758	1323
-0.0587574706918601	0.561897601836786	4
-0.05825797222393	0.560915030422003	790
-0.06303585672473	0.809603260887761	77
-0.05914642215773	1.08896498486382	8
-0.04387105980976	1.37316065774375	77
-0.06245010376956	0.810228431329491	77
-0.0580926173880501	0.56070230461001	17
0.0690372023707699	1.42900799967568	58
-0.0440599586132999	1.37433836740185	612
-0.0555049111441399	1.07470258645174	146
-0.05825797222393	0.560915030422003	69
-0.0580926173880501	0.56070230461001	151
-0.0580926173880501	0.56070230461001	239
-0.06431036828826	0.801119895673552	141
-0.0605909879687701	0.798147024269196	230
-0.03717797789565	1.3503423525661	77
-0.0587574706918601	0.561897601836786	17
-0.0587460834020599	0.805760443869497	98
0.08220156930412	2.15013492720198	58
-0.0625162183138199	2.14517617485853	189
0.0432812145761801	2.43497744393034	58
0.07148352812663	1.16380497766334	612
0.0363645316685099	2.46855450121607	67
0.07214651647161	1.80138026153339	69
0.09626658379625	0.884107648095813	288
0.06341493864259	1.42711387974312	141
-0.05943829997728	0.799626658946117	141
-0.0484151500757699	1.07584194772228	141
-0.0575919947780299	0.559723883081557	141
-0.0545669106363	2.14254923610305	967
0.0173383184290501	2.09417028861332	967
0.0948177201973299	0.877970481426848	967
-0.06245010376956	0.810228431329491	967
-0.0614251527527401	0.558335815847276	4
-0.0580926173880501	0.56070230461001	502
-0.0585935731985401	0.559769753604985	77
0.0932045156032699	0.891014073465948	8
0.0938203503780399	0.888764684991259	8
-0.0575919947780299	0.559723883081557	98
-0.1016305823804	1.77611108903595	58
-0.05355158483351	1.08820367652687	58
-0.0585935731985401	0.559769753604985	151
-0.0592573014063	0.560959739167039	151
-0.05253972324867	1.07369041028814	151
0.0914811041408501	0.876235349951438	141
-0.00676960250460001	1.80354326194137	141
0.0626006894664699	1.17165101026311	141
-0.06390564122763	0.562697971919826	141
-0.06390564122763	0.562697971919826	790
0.0986899452230301	0.870863405183045	77
-0.06802202963955	0.79870516246296	17
-0.0585935731985401	0.559769753604985	69
0.0729618159537699	1.14906769721423	747
-0.0587574706918601	0.561897601836786	141
-0.05699571322313	0.80538119051126	141
-0.0580926173880501	0.56070230461001	230
-0.0600220714705499	0.796905880708996	967
-0.0582806663870299	1.0738638679368	77
0.0931832786087901	0.876230722564831	77
0.0924608129978299	0.892462503811019	67
-0.00585417741146999	1.79659072485783	4
0.0954317310574699	0.877777076663688	288
-0.0555566838253301	1.09189905639631	151
-0.06661345098424	0.555619133155373	151
-0.05825797222393	0.560915030422003	967
-0.06390564122763	0.562697971919826	282
-0.11001285146611	1.7870367707706	77
-0.06390564122763	0.562697971919826	77
-0.06441282117933	0.562758252373258	49
0.0654297638233501	1.17052462817289	58
-0.0643902433957699	0.795582305292122	189
-0.0587574706918601	0.561897601836786	69
-0.0431140075562999	1.37989425469904	69
-0.05757893406072	0.80682923037613	151
-0.05158456070979	1.05840485935988	141
0.0918450172060601	0.893314318795079	141
-0.0561859561964899	1.09055170640278	967
-0.0642602715521501	0.558219499337208	4
-0.0632432975603801	0.561504402611844	76
-0.06375161456735	0.56156516596452	77
0.09532317365112	0.865807064156936	77
0.0851380429173201	0.877481113063355	146
0.0857137420512499	1.91080987879494	141
-0.06908271697126	0.55731283965856	76
-0.0557613801175401	0.55747490290022	77
-0.0632432975603801	0.561504402611844	284
-0.0558299783244101	0.795814348776116	199
-0.05825797222393	0.560915030422003	146
-0.01600607253639	1.59211163420164	288
-0.0587574706918601	0.561897601836786	141
-0.0592573014063	0.560959739167039	230
0.08071373973295	1.79599029633359	77
-0.04767088206868	1.06659558619599	36
0.06558179866477	1.41053076663937	146
-0.0585935731985401	0.559769753604985	1411
-0.0587574706918601	0.561897601836786	575
-0.05825797222393	0.560915030422003	575
-0.0660939854118101	0.553013730701855	151
-0.0566995681562701	1.08050733184771	230
-0.0585935731985401	0.559769753604985	76
0.06681555707194	1.15486736023919	77
-0.10143198014573	1.75776618053205	77
0.0101800277774999	1.97253402561702	77
0.0943079358558501	0.882329595669124	17
-0.05511857943077	1.05611818777397	133
-0.06390564122763	0.562697971919826	58
-0.06339879997311	0.559087917942227	69
-0.05903001863317	1.0865067165186	69
-0.05709170507295	0.555548176040839	69
0.0312465228191201	2.3026226912563	141
-0.05757893406072	0.80682923037613	230
-0.0389353908657999	1.35397267125909	967
0.10024124320049	0.864234316156837	77
-0.0581623907276401	0.806953138795292	17
-0.05747083666982	0.798374988609893	146
-0.05709170507295	0.555548176040839	288
-0.0557613801175401	0.55747490290022	1411
-0.05805468688789	0.7972193409852	1643
-0.10416221019251	2.27695781231648	77
-0.06375161456735	0.56156516596452	1146
0.07200534279168	1.79684689597758	133
0.0656908711406901	1.63367851892114	199
0.07118751775814	1.41400615795723	199
-0.00882320589526997	1.80270138481531	189
0.0764290835141701	2.33226235443832	69
-0.05757893406072	0.80682923037613	146
0.06355894767671	1.18331042446326	575
-0.0580926173880501	0.56070230461001	4
-0.06441282117933	0.562758252373258	222
-0.0587574706918601	0.561897601836786	49
-0.0580926173880501	0.56070230461001	49
0.0700059064751899	1.16833142380404	146
-0.0585935731985401	0.559769753604985	146
-0.0587574706918601	0.561897601836786	146
-0.0592573014063	0.560959739167039	141
-0.0632432975603801	0.561504402611844	141
-0.0636218474866099	0.80725469907597	230
-0.05943829997728	0.799626658946117	230
0.0734147871380799	1.163871283233	230
-0.06091317868299	0.558273794061398	593
-0.0585935731985401	0.559769753604985	76
-0.0587574706918601	0.561897601836786	98
-0.0606691763055201	0.797957010349041	49
-0.06255358443277	0.803137043661489	141
-0.04716039968893	1.07549499857021	4
-0.0580926173880501	0.56070230461001	76
-0.05747083666982	0.798374988609893	77
-0.05909486250559	0.555795857836356	284
-0.06375161456735	0.56156516596452	98
-0.0492136105560801	2.12804570227781	146
-0.0552571448088	0.55650722237525	141
0.08742992943532	0.881640399536224	230
-0.05975746466202	0.55696545252166	76
-0.06208816035098	1.07840311148328	77
-0.0562659518403901	0.556556003824154	77
0.06558179866477	1.41053076663937	146
-0.06441282117933	0.562758252373258	288
-0.0637245360223999	0.8034166735313	288
-0.10360610827223	1.74194059808725	141
-0.0632432975603801	0.561504402611844	967
-0.0619374700927799	0.555035167785546	1711
-0.0592573014063	0.560959739167039	942
0.0918167021152001	0.885085274423451	34
0.0911956502570499	0.885291740818642	26
-0.0580926173880501	0.56070230461001	4
-0.0604015475739099	0.554723809572771	1655
-0.10490686416156	1.78629547844579	146
-0.0643902433957699	0.795582305292122	141
0.0955373769185499	0.885538002179559	141
-0.0600220714705499	0.796905880708996	230
-0.0632432975603801	0.561504402611844	790
-0.0592573014063	0.560959739167039	76
-0.0552571448088	0.55650722237525	77
-0.06441282117933	0.562758252373258	77
-0.0557613801175401	0.55747490290022	77
-0.06375161456735	0.56156516596452	77
-0.05709170507295	0.555548176040839	128
0.0640235159390601	1.18203335772172	151
-0.0639946738053001	1.07898154864281	151
0.0715117393675799	1.16839260423693	26
-0.0580926173880501	0.56070230461001	1560
-0.0585935731985401	0.559769753604985	4
-0.0614251527527401	0.558335815847276	70
-0.05757893406072	0.80682923037613	1727
-0.0562659518403901	0.556556003824154	1727
-0.06339879997311	0.559087917942227	187
0.0919719462842099	0.89140493733587	77
-0.0575919947780299	0.559723883081557	77
-0.0580926173880501	0.56070230461001	128
-0.0580926173880501	0.56070230461001	942
-0.0585935731985401	0.559769753604985	4
-0.05630384437353	0.796832001762128	141
0.06663095306112	1.17338242998821	141
0.00804267725373009	1.97006283264273	141
-0.06375161456735	0.56156516596452	1312
-0.0575919947780299	0.559723883081557	967
-0.0580926173880501	0.56070230461001	790
-0.0642602715521501	0.558219499337208	1144
-0.0689386729300101	0.558791267387197	76
-0.0632432975603801	0.561504402611844	187
-0.0557613801175401	0.55747490290022	128
-0.0383785996835899	1.37416920438675	58
-0.0633588579317701	1.08071307751113	133
-0.00649421629003011	1.79852874140659	141
-0.0632432975603801	0.561504402611844	141
-0.06908271697126	0.55731283965856	141
-0.06303585672473	0.809603260887761	26
-0.0556192567913201	1.08466560981975	967
-0.040885291328	1.35274667927947	4
-0.05699571322313	0.80538119051126	4
-0.06908271697126	0.55731283965856	634
-0.06390564122763	0.562697971919826	128
-0.0592573014063	0.560959739167039	128
-0.0207750918237399	1.58551290103705	58
-0.0391250169295201	1.35579070490523	58
-0.0498385039898299	1.06653664874248	69
-0.0642602715521501	0.558219499337208	1485
-0.05258091409438	1.07857703445006	230
-0.0580926173880501	0.56070230461001	76
-0.05747083666982	0.798374988609893	77
-0.0580926173880501	0.56070230461001	69
-0.0585935731985401	0.559769753604985	288
0.09122892161466	0.89285270182065	146
-0.06856684446208	0.787371149592748	146
-0.0632432975603801	0.561504402611844	1004
-0.0758305887456301	1.97045359310006	967
-0.06390564122763	0.562697971919826	77
0.09611018763242	0.888142200810888	133
-0.06390564122763	0.562697971919826	69
0.0990524798935399	0.875607329126314	146
-0.0694547862458901	0.556475535922731	492
0.09549266323858	0.888991198967975	86
-0.06255358443277	0.803137043661489	288
-0.0689386729300101	0.558791267387197	1004
-0.0461488978037301	1.04792814260767	967
-0.0580926173880501	0.56070230461001	967
-0.05757893406072	0.80682923037613	76
-0.06390564122763	0.562697971919826	77
-0.02611195662565	1.61005790171997	77
-0.0461601274114001	1.37745381139296	77
-0.06313894146376	0.804024692341469	77
-0.0686099351795899	0.797005341592748	128
-0.06390564122763	0.562697971919826	151
-0.0124656525857301	1.79835605378023	26
-0.0592573014063	0.560959739167039	70
-0.0580926173880501	0.56070230461001	176
0.07185532279725	1.62113928965638	187
-0.057132812012	1.08334389222553	77
-0.0587574706918601	0.561897601836786	1210
-0.0587574706918601	0.561897601836786	86
0.0847654753256799	0.870104356679575	230
0.0948748377050599	0.888536229249687	967
-0.0587574706918601	0.561897601836786	128
-0.0623480098568401	0.801011794055907	36
-0.0667490900696299	0.804616262588924	69
-0.05636743872768	1.07752461385137	146
-0.05825797222393	0.560915030422003	141
-0.05825797222393	0.560915030422003	1469
-0.0557865905105801	0.796431893704432	230
0.07332900146766	1.63386643205092	967
-0.0580926173880501	0.56070230461001	76
-0.0587574706918601	0.561897601836786	77
0.0918450172060601	0.893314318795079	77
-0.0638019590143	0.795428464571991	380
-0.0580926173880501	0.56070230461001	49
0.0221045015711401	2.301212540322	69
0.07053079650739	1.16565229848617	69
0.0706769262038201	1.18074028144664	146
-0.05805468688789	0.7972193409852	146
-0.0746785964552901	0.552579334974477	288
-0.07431836986373	1.98692531352839	26
0.0917176937711299	0.884775202112427	4
-0.0519547526852899	1.08043267364775	187
-0.0592573014063	0.560959739167039	128
0.06439665931059	1.17825371261383	982
-0.06441282117933	0.562758252373258	98
-0.0587574706918601	0.561897601836786	653
-0.0632432975603801	0.561504402611844	146
0.09615166870762	0.88534687521002	141
-0.0592573014063	0.560959739167039	1469
-0.0507623725339901	1.08551710088698	967
-0.06390564122763	0.562697971919826	76
-0.06441282117933	0.562758252373258	128
-0.07533352673327	0.553705975537289	128
-0.04256841965611	1.37610267077322	141
-0.0585935731985401	0.559769753604985	26
-0.0632432975603801	0.561504402611844	176
-0.06091317868299	0.558273794061398	967
-0.0592573014063	0.560959739167039	1526
-0.0587574706918601	0.561897601836786	76
-0.0632432975603801	0.561504402611844	706
-0.0575919947780299	0.559723883081557	77
-0.0592573014063	0.560959739167039	982
0.0634661974640201	1.42755125059784	69
0.09979334463935	0.88095507390781	4
-0.0580926173880501	0.56070230461001	86
-0.0585935731985401	0.559769753604985	141
-0.0575919947780299	0.559723883081557	230
-0.0592573014063	0.560959739167039	76
-0.0619374700927799	0.555035167785546	76
-0.05825797222393	0.560915030422003	77
-0.0580926173880501	0.56070230461001	128
-0.0580926173880501	0.56070230461001	36
-0.0540348692135899	0.796044170875854	146
0.1203561571556	2.48334904511904	69
0.06561331758442	1.18034337103039	86
-0.0519547526852899	1.08043267364775	1469
-0.0580926173880501	0.56070230461001	230
-0.05825797222393	0.560915030422003	1526
0.0678814403096699	1.16256725328213	141
-0.05909486250559	0.555795857836356	383
-0.06390564122763	0.562697971919826	128
-0.05825797222393	0.560915030422003	1204
0.06207077012008	1.18017958236893	69
-0.05825797222393	0.560915030422003	69
-0.0575919947780299	0.559723883081557	86
0.0708827216941701	1.61929897935482	141
-0.0592573014063	0.560959739167039	70
-0.0557613801175401	0.55747490290022	36
-0.05825797222393	0.560915030422003	128
-0.06441282117933	0.562758252373258	1252
-0.06625974834844	0.790979499924398	199
0.0683932521809201	1.18064752073401	69
-0.05914642215773	1.08896498486382	86
-0.0581623907276401	0.806953138795292	141
0.06595238209924	1.4087408724363	141
-0.05825797222393	0.560915030422003	26
-0.0552571448088	0.55650722237525	26
-0.0575919947780299	0.559723883081557	1644
-0.05825797222393	0.560915030422003	1009
-0.0585935731985401	0.559769753604985	70
0.0954317310574699	0.877777076663688	70
-0.05825797222393	0.560915030422003	70
-0.05757893406072	0.80682923037613	76
-0.06375161456735	0.56156516596452	1453
-0.0580926173880501	0.56070230461001	419
-0.10719811943973	1.78786830285975	288
-0.05757893406072	0.80682923037613	70
-0.05827146507443	0.800664919137366	70
-0.0587574706918601	0.561897601836786	128
0.08817495538193	0.889228790657945	146
0.07657697494368	1.98807469405004	4
-0.0632432975603801	0.561504402611844	176
-0.0562659518403901	0.556556003824154	1526
0.0974921311836501	0.882574176025044	141
-0.05825797222393	0.560915030422003	191
-0.0587574706918601	0.561897601836786	70
-0.0592573014063	0.560959739167039	70
-0.0587574706918601	0.561897601836786	176
-0.0585935731985401	0.559769753604985	36
-0.06245010376956	0.810228431329491	146
-0.0623480098568401	0.801011794055907	4
0.06774464823185	1.18228612417676	141
-0.05641272803696	0.802317919916879	70
-0.0585935731985401	0.559769753604985	70
-0.06339879997311	0.559087917942227	70
-0.06273532022615	0.557911133428662	40
-0.06390564122763	0.562697971919826	77
0.0602989190430301	1.42279690931877	307
-0.05709170507295	0.555548176040839	176
-0.06375161456735	0.56156516596452	70
-0.0587574706918601	0.561897601836786	901
-0.0580926173880501	0.56070230461001	644
-0.0557613801175401	0.55747490290022	77
-0.05825797222393	0.560915030422003	36
-0.06255358443277	0.803137043661489	69
-0.0520732554121299	1.07104940312036	69
-0.0568876958900799	1.08158452551001	307
0.08830091110014	0.888014692548757	1107
-0.05825797222393	0.560915030422003	1448
-0.05825797222393	0.560915030422003	884
-0.0592573014063	0.560959739167039	417
-0.0632432975603801	0.561504402611844	417
-0.0580926173880501	0.56070230461001	40
0.0682078637422801	1.17659359374302	69
-0.06908271697126	0.55731283965856	191
-0.06390564122763	0.562697971919826	176
-0.05757893406072	0.80682923037613	551
-0.0575919947780299	0.559723883081557	1453
0.0976215965001399	0.874183469222252	450
0.06330621397507	1.16793104121989	191
-0.05747083666982	0.798374988609893	191
-0.05885476457132	0.800790824625946	265
-0.05475324561414	0.552382251224157	265
-0.06441282117933	0.562758252373258	884
-0.0587574706918601	0.561897601836786	551
-0.06186458844142	0.809327081936404	176
-0.0585935731985401	0.559769753604985	40
-0.06390564122763	0.562697971919826	40
-0.06091317868299	0.558273794061398	134
-0.0557613801175401	0.55747490290022	981
-0.0582806663870299	1.0738638679368	69
-0.06743436344267	0.798552113469841	1107
-0.0546185400855801	0.797460945282106	450
-0.0580926173880501	0.56070230461001	77
-0.06441282117933	0.562758252373258	134
-0.06390564122763	0.562697971919826	1463
-0.06441282117933	0.562758252373258	36
-0.0737160122507601	1.96963895785875	69
0.0933323281375	0.881977362529315	26
-0.0581623907276401	0.806953138795292	191
-0.05885476457132	0.800790824625946	176
-0.0587574706918601	0.561897601836786	176
-0.06375161456735	0.56156516596452	176
-0.0585935731985401	0.559769753604985	176
-0.06390564122763	0.562697971919826	710
-0.05975746466202	0.55696545252166	981
-0.0689386729300101	0.558791267387197	49
-0.0636218474866099	0.80725469907597	277
-0.0587460834020599	0.805760443869497	176
-0.0585935731985401	0.559769753604985	1421
-0.0649203401319201	0.559395208329293	77
0.0838338365313001	2.13756229678212	69
0.08755563844119	0.889433348903	307
0.09122892161466	0.89285270182065	307
-0.04716039968893	1.07549499857021	450
0.0731969884639001	1.81495128986175	450
-0.0587574706918601	0.561897601836786	26
-0.09858796679554	1.78173281194723	69
0.0744073106787699	1.60029285294475	307
-0.0557613801175401	0.55747490290022	141
-0.0632432975603801	0.561504402611844	191
-0.0587574706918601	0.561897601836786	40
-0.06390564122763	0.562697971919826	40
-0.06441282117933	0.562758252373258	590
-0.05909486250559	0.555795857836356	134
-0.0407284191152599	1.36588110463576	199
0.0653457413729801	1.434183887546	69
0.0652400565737199	1.4161834206689	307
-0.06441282117933	0.562758252373258	1205
0.0869360187421	0.888121443424176	69
-0.05747083666982	0.798374988609893	307
-0.0580926173880501	0.56070230461001	62
-0.05909486250559	0.555795857836356	516
-0.0580926173880501	0.56070230461001	154
-0.05058397754988	1.07910686271551	450
0.07276430412602	1.16266653832759	450
-0.05909486250559	0.555795857836356	438
-0.0619428386301499	0.787243962671043	438
-0.0580926173880501	0.56070230461001	1181
-0.0592573014063	0.560959739167039	176
-0.0632432975603801	0.561504402611844	1205
-0.05825797222393	0.560915030422003	40
-0.06375161456735	0.56156516596452	308
-0.0442603646777999	1.05331665702707	207
0.0678926321437101	1.17392715830306	207
-0.05822382740803	0.799286467017581	1205
-0.0606691763055201	0.797957010349041	1291
-0.06390564122763	0.562697971919826	590
-0.06339879997311	0.559087917942227	62
-0.0405397731464101	1.37670982998167	307
-0.06665264688405	0.796348298176952	1107
-0.0588099565849101	0.8001699521369	26
-0.06441282117933	0.562758252373258	207
-0.0575919947780299	0.559723883081557	279
-0.05943829997728	0.799626658946117	176
-0.06339879997311	0.559087917942227	40
-0.06339879997311	0.559087917942227	590
-0.0587574706918601	0.561897601836786	174
-0.06441282117933	0.562758252373258	520
0.0648607074910701	1.18292610783404	69
0.0769558360203	1.97433144950045	69
-0.0575223809113501	1.07691336110687	307
0.08615635622152	0.871747621464465	450
-0.0575919947780299	0.559723883081557	308
-0.0557613801175401	0.55747490290022	207
-0.0580926173880501	0.56070230461001	207
-0.05757893406072	0.80682923037613	1181
-0.0592573014063	0.560959739167039	1181
-0.0587574706918601	0.561897601836786	134
-0.05825797222393	0.560915030422003	36
-0.0575919947780299	0.559723883081557	207
-0.06441282117933	0.562758252373258	1181
-0.05827146507443	0.800664919137366	1181
-0.0580926173880501	0.56070230461001	215
-0.0587574706918601	0.561897601836786	215
-0.0580926173880501	0.56070230461001	40
-0.0632432975603801	0.561504402611844	1183
-0.05709170507295	0.555548176040839	36
-0.0736662394685299	1.96123635243812	69
-0.06751584363646	1.92608449165655	69
0.0701508670823501	1.62826836984452	69
0.0947499738528299	0.883528880447364	307
0.0954317310574699	0.877777076663688	26
-0.05825797222393	0.560915030422003	279
-0.06390564122763	0.562697971919826	279
-0.0587574706918601	0.561897601836786	215
-0.0580926173880501	0.56070230461001	355
-0.0695973344808101	0.559960473687546	49
0.0880673731525901	2.46546659612505	189
-0.05909486250559	0.555795857836356	307
-0.05909486250559	0.555795857836356	207
-0.0587574706918601	0.561897601836786	279
-0.06390564122763	0.562697971919826	215
0.0832704089689999	0.880914125417818	1399
-0.05903001863317	1.0865067165186	40
-0.0592573014063	0.560959739167039	355
-0.0540348692135899	0.796044170875854	69
0.0653476919256	1.41378422267722	69
0.0134392545267199	1.9745902577346	69
-0.06441282117933	0.562758252373258	1105
-0.05827146507443	0.800664919137366	456
-0.06091317868299	0.558273794061398	456
0.06714223382174	1.18175959836123	207
-0.05677086027798	0.552634765693309	176
-0.0587574706918601	0.561897601836786	40
-0.04716039968893	1.07549499857021	1399
-0.05392822682513	0.796784762760139	49
0.0996661498575799	0.874284295358549	69
0.0674996840520401	1.40918050462112	456
-0.04653348088687	1.0733043811311	26
0.0973793959628599	0.881363217297301	207
0.07308735623698	1.16517569521404	27
-0.05825797222393	0.560915030422003	176
-0.06441282117933	0.562758252373258	40
-0.0580926173880501	0.56070230461001	870
-0.0581623907276401	0.806953138795292	40
-0.0580926173880501	0.56070230461001	355
-0.05775880570834	0.55671962166184	191
-0.06313894146376	0.804024692341469	207
-0.0585935731985401	0.559769753604985	279
-0.0575919947780299	0.559723883081557	1574
-0.05825797222393	0.560915030422003	40
0.0706769262038201	1.18074028144664	69
-0.0394205258176701	1.35808637996196	69
-0.06606476519514	1.94761264575774	307
0.0924374501232801	0.883369813060492	26
-0.0575919947780299	0.559723883081557	191
-0.0562659518403901	0.556556003824154	279
-0.0585935731985401	0.559769753604985	40
-0.05709170507295	0.555548176040839	40
0.07662938762657	1.97180226165231	69
-0.0632432975603801	0.561504402611844	207
-0.06375161456735	0.56156516596452	207
-0.05699571322313	0.80538119051126	207
-0.05825797222393	0.560915030422003	1096
-0.0592573014063	0.560959739167039	1096
-0.0632432975603801	0.561504402611844	40
-0.05825797222393	0.560915030422003	1399
-0.05975746466202	0.55696545252166	1399
-0.0575919947780299	0.559723883081557	724
-0.05343286128158	1.07706762180482	456
-0.0649203401319201	0.559395208329293	207
-0.0585935731985401	0.559769753604985	207
-0.05709170507295	0.555548176040839	27
-0.0585935731985401	0.559769753604985	40
-0.0990455633025999	1.76238342560853	69
0.000901169704760063	1.79444473762642	307
-0.0552024471250701	0.797587755482517	307
0.0648607074910701	1.18292610783404	456
-0.05775880570834	0.55671962166184	207
-0.0632432975603801	0.561504402611844	207
-0.06390564122763	0.562697971919826	1057
-0.06375161456735	0.56156516596452	40
-0.0580926173880501	0.56070230461001	40
-0.0208883081973199	1.61093509699989	683
-0.0575919947780299	0.559723883081557	82
-0.0580926173880501	0.56070230461001	207
-0.06091317868299	0.558273794061398	55
-0.05392822682513	0.796784762760139	26
-0.0649203401319201	0.559395208329293	305
-0.0632432975603801	0.561504402611844	497
-0.0537189216151	1.07580541177266	576
-0.0587460834020599	0.805760443869497	69
0.0927155541857701	0.88153836955927	69
-0.0580926173880501	0.56070230461001	279
-0.06091317868299	0.558273794061398	305
-0.05827146507443	0.800664919137366	305
-0.06303585672473	0.809603260887761	497
-0.0632432975603801	0.561504402611844	497
0.09615166870762	0.88534687521002	69
-0.06375161456735	0.56156516596452	580
-0.06431036828826	0.801119895673552	902
-0.0580926173880501	0.56070230461001	60
-0.06091317868299	0.558273794061398	96
-0.0575919947780299	0.559723883081557	69
-0.0593300122623099	0.802979399184457	279
-0.0594965229320099	0.800842126394733	497
-0.0632432975603801	0.561504402611844	96
-0.06441282117933	0.562758252373258	26
-0.0184656200907001	1.59643173572555	26
-0.0592573014063	0.560959739167039	900
-0.05825797222393	0.560915030422003	591
0.11996199575567	2.33261797831722	189
-0.03773031856244	1.37159182284127	53
-0.0580926173880501	0.56070230461001	900
-0.06441282117933	0.562758252373258	580
-0.06441282117933	0.562758252373258	207
-0.0587574706918601	0.561897601836786	207
-0.0585935731985401	0.559769753604985	207
0.09549266323858	0.888991198967975	279
0.0918450172060601	0.893314318795079	176
-0.0587574706918601	0.561897601836786	305
-0.0585935731985401	0.559769753604985	493
-0.0580926173880501	0.56070230461001	96
0.0841622391158401	2.44069367048898	53
0.0721264450388699	1.61756522305501	456
0.0659746580398	1.42040299689561	26
-0.0592573014063	0.560959739167039	900
-0.0580926173880501	0.56070230461001	900
-0.0557613801175401	0.55747490290022	279
-0.05475324561414	0.552382251224157	279
-0.06091317868299	0.558273794061398	176
-0.0592573014063	0.560959739167039	55
-0.0587574706918601	0.561897601836786	497
-0.05825797222393	0.560915030422003	55
0.0734973878296299	2.00485641931764	26
-0.0575919947780299	0.559723883081557	207
-0.0562659518403901	0.556556003824154	305
-0.0592573014063	0.560959739167039	305
-0.05825797222393	0.560915030422003	60
-0.0585935731985401	0.559769753604985	900
0.08977599524993	0.859901079065119	82
-0.0629341593924	0.798730216877257	207
-0.0587574706918601	0.561897601836786	207
-0.0540348692135899	0.796044170875854	279
-0.05975746466202	0.55696545252166	55
-0.05975746466202	0.55696545252166	184
-0.0580926173880501	0.56070230461001	40
-0.05757893406072	0.80682923037613	691
-0.04172722170586	1.36997931354915	456
0.0906125259738899	0.89099259135723	900
-0.06091317868299	0.558273794061398	900
-0.0575919947780299	0.559723883081557	900
-0.0587574706918601	0.561897601836786	82
-0.0587460834020599	0.805760443869497	207
-0.05709170507295	0.555548176040839	279
-0.05825797222393	0.560915030422003	279
-0.05825797222393	0.560915030422003	176
0.10237693324374	0.865685379966846	55
-0.0575919947780299	0.559723883081557	1116
-0.0575919947780299	0.559723883081557	537
0.0725719401395899	1.1595953187388	82
-0.0552571448088	0.55650722237525	184
-0.0515535413683601	0.78379039980881	184
-0.06127931056037	0.806680571837832	988
-0.06339879997311	0.559087917942227	26
-0.0585935731985401	0.559769753604985	82
-0.05825797222393	0.560915030422003	82
-0.0592573014063	0.560959739167039	279
-0.06255358443277	0.803137043661489	184
-0.0592573014063	0.560959739167039	60
-0.02356404001485	1.61352220307057	900
0.05978770420962	1.43157574673705	82
-0.0583248214351899	0.797373230895649	82
-0.05775880570834	0.55671962166184	267
0.06588636355027	1.16461415811939	26
0.0627219788379101	1.1824193282541	26
-0.000398054119439939	1.97858070448947	82
0.09413248855403	0.883086252686413	207
-0.06091317868299	0.558273794061398	176
0.09492279937884	0.884573792322449	40
-0.0587574706918601	0.561897601836786	40
-0.0580926173880501	0.56070230461001	1371
-0.05747083666982	0.798374988609893	60
-0.0557613801175401	0.55747490290022	537
-0.0520233442553599	1.08737379881154	78
-0.04781488188301	1.37517279207926	82
-0.05392822682513	0.796784762760139	2
-0.05975746466202	0.55696545252166	82
-0.0509690214645799	0.783659669561122	27
-0.0593300122623099	0.802979399184457	267
-0.06303585672473	0.809603260887761	184
-0.07533352673327	0.553705975537289	36
-0.0580926173880501	0.56070230461001	537
-0.02131584364956	1.60050252964148	456
-0.0552571448088	0.55650722237525	900
-0.0575919947780299	0.559723883081557	27
-0.06802202963955	0.79870516246296	176
-0.0575919947780299	0.559723883081557	267
-0.0695973344808101	0.559960473687546	55
0.0616247341904099	1.42063412018753	456
-0.0587460834020599	0.805760443869497	176
-0.05699571322313	0.80538119051126	55
-0.0587574706918601	0.561897601836786	148
-0.0587574706918601	0.561897601836786	12
-0.05825797222393	0.560915030422003	18
-0.0619374700927799	0.555035167785546	2
-0.0587574706918601	0.561897601836786	2
-0.0632432975603801	0.561504402611844	207
-0.0637245360223999	0.8034166735313	176
-0.05885476457132	0.800790824625946	267
-0.05757893406072	0.80682923037613	176
-0.06186458844142	0.809327081936404	148
-0.06375161456735	0.56156516596452	96
-0.10846147923363	1.79188128074061	69
-0.0737685246629101	1.9478838717779	316
-0.05825797222393	0.560915030422003	900
-0.03782625644316	1.35509694467984	2
-0.05475324561414	0.552382251224157	82
-0.05343286128158	1.07706762180482	346
-0.06339879997311	0.559087917942227	148
0.08977599524993	0.859901079065119	189
0.0942034238170499	0.877034441539197	691
-0.0599829293266601	0.797289329578722	78
-0.05709170507295	0.555548176040839	1667
-0.0583248214351899	0.797373230895649	2
-0.05757893406072	0.80682923037613	176
-0.0592573014063	0.560959739167039	55
0.0918450172060601	0.893314318795079	55
-0.05058397754988	1.07910686271551	346
-0.05827146507443	0.800664919137366	267
-0.0632432975603801	0.561504402611844	184
-0.05677086027798	0.552634765693309	228
-0.05825797222393	0.560915030422003	922
-0.06375161456735	0.56156516596452	12
0.0633728940334499	1.1830165310557	189
-0.05709170507295	0.555548176040839	2
0.09549266323858	0.888991198967975	176
-0.0552571448088	0.55650722237525	55
-0.0580926173880501	0.56070230461001	55
-0.0649203401319201	0.559395208329293	537
-0.0562659518403901	0.556556003824154	537
-0.06441282117933	0.562758252373258	537
0.0831462695621601	0.874153519998748	26
-0.05825797222393	0.560915030422003	26
0.0973793959628599	0.881363217297301	82
-0.05699571322313	0.80538119051126	117
-0.06557415620644	0.796899586410417	117
-0.0461601274114001	1.37745381139296	176
-0.05885476457132	0.800790824625946	55
-0.05909486250559	0.555795857836356	148
-0.06091317868299	0.558273794061398	26
-0.0660939854118101	0.553013730701855	26
-0.0255849106080099	1.60947564376568	26
-0.0581623907276401	0.806953138795292	117
-0.05885476457132	0.800790824625946	55
-0.0557613801175401	0.55747490290022	2
-0.06390564122763	0.562697971919826	2
-0.06245010376956	0.810228431329491	220
-0.0570149051720801	1.07349352598931	2
-0.0587460834020599	0.805760443869497	55
-0.0587574706918601	0.561897601836786	55
-0.05975746466202	0.55696545252166	221
-0.06273532022615	0.557911133428662	221
-0.05909486250559	0.555795857836356	148
-0.0585935731985401	0.559769753604985	36
-0.0557613801175401	0.55747490290022	537
0.06141597456176	1.43236236016145	26
-0.06441282117933	0.562758252373258	2
0.0644048341474	1.39555184575803	2
-0.05630384437353	0.796832001762128	2
-0.06375161456735	0.56156516596452	267
0.0955373769185499	0.885538002179559	55
-0.0552571448088	0.55650722237525	1604
0.10146418462643	0.862537413698957	1604
-0.0587574706918601	0.561897601836786	18
0.03747189778164	2.46960960952235	691
0.0689328943715499	1.99680481016482	69
-0.0229926055904	1.60985503508015	220
-0.0597788090621201	1.08830650774593	2
-0.06441282117933	0.562758252373258	136
-0.0575919947780299	0.559723883081557	865
-0.0661615035982701	0.802560420408552	537
-0.06052703767362	1.07832739114818	12
0.09626658379625	0.884107648095813	220
-0.000809156120000099	1.79351464245126	26
-0.0585935731985401	0.559769753604985	55
-0.06375161456735	0.56156516596452	996
-0.05788257390796	1.0851368171308	865
-0.0587574706918601	0.561897601836786	537
-0.0580926173880501	0.56070230461001	537
-0.05757893406072	0.80682923037613	2
0.06965886666022	1.17301786701097	2
-0.0587574706918601	0.561897601836786	117
-0.0580926173880501	0.56070230461001	865
-0.0617620982276199	0.801614642487757	865
-0.0587574706918601	0.561897601836786	12
-0.05827146507443	0.800664919137366	220
-0.0341167064758801	1.34251974973815	2
0.0918450172060601	0.893314318795079	996
-0.0520233442553599	1.08737379881154	2
0.09611018763242	0.888142200810888	2
-0.05392822682513	0.796784762760139	55
-0.0580926173880501	0.56070230461001	176
-0.0587460834020599	0.805760443869497	221
-0.05475324561414	0.552382251224157	19
-0.05747083666982	0.798374988609893	713
0.06470531505736	1.43596129776333	2
0.0985644315570899	0.880191286092215	26
0.0696451137179399	1.41515250633209	2
0.0932045156032699	0.891014073465948	2
-0.0557613801175401	0.55747490290022	267
-0.05825797222393	0.560915030422003	176
-0.05825797222393	0.560915030422003	176
-0.0515535413683601	0.78379039980881	221
-0.0580926173880501	0.56070230461001	866
-0.05475324561414	0.552382251224157	18
-0.0520233442553599	1.08737379881154	2
-0.05699571322313	0.80538119051126	117
-0.0580926173880501	0.56070230461001	12
0.0852637222400401	0.879108627871939	53
0.0904510814067501	0.879904086814705	2
-0.05939632383106	0.799568163010316	78
0.0691930664548599	1.18135289724228	220
-0.0552571448088	0.55650722237525	2
-0.0575919947780299	0.559723883081557	267
-0.05699571322313	0.80538119051126	326
-0.06375161456735	0.56156516596452	136
-0.0580926173880501	0.56070230461001	866
-0.05475324561414	0.552382251224157	12
-0.06802202963955	0.79870516246296	53
-0.0575919947780299	0.559723883081557	220
-0.05121015917834	1.07862206918417	117
-0.05975746466202	0.55696545252166	1669
-0.0587574706918601	0.561897601836786	270
-0.05699571322313	0.80538119051126	19
-0.06390564122763	0.562697971919826	12
-0.0398038334017701	2.09762679808482	2
0.0888995056817601	0.869595177711733	2
-0.0497863771922	1.06702146564777	267
-0.06441282117933	0.562758252373258	326
-0.0587574706918601	0.561897601836786	136
-0.0587460834020599	0.805760443869497	36
0.0722882023040901	1.16154213706266	2
0.0628256253239701	1.42931117766203	220
-0.05885476457132	0.800790824625946	26
-0.0592573014063	0.560959739167039	2
-0.06390564122763	0.562697971919826	2
-0.05775880570834	0.55671962166184	2
-0.05825797222393	0.560915030422003	2
-0.05451229225843	0.796911767031017	267
-0.05775880570834	0.55671962166184	220
-0.0643902433957699	0.795582305292122	26
-0.0587574706918601	0.561897601836786	2
-0.0598949747786699	1.07896222408607	2
-0.06303585672473	0.809603260887761	326
-0.06908271697126	0.55731283965856	270
-0.0587574706918601	0.561897601836786	12
-0.0642602715521501	0.558219499337208	90
0.0923328516141899	0.882564120311358	53
-0.05825797222393	0.560915030422003	326
-0.0592573014063	0.560959739167039	270
0.0929477104454399	0.878617943695821	2
-0.0649203401319201	0.559395208329293	220
-0.0632432975603801	0.561504402611844	176
-0.0580926173880501	0.56070230461001	177
-0.06390564122763	0.562697971919826	18
0.0814711089476201	1.58552248350244	691
0.07332900146766	1.63386643205092	2
-0.0859444816000801	2.44519777971086	2
0.0842785846096401	2.42300905134885	220
-0.0575919947780299	0.559723883081557	220
0.0919719462842099	0.89140493733587	2
-0.0587574706918601	0.561897601836786	26
-0.06390564122763	0.562697971919826	408
-0.05825797222393	0.560915030422003	408
-0.0592573014063	0.560959739167039	90
0.0956533641322601	0.883145696443462	2
0.0962359282460099	0.881704156190715	26
0.06245966326896	1.41982228008749	2
-0.06273532022615	0.557911133428662	19
0.08491823245018	2.11625578658227	700
-0.00463805750303004	1.8063052190056	189
-0.10224396623729	1.73876879242646	2
0.0640552491111701	1.4276938925342	26
-0.06375161456735	0.56156516596452	2
-0.0586387733904501	0.794516359844771	852
0.0984385120254501	0.875800383795189	408
-0.0562659518403901	0.556556003824154	499
-0.05825797222393	0.560915030422003	177
-0.06339879997311	0.559087917942227	177
-0.05822382740803	0.799286467017581	36
-0.06375161456735	0.56156516596452	12
0.0869212471873799	2.46865178481159	691
-0.07011229760323	0.557632526067434	231
0.08389325901262	0.881547596258668	220
-0.05909486250559	0.555795857836356	852
-0.06273532022615	0.557911133428662	176
-0.06908271697126	0.55731283965856	31
-0.05825797222393	0.560915030422003	31
0.08055655431944	1.79300531507846	2
-0.06339879997311	0.559087917942227	1349
-0.0562659518403901	0.556556003824154	2
-0.06390564122763	0.562697971919826	499
0.07933813227688	2.32461781056374	2
-0.0557613801175401	0.55747490290022	26
0.0985644315570899	0.880191286092215	2
-0.0671332665375399	0.553335184826485	2
-0.0660646613373601	0.796194619354754	176
-0.0583248214351899	0.797373230895649	408
-0.0551377950763501	0.787500522964301	53
0.07358458624605	1.16647875167776	2
-0.0605909879687701	0.798147024269196	2
-0.0580926173880501	0.56070230461001	31
-0.06375161456735	0.56156516596452	19
-0.06273532022615	0.557911133428662	177
-0.06255358443277	0.803137043661489	2
-0.05805468688789	0.7972193409852	2
0.09307630923937	0.890207112905487	852
-0.06441282117933	0.562758252373258	31
-0.0587574706918601	0.561897601836786	93
-0.0554394554834801	1.08871881082988	2
-0.06390564122763	0.562697971919826	2
-0.0587574706918601	0.561897601836786	267
-0.05909486250559	0.555795857836356	176
-0.0592573014063	0.560959739167039	408
-0.0580926173880501	0.56070230461001	31
-0.05699571322313	0.80538119051126	31
-0.05825797222393	0.560915030422003	93
-0.0357925135660899	1.35925766153646	2
-0.0587574706918601	0.561897601836786	2
-0.06390564122763	0.562697971919826	176
-0.0689386729300101	0.558791267387197	31
-0.0557613801175401	0.55747490290022	31
-0.0614251527527401	0.558335815847276	31
-0.05909486250559	0.555795857836356	93
0.000284423155020086	1.79290713878088	2
-0.0617620982276199	0.801614642487757	31
-0.06441282117933	0.562758252373258	93
-0.05775880570834	0.55671962166184	352
-0.0954142206214801	1.72007811114739	53
-0.0576884013085801	0.799241607063026	2
-0.10415406364795	1.77634181077065	26
0.08842647050049	0.877028021097697	2
-0.05825797222393	0.560915030422003	26
-0.0689386729300101	0.558791267387197	176
-0.0632432975603801	0.561504402611844	408
-0.05825797222393	0.560915030422003	31
-0.05825797222393	0.560915030422003	31
-0.04363146538095	1.0525121396791	93
-0.0552024471250701	0.797587755482517	26
-0.05747083666982	0.798374988609893	2
-0.0592573014063	0.560959739167039	96
-0.05975746466202	0.55696545252166	352
-0.0632432975603801	0.561504402611844	2
-0.0587574706918601	0.561897601836786	2
0.09615166870762	0.88534687521002	176
-0.0695973344808101	0.559960473687546	31
-0.05392822682513	0.796784762760139	31
-0.0587574706918601	0.561897601836786	31
-0.0587574706918601	0.561897601836786	12
-0.06091317868299	0.558273794061398	176
-0.0585935731985401	0.559769753604985	31
-0.0575919947780299	0.559723883081557	36
-0.10611051435044	1.78394914198154	2
0.0731969884639001	1.81495128986175	2
-0.05641272803696	0.802317919916879	2
-0.0398880441646501	1.37736872614662	31
-0.0684229062261199	0.556155440841019	36
-0.05839730763193	1.08716204313562	1272
0.09598404215442	0.880478561232449	53
0.06778918221424	1.81936361373482	2
0.0144594484274501	1.94827242715483	2
-0.0580926173880501	0.56070230461001	2
-0.06273532022615	0.557911133428662	2
-0.0617620982276199	0.801614642487757	31
-0.05825797222393	0.560915030422003	110
-0.0562659518403901	0.556556003824154	110
-0.0695973344808101	0.559960473687546	31
-0.0575919947780299	0.559723883081557	392
-0.0587574706918601	0.561897601836786	36
0.06987599893051	1.17241832822747	327
-0.0585935731985401	0.559769753604985	1174
0.0955373769185499	0.885538002179559	2
0.0955373769185499	0.885538002179559	176
-0.0575611523737001	1.07755142253823	31
-0.04778762266776	1.07632298229162	392
-0.0632432975603801	0.561504402611844	96
0.12459215987449	2.02378280261818	2
-0.0623480098568401	0.801011794055907	2
-0.06390564122763	0.562697971919826	2
-0.05775880570834	0.55671962166184	2
0.08755563844119	0.889433348903	2
-0.04950262788076	1.07661779953421	2
-0.10645609359446	1.78977242866257	31
-0.0557613801175401	0.55747490290022	110
-0.06390564122763	0.562697971919826	31
0.0893993855522	0.86669227964691	53
-0.06117642432496	0.800730743169161	2
0.07812400953972	1.8117397961023	2
-0.05253972324867	1.07369041028814	2
-0.0632432975603801	0.561504402611844	2
0.09549266323858	0.888991198967975	110
0.08953992128849	0.886090226516762	110
-0.0592573014063	0.560959739167039	31
0.08830091110014	0.888014692548757	1620
-0.05757893406072	0.80682923037613	1620
-0.05757893406072	0.80682923037613	392
-0.05825797222393	0.560915030422003	12
-0.06375161456735	0.56156516596452	176
-0.0587460834020599	0.805760443869497	31
0.08678060593205	0.872359102480115	110
-0.06390564122763	0.562697971919826	110
-0.0580926173880501	0.56070230461001	31
-0.0587574706918601	0.561897601836786	613
-0.0632432975603801	0.561504402611844	613
0.05786245081178	1.42937378410364	2
0.06695614432689	1.18422218810611	2
0.0628256253239701	1.42931117766203	2
0.0684168913683201	1.41940171829645	2
0.0692275733865799	1.17557621424247	150
-0.05630384437353	0.796832001762128	150
-0.0562659518403901	0.556556003824154	2
-0.05775880570834	0.55671962166184	31
-0.05418056894208	1.08988952560431	110
-0.0507033398455301	1.08009050264048	1683
-0.06431036828826	0.801119895673552	12
-0.0587574706918601	0.561897601836786	18
0.09687950606452	0.883917826274096	2
0.0996661498575799	0.874284295358549	1683
-0.06255358443277	0.803137043661489	36
-0.0580926173880501	0.56070230461001	36
-0.05825797222393	0.560915030422003	392
-0.0580926173880501	0.56070230461001	613
-0.01214971328353	1.56949823938684	2
0.07710993084787	1.78395439879553	2
0.0956177623433001	0.881263952007931	2
-0.0195750116682201	1.59483756086325	2
-0.0580926173880501	0.56070230461001	31
-0.0557613801175401	0.55747490290022	31
-0.06441282117933	0.562758252373258	110
-0.0632432975603801	0.561504402611844	31
-0.05709170507295	0.555548176040839	12
-0.0546185400855801	0.797460945282106	2
0.0759894366816301	1.15687055023839	2
-0.05825797222393	0.560915030422003	150
-0.05825797222393	0.560915030422003	31
-0.0637245360223999	0.8034166735313	31
0.09615166870762	0.88534687521002	110
-0.0568872225577799	0.798248303577294	691
-0.06255358443277	0.803137043661489	2
0.0963947773631999	0.873447531439116	2
-0.0580926173880501	0.56070230461001	110
-0.06390564122763	0.562697971919826	110
-0.0737798882844101	1.96017185545249	53
-0.05775880570834	0.55671962166184	26
-0.0587574706918601	0.561897601836786	557
0.0655111475685899	1.1802934862272	110
0.07340177982852	1.16875695338162	36
0.06467384478693	1.17940723570195	12
-0.05709170507295	0.555548176040839	96
0.12319026054095	2.3370995834379	2
0.07055528177211	1.41596596856545	26
-0.00328401707963	1.8099806190864	2
0.0668865796410401	1.41766131450678	2
0.06649733852254	1.62952154288168	2
0.0901589724413301	0.882530673248597	31
0.0976215965001399	0.874183469222252	31
-0.05943829997728	0.799626658946117	31
-0.05825797222393	0.560915030422003	31
-0.03274984041216	2.29571261664188	2
0.0280529286812099	2.30335401952696	2
-0.0260605986524001	1.60736419598457	2
-0.0585935731985401	0.559769753604985	584
-0.0580926173880501	0.56070230461001	584
-0.0575919947780299	0.559723883081557	1376
-0.0465337067524201	1.36624528813332	2
0.0878058673941899	0.87398121599585	31
-0.04569657546197	1.37089182331612	31
-0.03615004314152	1.33245074225927	2
0.08000853158841	1.802131197097	2
0.0751598272677201	1.6219442632585	2
-0.05429905683885	1.09003813348802	2
-0.0733834083815801	1.96335060691019	2
-0.0592573014063	0.560959739167039	176
-0.05949890928249	0.779863852402082	31
-0.06091317868299	0.558273794061398	31
-0.10220061816379	1.76502521052782	241
0.06704323176641	1.62001399086659	2
0.06561331758442	1.18034337103039	2
-0.10254627746573	1.77951862329287	2
-0.05699571322313	0.80538119051126	31
-0.06375161456735	0.56156516596452	31
-0.05825797222393	0.560915030422003	110
-0.06339879997311	0.559087917942227	584
-0.05825797222393	0.560915030422003	31
-0.0587574706918601	0.561897601836786	31
0.0925883809885899	0.891864198931823	12
-0.06441282117933	0.562758252373258	12
-0.057132812012	1.08334389222553	2
0.0874204739634401	1.9411100513936	2
-0.0585935731985401	0.559769753604985	176
-0.06390564122763	0.562697971919826	31
-0.05839730763193	1.08716204313562	31
-0.04778762266776	1.07632298229162	31
-0.05825797222393	0.560915030422003	36
-0.06441282117933	0.562758252373258	671
-0.0585935731985401	0.559769753604985	671
-0.0515089434996701	1.0783443832774	2
0.09122892161466	0.89285270182065	2
-0.0585935731985401	0.559769753604985	2
-0.06441282117933	0.562758252373258	110
0.0681398783760301	1.40745385348136	31
-0.0617620982276199	0.801614642487757	31
-0.06375161456735	0.56156516596452	1376
-0.05775880570834	0.55671962166184	1376
0.0804951033396799	2.14658307664312	2
0.0713107928912899	1.64063601987994	2
-0.0587574706918601	0.561897601836786	2
-0.0592573014063	0.560959739167039	2
-0.06375161456735	0.56156516596452	31
-0.0562659518403901	0.556556003824154	110
0.0967274111379	0.885899725807447	1773
0.0991790373188799	0.881146505282554	110
-0.0580926173880501	0.56070230461001	377
-0.0587574706918601	0.561897601836786	651
-0.0679794410543	0.786111245383972	12
-0.0587574706918601	0.561897601836786	12
-0.05827146507443	0.800664919137366	150
-0.10972578768565	1.7880388342333	2
-0.0520233442553599	1.08737379881154	2
-0.0576379361199699	0.796704849914143	2
-0.05885476457132	0.800790824625946	31
-0.05825797222393	0.560915030422003	403
-0.0587574706918601	0.561897601836786	31
-0.05825797222393	0.560915030422003	31
-0.0576379361199699	0.796704849914143	31
-0.05775880570834	0.55671962166184	475
-0.0587574706918601	0.561897601836786	651
-0.0632432975603801	0.561504402611844	671
0.06401591153007	1.39268227208661	691
0.0924608129978299	0.892462503811019	2
-0.0587574706918601	0.561897601836786	150
0.07199140971091	1.79819741219482	2
0.0638372833216001	1.16839026866859	898
-0.0632432975603801	0.561504402611844	31
-0.0580926173880501	0.56070230461001	110
-0.0562659518403901	0.556556003824154	31
-0.06441282117933	0.562758252373258	31
0.0700626290958799	1.16135786095382	31
-0.0199695444078001	1.61199524143324	2
-0.0575919947780299	0.559723883081557	31
-0.0587574706918601	0.561897601836786	31
-0.05825797222393	0.560915030422003	31
-0.0587574706918601	0.561897601836786	110
0.0904864800540599	0.885169942366819	31
-0.05825797222393	0.560915030422003	2
-0.0568872225577799	0.798248303577294	31
0.0990524798935399	0.875607329126314	31
-0.04716039968893	1.07549499857021	31
-0.0585935731985401	0.559769753604985	110
-0.05975746466202	0.55696545252166	377
-0.0575919947780299	0.559723883081557	916
0.0918450172060601	0.893314318795079	686
-0.0540308164763801	1.07592284930377	2
-0.0580926173880501	0.56070230461001	2
-0.10346143642593	1.7756444048107	31
-0.0580926173880501	0.56070230461001	31
-0.06441282117933	0.562758252373258	31
-0.0575919947780299	0.559723883081557	12
-0.06390564122763	0.562697971919826	2
-0.0557613801175401	0.55747490290022	161
-0.05822382740803	0.799286467017581	2
0.0722882023040901	1.16154213706266	31
-0.05825797222393	0.560915030422003	110
-0.0667490900696299	0.804616262588924	36
-0.0580926173880501	0.56070230461001	12
-0.05121015917834	1.07862206918417	161
-0.06375161456735	0.56156516596452	2
-0.06339879997311	0.559087917942227	2
-0.06441282117933	0.562758252373258	2
-0.05630384437353	0.796832001762128	150
-0.0592573014063	0.560959739167039	374
0.02595082595813	2.30056952129363	1445
-0.06441282117933	0.562758252373258	686
-0.0695973344808101	0.559960473687546	2
-0.05825797222393	0.560915030422003	2
-0.05822382740803	0.799286467017581	31
-0.06390564122763	0.562697971919826	12
-0.0446545470215101	1.05325113043913	691
-0.0552571448088	0.55650722237525	116
-0.0575919947780299	0.559723883081557	2
-0.06273532022615	0.557911133428662	150
-0.0689386729300101	0.558791267387197	150
0.06004343039716	1.17892922489826	31
-0.0580926173880501	0.56070230461001	110
-0.06390564122763	0.562697971919826	878
-0.06117642432496	0.800730743169161	498
-0.0570522825405	0.790667459430083	150
-0.0546185400855801	0.797460945282106	150
-0.06117642432496	0.800730743169161	150
-0.0450464593607201	1.37249465069561	31
-0.0575919947780299	0.559723883081557	453
-0.05825797222393	0.560915030422003	36
-0.0540348692135899	0.796044170875854	1318
-0.0585935731985401	0.559769753604985	96
0.08560365960698	2.30590167828102	53
-0.0184147521637199	1.60063681378801	116
0.06686093650402	1.41152653875366	31
-0.06390564122763	0.562697971919826	110
-0.06390564122763	0.562697971919826	453
-0.06375161456735	0.56156516596452	31
-0.05757893406072	0.80682923037613	31
-0.06208816035098	1.07840311148328	31
-0.0592573014063	0.560959739167039	31
-0.0580926173880501	0.56070230461001	31
-0.05641272803696	0.802317919916879	374
-0.0557613801175401	0.55747490290022	254
-0.06186458844142	0.809327081936404	53
-0.0038949130275201	1.7897383235809	738
0.08557208923033	0.877500133920831	150
-0.05709170507295	0.555548176040839	892
-0.0557613801175401	0.55747490290022	453
-0.05677086027798	0.552634765693309	949
-0.0580926173880501	0.56070230461001	12
-0.05825797222393	0.560915030422003	254
-0.0557613801175401	0.55747490290022	923
0.0633728940334499	1.1830165310557	923
-0.0587574706918601	0.561897601836786	110
-0.0632432975603801	0.561504402611844	31
-0.0568872225577799	0.798248303577294	1046
-0.06339879997311	0.559087917942227	116
-0.06441282117933	0.562758252373258	923
0.0690154215702199	1.61099501509953	110
-0.0575919947780299	0.559723883081557	1046
-0.0632432975603801	0.561504402611844	12
-0.05392822682513	0.796784762760139	254
-0.0575919947780299	0.559723883081557	138
-0.0585935731985401	0.559769753604985	923
-0.0557613801175401	0.55747490290022	150
-0.05825797222393	0.560915030422003	31
-0.05825797222393	0.560915030422003	31
-0.0592573014063	0.560959739167039	31
-0.09246387083447	2.48980486320763	2
0.0932045156032699	0.891014073465948	2
-0.0642602715521501	0.558219499337208	150
-0.06908271697126	0.55731283965856	807
-0.03809723437575	1.33716762388176	31
-0.06375161456735	0.56156516596452	249
-0.0575919947780299	0.559723883081557	31
-0.05825797222393	0.560915030422003	371
-0.0606691763055201	0.797957010349041	12
-0.0592573014063	0.560959739167039	12
-0.06058401830793	1.06434034289421	31
0.0732191744947	1.15876063548068	31
-0.0395834054353501	1.34933312686203	31
-0.0606691763055201	0.797957010349041	31
-0.06127931056037	0.806680571837832	12
-0.0587574706918601	0.561897601836786	12
-0.05775880570834	0.55671962166184	923
-0.0557613801175401	0.55747490290022	807
0.06467384478693	1.17940723570195	164
-0.0587460834020599	0.805760443869497	150
-0.06186458844142	0.809327081936404	150
0.09307630923937	0.890207112905487	246
-0.0580926173880501	0.56070230461001	110
-0.0575919947780299	0.559723883081557	249
-0.0580926173880501	0.56070230461001	138
-0.06390564122763	0.562697971919826	254
-0.0587574706918601	0.561897601836786	12
-0.10472751673556	1.76894902680886	164
-0.0592573014063	0.560959739167039	116
-0.0667490900696299	0.804616262588924	161
-0.06273532022615	0.557911133428662	110
-0.0587574706918601	0.561897601836786	249
-0.05966303877243	1.08406977360133	249
-0.06441282117933	0.562758252373258	12
0.06965886666022	1.17301786701097	116
-0.0575919947780299	0.559723883081557	150
0.0974921311836501	0.882574176025044	246
-0.0592573014063	0.560959739167039	110
-0.0585935731985401	0.559769753604985	110
-0.05630384437353	0.796832001762128	150
0.09122892161466	0.89285270182065	158
0.000622007083989962	1.79333168456662	158
0.06191047150227	1.43207919806888	150
-0.06375161456735	0.56156516596452	12
0.0677340423113499	1.6412021573674	53
-0.0937641756399099	1.7322756031475	2
0.0193189609471001	1.92211835884282	2
0.0904510814067501	0.879904086814705	150
-0.0580926173880501	0.56070230461001	150
0.0944358855623999	0.884745832019751	158
-0.06375161456735	0.56156516596452	110
-0.0575919947780299	0.559723883081557	31
-0.0587574706918601	0.561897601836786	138
-0.03717797789565	1.3503423525661	53
0.00247079453335997	1.78306686164003	116
-0.05630384437353	0.796832001762128	150
-0.0689386729300101	0.558791267387197	150
-0.04340888606771	1.37498869588125	2
0.0981044593999001	0.879947844463105	150
-0.10507025650099	1.77974243951161	158
-0.0580926173880501	0.56070230461001	150
-0.0581623907276401	0.806953138795292	12
-0.05709170507295	0.555548176040839	158
0.10040735376629	0.879614948188656	158
0.07340177982852	1.16875695338162	158
-0.0632432975603801	0.561504402611844	110
-0.05825797222393	0.560915030422003	31
-0.0580926173880501	0.56070230461001	138
-0.0587574706918601	0.561897601836786	12
-0.0587574706918601	0.561897601836786	2
-0.0555566838253301	1.09189905639631	158
0.07358458624605	1.16647875167776	246
-0.0575919947780299	0.559723883081557	31
-0.0575919947780299	0.559723883081557	12
-0.05757893406072	0.80682923037613	1100
-0.06441282117933	0.562758252373258	158
-0.0689386729300101	0.558791267387197	158
-0.06538072844314	1.06527932161333	110
-0.0585935731985401	0.559769753604985	24
0.0979495271058901	0.877965681394993	72
-0.0575919947780299	0.559723883081557	1100
-0.06441282117933	0.562758252373258	110
-0.05885476457132	0.800790824625946	110
-0.0649203401319201	0.559395208329293	29
-0.0557865905105801	0.796431893704432	552
-0.06255358443277	0.803137043661489	12
-0.0592573014063	0.560959739167039	12
-0.0632432975603801	0.561504402611844	110
-0.05699571322313	0.80538119051126	150
-0.05757893406072	0.80682923037613	12
-0.0515535413683601	0.78379039980881	150
0.0664465649185899	1.1812190049267	150
-0.05572070193901	0.793842339319476	31
-0.05825797222393	0.560915030422003	31
-0.0632432975603801	0.561504402611844	103
-0.0632432975603801	0.561504402611844	103
-0.04191753528396	1.37516333375772	53
0.0144292600484099	1.97420812968561	2
-0.0483086239738	2.14553670098171	2
0.02818693195817	2.46656970298064	2
-0.0580926173880501	0.56070230461001	158
-0.0580926173880501	0.56070230461001	246
-0.05775880570834	0.55671962166184	246
-0.0580926173880501	0.56070230461001	1657
0.0963947773631999	0.873447531439116	110
-0.0552571448088	0.55650722237525	12
-0.05709170507295	0.555548176040839	12
-0.0575919947780299	0.559723883081557	158
0.08817495538193	0.889228790657945	246
-0.0641094337780299	1.07092283028577	31
-0.0585143438587099	1.08794614628815	158
-0.06245010376956	0.810228431329491	150
-0.0617620982276199	0.801614642487757	110
0.09979334463935	0.88095507390781	31
-0.0585935731985401	0.559769753604985	29
-0.0604015475739099	0.554723809572771	851
-0.0657256003058699	1.95166046456441	158
0.08755563844119	0.889433348903	158
-0.0515535413683601	0.78379039980881	158
0.0913552112400899	0.889551477824865	158
-0.0568872225577799	0.798248303577294	110
-0.06196846474958	0.800539403570881	110
-0.05885476457132	0.800790824625946	29
-0.0588099565849101	0.8001699521369	103
-0.0600827305441101	0.800239184590905	24
-0.05699571322313	0.80538119051126	24
0.0726248472156199	1.17571884027536	2
-0.03996049291106	1.35871085979463	2
0.000279743792809928	1.79938317865742	158
-0.0412669410801101	1.37258861316324	158
0.0956533641322601	0.883145696443462	246
-0.06802202963955	0.79870516246296	31
-0.0585935731985401	0.559769753604985	103
-0.06375161456735	0.56156516596452	103
-0.0587574706918601	0.561897601836786	12
-0.0575919947780299	0.559723883081557	24
-0.0592573014063	0.560959739167039	24
-0.0587574706918601	0.561897601836786	1124
0.0917176937711299	0.884775202112427	158
-0.0384748234007799	1.35819469154047	103
-0.0485316672510001	1.06929222559083	72
-0.0679249809770099	0.803029118583683	150
-0.06273532022615	0.557911133428662	158
-0.06091317868299	0.558273794061398	103
-0.0580926173880501	0.56070230461001	246
-0.0585935731985401	0.559769753604985	12
-0.06441282117933	0.562758252373258	12
-0.0587574706918601	0.561897601836786	785
-0.09902981072453	1.76898034820449	2
-0.10863733385313	1.78048316133729	246
-0.05757893406072	0.80682923037613	246
-0.05825797222393	0.560915030422003	103
-0.0562659518403901	0.556556003824154	12
-0.05943829997728	0.799626658946117	158
-0.04778762266776	1.07632298229162	110
0.07358458624605	1.16647875167776	31
0.0723148313614099	1.14989204603641	31
-0.05709170507295	0.555548176040839	110
-0.0587574706918601	0.561897601836786	31
-0.0576379361199699	0.796704849914143	103
-0.11377642885474	2.31145309805923	2
-0.04767088206868	1.06659558619599	158
-0.06441282117933	0.562758252373258	158
-0.0512768718857499	1.07793226619054	103
-0.06186458844142	0.809327081936404	12
-0.05757893406072	0.80682923037613	2
-0.0585935731985401	0.559769753604985	2
-0.0517189321979199	1.06098888832188	31
-0.0580926173880501	0.56070230461001	31
0.0724551180898401	1.61526127448486	103
-0.0686099351795899	0.797005341592748	103
-0.0580926173880501	0.56070230461001	2
-0.0587574706918601	0.561897601836786	158
-0.06441282117933	0.562758252373258	110
-0.0570522825405	0.790667459430083	361
-0.0587574706918601	0.561897601836786	158
-0.0600827305441101	0.800239184590905	127
-0.05975746466202	0.55696545252166	31
-0.06303585672473	0.809603260887761	103
-0.05903001863317	1.0865067165186	12
-0.06441282117933	0.562758252373258	246
0.0705716231407201	1.38599395938607	31
-0.05699571322313	0.80538119051126	103
0.09307630923937	0.890207112905487	103
-0.0404255392845001	1.36649059232071	2
-0.06245010376956	0.810228431329491	345
-0.05121015917834	1.07862206918417	158
-0.06375161456735	0.56156516596452	158
0.0756752130034	1.12934125585832	246
-0.0632432975603801	0.561504402611844	150
-0.0580926173880501	0.56070230461001	110
0.0996661498575799	0.874284295358549	31
0.0775560247959799	1.60117426964994	53
-0.0587574706918601	0.561897601836786	158
-0.0562659518403901	0.556556003824154	31
-0.0371037294715799	2.32683095827496	31
-0.06733691580149	0.804767911171858	31
0.0876809515583401	0.886707668176238	103
0.0664465649185899	1.1812190049267	72
-0.0206039247824601	1.58311591216573	72
-0.0557503795440399	1.065835335649	2
-0.06390564122763	0.562697971919826	110
-0.05709170507295	0.555548176040839	16
-0.0580926173880501	0.56070230461001	142
-0.1020623863878	1.7593806600031	785
-0.0418144033429599	1.37785143166359	72
-0.0488284917677999	1.06829004390525	361
-0.05757893406072	0.80682923037613	361
0.0603549432161801	1.42934745443292	158
-0.0649203401319201	0.559395208329293	53
0.10208018294732	0.863434555542126	53
-0.05392822682513	0.796784762760139	508
-0.0262053924816099	2.28622792743897	345
-0.05757893406072	0.80682923037613	150
-0.0575919947780299	0.559723883081557	150
-0.0575919947780299	0.559723883081557	339
-0.05757893406072	0.80682923037613	103
-0.05825797222393	0.560915030422003	142
-0.0557613801175401	0.55747490290022	142
-0.0592573014063	0.560959739167039	158
-0.05630384437353	0.796832001762128	339
-0.0632432975603801	0.561504402611844	66
0.07160523379776	1.16335578096969	72
-0.05825797222393	0.560915030422003	53
-0.05825797222393	0.560915030422003	361
-0.04727817393017	1.06631355896211	2
-0.0580926173880501	0.56070230461001	142
-0.0467105277512101	1.0439989217805	72
-0.05825797222393	0.560915030422003	2
-0.10583809158101	1.78984177824027	767
-0.0587574706918601	0.561897601836786	150
-0.0557613801175401	0.55747490290022	158
0.05694461608424	1.42651670039309	103
0.01164227486558	2.1641409364059	103
-0.0587574706918601	0.561897601836786	2
-0.0587574706918601	0.561897601836786	1119
-0.0587574706918601	0.561897601836786	142
-0.05827146507443	0.800664919137366	53
0.0642099742711899	1.18391083491268	53
-0.05825797222393	0.560915030422003	339
-0.0592573014063	0.560959739167039	16
0.06774464823185	1.18228612417676	103
-0.0575919947780299	0.559723883081557	142
0.07061451389813	1.4119326237753	53
0.0168401087087899	2.13108569109511	508
-0.0513288946860799	1.08092012055097	158
0.0967656749783701	0.883998356120159	339
-0.10461497569181	1.7793637682691	31
0.06649021722492	1.17950836453536	103
0.0713265252770099	1.18054901612131	103
-0.0575919947780299	0.559723883081557	44
-0.0592573014063	0.560959739167039	345
0.0974921311836501	0.882574176025044	150
-0.0587574706918601	0.561897601836786	150
-0.05825797222393	0.560915030422003	339
-0.05825797222393	0.560915030422003	31
-0.02594315407246	2.48812227651782	31
-0.0580926173880501	0.56070230461001	103
-0.0587574706918601	0.561897601836786	142
-0.02159427484142	1.6056001001881	31
-0.0370916334731699	1.36101749719211	31
-0.05825797222393	0.560915030422003	16
-0.06375161456735	0.56156516596452	103
-0.0526987898856	1.07058135885672	339
-0.10588289173798	1.77052597273504	31
0.0930773499284401	0.870804797497808	150
-0.0576379361199699	0.796704849914143	339
0.09122892161466	0.89285270182065	31
-0.0598949747786699	1.07896222408607	94
-0.0532073791648999	1.07516376833437	53
0.0687263737945301	1.17207863153206	150
0.0695608476282199	1.15997237698783	150
-0.0580926173880501	0.56070230461001	150
0.09687950606452	0.883917826274096	150
-0.05258091409438	1.07857703445006	16
-0.05775880570834	0.55671962166184	16
-0.05825797222393	0.560915030422003	16
0.07179042665416	1.17758382242539	103
0.09549266323858	0.888991198967975	103
-0.05909486250559	0.555795857836356	44
-0.06441282117933	0.562758252373258	44
-0.05885476457132	0.800790824625946	295
-0.0592573014063	0.560959739167039	150
-0.0592573014063	0.560959739167039	150
-0.06375161456735	0.56156516596452	339
-0.0689386729300101	0.558791267387197	339
-0.03958492868172	1.35271015950044	103
-0.00107761818352992	1.77281220665767	103
0.06626239170115	1.18159574028712	44
-0.0592957526861599	2.11631530710593	158
0.0956533641322601	0.883145696443462	339
-0.0587574706918601	0.561897601836786	16
-0.06375161456735	0.56156516596452	16
-0.05710557309591	0.796235475830016	103
-0.05822382740803	0.799286467017581	150
-0.06743436344267	0.798552113469841	150
0.0664911232776799	1.40782986141452	103
0.0654051797781801	1.62283669879526	53
-0.05252991001839	2.15259654891012	345
-0.0552571448088	0.55650722237525	150
-0.06303585672473	0.809603260887761	150
0.0954317310574699	0.877777076663688	150
-0.06390564122763	0.562697971919826	150
0.0695266647855199	1.64139756710687	16
-0.06375161456735	0.56156516596452	44
0.07166988497746	1.62711864281154	295
-0.0533998875991	1.07887383159726	103
-0.0500780879126901	1.07788987704613	53
0.0950511214055001	0.876852253482509	53
0.0925883809885899	0.891864198931823	979
-0.06091317868299	0.558273794061398	150
-0.0632432975603801	0.561504402611844	16
-0.0587574706918601	0.561897601836786	41
-0.0557613801175401	0.55747490290022	1437
-0.0585935731985401	0.559769753604985	150
-0.06313894146376	0.804024692341469	150
-0.06375161456735	0.56156516596452	150
-0.0562659518403901	0.556556003824154	16
0.0990524798935399	0.875607329126314	53
-0.05172364020097	2.13653521066665	2
0.0637452278027499	1.17603072959732	31
0.06702409438802	1.61690396790603	16
-0.0580926173880501	0.56070230461001	16
-0.01859899985636	1.574205959615	150
-0.0593300122623099	0.802979399184457	150
0.01308327889576	1.96150643615826	16
-0.0437642207997599	1.37825986990084	41
-0.0247752030330499	1.59423680083656	41
-0.05775880570834	0.55671962166184	1017
0.0675596645496099	1.17976947691063	150
-0.0460311972902201	2.13814020310918	31
-0.0637245360223999	0.8034166735313	103
-0.0587574706918601	0.561897601836786	44
-0.0587574706918601	0.561897601836786	2
-0.07034495677711	0.786933809863512	150
0.0692667213123901	1.61211343631226	150
0.12390722962567	2.28820183824751	345
0.07578242499907	1.62034977951865	1631
-0.0568872225577799	0.798248303577294	31
-0.0580926173880501	0.56070230461001	103
-0.0580926173880501	0.56070230461001	41
-0.0598949747786699	1.07896222408607	2
-0.0379346004175001	1.36946160517926	31
-0.0642080762361701	0.801443722307208	31
-0.04995809935378	1.07827884800341	94
-0.06375161456735	0.56156516596452	94
-0.0580926173880501	0.56070230461001	94
0.0867966361057	2.10490068935901	872
-0.05280355358811	1.07541945557154	872
-0.06811176271651	1.96949397543847	150
-0.0465138118809401	1.36673415292168	1631
-0.05825797222393	0.560915030422003	31
-0.0518366444907199	1.07677349318165	16
-0.0557613801175401	0.55747490290022	41
-0.0649203401319201	0.559395208329293	16
-0.0587574706918601	0.561897601836786	16
0.0672117780389101	1.41577620928026	94
-0.0568872225577799	0.798248303577294	94
-0.0585935731985401	0.559769753604985	41
-0.05825797222393	0.560915030422003	41
-0.0557613801175401	0.55747490290022	41
-0.05975746466202	0.55696545252166	44
-0.0635205470153599	0.793074882279214	150
-0.0321470583484	2.24761479919814	1631
-0.0367435266196201	2.24346322388919	1631
-0.0527692659810799	1.08018094804221	44
0.0643400543780901	1.43548013252017	872
-0.09754183281189	1.7374945217707	345
-0.0632432975603801	0.561504402611844	31
-0.04829903917691	1.06479857924906	41
-0.06255358443277	0.803137043661489	41
-0.06303585672473	0.809603260887761	41
-0.0580926173880501	0.56070230461001	41
-0.0642602715521501	0.558219499337208	385
-0.05825797222393	0.560915030422003	44
-0.0580926173880501	0.56070230461001	44
0.0740649774434901	1.16367150999366	53
-0.05418056894208	1.08988952560431	31
-0.06441282117933	0.562758252373258	16
-0.06303585672473	0.809603260887761	41
-0.0587574706918601	0.561897601836786	13
0.0620936457625001	1.39416062740388	150
-0.0632432975603801	0.561504402611844	963
0.0967656749783701	0.883998356120159	963
-0.06245010376956	0.810228431329491	44
-0.1060476073518	2.25353344774932	345
-0.06245010376956	0.810228431329491	31
-0.0576884013085801	0.799241607063026	31
0.0997471727974199	0.869805308496727	31
-0.0568872225577799	0.798248303577294	31
0.09992013549408	0.873970991377426	31
0.0629750410255601	1.17403668304782	16
-0.05943829997728	0.799626658946117	44
-0.0324746054687399	2.31423621075279	345
0.0600150391019301	1.1651732984296	345
-0.05725111204769	1.08006659093224	31
-0.06255358443277	0.803137043661489	41
-0.0592573014063	0.560959739167039	641
0.0985644315570899	0.880191286092215	44
-0.0576884013085801	0.799241607063026	295
-0.04569657546197	1.37089182331612	295
-0.0577649055106799	1.08614537734407	53
0.0991790373188799	0.881146505282554	150
-0.0592573014063	0.560959739167039	150
0.0932045156032699	0.891014073465948	94
-0.0642602715521501	0.558219499337208	44
0.0791427608945201	1.79889045915304	53
-0.0632432975603801	0.561504402611844	150
-0.0568872225577799	0.798248303577294	16
-0.0575919947780299	0.559723883081557	963
0.07029820790171	1.62368866102311	873
-0.05641272803696	0.802317919916879	13
-0.06273532022615	0.557911133428662	44
-0.0519919005326399	2.14026749323628	345
-0.05825797222393	0.560915030422003	150
-0.0632432975603801	0.561504402611844	16
0.06686093650402	1.41152653875366	345
-0.0529229064938099	1.08483607213001	31
-0.0580926173880501	0.56070230461001	120
-0.05822382740803	0.799286467017581	31
0.06624711245739	1.42164346039303	31
-0.0649203401319201	0.559395208329293	16
-0.0597788090621201	1.08830650774593	44
-0.10283090909844	1.7712895502718	150
-0.0623480098568401	0.801011794055907	963
-0.06375161456735	0.56156516596452	44
0.0111558234082001	1.96562320613334	345
0.09687950606452	0.883917826274096	345
-0.0587574706918601	0.561897601836786	31
0.0967656749783701	0.883998356120159	31
0.09626658379625	0.884107648095813	1698
-0.0632432975603801	0.561504402611844	1059
-0.05827146507443	0.800664919137366	44
-0.0592573014063	0.560959739167039	31
-0.0639946738053001	1.07898154864281	31
-0.0642080762361701	0.801443722307208	41
-0.0689386729300101	0.558791267387197	13
-0.0587574706918601	0.561897601836786	94
-0.03912367899286	1.3597896028552	94
-0.06441282117933	0.562758252373258	41
0.0764133426464999	2.16429931059529	345
-0.0575919947780299	0.559723883081557	345
-0.05355158483351	1.08820367652687	345
0.06890440146755	1.62854085752396	31
0.0636867076016201	1.42228189431776	10
-0.0580926173880501	0.56070230461001	44
-0.05630384437353	0.796832001762128	150
-0.0642602715521501	0.558219499337208	345
0.08111530065726	1.58172186698525	345
-0.05392822682513	0.796784762760139	94
-0.06390564122763	0.562697971919826	971
-0.0552571448088	0.55650722237525	345
-0.06117642432496	0.800730743169161	120
-0.0580926173880501	0.56070230461001	31
-0.05757893406072	0.80682923037613	263
-0.06390564122763	0.562697971919826	94
-0.06196846474958	0.800539403570881	324
-0.0575919947780299	0.559723883081557	44
-0.0632432975603801	0.561504402611844	263
-0.0592573014063	0.560959739167039	10
-0.0575919947780299	0.559723883081557	324
-0.06375161456735	0.56156516596452	94
-0.0575919947780299	0.559723883081557	44
-0.0520233442553599	1.08737379881154	44
-0.04172722170586	1.36997931354915	345
0.0960454566295199	0.876452262287437	345
-0.0632432975603801	0.561504402611844	755
-0.0557865905105801	0.796431893704432	44
0.0955373769185499	0.885538002179559	31
-0.0587574706918601	0.561897601836786	1214
-0.0544680771141599	1.06879850158878	53
0.0990524798935399	0.875607329126314	345
-0.06273532022615	0.557911133428662	31
-0.0580926173880501	0.56070230461001	667
-0.0585935731985401	0.559769753604985	53
-0.0557865905105801	0.796431893704432	345
-0.0457882394707101	1.06409001477006	31
-0.05709170507295	0.555548176040839	31
-0.0636218474866099	0.80725469907597	44
0.0301616969812	2.45343014488374	105
0.08842647050049	0.877028021097697	31
-0.0585935731985401	0.559769753604985	31
-0.05825797222393	0.560915030422003	10
-0.06186458844142	0.809327081936404	10
0.0948177201973299	0.877970481426848	44
-0.0580926173880501	0.56070230461001	44
-0.0575919947780299	0.559723883081557	44
-0.0592573014063	0.560959739167039	44
-0.0632432975603801	0.561504402611844	44
-0.0587574706918601	0.561897601836786	345
-0.06441282117933	0.562758252373258	364
0.0918450172060601	0.893314318795079	10
-0.0585935731985401	0.559769753604985	120
-0.05825797222393	0.560915030422003	44
-0.0632432975603801	0.561504402611844	1214
-0.0641094337780299	1.07092283028577	53
-0.0585935731985401	0.559769753604985	1554
-0.0548098590739301	1.09006071713355	10
-0.0642602715521501	0.558219499337208	987
-0.0588099565849101	0.8001699521369	120
0.0894126819999199	0.883935620190778	345
0.0732191744947	1.15876063548068	31
-0.0587574706918601	0.561897601836786	728
-0.0427442583986899	1.34180921849475	94
-0.0580926173880501	0.56070230461001	987
-0.05975746466202	0.55696545252166	667
-0.0575919947780299	0.559723883081557	468
-0.06255358443277	0.803137043661489	120
0.07246581042142	1.40767822736692	53
0.0734293449757499	1.82797854394284	345
-0.0689386729300101	0.558791267387197	44
-0.05885476457132	0.800790824625946	44
-0.06661345098424	0.555619133155373	44
0.11693093643214	2.33041551740804	345
0.06984284471072	1.18261592469137	105
-0.0195049394151401	1.58525598709939	985
-0.0540348692135899	0.796044170875854	468
-0.05775880570834	0.55671962166184	94
-0.06273532022615	0.557911133428662	44
-0.05909486250559	0.555795857836356	44
-0.01422323934577	1.5860031692051	105
0.06432718959107	1.42435589010306	105
-0.05355158483351	1.08820367652687	31
-0.04938490084951	1.07280030944622	168
-0.0585935731985401	0.559769753604985	94
-0.05825797222393	0.560915030422003	44
-0.05775880570834	0.55671962166184	44
-0.06245010376956	0.810228431329491	150
0.09122892161466	0.89285270182065	105
0.0736138288825901	1.38761932964422	150
-0.0533443976582899	0.795369497867981	31
-0.0383785996835899	1.37416920438675	10
0.06691117394599	1.18140457339016	10
-0.05429905683885	1.09003813348802	10
0.0990524798935399	0.875607329126314	667
0.09122892161466	0.89285270182065	10
-0.06375161456735	0.56156516596452	44
-0.0678301227062901	1.95870776751094	105
0.0627219788379101	1.1824193282541	31
-0.06441282117933	0.562758252373258	754
-0.0632432975603801	0.561504402611844	44
-0.05909486250559	0.555795857836356	44
-0.0588099565849101	0.8001699521369	105
-0.0585935731985401	0.559769753604985	94
0.05796683561112	1.42688357108151	53
-0.0604115048295799	1.08586075947691	53
0.1232843231377	2.16611164520622	10
-0.0695973344808101	0.559960473687546	168
0.06305759316464	1.42722130505346	150
0.0887939698172899	0.887504948901664	105
-0.0604769499853599	1.07496850669132	168
-0.05775880570834	0.55671962166184	468
-0.0689386729300101	0.558791267387197	1610
0.0649809035739	1.43696577934265	105
-0.0235024276717499	1.60221984246241	44
-0.05885476457132	0.800790824625946	44
-0.0576379361199699	0.796704849914143	345
-0.09254375974864	2.4822161630762	345
-0.0710594072422	0.79508966440019	94
-0.0585935731985401	0.559769753604985	44
-0.06091317868299	0.558273794061398	44
-0.0623480098568401	0.801011794055907	609
0.0967656749783701	0.883998356120159	150
0.0855622441655799	2.46076570541684	345
-0.06321391423926	0.793418699473493	31
-0.0604115048295799	1.08586075947691	10
0.0967656749783701	0.883998356120159	10
-0.0716493183428899	0.796377642690355	54
-0.0592573014063	0.560959739167039	10
-0.05975746466202	0.55696545252166	44
-0.0557613801175401	0.55747490290022	44
0.0685788562582701	1.17720326392022	345
-0.0465786896840199	1.37704213711609	31
-0.0442603646777999	1.05331665702707	468
-0.06245010376956	0.810228431329491	565
-0.06441282117933	0.562758252373258	44
-0.06375161456735	0.56156516596452	565
-0.06390564122763	0.562697971919826	565
-0.05825797222393	0.560915030422003	44
-0.06441282117933	0.562758252373258	44
0.06469530571442	1.42679755690972	53
0.12328051116668	2.33977715265639	345
-0.04172722170586	1.36997931354915	10
-0.0587460834020599	0.805760443869497	168
0.00602952204140994	1.77339243096041	345
0.12320298395351	2.18828631914727	345
-0.06069426994663	0.800483556784136	345
0.0923328516141899	0.882564120311358	345
0.0642099742711899	1.18391083491268	345
-0.06186458844142	0.809327081936404	53
-0.05827146507443	0.800664919137366	53
-0.06303585672473	0.809603260887761	1396
-0.05509659413679	0.795757793152584	31
0.06857298826488	1.15892780653881	848
-0.0546185400855801	0.797460945282106	848
-0.06375161456735	0.56156516596452	44
-0.0592573014063	0.560959739167039	31
-0.0580926173880501	0.56070230461001	10
-0.06390564122763	0.562697971919826	514
-0.05827146507443	0.800664919137366	609
-0.0493325243387499	1.07608425080668	53
0.06606401909163	1.81185778524091	345
-0.05825797222393	0.560915030422003	10
0.0898704236815899	0.883358461051643	10
-0.0649203401319201	0.559395208329293	10
0.0932045156032699	0.891014073465948	10
-0.0592573014063	0.560959739167039	877
-0.06441282117933	0.562758252373258	53
-0.0593300122623099	0.802979399184457	345
-0.0689386729300101	0.558791267387197	10
-0.0554394554834801	1.08871881082988	10
-0.05418056894208	1.08988952560431	53
0.0948177201973299	0.877970481426848	10
-0.0587574706918601	0.561897601836786	10
-0.05265429090538	1.08603766586992	64
0.06532388080894	1.1749113602483	64
-0.0649203401319201	0.559395208329293	10
0.0898704236815899	0.883358461051643	10
-0.0580926173880501	0.56070230461001	124
-0.05825797222393	0.560915030422003	53
-0.06091317868299	0.558273794061398	10
-0.06339879997311	0.559087917942227	124
-0.05475324561414	0.552382251224157	10
-0.0575919947780299	0.559723883081557	10
-0.06390564122763	0.562697971919826	10
-0.05825797222393	0.560915030422003	10
-0.05775880570834	0.55671962166184	124
-0.0587574706918601	0.561897601836786	609
-0.05825797222393	0.560915030422003	53
-0.06390564122763	0.562697971919826	10
-0.0585935731985401	0.559769753604985	10
-0.05429905683885	1.09003813348802	94
-0.0689386729300101	0.558791267387197	44
0.0918167021152001	0.885085274423451	145
-0.05775880570834	0.55671962166184	10
-0.06245010376956	0.810228431329491	94
0.09122892161466	0.89285270182065	124
-0.0668469364059301	0.796532768597834	124
0.10237693324374	0.865685379966846	53
-0.0534514343307899	0.793053630190549	53
-0.06431036828826	0.801119895673552	345
-0.05975746466202	0.55696545252166	10
0.0911956502570499	0.885291740818642	10
-0.0667490900696299	0.804616262588924	94
-0.06441282117933	0.562758252373258	124
-0.0568872225577799	0.798248303577294	439
0.09611018763242	0.888142200810888	129
-0.0953584553329501	2.46359023518378	53
0.06959947543479	1.6193338330036	550
-0.04079658483643	1.34556597389232	150
0.0731648877475799	1.6059956351371	10
-0.00204919636190004	1.81147265710546	10
0.08830091110014	0.888014692548757	80
-0.0632432975603801	0.561504402611844	727
-0.0666661386242999	0.780583906505092	53
-0.06339879997311	0.559087917942227	345
-0.05975746466202	0.55696545252166	345
0.09782424600589	0.874865436257113	150
-0.06390564122763	0.562697971919826	10
-0.0311017352609899	2.2627118027332	10
-0.05775880570834	0.55671962166184	44
-0.05709170507295	0.555548176040839	345
-0.0581623907276401	0.806953138795292	345
0.0634414731346	1.1809848735521	53
-0.05392822682513	0.796784762760139	53
-0.06375161456735	0.56156516596452	10
-0.05825797222393	0.560915030422003	44
-0.06908271697126	0.55731283965856	53
0.0948177201973299	0.877970481426848	345
-0.0575919947780299	0.559723883081557	20
-0.05775880570834	0.55671962166184	751
0.0593605678526601	1.16839939269985	44
-0.0704697370518701	0.790107908236922	53
0.0642099742711899	1.18391083491268	53
0.0718328145135501	1.41149042591753	53
-0.0672535792256901	0.785440273780913	53
-0.0583248214351899	0.797373230895649	20
0.06607843247039	1.17032778939716	44
-0.0392366058667799	1.37642530363682	345
-0.0642602715521501	0.558219499337208	727
-0.0587574706918601	0.561897601836786	727
-0.0557865905105801	0.796431893704432	1331
-0.05827146507443	0.800664919137366	150
-0.06273532022615	0.557911133428662	20
-0.05492771745748	1.09172838809886	53
-0.06441282117933	0.562758252373258	20
-0.05509659413679	0.795757793152584	20
0.06691117394599	1.18140457339016	20
-0.0587460834020599	0.805760443869497	20
0.06473543412909	1.81622250942979	51
-0.06390564122763	0.562697971919826	1331
-0.05328554508978	1.08302903941791	20
-0.05825797222393	0.560915030422003	20
-0.06375161456735	0.56156516596452	10
0.0948748377050599	0.888536229249687	1331
0.06649733852254	1.62952154288168	20
-0.0493325243387499	1.07608425080668	20
-0.0552571448088	0.55650722237525	44
-0.0575919947780299	0.559723883081557	181
-0.06390564122763	0.562697971919826	181
0.07146606049606	1.4101163428111	20
-0.11124234780593	2.30506314650691	20
0.09307630923937	0.890207112905487	20
-0.0576884013085801	0.799241607063026	80
-0.0587574706918601	0.561897601836786	124
-0.06375161456735	0.56156516596452	44
-0.06908271697126	0.55731283965856	181
-0.07809245402458	1.96761613858497	53
-0.0518366444907199	1.07677349318165	20
-0.05710557309591	0.796235475830016	44
0.0840176475043799	0.879541882239401	44
-0.0555566838253301	1.09189905639631	80
-0.0575919947780299	0.559723883081557	44
0.0833383323603201	2.14573123373499	20
0.07370822642475	1.99223950517301	80
-0.0594965229320099	0.800842126394733	80
-0.06375161456735	0.56156516596452	181
-0.10641195470356	2.31193805145097	80
-0.05775880570834	0.55671962166184	44
0.06630453277482	1.18361848559811	20
-0.06390564122763	0.562697971919826	124
-0.05418056894208	1.08988952560431	44
0.0637414006218999	1.42109230282736	80
-0.06339879997311	0.559087917942227	181
-0.07077565760312	1.95446060693164	181
-0.0585935731985401	0.559769753604985	124
-0.0580926173880501	0.56070230461001	181
-0.0604015475739099	0.554723809572771	1331
-0.06339879997311	0.559087917942227	20
-0.0587574706918601	0.561897601836786	80
0.0683932521809201	1.18064752073401	80
-0.05975746466202	0.55696545252166	891
-0.0679249809770099	0.803029118583683	80
0.06659165102162	1.40722594744394	80
-0.0585935731985401	0.559769753604985	124
-0.0642602715521501	0.558219499337208	20
-0.0686099351795899	0.797005341592748	20
0.0875274524750001	0.877615559033633	80
-0.05931622212016	1.06741239348175	80
-0.06441282117933	0.562758252373258	124
-0.06390564122763	0.562697971919826	124
-0.0580926173880501	0.56070230461001	80
-0.0519547526852899	1.08043267364775	124
-0.0592573014063	0.560959739167039	145
-0.05931622212016	1.06741239348175	1331
-0.05747083666982	0.798374988609893	20
-0.0587574706918601	0.561897601836786	124
0.0638372833216001	1.16839026866859	1331
-0.05903001863317	1.0865067165186	20
-0.0587574706918601	0.561897601836786	80
0.0683598290818299	1.17198532986754	124
-0.05775880570834	0.55671962166184	124
-0.06303585672473	0.809603260887761	20
-0.0415366699758499	1.35213592619227	80
0.0932045156032699	0.891014073465948	11
-0.06625974834844	0.790979499924398	145
0.0948177201973299	0.877970481426848	80
0.06965886666022	1.17301786701097	124
-0.0604015475739099	0.554723809572771	11
-0.0594965229320099	0.800842126394733	20
-0.06390564122763	0.562697971919826	204
-0.06339879997311	0.559087917942227	124
-0.05825797222393	0.560915030422003	124
-0.0576884013085801	0.799241607063026	11
-0.0446291290480301	1.37663033447414	664
0.07812400953972	1.8117397961023	1331
-0.0575919947780299	0.559723883081557	20
-0.0561859561964899	1.09055170640278	124
-0.0660646613373601	0.796194619354754	664
-0.02223064787892	1.60358943784371	20
0.10040735376629	0.879614948188656	20
-0.0583248214351899	0.797373230895649	20
-0.0580926173880501	0.56070230461001	20
-0.06441282117933	0.562758252373258	124
0.10053478240848	0.87377752789302	124
-0.06303585672473	0.809603260887761	53
-0.06127931056037	0.806680571837832	1331
-0.0521389513663599	1.08000495768373	1331
-0.04924984030511	1.06446495277566	171
0.06691117394599	1.18140457339016	20
-0.0587574706918601	0.561897601836786	80
-0.04374704955396	1.37047076985625	20
0.0797469393849499	1.7905850223338	664
-0.04778762266776	1.07632298229162	204
0.09687950606452	0.883917826274096	20
0.0956533641322601	0.883145696443462	124
-0.0580926173880501	0.56070230461001	124
-0.0580926173880501	0.56070230461001	149
-0.0562659518403901	0.556556003824154	20
0.09615166870762	0.88534687521002	20
-0.0587574706918601	0.561897601836786	20
-0.05641272803696	0.802317919916879	53
-0.06186458844142	0.809327081936404	51
-0.05909486250559	0.555795857836356	20
-0.0598394522797801	1.07668852476204	20
-0.0228664134149701	1.60369829943424	1374
-0.03637266803007	1.32400440195268	20
-0.05825797222393	0.560915030422003	20
0.0981044593999001	0.879947844463105	20
-0.0605909879687701	0.798147024269196	20
-0.0632432975603801	0.561504402611844	53
0.08681095191855	0.881846965958986	20
-0.05699571322313	0.80538119051126	20
-0.0561859561964899	1.09055170640278	124
-0.0575919947780299	0.559723883081557	1767
-0.06127931056037	0.806680571837832	664
0.0676074621796901	1.18323372687493	1331
-0.05825797222393	0.560915030422003	1767
-0.06339879997311	0.559087917942227	1767
-0.0575919947780299	0.559723883081557	206
-0.06255358443277	0.803137043661489	664
-0.0580926173880501	0.56070230461001	1767
-0.0513288946860799	1.08092012055097	51
-0.01669006340979	1.57061760226277	20
-0.06557415620644	0.796899586410417	664
-0.0619428386301499	0.787243962671043	51
0.0640235159390601	1.18203335772172	196
-0.0552571448088	0.55650722237525	20
-0.0580926173880501	0.56070230461001	51
-0.05492771745748	1.09172838809886	20
-0.07011229760323	0.557632526067434	20
0.07192441523205	1.15917129675287	20
-0.05825797222393	0.560915030422003	394
0.0967656749783701	0.883998356120159	325
-0.0587574706918601	0.561897601836786	20
0.0894126819999199	0.883935620190778	20
0.0831462695621601	0.874153519998748	149
-0.0592573014063	0.560959739167039	764
-0.0575919947780299	0.559723883081557	315
-0.05709170507295	0.555548176040839	1331
-0.0580926173880501	0.56070230461001	196
-0.05475324561414	0.552382251224157	797
-0.0587574706918601	0.561897601836786	394
0.0948177201973299	0.877970481426848	20
-0.06273532022615	0.557911133428662	149
-0.07849268577436	1.97363899250948	1331
0.0863670085433099	2.28787366031841	1331
0.0646160126256801	1.42633882395986	20
-0.09875192956482	1.77386695948759	20
-0.07349603174435	1.9749479199804	1331
-0.00971660729244994	1.80342622419993	20
-0.05630384437353	0.796832001762128	149
-0.0487508171083	2.09536222739855	20
-0.0585935731985401	0.559769753604985	797
0.0898704236815899	0.883358461051643	48
-0.0632432975603801	0.561504402611844	797
-0.0575919947780299	0.559723883081557	797
0.0800202302245801	1.9562376046746	48
-0.06186458844142	0.809327081936404	20
0.10282056949838	0.863007607141833	325
-0.10662143685361	1.77794302266815	20
0.0719461696871699	1.16577656748307	20
0.07721399661592	1.9729585340188	48
0.0528887955553601	1.16327772890938	51
-0.05709170507295	0.555548176040839	20
0.0855313329867	2.47383617044594	20
0.0728255462935099	1.62709630744082	927
-0.05630384437353	0.796832001762128	20
-0.0385394695330601	2.30951203079945	51
-0.06390564122763	0.562697971919826	51
-0.0746785964552901	0.552579334974477	20
-0.05775880570834	0.55671962166184	20
-0.05825797222393	0.560915030422003	292
-0.0242991202871401	1.60868692063389	51
0.0670957525546601	1.18247648335051	51
0.122542508178	2.18750181002141	20
-0.05825797222393	0.560915030422003	797
-0.05709170507295	0.555548176040839	48
-0.06390564122763	0.562697971919826	51
-0.0587574706918601	0.561897601836786	20
-0.0649203401319201	0.559395208329293	20
-0.0585935731985401	0.559769753604985	167
0.0929477104454399	0.878617943695821	167
-0.05827146507443	0.800664919137366	325
-0.0605909879687701	0.798147024269196	48
-0.0562659518403901	0.556556003824154	48
-0.0619718887954701	1.07877458295063	53
-0.0552571448088	0.55650722237525	20
0.01248894241683	2.31706494186694	20
-0.0156905930264	1.55864197467599	292
0.0948748377050599	0.888536229249687	292
-0.06441282117933	0.562758252373258	648
-0.0592573014063	0.560959739167039	797
0.0670957525546601	1.18247648335051	20
-0.05825797222393	0.560915030422003	292
-0.0576884013085801	0.799241607063026	292
-0.0552571448088	0.55650722237525	797
-0.0568872225577799	0.798248303577294	797
-0.06339879997311	0.559087917942227	48
-0.0581623907276401	0.806953138795292	48
-0.0585935731985401	0.559769753604985	797
-0.05757893406072	0.80682923037613	1595
-0.04976990825585	1.05990121167962	1595
0.06381714448661	1.63409716582511	112
0.09615166870762	0.88534687521002	1595
-0.0580926173880501	0.56070230461001	48
-0.05775880570834	0.55671962166184	20
-0.0452787085101101	1.37852806364338	424
0.09626658379625	0.884107648095813	48
0.0935888416842501	0.874846892773763	48
-0.0465786896840199	1.37704213711609	1595
-0.0589105532891501	0.799957852074621	48
0.12208327859563	2.47602519393234	51
-0.0580926173880501	0.56070230461001	325
-0.06208816035098	1.07840311148328	325
-0.0548098590739301	1.09006071713355	48
0.07055528177211	1.41596596856545	167
0.00247079453335997	1.78306686164003	167
0.07340177982852	1.16875695338162	167
0.07969782831229	2.13124092049929	167
-0.06390564122763	0.562697971919826	1595
-0.09062176112525	2.46448455275356	112
0.0625365554636199	1.17193334961991	112
0.0700059064751899	1.16833142380404	112
0.0984385120254501	0.875800383795189	1595
-0.11293102454942	2.31312615231918	20
-0.113261772434	2.30738919845741	112
-0.0164107609769499	1.59037253348244	112
0.0963947773631999	0.873447531439116	112
-0.10241017312954	1.76177286969425	1595
0.0974921311836501	0.882574176025044	20
-0.0520732554121299	1.07104940312036	167
-0.06390564122763	0.562697971919826	20
0.0925883809885899	0.891864198931823	167
0.09492279937884	0.884573792322449	20
-0.0575919947780299	0.559723883081557	20
-0.0568872225577799	0.798248303577294	112
-0.0552571448088	0.55650722237525	112
-0.06273532022615	0.557911133428662	48
-0.0580926173880501	0.56070230461001	244
-0.05429905683885	1.09003813348802	244
-0.05775880570834	0.55671962166184	20
-0.0552571448088	0.55650722237525	20
-0.06133637181195	1.07666240068884	112
-0.0605909879687701	0.798147024269196	244
0.09492279937884	0.884573792322449	48
-0.05700863206035	2.12963514456754	51
-0.0330499922322101	2.31353918160086	106
-0.05710557309591	0.796235475830016	48
-0.05355158483351	1.08820367652687	20
-0.0421076117091299	1.37148214874072	1595
-0.0580926173880501	0.56070230461001	48
0.0807455076499399	2.13253658993552	20
-0.0654769151516801	0.794185585065014	53
0.06432718959107	1.42435589010306	167
-0.04288153053262	1.37598463418028	167
-0.0498385039898299	1.06653664874248	48
0.0991790373188799	0.881146505282554	167
-0.0117959489176001	1.56592403345214	167
0.0981044593999001	0.879947844463105	244
0.0672529970461999	1.40673507129039	139
-0.0587574706918601	0.561897601836786	106
-0.09105901408892	2.4704121293836	112
-0.0585935731985401	0.559769753604985	48
-0.0576884013085801	0.799241607063026	48
-0.06245010376956	0.810228431329491	48
-0.06339879997311	0.559087917942227	139
0.0699747441796901	1.41533814630873	483
0.09611018763242	0.888142200810888	167
-0.0587574706918601	0.561897601836786	244
-0.0632432975603801	0.561504402611844	20
-0.05757893406072	0.80682923037613	112
0.000684992061579903	1.77034179274033	139
0.0918450172060601	0.893314318795079	112
0.0700869320430899	1.81182600198583	112
0.0956177623433001	0.881263952007931	48
-0.0377416273867499	1.35973044729279	112
-0.0562659518403901	0.556556003824154	48
0.0166108805035099	2.14666086746545	167
-0.0500152507351801	1.07609956258815	106
0.0671179496196399	1.43173970504603	48
0.09307630923937	0.890207112905487	410
0.09979334463935	0.88095507390781	48
0.0960454566295199	0.876452262287437	53
-0.0710594072422	0.79508966440019	244
0.0608614821559399	1.15144048229774	823
-0.0585935731985401	0.559769753604985	48
-0.0529229064938099	1.08483607213001	410
0.06672680956335	1.16872179797069	823
0.0709199718153499	1.62062237429371	1250
0.0973443340054401	0.881895082056193	48
0.0698753029702901	1.62458044034928	410
0.09615166870762	0.88534687521002	48
-0.0534514343307899	0.793053630190549	410
-0.0583248214351899	0.797373230895649	48
-0.0533443976582899	0.795369497867981	139
0.0703449346285101	1.15823985491001	410
0.0247392521204199	2.3156354649464	112
-0.04145740944411	1.36714157222204	1250
-0.04191753528396	1.37516333375772	410
-0.0594965229320099	0.800842126394733	167
-0.0661615035982701	0.802560420408552	48
-0.06255358443277	0.803137043661489	112
0.06310065906344	1.42125015594229	1250
-0.0431192094617101	1.0473006288344	112
0.06897763173769	1.62520759420629	167
-0.0580926173880501	0.56070230461001	400
0.0785757205839801	1.77929175677157	167
-0.06313894146376	0.804024692341469	48
-0.0427581038416101	1.37405062786775	167
-0.05805468688789	0.7972193409852	48
-0.0430300660029499	1.36707468666088	48
-0.05709170507295	0.555548176040839	1250
0.0727786286814101	2.31019628586757	112
-0.0661615035982701	0.802560420408552	48
0.12361803346828	2.34113312575904	112
0.08830091110014	0.888014692548757	48
-0.0592573014063	0.560959739167039	48
-0.0660646613373601	0.796194619354754	112
-0.05355158483351	1.08820367652687	48
-0.0580926173880501	0.56070230461001	48
0.07425585627442	1.62609515904355	48
-0.05747083666982	0.798374988609893	167
-0.0587574706918601	0.561897601836786	112
-0.06375161456735	0.56156516596452	112
-0.06441282117933	0.562758252373258	112
-0.06303585672473	0.809603260887761	112
-0.05709170507295	0.555548176040839	1713
-0.0592573014063	0.560959739167039	1713
0.0973793959628599	0.881363217297301	51
-0.05709170507295	0.555548176040839	112
-0.05943829997728	0.799626658946117	48
-0.06441282117933	0.562758252373258	1713
-0.05825797222393	0.560915030422003	48
-0.06070116605729	1.07222198148454	53
-0.0575919947780299	0.559723883081557	139
-0.0575919947780299	0.559723883081557	51
-0.0667490900696299	0.804616262588924	51
-0.0632432975603801	0.561504402611844	20
-0.06441282117933	0.562758252373258	112
-0.06375161456735	0.56156516596452	48
-0.0552571448088	0.55650722237525	48
-0.06196846474958	0.800539403570881	51
-0.06743436344267	0.798552113469841	51
-0.05775880570834	0.55671962166184	114
-0.0619428386301499	0.787243962671043	20
-0.05441793760665	1.07666789837083	51
0.0939488017093799	0.881142045557228	102
-0.0589105532891501	0.799957852074621	48
0.0924608129978299	0.892462503811019	1535
-0.06186458844142	0.809327081936404	51
-0.0585935731985401	0.559769753604985	114
-0.0638019590143	0.795428464571991	102
-0.0613835822345199	0.794461999900832	139
-0.05475324561414	0.552382251224157	167
-0.0557613801175401	0.55747490290022	1741
-0.06441282117933	0.562758252373258	1535
-0.0552571448088	0.55650722237525	139
-0.0575919947780299	0.559723883081557	410
-0.05825797222393	0.560915030422003	410
-0.05641272803696	0.802317919916879	167
-0.0575919947780299	0.559723883081557	320
-0.0606691763055201	0.797957010349041	114
-0.06390564122763	0.562697971919826	167
-0.0661615035982701	0.802560420408552	139
-0.06625974834844	0.790979499924398	114
-0.05709170507295	0.555548176040839	48
-0.0575919947780299	0.559723883081557	114
-0.0568872225577799	0.798248303577294	320
-0.0565010268777699	1.07828862188434	114
-0.06557415620644	0.796899586410417	114
0.0932045156032699	0.891014073465948	114
-0.0654769151516801	0.794185585065014	114
-0.0585935731985401	0.559769753604985	48
-0.06091317868299	0.558273794061398	48
0.0917176937711299	0.884775202112427	48
0.09626658379625	0.884107648095813	48
-0.07487335561564	1.96627739958661	139
-0.02493543625227	1.60964356389409	139
-0.0576884013085801	0.799241607063026	48
0.11736965321853	2.16571023005118	48
-0.05825797222393	0.560915030422003	114
-0.05677086027798	0.552634765693309	167
-0.05058397754988	1.07910686271551	114
0.06681555707194	1.15486736023919	943
-0.06665264688405	0.796348298176952	48
0.0924608129978299	0.892462503811019	48
-0.01968581581658	1.60791251403758	114
-0.05641272803696	0.802317919916879	48
-0.0597788090621201	1.08830650774593	48
0.072666534953	1.61370439676207	48
-0.0580926173880501	0.56070230461001	114
-0.0585935731985401	0.559769753604985	48
0.09685379271826	0.880865937112113	48
0.07051099370045	1.38553054698616	48
0.06561331758442	1.18034337103039	33
0.0675001253401499	1.41000566909891	48
0.07052413312055	1.16748438631311	48
-0.05825797222393	0.560915030422003	33
0.11907332385762	2.02253598785427	51
-0.0632432975603801	0.561504402611844	114
-0.06313894146376	0.804024692341469	48
0.08827488037808	0.870643359034439	33
0.0973793959628599	0.881363217297301	51
-0.0537902105718999	1.07122308132451	51
-0.06908271697126	0.55731283965856	51
0.09369278611678	0.878425984054177	48
-0.0661615035982701	0.802560420408552	51
-0.04704302991689	1.06706030188204	48
0.0918450172060601	0.893314318795079	48
0.09307630923937	0.890207112905487	48
-0.0166405311354201	1.59926932478887	33
0.07018891764994	1.16164038066623	33
0.07534295762744	1.16215533611517	51
0.0967274111379	0.885899725807447	114
0.06737489533241	1.16561201318059	887
0.06965886666022	1.17301786701097	33
0.01050181373795	1.95476793912209	33
-0.0499867110399499	1.35896586748673	114
-0.05914642215773	1.08896498486382	33
0.06835555954402	1.62931778568914	51
0.0691087094829701	1.38572664475687	114
-0.0576884013085801	0.799241607063026	167
-0.06441282117933	0.562758252373258	48
-0.0689386729300101	0.558791267387197	51
0.0605085308744	1.17940607708482	51
-0.05492771745748	1.09172838809886	114
-0.0452805548048301	1.0637561729675	48
-0.06733691580149	0.804767911171858	48
0.08830091110014	0.888014692548757	48
-0.0568872225577799	0.798248303577294	48
0.0974921311836501	0.882574176025044	33
0.0847654753256799	0.870104356679575	33
0.0917176937711299	0.884775202112427	48
-0.0600827305441101	0.800239184590905	48
-0.06273532022615	0.557911133428662	48
0.0997471727974199	0.869805308496727	51
-0.0534514343307899	0.793053630190549	114
0.09615166870762	0.88534687521002	48
0.02826144584016	2.11900658001479	114
-0.0970359868767801	1.75218312610177	48
-0.0382750848961499	2.3185317042431	51
-0.0257047383968201	2.25133549280095	48
-0.0213571294974799	2.47429203771839	48
0.12320298395351	2.18828631914727	33
-0.07370691064654	1.98689587853765	33
-0.0661615035982701	0.802560420408552	48
-0.05757893406072	0.80682923037613	33
0.07429555250969	1.39147479709109	48
0.11926447496959	2.32782951376734	48
0.08718276783016	1.93445435082999	48
-0.11103382230832	1.77960361830387	33
0.0731887687427799	2.00189823356849	33
0.0737699007641699	1.82195529262695	114
0.0708827216941701	1.61929897935482	33
-0.05825797222393	0.560915030422003	325
-0.05775880570834	0.55671962166184	167
-0.0562659518403901	0.556556003824154	48
0.07459433895184	1.80098576804326	61
-0.0587574706918601	0.561897601836786	167
-0.0552571448088	0.55650722237525	63
0.0976215965001399	0.874183469222252	61
-0.0575919947780299	0.559723883081557	48
0.12281356851033	2.48080046206863	48
0.09871649095924	0.875653793451741	48
-0.0661615035982701	0.802560420408552	63
0.0886669780772	0.87645249845436	48
-0.05304265183332	1.08109324621671	48
-0.06441282117933	0.562758252373258	63
-0.0704697370518701	0.790107908236922	48
-0.04995809935378	1.07827884800341	61
-0.0587574706918601	0.561897601836786	48
-0.0592022673302699	1.07649404627717	61
-0.0731113368102001	1.9312480837616	48
-0.0507033398455301	1.08009050264048	48
-0.0632432975603801	0.561504402611844	395
-0.05757893406072	0.80682923037613	48
-0.06441282117933	0.562758252373258	48
0.06619533020643	1.62799853698085	48
-0.0557613801175401	0.55747490290022	48
0.07582821982005	1.1407279872427	395
0.06443026377862	1.42170031047796	61
-0.06908271697126	0.55731283965856	395
-0.06390564122763	0.562697971919826	395
-0.0684229062261199	0.556155440841019	114
-0.0575919947780299	0.559723883081557	395
-0.0536707017153699	1.08666067233861	274
-0.0453458193815599	1.04376227957891	114
-0.10645609359446	1.78977242866257	61
0.07027862571316	2.32312262788227	274
0.09615166870762	0.88534687521002	61
-0.0587574706918601	0.561897601836786	274
0.0120973992539699	1.98020063616243	274
-0.05825797222393	0.560915030422003	395
-0.05709170507295	0.555548176040839	395
-0.05355158483351	1.08820367652687	395
-0.06390564122763	0.562697971919826	114
-0.0684229062261199	0.556155440841019	395
-0.0614251527527401	0.558335815847276	274
-0.05630384437353	0.796832001762128	395
0.09626658379625	0.884107648095813	395
-0.10214606637885	1.79704404561532	274
-0.0513927048834399	1.0872007947047	114
-0.05641272803696	0.802317919916879	395
-0.0435979419347201	1.36057307540602	395
-0.06273532022615	0.557911133428662	693
-0.1124051142439	2.33047950423328	274
-0.0552571448088	0.55650722237525	693
0.0680226900076999	1.16075726339655	274
0.0605085308744	1.17940607708482	274
-0.0433307913430401	1.36690083868208	274
0.09307630923937	0.890207112905487	274
-0.0500780879126901	1.07788987704613	170
-0.0544680771141599	1.06879850158878	170
-0.0587460834020599	0.805760443869497	170
-0.0557613801175401	0.55747490290022	170
0.09307630923937	0.890207112905487	170
0.0370835250866499	2.20726926656426	61
0.0659746580398	1.42040299689561	274
-0.0587574706918601	0.561897601836786	61
-0.0515089434996701	1.0783443832774	61
-0.06339879997311	0.559087917942227	61
-0.06390564122763	0.562697971919826	61
-0.0575919947780299	0.559723883081557	61
-0.06908271697126	0.55731283965856	61
-0.06390564122763	0.562697971919826	61
-0.0580926173880501	0.56070230461001	61
-0.0632432975603801	0.561504402611844	61
-0.05699571322313	0.80538119051126	61
-0.05757893406072	0.80682923037613	61
-0.0689386729300101	0.558791267387197	61
-0.0587574706918601	0.561897601836786	61
-0.06339879997311	0.559087917942227	61
-0.0562659518403901	0.556556003824154	61
-0.05827146507443	0.800664919137366	167
-0.0587574706918601	0.561897601836786	303
