x	y
-0.289967108781604	0.223810954973738
-0.637494428805999	0.721548734305899
-0.123810995269591	0.0952314227044594
-0.122865561456007	0.105633383175059
0.0128018665331806	0.00827712126111406
-0.640839624651636	0.620262504286592
-0.434575345206319	0.385444347943889
-1.1137871064789	1.44717072346046
-1.35908836011295	1.65087675857677
-0.274097898955338	0.234848391804903
0.502431524495856	0.661094301567509
0.538201702802902	0.553664350265096
0.201270515814259	0.178257770687402
0.557766789235652	0.546896178379362
-0.047239922418176	0.0337024799307494
-0.109806121671236	0.085500948632247
-0.0233162781026786	0.0169451075171073
0.014785619848078	0.00967555815097537
-0.0618645679488358	0.0434166807322175
-0.0345512006011046	0.025094607236299
-0.733486093386634	0.859361058191883
-0.216598685821089	0.190625659588726
0.207125568252781	0.160176998971237
0.122967165469552	0.101278826442271
-0.98708929691319	1.18533088893916
-0.290767533963813	0.223055912887551
-0.551086579559563	0.554906201051987
0.118145403936285	0.0812263184813425
-0.151072361528048	0.111753125910879
-0.793325321077862	0.758607302409779
-0.270615479314677	0.331729702475245
-0.203251944428544	0.162379454094373
0.776873272380421	0.839156595743318
-0.142411998545465	0.0916996220387725
0.0137828011097801	0.00898446565131013
-0.801300218315801	0.926088092753056
0.06548877029083	0.0532134942855358
-0.201816272270785	0.182527156073555
-0.0542934134229969	0.0435728318861324
0.644031632439399	0.752455983774792
-0.0295955558221072	0.0215465864271326
-0.418689133212382	0.431628128267225
0.485801551672043	0.454278151402776
-0.746273729886176	1.00213378983506
0.125451470629627	0.0926221858844069
0.286506493755629	0.2457121850796
0.482941923435179	0.519579566221932
-0.131987996462013	0.0995694314254374
-0.088282167216105	0.0594905109010798
0.205099363874311	0.163482074232255
-0.270279596641573	0.254199653976982
-0.636752284377477	0.585204775790687
-0.157315116018193	0.157630421173358
-0.00476582058847941	0.00361493449728052
-0.739334660673091	0.816650171311632
0.0185723127421214	0.0126096563764214
-0.306787967837402	0.260949516630231
-0.290017675324353	0.221893211879575
-0.386190074107837	0.379636668929745
-0.0146047023769091	0.0108954714919266
-0.268900309223006	0.183924847104922
-0.375366428050523	0.310742101348302
-0.437604443515841	0.448129764530063
0.24996032581678	0.278807146308375
-0.545655661800281	0.687838856224906
-0.00308776881702297	0.00272244366715562
-0.449477236116363	0.515173708812308
-0.281035378853303	0.266049213511608
-0.413451045386213	0.402393476475045
0.120887081617927	0.0893047475216388
-0.72880699334443	0.806268326923683
0.0485084362851594	0.0512657008683469
-0.496893058668354	0.53915272500097
0.313661180045079	0.254570188827198
-0.0496315248632015	0.0355393471011912
-0.134600187151621	0.101455768525682
-0.0764161045959174	0.0528313513263048
-0.573923393677413	0.306196740900234
-0.112729521389987	0.0745079260258709
-0.0424886437102295	0.0241624626157877
0.872417996965757	0.784374734390764
-1.02870029724847	1.0917259079688
0.961266601600085	1.13567808309774
0.606523641311647	0.86349518519278
-0.0310875628066779	0.0279725821230124
0.290813841543106	0.344704451891206
-0.178818705746588	0.175955831717126
0.0204197157910318	0.0135934118667172
-0.0860828109633708	0.0830272949683898
0.320834699692589	0.343935633039375
-0.357297794027539	0.398596887685986
-0.987418172041092	1.18295391368884
0.0232990799810572	0.0157487744139458
0.111540467089284	0.107800111814788
-0.134976717016689	0.134359297219411
-0.909623904455547	1.0953080533023
-0.0444059687387681	0.0504402210615793
0.200095535548464	0.215152785395319
-0.491407021273152	0.62544412840487
0.514227320597847	0.596159135386498
0.280471993290281	0.238360083611653
-0.56288305718771	0.645629489126073
-0.268254252629194	0.250688516340993
-0.282548617323577	0.0934288649662158
-0.685318111135782	0.335807454956406
-0.585877818356566	0.223213871776721
-0.877380459388263	0.676916002795485
-0.515200595401245	0.400455998606952
0.122003037833933	0.0955664497291772
0.651866940232219	0.679084080293853
0.543972186533114	0.470275623816162
0.355537460063023	0.247358583477701
0.000801835576732755	0.000436716460979382
-0.0854927717935299	0.0819887633300358
-0.187588039130063	0.211272317898403
-0.0279620832066816	0.0256785492561191
-0.857693997344285	1.48373688316143
0.20850432297933	0.254113211409593
0.473030209660329	0.667208132990648
-0.117043451818633	0.127511102490953
-0.19912964471834	0.22204358174941
-0.718874897044505	1.24526463843964
-0.476984492155039	0.578865446054896
0.0523175352782669	0.0389641674961108
-0.0577997268665193	0.0405355101640847
0.33849907353918	0.33163582907682
-0.0103350280000752	0.00873831427054483
-0.15513888949495	0.141487784945324
-0.236494080047157	0.188071952455306
0.428442213412138	0.683426545701311
1.26176618425089	2.30931813233641
0.369174173810471	0.418687469986676
0.480420783410414	0.588224961642256
0.333049133078279	0.335802924841459
-0.198069560228018	0.219129680002125
0.036828594160624	0.0324900611727976
-0.512752721390418	0.587992142886148
-0.217002575266637	0.0794465275579155
-0.460676212732542	0.193654463525086
-1.31329261488489	0.989509642701979
-1.35764072853502	1.64071153911813
-0.671586477834707	0.495255704172538
0.0926421583093388	0.0580560583496018
0.295043289986878	0.236991588168892
0.187104311739114	0.174981436092975
-0.474156531600952	0.444424003809561
1.04339993735002	0.972263615160378
0.670160281477691	0.592569548171113
-0.542822302517053	0.58610570322129
0.380876958453979	0.512707904574578
0.367326856492143	0.510594817713822
-0.187049967400671	0.222181593201785
-0.477156198745223	0.633133439893706
-0.206596965852244	0.276097387284712
-0.415519312739696	0.589859339690996
0.156040018029057	0.176249058768895
-0.387466338421497	0.529169894526356
-0.324160494248308	0.365058880001572
-0.272501191909006	0.294853880862043
-0.171140777522817	0.154749868099364
-0.53924343083618	0.508241795622505
0.141066800177628	0.123584199483021
-0.02036859205197	0.0190064372838607
0.0423861289840229	0.0374198977845963
-0.422309122293583	0.709770466308867
0.205508463946246	0.220997818283678
0.101985507661047	0.0933938620678276
-0.0386201310645893	0.0322647615387796
-0.1703285836511	0.164915296063209
-0.00940752240001179	0.0080448309083332
-0.0669565417127481	0.0540655873194997
-0.379179668423718	0.445177769715996
-0.780621338588044	0.27365972431568
1.31256020198258	0.95132964250623
-2.57584548566592	0.689261699424094
-2.3422875092253	1.19148966404367
-0.764750065526569	0.539899563100808
0.325269880649155	0.247355708784758
-0.427405645205166	0.260168485496466
-0.425432213787288	0.307914224356055
0.122177035923008	0.090073791254741
-0.07088473349418	0.0488579228097335
0.0175295248800894	0.0118519852236044
-0.158618954110733	0.0989535566027315
0.762578937697672	0.734403158775239
0.382293227279643	0.433861465817348
0.345291452438035	0.434421767482339
-0.0714691547135203	0.0724320098697298
-0.060340448160599	0.0594021114135369
0.321505710037384	0.349757415886179
0.116454549939502	0.114249494688699
1.072957384719	1.70960095554302
-0.525662804820549	0.672584622074327
-0.230401472175763	0.239252235923721
-0.266637587745629	0.249818371140101
0.0160868966761991	0.0104626565266128
-0.430495037057983	0.47296770817761
-0.139224684828787	0.129961665523385
-0.135063045886245	0.110900784710591
0.193242762054766	0.183670572084287
-0.441426680931211	0.490168923018454
-0.329532242545199	0.16596804707202
0.518390610360372	0.253322463263002
0.374694297984096	0.146326663408155
0.749820743140374	0.305103989441613
-0.612478581538362	0.512644019582882
0.273825617929722	0.129190714379884
0.213802786930983	0.142072703426127
-0.592728731552821	0.450030515935945
-0.217269751852718	0.175043104994278
0.667728471312566	0.602375645784069
0.491562580550332	0.361777160333643
-0.245679405307793	0.171429969240302
0.288528610535348	0.251587553688672
-0.425117173717225	0.550044108625683
0.14763360235718	0.144370818989922
-0.191070930305805	0.215183941105069
-0.221046642700675	0.196627991241038
-0.187665223451127	0.210563797231484
-0.30749929407464	0.38899235390925
-0.388961824857835	0.46163223016565
-0.373072338029176	0.446797674366838
-0.596791000814634	0.679367761972197
-0.789354803540316	0.753935420383597
-0.11117228764695	0.0969142401062075
0.0688855762692862	0.0254633538895808
-0.113437569517185	0.0545902546264895
-0.0427904714371275	0.0242560766548131
0.102199717097968	0.0694818942214082
0.00117845894166026	0.000525553631056469
0.564718524431107	0.363774237644506
-0.380777530909327	0.314153776288323
1.00786001100558	1.44049479849715
-0.07831037431503	0.0634072069164869
-0.156438466138728	0.116165580981782
0.216162968914367	0.150432645976608
0.221830254967423	0.139721758686655
0.145770447017442	0.133921113603551
-0.108088667846967	0.125041130509766
-0.197123955278338	0.232297174730062
-0.0248383983749455	0.0251714504961505
0.241734525602339	0.302729527581504
-0.241820013459396	0.310119956158182
-0.0234607323557646	0.0235024635335023
-0.505376602003582	0.807294665429283
-0.149188467833274	0.1386330906526
-0.54980370472225	0.367765814999172
0.565384499286095	0.367330607899114
0.816051109651034	0.63517928798391
-0.700860618222814	0.620540003112739
-0.370913092391514	0.274215412236323
0.757280137431237	0.728235794091891
-0.0640861150664667	0.0448024211274718
-0.673839611063449	0.746960423841522
-0.0622650926710501	0.0433477809282956
0.293827369588776	0.25188943637351
0.0540707741229559	0.0391788777344381
-0.216117865838052	0.174442351249456
0.419582116361199	0.582114617526292
-0.477173639186483	0.672036762070446
-0.400208618460299	0.544215689830774
0.3557856484484	0.506519438472222
0.51852097120423	0.678346388121888
0.126719804231929	0.145261233721414
0.810710432553485	1.183998592811
-0.249686079214375	0.274903985601917
0.00193697084817296	0.00154510654194442
0.245739614762613	0.277801644041996
-0.168006614667016	0.16680991485816
-0.47338269106444	0.376957179073724
-0.572947418261421	0.303056548378124
-0.635127874492881	0.407500977765876
0.291398473899834	0.248955362446895
-0.328832384548627	0.305980900944142
-0.727875549777827	0.763038970422024
0.300527841929918	0.239525454458826
0.447466166193584	0.422901647142334
0.282910313038213	0.255756324408563
-0.495353159984221	0.538231751543408
-0.636922655316899	0.712636641493168
-0.72655967813052	0.732071054749024
-0.215613342232906	0.208742152164585
0.245893185928614	0.311431035811407
-0.566555573903801	0.852964029482272
-0.178445158969327	0.190100124064945
0.0039161738047484	0.00353528370535647
-0.284741478614934	0.348428801604874
0.465017810331703	0.764319728836262
-0.168196504911258	0.17806991499288
-0.385209074750056	0.431165567074433
0.154015899045639	0.15065620522559
-0.160604505625196	0.157342988731189
-0.12948518888625	0.119646711964671
-0.427637448974221	0.497972326448114
-0.469119502299956	0.199881428567635
0.105994251183703	0.0745445900437952
0.0105717890877514	0.00649387593009184
-0.0394268378014351	0.0280516341469761
0.558966578909402	0.558522115701855
-0.104023662707887	0.0808434043458748
0.433025761218517	0.420154936620169
0.193633608043763	0.175268450999066
0.124038922259384	0.0966067827050761
0.0779285730444494	0.0624932679915432
-0.338356090706224	0.337608246452887
0.525280562087441	0.742124298544305
0.292588814552871	0.3556009927719
0.318726011695257	0.349627354048256
0.0107403332452451	0.00976314761094112
-0.282579107397117	0.285474235555123
-0.208163825294518	0.19979544905217
0.228910947860562	0.266649920007136
0.307185080994096	0.34995013870785
-0.386323871620849	0.453290402423173
0.273847848180243	0.266970933831013
-0.313439678726761	0.334894330000598
-0.28544794950817	0.287581882878343
-0.392235251838488	0.385472174388758
-0.128138290879673	0.110320623702813
-0.878052160748737	0.579667362800595
-0.354713549783356	0.324206449279236
0.355726137428293	0.324036561804503
-0.543060301567479	0.461177995319399
0.53134489114291	0.544679193139344
-0.107891947622944	0.0841452560862136
0.040684106985518	0.0358932979065195
-0.273107265748232	0.231847472170626
-0.300676914062991	0.281856227788148
0.201005358484949	0.159573652852581
0.740649596495015	0.817331155056151
-0.137555899698695	0.137840295207168
0.313489339249048	0.445297442162213
0.113707961558917	0.122160507983169
0.0115258246399173	0.00927184847292125
0.239329377728329	0.256934088668403
0.404650798342449	0.588861807874406
-0.491579950480548	0.672977584679394
0.438404513042827	0.503018597914214
-0.175494900142618	0.161797634163644
0.323659750374458	0.340270307008717
0.153555657668787	0.165268200670343
-0.114895431073546	0.0980640937708929
0.200155013391995	0.211532651755864
0.31288149565049	0.314784588950365
-0.467150103896035	0.541790634334153
-0.203602485265128	0.209594354330756
-0.439832315026973	0.419567685361998
0.137200391449947	0.122299254534977
-0.668801664980595	0.873057457691765
0.341671916534584	0.346609254942757
-0.675327518205247	0.91393862025627
0.14064082156014	0.127233571472045
0.282442212413058	0.387741368028973
-0.0748629486727383	0.0731536729591577
-0.0415169669021177	0.0443295225774442
0.207980296143732	0.184752113769853
0.86561842051934	1.15690816361381
1.23617666344756	1.57323627681466
-0.405091462840898	0.416962146669731
-0.104335244635436	0.0812032570321693
-0.153170471954392	0.113791694372675
0.0485662992150918	0.0351384990017071
0.341453214153842	0.328294381358162
-0.38270569347311	0.374513927162885
-0.0459985125837771	0.0328997052953537
0.21152669702674	0.169042151306032
0.435838646343428	0.440695235202906
-0.578121436053894	0.537384563728445
-0.444556643107182	0.426266155898532
-0.0755478634486025	0.0798463123331248
-0.0157421130182333	0.0161083494565148
0.115752777790594	0.0871827116937
0.292223741442162	0.384275341203346
0.564796756068794	0.631036335516748
-0.168673234138532	0.15157697018479
0.511754422915363	0.685764399824304
-0.556906860339675	0.803782470859006
-0.384824407169896	0.731224909184941
-0.077731288854643	0.088816323025736
-0.267331549915389	0.365026809851601
-0.139017811840861	0.062053296972884
-1.04895918430089	0.524213704112304
0.418612381816822	0.242485974749769
2.98623239618573	2.10563454933316
-0.709576985063049	0.685081840892237
0.350607620983565	0.244804442428514
0.827227941132473	0.429558706524943
0.414983819050146	0.242234949435056
1.45562616232801	1.14674626349849
-0.0646721822796877	0.0351525971793952
-0.121697067779357	0.0586658035268033
-0.143927332792156	0.0641786889976262
-0.265506107795914	0.325294600301541
-0.647309264490136	0.768679566474152
-0.876373926014509	0.757737866405671
-1.24402928653323	0.708800590608696
-1.16566845088931	0.353063396931639
-0.174419746386849	0.14449698046925
-0.983524168978853	1.54524209188008
-0.391760301520162	0.463317871384539
0.794438064212124	1.10263514088754
0.408130918028565	0.512015607134634
-0.505443331358999	0.617379416929631
0.250659100334438	0.249485159497046
-0.173002271105114	0.172545926552229
-0.293404696564954	0.331649071911225
0.0629096042853544	0.0606204050240078
0.357098915063974	0.518719763902524
-0.257262200198834	0.294504750102589
0.452823359507225	0.447106155074994
-0.314327654858199	0.266917984442466
-0.0877843427838569	0.0692918197792995
0.029204044802019	0.019738279541633
-0.91052448550162	1.09210596111878
0.294989632049353	0.252439490508739
0.112834040097102	0.0740460890071742
0.30990416057424	0.251072641410948
-0.318211007290587	0.290584504917144
0.132981300372012	0.103632328009712
-0.265972482190104	0.307513191105328
-1.10234939520225	1.89777133704018
-0.384047543396066	0.426378238683964
-0.646518355203597	0.407219878322445
-0.681690410472446	0.330035128277411
-0.385631480182645	0.180144804614879
-1.30746386043953	0.97839561785555
-0.120378259369219	0.0582713569675394
-1.03072855943554	0.62802085778204
-0.333085143976125	0.353647215914303
-0.0521121049685558	0.0416526561131486
-0.27282076709969	0.33122782787673
-0.236549816826861	0.262587183141673
-0.0949391975261711	0.0901553363386665
-0.196622661090115	0.231530145234203
-0.212875903817063	0.221069687897484
-0.234229903538606	0.243530280932573
0.29133919206159	0.324811299937293
-0.0269981605630042	0.0250947274095289
0.428317981015455	0.691413741787681
-0.251006445200734	0.374562131094773
0.278156407144469	0.381854192859761
0.21399560529074	0.174932775839667
0.119915109767179	0.0818788435122729
0.213147051079361	0.164644115850808
-0.779310813307163	0.685910901666201
0.712484752542861	0.702909267105
0.835923576275531	0.96120674057183
-1.20234505550827	1.54580203134128
-0.29195082664122	0.225962990545219
-0.337079309950354	0.333858111872129
-0.360018979834825	0.357583632140548
-0.115813965796372	0.0752373457352898
-0.470255537952433	0.374761165953667
-0.222276011167131	0.17432171731094
-0.120976471266264	0.113465025278798
-0.728226961935487	0.428829008336636
-0.874917348718458	0.755885310636935
0.163786424348353	0.0319491236824782
-0.963596190592174	1.34008622834518
-0.353786096005213	0.479982219535588
-1.02888050918647	1.66620988657543
-0.58667572507615	0.225552031540273
-0.483405214042726	0.277204021095547
-0.278243282963198	0.190233659874122
0.0736994723882903	0.0332030053445744
-0.280321014485851	0.0926837226912554
-0.329793087816201	0.168115822097351
0.0738507851640948	0.0272505991998173
-0.322285550638563	0.213244868195438
-1.05669029578144	0.533230191034513
-0.849724283616522	0.375576308550105
-1.31693118658286	0.984475656268179
0.460619462778398	0.352412959482136
-0.493239094735133	0.341515403729769
-0.541312521028765	0.581724974719567
-0.437550980474349	0.478951070039386
0.624274252140968	0.741062564753138
-0.16901453057527	0.1527587971065
0.424852063995651	0.494195548706693
-0.124774074970789	0.125614438734966
0.456883229476205	0.675729754557199
0.0293389893274714	0.0304092984452622
0.235442446094508	0.316777093173159
-0.720310612399649	1.07093426453912
-0.142204376764292	0.133578531270746
0.216233210587434	0.241670713926141
0.57433581997983	0.795701017166297
0.198343798996868	0.179879027446075
0.0193863706234294	0.0159372081750897
0.792230264628091	0.917939678830213
-0.753793623151778	1.07153208475569
0.272964934408271	0.271674798202444
-0.490345465771564	0.526065887224485
-0.413051022496268	0.39920251193594
-0.0454084479287307	0.0370747167595801
-0.228511410974435	0.181328836191208
0.0797070585545418	0.0669884252505131
-0.606631978138927	0.607522560864033
-0.168339053820828	0.139105847545173
-0.315912020836283	0.356699301450342
-0.788271717930834	0.916680666211732
-0.461235885307178	0.539101005326114
-0.377703211235001	0.39109687001757
-0.0592068110592142	0.0532432569164538
-0.223974653579167	0.276260931641898
-1.55392822682513	0.796784762760139
-1.13178314103421	0.903796521367081
-0.323227125671402	0.163269107872639
0.077917279305626	0.0413557027343525
-0.137749563190735	0.0612550401458666
-1.03169629754289	0.633829115935165
-0.223574805971743	0.0822999127273226
-0.685318111135782	0.335807454956406
-0.469715216658912	0.199557650721994
-0.639596283054735	0.156460136265019
-0.274622147891466	0.150344035663093
0.114565158353714	0.0787999908674969
-0.722639500392881	0.742902367666744
-0.673417967878746	0.493185789519814
-0.140840911509075	0.120141997631942
0.212149664594588	0.178787175704228
0.265862863470873	0.257363316086318
-0.176681574834951	0.160844430149498
0.0750974159641701	0.039969224113043
0.683922743796085	0.613875517837466
0.0512871378790465	0.047731066119854
0.108415544906632	0.118684992437021
-0.341989286141141	0.466515784547445
0.377676315404921	0.593367902466378
-0.473975660519269	0.683151511117991
-0.0840550507830985	0.0842916469056614
0.213737756565167	0.253533534228105
-0.499229350083904	0.700306392567954
0.085742213075401	0.074738671057379
-0.319572830541658	0.381110746359599
-0.609752145058505	0.985796046435664
0.031193832402165	0.0296139244060958
-0.0270522395126253	0.027017663377281
0.0597779458192512	0.0459093217604828
-0.143193664735205	0.145995320772092
-0.384172310347139	0.346236502086069
-0.547543015100261	0.546376906078622
-0.416199879153597	0.461268115381569
-0.0958245548522237	0.0649029193969548
-0.95646764140273	0.957241760137196
-1.78355593853231	0.415040398756502
-0.551736859927029	0.550746710849347
-0.227364349918417	0.217070590075513
0.57720082740411	0.56689530860518
-1.06475706970967	1.03897196110479
-0.200330034419456	0.141813239934482
-0.313291005814645	0.312000641469103
-0.419936449634981	0.254584752563023
-0.158547024558063	0.0986372253998998
0.0768986022346269	0.0281158143989615
-0.0671634298114091	0.0363261633075392
-0.354214685575204	0.223893430149489
-0.886619125325879	0.681594267446711
-0.54791917027358	0.371022556207983
-1.18671531865039	0.800750836072293
0.0743607510013469	0.0395607092733583
-0.329793087816201	0.168115822097351
0.374782002964809	0.146461898398813
1.42314513115208	0.464520674256509
-0.389314007007522	0.11306509974214
-0.214375843390194	0.0784579946951988
0.0824550112908889	0.0271452271987853
0.133271254304781	0.0330736858737192
-1.08736297473181	0.973578359043141
-0.207657314655187	0.146879943686734
0.421887827726995	0.247885663842244
-0.287939526786152	0.221386286282077
0.63316318458642	0.589637251996998
-0.791292526865774	0.917034519512937
0.0275857150394898	0.0186150522746839
-0.375846083312609	0.312172962871066
-0.614993407422306	0.517806022071657
-0.0792477593017081	0.0710341873124659
0.150806901157087	0.211726485969037
-0.736994867456081	1.55672682299914
-0.239112297617555	0.307625526173298
0.109466701646775	0.10518873386685
-0.100129392717151	0.117670110896976
-0.25140872615897	0.31329788216498
0.110107127166796	0.112096965509428
-0.740729370071143	1.35179576908136
-0.0384076039601662	0.0416486090357496
-0.0208127544923115	0.0198544303215051
-0.0505519100001541	0.0530445455699163
-0.634221735538312	1.02075184589053
-0.159678626369133	0.184835346043735
-0.707370322063804	0.96517977330253
0.0109680781945611	0.00714939900808004
-0.851560651409348	1.14987456203408
-0.563197119404636	0.746707845843545
1.15433176699195	1.16353131935455
0.268174891682346	0.266247800624161
-0.506605637301312	0.547066054268781
-0.2739472794183	0.148034777584074
0.0338101570338113	0.0237276185691305
-0.362723567726743	0.229860396887905
-0.595957333845649	0.453483001093116
-0.0859380202226622	0.0580028645463114
-0.319505132104624	0.161682495586319
-0.418138799063357	0.340315590190452
-0.274621280192125	0.148937830852535
-1.14289919496606	1.19628104767595
0.622421067634004	0.378992053877358
-1.67765517992814	1.9714739865801
-0.74505194311318	0.441576806810526
-2.57185252800851	0.693041972437165
-0.839447719081918	0.370728832745336
-2.84945725522752	1.91815822457975
-0.644689815674165	0.156669091829783
0.128910057410825	0.0317963252686502
-0.287135845984045	0.0943423798307996
0.13436303694843	0.0332886519978548
-0.3958347259145	0.114354399872093
1.97547028331465	0.493643388518992
-3.09193101813948	0.961049195592252
-1.04085640144066	1.36754093014914
-0.0901925405107913	0.0708588801542201
-0.508465894771463	0.619744374962681
-0.357998744200336	0.37807170862835
0.365398753536395	0.497514994593252
-0.621080097948323	0.784545174347005
-0.443754741187323	0.491093347848667
0.0682218852405897	0.0567720590079311
-0.163454908590385	0.19999015585182
0.309923273327835	0.50233556262889
-0.41070482921925	0.456005901621563
0.0229523562496602	0.0239888817933137
-0.389572325216404	0.533493128291112
0.236827237778534	0.294285424920802
0.770945168896486	1.30930014262543
0.464649782754337	0.59130856372053
-0.0646742427604415	0.0727942429716153
-0.068012283856143	0.0664400132295235
-0.420233979817462	0.614916205323816
0.14887075139186	0.184028635397337
-0.153938472164603	0.163653806370982
0.142512325688736	0.117654476073648
-0.693299332781242	1.09053063138083
-0.257773084157456	0.261856775817615
-0.515630305056724	0.695350362280079
-0.082970179091973	0.0733911787127351
0.579220721451009	0.804291600708979
-0.230866567796702	0.160699710603009
-1.78355593853231	0.415040398756502
0.135702569705971	0.12125447545408
-0.178448202163964	0.146752800878923
-0.800656215525221	1.02999558408517
0.400746151402123	0.430381295734856
-0.792769949814223	1.2563562328043
-1.05336701709835	0.531406571242799
0.669986271077451	0.606475680493577
-0.759288114266841	0.534982377803484
-0.54937749867752	0.367618675679469
0.0639728340230533	0.026277553793259
-0.125811324304327	0.0803207126452622
-0.325095726162008	0.166469772090329
-0.194611516640815	0.11764016343477
-0.136076163949553	0.101548354093078
-1.09849740549073	0.438434160734633
-3.77903324332789	1.50600997385697
0.459550027925536	0.249147396809247
0.526255239714853	0.260424728276403
-1.56193747009278	0.555035167785546
-0.389819593414635	0.113165790285367
0.46558528697238	0.162904562033637
0.13436303694843	0.0332886519978548
-2.12750939290167	0.984385150911106
-0.592437376001969	0.229396047045451
-1.55875747069186	0.561897601836786
-1.06964021228826	1.260002426743
-0.558850115949261	0.374954024855306
-0.755034030895459	0.924927774667603
0.325048907087601	0.342857554947862
0.206062360560459	0.153711585257057
0.28431650770899	0.250086487337721
-0.117575254000912	0.121315390199504
0.17921335776064	0.252697416078396
0.583894295627806	1.01124233278107
-0.135638846529429	0.171658994351557
-0.137720371396419	0.163269021842605
0.0256937614749626	0.0287432588063839
-0.120753978650454	0.146244969983505
0.0320120351653535	0.0311238599819113
-0.0494885555876302	0.0564933835873611
0.0926868806358183	0.110685269652595
-0.135449242722768	0.176068976281264
-0.257656759730788	0.304304690522091
-0.373274222997757	0.512038664127962
0.23159651238589	0.307977392700451
-0.366798741980776	0.457284197421893
-0.138709252815115	0.128672532606722
-0.191544142546314	0.215809098590884
-0.449710248716318	0.432206530316682
0.684543635490502	0.983067163221922
0.295835858069281	0.245983380289275
-1.78707841532115	0.414309017630871
-0.505580171313803	0.677918817269085
-0.417361912702219	0.431755377253455
-0.168023636455326	0.121202057023401
-1.13790259724433	1.18349746342444
0.542853049296779	0.468676543965287
-0.453211994933435	0.50241848915555
-0.527159290442782	0.627057855105032
-0.438610872173641	0.447903058590989
-1.53782625644316	1.35509694467984
-0.20502662749337	0.123415223435591
-0.325151709039025	0.165177350227353
0.109173080432478	0.0721452237358411
-0.783314445176054	0.696610317759308
-0.418000656031831	0.375896265173103
-0.0226855729441641	0.0133922780531712
0.301050596802132	0.242770220107221
0.0884244815257231	0.0497659837939572
0.225816443822221	0.141290589087794
0.0731210063051693	0.0383103759702075
0.101230426961354	0.0296586789627306
-0.3958347259145	0.114354399872093
0.165719814080059	0.032118911098423
-0.472846720266104	0.198634581184175
0.0792076816821391	0.0291169964217061
-0.639303808570113	0.155405266784039
-0.391112366168209	0.113694348973874
0.134141369892695	0.0329755067389848
2.06401739477547	0.902644344427815
1.42270583980072	0.464030812177167
-0.841289677047342	0.372404327111232
-0.448700391873162	0.629531670183001
-0.361607386578357	0.22950371958139
-0.68223439160977	0.765068784268853
-0.463146942791919	0.406467937600636
-0.568410578979068	0.520196578151117
0.0277228524455456	0.0187863132159373
-0.344090021114204	0.516895636416106
-0.0215498219185383	0.0215618647561721
-0.793378976368854	1.44163507957087
0.105936420910671	0.117903079576367
-0.0385587684546985	0.0393210118986866
-0.0453815267835299	0.0408647692518552
0.176254332959219	0.229340406118055
0.651277018424503	1.19803801418336
0.264895985589748	0.361460260339037
-0.0072925276181933	0.00735500068443868
-0.206310964965661	0.217608764573532
-0.168488965719566	0.167301392307711
-0.322076935046656	0.357080028664463
0.0926030479316867	0.085337907962368
-0.461122103760277	0.36674994081935
-0.342075016017959	0.330616951852132
-0.279448696261419	0.316766799857366
-0.0347752450239442	0.0291689889542825
0.423104884896901	0.424749833637996
0.317150190352901	0.331658483824405
-0.785792476496927	0.812883603255447
-1.78355593853231	0.415040398756502
-0.23113467353461	0.160433095259147
-0.375805865509372	0.307750256228454
-0.54838513365697	0.469834670220512
-0.238149816039309	0.167227034269312
-0.844327920129182	0.373336147800985
-0.0929788149516771	0.0482689453053243
0.254300095219869	0.130927486879205
-0.143276547104049	0.0641327403784726
-0.568065103514392	0.302344350829115
-0.772710708902189	0.607325934514455
0.869197083006757	0.549291072063039
0.631991553218722	0.585453564952719
-0.785856353974334	0.811135051747142
-0.00123338362865322	0.000878292559182998
-0.475814756825717	0.331648294466397
-0.144129756040698	0.0637922276803428
-0.781868278424286	0.271784538759062
-0.218675014975353	0.0805964287254102
0.459149783339874	0.161003582936581
-2.57185252800851	0.693041972437165
-0.644039115012711	0.156345619732878
-1.55832482143519	0.797373230895649
-0.639303808570113	0.155405266784039
0.163659914308261	0.0319253139355892
-0.639596283054735	0.156460136265019
-2.13311568996766	0.982513579184746
0.0782925621682661	0.0257268169780382
0.0237740764031221	0.0254092229106533
-0.10016372436531	0.121336936735915
-0.450086627669278	0.601408110174845
-0.0328873509896962	0.0235103366111804
-0.522387985588641	0.529660098077637
0.505748543311996	0.527003255004926
-0.111857093163669	0.148656148689817
-0.45064840779453	0.692524205190759
-0.313091864437244	0.395989937869199
0.124608234664498	0.1535308065302
0.381191163382057	0.588346895740676
-0.156626255899558	0.185292951340117
-0.16309018329299	0.174127324256121
-0.426997621168809	0.652315410719768
-0.0979813908197515	0.109853135687068
0.1085212014332	0.132381985183443
-0.113881774925832	0.11665046679338
-0.721075958587229	0.978735361800507
-0.718235282345676	1.0248917742546
-0.319729147852191	0.238316907295695
-0.538699290137328	0.802047565381556
0.0831390844378167	0.088219062742695
0.0661829703660471	0.0629414144412419
-0.547805102786953	0.763379609456316
-0.0417063634515503	0.0349690304056991
-0.189343380408102	0.113080429513317
-2.57173719412033	0.687667960690795
-0.869713558850835	0.744169408031651
-0.557760619591987	0.471539899848009
-0.0120592983985417	0.00727824251877791
-1.0103190564889	1.15138880558439
-0.515477624539492	0.399897975806034
-0.965508943814786	0.883238900701281
-0.280477296605522	0.153605649061658
-0.260253948725741	0.203937404307555
0.215285330850182	0.155718153104876
-0.480099836743035	0.338836239383574
-0.382110449036463	0.31190605927608
0.292362986510211	0.242762628845249
0.123132092412557	0.0941051609019515
-1.17170273836896	0.352528986232316
0.163659914308261	0.0319253139355892
-0.783438519877561	0.271880900033464
0.46653698232078	0.163076753759164
-0.78675750307229	0.273371828721461
-0.639596283054735	0.156460136265019
-0.283124516934905	0.0937185339860193
-0.389819593414635	0.113165790285367
0.0832413116588062	0.0275358424390173
2.76031666068075	0.80609461503235
0.161056325615986	0.0312754627502879
0.163198318954765	0.0319050580443516
0.939134676375762	0.246428972725703
0.136032867380314	0.0336051051380813
-0.467817992669928	0.19908175091527
-0.639303808570113	0.155405266784039
-0.542619492494032	0.852983773428805
-0.0713623111890423	0.0700024876675098
0.334884370723395	0.43833876954543
-0.266307692957709	0.292075428136432
-0.19173239597865	0.239963296329689
-0.0934032454541749	0.0890471577368917
-0.0802407495890362	0.0553286866799324
-0.207158440232107	0.166351344459785
0.212068061150555	0.151469083864425
-0.768203827218678	1.48484240134289
0.00626993861992947	0.00633504194325979
-0.00346029443205094	0.00326814169370924
0.159698396709144	0.17841894363568
0.118834745794993	0.149617829870392
-0.182131839911627	0.218356881178893
-0.186398218982091	0.196147666605098
-0.0158710285133353	0.0147886003755542
-0.270326149982812	0.276379024030215
-0.113137819894174	0.11641182887013
-0.447625420827348	0.684167664973066
-0.326303052561988	0.372524851173591
-0.542885712607378	0.751290824158563
-0.190539969256544	0.170535500899484
-0.783009439677906	0.807282343433556
-0.777870050047344	0.741819555729736
-0.463681753435908	0.535829205847415
-0.326182810355339	0.41243272381572
-0.0714153394025971	0.0635988507817048
0.282599563418511	0.249230808026029
-0.325350289603276	0.349487015050962
-0.793487124871101	0.875410838800865
-1.78346459010975	0.415096457236971
-1.35244341571938	1.45829835154193
-0.866965327442732	0.820214190878288
-1.11518992055627	1.23918103123212
-1.21355988293351	1.32599053758993
-1.8028918981795	1.4791625752496
-0.141166503928327	0.0632444559807521
-0.105748915520426	0.0692060502326411
-0.483528985567958	0.3391320932178
0.207025191359817	0.160290598751074
-0.667099494583434	0.495318963058462
-1.55709170507295	0.555548176040839
0.622619267673717	0.19534691993008
-0.392908367756339	0.113497379913856
-0.77882013815224	0.26862734584393
0.372924236715792	0.144516604407955
0.139264171070035	0.0337274870734583
-0.639303808570113	0.155405266784039
-3.08772760270414	0.960654182521525
0.937310940021799	0.247681996839871
1.97547028331465	0.493643388518992
0.163198318954765	0.0319050580443516
-0.388695140679769	0.112231808666545
-1.78355593853231	0.415040398756502
-1.78355593853231	0.415040398756502
-2.57173719412033	0.687667960690795
-1.78346459010975	0.415096457236971
-3.08772760270414	0.960654182521525
0.619153034357839	0.277555508752835
-2.57173719412033	0.687667960690795
0.133925459616961	0.0333863221239572
-1.78346459010975	0.415096457236971
-0.115496904335291	0.145718236064434
0.31242898845952	0.431842234929909
-0.187588544369435	0.233905233997093
-0.413632161783523	0.586838773789749
0.251513914576777	0.283619867231906
0.0581413490407392	0.059229899610718
-0.207940139894204	0.232563999758299
-0.148165191988402	0.108979265360974
0.941076872882565	1.02985912840042
-0.0747037781668738	0.0600070649401675
0.392396557249609	0.341193326917102
0.103563600682478	0.117742022759579
0.304021916543097	0.419469986206697
0.100666318916112	0.109405645976998
0.0894262551859722	0.0970363453023209
-0.328491459142887	0.469712598257498
0.244079125657655	0.327385095373441
0.433673269112836	0.668802329966624
-0.493420078634332	0.722561633039334
-0.124252464896266	0.151020642825203
-0.0462298572058034	0.0424603557709575
0.0554459585103551	0.0515087420860555
-0.784178229103637	1.32486345750795
-0.435352570880558	0.481116936378232
-0.192190586921024	0.156749277991881
-0.155920358921	0.145248784748359
0.0410355421147112	0.0360997057215361
-0.205986163087951	0.197101642564601
0.121785462493708	0.0925566774501013
-1.78355593853231	0.415040398756502
-0.789096916896893	0.858547439126495
-0.848708787930771	1.07822916873255
-0.3762497117017	0.311655870118584
-0.717086461086352	0.693335792028501
-0.639596283054735	0.156460136265019
-0.636519747219715	0.154206502671366
0.463741052737693	0.163066696140039
0.374694297984096	0.146326663408155
0.16307322360636	0.0318815003319474
0.0819724814771635	0.0270734904071074
-0.227898269573111	0.0832117320624674
-0.841197161770435	0.374296017318541
1.77756779398868	0.678378627324389
-1.86996773031939	0.769222955735338
2.29513759173243	1.12011878852641
-0.387028470890942	0.112533965115962
-0.638650683410332	0.155084261982669
0.372836341916771	0.145196911655023
-0.780067822171114	0.273115694343224
-0.289586850073851	0.0951446186879222
0.0831434633023487	0.0274562437249086
-2.57185252800851	0.693041972437165
-0.289010527972478	0.0954623470694033
-0.644689815674165	0.156669091829783
0.16307322360636	0.0318815003319474
-0.389961680664391	0.114106955582715
-0.574203657761682	0.937813500886465
-0.697756655887007	1.35576799538248
-0.0851747518444202	0.0901841329234947
-0.455260899035349	0.578552559582852
-0.368419130053594	0.474206139385084
-0.364635309512231	0.409984385088182
-1.68273829135217	1.28752241072232
-0.724334867512858	0.791240351437035
-0.247989230511391	0.17259957698226
-0.325302936757434	0.24575875256872
-0.943114229594229	1.0119937157954
0.04919071582643	0.0355729134641106
-0.863141886079284	0.928276289342752
-0.350935281148346	0.501343610791767
0.279251221740995	0.368124079097091
-0.0118213495016014	0.0120332758557745
-0.0289221538433126	0.0309862000535006
-0.00519433854513566	0.00495339705680639
0.0583977857950537	0.0562564370046279
0.371311761949639	0.507221365391393
-0.269683617729226	0.331238245806617
0.755582237507018	1.36824395823486
-0.521775335906138	0.703365285886787
-0.336023657121442	0.279780936905187
-0.0254902630988348	0.0215411572628724
-0.633228382002508	0.989379857583713
0.149695390159419	0.14652744081112
-0.638553307175006	0.722082624303067
-0.187158405107268	0.167561489936122
-1.71708201474551	2.61744227331558
0.0844765571126237	0.0479483422977857
0.320435274201029	0.243591222772275
-0.881672696871669	0.684862524071238
-4.43763937312075	2.26863770751701
0.163786424348353	0.0319491236824782
1.97547028331465	0.493643388518992
-0.777871959247022	0.269980753620937
-0.388461407049707	0.181446859382045
-0.167350783819288	0.0676054953229615
0.0780670570767601	0.0258238753791963
-0.402126583067739	0.115453969585043
-0.639303808570113	0.155405266784039
0.937310940021799	0.247681996839871
0.16558870151055	0.0320942613353925
0.163198318954765	0.0319050580443516
-0.781868278424286	0.271784538759062
0.754838872081418	0.307715712094555
0.0780670570767601	0.0258238753791963
-0.639303808570113	0.155405266784039
0.625545825050412	0.19581710979278
-1.16351711030998	0.351194977573717
-1.17192744414291	0.355003538565994
-0.835125921988003	0.370430448202485
0.133271254304781	0.0330736858737192
-1.16720505655439	0.351348125137152
-2.57584548566592	0.689261699424094
0.134141369892695	0.0329755067389848
-1.08401158914004	0.435106570533574
-0.700806251599463	1.16504492845879
-0.384587265724263	0.534537751668725
-0.0594840817243953	0.0630431031525791
-0.177552901046983	0.189669676047943
-0.0715253647925196	0.064809103178321
-0.462327932806419	0.626056837808471
-0.638904587463178	0.842309155633467
-0.482903801922581	0.497597457084385
-1.27314745099667	1.2972060093498
-0.460570163628335	0.193227345525763
-0.786413292827181	0.68834254448245
-0.0960615795113259	0.0649600864021159
-0.370718368993477	0.235791850342477
-0.79238831658349	0.874531265042696
0.193425366471013	0.155424997851701
0.0848510839750352	0.072586257426968
-0.667754266644224	0.914159370751177
-0.506255473059292	0.439554521561427
-0.528838688269773	0.491868308078902
-0.485757334896319	0.594531609087478
-0.0196600101062053	0.0197358573315149
-0.536844108138109	0.782938644413566
-0.452031371304538	0.714350544946221
-0.781527628807003	1.11941136377289
-0.485686132351364	0.654423161452559
0.316430537878487	0.35476318550006
-0.447192644081449	0.572332596036525
-0.208724546190628	0.20102865489357
-0.127815793323382	0.138584234138749
-0.627275707184722	0.828742661682444
-0.332777982664593	0.330275920173308
-0.241885094344184	0.277704489835295
0.279795501639928	0.271902196782186
-0.257219406608437	0.246563531396544
0.230421932604095	0.159711276452286
-0.661912642973704	0.690393688455565
-0.033223091711122	0.0194010250324203
0.0740179580744099	0.0360661754058079
-0.42472751607841	0.306658142248507
-2.34906352189263	1.20176092180319
1.88962452585056	1.12748361096658
-0.670055545685568	0.494132420935883
-2.57185252800851	0.693041972437165
2.763165878025	0.807280260774878
0.936662065549594	0.245987967322767
-1.0366820106705	0.63828100687399
0.467113117241736	0.163361716762765
-0.783995561404609	0.270518497215489
-0.740956307302417	0.442687989345238
0.819201559742416	0.418278002805597
1.77822198684398	0.683613630208253
0.133271254304781	0.0330736858737192
2.29442873951501	1.11913760335961
-1.1663387915426	0.353796776180306
1.97547028331465	0.493643388518992
-0.581560336580987	0.221979819058924
2.76031666068075	0.80609461503235
-0.288434452467797	0.0952993614318452
-1.55576138011754	0.55747490290022
-0.473165309598455	0.201872933009848
0.163786424348353	0.0319491236824782
0.937014825487275	0.247501391945126
0.159126058171774	0.0311056421910278
-0.395571263070958	0.114083401616619
-1.56390564122763	0.562697971919826
-0.218769366670858	0.0804053427602145
-0.532782040971886	0.712288304691536
-0.320565106931494	0.409609951260443
-0.873799661984667	1.42428851724089
-0.334530447220289	0.334636725872305
-0.164084172472804	0.176232960337093
-0.574454133275523	0.768691708224853
-0.598201929588551	0.67404069859313
0.684632363780759	0.864979239061505
-0.111599318237501	0.0949286104632875
-0.0442279099239365	0.0366701389591004
-0.657878638327753	0.652546481500158
-0.0456856539604561	0.0407571401294936
-0.0586658184918751	0.0532005793334117
-0.595348010722125	0.825651059946622
-0.346582135096645	0.317109483489595
0.0979977426455387	0.058529906587139
-0.0753955975053893	0.0663247033866989
-0.433433617896744	0.538387583215488
-0.216768020189405	0.210726959097228
0.324143559368869	0.438714132707376
-0.236768468652213	0.275273566847658
0.0576417924003726	0.05253570726241
-0.363860546845997	0.409692888769944
-0.0671032755706326	0.0651530964702909
-0.893560287466699	1.25203221414216
-0.892846085606944	1.3620127784275
-0.686047714605999	0.764727859525431
-0.941292258643525	1.36569852805965
-0.576817743619033	0.535902351646332
-0.283825675692483	0.243840471024056
-0.0915149831000703	0.0724163901022049
-0.253268108767533	0.220942933514567
-0.905256200728435	1.27028584554738
-0.673327720298148	0.927249954821253
-0.98310627457918	1.16843154404549
-0.0049600233827986	0.00302184317480257
-0.359856568665515	0.356261791285422
0.770903238247027	0.526467028607223
0.16307322360636	0.0318815003319474
0.0669138620296441	0.053016914287622
-0.303963518755242	0.304470376793199
-0.677209527577144	0.968445934201236
-0.157556331294442	0.132836258553622
-1.91486603969806	1.21398210194448
0.629186058199421	0.386625759558309
-0.631568588785314	0.401832431682733
-2.84776709626093	1.90827105861973
-1.55701490517208	1.07349352598931
-0.867058826250644	0.477775870502144
0.0849082754432156	0.0480725444636523
-0.173826227316092	0.0707120984295597
-0.879654303858081	0.588882626722746
0.0745512279799134	0.0274549848670125
-0.390106797634379	0.180333450599545
0.282250234842118	0.134732300618729
-0.225521714999707	0.0823065470306492
1.25062629306749	1.19707021785952
0.0697818989287258	0.0286739301424594
0.525421214488514	0.260651582132445
-0.874459092190203	0.579509897082934
-0.591157061908209	0.226860118491992
0.0717393402855528	0.0262774669064185
0.0768030231932262	0.0280638490843068
-0.780621338588044	0.27365972431568
0.99354271184912	0.4678183064854
-0.588529738058223	0.227427413678833
0.999095680921892	0.575630618102229
1.78004190881562	0.684060345345096
0.0603917268945537	0.0246899542332983
0.459868627727569	0.161415329046465
-0.385631480182645	0.180144804614879
1.26743963238372	0.540452730302901
-3.47689322920378	1.23280103827797
0.0839236022372932	0.0276941060567698
-0.786199580091747	0.273238052886901
-0.337228749951713	0.169595718329165
0.995803245844559	0.468949771077173
0.821655509234786	0.415238052213923
-0.691011060973791	0.332839785759907
-0.146137927644156	0.0650680981790435
-0.17404415100386	0.0708347026504022
-0.380975300837821	0.176433201627812
-0.329728358900415	0.168175647685744
-0.324287292271202	0.164691913220773
-0.390970925105678	0.113585794693815
-0.103593806451706	0.080646179112986
-0.213013054347137	0.152310555695287
0.043760347321795	0.032609522769472
-0.987524777634962	0.823026559960983
-0.236588192062384	0.188536864234528
-0.531203545567067	0.50140052835296
-0.257956322586476	0.225214545399973
0.119542992861324	0.0878590097878797
-0.0914233699566285	0.061861265082512
-0.372008660567104	0.332956357490173
-0.0960898419708033	0.0758953882745788
-0.656375004624831	0.984849590392849
-0.568898615210327	0.949539399053723
-0.171605879065846	0.0698683792593281
-0.50792074004088	0.769139722422155
-0.367579539633996	0.79501900663854
-0.326285684841219	0.494931862898566
-0.253167125129769	0.308614761208281
-0.726023910827963	1.2007243509211
-0.230861051509235	0.238209938784287
-0.686050470908326	0.94516525158856
-0.202927728984213	0.264245425297577
0.0159097783220289	0.0144064640738085
0.142461470080896	0.133268053391851
-0.25832937655711	0.333139754961627
0.3564334705457	0.416516933690125
-0.180997208791055	0.203167158632572
-0.126803130411412	0.139230528749444
-0.415570711879894	0.68245937827216
-0.211827630363017	0.296739116000365
-0.841305368957352	1.92931704564583
-0.69022232729258	0.571859820238432
-0.518847491244634	0.404212614494412
-0.460482272426371	0.409459646865224
-0.0177625476020233	0.0106323199375277
0.222601860451313	0.14747602344442
-0.598768880845199	0.792182366955878
-0.419888287828813	0.303012426606583
-0.464773949315464	0.372483168078198
0.774228463849014	0.522852632035728
1.64896848796223	2.31507131561151
-0.378071512993132	0.341607543316858
0.464124839677061	0.604527125866719
0.407458532072538	0.510810130703854
-0.197688017414672	0.245356932230409
-0.911068818603263	1.62846348041235
-0.298230835521432	0.341085675150428
-0.671386833215489	0.879054741742448
-0.28393383009478	0.0933555652659854
-1.56441282117933	0.562758252373258
-0.389314007007522	0.11306509974214
0.0746491958359451	0.0419615667061858
-0.136259151261837	0.0878746806294354
0.104627928872186	0.0684822359374855
-0.0514081506840898	0.0291118368980081
-0.171498410727533	0.0698197819619669
0.709855578167023	0.401136887974108
-0.311678235862296	0.207071187745066
0.567499403541387	0.370548938222123
-0.478022460412335	0.334359883231729
0.425719404883011	0.350141976633166
-0.554739140121147	0.373768662270806
-0.766741668353369	0.54375395910101
-1.09734462326797	0.984004505543463
-0.766060751422506	0.541932551421611
0.77963738017577	0.531506456667887
0.378897858924754	0.147146767661018
-1.4355951658526	1.39555184575803
0.320221245039203	0.138814948755662
0.0725486388701937	0.0267913425520773
0.321648395107452	0.139081157060614
0.699390829044267	0.51129921314867
1.20594194162712	0.637903120769397
-0.630959398300333	0.402536501870273
-0.143179406840092	0.0641353825533249
-0.893725441028524	0.585864039807325
-0.585643003572703	0.225890124229474
-0.691887008331683	0.561246160982842
0.526149688057342	0.260965745163726
-0.865951630677682	0.475885711910321
-0.268703387168011	0.145677346053343
-1.55630384437353	0.796832001762128
0.626705175154963	0.193843349012669
-0.113387874254529	0.0545762677894054
0.270070680285603	0.125728179756688
-1.69549877220021	1.2915414582404
0.227429669809231	0.136621365990356
-0.594688771551959	0.44998177380568
0.0766079690770658	0.0282543091890972
-0.171605879065846	0.0698683792593281
-1.36716954684314	1.8279061466019
-1.05705191925489	1.32611099281942
-0.410268010647977	0.366202388348699
0.216861092857788	0.157355117932202
0.117534388357511	0.0832597010589888
-0.380877544263474	0.316896505094801
0.711283552279978	0.606514405751596
0.578814114461791	0.56723025959353
0.66935320077774	0.604501378510789
1.53550816834198	2.20046697974911
-0.161763318099514	0.101334825323309
-0.782514282768827	0.693055516863746
-0.245441740854719	0.232643414147878
-0.614017291952775	1.06708999562612
0.243006625239346	0.279683072708993
-0.396293523884991	0.182371911417034
-0.150094609696454	0.181468281502424
-0.827831306270732	2.21420770724439
-0.408348015818576	0.710038260549472
-0.330139242408929	0.494525916540531
0.806337043229845	1.27891214286745
-0.457502566350821	0.560277828559288
-0.567208900773177	0.758422135487205
-0.334479997033246	0.377271561870262
0.0124610500138044	0.0133315265413538
-0.725236639988345	1.48364241877897
-0.666150743924221	0.908919854566062
0.418467906137059	0.602618088025447
-0.124291165649962	0.152792105975794
0.380649087433726	0.519052148559258
-0.789233185290195	1.34243380613856
-0.410692890039849	0.692021336063982
-0.384958334036103	0.572982190716178
-0.199895566113245	0.14281447296036
-0.362297578301616	0.229804099770776
-0.455187171301753	0.403173354597595
-0.317848927375641	0.209931037036316
0.222630127766475	0.14089810124956
-0.0711665135814776	0.0385278838907754
-0.270979994436326	0.146176428604329
0.383581736271454	0.240977243514808
-0.315584884312674	0.207670481852434
-0.705335697818101	0.633084821947436
-0.553517498531047	0.372251026128049
-0.33554323801694	0.379133612351851
0.150738620042462	0.143146876894795
-0.248961285021065	0.197929713038583
-0.0176081233324919	0.0103864751880593
0.3176393721392	0.133217022871799
-1.16677175880733	0.353813253690907
0.102012324786474	0.0669170262058395
1.08567438903253	1.34041006002325
-0.00578828687394267	0.00493889838568125
-0.762076246768695	1.03502498694958
-0.121796886845095	0.114855061592574
-0.289958159974008	0.350137198750595
-0.949295221777051	1.37664698652504
0.0816532129472441	0.0686768771347863
-0.528279582357963	0.605994333058497
-0.344630696210083	0.391443383264352
-0.382617974937543	0.179211155552755
-0.780067822171114	0.273115694343224
-1.55977880906212	1.08830650774593
-0.873799139252023	0.480163391292804
0.237451377577954	0.133011113735754
-0.131278738163228	0.0840387229491997
0.912031944503942	0.917680381256025
-0.989598087907573	0.819821850036282
-0.569364687604091	0.298707620821291
-0.0376057133842087	0.0212452608825513
-0.301208989497589	0.229523978730286
-0.115080005709182	0.0559848225061805
0.320801795679175	0.230041219001572
-0.858909546594594	0.938300405449103
-0.994319989851816	0.831146915800395
-0.202628289986209	0.121729847733388
0.46395998687459	0.357166926142668
1.00371064015673	0.463372846516935
-0.866610547744863	0.479069103645963
-1.08650823024552	0.974580160476752
0.37339402759439	0.145575931370138
-1.13005895169286	0.911179565599904
0.62825160224895	0.383962558002313
-0.572210616126883	0.303260880037218
-0.357520744371052	0.227481732477246
0.369873070726338	0.144003268924923
0.0726757431344756	0.035919878963567
0.0885499020323772	0.0528445438847918
-0.57853031392345	0.433598447836647
-0.321226706653914	0.162601018286224
-0.00132568830738101	0.00091916828524046
-0.319505132104624	0.161682495586319
0.27587694080814	0.130764637696911
0.31925322001068	0.137183473696651
0.233228779670728	0.137889842723387
-0.352068460563059	0.22064371705597
-0.490474511412398	0.282556793514142
-0.0888375299994674	0.0459308577027825
-0.175831649173535	0.127069876816884
-0.0739040068284168	0.0400340860908669
-0.33112496699503	0.250043007505191
-0.487055732227412	0.46116156718093
-0.598100146180879	0.597133524736412
-0.787305715967805	0.752052766598595
0.0168506972074033	0.0110074049602978
-0.471211123932214	0.511681691728963
0.488969999592379	0.358668197404355
0.000798858337539438	0.000542656762889686
-0.232919981035205	0.16341907245858
0.224443488713659	0.155448210847835
0.851972990258277	0.879278570545425
0.0366848958653455	0.0246883243011847
-0.379638025100398	0.314919943595682
0.486900397661362	0.597908593280244
0.115750268773072	0.120435545665995
-0.455231308687642	0.55735754782778
-0.490474511412398	0.282556793514142
-0.64071077309278	1.17647866401169
-0.330412058262515	0.640692536326557
-0.0632856710817998	0.0699534078846193
-0.320984385920824	0.445563936917822
-1.03740886060371	2.02875021062546
-0.402665636990998	0.550438658128369
-0.130788527506759	0.149840010577319
-0.281343467103354	0.403965123915708
-0.34394595662504	0.507823853913265
-0.48401375805703	0.838753171783307
-0.229305302733582	0.265490699157313
-0.31909286495482	0.485001682420191
-0.227446068508296	0.278149195212503
-0.185400864055408	0.219699043300756
-0.259019597839584	0.320817564838395
-0.226880538308247	0.356539718163358
0.0239063679430745	0.0275073069356476
-0.653322006626567	0.640660871930887
-0.865195510697632	0.873196034060405
-0.0269592988595634	0.0157656185873825
0.217867135035486	0.144136230164632
-0.0446411141079476	0.025090637370186
-0.638792206854768	0.408485635496222
-0.0637985381700419	0.0346826349983031
0.71259274253702	0.401596536411972
0.380880263750832	0.239358127837531
-0.0320245714146803	0.0187503924101587
-0.0644142215482243	0.058007042476084
-0.356961464670417	0.422732816165626
-0.06406689342272	0.0347747020041142
-0.276752583558275	0.150219449318029
-0.0687320391450766	0.0375527772849468
-0.0677345687728349	0.0369170210266435
0.571604190828346	0.374244940310079
0.608682078611875	0.270799588655607
0.427721368789324	0.429429616034301
-1.18538336253822	1.13718568451233
0.0670334090366407	0.0649693753458566
0.0968364127032186	0.0832457959641252
-0.492558140268422	0.878937939628469
-0.391702288661892	0.528758695695658
-0.565681652189371	0.598323792629119
-0.275596490051675	0.332347955112492
-0.224405508337649	0.246392128369813
-0.914713224369954	1.65011802246985
-1.80702848743143	1.47561254693222
1.17197849508907	0.765020106414244
-0.387669506069407	0.181965989492005
-0.15752752470539	0.117170159733909
1.80083034769605	1.82206479901643
-0.137749563190735	0.0612550401458666
-0.171539910472371	0.106601411763797
-0.0891054171125811	0.0460900219208322
-0.491891261976928	0.424535140016197
-0.667920975655942	0.697950283909473
-0.413815794237666	0.336565754256829
-0.484746538871125	0.499835231438234
0.114033285133706	0.0838868730372876
-1.01382754115278	0.747808869001889
-0.593120355642737	0.229842126042555
-0.634620137127926	0.407304582683375
1.15551012993615	1.04295066809577
0.0800659539165199	0.0424563771641868
-1.13136085500447	0.910629204371075
-0.670506461903127	0.489016311769303
0.982826329529925	0.363125631743975
2.05122656610205	1.36479307313621
0.226909717310555	0.135309787122253
0.0772066352230129	0.0284758737459766
0.486205741555341	0.356718298691458
-1.17865658013751	1.13124428544139
-0.320113854900157	0.210661461789166
0.349153162310775	0.242362534390218
0.0810502204107262	0.0457580879225732
-0.0466722308148514	0.0265777339115323
-2.13325041844317	0.986998453548595
0.104507792478648	0.0689779552570814
-0.138541164624939	0.0895157772250734
0.0667438793373724	0.0328878576503372
-0.312585333660292	0.20772810332937
-0.777054166174011	0.687383868463814
-0.143914626564742	0.0643506256278786
0.616744476033402	0.190743640034403
-0.558642405688287	0.782793182526883
-0.0519954094170346	0.0431999694889054
-0.257441147096892	0.278973805607748
-0.90546777781135	1.26382918907918
-0.636699953897643	0.581560097486233
-0.237379207453564	0.209711020943302
0.021209188182514	0.0170129561717727
-0.522044059017664	0.488977577558802
1.02900934531194	1.27914668660403
-0.379410626105758	0.313843461153093
-0.00996383024902011	0.00599330889829756
0.116100285815338	0.0825946807113332
-1.07062786382111	1.26686494703634
-0.379104616285134	0.343451314483328
-0.154983234255279	0.115329548415489
-0.210442616346809	0.169980993139691
0.289404369082839	0.248017445091223
0.5406989159971	0.610121860435135
-0.0685141165224656	0.0671602578492031
-0.120306283761797	0.129396487895178
-0.759603297333116	0.535048697379647
-0.24391068784567	0.303256186162145
-0.163683598665769	0.174859216370953
-0.525676215534293	0.737066072998768
-0.315423428776057	0.391442368186463
-0.19075517956954	0.202628408499482
-0.356846030431827	0.461635950207285
-0.216023983319895	0.254254547726296
-0.546495978168015	0.976231742314603
-0.376962647260798	0.558580549376513
-0.140199539638061	0.105840152794982
-0.132303889869217	0.0853176563340631
-0.332475179870991	0.251142334745269
-0.781970639172816	0.752140197902701
-0.78869237618915	0.807324732391598
-0.469114493255404	0.374645909310332
-0.394122584608581	0.183367280677841
-0.145401599588266	0.0648914426818067
-0.716154155353304	0.686469873848433
0.30836723063277	0.350563811889795
-0.723336876694564	0.797366264955609
-0.314448826261411	0.208942360177397
-0.357295055879368	0.22732273376709
-0.86644337983238	0.477848399796818
-0.2661470481214	0.18142738124992
-1.05987730607806	1.04540305237708
-0.0404240456116275	0.0228641392669752
-1.78346459010975	0.415096457236971
-0.911915485920889	1.10124430980094
0.0129418810296659	0.00843551790569081
-0.395790646044255	0.430447931990335
-0.35943953498289	0.403238315793628
-1.20406545789746	2.57634852202937
-0.279837089370512	0.2944920675238
-0.450867930976252	0.633040182021878
-0.793867782622626	1.16934203300494
-0.537306368454395	0.498440069178538
-1.55757893406072	0.80682923037613
-1.68066835755374	1.28125999039655
-0.235550861093719	0.163287106162505
-0.116752222673847	0.0560111999967873
-1.83303088603691	1.96680764602552
-0.360006862884715	0.229610268061529
-0.23578801091216	0.136050489249225
-1.43034113333978	1.17301786701097
-0.488327407898491	0.282333844689766
0.388072176819113	0.243217476506647
0.981910852784093	0.955880052870354
1.44480457247418	2.10970139005849
1.01477237262971	0.709902377751666
0.562809290795873	0.366491682387362
-0.480360565886341	0.33844026525176
-1.01094427533987	0.74691899306494
-0.682881289002723	0.332677254258037
-0.867058826250644	0.477775870502144
-0.58633325784033	0.223318822706906
0.86637901654444	0.543201464091265
-0.224931833247677	0.0822138849172817
0.0716354014634391	0.0324397176083515
0.235714679838812	0.132271436823193
-3.22111078966643	2.75867410587867
0.704126964879302	0.395902848200686
0.0779077110491222	0.0287506178142342
-0.17779803637986	0.072249321254891
0.461689080669354	0.249829416274766
0.878894486123305	0.55216749356735
-0.878830029435987	0.476991154239031
0.317902022971291	0.137420696679332
-1.68479644088006	1.28585425773255
-0.331835317170075	0.168444716245131
-1.05669029578144	0.533230191034513
-0.473272603576049	0.201747431722254
-0.171391640662292	0.0694639294557346
-0.279072756010177	0.152512144310429
0.752890772068621	0.308559001730058
0.217980263056805	0.145243441888003
-0.232827898967377	0.134252894861857
0.0780094395620446	0.0287317627796464
-0.246875034524144	0.265652775222126
0.0699298592336725	0.0679674101939909
0.0563287372028572	0.0611759775338392
-0.895463000655599	1.70884586382743
-0.0781577210613585	0.0758279450338422
-0.188291236002886	0.234453370967993
-0.588273760672311	1.14515855250202
-0.116306982345696	0.135755243581181
-0.061837121274285	0.0666833454597637
-0.302196179568603	0.43274645068625
0.164292983915765	0.186827128617573
0.41436321237956	0.673471817441023
-0.0585497716033987	0.0540366303645186
-0.240022876494865	0.280753708204459
0.608863942800363	0.905511452646022
-0.326124011047807	0.388298111692686
-0.209750946014386	0.272863194500148
0.523399248991345	0.777845508382829
0.460099519585277	0.605138539980926
0.207973086392168	0.249215034083987
0.0168220570196006	0.011340825926243
-0.594311318689884	0.450142500304576
-0.480346540048562	0.455627334765522
-0.626844987034409	0.823500377047198
-0.548810003817413	0.548930734847177
0.0282803101671397	0.0226994523968011
-0.342506340464903	0.388131730789173
-0.708130187133317	1.03967722953648
-0.457899931594563	0.629104641541688
-0.18613218919395	0.198972365884269
-0.135185763738989	0.135157069553435
-0.0138436935168999	0.0115701734267735
-0.177263931260807	0.173684598799032
-0.31343202032224	0.335828472117216
-1.05085997924108	1.58480626755
-1.08477161645989	1.49125694408598
-0.0671314173639094	0.0541598800073063
-0.120348957478281	0.102516804718155
-0.0633539550700321	0.0512395466651625
-0.366674341115688	0.436230779497732
-0.969039396278005	1.51228218516368
-0.292085148336485	0.314957571238667
-0.0543248459158093	0.0441408747766456
-0.141806168437469	0.139502061602803
-0.528328960615775	0.497176167843237
-1.78355593853231	0.415040398756502
-0.852229811405364	1.09937761301172
-0.261230941301615	0.318210049267433
0.184903948573247	0.171693193371108
0.309658949106655	0.360317465965093
0.103178197768024	0.0975200649377573
-0.0519518613370316	0.0478407485954816
-0.404194838286088	0.474987482887296
-0.196359212437216	0.219154453772487
-0.0621263521974465	0.0602961402730775
-0.287566883393668	0.0942690621668589
-0.586370968623257	0.445263762402736
0.104440789402322	0.068344309067892
0.0714702876233502	0.0380510464567625
-0.159001174229792	0.0978937474272171
-0.551334225546802	0.370770079877533
0.515723670128975	0.354350424140419
0.0685831585790203	0.0251972642604861
0.0826554483187954	0.0273070224947341
0.0781662998803206	0.0258675039281356
-0.220640861070362	0.0811231369281859
-2.06307750769666	1.43555876989892
-1.23872316186964	0.695105327502923
0.521101240939819	0.258085910414231
0.31861691251463	0.137580075785141
0.98338732932609	0.366366127152252
-1.16610275079213	0.35308024748219
-3.1163884116824	2.45164587443421
0.0811577012492573	0.0267476285358754
0.613246033967951	0.27430184274171
0.323653895570485	0.138293874788082
-0.840032833742498	0.371981080448623
-1.24776415669569	0.703699252566211
0.754251130764505	0.309630028134212
1.26845646886772	0.539839872432159
-0.779374022118994	0.270566801509696
0.100674308760322	0.0294967719119431
-1.53411670647588	1.34251974973815
0.133925459616961	0.0333863221239572
-0.870248134846763	0.480818781781257
-1.91413569464037	1.22467717563677
-1.34793974061985	0.616143769579578
0.618360564197279	0.278770610344554
-0.839146279604444	0.370675839248531
-0.464550865940329	0.725264638290537
-0.0532549443261532	0.0558671752780073
-0.00611891716851336	0.00627200713973563
-0.210580350222951	0.261800193342198
-0.310303547779684	0.391256902712614
-0.678145769509676	1.30142256505264
-0.325097614971901	0.427280502047433
0.19811316542	0.238963858383512
0.214372628337374	0.254451813034951
0.0380650204182346	0.0406258931970556
0.035822111484439	0.0380328187358601
0.245927427026372	0.287855907510017
0.167884621417418	0.19395592527219
-0.500212688213931	0.581903266455331
-0.0980878895478486	0.0863366339170361
0.041805229494246	0.0448848996222453
-0.0885058636314671	0.0854847660584241
-0.22793444874211	0.236156747925543
-0.218543414155783	0.243963249723594
-1.55202334425536	1.08737379881154
0.0363771879098133	0.0341951251309431
-0.326946002371253	0.382157085269809
-0.741233265321736	0.904797763121991
-0.883932602406167	0.676001875428303
-0.178503405613564	0.130552395217701
-0.614365019025685	0.516864852676981
-0.189284989952265	0.169815565223635
-0.642339665712266	0.951596364509798
-0.470561418411508	0.709709337865507
-0.28969883072181	0.440296425422032
-0.266202589644411	0.320248556979216
-0.511983755915978	0.749480760110109
-0.724977439016785	1.029576824174
-0.728258906339901	1.20635557189068
-0.171220633283539	0.172594889843129
-0.186079803275589	0.208823889680272
-0.461853023906618	0.532271936638533
-0.276273295502384	0.261635485066761
-0.0283371889389079	0.0207347881505112
-0.536072939772706	0.710228245875229
0.0215691277766749	0.0196757890258587
-0.377899122476053	0.420766931596811
-0.456067367859192	0.438461049285713
-0.692901978124538	0.820347404510838
0.142316348842101	0.123616975272134
0.0507572732772225	0.0388851888906931
-0.194013132115598	0.200889965326597
0.44572818833136	0.606972456400449
0.0223173535649826	0.0178832983390415
-0.0186305698278321	0.0108921794045751
-0.715889983804894	0.977126532796133
-0.0839545384813732	0.0740472421645059
-0.707116872867168	0.925351604558147
0.450336402676703	0.504814397431171
-0.443898866089154	0.602799279213985
0.027922769585513	0.0269664669865351
-0.587221436864973	0.934740732300424
-0.977114426121015	0.897251671929302
-0.617768117330525	0.52138475475169
0.232755114285858	0.138594085192143
0.0819052353472357	0.0459466565505333
0.0841778791646483	0.0475799169391347
-0.160559894285612	0.100598628812321
-0.0933455770344957	0.0483317930830597
0.0862980417345714	0.0487485599033781
-1.16677175880733	0.353813253690907
-1.40388981236758	0.888142200810888
0.71039086473957	0.395266697614484
-0.319685909504806	0.162001111669773
0.0991558512875216	0.0289072234958687
1.50816326525644	0.734040558131918
-0.733569164172986	0.44195185966477
0.464399529440837	0.355019740248863
0.317924765066918	0.135633310518709
1.77938594611081	0.68549536418416
0.999410343900688	0.467087134987466
-0.862184700139465	0.474593847882704
0.082558098902597	0.0273014951400138
0.37339402759439	0.145575931370138
0.136032867380314	0.0336051051380813
-0.593120355642737	0.229842126042555
-0.236970301483699	0.136367960673414
-0.288288252306734	0.0951646511298916
-1.0885340169914	0.436579628334947
-0.216322364283445	0.0796101409174183
-0.289586850073851	0.0951446186879222
-0.218675014975353	0.0805964287254102
-0.388915072265464	0.181847251381156
-0.776366210470135	1.50104266571838
-0.234690691688396	0.276661581451706
-0.409680829089961	0.549356378167613
-0.356534769266428	0.481500973953195
-0.141117491390802	0.14190564670268
-0.00561107722120477	0.00420602200166799
-0.00342716823984827	0.00323805467716395
0.223263400268294	0.254887520198003
0.357297660719951	0.427881243229892
0.407369374682517	0.486081111288232
0.149926838068711	0.138145147803165
-0.378741133556952	0.421513424203745
0.0538340443767768	0.0410972756023464
0.0469790463572116	0.0460725168483032
-0.326263544748167	0.371583048923878
0.321026691503596	0.489211379577877
-0.00923187020745667	0.00870352733179604
0.538292909976024	0.465244576755294
-0.0839355140172744	0.106385903159339
-0.411210030367864	0.877332241914811
-0.100632821866199	0.119588250095506
0.155379147928919	0.150034832860067
0.0733461113679527	0.0598070674916977
0.198886082965388	0.140398323967129
-0.361178156569995	0.449099579038787
-0.559487173971263	0.635260427436401
-0.317097473715	0.497920058202069
-0.281261400914873	0.464934070352488
-0.611647423608947	0.76409387744709
-0.430495037057983	0.47296770817761
1.32531418806381	2.17189429049667
0.212120085581138	0.168617128516338
-0.305763772378274	0.324932130480467
-0.44618606388219	0.429504527522757
-0.341341116414365	0.365328876439548
-1.29901821221792	1.65873723698352
-0.23078767920286	0.221114532323658
-0.0711184515117896	0.0564206897630233
0.116052395429624	0.109614542960983
0.199497811992854	0.158044792230298
-0.575334014642419	0.533676760169127
0.194745968876408	0.180456139098802
0.846643528578295	0.975379572419334
0.0613067983098337	0.0459576055260616
0.428792358359516	0.333670769385115
1.97547028331465	0.493643388518992
-0.901234613694933	1.14217225467514
-0.0737991729919206	0.0588899684884205
0.358364544383761	0.504251035480717
0.476803160057502	0.623057164283599
-0.312198635468963	0.451073041269544
-0.724033393592604	1.06484405450556
-1.43529468494264	1.43596129776333
0.126914931629764	0.099374761436661
-0.00505791260764631	0.0029919140358248
-1.18383884113489	1.13773891098286
-0.134957024213828	0.101294402967141
-1.43035488628206	1.41515250633209
0.00265438513008465	0.00169421400879785
-1.01889082199784	0.746343580151114
0.10463550436422	0.0756547065970798
-0.220579693257754	0.0794404847101667
-1.40679548439673	0.891014073465948
-2.84812301573535	1.91530497344278
-1.03489814787353	0.636405571789691
-0.490346988216858	0.282118048988883
-1.34219551471333	0.618497753906037
-0.666513449596298	0.492625134669455
-0.361513246362639	0.260785355890825
-0.885324295500155	0.589847111151893
-0.280895487934329	0.0927097168423295
-0.218582058514606	0.0803830659595794
1.38368465087554	1.23619459137417
0.249123580768043	0.127009877402301
-0.271901931858205	0.148441536976297
-0.574650780687084	0.305579549134827
-0.391292650792545	0.183220137032809
-1.12745846255757	0.897590532369442
-0.686944056909452	0.567785289401719
-0.635781422960485	0.407842736887747
-0.167309852136293	0.104716260928051
1.38071854912722	0.813017792769565
0.524798430142462	0.260188639694358
-1.24451702715701	0.704347983654779
0.0772066352230129	0.0284758737459766
-0.290606543208419	0.434898758255249
-0.722323149709662	1.86847846725003
-0.847984188323906	2.07753139294568
-0.0303409709741533	0.0385421111983
-0.115619826036581	0.153346559128467
0.0566709645202276	0.0715572485858772
-0.400328475802726	0.685353923095504
-0.320254245816186	0.515779302835142
-0.257115471026084	0.350710853433402
0.774084069763033	1.64127627339413
0.132848722360291	0.174076141852955
-0.0851693223823663	0.109145009403376
-0.0819787791576188	0.0908470202783321
0.445743393547981	0.670812777194838
0.300160337852997	0.434043570138438
0.208993981458908	0.241335358053998
0.125401507746291	0.0984086782358948
-0.797941448501636	1.26580510350333
-0.0666318892585154	0.0362289507670248
-0.502342483449384	0.438787634352687
-0.6310842225223	0.405514620123422
0.0794645034550934	0.0262268516113722
-0.833856077971437	0.365109160369798
-0.287858623362124	0.0946377502524253
-0.224252897124801	0.0824648870882623
-0.381399326451893	0.344794292468731
-0.139697910965369	0.185498215760451
-0.644291993622389	1.32385686151696
-0.191717691747037	0.257574116835085
-0.472002769953034	0.769749197633428
-0.381801308680935	0.599282539473061
-0.165377379124791	0.228595226566648
-0.534421459067839	1.07139534935281
-0.347176765971119	0.458329819746272
-0.538038537156139	0.928520002986211
-0.503648995912207	0.708266467393623
-0.602810069420582	0.721279930868815
-0.321000189893171	0.418592914659437
0.074423425827861	0.081985054014883
0.51977838824671	0.769588560776066
0.629387133064297	1.10519378334952
-0.337993492375484	0.360892186384006
-0.711951318086744	0.689886674805789
0.163659914308261	0.0319253139355892
-0.185035759909192	0.167587026951245
-0.0516233471921068	0.0414224072121181
0.337539065050641	0.246262478094843
-0.091693371279311	0.0618916211451469
-0.28338923606777	0.216185575384663
-1.78346459010975	0.415096457236971
0.163659914308261	0.0319253139355892
-1.1663387915426	0.353796776180306
1.50554306985019	0.718048667559638
-0.466141723326558	0.198320043999154
-0.0890049028189601	0.0459894756222399
-1.05265653204335	0.530556549962529
-1.09834904415861	0.4413878983024
-0.390466134450405	0.114207620517753
-1.55202334425536	1.08737379881154
-0.790308304019232	0.27324259770772
-0.732992966447043	0.437111732575941
-0.288434452467797	0.0952993614318452
-0.780621338588044	0.27365972431568
0.756544151716899	0.310645399934827
-3.09164110396459	0.955390962016237
-1.17148606342711	0.353067612488471
0.163198318954765	0.0319050580443516
1.9760405399428	0.493213117693187
1.97547028331465	0.493643388518992
-1.16911400221891	0.352395520307134
0.133925459616961	0.0333863221239572
-1.3416145031643	0.617793207028816
1.9760405399428	0.493213117693187
-1.16720505655439	0.351348125137152
-0.588633041171092	0.228206887041441
-0.777453821937005	0.270075260741115
0.934984032362509	0.244315128681489
-1.34405204003525	0.611976336957259
-0.185827577654113	0.247520731990295
-0.391012277492715	0.782935310888268
0.226802382670613	0.362680978707641
-0.320695610974647	0.589331593655848
0.032294502960542	0.039149468825815
-0.204699799045474	0.287910542999835
-0.14261076502311	0.162901010689769
0.0741960101999386	0.0953087068798117
-0.167428470949004	0.225798458814072
0.268795654488289	0.421622678330128
0.153489277675392	0.199998798864606
-0.238028779250429	0.260454443575645
-0.356466019158143	0.511749071582361
-0.112622341884725	0.108030215468546
-0.233062436235072	0.184325189312506
0.00105518870234888	0.000621531195205853
-1.40954891859325	0.879904086814705
-0.179246504349364	0.0724994176965793
-1.03064597332879	1.60041434685641
-0.495827892074279	0.783378653598966
-0.427866557036856	0.696722435604737
-0.26688607348145	0.358528493315811
-0.384630136643039	0.590365564214625
-0.724890970002918	1.30438846515845
-0.486250896931863	0.888667116551382
-0.139269455544252	0.15875825672885
0.0763018447007775	0.077817318329688
-0.158546753900781	0.190555761244022
-0.613713170143088	1.21067408933866
-0.415458107862195	0.53570418042714
0.544594180972533	0.767985456105078
-0.26661626937261	0.210173078403157
0.00636951105022657	0.00476926512588
0.296829639233099	0.248897540418508
0.34999043126211	0.243951237323292
-0.34964754705467	0.29438690980818
-1.20666645047673	1.5696894956137
0.136691698731902	0.0337280912386556
-0.639596283054735	0.156460136265019
1.26685929533059	0.54428495837387
-0.364016873793581	0.231824270831956
-0.427675603959776	0.260857339614964
-0.31428838361936	0.206438858144894
-0.639596283054735	0.156460136265019
-1.17644924504709	0.351767220057335
1.38876189525523	0.826680320885397
-3.7785458732358	1.50625599749456
-0.396856497501755	0.11460759549303
0.626705175154963	0.193843349012669
-0.644388682715615	0.156611606851412
-2.57185252800851	0.693041972437165
-0.780762271527563	0.271555244817602
0.13624806764299	0.0334168593092027
0.0647051846669545	0.026626486289584
0.082558098902597	0.0273014951400138
0.16307322360636	0.0318815003319474
1.97547028331465	0.493643388518992
-1.5552571448088	0.55650722237525
-2.57185252800851	0.693041972437165
3.25733366582328	1.09527269154755
-0.392908367756339	0.113497379913856
-0.83698921521235	0.367092119631901
1.42248186635954	0.460999123934144
1.4252914117679	0.462007722411423
0.133925459616961	0.0333863221239572
-2.12864949256737	0.984418585606181
-0.389819593414635	0.113165790285367
0.625545825050412	0.19581710979278
-0.261457989516018	0.175192689153566
0.338517754732611	0.233443277443629
-0.762432926129959	1.50193783923504
-0.490688812794345	0.965845988967604
-0.0345545987889615	0.0373714515181058
0.370882723481664	0.599373876962042
-0.588104574291634	1.13954088274631
0.413493137445263	0.725152385513816
-0.42136410946316	0.703274450373274
-0.419867341816143	0.597476963700241
0.0113770547936811	0.0123275929346917
0.0369903256188827	0.0313187838775429
-0.460662961077397	0.565577405567853
0.0411496743646348	0.0294490554871924
-0.321461066374517	0.208865667437851
-1.03774698461065	0.639093305142512
-0.234329778270683	0.164452945116534
0.103077233977341	0.0678886674437172
-0.203546016840335	0.178824039450688
-0.514118202851777	0.975213578975021
0.0371377835120145	0.0372699460137269
-0.440132955523068	0.59817942718574
0.0733489575079235	0.0737619888656172
-0.101696082439779	0.101252515687405
-0.629257097948496	0.859109821119949
-0.171960255010373	0.12490007969154
2.76383716543789	0.807175794601505
0.192412656656472	0.192884533591493
-0.667613140623828	0.70218032366193
-0.775809184728573	0.621986809139192
0.136474810645958	0.0335089325437728
-0.390466134450405	0.114207620517753
0.133925459616961	0.0333863221239572
1.9760405399428	0.493213117693187
-0.0491119512737543	0.0279338117896692
0.706665110466585	0.513573138547761
-0.417929018039324	0.254705858688311
0.231485860056846	0.145783221121616
-0.633045745181564	0.408193947427303
-3.47689322920378	1.23280103827797
-0.781868278424286	0.271784538759062
-1.24524225181468	0.705475647852926
-0.218865108735843	0.0794987515093568
-0.638650683410332	0.155084261982669
0.163786424348353	0.0319491236824782
0.13436303694843	0.0332886519978548
0.133271254304781	0.0330736858737192
1.78004190881562	0.684060345345096
2.76031666068075	0.80609461503235
-1.16351711030998	0.351194977573717
0.752983662535768	0.309028918061035
1.97547028331465	0.493643388518992
0.163659914308261	0.0319253139355892
0.101917990904754	0.0298160348051342
0.163659914308261	0.0319253139355892
-0.639303808570113	0.155405266784039
-0.389961680664391	0.114106955582715
0.994808869855531	0.468170594411037
2.76098037058925	0.812188394353738
0.937310940021799	0.247681996839871
-1.16523448224525	0.350479641287103
-0.780762271527563	0.271555244817602
-0.591948751244404	0.227812106984222
0.250008084969807	0.128963411741457
-0.0701866897978209	0.038184505205857
-0.875829927749092	0.758416422248228
-0.133368035974794	0.152602286332544
0.0237707574991666	0.0245098407513866
0.129755426524414	0.153495969543845
-0.0624745196798531	0.0716007442697576
0.0264027643519463	0.0299077124510182
-0.343547146932728	0.431563305865182
0.0637266907832711	0.068362768686293
0.161389740044651	0.16840444226021
-0.157060719475669	0.11598350917536
0.00132678327658853	0.00117246929026798
-0.517175254389875	0.405159563487464
0.0687721363196884	0.0312248275033948
-0.00687752103913508	0.0051312839252171
-0.201241660443959	0.12172567259476
-0.0655114291338205	0.0646171940438686
-0.486069929435473	0.745343661221553
-0.287460364709957	0.346246267217534
0.0407433189189885	0.0404382334760407
0.546103560341929	0.850998697220286
0.406358026102171	0.512854349289046
-0.771507573238026	1.36607442958329
-0.599523296567782	0.903981805897861
-0.0926494717494378	0.0624098734428066
0.0316596131783175	0.0267780930410497
0.278889869648669	0.250710745704912
-1.53980383340177	2.09762679808482
-1.10147465002612	1.23430086324085
-0.967176994022963	1.19440616901845
0.163786424348353	0.0319491236824782
-1.16720505655439	0.351348125137152
-0.38880875813668	0.112228426170382
-2.7079175737055	1.65705021499212
-1.18076082385569	0.81387394370057
0.691863815391732	0.497209249604799
-0.162775499971728	0.101709261736522
-0.193882043083975	0.117233346356509
-1.87549058741672	0.767863261128063
-0.471861364277958	0.200899221696111
-1.16911400221891	0.352395520307134
0.623126048257491	0.194216648284533
-1.1663387915426	0.353796776180306
1.97547028331465	0.493643388518992
0.133487547685943	0.0330756337612284
-0.638944530069775	0.156134678840522
0.936662065549594	0.245987967322767
-1.41110049431824	0.869595177711733
-0.395189973209262	0.114864985581358
-0.395057916373232	0.114485634680289
0.163659914308261	0.0319253139355892
3.61854672806477	1.38893852172017
1.97547028331465	0.493643388518992
2.06274546205155	0.902931253229983
-1.24342322866106	0.708596444931798
-1.16523448224525	0.350479641287103
1.9760405399428	0.493213117693187
-0.639889036078419	0.155465657511814
-0.777453821937005	0.270075260741115
-0.77689861733369	0.268136909950169
0.697397484085633	0.502506903168545
-0.63434808356066	0.402602848039755
0.415959571723847	0.242275777607349
-1.23548189397232	0.689310510452457
-1.0370012391961	0.639415183420021
-0.165672849593741	0.206529924389278
-0.113654472787458	0.131243903152567
0.597677747786018	1.24299314491242
0.237800307367359	0.316630174595037
-0.192617418869571	0.21706326401622
-0.205913925707052	0.242682407345043
0.160987845542896	0.168441499896409
-0.49673682385185	0.471754415287515
0.591736193846943	0.809736520726254
0.0717028531131614	0.0291249152764023
0.76836819162576	0.832860151207362
0.226168021125487	0.133558073370272
-0.225644623703078	0.129543713746856
-0.082355674803948	0.0653852524243454
-0.258684311381758	0.203039296130956
-0.3612027243895	0.430479401138091
-0.121223016047432	0.132533408614656
-0.541605222617408	0.880527581886969
0.111257666269659	0.129722858477386
-1.15609959190539	2.55114868813227
-0.219933248472911	0.292367960868871
-0.357155974938802	0.443732768143817
-0.0246144827361044	0.0231622000024097
0.676818619740004	1.05034195806191
0.00901554313823653	0.00558081857206215
-1.78355593853231	0.415040398756502
0.339222645238472	0.334929837486705
-0.171571523171379	0.142776094499413
-0.617483172637827	0.655276536503354
-0.572479438955058	0.527270134344938
-0.531764107580371	0.499969618541551
-0.264727643985309	0.269029254613632
-0.319901930384496	0.296117305222777
-0.421173803543338	0.375043454997289
-0.689945585170559	0.570581734242226
-1.42771179769591	1.16154213706266
0.618668237718634	0.190972005647244
0.13436303694843	0.0332886519978548
-1.78355593853231	0.415040398756502
-0.596775857760419	0.22919559229251
0.461689080669354	0.249829416274766
0.0685972879667952	0.0309516224657038
-0.0245937723080396	0.0144410131632465
-0.329998082762506	0.273259435550373
-0.469341826114402	0.19853729902227
-1.5592573014063	0.560959739167039
0.939435318789204	0.246610398890443
-3.09164110396459	0.955390962016237
-1.56390564122763	0.562697971919826
-1.87715426154877	0.773308234772495
0.980775883816089	0.36599399400451
-1.55775880570834	0.55671962166184
0.939788369692413	0.246515323141127
1.42595936707127	0.46464634975394
-0.63923865613969	0.155145012751728
0.165719814080059	0.032118911098423
0.936662065549594	0.245987967322767
-1.55825797222393	0.560915030422003
-0.587362233118177	0.227587398386815
-0.588633041171092	0.228206887041441
1.71203119088556	0.927553809260798
-0.639596283054735	0.156460136265019
0.133925459616961	0.0333863221239572
0.992192255480416	0.465614826121623
0.987961739927137	0.460443873778867
0.647869385396302	0.495150487952851
0.0943477358820949	0.0593875543434733
-0.381148291257969	0.176963419396824
-0.420813628768116	0.749962082286894
-0.0346339292825559	0.0447610947585787
0.294126625456301	0.483183725145207
0.793044656433394	2.02958250399111
0.333534487606918	0.534997460365319
0.472765740674265	0.738876230217412
0.183819199944534	0.203372941019393
-0.177415348328857	0.1886017437646
-0.140571955895591	0.11668872052215
-0.282864606226556	0.325276988470251
-0.177906644243924	0.0717647865087758
0.0389560441636048	0.0269827087269901
-0.280629069368024	0.191301911999597
-0.61333690088255	0.645104901628345
0.0693022940333923	0.0343826701645144
-0.0629976022136398	0.0440854738835714
0.199664015173459	0.233056970745894
-0.336667497350413	0.549803865307912
-0.258338852346277	0.346475022842627
-0.261450104086064	0.348671112558958
-0.730121195955763	1.50052905068467
-0.258037998846875	0.370551404733922
-0.348115219715851	0.516938138564229
-0.182882415585307	0.239786089209532
0.00428690834061806	0.00455838586975237
-0.244688871353808	0.29955374180585
0.165318897878201	0.215317988306794
-0.235508249153313	0.257289076032054
0.206095327339072	0.174181902643483
0.163198318954765	0.0319050580443516
0.0727038526538122	0.0718568671366988
0.129582550273367	0.104679523101038
-1.22800216956301	1.48992677645657
-0.595959168188158	0.677617497846259
-0.722304318144903	0.704966804620782
-0.922025565597111	1.11541436524972
-0.121433515850448	0.0927200972451039
-2.12736736230253	0.983257897885114
-1.34219551471333	0.618497753906037
-0.255520249807938	0.220692911854653
-0.269827109048652	0.252259107272638
-0.391112366168209	0.113694348973874
0.621469716638925	0.192291266459957
-0.389314007007522	0.11306509974214
-1.09235373924138	0.987829781670447
-0.274968626116548	0.187548947519645
-0.675644041808269	0.495641023029533
-0.596063760073433	0.594141426754479
-0.493442749032661	0.426464218694977
-0.351162722050391	0.322561191681841
-3.09616154994407	0.949394332874711
-1.55875747069186	0.561897601836786
-0.686247252782605	0.333131031375916
-0.473165309598455	0.201872933009848
1.42618191837161	0.461642678393369
0.622619267673717	0.19534691993008
-1.87645058958283	0.771634568567856
0.133925459616961	0.0333863221239572
-3.47286901881966	1.23062907931592
-0.784952004958393	0.273079517790807
1.77938594611081	0.68549536418416
0.624899495342388	0.194695505334991
-3.09193101813948	0.961049195592252
1.42551433969465	0.464150673012566
0.937310940021799	0.247681996839871
0.133925459616961	0.0333863221239572
-0.638944530069775	0.156134678840522
0.625545825050412	0.19581710979278
0.0816175952502967	0.0266475064433073
0.1282575787163	0.0318886336124139
-0.387678621621037	0.112733540232719
-0.779374022118994	0.270566801509696
-0.390466134450405	0.114207620517753
2.0626131275164	0.90284879120541
0.235565430652571	0.132069180238196
-0.138949810463061	0.0615669878700234
-0.115542458893622	0.0555011358710365
-1.55989497477867	1.07896222408607
-0.690508949007889	0.335153592853326
0.0839180301116625	0.100356917311693
0.222479527888724	0.288537530473399
0.116622067251703	0.12928056765889
0.159515392926007	0.180048595554347
-0.529896781392298	0.56801017396295
-0.209541644434195	0.25880359965569
0.376756766737136	0.418885407884483
-0.235013082429674	0.18715322280761
0.599869311104049	0.725946302164407
0.317155185258673	0.136731304068206
0.566369079654775	0.47077887140477
-0.224165007049779	0.0823923664621569
-0.461871335132946	0.194760110630921
-0.996093958534864	0.829879170516558
-0.422287180893501	0.497902052405748
0.200711126500823	0.211688256735863
-0.00958186655643558	0.00912962569818369
-0.206242930712077	0.227209242343142
0.0416279787077768	0.0412927896286499
-0.509411337838636	0.885517472582738
-0.248005376728226	0.267524477659165
-0.133730922879162	0.151269806225733
-0.421651137539302	0.601183098252056
-0.184256578989533	0.181863624664427
-0.236001922580723	0.286372163265868
-0.0374085147129968	0.0312776695397713
-0.231994621339158	0.223372936993911
-0.838692182546781	1.33649721455008
0.426979796120424	0.496469539240654
-0.371824330464571	0.465899208389117
-0.141581518368776	0.0909852774400651
-0.143986271320666	0.106365155208459
0.507523668375181	0.449260526453361
0.0781982277582627	0.0441206489969284
-0.762791213536917	0.534354499627026
-0.15982937485904	0.0996870604578782
-0.441852668848003	0.455036424450535
-0.16159919322983	0.120381023623833
-0.571047739344874	0.305755299443432
-0.280321014485851	0.0926837226912554
-0.388186711086283	0.112834812193388
-0.270592498555595	0.185364201280108
-0.527208805411876	0.609388584784196
-1.2377629103585	0.698370043225513
-0.427722980571455	0.308254124395364
-0.273675855377927	0.187210570199045
-0.322384708088365	0.164408721780764
-0.0656852443887984	0.0354706509179673
0.0888448038081857	0.0533150461529651
-0.141167824019847	0.0624642307823786
-0.395189973209262	0.114864985581358
0.139264171070035	0.0337274870734583
0.163786424348353	0.0319491236824782
0.163659914308261	0.0319253139355892
0.100674308760322	0.0294967719119431
-0.216322364283445	0.0796101409174183
3.9060717520559	1.6728769939656
-0.638944530069775	0.156134678840522
0.133925459616961	0.0333863221239572
-2.57173719412033	0.687667960690795
1.9760405399428	0.493213117693187
-0.639303808570113	0.155405266784039
0.16307322360636	0.0318815003319474
0.102717811394304	0.0296482726730967
1.42380936571803	0.464332625195306
-1.17192744414291	0.355003538565994
0.980089419556064	0.365342534656041
1.77873029868246	0.684469072770882
-0.39454491410749	0.113829451246513
-0.143156317889286	0.063582467312905
-0.228032997133188	0.13066277251783
-0.575617262781177	0.30233573593901
1.4412138816211	1.12585752837732
-1.90539312297805	1.19850894023374
-1.13695490286219	0.911882975056399
-2.35092678627691	1.20429755077401
-1.08796005889225	0.437490348287605
-3.09193101813948	0.961049195592252
-0.644297118378373	1.30394309796635
-0.138245479351332	0.16583453741036
0.418624931642258	0.662991179571128
-0.267302863137753	0.360255170221965
-0.413034668741285	0.57256581525806
-0.248080647130905	0.309650613229055
0.325661977314359	0.391845936323797
0.999670072430205	1.3605594366431
-0.00143484401365982	0.00108501567626511
-0.458720418642612	0.365367221963745
0.3202398839388	0.241438179886715
0.416886214219323	0.244668041085591
-1.69535360126629	1.28843459170245
-0.0519593074073679	0.0470176435097128
-0.427129008968894	0.731252521146217
-0.625625594606105	1.18722181513892
-0.0425128380982674	0.0462430918005356
0.329388387045947	0.415593421671475
-0.015452700106344	0.0164001876696969
-0.278792255207158	0.419313795159477
-0.423585038075777	0.639446882129025
-0.184749868337619	0.229611925389056
0.0610996841786236	0.0614544515883958
-0.241205423020668	0.265253605898496
-0.139294578552328	0.157760125737928
-0.139830896423165	0.151298288600728
-0.411424287792885	0.604792917794255
0.596686498301448	1.00710779881435
-0.00740148125009867	0.00755563032532797
0.0268273823948253	0.0251073552226428
-0.600098702703412	0.598576355621584
1.9760405399428	0.493213117693187
-0.796292187408109	0.98046989241865
0.482243385689681	0.454115745247689
-0.315557042420898	0.289623478596694
-0.118454743310876	0.0901602168955083
-0.311376758020381	0.20615350890383
-0.846728430996798	1.02764830223213
-0.845503010586284	0.37455623439459
-1.40705228955456	0.878617943695821
-0.849134129608869	0.375874028171401
-0.280321014485851	0.0926837226912554
-0.289157881285003	0.0949427839529242
-0.613473060419773	0.516382530425763
-0.927482986694964	1.06267303712556
-0.266870052473541	0.209155070014258
-0.882975195943854	0.586702545832822
-0.0715349431939856	0.0490351315925584
0.0579558431156032	0.0443521000014342
-0.85399917446516	1.15138593671212
-0.409673502121416	0.396192472759248
-1.01368614972408	0.74501518507443
0.320934732296339	0.139094817121576
-0.383351981183234	0.179384470740974
-0.865794779269583	0.811316786129367
-0.237282629736503	0.166461038913304
0.0713935019333362	0.0351969384013629
-0.682295123183634	0.330760886234254
0.625409925972999	0.19358581281195
0.0719467454944798	0.0265390545213781
0.937663816241147	0.245703942231671
0.163198318954765	0.0319050580443516
-0.390106056190049	0.11275196876654
-3.08744594535476	0.960811196593325
-0.63923865613969	0.155145012751728
-0.791426496769117	0.273604206025069
1.42595936707127	0.46464634975394
-0.784952004958393	0.273079517790807
-0.639303808570113	0.155405266784039
-1.170816943868	0.352341346328956
-2.57185252800851	0.693041972437165
-0.636519747219715	0.154206502671366
-0.785510297747507	0.274807822870996
-1.87589507697217	0.772784994625061
0.465007396929331	0.163757650783096
0.622754877518999	0.193758888404047
0.712676691427542	0.397871425406013
0.615689716804824	0.277633042349534
-0.63635982717337	0.575532139247287
-0.126489289284889	0.0598934150978427
-0.172499700571812	0.0699577446156788
-0.78606888648088	0.274941922247046
-0.781315129447024	0.272091885430255
-0.15596233261773	0.22489434831637
-0.261622212131701	0.380407232397288
0.0673992544645212	0.0767393393297405
-0.153133355870102	0.173787525585216
0.31303957694168	0.431998563839388
0.252260199919013	0.357673673343063
0.233889630624401	0.283930082701742
0.387862873045661	0.582128891731051
0.414472275410059	0.511364479745038
0.199401017980341	0.172459220551236
-0.538546531850618	0.676865429319655
-0.483575878520881	0.277382492371679
0.99770637585892	1.07794762001309
0.243912042533211	0.125382490188293
-0.491016802562544	0.281356641995331
-0.788642015103742	0.817043660922572
0.0955063077524896	0.0882800526679147
-0.499889754484856	0.760953435062372
0.101918254922655	0.116427883045462
0.293399550890728	0.398591874930503
-0.0732987924321229	0.0714206100448791
-0.244754714985943	0.316788289078998
0.12190197095078	0.144028060348462
-0.211446583028779	0.248970093731193
-0.0611460388042996	0.0648519424228785
0.0700546164721887	0.0773679512842319
-0.204602142443574	0.224852912865949
-0.198927175390115	0.258165153536294
-0.193540723728135	0.234953807011129
0.20473779568892	0.247868366474293
-0.388759024367702	0.524647895729107
0.01827344107129	0.018210613847461
0.0593572296387067	0.0640998535218836
0.0572573791003971	0.0598983023516102
0.287939987355266	0.354704308267153
0.865742487209695	1.66057687293992
-0.19701006573515	0.177434406122084
0.158538842469227	0.0310613719570749
-0.480601603959741	0.589015725522103
-0.516479655703252	0.594952179974213
-0.417272193099955	0.254487014952985
-0.65323576042199	0.642345560278152
-1.42667099853234	1.63386643205092
0.282488653344344	0.248286542402861
-1.58594448160008	2.44519777971086
-0.87012642750327	0.481989273985102
-1.03550276466932	0.639449117044179
2.50291740135914	1.34683203372013
-1.24288234140215	0.695209264045555
0.081873967870621	0.0269399899837952
-0.685835763245121	0.561750371739571
-0.96823934374209	0.897985014828762
-0.471968863819731	0.201005767264039
-0.137116494360246	0.0878402661078646
-0.46378939117531	0.37198478523219
0.200780728024464	0.159662655983047
-0.000696267510112645	0.000308223136748455
-0.654044342982602	0.641729540854281
-0.273965516457155	0.149914429276327
-0.0496346067002183	0.0281559625044286
-0.0990564633010456	0.0854617869496185
-0.040547585279456	0.0336485620834204
-0.265297104240568	0.205547884232579
1.01628631469437	1.18837539038528
0.674675354973995	0.608881197217609
-0.2332420962122	0.13508374221449
-0.176328821004761	0.145513713458663
-0.125162421744045	0.118490866592494
-0.988700837478182	1.39676349379395
-0.292623885601459	0.297824556001974
0.465007396929331	0.163757650783096
-1.24047624285779	0.700670918992634
0.198912775443816	0.157524396072784
0.315813737148871	0.235753704678113
-0.742513994343841	0.443036055829636
-1.40802805371579	0.89140493733587
-0.390609043378598	0.113594128833838
-0.779928198015439	0.271100929587385
-1.08751150574302	0.44047044580575
0.163198318954765	0.0319050580443516
-0.395701830802091	0.115534330411752
3.61951558331876	1.38249504606301
0.134580624513602	0.0332822882767434
0.163786424348353	0.0319491236824782
-0.283512963778685	0.0925848114621674
1.7835449113669	0.675391226818761
-1.87161914657441	0.769308082532686
-1.17148606342711	0.353067612488471
-1.78346459010975	0.415096457236971
-1.78346459010975	0.415096457236971
0.936662065549594	0.245987967322767
-1.17170273836896	0.352528986232316
0.101230426961354	0.0296586789627306
-0.583204283461703	0.223838897766832
-1.16866688029137	0.350488964511777
0.46558528697238	0.162904562033637
-0.283124516934905	0.0937185339860193
1.42834520092873	0.45890870010031
0.0674751967854103	0.0307295946139021
-1.18132070094467	0.811844251535795
1.49448029361097	1.45991668457838
-0.087142696153872	0.0449447654985551
-0.117284440659872	0.056763351814342
-0.219965120388317	0.0808475257581228
0.133487547685943	0.0330756337612284
-0.0524074291275275	0.0664793167066722
-0.152644888763965	0.176050209916919
-0.113481063526378	0.147279810350867
0.0824977997533566	0.097040815969719
-0.549544423522492	0.94124304402833
-0.0790460830904768	0.0763561386985174
-0.349081840189643	0.518928586170918
0.251111392431801	0.306319767177726
0.632503664396649	0.677802283818454
-0.246577520704428	0.23339662502857
-0.267203841392361	0.144273644153034
-0.208271180214464	0.168476129283742
-0.0954318050806583	0.064439300173804
-2.54336414080825	1.4253159958751
-0.457826092035475	0.363446830930161
-0.0314407350709877	0.0228545213294359
-0.789754902766188	0.919998067897169
-0.558219144513368	0.663462599555314
-0.317789145365405	0.270618853080841
-0.234595110500748	0.242401037995805
-0.326658515362797	0.49286262312511
0.355823290956813	0.52299033190226
0.420545916936908	0.668478544424018
-0.343373922637673	0.457032806986714
-0.146273581478899	0.192054932354866
0.166201395055135	0.188242558951951
0.0256949455387496	0.0267956640852387
-0.203689235717394	0.224398054928939
0.537266375086545	0.902716429962638
-0.272893232378659	0.383675363575783
-0.408745455032618	0.60310977462055
-0.404624445225809	0.526813666399211
-0.30948899901475	0.329006025156709
-0.142710790337173	0.134049360264974
-0.210472046624763	0.203209406344141
-0.170667815015236	0.193674409107608
0.0433436827392357	0.0436408968577471
-0.156124185877468	0.162503275880762
0.774889232885554	1.28487211559836
1.37841171001754	2.36307454341673
0.287893849790246	0.348419803090686
0.164901816615252	0.169230638917452
-0.111977219126681	0.130418055319688
-0.166142615747509	0.179294474355086
0.404798624519026	0.341389695700966
-1.78707841532115	0.414309017630871
0.095445403356623	0.0882663938419418
-0.210291859639394	0.217035171177694
-0.40080265128855	0.469944621498369
-0.160870898814929	0.119141229548071
0.060165354728846	0.0451165808609307
0.270833706518573	0.255923375056945
-1.26810996222353	1.69814336286423
-1.16853271158807	1.59195881780579
-1.08585839601005	0.436841154743975
-1.05704735856792	0.523681309304875
-1.13542338189639	0.909286403962151
0.107049265602915	0.0705997459255793
-1.04978384639928	0.524358458075778
-0.783105546622298	0.689565558288878
0.0513481884286641	0.0380789384071736
-0.235870638738579	0.165232277503856
-0.0354381904049743	0.0255989601756289
0.0777285132928801	0.0348248669218754
-0.0900920999013283	0.0608188868227448
-0.015928472517122	0.0117169131617837
0.288499807988	0.343031897558718
-0.163277371533707	0.133189368283502
-0.237317953267195	0.189302433074935
-0.777096264406541	0.61420995813949
-0.137405574468958	0.0887980282655883
0.121677462285768	0.0867777429888633
-0.468967031962852	0.542501678695672
-0.204514476204097	0.227272553525778
-0.586007965488688	0.847150021099729
-0.282103892109278	0.322347423185964
-2.57196810381088	0.687583434747214
-0.288434452467797	0.0952993614318452
-0.116553277630041	0.0566798186577043
-0.27998953459757	0.153589076731277
-0.195126640711836	0.138617958800964
-0.312699627597864	0.20795901965149
-0.226299622811527	0.129897551627784
-1.03415523259571	0.641365163506907
-1.40434663586774	0.883145696443462
-0.78606888648088	0.274941922247046
-1.24849032012399	0.704814576786829
-1.16677175880733	0.353813253690907
1.97547028331465	0.493643388518992
-0.388047267363759	0.112034486078197
-0.785380935173904	0.272385912061438
-0.639889036078419	0.155465657511814
-0.78606888648088	0.274941922247046
-0.282665519660867	0.0929789106960824
-0.786814061774511	0.269858690199098
-2.57173719412033	0.687667960690795
-1.78346459010975	0.415096457236971
-0.221231523100836	0.0812172613137178
-0.389457563445465	0.113252691370962
0.0719104258498749	0.0295456508300402
1.35181087610758	1.40212110463244
-0.0680366429477524	0.0368173090066047
-0.566037294567138	0.296630122637783
0.708473642439502	0.397653937300489
-0.477315552474934	0.201692535989034
-1.31679283532866	0.994991248723921
-0.473978329291093	0.200715124765213
-0.784262720726161	0.270561596576703
-0.780067822171114	0.273115694343224
-1.43754033673104	1.41982228008749
-0.549898395113651	0.371483702295281
-0.171946598703089	0.0690742073744823
-0.684709585491117	0.335273641449452
-2.57584548566592	0.689261699424094
-0.836200729985186	0.369466478251462
-0.162185062032621	0.195615123668311
-0.12002938533128	0.13121622664127
0.250495358453749	0.329826843476816
0.723934343053607	1.14256957723762
0.274621570806075	0.379750947276544
-0.140089857664209	0.140467134022634
-0.0825107892694024	0.0726102671641902
-0.172915632315314	0.15537935896563
0.0849968537365011	0.0481706972913848
0.0491337740030274	0.036774987736381
-0.878699348088675	0.581833433401845
-0.54691731591934	0.368719459882535
-0.528956989074774	0.568990333463584
-0.167561611025278	0.137984493753534
-0.335735007820226	0.310905874075822
0.216012734172023	0.216661553182083
-0.356811648419035	0.426068937435683
0.199644624412893	0.240270422395638
0.426212506171682	0.606643757373101
0.264123242003041	0.313211155755428
-0.616767869847297	0.892085895008615
-0.711620913749288	1.26304970067978
-0.334042436501252	0.424098281901471
0.503051564125855	0.778092261469286
-0.501142250221919	0.76264849562869
0.287041587132693	0.352237342907443
-0.0984284156837418	0.101394607342511
-0.337474478522227	0.379257247345722
-0.753414515208757	1.00557009356564
-0.388346371219992	0.459932817291865
0.577921200340372	0.84458209196001
-0.214519254304151	0.274920891191889
-0.088309298950146	0.0782882849161822
0.597426961238469	1.00923616033863
-0.294102762970478	0.35220272901532
0.331083516181053	0.357414760849652
-0.38219603536485	0.509924095275652
1.16959056256511	2.18947416392052
-0.0197290393706937	0.018632164738116
-0.00102464842139232	0.000956721889633884
-0.128851336746706	0.0968407976209124
-1.16610275079213	0.35308024748219
0.059525886336233	0.056370518180519
-0.631001927777139	0.668113902094393
-0.0641284885549099	0.0436397528440521
0.0717952634384248	0.0600257650099789
0.938633188070275	1.22586103823236
-0.37463624156181	0.338262311244756
-0.152369679289612	0.128080088939126
-0.0312084117296902	0.0226709115831354
-0.724560147693276	0.752034050077775
-0.505747726706606	0.442825196462075
-0.141389693178264	0.0621363572944074
-1.74305946866736	0.994615619676536
-0.129008981906887	0.0827421210531804
-0.389315139255012	0.182046289772326
-0.55166416276949	0.474241508520542
-0.0637238904122258	0.0348308077138769
-1.60224396623729	1.73876879242646
-1.03301080585321	1.08686083051746
-0.728079100983585	0.796001473994416
0.408960142336313	0.430374769936573
0.40370524236591	0.339793802765303
-0.254879580523818	0.222183721708352
-0.100598951142995	0.0935622858676754
-0.412714440286231	0.400222847944344
0.603718457439363	0.736032546091627
-0.109477571998979	0.0940609672232459
-0.381630276747303	0.314832186705979
-0.739617363132026	0.865918088149159
-0.384141611490125	0.404694355430016
-0.134226612109124	0.124834518803987
-0.431879510766899	0.504414740191719
-0.44947974815427	0.549411624185933
-0.284392038770571	0.094028916343425
0.0705922002028482	0.0319072497862805
0.0774788770821167	0.0256345371130296
-0.948187173040434	0.94469786474102
-0.162747195218902	0.1017188651511
-0.267958476007838	0.18123825968057
0.227565233172252	0.135791905262112
-0.206267975507306	0.145937071197939
-0.473650890147462	0.200079187758262
-1.08796005889225	0.437490348287605
-0.78675750307229	0.273371828721461
1.70976625287889	0.922945192822728
0.163198318954765	0.0319050580443516
-0.78675750307229	0.273371828721461
0.624899495342388	0.194695505334991
-0.636818099084377	0.155245621420264
0.616870867297751	0.191973847001387
0.137134990538943	0.033631618011293
0.0873919099750194	0.0287339321083739
-1.08458613488527	0.436276983689438
0.133271254304781	0.0330736858737192
0.0873919099750194	0.0287339321083739
-1.56375161456735	0.56156516596452
1.26903485065789	0.544915109346076
-0.295000216579899	0.0953561331545542
1.31669547352937	0.953603793982105
-0.549877776675623	0.371466801641308
-0.088513931850974	0.0454906268478544
0.226693790627496	0.135288642316206
1.38523988225985	0.826657285978315
-0.384951626667062	0.179919437692824
0.707513676484291	0.400560000844903
0.372836341916771	0.145196911655023
-1.34666612351855	0.620394339358533
0.819722157515508	0.421803744083854
-0.584474130413975	0.226044658568199
-1.17380030039843	0.799490055272
-2.70863971693647	1.66040285346661
-0.149418593285756	0.0654827940895043
0.31767139057924	0.137388559704927
-0.32638761904004	0.167322349436483
-0.223574805971743	0.0822999127273226
0.624388721245183	0.19309266257856
-1.08935655759627	0.438933068712187
-0.140046293937645	0.169169606839655
-0.326411900623369	0.453868913176036
-0.119957382356993	0.126231478139102
-0.550609991970215	0.853943049391465
-0.437146668839258	0.512586296192384
0.0377301746917632	0.0358630242394037
-0.0797975085504189	0.0762569289503673
0.201130253675976	0.19215743045165
0.244850883711557	0.266283270693245
0.0803839748534511	0.0391588307146295
-0.50621296964335	0.573365554467182
-0.416181140589706	0.460106273594539
-0.487603514641115	0.50022347095836
-0.496001377094059	0.423851069254257
-0.668936660606018	0.494145459072597
-0.733899881183556	0.436644479538698
-1.35166855292437	1.47142059731306
-0.271302475873198	0.255573618926079
0.620786716184716	0.735312298043714
-0.273462066655583	0.27943057720944
0.529582079335745	0.776300344512721
-0.22995912347238	0.25452705098831
-0.439099680231708	0.691854084226018
0.511923447128983	0.843652060794702
-0.0468597732112621	0.0430821782559146
0.134921216270526	0.163012208553824
0.0476135565411426	0.0501601984350661
0.553039761082425	0.878217387604244
0.0427336802973387	0.04367566731308
-0.329186410276704	0.416333492103983
0.202160109913389	0.252291747245648
-0.0979689480954275	0.0914131925379912
-0.280544557803658	0.322071249083862
-0.448628534520372	0.580919184239986
0.0787236898422403	0.0656499096801355
-0.0156028940844861	0.0133245323262273
-0.665672967111059	1.07469432499127
-0.0384601254060584	0.0350421193384722
0.921023471729058	2.34276250435244
0.0212606958252207	0.0190082076626499
0.285317812167216	0.375299918709056
-0.835158789623597	1.21625836231009
0.0959867929612201	0.0936022673070465
0.413931153095863	0.510657334220927
-0.149267832353957	0.147970746096567
-0.329657447837588	0.398733219515348
0.373848160765943	0.434012555531582
0.0178815298856774	0.0120854335672114
2.76031666068075	0.80609461503235
0.0985089712036276	0.0924344594824872
0.42150113073787	0.5144980674389
-0.610271308465882	0.84160096769815
-0.213168826241421	0.221624599948156
-0.278382671854228	0.239824467464529
-1.25766066654191	2.04271932991558
-0.0823657600064204	0.0547106314013241
-0.960280881279695	1.33411234032636
-0.463612557314879	0.507260688891976
-1.05172145564055	1.02570569833558
-0.362605393755605	0.26561439119862
-0.459075844884119	0.365317240009422
-0.0631622105511762	0.0444210931821906
0.488304181053564	0.359264441774525
-1.28996688054218	1.50080666731138
-0.881357404529891	0.679391590814407
-0.611523171841856	0.514190995138094
-0.357088613042094	0.375006776454058
0.330034097839427	0.241149251768825
-0.623251070282972	0.665515535356035
-0.265601123859773	0.249183047420734
0.0347646321604157	0.0244299190926299
-0.0399353404440935	0.0283869162977783
-0.740909562289958	0.873140218842106
0.0375046953695169	0.0315712197210395
-1.00060231922668	1.43986368014865
-0.0852074896540802	0.0586668017840613
-0.0283615292146049	0.0208207924208702
-0.62679331625697	0.69946981039961
-0.200385843439439	0.210262393714157
0.379094462502964	0.422107310540777
-0.989309103045796	1.49566474936896
-0.485849208312118	0.277374509172565
-0.384896423954057	0.179688199015658
-0.416257199705047	0.25220398071787
0.228101133068293	0.135869625313489
-0.777967038425239	0.622563532887608
-0.988815320436717	0.821274419151497
-1.08624071742412	0.973466990802708
-0.365517570816509	0.232187172225513
-0.989048445063936	0.82156382562823
-0.778906235470525	0.615732928404912
-0.463647593999586	0.196739695371961
-0.223574805971743	0.0822999127273226
-1.09400830347944	0.440538324318664
1.20132876874498	0.633054125993341
-4.03228318201026	1.75990623369034
-2.57584548566592	0.689261699424094
0.0791047998989641	0.0289636685525662
-0.222984848817832	0.0820010323139345
-0.179964288369622	0.0727179806088012
-2.13267694421676	0.98695778564171
-0.218087388523012	0.0802373753364199
-0.471968863819731	0.201005767264039
-1.34549929264778	0.614358764173469
0.082558098902597	0.0273014951400138
-0.390466134450405	0.114207620517753
0.136474810645958	0.0335089325437728
-0.223663099670944	0.0821661755551311
-0.836297929353151	0.372203399815473
-0.484986497613622	0.341522330379326
-0.321741711718959	0.164007908389126
0.518768583153267	0.363015368698864
0.254203699836253	0.132323557047423
-0.389649634548148	0.181100350384065
-0.780980753424491	0.628549647529634
0.487882796525277	0.356435774969486
-0.590176044829628	0.226966774681667
0.133487547685943	0.0330756337612284
-0.875784576739018	0.480543504972902
-0.390466134450405	0.114207620517753
-0.279021547659075	0.0916994777613714
-1.31259086507528	0.993571525379102
-0.838659705397213	0.373789470849522
-1.02650449666141	0.62673094740705
-0.357986193326116	0.229106449429258
0.376450834640573	0.146813529842881
1.0071341530565	0.58930067628041
-0.111913326303682	0.05415096898476
-0.84481990320661	0.377025193866205
-0.585643003572703	0.225890124229474
-0.631737763992194	0.406977062562229
-2.12903239580424	0.978397023779363
-0.467928898948995	0.199452398403393
1.38240980293871	0.82878503762754
-0.872556223425527	0.474772394611823
-0.443220551905711	0.718126313879852
0.00334873743446123	0.00344153867266252
-0.380608842140094	0.648883548661087
-0.0195306104339685	0.0195999855353583
-0.0678176409865385	0.076679853621952
-0.0164934539250859	0.0177274755820833
-0.604637580490431	1.04696525215565
0.248919895990186	0.281192559903482
0.679583957005922	1.23205559715673
-1.01949413451968	1.65580356580948
-0.12075741032552	0.103706974318301
0.561081168055843	0.697397100722214
-0.763266496749924	0.535145178576014
-0.0926748038888183	0.0625997350035454
-0.48715637684009	0.28140839802914
0.61429642136788	0.276481339289402
-0.173537815915789	0.0702325619128187
-0.326569921036367	0.16488560046235
-0.8400205183428	0.373068218527666
-0.55178345463426	0.371711985360364
-0.323805099065945	0.164133727389644
-0.516279203328531	0.396781784099385
0.28338421700757	0.249099553418766
-0.603601559694977	0.912906619131373
-0.0511527060510119	0.0543520090468395
-0.657798362782441	1.14020476689926
-0.568305936905651	0.82660574890987
0.0321411625352536	0.0301487470747619
0.269590930974551	0.415768069773964
0.399297545368176	0.577073730596013
0.405569999220943	0.580150110252624
0.201628132885669	0.209473811268385
-0.493272934125845	0.726004569096004
-0.194321234582245	0.210060327871056
-0.229322347945318	0.264855314130939
-0.252823985438753	0.306989820357201
0.154998477054124	0.16433643172867
-0.151292036021156	0.150379763589271
0.0340342629361769	0.0293295188792253
0.057596371765095	0.0444509903515985
-0.0298747589241427	0.0245169037037281
-0.0553004493395063	0.0495292751229893
-0.261450586310275	0.337228042781029
0.095227796454605	0.0908343191176905
0.287662098735707	0.36468278532145
-0.000306712512606297	0.000249676158773019
0.293845823112524	0.363957101432734
1.05781246844752	2.2515268474952
-0.0308618992693736	0.0281301799138951
0.201730888846188	0.204940680596034
0.476401601906858	0.67257146915278
0.0265686472524056	0.0219082706231983
-0.00882345169224455	0.00663895023820683
-0.518294472605157	0.403103113630437
-1.78346459010975	0.415096457236971
0.026136839324263	0.0214192564222014
0.136734811185272	0.118841090637331
-0.010682193288455	0.00635475929907226
0.492040053117068	0.448618887122618
-0.5124287817189	0.396425368597011
-0.00855812246503616	0.00641285248163255
-0.247890578578129	0.217968557116524
-0.529244950369035	0.495890519595417
-1.41944344568056	1.79300531507846
-0.297679487209487	0.230185299183859
0.824403319254533	0.423851455837682
0.0688332521331319	0.0282832559567393
-0.416962091734448	0.252458800528735
0.0757480067948422	0.0372970989012471
-0.197576130232168	0.119790016710792
-1.05395976125607	0.531601431621284
-0.715377022903194	0.726809139170635
-0.647214085429222	0.629481158633154
-0.115466768567419	0.0883958775568121
0.10033014208277	0.0660658541418134
0.548630867050194	0.546295810952024
0.133466246244112	0.121187694499766
0.252976109708525	0.25429953880987
-0.0157500450239038	0.0117363558306202
0.211551701931465	0.150287385399633
-0.418776385270401	0.341580079302928
-0.786481448193198	0.751431527259955
-0.249196908151121	0.236947033324521
-0.312037050369877	0.334836854548277
0.0326631236324747	0.0285728741084262
0.136474810645958	0.0335089325437728
-0.142638786253555	0.0638144711819559
0.251781366532613	0.129442221139194
0.0805111058846499	0.0451774887153674
-0.783457796306566	0.690700216031262
-1.24509495371872	1.08069841266601
-0.163241304693691	0.0999887084707157
-0.664957886435193	0.491395879357907
0.202033457479294	0.164683276007409
-0.0671771539783835	0.0367141061009763
0.768186403519509	0.836107347619679
0.0881060600464754	0.0547875166720342
-0.199779262482162	0.120708951513822
-0.680130185908512	0.331604380927299
-0.283124516934905	0.0937185339860193
-0.839245374563518	0.374304139759012
-0.587362233118177	0.227587398386815
0.372747047788119	0.144548851062758
-0.28393383009478	0.0933555652659854
-2.12903239580424	0.978397023779363
-1.17192744414291	0.355003538565994
-0.588633041171092	0.228206887041441
-0.638650683410332	0.155084261982669
-0.636818099084377	0.155245621420264
-0.641610233177848	0.155404562226158
0.467835554520711	0.164483539903032
-0.639596283054735	0.156460136265019
3.90185561954923	1.65541089877323
-0.390609043378598	0.113594128833838
0.752983662535768	0.309028918061035
-0.639889036078419	0.155465657511814
0.0811577012492573	0.0267476285358754
0.101230426961354	0.0296586789627306
-1.55626595184039	0.556556003824154
0.128703972957949	0.0319889921983585
1.70774475105637	0.917759439192266
0.234698597046253	0.131515827561561
0.0751676226809909	0.0396342066149424
0.827323817273502	0.428074757713237
-0.467817992669928	0.19908175091527
-0.171498410727533	0.0698197819619669
-0.643736593348132	0.156287938793396
1.77837828551976	0.669661631340234
-2.57584548566592	0.689261699424094
0.0780670570767601	0.0258238753791963
-0.283816265891262	0.0940046780297161
-1.91473954403269	1.22385469203929
-1.34335827825194	0.616310037678989
-0.839447719081918	0.370728832745336
0.101361210294962	0.029653942309968
1.7104383969852	0.921494376347142
-1.23661486331406	0.695935558285364
0.415610387599002	0.245319120843799
1.89266683364384	1.14492945018487
-0.320328543004327	0.162894232670649
-0.288434452467797	0.0952993614318452
2.322573603676	1.82957628869602
-0.221760980753691	0.0801908547642669
-1.01415750571881	0.73991267534035
0.0768702787110517	0.0313755593060014
0.0761317946549055	0.0278872576785143
0.312194076875836	0.133646589274212
0.0867103564340368	0.0285355139239009
-0.0681722188377082	0.0761723392795887
-0.399822921566544	0.62165941524122
-0.19578779370017	0.230004571845648
-0.0468385075269898	0.0496639092057592
-0.326639775891488	0.412567161851829
-0.769129659481155	1.43577894010893
-0.374185509494411	0.47123367593866
-0.0464733831468308	0.038370702313526
-0.652543902020115	0.813987630839035
-1.13445864267977	0.908129969017246
-0.57880825846797	0.434004593265577
-0.398533270327412	0.183514210422089
-1.09471927448972	0.436015419953435
-0.632219968634382	0.402398706526182
-0.283124516934905	0.0937185339860193
0.00146589315049021	0.000987696670595455
-0.388948648212306	0.378423006233343
-0.213410114933893	0.172468324834765
0.204841333770694	0.17197701149798
0.584356774624014	0.808136288709412
0.604367656265791	1.17620207882146
0.49160625924481	0.763637319374828
-0.107721711618537	0.120152189197248
0.249895371411377	0.288974998756245
-0.160056305445638	0.182380430054393
-0.0963685329253033	0.111653704386858
0.451270300053344	0.665191343043757
0.0157485766434905	0.0161436691032871
-0.372143434712734	0.465466926613267
0.0881450782197667	0.0980614605091942
-0.151890415183645	0.20208196098228
-0.0814360662085224	0.085912550027505
0.213539660063415	0.239781156363497
-0.31397956182876	0.31407025394008
-0.195340459996032	0.189222723546798
0.374249448399254	0.413100406683641
0.295792470442556	0.347459187040998
-0.296678564182535	0.389684428221761
-0.695213356614923	1.11750276557483
-0.322587790337137	0.405700583284602
0.659148979623916	1.36811916910241
-0.0583677338015023	0.0631973383207754
-0.397841097547144	0.59525319966687
-0.103271426905611	0.0973174984668006
-0.192796592536756	0.204846340560571
-0.377538319125141	0.485872336841479
-0.335924021673992	0.417772718409685
0.0348749757577972	0.0332415779808859
0.519639963093097	0.77186097704496
0.412925057790341	0.351137024715695
-1.78346459010975	0.415096457236971
-0.31478084241182	0.354590811576487
-0.615071718886527	0.773705136928416
-0.186016083078338	0.16643722216091
0.00744035943828512	0.00554421566870318
-0.236556982291569	0.228431801657285
-0.159228496305283	0.144808384043776
-0.572422474857862	0.306128730022533
-0.178408725165542	0.072623402232989
-0.385514131258978	0.180201700951996
-0.78147153404329	0.68276417624021
0.136032867380314	0.0336051051380813
-3.47160964728376	1.22118152659824
-0.187716256603789	0.153766826518604
-1.42066186772312	2.32461781056374
0.00340097893593015	0.00214555647587114
0.245227182831551	0.125916865929917
0.510664200536358	0.535166730885719
0.449220250077408	0.520401299144807
-0.148240020672539	0.146391730615261
-0.441562944706113	0.451699572576633
-0.0579501121607139	0.0465230787280818
1.1503865331546	1.03566378816892
-0.497443283288841	0.432799817885108
-0.305140400824486	0.305647379450347
-0.477842088838232	0.580070033939313
-0.28393383009478	0.0933555652659854
0.163786424348353	0.0319491236824782
-0.234057301403222	0.134427738284942
0.488430314744591	0.354874921683364
0.443070040732872	0.354176082489628
-0.265700878803525	0.179438797459659
-1.18161071056517	1.38360086625866
-0.551895146039899	0.374377175937246
1.88722289407845	1.13191092444578
0.0807698904932284	0.0293468835900915
0.62326313623548	0.195382080165285
0.0993244240286902	0.0286797027844547
-0.779928198015439	0.271100929587385
-0.463757154658003	0.195619610506689
0.100674308760322	0.0294967719119431
-1.78707841532115	0.414309017630871
-2.57185252800851	0.693041972437165
0.931562386845422	0.243619932940969
0.163198318954765	0.0319050580443516
0.128703972957949	0.0319889921983585
-0.388047267363759	0.112034486078197
0.0696879575801437	0.0257387140951234
0.937310940021799	0.247681996839871
-0.781315129447024	0.272091885430255
1.77938594611081	0.68549536418416
1.42595936707127	0.46464634975394
-0.392908367756339	0.113497379913856
-0.389993714505811	0.18152592398171
-0.335329723881735	0.169229182472621
1.14422430504466	1.01544682798066
-0.150281201847688	0.0666084977120545
0.0715557182572896	0.0352790312717289
-0.57084164932502	0.302978896746005
-1.87161914657441	0.769308082532686
-0.220627038373156	0.0807145257385107
-1.87533985700744	0.771516887980316
0.980647452713659	0.362963151381075
0.0729346750015772	0.0269175186835086
-0.389819593414635	0.113165790285367
-1.40143556844291	0.880191286092215
-0.672920294578617	0.322847235976179
0.911855073698166	0.679283086509356
-0.876836082599453	0.472402590888163
-0.283124516934905	0.0937185339860193
0.0730391036321189	0.0269364233219268
-0.585058441613823	0.226217027835725
0.320934732296339	0.139094817121576
-0.843549652094389	0.37619342222366
-0.386248846514272	0.180659211235652
-0.584957957540405	0.22436221217804
1.20437971847725	0.642387146280789
0.0685117282615944	0.02803899768516
-0.174654631111699	0.0709163981914775
-1.56713326653754	0.553335184826485
0.0838269217908602	0.0276906273654729
0.0984263901266027	0.0285972183246047
-1.08808454476495	0.441668138489739
-0.0683108872670698	0.0553962749411885
1.0289407539406	1.943078242656
0.066209991193785	0.0525713724893679
-0.560618366265738	0.373242439255277
-0.296456877435885	0.229495429917528
-0.0029004177480613	0.00186249151446036
-0.12935960930238	0.0828788008078188
-0.515339024842993	0.40033618653719
-0.73664893389234	0.86004635184653
-0.547835222999607	0.623449969055521
-0.0891286550086635	0.0596872477124715
-0.248246815020529	0.172562955453571
0.00217956832951524	0.00208812251611344
-0.47486192772646	0.684713155874084
-0.384227412273549	0.502086326482332
-0.120377519005528	0.11330005143939
0.603108676991876	0.656423341241222
0.166523538543762	0.181213075415626
0.113758672095206	0.116784845005095
0.0806665888513313	0.0741302868596611
-0.217472275279039	0.222292725423057
0.512819508684347	0.6870247022028
-0.394678556208033	0.484206687402013
0.644696119855652	0.758503733435657
-0.204221649818883	0.210782165289256
-0.5082728716622	0.514117106120632
-1.09093024712666	1.69877368306823
-0.0981247712047464	0.0760881882757039
0.362584876766486	0.338473484515733
0.546196799919216	0.602123864115487
0.364767791613465	0.436916359468012
0.782748625826287	1.38901038779425
0.345926380482805	0.333178167510588
0.218158247242219	0.270803204003703
0.251575206095947	0.266933448226192
0.0862587116418706	0.0741085513460939
-0.0212043821410578	0.0156815749347247
0.202617371332051	0.197432720124478
-0.0414939367461632	0.0343662722004222
-0.0679135679444266	0.0548659777635248
-0.360170057332697	0.378977402220959
0.14785434992163	0.149922758612697
-0.547299107954073	0.467133679410241
-1.78707841532115	0.414309017630871
0.774220579538835	1.1377892827913
1.16673444873853	1.70363427073681
0.568178866348905	0.465785231605234
-0.368231221765166	0.272649028486019
0.378571973063533	0.419906223910813
-0.507460231879419	0.55244665074956
-0.296244303950879	0.319916525242104
-0.231328229492061	0.222519565991457
-0.545084620723237	0.364023609975962
-0.474524876568045	0.330861327890033
-0.390609043378598	0.113594128833838
-0.792763679543871	0.817090851904998
0.59373133856886	0.708299255877171
-0.157115010702246	0.11633383918343
0.0792282093786451	0.0419453611698554
0.273823594743649	0.238731598505698
-0.0492049163370158	0.0393510836940253
0.472140361078174	0.510249002182314
0.266667021828343	0.24555338501408
-0.26709973100213	0.20941037770625
-0.763266496749924	0.535145178576014
-0.474016163840704	0.541340734055203
-0.636519747219715	0.154206502671366
-0.220555943468796	0.080942055631653
0.105769244360977	0.0304573870679322
-1.78346459010975	0.415096457236971
-1.78346459010975	0.415096457236971
-3.08772760270414	0.960654182521525
-0.279172802554488	0.0916729716244053
-0.781037426618501	0.269160687654465
-0.970754689948371	0.883044157556023
-0.881022089391944	0.68452349183687
0.242897902406514	0.124128605449373
-1.42641541375395	1.16647875167776
-0.638011206598896	0.408189152500869
-0.193882043083975	0.117233346356509
0.222461079933533	0.131619059559267
0.0709502002669713	0.0351184609354785
-1.56059098796877	0.798147024269196
-0.22475545224295	0.0821522616581245
0.27373523680098	0.129506506528189
-0.460676212732542	0.193654463525086
-1.09271495513081	0.442597192627695
0.46558528697238	0.162904562033637
0.163198318954765	0.0319050580443516
-3.47202911181931	1.23103389985516
-0.389457563445465	0.113252691370962
-0.684709585491117	0.335273641449452
-0.281857407552882	0.09255522316438
0.980647452713659	0.362963151381075
-0.284508943684361	0.0936429443614852
1.77756779398868	0.678378627324389
2.06274546205155	0.902931253229983
0.936662065549594	0.245987967322767
-0.281027220476792	0.0924895337669597
-4.25365715809014	2.02370833354562
-0.639596283054735	0.156460136265019
-0.644039115012711	0.156345619732878
1.26756816493844	0.542987717651751
0.0804458680477757	0.0264031460773778
-3.08744594535476	0.960811196593325
0.374782002964809	0.146461898398813
-1.01130336029318	0.738784341827515
2.19253843319956	1.60097545579424
0.0721255596893002	0.03267843610022
0.0690220459803635	0.0283406372769482
0.0737515802708239	0.0270547915778787
-0.58804965889281	0.228034778047064
-0.283240759595836	0.0937144526238611
-0.396345440483101	0.115014501577438
0.132834683092633	0.0327681675512275
0.134580624513602	0.0332822882767434
0.46511648404163	0.163376575467926
-0.221214832084065	0.0807413026038012
-1.09328869545801	0.443390423166797
0.465695039429514	0.163664307663245
-0.639303808570113	0.155405266784039
0.0897085015984083	0.0260283866225615
0.378221534955674	0.146730904247365
0.751513142065346	0.307266362543709
-0.289733706267321	0.0951049165212375
-1.78355593853231	0.415040398756502
-0.58667572507615	0.225552031540273
0.102047449348055	0.0296340890908168
-0.780209704412134	0.269603406986946
-0.0776162557863611	0.0874781266663279
0.163717755922711	0.177006335455786
-0.712903180275728	1.01619340529772
-0.268284483483791	0.211529644107985
-0.111867741718179	0.0969381726640366
0.0255790204121508	0.0173014631440163
-0.201000171329353	0.209836468267748
1.49621136656769	2.2835771957974
0.204473505780958	0.212909449616716
-0.270372758657503	0.325875425478339
0.379766552398772	0.575413844261757
-0.093132836755588	0.102596508550152
0.301959503417007	0.369692271965655
-0.00894902411901462	0.00844388230067763
0.890020954209988	1.99927658929775
0.255272262219964	0.275541807875511
-0.0785699904390378	0.0765021378245623
-0.407516761652845	0.621967511512961
-0.514666194967213	0.653929994129314
0.210319864619132	0.256580388441489
-0.230444526113546	0.281223746357763
-0.25519461618953	0.290463359210126
0.358942412937956	0.43081918360216
-0.397990620561493	0.491584473218616
-0.120027816277287	0.109530080369546
-0.274128205942426	0.297152843945359
0.0116882794344562	0.00908379481479656
-0.34556645923054	0.453143691641351
0.105126323246097	0.0976092301397002
0.473281098912181	0.671397927361313
0.633865211668764	1.16281207519406
0.107805849861768	0.109268104648835
-0.0353784840593086	0.0322387273068882
0.0616187461240011	0.0585942139680192
-0.113504766750725	0.0966301730554109
-0.0589962400803208	0.0536876716967519
0.205173075850117	0.217091889287495
0.333258791826884	0.438651822281902
-0.129455818865939	0.109058536723384
-0.375693899513411	0.277078076537615
0.019247485052898	0.0179291948037386
0.311696455851022	0.339785258814943
-0.114105622524217	0.0891058177189088
0.288074998120816	0.247513061109249
-0.378421141160329	0.341834283401061
-1.00964115101233	0.744401686331839
-0.884410598777954	0.588241452214961
-0.489307900153222	0.279513154237954
0.0727063403922474	0.0357790920554439
-1.05277454419758	0.530378354757175
-0.552766894041013	0.553248503801195
-0.418910458402879	0.408864439178091
-0.17520168531659	0.171573230106806
-0.685971360209346	0.559920759319869
0.0228610214037934	0.020968760805112
0.400847958676947	0.426529461006896
-0.351490140305187	0.40947769551489
-0.265362407737596	0.284815388208113
-0.351751760704183	0.342083970026386
-0.780762271527563	0.271555244817602
-0.780067822171114	0.273115694343224
-0.638944530069775	0.156134678840522
0.937961312100273	0.245882544650772
-1.171259671896	0.354268648704258
0.103276218212718	0.0299839417626917
4.35177275431772	2.17745633944088
0.102474476101686	0.0297923181105043
-0.282665519660867	0.0929789106960824
-0.322384708088365	0.164408721780764
-0.17670391776942	0.0717848690969983
0.0654077933459619	0.0296738623230583
0.0816564529458409	0.0458858175118604
-0.372908582560867	0.275450431852467
-0.885089248934362	0.682341007369461
-0.207645726248987	0.147694701152173
0.0350000662491032	0.0244759589039731
0.655412114411109	0.504283126812756
-0.785848954857422	0.691086114291906
0.523000663125913	0.363494035033086
-0.518847491244634	0.404212614494412
-1.27364739136259	1.30597616186638
-0.280487873372946	0.153511594911417
0.0707132921201738	0.0320659967517744
-0.0893179092589872	0.0462874784517179
-0.219460269644346	0.0801920798512756
0.316342447581535	0.136971796751973
0.822980735327691	0.423964046056738
0.749941600351335	0.305876999644583
-3.08744594535476	0.960811196593325
-0.638650683410332	0.155084261982669
0.133707491985628	0.0329789895417372
-0.116717474046459	0.0568347297721851
-0.73016749545409	0.434551210227345
-1.16610275079213	0.35308024748219
-0.639303808570113	0.155405266784039
-1.08923141279672	0.440851756420907
0.981334581311431	0.363606045743479
-0.389457563445465	0.113252691370962
3.90683725051476	1.67519305392193
-1.56255358443277	0.803137043661489
0.10714250774514	0.0307937699964655
-3.47286901881966	1.23062907931592
0.937310940021799	0.247681996839871
-1.69549877220021	1.2915414582404
-1.55805468688789	0.7972193409852
-0.86644337983238	0.477848399796818
0.0817464802400676	0.0432623686534925
-0.148803706552617	0.0658973761565552
-0.660255407690238	0.481549130108325
-0.469230200188835	0.199930655367864
-0.876223995396615	0.581875299254373
-0.217902073272513	0.0796102772342279
0.0819724814771635	0.0270734904071074
1.43920387755794	1.13250184430586
-0.387600326741782	0.180925402972509
0.102604893354435	0.0297952404854722
-0.467928898948995	0.199452398403393
-0.780621338588044	0.27365972431568
1.19857148120265	0.623506630097385
-1.75287487853535	0.99990515482784
-0.681690410472446	0.330035128277411
0.0717028531131614	0.0291249152764023
-0.839928616810497	0.371493100710556
-2.12864949256737	0.984418585606181
0.0880046626115289	0.0953983604828539
0.0527435892209493	0.0475074413794018
-0.666007577209289	0.873067730194937
-0.143412515930344	0.06341608962782
-0.136836202174615	0.116503232647593
-0.233973501635084	0.186816296763553
-0.634005614542884	0.579995862169959
0.119853640941202	0.0853468824377996
-0.0880013713820415	0.085965907936981
0.158080102714642	0.155842191001525
-0.187085687885075	0.166833590424025
-0.343788274555353	0.43581880979193
0.1607154912562	0.170481823469643
0.253723153165495	0.282364513547667
-0.0012003976429326	0.00094237724989577
-0.362732537764423	0.360686414263384
-0.362190889501285	0.476095828656244
0.360642824314654	0.422723861603418
0.0300195213936514	0.0258142247141115
0.204831963110294	0.200528992191343
0.139982075195125	0.122441488572514
0.0736317023913987	0.0629661799240053
-0.300794273512366	0.252198849129729
-0.450327377095456	0.521662542469339
0.204562790389289	0.199300153305109
-0.355815926654354	0.376582112586373
-0.179660603759763	0.162844762393662
-0.259311434210342	0.240862179171028
0.53552670443016	0.694352447126026
0.41275057223066	0.423980613074582
0.56623575915496	0.462644879574919
-0.333011502649433	0.440172432232928
-0.569409539371456	0.609851743593775
-0.851167874328638	1.03768385596501
1.12648777793158	1.87078571596474
-0.0761442911784352	0.0608195723348505
0.345125300003081	0.339960081550464
-0.286300098308093	0.247884428958573
-0.0333568195969356	0.0240865095482715
-0.562001819314005	0.67121342137369
0.0857192455018096	0.0510054193251409
3.2565918874831	1.1050644302855
0.305604347222189	0.339423616899074
-0.204104397689854	0.196093142216584
-0.353478796738446	0.325489293719595
-0.385328637158117	0.43151347735026
-0.848499449912741	1.06967695026535
-0.422000012719471	0.549346819576476
-0.860612358135548	1.04534633578863
-0.0398294908234667	0.0328970110411079
-0.789514285884446	0.915208609454918
-0.961096023121341	1.55330030377723
-0.477590154269704	0.584296893094726
-0.66034582114335	0.889282794070526
-0.741430242342735	0.912681831668185
-0.161251786430414	0.135941124914026
-1.14007150069814	1.18077378174945
-1.55543945548348	1.08871881082988
0.0763534769061739	0.0311031434547641
0.469133474081143	0.163814067909815
0.0694182580854211	0.0280321148662175
-0.390051801530363	0.182053698964236
0.0709502002669713	0.0351184609354785
-0.213404137817445	0.0766323578098505
1.04756656702871	0.97195302335343
-0.374643281697561	0.277353834282369
-1.09054144049104	0.977677053682423
0.273957992697499	0.129665896260243
-0.547693234232036	0.369392510832392
-0.00977776895212008	0.00587670533257785
0.0685117282615944	0.02803899768516
-0.752536447073656	0.514407466431182
0.108524058856428	0.0768416547734828
-0.274189735789683	0.149818496346835
-0.838659705397213	0.373789470849522
0.0758086960550864	0.0427817101060107
-0.549808443737027	0.367219426112007
-0.235581512464401	0.165434240013854
0.0640746793640075	0.0290229455621592
-1.13176036464851	0.899946392045942
-0.780621338588044	0.27365972431568
0.461571269939934	0.249017697662826
0.0832413116588062	0.0275358424390173
-0.390106056190049	0.11275196876654
1.505133756116	0.725661881665558
0.976032040674124	0.360044501331557
1.27324516241524	0.537871829171885
0.133487547685943	0.0330756337612284
0.0741583187125306	0.0365656132337793
0.62197570105732	0.193886107986901
-0.64191731743694	0.155462954524495
-1.16590615448339	0.351201143085869
0.0798063835510558	0.0291657015274994
-0.679119154386832	0.330915005943018
-2.13772261732107	0.979833957967466
0.753571413536895	0.309463972555086
0.104522548275487	0.030451402882796
0.62321688242638	0.279474083640534
0.0820693315651704	0.0269628921664769
-1.18330842081319	0.80985855392892
-0.329147822695321	0.168061241055836
-0.330410637842606	0.167024920723482
-1.56390564122763	0.562697971919826
0.0832413116588062	0.0275358424390173
-0.389961680664391	0.114106955582715
0.374104522892199	0.146250600873722
-0.39277752739606	0.113954429615308
0.082558098902597	0.0273014951400138
1.00518488629737	0.576325980930671
-1.33813219231377	0.608833221359507
-0.218769366670858	0.0804053427602145
-0.791040022681655	0.271734915300568
-0.120851245532075	0.0895295520018962
0.645591671252368	0.757887270605034
0.0822173748044408	0.0723088824343361
0.0509693506602254	0.0462596064309531
-0.323737864611236	0.389181652018408
-0.5639309364827	0.297233900822628
-0.190980340775938	0.178100383166985
-0.176688066634628	0.173280960494641
-0.141367182995957	0.120277790475961
0.119758077207843	0.0910892845528197
-0.336793811768076	0.301091522729378
-0.386771002319513	0.456913285385213
0.220221342272588	0.230600072783656
0.334038382546755	0.344059713233141
-0.0462692342160527	0.0423837889858436
-0.598542692587676	0.681565574229324
0.446586040317605	0.437315227726818
-0.413010012040077	0.363675059034384
-0.0626716582999649	0.0340641267686287
-0.479466974581036	0.492212125400683
-0.417041213232828	0.36896298739066
0.0452067986135785	0.033720908222936
-0.116181695057505	0.0563962774835954
-0.465024389380866	0.373180023084252
-0.264986929398803	0.23088066274298
-0.871564833758841	0.747398557271225
-0.732614131027108	0.855381028498358
0.115913648380552	0.0851619275703853
-1.10112599605372	1.22464654598409
0.576072963264408	0.719669424215476
0.467599447829467	0.360137167730436
-0.380918117400933	0.346000750107573
-0.133597203802459	0.0849915491747533
-0.0144911542285827	0.00869590243040572
-0.104694711966376	0.068791820165685
0.111639287132808	0.0813749784247853
-0.193302664035121	0.116470970864693
0.486956371587117	0.439275393568601
1.20793303510146	0.635207115252654
-0.727025350619529	0.760308702143949
-0.154862209301925	0.114382174615862
-1.12461098120085	1.78124424638037
-0.676363888914041	0.750630706618255
-0.685982633488228	0.801616959035383
0.22630554625694	0.150040637740304
0.574560181551183	0.560505505927052
-0.0523056083988708	0.0466039618682413
-0.533089400105591	0.638915545002927
0.325941208827592	0.247181502699788
-0.867711348850015	0.88097559630512
-0.860908273025164	0.872742714396127
-0.468609184293419	0.375102289773846
-0.367870243254168	0.271184045941796
-0.117272595173329	0.0772745483814483
0.206187081981594	0.147333633243358
-0.59380426311287	0.228549535140423
-0.586778855676222	0.226903688715173
-0.164549725582803	0.102832963490522
0.62349520007018	0.275591635995115
1.50957938763297	0.727439120047027
-1.53579251356609	1.35925766153646
0.278659581655712	0.131779208355809
0.0702994742863004	0.0289076295525934
1.94096566902812	1.66739365347171
-0.325793863512178	0.165371880793652
-1.55875747069186	0.561897601836786
-0.15383696596557	0.0668518006167581
0.76458039483583	0.515219144306155
0.710496342385995	0.402870549771682
1.00706401469778	0.583350062627662
-0.320328543004327	0.162894232670649
-1.08878364673912	0.438810891064875
-0.137549891273145	0.0614838943756005
0.378475798187663	0.14665242144213
1.88989710032937	1.13986785747793
0.319405834160419	0.137425017547853
0.0719104258498749	0.0295456508300402
-0.096973555105264	0.0498556628244391
0.992192255480416	0.465614826121623
-0.785641952482553	0.271537372734334
1.26685929533059	0.54428495837387
0.0964512701931012	0.0282434359701024
0.0867103564340368	0.0285355139239009
1.77873029868246	0.684469072770882
0.100542205310562	0.0293103472403775
-4.04150744014413	1.73723781763444
-1.2489105198687	0.659595119892202
-2.53840513091943	1.43382755283733
0.465007396929331	0.163757650783096
-1.08865784704363	0.441789748849559
-0.466032441325874	0.196429395830209
-2.1325434721286	0.984898392233646
-1.87106838618942	0.77126476497402
1.2723617797059	1.08606015283162
-0.587362233118177	0.227587398386815
-0.838659705397213	0.373789470849522
-0.320844090220131	0.163035839980288
-0.145938502664467	0.06512326058243
-1.34974608431003	0.60617843293731
0.316342447581535	0.136971796751973
0.163786424348353	0.0319491236824782
-2.57196810381088	0.687583434747214
-0.865828234310902	0.477277005314321
-1.08751150574302	0.44047044580575
0.375371937183409	0.146537881804372
-0.390466134450405	0.114207620517753
-0.843549652094389	0.37619342222366
-0.573967563853618	0.532180087949226
-0.285959209796486	0.219708742798132
-0.116405849851022	0.0891568692696245
-0.277014642169751	0.301368194487432
0.0706742814812853	0.0815807183631066
0.00437190842805398	0.00417563126956228
-0.452952686776349	0.781639163110271
-0.274521458738435	0.492220053678495
-0.634800916049004	1.15850320344856
-0.146958201030546	0.137851270947185
-0.203264960668107	0.194836401060804
-0.0960014648708926	0.0841820412120073
-0.774327902557564	1.14490526715539
-0.0432698134555072	0.0535905766384976
-0.196680287522293	0.276547187460334
-0.432611241735021	0.764134124814361
0.216543751082044	0.17790657827511
-0.106814639855924	0.070495578339044
-0.462639195144692	0.370562204495899
0.39213225974407	0.244151623132621
-0.132336046886894	0.0852227574890614
0.764399269350802	0.733602051540703
0.216945941842468	0.150550339353034
-0.17566887740316	0.127728970993907
0.403503075694702	0.336924671849521
-0.62966461715485	0.402832687213805
-0.317012631265591	0.209681694720413
-0.0387507081366301	0.0219507794350747
0.54515419068889	0.469222364803218
-0.410338024453864	0.457233653889722
-0.228809755730411	0.180737590794266
0.368854837893567	0.245089711932399
0.990863662263076	1.06074135870099
1.3202659978294	0.956089834963169
1.04360064389114	0.963211234459065
0.0724799082298749	0.0383920688760208
-0.0490740639532293	0.0275835560420454
0.0890294539597556	0.0528107841937286
-1.02781170308475	0.63019761058812
-0.176876465983876	0.129117885640316
-0.0805711687523061	0.0642609869010506
-0.29957549551095	0.419112663527539
-0.172614993888365	0.171913807235575
-1.18679353725964	1.75722585352976
-0.631739035568547	0.830362429970357
-0.502796116700786	0.708578645187362
-0.165892696356657	0.14852736849596
0.486671283286282	0.583032680935076
-0.673396507985835	1.12673804760323
0.297784877426801	0.373750884974848
-0.226262372791524	0.215278001799522
-0.883107599933593	0.590068628896706
-0.788194820490171	0.811442003602942
-0.666209315018458	0.4936110998369
-1.32098239795399	0.989167736957902
-0.621236440371839	0.957414058795971
-1.6920428652906	1.29474756072687
0.0824695663266643	0.0437987208937168
-2.53782198809904	1.43383421700036
-0.614557343538845	0.511390064386493
-0.494619137694345	0.537679388501203
-0.0837325559275832	0.0559429694597069
0.127355038999326	0.10005132329424
-0.151033820560895	0.126532087196576
-0.777859671844359	0.623370143576833
-1.49971557684498	1.79290713878088
-0.232898813053596	0.162338775494157
-0.20230843627758	0.121906078741
-2.31627816997762	1.90950807748796
-0.0315120583948192	0.018429166863605
0.796160968140893	0.922546487453111
-0.321741711718959	0.164007908389126
-0.417951943867891	0.302029252737257
0.0661715666521362	0.0271893448494526
-0.769667159559431	0.538662008539791
-0.57257596637157	0.51954702030171
0.312214820010621	0.252635963093863
0.825016808577008	0.425209356740972
-0.0409418230968857	0.0232173178120818
0.48700532780262	0.35774708489596
0.723776048930077	0.624716383705587
1.01975343565458	0.720478306169245
-0.587362233118177	0.227587398386815
0.0790690736022678	0.0421724640509529
0.647177193689006	0.499561054744577
0.275206246552269	0.12970266528685
0.660947653583496	0.50461829900439
0.0741583187125306	0.0365656132337793
-0.483257760038764	0.276855026907347
0.0979041682833933	0.0641757501570073
-1.34230899665532	0.613420184707873
-0.122703530125734	0.058930319355951
-2.62959353460963	2.64703910192165
0.0834305102559936	0.0473829493124973
-0.322867366101756	0.164383812649222
0.628602392555847	0.384895655466597
0.220868809149227	0.131963939986921
0.0765370685701721	0.040732278717418
0.364201575111865	0.140389758214309
-0.869804117940742	0.810071499585267
0.460924941563241	0.249292506523845
0.903222127183252	0.67773700666862
1.27942050349848	1.09229156402425
0.626826008494556	0.380191871125247
-0.416901521681621	0.254824437022491
0.465007396929331	0.163757650783096
-0.268344076672039	0.145485319066007
-0.391112366168209	0.113694348973874
-1.34277677301109	0.618051447663223
1.70723190315039	0.919128562501749
-1.34666612351855	0.620394339358533
0.102604893354435	0.0297952404854722
-0.781315129447024	0.272091885430255
-0.288288252306734	0.0951646511298916
-0.0502806766853216	0.0285426309502805
-0.133867488226844	0.0859841176534609
-0.45960648081263	0.366744528001835
-0.0254026232915264	0.014943768362973
-0.0369040360798918	0.0208462569780056
-0.160580763282318	0.243533634220315
-0.200117233902668	0.242513299069803
-0.750473290336659	1.81801804461349
-0.874842493347619	3.39767106938134
0.00244747650050427	0.00302294146504964
-0.146090833164159	0.161089382721124
-0.287972553063841	0.292353707959742
-0.172242733677428	0.166837874661651
0.252585295338104	0.276738153326165
-0.160597809740956	0.238417612310146
-0.426190337926295	0.927213727192286
-0.103210248059367	0.138734370183906
-0.182269541988823	0.0735402854680535
-0.037428690500754	0.0211463124534501
0.370018347638135	0.244333411518557
-0.218769366670858	0.0804053427602145
-0.592496292880081	0.451064096697343
1.37939826194867	0.821327298216983
-0.140953332060098	0.0626961867797115
1.2785641597926	1.09259064906769
0.0779570378876872	0.038054570765407
-0.859291095716519	0.467767271643576
-0.574451455252764	0.30662296547742
-0.193882043083975	0.117233346356509
-1.10224584847753	1.23885468760952
-0.804300019580308	0.935055728546382
-0.191169787865446	0.114989002641496
-0.361108006966043	0.230377370688124
-0.459509980501378	0.190377739716254
0.382021459349828	0.422537789672846
-0.110158095555569	0.0531238394665337
-0.951312492061955	0.952221028464743
1.00426104748652	0.584049937108659
-0.485087441997978	0.278216533113072
-1.17642634898285	0.803675253187199
1.38802407644432	1.2856464855096
0.520081756275418	0.363837569952438
0.905771898156016	0.68643813013111
-0.471262984309485	0.200255921550316
0.165719814080059	0.032118911098423
-0.870352364673634	0.815864127799091
0.00816122633901877	0.00506128888698269
0.432420117155276	0.671017882014525
-0.569850293047459	0.967015156469207
-0.279885842959446	0.390150652559666
-0.342760903385004	0.343834368939405
-0.28948529722008	0.402042301019701
-0.291068440517217	0.312805890271087
-0.738836237007486	1.14288208166544
-0.311119195243129	0.50703935660116
-0.418473536072893	0.572327767548364
0.0515958174104805	0.0532239438724192
-0.848682555573106	1.08984541020302
-0.0244583265756169	0.0205803352480688
0.345353046457228	0.511807434895987
0.314701593452111	0.543042763683099
-0.0721329518523421	0.0751600807467343
-0.612043561476389	0.514504889875464
-0.425195526211282	0.306277652066335
-0.379415821544261	0.371515114795984
-0.677798485144144	1.09488251624944
-1.68926641983887	1.29264990040013
-1.55768840130858	0.799241607063026
-0.43797367965058	0.62115475964417
-0.435902752238509	0.736711008517174
-0.347578268041125	0.57094834282327
-0.472468631145884	0.519714852536929
-0.589153744914608	0.447105925082212
-0.672006013873235	0.495263910291782
-1.12399580780753	0.88840616582562
-0.681342221269116	0.331576990936253
-0.846090916774774	0.373926586360546
-0.570948332732372	0.30351010073389
0.0839236022372932	0.0276941060567698
0.123759372938157	0.0958910618527191
-0.385283327002108	0.349214294774133
-0.354030886263088	0.325965610217203
-0.402485950395426	0.472880430249424
-0.241626400178986	0.246057494505761
-0.0828843261709733	0.0805405198858707
0.0240909539738805	0.022671942839211
-0.672136943253008	0.495572042411771
1.29205035352346	1.84350150025012
-0.396345440483101	0.115014501577438
-1.41157352949951	0.877028021097697
0.101786250320483	0.0296355349486725
0.109717105108637	0.0751563746481142
-0.196486575994694	0.118811298822347
-0.0607443816686609	0.0327180281744165
-0.0392342672345865	0.028004276076315
0.212275827459866	0.173050894980792
-0.325302936757434	0.24575875256872
-0.736847138556876	0.440446283572837
-1.0898999200533	0.975262232981388
-0.173077087267663	0.15623439285906
-0.00465528961213865	0.00350031750251283
-0.259096967489658	0.202092685420409
0.387895080909341	0.33497393020834
0.0628880660125283	0.0280875574223793
-0.425097362195714	0.305911957496979
-0.482496639693477	0.337557242850639
-0.419905117266753	0.377106155529578
0.78654993465317	0.516691247712144
0.377717317531447	0.147754653807085
-0.0958712610367985	0.0492251100439461
-0.633523621862383	0.402152908317986
0.703935682095618	0.512556272844539
-0.146323523100058	0.107339622386459
-0.586826426321305	0.448268319959902
-0.735190582475212	0.435455268514482
-0.873283151093154	0.739252354769608
-0.864474575656864	0.474301261729733
-0.150467318872772	0.0926797371649141
1.00783355468804	1.07554414970398
0.221197168338151	0.150867693945211
-0.375614560242843	0.277811849986993
-0.181938424310879	0.133132709922815
0.127204889948059	0.0969062840380358
0.223978325535549	0.13418507855873
-0.838760583677872	0.373155046440197
0.306048656190823	0.245087835712704
-0.465558890146034	0.408777974820642
0.000530037613694821	0.000380815671088302
0.413150956528688	0.242299118392801
-0.0357406388614123	0.0258205877111977
-0.130409988333762	0.0835412633531023
-1.3416145031643	0.617793207028816
-0.376488675572332	0.279046467954018
0.0697531346568329	0.0286436318521398
-0.638650683410332	0.155084261982669
-1.78707841532115	0.414309017630871
-1.16610275079213	0.35308024748219
0.159126058171774	0.0311056421910278
-0.197638848013866	0.117904927947391
0.240931469338064	0.122442923096136
-0.358609978038281	0.445570325522429
-0.256674065397994	0.264230414222442
-0.162637008029176	0.163299032160885
-0.23738523503848	0.30449803839049
-0.40677065686599	0.499950930301731
0.270780350295076	0.24295520008272
0.51874463709254	0.698624146276111
0.235440968352716	0.277158547826005
0.580261378474806	0.908101584318433
-0.53669226392203	0.840561750568035
0.0511542308488761	0.0464233775018039
0.12332377479074	0.129465744050645
-0.271682599965212	0.396834684607666
0.209555289337857	0.218449965822092
0.593067479077471	0.855329917178499
-0.221894582645552	0.243917323824944
0.603458318588552	0.881155003175703
-0.212434717464547	0.205190370530795
0.0467727865305659	0.0414658424530701
-0.441150730452169	0.549037696177878
0.151335848052306	0.148519842316283
0.0691764201899463	0.057575311818392
-0.65164621233456	0.812604988159569
-0.333609251741959	0.333217289921914
-0.0912504692470554	0.0718572249427341
-0.796063267801189	1.26706809617379
-0.664751630330178	0.82756707686952
-0.352640665587069	0.347225518814603
0.467513466019181	0.684773370963304
0.0344390385962973	0.0296101047969678
-0.317577112192896	0.342367759371284
-0.631266429114087	0.706994915193905
-0.318721943565881	0.313861305254875
0.571682481144647	0.631042056925027
-0.556672434608727	0.63815875221944
0.624744509245916	0.900761594976047
-0.0523547854756758	0.0366445833825756
0.165719814080059	0.032118911098423
0.118046846268872	0.1186704723774
0.208577278718988	0.208844220418932
-0.0376941253149912	0.0315494779639984
0.406777695753699	0.521188704982825
-0.261717427375478	0.287540064588808
0.24533824765733	0.248511643599192
-0.853527129632294	0.928622698916314
-0.341548556321537	0.2863779627878
0.32578959744373	0.339937747418601
-0.249555683683277	0.292268023115056
0.00659410126073682	0.00588571434408052
-0.51399767274814	0.831321356777924
-0.174489924714756	0.158260852758695
-0.127281557803046	0.106778669587161
0.134998715315625	0.12547709280641
0.100039694249403	0.097880910080636
0.493770181334708	0.620922795366618
-0.144927747828608	0.132902947051292
0.194805059245538	0.204353619850529
-0.678769556545784	0.709540865587967
-0.279927877943671	0.28217546272389
-0.187742827494698	0.15340344309639
-0.408271598209779	0.3936500110505
0.702455371820303	0.868389059602156
0.0579775811285145	0.04328770506872
-0.407274532370234	0.453139420518826
-0.670528721554817	0.88127447525827
-0.4212570130927	0.410860215326307
-0.246186152508059	0.26810046289535
0.194438405537057	0.17544920607444
0.0724750337278858	0.0592250992065582
-1.17436123651582	1.37160239542
-0.42066423751593	0.441167769965462
-0.541305149142232	0.582940479844491
-1.36502362507226	2.14845680394498
-0.90013493529047	1.19756321393876
-0.516048241726916	0.561261953673692
-0.0815525338633669	0.0647275010615437
0.219065931937486	0.130431277632857
0.0251014278316421	0.0169093447043297
0.0593426112242322	0.0289524885956812
-0.218769366670858	0.0804053427602145
0.374015819562388	0.145789427860504
1.50325750397276	0.724158010353504
-0.677298932951174	0.330206942578881
0.827131342027728	0.428689146778807
-1.64819581529281	1.56706866956372
0.345424597427114	0.240323666136535
0.764805625964361	0.828648598289887
-0.4543274816914	0.398435699723096
-0.178335371073881	0.129931497673346
-0.2378119557629	0.136004591195865
0.0865485311690299	0.0489248462553392
0.38854898084616	0.244639345534309
1.1639912960731	0.897873082485812
1.49779896059464	1.49311133682058
0.868346596284676	0.775566264000379
-0.17658712253488	0.0712246705852239
0.0801703768857664	0.0291849886173099
-1.90672418873369	1.20119607152654
-1.09285611593573	0.436841764269259
-0.167350783819288	0.0676054953229615
-0.417272193099955	0.254487014952985
-0.215734039191936	0.0794186607996413
-0.104200145320094	0.0496234704653556
0.827131342027728	0.428689146778807
0.371057390878843	0.143767169308926
-0.58667572507615	0.225552031540273
1.20446988851551	0.639858086191069
0.992823289166871	0.466797675215531
-1.87604485354972	0.773191975340068
0.75713284014556	0.311082427833555
0.754158908243701	0.307549234515271
-0.221231523100836	0.0812172613137178
0.374145409264002	0.231132423414656
-0.364864911627112	0.232201257938652
-0.180067064385649	0.0722935036443235
-0.280321014485851	0.0926837226912554
-0.139793876990053	0.0622506518272389
0.937310940021799	0.247681996839871
0.461165063750906	0.160791774044423
1.01456340627033	0.713406844186998
-2.98055692552968	2.15517944752254
-0.388577909269751	0.1815890555311
0.0729431099050507	0.0327785346159091
-0.224165007049779	0.0823923664621569
-0.848455458044681	0.375247206058198
0.373426203321584	0.145712820367284
0.234303545670321	0.129879928269102
-0.8804376495084	0.591023524047674
0.0711053636150818	0.0291368022372578
1.19832298503541	0.636864411149424
0.46303034207706	0.252080096783726
-0.687257390958503	0.335043692950573
0.465007396929331	0.163757650783096
-1.55747083666982	0.798374988609893
0.468700819218951	0.163693269937157
-1.05918807719791	0.533121223910587
-0.144664734628246	0.0645887510789491
-0.588155110513034	0.226078124122884
-1.87533985700744	0.771516887980316
-2.35459498179366	1.19317040605192
0.0782925621682661	0.0257268169780382
-0.215281757617931	0.264153692315695
0.633110590893599	0.817727212402101
0.00321481313537713	0.00267772730539512
-0.549248804919784	0.366845490530315
-1.51308759428315	2.60526537429456
-0.337673207756153	0.282734473532245
-0.663248650165376	0.69816011116996
-0.185073091687418	0.15090220708545
0.199740199987925	0.186170991428453
-0.640821367381945	0.875451121166069
0.0710075115363887	0.074146387981202
-0.55777960857528	0.781078067040433
0.267080426534321	0.252373757556346
0.207046144936959	0.168099562632652
0.116509170876436	0.127297442159449
0.34824981496447	0.519205439286044
-0.319418271795721	0.40778111802621
-0.288164667106439	0.398330717859091
-0.290021971584248	0.351729698009194
-0.201526203358946	0.233549496572968
-0.0674131480959149	0.066551804780879
-0.0578350081291978	0.0519703235090805
-0.128021482095005	0.139010592916222
-0.0400014297840152	0.0396996154621661
-0.5045727089587	0.669387784425742
-0.249692963726575	0.256703424420888
-0.350297765456492	0.421897462987098
-0.0884158746011628	0.0785930614133447
-0.0198970593122115	0.0186351244067976
-0.288149437186405	0.291396786363159
0.00760395686066595	0.00568989438263925
-0.291551144881508	0.369500867901011
0.206691566726024	0.231330166601609
0.0941049745883591	0.10456215394227
-0.321342461993265	0.409695292226673
0.159344568926825	0.166113533152731
0.336144477254894	0.399949326325439
-0.679543464843097	1.00941094643168
0.501467226804276	0.670697263903911
-0.114513561902509	0.0877651981771306
0.254741557608456	0.289379351783718
0.0394235757441434	0.0352829928084761
-0.028257811579399	0.0207501308967544
-0.805611283806077	1.03494576841527
0.0845588175335698	0.0769670543007898
-0.551150444733021	0.76998009195799
-0.274201996131694	0.258759200887482
0.091144522906487	0.0831004869719964
-0.12785049770453	0.117985095037161
-1.56324329756038	0.561504402611844
-1.05717308274423	0.528423885603364
-0.551714782443126	0.551330870387881
-0.0320498048941755	0.0186451548598095
-0.285959209796486	0.219708742798132
0.206798039847163	0.174853870775707
0.275486824004688	0.249153519811944
-0.365884034582774	0.462810994308782
0.146588880810538	0.14484914011331
-0.256178825422549	0.242880654174868
-0.09941736655712	0.0510226368165348
0.634719369455603	0.897143659274393
0.374532407326247	0.486923693100527
0.074118491744192	0.0619299966161509
-1.01747131392443	1.63675504748054
0.34102000241917	0.329931026026187
-0.58471687750219	0.624008669230818
-1.14092471542361	1.61402063011066
0.161683326199014	0.165036463956832
-0.492779816406364	0.526234431938067
-0.0420414102487693	0.0348091645571329
0.150198762884245	0.14097998755607
-0.341238085954618	0.341777570138288
0.981776700112659	1.24248225873445
-0.539647886772845	0.654650817737544
-0.414059546698824	0.431488882086502
-1.18601589907668	1.95032118736752
-0.183413762135173	0.179811320899644
-0.927506967810731	0.980712281482436
-0.197276725414213	0.119046127281208
-0.168796806572258	0.167880455736945
-0.691050542245809	0.850705118380947
-0.852874003062211	1.0306994633195
-0.621436344646044	0.653438977011996
0.316621188806318	0.332086437293119
-0.0587093997761447	0.0473738475043238
0.0577440985533836	0.0432737438302276
-0.89062122102949	1.24471855830915
-0.179054458835975	0.130325080929324
-0.00609385203147206	0.00461056286821453
-0.94527242937789	1.37958403976583
-1.87478492943453	0.766213095494979
-0.785166091488327	0.266199963846086
0.98394802826387	0.363984610542907
0.936662065549594	0.245987967322767
0.101230426961354	0.0296586789627306
1.42314513115208	0.464520674256509
0.159126058171774	0.0311056421910278
-0.465058250424135	0.196333680847093
-0.394073086547605	0.17999101795841
-0.322992403621747	0.243881704896398
-0.78259422416297	0.751622174731803
-0.76029340028343	0.529097512542623
-0.595470712880385	0.453354702119038
0.0911126093673792	0.0515045167337231
0.269614425072731	0.126589773233012
-0.46841372657181	0.199132057531372
0.067583566633665	0.0248287897853462
0.110051438623484	0.0725754773743091
-0.0880030524523712	0.0456366728813479
0.534126983503937	0.262390567706812
-0.638944530069775	0.156134678840522
0.623771053802231	0.194253824652275
0.624388721245183	0.19309266257856
1.15277757203885	0.889162498419402
1.14717550746265	1.02451318611525
-0.417445100318327	0.254458833360164
0.082558098902597	0.0273014951400138
-1.31176031503538	0.992052638765404
-0.679726465317751	0.33005359195572
2.05857142180283	0.893475363865258
1.26548451956171	0.542796260351392
-3.08744594535476	0.960811196593325
-3.09222121320703	0.955391886769937
-0.3958347259145	0.114354399872093
2.30244287023191	1.11203863503526
0.472040861872733	0.163495349723538
-0.56542978501231	0.299800665287322
-1.55875747069186	0.561897601836786
-0.390466134450405	0.114207620517753
-1.16610275079213	0.35308024748219
-2.13756055212771	0.97638926733986
0.987342354239128	0.361873460508843
0.0792151170930636	0.0416716600778861
0.163198318954765	0.0319050580443516
0.9866103186927	0.360099286407892
-0.839345856011256	0.374428244004784
-0.586778855676222	0.226903688715173
-0.478915485445734	0.200177620798046
-0.422163463833952	0.306231540340369
-1.0898022780586	0.437598767378414
-0.83983128279799	0.374159788211206
0.373514502534244	0.145732055908002
0.768039330781665	0.522331650857378
0.0862185678668648	0.028348922521292
-0.118270115703034	0.057096310728105
0.0690220459803635	0.0283406372769482
0.0775803705633346	0.0255563265722586
-0.389457563445465	0.113252691370962
0.709681305181741	0.40216672802555
0.0745512279799134	0.0274549848670125
0.624958281349428	0.383340788153658
0.0743391064173254	0.027447191230619
0.0774788770821167	0.0256345371130296
-0.780067822171114	0.273115694343224
-0.157948319128161	0.197683216981192
-0.201923187221533	0.207903081308431
-0.449676402047923	0.396908179588561
-0.231500026933617	0.203425598077178
-0.839345856011256	0.374428244004784
-0.0000255357581746353	0.0000544443895202131
-0.422023011455011	0.342886588737596
-1.20974412374348	1.32697101865223
0.487106547518076	0.440285786552788
-0.435913101812295	0.481468823311908
0.252420429815208	0.274561521813352
-0.233272066218127	0.205163270014066
-0.381958433127575	0.343861762495659
0.375414683031001	0.331206872067833
0.165156187496003	0.18459400346039
-0.0383182277321001	0.0434694584563853
0.115015423624658	0.143722024033199
0.578027440681077	0.959277362494259
0.0684029252160725	0.0686624976928633
-0.765281307478225	1.51801862606937
0.0305337443706972	0.030821010891585
0.0308995228526505	0.0325532156800557
0.114454139038029	0.138966047467809
0.819802550313975	1.8559212473285
-0.290980797473894	0.403903576007415
-0.499499579175539	0.910575353223507
-0.193151900787323	0.230558661221636
0.0858659616725948	0.0912718045687989
-0.359402771209812	0.520413480426866
0.261982176719787	0.247236829938124
-0.169994398980628	0.155265403952329
-0.439756731971511	0.654080709454854
-0.165333417838281	0.219804460673858
-0.324933878419892	0.482091357484941
1.32306088324249	3.25877415856297
-0.212669732508252	0.236977404988586
0.0919428516185421	0.0874112871630517
0.0558752536339626	0.0576656415542827
-0.210782843492976	0.217252810537078
-0.237099222173147	0.246389797965818
-0.442146013963978	0.486291090951338
-1.78355593853231	0.415040398756502
-0.272485465358444	0.329660138702646
-0.0992182328628761	0.102469468252149
-0.355509902836199	0.352547400214046
0.153864923190435	0.144453918590018
-0.373303874460321	0.309341009045976
-0.220482334214575	0.197822614139945
-0.384659623153987	0.426944070422178
-0.583890069772683	0.225365877892044
0.100674308760322	0.0294967719119431
-0.204815985078665	0.147076532580726
0.564081502733706	0.369522555158622
1.02833912443054	0.850673541170943
-0.111664556252078	0.0731003831436807
-0.0309272746934802	0.0224479993170422
-0.333504648667167	0.333177293938554
0.126721814460257	0.099006964687357
0.0153940739705774	0.0100711836512755
-1.34608258375009	0.618776512770065
-0.0241409620011791	0.0175363983767909
-0.976757209509504	1.86873234199337
-0.638139963408004	0.911298109869093
-0.538788212533458	0.648985258063857
-0.129503036243474	0.130521267303887
0.814481671726487	0.769038594823201
-0.316749618353685	0.208575207629676
-0.665943494757577	0.651787811570799
0.0611050856883927	0.0579453205021003
0.148642384543779	0.155988354563315
-0.472380014831134	0.576790633842571
-0.612547593115453	0.764397350868017
-0.296282471381478	0.334366664476712
0.296896705983876	0.3488021480034
-0.105377881742374	0.0818503682462264
-0.217109071019205	0.193035021656705
0.0364995594143647	0.0309445793810578
-0.484073196195289	0.340541264375541
-0.2367235242507	0.188967037723655
-0.635415619746006	0.70786659998653
-0.00681648679867439	0.00415444123825298
-1.11918124160904	1.66163266784652
-0.0130225830036405	0.00965901364008535
0.0380074247429178	0.032197513755264
0.0773020464149799	0.0642433664829018
0.449458997121395	0.514445882617153
-0.690331347313658	0.567219259835538
-0.00514820228084017	0.00445087053089072
-0.0511361389793327	0.0417883249350365
-1.06606034146106	1.79455393733185
-0.235296604493891	0.244388492548476
-0.467256930279372	0.509795860953679
-2.87425384917035	3.45850670302956
-0.53361304443956	0.575299385184688
-0.360943010527517	0.404935271234313
-2.34592175523105	1.20186218809444
0.623397908215768	0.192519078919056
-1.08225212013805	0.429681644889567
0.0831434633023487	0.0274562437249086
-0.639889036078419	0.155465657511814
-0.530042052102733	0.413733388893681
-0.420160356991989	0.304429033250694
-0.270581489669452	0.147185534767574
-1.0158203138756	0.745095756936407
-1.16523448224525	0.350479641287103
0.063119174456318	0.0281423932178981
0.0762468842880215	0.0311401320891568
-0.316639186616028	0.157234187933037
0.102604893354435	0.0297952404854722
-0.779928198015439	0.271100929587385
-0.572316447458528	0.303388858070157
-0.220050443315259	0.080826216952502
-0.780762271527563	0.271555244817602
-1.87051791418744	0.771246750584204
0.106585386523823	0.0306329946609564
0.163659914308261	0.0319253139355892
1.77938594611081	0.68549536418416
-0.224370983533317	0.0814708918303178
-0.224165007049779	0.0823923664621569
-1.0921414580217	0.43963386986034
0.0638203034556887	0.0232673892387304
-0.287711925853366	0.0950016823367727
3.62029547254428	1.39222029871931
2.76098037058925	0.812188394353738
-4.24830474088058	2.01697520562806
-0.839931367129846	0.374943853029174
0.23834346046676	0.133368038798868
1.39488391461006	1.28893883734393
-0.120271015064416	0.0580849685581173
0.0833374925807494	0.0274653619700873
-0.174434538675536	0.0708838429663545
-0.59370653592542	0.229714087673177
-1.01730240177985	0.741736639242695
0.867675398894578	0.547820624665587
0.0634833597881552	0.0287399472284436
0.0772066352230129	0.0284758737459766
0.0838269217908602	0.0276906273654729
0.0471811552008435	0.0551335144105525
0.342449298071737	0.415822181590354
0.198366771096632	0.170436380293464
0.267116961339879	0.252816886821158
0.625651867541676	0.277248068476012
-1.26611862745287	1.27406240964758
-0.331516049478793	0.250908230100247
-0.766935367749741	0.532339357060806
-1.60611051435044	1.78394914198154
-0.00465511910515517	0.00348579275186562
-0.555042344761094	0.559944006050266
0.285221269376689	0.24461433937487
-0.969891527080042	0.901093239128071
0.0241180151061876	0.0163046852348646
-0.283058621494748	0.308380145025877
-0.229893562716755	0.324772917162474
0.171724218440224	0.227581411703924
-0.223711910300055	0.326457040175532
-0.793998742536199	1.5793087713354
-0.210169403649932	0.314145351217104
0.331594967703925	0.51887671452454
0.343281319849144	0.606961766295583
0.433557274979164	0.742559373642535
0.0726441643154398	0.082554335601909
0.133786002478897	0.168249282754467
-0.340950159087025	0.493137831894743
-0.0889390053426563	0.106396303857568
0.071866476435735	0.0817786813632257
-0.109082258610781	0.113325757110055
-0.668337818799358	0.912173569958924
-0.0730627196071403	0.0806214483256996
-0.39814670971433	0.701536520565555
-0.227549534612075	0.319092372874082
0.00565144626075747	0.00612756895263797
-0.373209346386546	0.482806711285193
0.030883847132966	0.029785603238612
0.15807775196496	0.172090258111198
0.0319650361064471	0.0230592836922249
-0.128931841340883	0.123345473250794
-0.893065030696615	1.30735648512778
-1.24222295677154	1.51943467836092
-0.11769190603003	0.10250800283959
-0.592229904866452	0.449956113933597
-0.644388682715615	0.156611606851412
1.37949177526255	0.822345913826972
-0.268873044795756	0.145141141791597
0.0669420199348236	0.0272605652903231
-0.140421379223887	0.0624895283009795
1.31209723498437	0.945529131716135
0.847611471885328	0.868777413602015
0.470195375328163	0.522100273291504
-0.520197452677572	0.547967179442964
0.0553104557423842	0.0414343255973693
-0.592534427483149	0.229347002712227
-0.32059380459844	0.296810642491904
-0.0748489134427686	0.0664420141255168
-0.607972641196241	0.9795989176313
0.0526682168054524	0.0468648758047242
-0.575116653769966	0.618663515154602
0.410433378187779	0.239480917024735
-0.133321650360054	0.0852519840405453
-0.658039465456562	1.27865353018155
-0.19431781604152	0.2629107386845
-0.227367124901074	0.250523179541452
-0.0481509372239996	0.0465449702426619
0.564273339595465	0.372033858924583
-0.296957125275595	0.404372395791411
-0.388899073169313	0.56992518613514
-0.288117163932866	0.308084222189694
-0.232052505362047	0.282393492485908
-0.157007049812911	0.157378389944593
-1.4268030115361	1.81495128986175
-0.733232533302736	0.815512960893998
-0.25497193902611	0.243926486083298
-0.378010622697467	0.342733898274297
-0.0265263119493445	0.0155165586243185
-0.254204510629178	0.233192309784562
-0.300089884330024	0.27898415200873
0.155494888795917	0.16420733481876
-0.188801949514159	0.169050707130814
-0.192225558302177	0.186890871936129
-0.560619879855417	0.814173091857667
-0.0715213610529472	0.0635871790260648
0.0445518417276572	0.0394261703001508
-0.514349326565491	0.522202461973728
-0.293509203417477	0.0962506662384875
-0.195580744309477	0.117913395336961
-0.14189624651966	0.120870169501237
-0.480086722170139	0.52891648081763
-0.612252215790196	0.836078435292603
-0.781175146625666	0.273344967541787
-1.16677175880733	0.353813253690907
1.97790917110466	0.492162248022775
0.163198318954765	0.0319050580443516
-0.286990305564329	0.0941069169178948
1.42380936571803	0.464332625195306
-1.78346459010975	0.415096457236971
-1.08808454476495	0.441668138489739
-0.878228470735794	0.756814611436256
-1.02083157906409	0.742685338599845
-0.484434539114127	0.339853060577097
-0.487936305047271	0.281325532365995
-0.418624823391198	0.253315620368389
0.311378893949948	0.133716618743878
1.4252914117679	0.462007722411423
0.230589365193204	0.128776906627772
-0.17963097353752	0.0729392863324897
-0.838560212946415	0.370812449479286
-0.219944544617823	0.0809556339123812
-1.55641272803696	0.802317919916879
-0.21937454168579	0.0805510726716672
1.00703647593676	0.586434966124441
0.940090400863303	0.246697605273809
-3.09193101813948	0.961049195592252
0.937310940021799	0.247681996839871
0.619145961661694	0.191350879359355
-0.391112366168209	0.113694348973874
-3.08772760270414	0.960654182521525
-3.09222121320703	0.955391886769937
-1.08796005889225	0.437490348287605
-2.53793780248793	1.43433791353459
-3.08716456321314	0.953073801543469
-3.08800953544398	0.952810068293281
0.0831434633023487	0.0274562437249086
0.163786424348353	0.0319491236824782
-0.636519747219715	0.154206502671366
1.37570752795399	0.811986780497393
-0.173218203870301	0.0704305152755953
0.616201443353171	0.276463813712697
1.88763183042892	1.1367084348874
-1.03043851563174	0.635839190744002
-1.06001498023812	0.524748496577519
0.323853660700656	0.139469112890626
0.768297365812724	0.525422092224528
0.0680723235958901	0.033535318416743
1.31538688307501	0.951006502325578
1.31397000033003	0.953656604518687
-1.00678057631771	0.723538503538633
-1.17711577051778	0.352484021879961
-0.0264272124828568	0.0287995167704288
0.287538458265718	0.346732506904787
-0.384206059378901	0.318082702303564
-0.19033054343043	0.170985059253099
-0.0604229069885974	0.0336273882165143
-0.330753411958782	0.24969777328365
-2.53793780248793	1.43433791353459
-0.173848263359142	0.126177613702097
-0.101594073661111	0.0785729649042671
0.191350699777393	0.162953585033708
0.43504904802526	0.402477396010975
-1.68258567128797	1.9719433115065
0.487387849547968	0.35506289495907
0.0288987003653347	0.0249047237783581
-0.0232939923922523	0.0257806545926275
-0.581496647091191	1.2243264916871
0.153560860420531	0.219439850187517
-0.242087688371154	0.328123534181564
-0.472289424931555	0.895877681249343
-0.0454573312298085	0.0515841885477189
-0.550620312551787	1.10283293413665
-0.169642003034172	0.223905779699248
0.156505425860066	0.200005838901776
-0.351256131160674	0.508273559068574
-0.472347713246871	0.664532053582267
0.0483057825573154	0.0502326440423495
0.0029394957751241	0.00308555579354303
-0.600895909516053	0.907519877023661
-0.571436672391325	0.606709307011195
-0.0505414658947458	0.056378295386888
-0.300996587602871	0.343489015644827
-0.280110056175782	0.39129124216305
-0.212763846911231	0.246503544926457
-0.309290059814245	0.407337038273171
-0.0318500394107512	0.0287017336775223
-1.43221081778576	1.81936361373482
-0.15070021854081	0.139281969158617
-0.732804631366078	0.764043256804058
-0.489168918256119	0.280191066697205
-0.784367552195765	0.691677993236671
0.860175398397805	0.884352838387025
-0.377465828913524	0.34237116877867
-0.1419324072009	0.12082843231659
-0.639596283054735	0.156460136265019
-0.281857407552882	0.09255522316438
-0.867755786354227	0.822322397313137
0.389805108777258	0.244952645090669
-0.467928898948995	0.199452398403393
1.00201685715382	0.580577757746662
-1.94897674392357	2.69617709104615
0.770662186994088	1.16616149731952
-0.0488498469830132	0.0277280908339638
-0.234171399807827	0.163829928701751
0.623403420271365	0.279181662349811
0.316964907540965	0.247793229084326
-0.368906901940148	0.415441999595769
-0.156596116642237	0.1613230010268
-0.751735134552616	1.06815176600548
-0.217674740518074	0.19259134125432
-0.0289376355249239	0.0170145300423952
-1.1711106569233	1.37918271542824
-0.9079874279852	2.05566213899297
-0.0830970915553292	0.0797323228404939
-0.356633052333406	0.421176613875411
0.162567292241865	0.200733005498225
-0.225017771723462	0.234276443035509
-0.666133064222527	0.701543557696655
-0.726810438365959	1.115265503624
-0.168612377670344	0.178487749754891
-0.413553056559978	0.431689090339738
-0.350981564437124	0.473392562419113
-0.0784808805457323	0.0821304345648245
-1.08742326385006	2.03132589463947
-0.797123123090807	0.982065987253154
-0.228849680354159	0.199964221989797
-0.0860007402649007	0.0687377108080439
0.0287344755483391	0.0191948024975621
-0.477317360034143	0.335655790056566
0.14949695026443	0.140741749152472
-0.247701375145415	0.234271663829238
-0.392012146445305	0.464717971236738
-0.102470569633926	0.0965927141065496
0.19824242076051	0.171060458433849
-1.02834208305297	1.60173818182138
-0.0785895476321159	0.0699131455519589
-0.608985066063989	0.722141465193398
-0.860288736129233	0.963290539230801
-2.4277742118858	2.18680748000989
-1.1663387915426	0.353796776180306
0.485902708858543	0.352766564255647
-0.44944986275865	0.394076428572633
-1.78355593853231	0.415040398756502
-1.78355593853231	0.415040398756502
-0.391112366168209	0.113694348973874
1.26685929533059	0.54428495837387
0.163198318954765	0.0319050580443516
-1.34230899665532	0.613420184707873
-0.887118031347419	0.591630424245516
-0.305224910934222	0.25794710194708
-0.420887562694644	0.378751548642471
-1.48554055157255	1.94827242715483
-0.641302677162073	0.585817681224282
0.0381272485034045	0.0275652404433161
-0.350775739264946	0.341975191967775
-0.782665604096246	0.804955071459448
-0.0856189563047657	0.0440131172685514
0.0617310096753245	0.0298832821461701
-0.118717854248502	0.0575484815928524
-0.780621338588044	0.27365972431568
-1.16395575317034	0.351212781854335
1.16642164773254	0.758944917818951
-0.234210082609656	0.135921141652833
-0.283124516934905	0.0937185339860193
-1.55809261738805	0.56070230461001
-0.390609043378598	0.113594128833838
0.101786250320483	0.0296355349486725
-0.473380835867939	0.200077523481064
-0.59370653592542	0.229714087673177
1.77822198684398	0.683613630208253
2.76031666068075	0.80609461503235
0.937961312100273	0.245882544650772
-0.639596283054735	0.156460136265019
0.981334581311431	0.363606045743479
-1.09777251593518	0.44122320852969
-0.838760583677872	0.373155046440197
-0.77882013815224	0.26862734584393
-1.56273532022615	0.557911133428662
-0.639596283054735	0.156460136265019
-2.57173719412033	0.687667960690795
-0.843549652094389	0.37619342222366
0.0761398320807985	0.0310546886539463
0.46653698232078	0.163076753759164
1.54737047168848	1.01621084961164
-0.781729246538756	0.271665063678666
0.316680815359778	0.13645439217374
0.820830143222864	0.647155662605674
0.0630338858309008	0.0309807195142507
-0.638843293209383	0.40863750734483
-1.34899590227802	1.24216519497282
0.487882796525277	0.356435774969486
-0.0475761877116552	0.0270422509385772
0.382707757628437	0.240282579189938
0.709203370130027	0.396422277281445
-0.733127130747835	0.437099781626369
0.997069063863235	0.470868177372939
0.101230426961354	0.0296586789627306
-1.171259671896	0.354268648704258
-0.0567615224676748	0.0678891436199642
-0.0203332024433694	0.0190304776208146
-0.0243327026001071	0.0179260158158826
0.454015043402026	0.512923206527326
0.218728954224333	0.14565387537207
-0.184806479028462	0.149763312750477
-4.60395047328367	2.51955833791824
-1.2681427078388	1.28837689823692
0.0825961527591123	0.0467572476732397
-0.119095847156024	0.102328938710347
-0.638129650470216	0.720368744161849
1.04905148547376	0.983803762639679
-0.555845938775865	0.477463088614424
-0.160364617427995	0.157324026667998
-0.217497387158527	0.31004098176963
-0.317210901604132	0.556037063366964
-0.0674641238434276	0.0806577031279718
0.254842009403369	0.400034450184855
-0.197088251561911	0.310967806745382
-0.0370472446808842	0.0463151714531389
0.0649629830286272	0.0737226033026559
-0.10698463294111	0.142720726240236
-0.321679897327534	0.463486766929088
-0.358096081285	0.574089064796051
-0.186755636638307	0.248096958028861
0.0322085853800543	0.0349952005223726
-0.133457275484292	0.166743945701905
-0.659091736858354	1.05430926547975
-0.24185303926859	0.336567509686946
-0.163002842650607	0.221897570860819
-0.331835800854936	0.46092831104845
-0.206805774001499	0.246027829383227
-0.0264439886667273	0.0265928783721399
-0.705702664029991	0.914584560103413
-1.78346459010975	0.415096457236971
-0.286041602482925	0.327492793408634
-0.597464524314973	0.711156619650183
-0.563670555453478	0.594064965291923
-0.661014877387019	0.648090727738295
-0.745731021747375	0.87562141599962
0.38981280969975	0.423551341106812
-0.310454750108039	0.263874902383313
-0.619430504635173	0.657852045395168
-0.417268672640604	0.340867080229619
-0.768018259469945	0.542048907314695
-2.57173719412033	0.687667960690795
0.754838872081418	0.307715712094555
0.601381091694188	0.574089438028403
-0.729444399136751	0.435470050169689
0.229296710839327	0.127984414711052
-0.205688174239417	0.147383019248356
-0.246669729982005	0.217243195137694
-0.122403658712122	0.0941823652605597
0.274210251909454	0.25396157058878
-0.722825433485308	0.746843263952517
0.0694879250852517	0.0341014163886834
-0.19145050814024	0.157230859227728
-0.0819246348618412	0.0777118805158497
-0.435978959793469	0.654339178075629
-0.237925011868949	0.32175576360036
0.154569545983406	0.182910993078167
0.00467891164260746	0.00468886006674564
-0.0901158876169343	0.100777212075725
-0.0746269585468428	0.0713983361650184
-0.213198806130677	0.189465110373553
0.0770729894907043	0.07887163179572
-0.876354143354369	1.70596953617715
-0.310493236346017	0.264233413828923
-0.534829876362226	0.71108701696641
-0.219629209295863	0.256593329344091
-0.983774473079309	2.10366072852565
-0.416166535898316	0.463574872386652
-0.382674157928911	0.347496709630874
-0.971986442894792	0.883994503642813
0.0699008361868391	0.0594097369062146
-0.671993762489902	0.878248957251125
-0.154395744219505	0.168723113753037
-0.392496018853456	0.412301810996782
-0.45535176521174	0.613872957589159
0.163750817151046	0.176126020459886
-0.297742871236552	0.338853434910131
-0.165698511974111	0.152298607920974
-0.530621679734883	0.491327755622302
-0.287135845984045	0.0943423798307996
-0.988596939142236	0.83054645066474
-1.09777251593518	0.44122320852969
-0.476714832333611	0.200367414358965
-1.87715426154877	0.773308234772495
0.622112146922877	0.193722380790939
-2.57185252800851	0.693041972437165
0.939788369692413	0.246515323141127
0.754158908243701	0.307549234515271
-0.638650683410332	0.155084261982669
-0.639596283054735	0.156460136265019
-0.843057151388165	0.373133963729181
-1.05740031682552	0.534077196878771
-0.206132176215301	0.182595471741831
-0.584931854551871	0.442223867982241
-0.147225460511238	0.111186070160793
-1.09350330679318	1.18922378311539
-0.415688918998744	0.433957870463616
-0.602134969916642	0.778330812888374
-0.413936666303774	0.370684529796368
-0.565878575033326	0.566601937872026
-0.192654484464969	0.116099469124736
-0.145938502664467	0.06512326058243
-0.878566405011968	0.582136987484526
-0.401608038665128	0.115300948814005
-1.23872316186964	0.695105327502923
0.0873919099750194	0.0287339321083739
-1.08878364673912	0.438810891064875
-1.16566845088931	0.353063396931639
0.130358943644147	0.03211293530986
0.759537445635865	0.309003115955684
0.615153638346262	0.187906680124167
0.529029799672864	0.263988616341318
-1.34103373816986	0.615768971195047
-0.134890698464838	0.0598364298784226
-0.389457563445465	0.113252691370962
-1.78346459010975	0.415096457236971
-1.34103373816986	0.615768971195047
-0.644039115012711	0.156345619732878
-1.1723691622214	0.353254771284329
0.133271254304781	0.0330736858737192
-3.08772760270414	0.960654182521525
-0.0474646294181641	0.0268856253406447
0.363607248556449	0.139585403231631
0.456919151145422	0.247438874900957
1.3073227804516	0.939711075862033
-0.174047483317246	0.0705093800741192
-0.196072039775949	0.117513436856901
1.68707911067	1.23010752551404
0.484545182960758	0.350954424519779
-1.91486454412126	1.69193151849425
-1.91089275319397	1.21423858428512
-0.110604073543776	0.0535515465407725
1.01820865042117	0.717837329345634
-0.551703444123907	0.367808612149803
-1.40446262308145	0.885538002179559
0.0780670570767601	0.0258238753791963
-0.678398940952451	0.330361183262604
0.00234847224875522	0.00230019706934328
-0.349075568441686	0.319622359719868
-0.0969709291692437	0.074989488559437
-0.578686952238949	0.306699359516802
-0.998262776010819	1.11682247758437
-0.286279633780692	0.0926884128166369
-0.282548617323577	0.0934288649662158
-0.0686550699643121	0.0372626177947361
0.0775803705633346	0.0255563265722586
-0.470197200488499	0.200326351745195
-0.42106980121989	0.305630288288469
-0.371933616865395	0.468808067708438
-0.350842205739719	0.318140988609351
-0.32389413628437	0.244703242112368
-0.133115237870905	0.132585439022296
-0.569269261435483	1.18395190585436
-0.107859420767714	0.162062241280105
-0.179071099662948	0.26656062035817
0.113493904331154	0.142067989461317
0.206536680600693	0.312407889639593
-0.117349164988075	0.177293214910414
-0.523759246838581	0.981208584871482
-0.489723524500939	1.00647194732489
-0.263983503420199	0.380092013314778
-0.290453845983226	0.450117421986494
0.0438213407525113	0.0464663022655544
-0.000608257019656873	0.000526622364850255
-1.37540784012551	2.02378280261818
-0.469659205581649	0.737840277963846
-0.349399555870694	0.515722727690234
-0.186061532028903	0.26058330831582
0.28160947047082	0.268593619746828
1.9760405399428	0.493213117693187
0.368175478480179	0.415092304600267
-0.401271214571345	0.494823551956861
-0.771099019836054	0.614458427248718
0.274781219050318	0.23228561844779
0.204745145044145	0.171840655300356
-0.162821569979946	0.145642297993386
-0.071001415661952	0.0642215226818636
-0.468524063138772	0.199832219373257
-0.555714451113329	0.370593904894456
-0.423079087591461	0.257588267099123
-0.171740714773795	0.0693963845038496
0.98338732932609	0.366366127152252
-1.34277677301109	0.618051447663223
0.328812982645846	0.247767536794399
0.870537642861012	0.553412894800111
0.823347906353663	0.42603239733205
-0.479975489004748	0.335308673148132
-0.180713197012079	0.146129254938733
0.301017317739382	0.34818873555299
0.14010972117631	0.12728795077841
0.137147912076692	0.122071478234959
-0.227610470209103	0.130138283845273
-0.356106261061187	0.351017710293418
-0.00684353002337369	0.00652836139889161
-0.592465952416507	0.884960653885922
-0.411436456672981	0.453522474302632
-0.442460076136159	0.457978348995587
-0.270701293522988	0.348280374154863
-0.274695128164576	0.365675460498611
-0.449508086256857	0.657990578534633
0.152085320849154	0.167661747677897
-0.0955131422116627	0.104174326908002
-0.53239300593071	0.769982245078802
0.30732029852782	0.324124825821277
-0.116567482703485	0.129929186527918
0.261935399229116	0.36770825025199
-0.784406429461665	1.18742826386709
-0.183887920752955	0.167610115525647
-0.625339651143266	0.905957230201362
-0.172953742184051	0.183310807065665
-0.795729600786045	1.2527341833926
-1.04672578818397	1.98157543108582
-0.802678430612167	1.18675921699725
-0.0466263334658513	0.041339169728958
-0.692750040969074	0.819407564851285
-0.556391642992067	0.475105027911588
-0.517312040129356	0.403978695221471
-0.017448948874204	0.0146161781059878
-0.218055901932447	0.242029992881483
-0.604479609271042	0.725034969212143
0.302570033682477	0.327202120821616
-0.411156488422909	0.449051366453929
0.491932806302766	0.441902500019218
-1.78355593853231	0.415040398756502
-2.57173719412033	0.687667960690795
-0.587362233118177	0.227587398386815
-2.34650024465582	1.19984793263964
-1.01112391992753	0.745915342367795
-0.21937454168579	0.0805510726716672
0.13436303694843	0.0332886519978548
-1.16566845088931	0.353063396931639
1.78018644761027	0.677970975097183
0.618668237718634	0.190972005647244
2.06345732778866	0.901367384248894
-1.17170273836896	0.352528986232316
-1.56234800985684	0.801011794055907
-1.17871109830308	1.12732557311044
-0.534286427098789	0.574812626379139
-0.25535311317887	0.222676049648905
0.5816822200877	0.642284354315708
0.0274435667583522	0.0185326499905575
0.0521744563419617	0.0390501094749454
0.0306443090157733	0.0213576425088019
0.418262231980772	0.339547929510352
0.318934116331618	0.241731250406109
0.22242611376111	0.138314760552056
-1.08528397950011	0.436718249933636
-0.639889036078419	0.155465657511814
-2.57173719412033	0.687667960690795
0.0810318530308528	0.0265912254997421
-0.780621338588044	0.27365972431568
0.612134300194147	0.273188729666302
-1.87549058741672	0.767863261128063
0.467113117241736	0.163361716762765
-0.220640861070362	0.0811231369281859
-1.78346459010975	0.415096457236971
0.937310940021799	0.247681996839871
0.134580624513602	0.0332822882767434
-0.28393383009478	0.0933555652659854
-0.730217845036063	0.437027517125603
-0.395701830802091	0.115534330411752
1.9760405399428	0.493213117693187
0.936662065549594	0.245987967322767
-1.057995962989	0.534764524434243
-0.785940487436722	0.27102332368028
0.163786424348353	0.0319491236824782
-1.56390564122763	0.562697971919826
-1.68607324953061	1.28612656700879
-1.16677175880733	0.353813253690907
-0.390970925105678	0.113585794693815
-0.17017180730567	0.069239171435283
-1.55775880570834	0.55671962166184
0.460134006519325	0.350046166286682
0.0632410434999677	0.0258341715328883
0.0688855762692862	0.0254633538895808
-1.87122735341729	0.772931215282389
3.11698497797651	2.37797462041856
0.773507807822874	0.529957822778585
1.38284910589309	0.815638074615182
-0.41473261057264	0.249329001659195
0.0814698058450581	0.0297201065494036
0.416886214219323	0.244668041085591
-1.41244436155881	0.889433348903
-1.54950262788076	1.07661779953421
0.276753099109172	0.131044871308626
0.564921088463688	0.371031599224843
-2.01691979220205	1.90854609301857
1.505133756116	0.725661881665558
0.230585533605198	0.128279797559717
0.27587694080814	0.130764637696911
-0.403814870216101	0.612567788352738
-0.259908934259078	0.335425391340092
-0.537621303284117	0.715585233691382
0.20787888337396	0.197071910379768
-0.0899251485803482	0.0467305129297754
0.00469990190947214	0.00287736675897719
-0.092721972404707	0.0478833685724819
0.0773634060086114	0.0436587293759472
-0.0759478818521696	0.0409588396072702
1.78120407332178	0.684553659991903
-1.56117642432496	0.800730743169161
0.514145866565903	0.457418073830664
-0.433166845406871	0.254625171808446
-0.553708779380348	0.476185509861146
-0.15845560395622	0.117263127702711
-0.160744489071895	0.118680895391645
-0.144930399537325	0.134032429762729
-0.558897817557556	0.961881176787275
0.0295648183465619	0.0368113384678231
-0.142511652712597	0.190327917967387
0.0533060437070261	0.0613324886211309
-0.319775453355259	0.429383111479062
0.297322926565023	0.432927251776543
-0.132623065677771	0.169501850950683
-0.351110566495333	0.444071314596126
-0.690268378763396	1.29060624818342
-0.464310010258575	0.689683697561649
-0.316942411488941	0.419515789326421
-0.728982542537028	1.39494632754997
-0.428825568105092	0.469581289002743
-0.234540997711283	0.271223818547272
-0.519610643058399	0.696111130359053
0.14111896889849	0.173042783274692
-0.464205484530125	0.411958420142838
-1.78355593853231	0.415040398756502
-0.455755479340691	0.612462296541029
0.149409705092835	0.133742337715304
-0.0636387214888853	0.0446339512928064
-1.07508529015193	1.45275723881051
-0.5807441455737	0.53965397198457
0.161661134848352	0.157455358826382
-0.755233057688257	1.11364468593488
-0.0756940900686357	0.0603928699811951
-0.265598448165119	0.27059587025161
-0.215054515894036	0.0791424138047077
0.312093405824781	0.134356647460201
-0.677905388439909	0.330941128827722
1.0324865638775	0.849535487071066
-0.219452176887586	0.0801685990748648
0.0999867485326459	0.029149847138739
-0.312133717306368	0.262387340421058
0.0687677062436915	0.0363630963703744
0.625163906179193	0.380111731444517
0.942496022185218	1.01450022604336
-0.328742509526867	0.32822007247439
-0.179275088774837	0.175885614217049
-0.210143903482546	0.202517601269198
0.060243716639723	0.0544806468586616
0.827131342027728	0.428689146778807
-0.136915226674664	0.116175953793458
-0.0457970245444122	0.0480576093102679
-0.252299369241855	0.289639874059403
-0.140735628477138	0.149316612892679
-0.357286073887518	0.376887447202773
-0.445000756960575	0.545333928128276
-0.323265376934222	0.384540734000832
-0.218070040686787	0.253172914148875
-0.993419566186934	1.19755583030917
0.0628791886933922	0.0606395365007525
-0.301494136228203	0.384229734898713
0.131631444535305	0.111418057282648
0.214916072973048	0.15569767547741
-0.738167426909062	0.856427557310298
-0.662472702585317	0.870560086463211
-0.133521186363671	0.0591288073356904
-0.157648724474816	0.132829745630499
-0.179020078149916	0.163048567727513
-0.350301980308798	0.4485881797519
-0.206269035840354	0.215739365638225
-0.125600374672215	0.118999603237702
-0.902415406350376	1.20969240795
0.337055771578878	0.331554380878131
0.829508628431016	1.03731000186811
-0.465024389380866	0.373180023084252
-0.195534502029554	0.192669876995351
-0.160877978024577	0.146046461746595
0.0871315291645177	0.0739484057238919
-1.42187599046028	1.8117397961023
-0.881476052164028	0.763019703016666
-0.477211664913682	0.202078122441939
-0.737595288104514	0.433659802216886
-1.34219551471333	0.618497753906037
0.468411691961078	0.163627726712943
0.622754877518999	0.193758888404047
-0.390466134450405	0.114207620517753
-0.276111817849434	0.0901952057258271
0.463163017399524	0.161706881929458
0.622619267673717	0.19534691993008
1.50757502611848	0.726858655012998
-0.785510297747507	0.274807822870996
-0.00327197832291818	0.00207357189686701
-0.299195465833927	0.230581721333804
-0.205938685357039	0.16446326661261
-0.783479827684484	0.753966972564953
0.20552959806858	0.164074043909804
1.01913298493948	1.26894641101457
-0.319152032428688	0.271633646096628
0.375678078989208	0.233318077730206
-0.00530711381744423	0.00327323743087271
0.0855375092670015	0.0281508086620049
-0.63923865613969	0.155145012751728
0.163198318954765	0.0319050580443516
-0.173218203870301	0.0704305152755953
-0.677905388439909	0.330941128827722
0.0861240597616357	0.0283812447522542
-0.83983128279799	0.374159788211206
0.931562386845422	0.243619932940969
0.984759554462192	0.364403212406029
0.982700209031034	0.363989286150721
0.37153622137121	0.143813375840356
-0.389961680664391	0.114106955582715
-0.48275335280671	0.276294053213949
0.101230426961354	0.0296586789627306
3.25511333794459	1.09678833621524
-0.639303808570113	0.155405266784039
0.979355101933745	0.361417741562922
3.90261706492631	1.66907818633132
-0.289733706267321	0.0951049165212375
-1.06263144458645	0.53231439897926
-1.55253972324867	1.07369041028814
-0.644039115012711	0.156345619732878
-0.389819593414635	0.113165790285367
-0.63923865613969	0.155145012751728
-0.284392038770571	0.094028916343425
-3.77952094156138	1.50154148909554
-0.467928898948995	0.199452398403393
-0.146601221638029	0.0645441651123259
0.378392467045764	0.147777492160256
0.317187319661597	0.137032961183765
0.757839505849219	0.310841820857779
-0.551895146039899	0.374377175937246
-0.574451455252764	0.30662296547742
0.650873380002439	0.499420119336729
-2.7010981794589	1.6527042355756
0.772694205723866	0.528788837379705
0.62296926515137	0.379451670515644
-1.31817015541441	0.988773791850597
-0.13965240944268	0.0623180442180972
0.0717849314414759	0.0351004894872287
0.0653583082213933	0.0267664575013058
0.0713935019333362	0.0351969384013629
-0.574451455252764	0.30662296547742
0.383809925535278	0.240042935897183
-1.56324329756038	0.561504402611844
-0.230582700750808	0.238916734988524
-0.25658990619653	0.265839132737488
-0.0283246718820089	0.0263916277057329
-0.227393680355707	0.261274555942326
-0.421464926357648	0.573612496234181
0.0171547431438753	0.0153683639222833
-0.0619655249798819	0.0336284111039167
-0.386873279802887	0.509300164702888
0.376152533116042	0.347577183660409
0.0152422550035221	0.0098915617018371
-0.670234115729864	0.49753123438534
0.10662941555314	0.0702403208731623
-0.229248111728755	0.0831219449299913
0.24325407835143	0.135395833090077
0.774322106286774	0.530414115005022
-0.311942651509074	0.206627367126186
-0.107520292313598	0.0910617360717148
-0.116953475939235	0.101851300688766
-0.283253724535045	0.321610260472129
0.0689245252036248	0.0579632754398443
-0.112535705526779	0.117214058684992
-0.435549553473105	0.589441009051468
-0.913458819280397	1.84613171058215
-0.257898635362532	0.245417329087648
-0.260999500583834	0.300396977310408
-0.407002441003332	0.641719462943156
-0.128334363697234	0.155357957792807
-0.308374416646085	0.332874008124496
-0.623997110476501	0.90218607716639
-0.0836910812458746	0.0742856984261445
-0.0589401408512212	0.0530138505175537
-0.290977202450686	0.295695081684774
-1.11769333957801	1.86956722538244
-0.745957786587828	0.961694256998114
0.103584621390621	0.070468372931291
-0.256272555549868	0.280300915111045
-0.274945925575518	0.260369162332696
-0.918607051297497	1.16551408582126
-0.00408815291900016	0.00306687843219669
-0.0733227408921138	0.0639984221297675
-0.0182024310363917	0.0153535610978242
-0.299929978676989	0.342956851348232
-0.108672851260171	0.103217441460347
0.381088967694385	0.508330680584667
-0.0954054977565084	0.09129823723183
0.103583143304532	0.0683151484335899
-0.663893698943478	0.48340400385481
-0.69022232729258	0.571859820238432
0.599338476595572	0.476663412597398
0.12079791255911	0.0864230290948268
0.0718483121595139	0.0264087959131952
-0.279471934344317	0.150927757293034
-0.635154206978796	0.710006038516257
-0.677618135169399	0.759492725035554
-0.42318159426206	0.305129424039624
0.779974909115561	1.14139226207521
-0.291898622581703	0.374705631790528
0.158583848568484	0.16271679399465
0.379619252059371	0.497880221461939
0.175648435838566	0.210734023407081
-0.132089084925701	0.0844635856680691
-0.278779005953399	0.319575580274635
0.0268781689530838	0.0256979561305472
-0.0185755631888192	0.0173970826871002
-0.537414378670909	0.719504767933652
-0.664492343939063	0.835708596624497
-0.855878039485513	1.04325093422244
-0.511169178314436	0.573170712293205
-0.57339547266516	0.763568562431075
-0.409313997659299	0.453379751476231
-0.356724983173003	0.394111185839016
-0.26272808704978	0.205268963420853
-0.297469887341388	0.303500650924697
-0.0640199038507279	0.0566990556288248
0.143437556192668	0.134442677438476
-0.242939030645137	0.24910509236866
-0.694333687380204	0.894772677402687
-0.0439369643762313	0.0313269483027962
0.1925225868349	0.177705317694903
-0.783009439677906	0.807282343433556
0.825799198406077	0.66357017438011
-0.614837200584879	0.645120117796776
-0.200718870931508	0.142444812185889
-0.157248297092029	0.117244127080415
-0.570168667104977	0.603623412442154
-0.937433268473175	0.991696003694011
-0.300364916810342	0.282378459207345
-0.0227876737668774	0.0168042599022168
-0.781476478999499	0.690528832276067
-0.526116320473024	0.629418975338885
-0.575014017890095	0.616678548028962
-0.44897241066599	0.432582471773616
-0.50908277610124	0.61883485677176
-0.552052185091989	0.554859671109277
-0.382596548685298	0.371348805768145
1.58872870820541	2.35208183484031
-0.200033939694629	0.120782878761021
0.20292257381347	0.161424580306712
0.344343250637377	0.338703260692386
-0.61920593024715	0.656661802136518
-1.0122563174817	0.736953556621848
-0.525815090118038	0.488933521397297
-0.986384929404644	1.48184048235903
-1.87604485354972	0.773191975340068
-1.05811039951226	0.530190321758903
-0.385514131258978	0.180201700951996
0.463741052737693	0.163066696140039
-0.468635330223977	0.199551310832381
0.524701774449903	0.261424135640367
0.752395655029035	0.306376687805518
0.281370847804292	0.133631751956264
-0.592534427483149	0.229347002712227
-0.175262066081875	0.0711978201234321
-0.546039628673804	0.368805100879984
-0.135533719813175	0.102371075487793
-0.480745753495594	0.339231101525389
-0.278229194723595	0.15074835257904
-0.782855167109617	0.740789811877608
0.875392350521101	0.7893270969702
0.260076671314202	0.133294052903407
-0.270503280041503	0.184709637843159
-0.762561074562968	0.533546507224296
0.0178815298856774	0.0120854335672114
0.108566143799045	0.0711151122887188
-0.731762601061138	0.434407770203439
-0.489337590066648	0.338940548503092
-0.66863189002321	0.496285219885174
-0.88378789703638	0.682457315107204
0.322260616180465	0.139413835829458
-0.868026162339035	0.474575023067733
-0.865213389433054	0.476016892826936
-0.568291731715849	0.301256801568551
-0.782325198541867	0.270060300390934
0.456919151145422	0.247438874900957
1.70719650742778	0.923185431461584
0.0817438495561464	0.0269368955091815
0.163198318954765	0.0319050580443516
-0.57178698605189	0.305839880525785
0.459290127841087	0.160382766218069
-0.283816265891262	0.0940046780297161
-0.593218581822449	0.228060659480059
0.70330730603408	0.395160808854051
1.77807496671479	0.679218438276244
-0.58804965889281	0.228034778047064
-0.396856497501755	0.11460759549303
1.78237568108603	0.685305417622692
-0.678625999707518	0.329261152393495
-0.733499109107916	0.435096729616921
-0.639596283054735	0.156460136265019
0.82670885514519	0.424229303807492
1.17117568182615	0.765662979960371
-0.323868340386761	0.164161395834974
0.0997151553090041	0.0289351651650972
-0.878052160748737	0.579667362800595
-0.888425000380029	0.685284820678845
1.00498613917673	0.584769758872767
0.0637069118847889	0.0287190678397562
0.102474476101686	0.0297923181105043
0.828455786207177	0.426527103181193
0.0839236022372932	0.0276941060567698
-0.322258328864204	0.164108789049086
-0.839345856011256	0.374428244004784
0.755865674835745	0.310009902242014
-3.78352389634761	1.5074133028632
-1.35235219210551	0.612917741253239
0.0712888184799597	0.0292649136965029
-2.5335708053318	1.42864180111266
0.469133474081143	0.163814067909815
-0.588737998484006	0.22675387575669
-0.731433525429046	1.16806154894588
-0.4585176865635	1.04091494569736
-0.487585681686341	1.00680159557606
-1.44213754918822	1.42937378410364
-0.596542637603563	1.33993152237757
0.000710377178998343	0.000932640125142372
0.0653093464507123	0.0745923064290309
0.53839900911772	0.83601105498232
0.32268878408318	0.441958764887076
-0.383678190383188	0.617773917532496
-0.263424267375217	0.363813749352709
-0.110201343617963	0.112557138940613
0.0847589115874506	0.103120268339464
-0.371746702352209	0.669413125911489
-0.498088389358579	1.01810500208398
-0.088920502021776	0.107431750927203
-0.0188919511429939	0.0217978025991814
-0.123544192164315	0.180427895990604
-0.298236425076383	0.642381713742182
-0.133977752062557	0.24356782080497
-0.67596884432801	1.64222417331996
-0.621677281324572	0.658310495481845
-0.374526476936823	0.33758598078817
0.443722835923767	0.354552466633736
-0.238527295743012	0.19099771556201
-0.202893088505626	0.162950613995807
-1.24461149783845	1.53353716166532
-0.238006822514819	0.166827262389476
-0.71907279155158	0.698932690851497
-1.12879154303894	1.39442497911063
-0.611962633392842	0.513070381808311
-0.624877240173963	0.565545323142485
-0.782587381121951	0.74831935680018
-0.638944530069775	0.156134678840522
0.157886039448722	0.164564649362021
0.0246950538237512	0.022641972123235
-0.0944615635929013	0.129009978598157
-0.318283338251718	0.497917150629045
-0.144523906621	0.217142458057319
0.202085790284036	0.250944682880268
-0.668991149613454	1.28930636075821
-0.565205382292605	1.15331921876137
-0.201293370288559	0.273291766634281
0.341375322780494	0.546206382364427
-0.0433572931678217	0.053922596642362
-0.0862482100529957	0.102158736455973
-0.333179696487078	0.494764261386573
-0.305269982483638	0.382500089286851
0.0206671669525957	0.0192368621629842
-0.131768896643938	0.122929586712736
-0.0210915859077276	0.0175845058274517
0.173970527854933	0.208482342581384
0.236763388562996	0.321425365932287
-0.320642429646405	0.513902094171304
-0.316065562751384	0.402402143822473
-0.404061179429631	0.686443219799196
-0.452064565526598	0.669286656535414
-0.477049780643599	0.788145667066915
0.294608611920233	0.485726899595163
-0.171293932613565	0.240659944836056
0.239593634198005	0.328004973583768
0.372603970282423	0.34132583292966
0.199921360283205	0.212245679515189
-0.735783940296922	1.29632129152083
-0.341472351223277	0.564791488115993
-0.987484610148882	2.20131615955992
-0.378489930328486	0.548064831189123
0.0189157787222879	0.012272389044717
-0.285350063058492	0.218731439184315
-0.0190888904400912	0.0175880754153545
-0.485896396662555	0.79641768388379
-0.14481983946399	0.120862834645321
-0.550999940135674	0.547820215425304
-0.750106819723036	1.44354617737296
-0.171578334567329	0.247131586366245
-0.120458843818868	0.102507883316253
0.303081446423358	0.246420249035897
0.0716089016252347	0.0379043324984967
0.519978982200473	0.357980259450156
0.0683159492014027	0.0281628877530193
-0.853185199713887	1.09181722294449
-0.0752028972101694	0.0869134298484624
-0.230519206935926	0.349330178498548
-0.716743933947013	0.741112718834472
0.317457445411072	0.239752790177987
-0.495055239876861	0.466139530810623
-0.669503394618675	0.702856330246503
-0.254539757534563	0.337726447728763
0.696510130317693	0.786109701863942
-1.44813545111735	3.40432320174678
-0.264811066663452	0.207239885974716
-0.187593628752768	0.267589121781476
-0.232689306019326	0.183713699237236
0.373426203321584	0.145712820367284
-0.283547466992737	0.154677968865678
0.0686686453621736	0.0336958858348195
-0.255356881442979	0.221836346267021
-0.488908516030642	0.705493538460273
0.266415736839662	0.380574157514966
0.493228085157196	0.673315989582042
-0.623815430709706	0.915545429146341
-0.252256502399962	0.240540201344011
-0.520508858962958	0.523303824902293
-0.349530939848391	0.321149685223846
-0.722487416375962	1.03276942553925
-0.569858569888795	0.605441381908311
-0.414405631961584	0.332598967500266
-0.293144324229138	0.273918339126893
-0.253194202189492	0.220381974485466
-0.673216493640214	0.711373371585815
-0.407900703753801	0.328553281058766
-0.326491776455344	0.345434250263961
0.311362848103613	0.239873693574074
-0.374529247411444	0.308507166191849
-0.0970690288101183	0.0921798160280468
-0.314481249821125	0.317761882871784
-0.471846048236285	0.574471269668315
-0.116666705475699	0.134912048590847
-0.231445270344423	0.183655237959112
0.0716089990214786	0.0354056083049398
-0.423410682914635	0.257885712841727
-1.17449357081446	0.800775126662053
0.0707366242690007	0.0348419544357827
3.10915512193688	2.37545352855503
0.752983662535768	0.309028918061035
-0.220640861070362	0.0811231369281859
0.0970469464171409	0.0612080911680442
1.16916714999618	0.767243860948706
-2.86079205317011	1.89603582109246
-0.5305869506805	0.500842482069289
-0.540476349659616	0.500734477596689
-0.788704357656221	0.913052344279208
0.198805985003767	0.183872645955972
-0.971271095226719	0.895514817883795
-0.711503631751933	0.687953522151405
0.289540394709242	0.25608164454961
0.536635229548094	0.549134464779979
-0.561165672454736	0.482542520459493
-0.650752147514153	0.637843618127088
0.212926880966269	0.184648926022228
-1.35838656007569	1.6618764424326
-1.43304385567311	1.18422218810611
-0.237893843874703	0.167381179738443
-0.324381256960414	0.164523475800375
-0.416768487871469	0.301498952741169
1.57393366082701	2.09169542093218
-1.43717437467603	1.42931117766203
0.22808387369187	0.137015106837763
1.06187575893162	1.10269329809633
-0.682999511060024	0.561749172214243
-0.0708700950003284	0.037826389063383
0.110719804932804	0.0779740496416492
-1.43158310863168	1.41940171829645
-0.118702104225637	0.0784022337959941
-0.488911712412104	0.280008553483907
-0.181331374390908	0.132429302346711
0.113340310864582	0.0748601950410382
-0.361948671181432	0.232510972557486
-2.28525907651962	2.63525281628151
-1.02171466070544	1.32221688563317
-0.472695701118228	0.379028888039598
-0.590236711499975	0.452904906267572
-0.274103852908281	0.188148820047883
0.440749204904969	0.349558873607492
-0.389961680664391	0.114106955582715
2.06274546205155	0.902931253229983
-1.55626595184039	0.556556003824154
0.0787519864950948	0.0260563179245945
-0.639596283054735	0.156460136265019
2.05926724925634	0.900482160133906
3.25585177993415	1.10585266920525
0.624899495342388	0.194695505334991
-1.16566845088931	0.353063396931639
-0.42111139906608	0.341519873836159
-0.555888243662473	0.8723007968225
-0.323272801808587	0.439776227469653
0.105383386193679	0.0695776412339932
-0.413152519834112	0.623420474089811
-0.345981185220714	0.337753544487028
0.0528608579343483	0.0380636766749096
-0.264937725010275	0.208770279763153
-0.0497173503769065	0.0344951334695555
0.313311575704122	0.243993201532049
-0.924456016473113	1.11631783713806
0.549018714549122	0.839444088980909
-0.586736651043304	0.66557801151363
0.196342313992218	0.194290656796306
-0.273748140630574	0.352088682303996
-0.567687135516691	0.748195805372624
-0.153217514067468	0.222601987452815
-0.137636156939495	0.194878107828759
-0.406985636168456	0.502524935598347
-0.627114954877456	0.570116570883534
0.327516241633987	0.327631351518866
-0.392022344162493	0.44140399475698
0.30302745883102	0.349827718166815
-0.601574491369501	0.821774863778648
-0.637628122462436	0.866805289996555
-0.502303087998494	0.43943292742826
-1.78355593853231	0.415040398756502
0.31348021170587	0.359673309456188
-0.24468648375122	0.281418459721521
0.0528303443279988	0.0489412714173402
0.198508968471483	0.223101920482532
-0.742168548367497	1.38750446972234
-0.371825512933431	0.584099742533903
-0.11387302690684	0.12859282222804
-0.462482054797576	0.592677840837801
0.0924787279657651	0.102818793801069
-0.500723955694338	0.817023358180822
-0.302038608214474	0.344675188832174
-0.029413828125625	0.0172692141006316
-0.224713046478122	0.196751143477755
0.0700893876257104	0.057083846103719
-2.31134231687588	1.87089016166652
0.0900834886226835	0.0536917310748457
-0.399825623076349	0.494226574449133
0.366547207497746	0.424126546484615
-0.0562703027782948	0.0395777414124243
0.167446456398764	0.187610564728621
0.337141491370459	0.457309260108942
-0.52242970539551	0.871446991255839
-0.658404936943223	1.02102241082189
-0.437092986630645	0.743583364571769
-0.351412785532162	0.346617090156704
-0.263471482859919	0.322870034910855
-0.276850722308756	0.388853206204139
-0.545726756816377	0.90700390688794
-0.376424150424087	0.464151611214012
-0.476741802161133	0.582381663367861
-0.197778131537989	0.178575451281195
-0.0173230409666277	0.014799789229451
-0.722845807497689	1.0278850616206
-0.0183607164711097	0.0173808398966009
0.0105411673489074	0.00937491033126208
-1.1987920686137	1.89566120102374
0.323526942350989	0.361305557617039
0.640449032552564	0.759187790395234
0.161185228673242	0.167123185980599
0.631781443004569	0.67125935584708
-0.12071284273147	0.091734533617748
-0.276401662464461	0.235421115379067
0.726086244518496	0.711732018947758
0.0195456913640796	0.015653561540467
0.337763422203887	0.33351035235227
0.0716811900308408	0.0595347311664873
-0.0904779149798354	0.0938848193997379
-0.196453475921527	0.188880759797215
-0.137816297583322	0.129036566671616
0.0423899604924405	0.031554999716754
0.259640844861042	0.273689416180064
-0.0314407350709877	0.0228545213294359
0.310685750180715	0.2516526078307
-0.398478331480367	0.418123382555666
-0.528404792438974	0.658157385391388
-0.989459368470789	1.15253881370858
-0.217528535455369	0.175758306423415
-0.247179027476818	0.254783134057471
-0.470775060168514	0.475344118812083
-0.414162947730429	0.334056171081881
0.562771137019075	0.565888086071958
0.316116935080191	0.353163281946592
-0.428633540445191	0.432650005502383
-0.340441868358892	0.282237899145323
-0.569346993651405	0.752976301848947
0.436473930549534	0.579330469537069
-0.00814199766616759	0.00699501359171176
-0.826279841252965	1.40953846640891
-1.87659941150928	0.774465327119428
-1.40312049393548	0.883917826274096
-0.883626176514274	0.680741419349775
-1.17526903248436	0.801963474401796
-0.367647857713083	0.235619494814934
-0.698315544281094	0.630184518675259
-2.13210373269882	0.984452560665217
0.0717256377747846	0.0293193910830577
-1.05669029578144	0.533230191034513
-0.86280157642846	0.475164283580752
-0.0915754021060617	0.0722529951034574
-0.12771739658721	0.0958419630815465
-0.114727500145784	0.0878299261837725
-0.468300812163061	0.373321269964742
-1.01496558343049	1.15336591715248
-0.159920547993622	0.100118030230248
-0.553551568698316	0.47337783576868
-0.88378789703638	0.682457315107204
-0.330708968234772	0.250756636378659
0.304981499988064	0.246555804434353
0.0875598960063814	0.0523789773226747
-0.313080191352642	0.206594590528211
-0.236751615900424	0.136846124621595
-0.338365761378231	0.282391196587148
0.488587990834532	0.442920059033068
0.0648139659485531	0.0266210623918291
-0.473549973004868	0.200163134022838
-0.178301391029978	0.0725302470865035
0.425162133603607	0.246523945740276
-0.704234716785375	0.625970827749673
1.03487002715489	0.857707181682725
-1.13288906391345	0.908291458631262
0.0815695126109432	0.0297971207883989
1.27047411080225	0.545147475204001
1.42380936571803	0.464332625195306
0.0645959654678398	0.0265323278286121
-0.730350388526409	0.43618907826243
0.77483044576861	0.529134830741634
-0.237535101831739	0.134885898262092
0.520267699440164	0.256253040568721
-1.17192744414291	0.355003538565994
-0.862681079485451	0.471120824128085
-0.638666612150168	0.40882649617297
0.467259169041621	0.164195900844227
0.377801667398873	0.147255922187708
-0.498106485367813	0.283490860261943
-0.495778955090788	0.28453575583107
-1.34219551471333	0.618497753906037
-1.68282489621312	1.28207829831364
-1.17925064719739	0.807591237051435
-0.0309806081268496	0.0180519088291218
-0.836297929353151	0.372203399815473
0.068536841125134	0.0308278821801955
0.373514502534244	0.145732055908002
0.322260616180465	0.139413835829458
-0.389819593414635	0.113165790285367
-0.177420641679261	0.0716788908491523
-0.289010527972478	0.0954623470694033
0.524701774449903	0.261424135640367
0.316342447581535	0.136971796751973
-1.1663387915426	0.353796776180306
-1.09050316900746	0.435176949591531
-0.298718760278022	0.396967743796834
-0.590979282915164	0.448054864534216
0.083759979522753	0.0721897280876443
0.723849338465121	1.05010520831248
-0.5291539337047	0.569125148220317
-0.289302081607116	0.221616589033854
-0.940524881974768	1.01716706677521
0.862749048309895	1.16201570227067
-0.0115537087688483	0.00696149751830599
-0.161585489161364	0.119487346372115
-0.35409569503377	0.489739216030204
-0.802431068928074	1.08578532754468
-0.307268979999848	0.404756157268927
-1.09660207494415	2.68691018786534
-0.477738217372907	0.584907000602552
-0.333793301925386	0.553766651451935
-0.531627785423211	1.20474081667971
-0.105470933493598	0.153745805521666
-0.151769106611573	0.159064347131769
-0.0785453284436246	0.0921149130400832
-0.789754902766188	0.919998067897169
-0.344910583002546	0.367737859552689
-0.740078588213883	0.858420157405179
-0.197455505175004	0.204567364452951
-0.168458437828328	0.139599963499011
-0.171297022003985	0.141761236115557
-0.412830198400001	0.430912940092838
-1.01482937391023	1.15341541507034
-0.281507432467433	0.24130442376184
-0.00182276424019289	0.00136847598501416
-0.332628285058897	0.330507349143305
-0.0674104697545868	0.0535547263836743
-0.0729577339841623	0.0503174787045441
-1.13570367769107	1.17298502374286
-1.20178038231417	1.89334408590256
-0.524782536723302	0.626371877623988
-0.78969953326058	1.15583132102441
-0.335791403125792	0.39878362994167
-0.152035971444978	0.204727768861774
-0.143927569477334	0.176314897699472
-0.365624699432138	0.541631841203422
-0.0362310493533176	0.0391391890630648
-0.0333688773620728	0.0279348201218004
-0.282394598225426	0.243184852038983
-0.467843340534298	0.473457074926613
-0.589848970216475	0.74936688214862
-0.236178141111701	0.136877380365515
-1.51214971328353	1.56949823938684
-0.214224974917632	0.265693738299201
-0.137027101176974	0.11653835079177
0.628925815364581	0.889971061741367
0.28127727771305	0.368861541447467
-0.584492394290579	0.912380521504237
-0.328629272521045	0.490492293284206
-0.460987185891016	0.704850329802456
-0.309338991663854	0.454039812906636
-0.318900105456706	0.403884016865683
-0.659994764240497	0.952408234414532
-0.629981635758257	0.668620888680827
-0.371536852636282	0.306539138992131
-0.541111170841718	0.785577128867234
0.482035686397711	0.521644588816732
-0.11289049654717	0.08614638821242
-0.289302081607116	0.221616589033854
-0.278164826308857	0.239927874128153
0.689277873772608	0.775600369162326
-1.42289006915213	1.78395439879553
-0.550781324353268	0.472963932973407
0.60317233378674	0.484074004572812
0.0630338858309008	0.0309807195142507
-0.615378323796554	0.77362813457815
-0.695210319212879	0.864126281798572
0.400960920185181	0.348357549969916
0.0439919503486097	0.0404222170755066
-0.0411489217144497	0.0381335557687181
-0.856143744352669	0.932162004038805
0.129787993430955	0.107410611034975
-0.0064069173164374	0.00483380333206092
-0.270447799551391	0.252061711531456
-0.25952061868764	0.203910851413288
-0.105393621029319	0.0912987435683559
-0.157370640393511	0.11689433142994
-0.62937465890376	0.57148653784613
-0.1154680459309	0.0557045397037031
-0.407540788687465	0.390321377448939
0.00676054593942365	0.00527860757158218
-0.369216849572017	0.270418526459818
-0.438309890450171	0.587847141129478
0.189045067606057	0.185798962502221
-0.214954538343001	0.235725352180876
-0.669886553147712	0.915698411016186
-0.21091165297934	0.236030918390377
-0.854295676164715	0.969959410870183
-0.575086225571093	0.306440418349972
-0.839931367129846	0.374943853029174
-0.363599618331299	0.230788737142
-1.4043822376567	0.881263952007931
-3.77903324332789	1.50600997385697
-0.556533142190385	0.472131187697751
-0.576460541031344	0.306305409685892
0.518768583153267	0.363015368698864
-1.01026025678019	0.737062775984544
-0.331941170597772	0.251397834589353
-0.289254508635974	0.222445794388025
0.520578459741136	0.6814735555773
0.201118905641057	0.162053699775396
0.0980162806700353	0.0618290696671412
0.0675681495393543	0.0332154295754872
-0.140627686167175	0.0625033415473576
-0.768326903997758	0.661250825600826
-0.550318415230687	0.544972609615026
-0.373498628194095	0.306982602162278
-0.300026804066532	0.231922301395983
-0.203215107099848	0.12256085235808
0.106814567346793	0.0701022830675961
-0.340990738112964	0.284111119477669
-0.791804122221128	0.802077714014857
0.573059024840895	0.376174754721828
-0.680130185908512	0.331604380927299
0.0648139659485531	0.0266210623918291
0.0736436107515427	0.0388295378930825
0.105627122892937	0.0723314250114649
-0.113938395045366	0.0553005996227303
-0.588211817042963	0.446581497981932
1.68426530096785	1.2300674760108
-1.01466252309331	0.747565971031562
0.383727496970514	0.241936698083001
-0.681660455492398	0.333424200731368
-0.689174887675059	0.334909741769014
-1.18409113118176	0.813014179346868
0.381330652421218	0.239773737989562
-0.317571866098502	0.160478303315086
-0.00883594329427327	0.00531676865688322
-1.51957501166822	1.59483756086325
0.0688289022052848	0.0362792384080281
-0.216322364283445	0.0796101409174183
0.253546900300812	0.131903644030945
0.757839505849219	0.310841820857779
0.0994309972224636	0.0288202569153379
0.250238004155072	0.129027039789869
-0.0886268696830262	0.0599089214468714
0.70555994163788	0.396299341907404
-0.673694383210976	0.497429901848439
0.462735909971554	0.251182659411794
-0.734272502109897	0.437169030103695
-0.488129778865916	0.341917080226479
-0.469597715708637	0.200105602686121
1.26903485065789	0.544915109346076
2.76031666068075	0.80609461503235
-0.222897563371428	0.0818933593429611
2.76031666068075	0.80609461503235
-0.387537698572509	0.112635492163704
0.0999867485326459	0.029149847138739
0.136032867380314	0.0336051051380813
-1.05407755857547	0.527553220160577
-0.780621338588044	0.27365972431568
-1.16566845088931	0.353063396931639
-0.128333405059836	0.156640094650952
0.00976895600971189	0.0127561054750542
0.368779006145983	0.675171880661102
-0.014954766044448	0.017116290044985
-0.270290513285627	0.344649299617959
0.138736686721513	0.164127258834683
-0.183518332362189	0.265539753569242
-0.14540685495045	0.176796784370803
-0.198066191286617	0.248220995227223
0.00699937084783334	0.00767550266062096
-0.240756604026141	0.402831027545968
-0.359018806179113	0.717474845572452
-0.311231237708566	0.204977802885929
0.31695705897609	0.137107793098675
1.16038035379114	1.29277170292794
-0.0109562575555595	0.0065927348797192
-0.685493789201085	0.555386813390881
-0.130149412178463	0.0824843834011604
-0.336449610156325	0.169250594176826
-0.0656813283824877	0.0357361785071198
0.386856343069257	0.24246671798564
-0.482773746579798	0.497677792366074
-1.55461854008558	0.797460945282106
-0.474578999486268	0.485944224550951
-0.42054233712628	0.256323044773897
-0.216322364283445	0.0796101409174183
-0.956024649666049	2.44111411677209
-0.252473615006718	0.303674065577735
-0.636659081846879	1.49959640360027
-0.893982994265184	1.72065921515883
-0.32774833944469	0.393425516551219
-0.082227827148342	0.0921042432119825
-0.314905583211182	0.416016684467663
-0.166591343941984	0.200397002728113
0.0142977670177561	0.0152122404608137
-0.174064579015937	0.239997529738622
-0.00363121343205157	0.00399302362610265
-0.0471742075309273	0.0475330412528265
-0.355080841660779	0.481785148483914
-0.419661217078728	0.437623771903909
-0.124929770475903	0.118057550267811
0.287085281257351	0.245045525323581
-0.334252312801089	0.253575773472986
1.22054090509453	1.87465115731136
-0.636225957560359	0.873758172078374
-0.170482067084951	0.141558430451891
-0.634354925670669	0.407227064942436
-0.420938903244748	0.255101993184324
-0.491382023777094	0.281733642743725
0.278024405868376	0.13178413737364
-0.31457878799728	0.156595384140321
-0.514789880204172	0.754376945029007
-0.295476076277356	0.411025253011691
-0.00488130163483066	0.00358489540213296
0.848798061197695	0.872867295464011
-0.638792206854768	0.408485635496222
0.0663331037874526	0.0271037810266223
-0.367017635625019	0.235917486003434
-1.42401056331837	1.15687055023839
-0.0651046862923715	0.0354334418137881
-0.321050450160615	0.316065121510616
-0.237456608222522	0.189574956260736
-0.5331147898976	0.503153745668988
-0.591893261455949	0.450045518016355
-0.457621466445791	0.473070627194878
-0.229081570853641	0.252512859453054
-0.336373341634226	0.380135077455646
0.133884525705001	0.107944169385832
-0.469391801638805	0.472403017096487
-0.0998191116622307	0.0651774445520789
-0.364244103529023	0.359056756321637
-0.419241263313353	0.48470954043085
-0.236813418612447	0.258162556743918
-0.501701196531715	0.497812629171665
-0.609066363228408	0.731284934280824
-0.550950023086408	0.467734504750313
-0.200367789522916	0.159674916285123
-0.538987006651281	0.651192643185668
0.31216305656652	0.323548159821658
-0.363112773559125	0.409165974490718
-0.571599859074706	0.526168346066886
2.4508578062964	2.12942876007232
-0.389820124723566	0.18275645386278
0.376048733616703	0.146429393060021
-1.34277677301109	0.618051447663223
-0.136914952945273	0.0611354786368051
-0.843549652094389	0.37619342222366
-2.35022576368948	1.20181587707921
0.0980585225845645	0.0613936854181894
-0.0347656818100873	0.0202557190318613
-0.179906452591615	0.129642876116913
0.574114528332022	0.634653566003378
-0.522369905210216	0.409909697046076
0.215381839396845	0.134717041899879
0.31836686465781	0.23788272487208
0.0436909443930864	0.0306399467822489
-0.185072115397395	0.165114094493704
-0.322531490666705	0.263331883711416
0.109472391019956	0.0773756926339445
0.094231204128967	0.0590342996767178
-0.781311084967593	0.689964100099938
-0.0654225441520955	0.0460725068153305
-1.21310051591986	1.33717017509537
0.203425382846667	0.15710248879389
0.386681477792036	0.24431871814196
-0.0226855729441641	0.0133922780531712
0.361605909639236	0.238872651539344
-1.34211399257333	1.24902355848891
0.0887421996075143	0.05534617597477
-0.872853745761855	0.807796180506959
-0.988359779569074	0.830668480967627
-0.324503203270388	0.245042538722035
-0.73754795761606	0.442446527199421
0.906325581085313	0.917171642801977
-0.31406728923138	0.266744747226859
0.466845281368616	0.436154626840751
0.270486470131656	0.256158206392466
-0.0281402954167149	0.0165564390409432
-0.578977687928441	0.538776635737189
-0.415132261750446	0.336120407056892
-0.876019919923664	0.581475586556359
-0.172710957174855	0.107367410888608
-0.103865373413988	0.0678788437965639
-0.122030613346285	0.0586313353019334
-0.373805096044759	0.336359144620864
-2.57185252800851	0.693041972437165
-2.57185252800851	0.693041972437165
-0.639889036078419	0.155465657511814
0.163659914308261	0.0319253139355892
-0.63923865613969	0.155145012751728
-1.16610275079213	0.35308024748219
-1.23161551261791	0.68526196803979
-0.256059238219651	0.310103017338656
-0.385631480182645	0.180144804614879
-0.0801971756075308	0.0945749211100373
0.0585824472549549	0.0961408839374402
-0.185230501125292	0.356416165612946
0.284186509814503	0.629848981754916
0.372265237194762	0.786805342043862
-0.300516282095689	0.459056343411965
-0.0526616648899782	0.0749509847277015
-0.0815432990810557	0.119697182077323
0.330544526224637	0.438858488578915
-0.0347532199090733	0.0412817704825445
-0.113238162856652	0.164115018488049
-0.465210266887226	0.834585532564161
-1.87604485354972	0.773191975340068
-0.785510297747507	0.274807822870996
-0.389457563445465	0.113252691370962
-0.282665519660867	0.0929789106960824
0.0989852898666858	0.0286266601539408
1.26961298119583	0.541081832282185
0.51518646457703	0.356829906722979
0.128703972957949	0.0319889921983585
-0.400967075683135	0.11581170254107
-0.114502917986304	0.124584267040187
-0.311650759756036	0.428521061387746
-0.52713313338435	0.492240044540227
-0.471065116195731	0.661313131616941
-0.295707283680431	0.41149660510374
-0.172369079089445	0.213817616452628
0.21319152424812	0.343213316431015
0.0806199185448849	0.104976709291744
0.374759999020587	0.488692324808463
-0.165489106934002	0.183868015892279
-0.634727655498686	1.55629279930004
-0.644072656315089	1.10691028275571
0.238497089684679	0.305846715839472
0.555911760291077	0.55452554628591
-0.611365095213192	0.637586863627861
-0.427994122690266	0.497985911828185
-0.680368956535792	0.711087583543824
-0.781315129447024	0.272091885430255
-0.549186789212076	0.62051474818368
-0.864892412385431	0.473068480063039
1.26617237586217	0.544237689615947
-0.803424912988049	0.935608551049411
0.159792541503097	0.182187181881594
0.0774933623321838	0.0315550880586258
0.82278318050665	0.422433853045969
-2.69913362464936	1.64626988332972
-0.779928198015439	0.271100929587385
0.136691698731902	0.0337280912386556
-0.595118953355731	0.967588095984815
-0.35938008889936	0.6134922052246
-0.113441781995585	0.0747140532694475
-0.237842304271103	0.137387447023291
0.901663408654203	0.677621576966931
-0.178631081283085	0.0721808364381069
-0.391112366168209	0.113694348973874
-2.57173719412033	0.687667960690795
-0.174047483317246	0.0705093800741192
0.0254307222073367	0.0177561703572522
0.330033799324545	0.23801303834697
-1.36014880232874	0.587950546085541
-0.165004204391452	0.151490443488395
0.0691325858927214	0.028365230111291
-1.56255358443277	0.803137043661489
-0.128576123625726	0.200043761468749
0.223224285793585	0.148090328931549
-0.633219909949925	0.407575841226684
-1.24342322866106	0.708596444931798
-0.465545167647335	0.19826876166358
-0.391292650792545	0.183220137032809
-0.0936119483944072	0.0633481946225277
0.297678147913758	0.373864994079678
-0.215066099058762	0.289360896490554
-0.310194275640982	0.468155313910246
-0.0585728945938281	0.0721167774778596
0.0535007883402289	0.0533874631640021
-0.5478496746832	0.465506050182631
-0.120178557396435	0.120371303656481
-0.390911422219053	0.487025184483846
-0.463723623755193	0.508344466969579
-0.258466832723295	0.302083220948885
-0.0147828541175029	0.0132500364802132
0.428538708497794	0.582005466319453
-0.262556553514221	0.353292327968745
-0.45329672942202	0.607850452884803
-0.638397486227874	1.34745941033143
0.0615685143068851	0.0301214461562244
-0.322967721645335	0.163137919696467
0.997069063863235	0.470868177372939
0.62326313623548	0.195382080165285
-0.589460033482949	0.227811993077459
-2.57185252800851	0.693041972437165
-0.685833262327961	0.559922585765427
-0.0428576508760695	0.024237830973894
-1.00690734041962	0.734734462115972
-0.261689942138556	0.205543337756871
0.373911552312096	0.440362192724621
-1.18518803191646	1.11973304414589
-1.4036052226368	0.873447531439116
0.0736369275090234	0.027210195538483
0.562462193277044	0.767260835696355
0.0294401606312264	0.0242343885398919
-0.0536208346184472	0.0483789968164414
-0.555621785573416	0.731880328692523
-0.0706315938413286	0.038323530706573
-0.160013345386199	0.0995564463633019
-0.412967477675284	0.331641733828025
0.347859265175384	0.431277929557039
0.408021880011681	0.236138566284143
-0.738399662726463	0.443397762958864
-0.0032837343737427	0.00207230085482671
-0.233618950370865	0.186577838799225
-0.602566661769617	0.60330629048317
0.0597870294748121	0.0545804085426401
0.556086601983813	0.745702027988671
-0.115899099966781	0.0564569485105296
-0.48403721130409	0.457469562832253
1.1648927210302	0.761563662136057
-0.0481201388864184	0.0344914565807378
-0.110665265970455	0.0860193296960197
-0.249122892358338	0.25671165882637
0.20522865304555	0.172732192346709
-0.238977831936293	0.19016427877084
-0.356032038579458	0.374107529316904
-0.475814756825717	0.331648294466397
0.600084384340531	0.477994898412472
0.13085463953345	0.111120997817595
-0.871811887420388	0.742743686626762
-2.57185252800851	0.693041972437165
0.163198318954765	0.0319050580443516
-0.0215419487203721	0.0126337175260069
-2.0561833931691	1.42759779605191
0.163198318954765	0.0319050580443516
0.163659914308261	0.0319253139355892
0.163198318954765	0.0319050580443516
-0.638650683410332	0.155084261982669
-2.57173719412033	0.687667960690795
-0.737249245870177	0.441041088271473
-0.113480423725494	0.122043648013052
-0.64699848586009	0.761836809795236
0.625545825050412	0.19581710979278
-0.235659892352503	0.330164485880231
-0.571890628543739	1.80875231667912
0.0915677781714142	0.156569742705773
-0.255701806639319	0.549380248267628
-0.0710405924522095	0.103755685135131
-0.419771480034868	0.633347282609292
-0.206618628789885	0.361719912505205
-0.182510836175815	0.227910428137549
-0.198645909556934	0.242981974240641
0.0498963683345291	0.064747406784186
0.0978672334234218	0.0283201626608215
-0.19258122414286	0.114617317080208
0.0724840979542088	0.0235875006935436
-0.784952004958393	0.273079517790807
-1.35046563096317	0.612230340900649
0.127606060129718	0.0315885413447163
-0.550417661044769	0.552474700619652
0.285084422656766	0.134335105747643
-0.783438519877561	0.271880900033464
-0.689862303486144	1.06498513380057
-0.106812473656585	0.115959792224533
-0.74530768685791	0.870617413480625
-0.678591109180999	1.47754806818929
-0.737040173068122	1.49429528660314
-0.101695491396941	0.118955685648566
-0.439802729394794	0.917599549216498
-0.316271831183806	0.481747518944994
-0.526652415263791	0.693934416402349
-0.0417025419154686	0.0375749867902759
-0.0160826753569899	0.0194934378727807
-0.303505768795671	0.396718227463443
-0.58369790363145	0.8107197182023
-1.09761640710872	1.21986638226993
-0.386992955075045	0.405190702031193
-0.316168223805746	0.316999086263409
-0.671136221416491	1.36013923272379
-0.587572471934662	0.224440592698948
-0.449972824073971	0.517828431914975
-0.878841817311678	0.680018275509903
-0.175374276008982	0.071476017314262
0.466364996886557	0.529413358190489
0.118361546303268	0.125065595622711
-0.0942483586978088	0.0487434654630802
3.61699457579572	1.39046393901408
0.757839505849219	0.310841820857779
0.62326313623548	0.195382080165285
-0.681050470675967	0.332892315219657
-0.212176866376483	0.276081207209157
-0.157763752254512	0.199389305503662
-0.225542188190234	0.15606915951451
-0.844327920129182	0.373336147800985
-1.10285048954855	0.438192332430265
-0.384590419852126	0.179641134330773
-2.70405161676193	1.67186252604153
-0.019612656604522	0.0143016296778692
-0.473165309598455	0.201872933009848
-1.05380308684994	1.03769397700498
-0.258774847689834	0.226281236181866
-0.470664881774646	0.198808962367751
-0.775249445049127	0.265947919232416
-0.187794384377752	0.288703111969408
-0.372830638219461	0.333606349410388
-0.175262066081875	0.0711978201234321
-0.281604113573098	0.0925172644157307
-0.113342239248761	0.0547933077066673
-1.68423847148748	1.28598997244838
-0.631540475316198	0.402610482707576
-0.287995264640711	0.369205813250767
-0.201566384429496	0.274622507243663
-0.907451372090424	1.99512060516976
0.200437361709139	0.264537376555036
-0.300681115576816	0.334316312133887
-0.357483589495346	0.355199125264358
-0.620975984164625	0.790432403557734
-0.365727072052513	0.507533975877663
-0.706949311889935	0.965048409796402
0.516890546115202	0.694772162374514
-0.0953901408805269	0.105899450011081
-0.179082145506444	0.210480351553388
-0.142379375421444	0.0914666601488146
1.50445467967086	0.724890448382186
0.616695036234033	0.278380171501393
-1.16566845088931	0.353063396931639
0.937310940021799	0.247681996839871
0.135019543462428	0.0331874904235952
0.103963772949001	0.0302885008832616
0.534225121693324	0.261982106663843
-0.681771838730707	0.333446339895747
0.279457121036552	0.132978804854089
-0.157536569613542	0.098293378628715
0.126241364548912	0.0961885022709309
0.225532886377202	0.135121431502889
-0.13965240944268	0.0623180442180972
0.0791610917368243	0.0417377831051299
-0.0839386059894637	0.0744433527063462
-0.794956310338845	1.34800973261245
0.383250616823518	0.436981285825856
0.375845392989712	0.437428306594878
-0.57231968690062	0.305861432107053
0.0645994337974109	0.0292851041889526
-0.336072384958328	0.281458181359094
0.14179477116746	0.135340271338911
-1.05640724169418	1.0349213262237
-0.844327920129182	0.373336147800985
1.25836855401887	1.35248799120601
-0.874853914855687	0.662010087737063
-0.297822820762895	0.229088391467882
-0.348308137206246	0.346035478322691
-0.0297297033230057	0.0215343511515556
0.219124388545913	0.150985485858171
-0.673097703828429	0.748106859765082
-0.0605242525085911	0.0328827954674821
-0.106423763727883	0.0831632880092582
-0.505907848990127	0.509760504570358
0.445583648234134	0.496648371675358
0.126014937892161	0.101263029604097
-0.235612738995018	0.208288281541673
-0.352233016450965	0.366552221471056
0.0573446834629802	0.0427005987035764
0.694806979193804	0.502273646096224
-0.542201887836038	0.588721042077582
-2.57173719412033	0.687667960690795
0.751392121776776	0.303858583677947
-0.586778855676222	0.226903688715173
0.133925459616961	0.0333863221239572
2.76164585943614	0.804933473584711
0.163786424348353	0.0319491236824782
-3.08744594535476	0.960811196593325
-3.08772760270414	0.960654182521525
-0.0926329164676725	0.0622546687328401
-0.276106326869272	0.151597435149169
-0.363014323760256	0.265727319611066
0.0935609641084252	0.0906902858879978
0.41730536415683	0.50812779343234
-0.566694840661989	0.301177263668935
-0.0924462616489692	0.0961956559547995
0.412985105770451	0.587784533055507
0.356645010542782	0.576763808227853
0.462544324183173	0.603727075706587
-0.0860974358530646	0.0830400254520608
-0.123791531808434	0.132244209456312
-0.252833254421166	0.293850218545239
-0.0524009264545233	0.0512017609173548
-0.587060536617144	1.09007559059878
-0.994387104390629	0.828662865261393
-0.570192474750786	0.523082854105387
-0.286737749246149	0.219350590087334
-0.88470502468884	0.680157410572558
0.101545680460076	0.0660150350200294
-0.317479895913346	0.21145084256968
-1.12507507015291	0.894238339742084
-0.874550938342609	0.758481920141855
0.0886465895823213	0.0532390105407533
-0.48740318044689	0.497268427430348
-1.37680973945905	2.3370995834379
0.457888875146093	0.350209342522949
0.225385197692013	0.134534908555325
-1.04820058427991	1.31319057804375
-0.868117307062895	0.821266602937423
0.225287462835576	0.135150584913826
0.21528294414718	0.149982915930592
-0.374970140676714	0.278871549038202
-0.162754355557913	0.100736793771462
-0.373573929313893	0.413207127527276
-0.531720218027183	0.700595108397393
-0.408478571834502	0.454313256445345
-0.410814912764633	0.45616523805189
-0.876369654027818	1.25389958700125
0.932975008215117	1.69665576821349
-0.194425517565249	0.201929575335501
0.0105744044086671	0.00849245309849408
-0.0781599502798049	0.0689451621666825
0.187221638876216	0.225082918051186
0.00476962373807953	0.00355625943854403
0.406240634460957	0.662604986570128
-0.73798299526654	1.38229304466674
0.189770300553695	0.233141523482063
0.109342888494697	0.10591553237881
-0.201073055561	0.225496694258921
-1.2401532373247	1.53442616092796
-0.288564639399119	0.268086552701807
-0.591479051337037	0.449193336263092
-0.689536165924156	0.816144138207317
-0.798081992799291	1.08074309757351
-0.526177202537033	0.411620748123963
-0.261689942138556	0.205543337756871
0.191597510759795	0.168461447638717
0.0248951086228718	0.0205134847540435
-0.242355240919688	0.169422032270555
-1.01516871673937	0.746232987178142
0.254974843488922	0.132702163480869
0.247410045730133	0.127640240572359
-0.160013345386199	0.0995564463633019
-0.782217832474338	0.624834685776878
0.12672241137902	0.111442682651764
0.00302478807597609	0.00241184879201936
0.512244421192198	0.537809835750349
-0.286642741033993	0.247861789725264
-1.50328401707963	1.8099806190864
-0.876604934148295	0.761148156554479
-0.127609832308901	0.0819149296218309
-0.161969011691628	0.136126197438451
0.0246074054963866	0.0167026846160957
-0.463871597453112	0.370865171948302
-1.30315159257638	2.51779032062137
0.557570568371232	0.362834616590357
-1.75275697989376	0.99002743843932
-0.552435729630628	0.372751060403106
-0.553429871938642	0.375292662496304
-0.00520937940745687	0.00393168030709985
-0.260893669219094	0.265976750064448
-0.893767360558331	1.25337832701679
-0.521040772307912	0.531188331910009
-0.785012841510499	0.954254538581103
0.212713194688291	0.170382551827485
-0.998490004823537	1.44495330347259
-1.51664357640497	2.6261640888352
0.0136959934852209	0.0105841388310252
0.983826583608867	1.3277486025989
-0.449957295081725	0.395192799595287
0.0314856830649897	0.0220955895848638
0.0900137560116347	0.0562665930232173
-0.32486762043674	0.244114709054042
0.0469927344359283	0.0341493644155836
-0.301570415217378	0.197259332440152
-0.867826536448365	0.887427888196129
0.212846548134888	0.193737639421119
-1.02454666253061	1.33992081929107
-1.26532239031184	1.26136122383428
0.827323817273502	0.428074757713237
0.616201443353171	0.276463813712697
0.0662650940033313	0.0298740918517848
1.00436045476898	0.582846791589818
-0.182164560615262	0.0735380969147425
0.316342447581535	0.136971796751973
-0.778009319790352	0.270609365801523
-0.678123459704908	0.328014486940525
-0.728584158659072	0.427865678728219
0.711776897362266	0.403026255025232
-0.882835943218117	0.674986267821203
1.59466251001583	1.68953395439696
-0.782102424725614	0.682570505847779
0.21405141075404	0.141319235419862
-0.736338669331345	0.441952004380977
-0.0911952433293801	0.0469055660037157
0.652542325473094	0.678266035070694
0.0880828642036077	0.0523477203839385
1.14832853428427	1.1600776091759
0.348678513627494	0.2424823784044
-0.193297163984095	0.116503774826942
-0.0136449786018643	0.00820652632106218
-0.79258556520178	0.809765406056696
-0.309332589312903	0.263616264294067
-0.0940838160373481	0.0482305903815797
-0.589262876988837	0.548360989318454
1.27646186589748	1.08571297739345
-0.467078934320758	0.375594360809821
0.622614692231338	0.279507073460342
0.0134059337198767	0.00868853850106261
-0.0686393710515199	0.0373094993654136
-0.26448944065198	0.141727141956288
-0.116241639023449	0.0560237449066007
-0.366425703854083	0.233763802931637
-0.304361517686015	0.198528970910046
0.646858429737246	0.497097584094811
-0.257139409425548	0.197939682444279
-0.232679171622061	0.134891182149393
-1.27776864909063	1.29779814051892
-0.457203882691372	0.361803165614271
-0.576442597628054	0.53561296855838
-1.43311342035896	1.41766131450678
-0.0488896913928328	0.0275146294424231
-1.43350266147746	1.62952154288168
-0.51928801244602	0.406910526535657
0.525421214488514	0.260651582132445
-0.471861364277958	0.200899221696111
1.78120407332178	0.684553659991903
0.980089419556064	0.365342534656041
0.165719814080059	0.032118911098423
0.937663816241147	0.245703942231671
-0.639303808570113	0.155405266784039
-3.08744594535476	0.960811196593325
0.163198318954765	0.0319050580443516
0.0902694483402976	0.0261744523134183
-0.588633041171092	0.228206887041441
0.747813371500537	0.305311762022531
-0.387028470890942	0.112533965115962
-0.133477063976726	0.0861431085344049
0.0691744565193733	0.0547396692883832
-0.357592611193476	0.228269754107637
-0.181591587157897	0.131122243303393
0.38350391579495	0.405333399799626
-0.102648937993093	0.0879253750722374
-0.155522144429758	0.155466950499841
-0.477042814154008	0.333588878162764
-0.513217074701261	0.751326896252854
-0.217908458557805	0.268525274472982
-0.0779981034267607	0.0828318298594969
-0.314165816619771	0.360120037037976
-0.110341141830962	0.0960791740207894
-0.469132417525619	0.376969662788747
-0.640932235852753	0.576951309744968
-0.0187823102170366	0.0111495046929559
0.106540350499515	0.0704284326857693
-0.380381512890425	0.279449127049061
0.443120695936867	0.353795139316937
0.0897484830858618	0.0539300150410061
0.231036320382297	0.159397830648875
-0.728957083549585	0.763934562260098
-0.31295805346898	0.267647968864901
-0.38705850088184	0.350047217732054
-0.162724349192687	0.100719112647029
0.0907661617173627	0.0568065476079948
-0.315015656613502	0.209937065578594
-0.236751615900424	0.136846124621595
0.0136818793690105	0.0105716829647348
-1.11249222083796	1.23749798390285
-0.367503920058066	0.235053232560709
0.0857253442401943	0.0484474855192806
0.0288162718978905	0.019549252068036
-0.232024283035402	0.134534508697111
-0.0306229548450036	0.017911967391563
-0.563391807701299	0.818532067008124
-0.324639004685318	0.405097580561346
-0.238683407226292	0.278494728564492
-0.563469300210933	0.818637577899128
-0.208000788928945	0.200843426398509
-0.254768831195899	0.330930550859202
-0.59503373694509	1.13419125100161
0.278051619522667	0.262796117406101
-0.377295422674979	0.368086924901508
-0.124072009745658	0.114800865859969
0.236300243527804	0.279785601405404
0.633822604147027	0.585943627677978
-0.574596756261832	0.613265185521109
-0.179379680015803	0.199621818761511
0.489675713086069	0.602902813735232
-0.615899088687744	0.958056178061303
-0.418646085510069	0.659954100040954
0.564271640098316	0.865838195313025
-0.612504566207133	0.881758055298026
-0.308489812587694	0.347070599814628
-1.09861011427495	1.90121477838883
-1.53274984041216	2.29571261664188
-0.343967117700504	0.286071708186156
-0.281135261689383	0.239841641612815
0.0827406554885881	0.0491286548037457
-0.11153043797348	0.0736922352255298
0.112003458841338	0.0797722006242122
-0.549302186437523	0.627542296214588
0.430701757778312	0.431055515839546
-0.960041939746882	0.958985109993998
-0.33282122186387	0.251532188151395
0.602777864080541	0.657637716860141
-0.379233228259294	0.471243740900948
0.00627730592540164	0.00391292213669369
-0.376866243574364	0.278251818012659
-0.566694840661989	0.301177263668935
0.909099926188947	0.914398499426051
-1.13325620762054	1.18044717335826
-1.24264472308341	2.25271390645368
-1.05195206751403	1.32736990014999
0.768235581232476	1.08091430766532
-0.0299645545220854	0.0215347971059543
-0.209325988533562	0.149895885526276
-0.482556606000846	0.275157084938859
-0.786802085805515	0.621541711634297
0.0234985363395745	0.0159351386502063
-0.58754118998692	0.450221845525385
-0.78374548454222	0.753988353523288
0.450770579697791	0.579982462703791
-0.31528225560203	0.209837009775362
-1.09290912424684	0.985760583464964
-1.09016888528193	0.974872455380441
-0.70442486926135	0.628567295684805
0.00539263749883006	0.00337811614742016
-0.178126215984823	0.147491456805435
0.353446927475165	0.34269221971936
0.425501221011561	0.352313889427162
-0.383154858662101	0.428807790781601
0.0648806133290391	0.05143800844946
0.119588576911799	0.0854360283651823
0.478339886982719	0.450762784416043
0.0842726442859139	0.044572029459431
1.06498539890824	0.99081224330523
-0.200248129602567	0.142441526497898
-0.795199874948254	0.927783392235287
-0.107329335930995	0.0930325744601462
-0.360966853024884	0.329831089207908
-1.47194707131879	2.30335401952696
0.773241750484453	0.522029399707897
-0.119252755076944	0.0576680158269741
-0.141995645098604	0.0908363198677906
0.619659147063242	0.280559925219425
0.0794088455125229	0.0421153330207824
-0.466516237013276	0.196944349359333
-0.47620036283971	0.33048768895785
0.252344683844587	0.129456444029473
-0.11180105413733	0.0542089615258131
-0.391112366168209	0.113694348973874
0.0688855762692862	0.0254633538895808
-0.707218611194912	0.640941921880935
-0.866601360821114	0.887460735991558
-1.5260605986524	1.60736419598457
-1.0442223235339	1.2991750586359
-0.691604785345779	0.567463969298281
0.27812000835583	0.1320371005728
-0.18036203311487	0.131570820022648
0.490377242260165	0.358618285486716
1.02413062357872	0.828530861014915
0.220272839611174	0.146154155927813
-0.461818774947836	0.365982424852391
-0.580057181445053	0.53750205917689
-0.784645539822534	0.690658845316791
-0.376451055456452	0.31238429133991
-0.33213130865545	0.252338104543531
0.0276383390306086	0.0178623837077858
0.828180931262542	1.03762826867968
0.57425752565353	0.477388637443666
-0.85549665664109	0.909986206403859
0.0721639280900103	0.0324192432946377
0.224952821379486	0.133790062511307
-0.548797021258146	0.372358927751553
-0.78374548454222	0.753988353523288
0.355372769374609	0.23471356140771
-0.632391604797015	0.407851010636327
1.1591949051591	1.28509525583373
-0.27348085984673	0.149389392357602
0.876297014931518	0.792497593672742
1.01730529006603	0.721331698789502
0.101904879503053	0.0638979597179922
0.0781957896628924	0.0417193873146873
-0.0247666714981583	0.0145682873078512
-0.256749679445235	0.198965323217546
0.108078725557657	0.0740858966617978
0.565581294475857	0.37107974614841
-0.465923368897057	0.373425526896686
-0.416942179192323	0.299212071600171
-3.09193101813948	0.961049195592252
0.0622072840549528	0.0305740611344779
-0.593023803741619	0.22926907871397
-0.638944530069775	0.156134678840522
3.25511333794459	1.09678833621524
-0.639303808570113	0.155405266784039
-0.63923865613969	0.155145012751728
-1.78355593853231	0.415040398756502
-0.77731550474039	0.270283019147446
-1.87106838618942	0.77126476497402
-0.589329216022716	0.226135176243118
-1.16610275079213	0.35308024748219
-0.141688194652226	0.06310202069082
-0.424393834508196	0.259296002094767
0.071801576567548	0.0293255993580241
-0.00646259385799709	0.00396627197903231
-0.775067212523017	0.620195099367385
-0.310792161110603	0.449177995015555
-0.125140031777188	0.153127217392549
-0.506190866933842	1.40991792398018
-0.141865886415468	0.23067949145487
-0.06062993029292	0.0901161396464059
0.52363795161395	1.21924954861429
-0.125213319867113	0.162155125133193
-0.154950747952398	0.216819170659035
0.055803561699939	0.0722996485631807
-0.090670596263252	0.101435389048075
-1.05740031682552	0.534077196878771
-0.292930567869432	0.095717767607908
1.70486396312235	0.918198494276321
-1.03169629754289	0.633829115935165
-0.480869654402884	0.335525448087597
0.166873576178048	0.187375448394795
0.206512529073023	0.174542139406216
0.0720165766370592	0.0356328579080914
0.692667974159689	0.498096335413856
1.44374715162967	1.14540016612924
1.01144288897069	0.590454876584122
-0.053890513129883	0.0377326657479631
-0.884936928112647	0.679656310622268
-0.198227780653134	0.119622159081773
-0.478919411501101	0.270561266830022
-0.117284440659872	0.056763351814342
0.459161750336598	0.24735208752305
-1.54653370675242	1.36624528813332
-0.53073886810499	0.807688018395021
-0.491870300020993	0.631307185357606
-0.747224657665297	1.46525777828205
-0.163920357930063	0.150308899848585
-1.09351156498581	1.50887479818998
-0.442927258565994	0.632192686515299
-0.279155456694547	0.329108199542959
-0.416621639663198	0.788634442004297
-0.290271436350531	0.437550161090534
0.231955378436341	0.352478700186924
-0.268300808210312	0.328443868513329
0.268112356545632	0.350365037149958
-0.163956420320283	0.231477715824113
-0.454491962749152	0.774974033984005
0.468493039574655	0.617441266727656
-0.1326751527032	0.161860355365611
0.209325876327554	0.321097262698498
0.516112536509753	0.693423295128366
0.525155532974068	0.615552223048916
-1.49942316607754	2.77097723154019
-0.599811766988451	0.759862239181103
-0.203193559766514	0.178498144611339
-0.427184921816115	0.260626515951285
0.0249786725351993	0.0169222415173215
-0.387207150113725	0.349800259174313
-0.690028032145869	0.568534150850801
-0.389877797793888	0.487742324529117
-0.268225327042819	0.307954729434918
-0.158734581721952	0.128497094870495
-0.298030140770041	0.323414557675371
0.0689865725021668	0.0255026192095195
0.981461684140044	0.365427522756322
0.827161244656823	1.12807375547422
-0.00395946611812817	0.00338728031396959
0.00126689451003738	0.000592924725453714
0.75713284014556	0.311082427833555
-0.259614249030837	0.282996876162908
0.317931626177216	0.459955856981944
0.221830254967423	0.139721758686655
0.710889199972395	0.39876811657336
-1.23914395514347	0.703292380877635
0.457036186963674	0.247479138815334
-0.593120355642737	0.229842126042555
-0.5724018440737	1.10660502229457
-0.00334281993548451	0.00388785988091522
-0.37292684042762	0.386851031441998
-0.241186246037595	0.231699398186143
-0.022887374534659	0.0134200636526646
-0.268056926240192	0.182256348851908
0.0535965039312491	0.0496095633377098
0.0802699015492865	0.0293367916396709
-1.05549923622729	0.527424343826093
-0.853202660549908	0.916036655103577
-0.273192084410021	0.439570399240137
0.047702717751944	0.0356258483119774
-0.0912398066731183	0.047382915411091
-0.991357674548887	0.818613580894252
0.277109289543437	0.130472354035522
0.388280295136651	0.243849186184475
-0.781834317263114	0.686044171560171
0.0220631213014502	0.0176826653320695
-0.394002436748242	0.492402935583114
-0.17411788385257	0.180394512479021
0.168293723831316	0.217767040472569
-0.164700140069849	0.165533427880727
-0.379333371169688	0.44671229079941
-0.560088246212702	0.713194993159358
-0.340166957685228	0.285661967346428
-0.842595210054665	1.29013575726118
-0.495430232075118	0.53809489870802
-0.398716066969162	0.435344408525057
-0.376375365281994	0.30890839729384
-1.09907368175309	0.438598636051229
0.467980449379951	0.164382558502621
-0.467928898948995	0.199452398403393
-0.472566947998232	0.201652567172695
-0.391616024859673	0.113083175201463
0.0994309972224636	0.0288202569153379
2.84484975132782	1.82021130110786
-0.287711925853366	0.0950016823367727
-0.746117921690622	1.00915958876238
-0.425311212999192	0.260111334312436
-0.208499939970253	0.0750560988512918
-1.34640608252383	1.2542408061314
0.080120852363616	0.0697628777003292
-0.0596564438813672	0.0576419273692889
0.778778654361773	0.928382071097503
-0.755081025087405	0.986008117916552
-1.76263142301572	2.50791134519857
-0.582824005409561	0.537774348362454
0.414609914518178	0.347099156443135
-0.077785376379724	0.0622577747510685
-0.420522567664831	0.300643453924974
-0.142322074930481	0.063280940874981
-0.667118146701517	0.491828425116154
0.894517368560616	0.882165757359407
-1.36065699475584	1.65400644850402
0.447122624749871	0.437264264085421
0.476344487539654	0.444151711303975
-0.190522853655361	0.114618783001594
1.05628433295763	1.08764965399825
-0.118717854248502	0.0575484815928524
0.543318445773981	0.540278474178836
-0.0264124066975622	0.0194873039802515
-0.0502523752154081	0.0350426068045276
0.0556048305836713	0.0416626946227605
-0.211965262602685	0.171764363874782
-0.166573529266676	0.167221612916122
0.398929848770553	0.338180737868858
0.457153072969477	0.246602187500055
-0.191333994332832	0.172032410305441
-0.154469502154638	0.113801635486584
-0.238792832591912	0.167397921592408
-0.857689001505074	0.864831347283038
-0.639303808570113	0.155405266784039
-1.78355593853231	0.415040398756502
-0.0875198956190549	0.0452319615630093
0.613341525727591	0.275607624145917
0.163198318954765	0.0319050580443516
-1.16653738223204	0.350627556007068
-0.780067822171114	0.273115694343224
0.16307322360636	0.0318815003319474
-0.425559723429512	0.346176449356402
-0.654377750753846	0.782296881397281
-0.175590073393808	0.175112357666576
-0.204517552072866	0.22778295100149
-0.299843721962354	0.449203881258528
0.0268869412757902	0.0246620157623065
0.0534804118957528	0.0539553585821285
1.06971266273567	2.35379993568359
-0.0790485076599887	0.0754461725773126
-0.452886987703208	0.61844101650588
-0.688851526450186	0.559652709291715
0.0666854198233301	0.0273876525546683
-0.527686593170219	0.413686886292505
-0.762406319099228	0.536891902173575
0.642841143701247	0.491689280842718
0.731261215567538	0.953267143225806
0.421497955731077	0.422008020955349
0.104396697239043	0.0713255320387674
-0.158743149251617	0.0992832813227281
-1.05149086120737	1.02604674745017
-0.728614014206568	0.43039593070705
-0.358965966152188	0.329539378387009
-0.485378770680068	0.277532510487731
-0.163042888706936	0.102202293104301
-0.474588032735619	0.329231769680239
-0.111258539087292	0.0538828582091426
-0.389339798614369	0.459088137995922
-0.255826361201438	0.279223042811278
-0.506814238783373	0.738257240102237
-0.25274924185794	0.241304825874863
-0.173773537995156	0.184533075154349
-0.173847208294121	0.171417301153679
0.0282760944691675	0.0307712964144917
-0.801040728028927	1.16012913451773
-0.305425258001022	0.348008521566206
-0.033181425915492	0.0280318618713398
0.664159923492967	0.932186040728121
0.0849891295496473	0.0728729240460705
0.316407180811668	0.351104243112939
-0.243801635438632	0.268643428206947
0.104244379619474	0.109861328186968
-0.095473529821645	0.0910360870503031
-0.100732049439473	0.103778729067619
-0.311896416656537	0.376341461124863
-0.0717631840942845	0.0688523612608669
-0.0218656304400458	0.0184557901137058
-0.16137124534179	0.148173119447022
0.460872612197044	0.445052605120697
-0.302285224006543	0.25393646401509
-0.371137261006261	0.276188158941476
-0.628231720121399	0.395761288023936
-0.0879561606522235	0.0692799091583945
-0.163956072936313	0.159308652588356
-0.36631637434123	0.234301415038482
-0.375259672228898	0.276274969953747
-0.706149442001652	0.921107449301653
-1.01281839504774	1.70947296513158
0.907955193301942	0.686130870438057
-0.422666506071101	0.305546100699051
-0.418247776326829	0.301801111593161
-0.114815193748802	0.0553737606142161
-0.384604709972131	0.40416149382458
0.0487809187744784	0.0351981087406164
-0.238182336238899	0.167022591667523
-1.53615004314152	1.33245074225927
-0.881672332298251	0.586860556339144
-0.42472751607841	0.306658142248507
-0.375580051880477	0.336588837051472
-0.217528535455369	0.175758306423415
0.131774883018012	0.106376874184915
0.129166906128448	0.0981695069051483
-0.223320095804161	0.216358645404925
-0.227093543004234	0.179242620073418
-0.955563053769404	0.949001076651955
0.2097457503892	0.151249498009605
-0.731171781298327	0.8399673447798
-0.532892912318574	0.503446223701675
-0.106642627838512	0.0939003296320311
-0.424498344562228	0.381195631169967
-0.795986651351349	0.980446820332028
-1.41999146841159	1.802131197097
-0.486335555361359	0.462921609075544
-0.375631423588997	0.279490386973974
-0.385331245159757	0.340661653784839
-0.766896219386273	0.542424721007741
-0.652539159249497	0.643164781615424
-0.419975876605389	0.30271277144768
0.793512009561052	0.829259061573746
-0.318977799063469	0.342456416221578
-0.413688672361619	0.461191422209016
-0.940574586150984	1.01040092191583
-0.202822748493585	0.122469209470412
0.707015749954648	0.398094442459728
0.827227941132473	0.429558706524943
-0.145201756305575	0.0647127348757704
-0.281857407552882	0.09255522316438
-2.20401599991845	1.67028156780409
-0.587945860512258	0.227759568768555
-0.00794290287147005	0.00483259282385895
-0.876268269030989	0.668107558592204
-1.01030888310349	0.736049869137996
0.342943881654148	0.236557146961966
-0.46234485609898	0.367945655589983
-0.0305286211771496	0.0178382052837726
-0.420598060172039	0.302517171490057
0.214321981956859	0.149009542192541
-0.175625151983088	0.126881820462264
-1.09212268338965	0.970748359873238
0.612643146958829	0.275593601456775
-1.42484017273228	1.6219442632585
0.638270661289267	0.48482999759927
-1.55429905683885	1.09003813348802
-0.674993888739016	0.496933372899125
1.06810965968188	1.10586521739437
0.0729103998905486	0.0386166838576293
-1.09214301661773	0.982646822021514
-0.372684758849037	0.276732508653891
0.368927412557575	0.244501808390743
-0.779300906167455	0.690134606732167
-1.33548066008305	1.23703145233529
0.940726062372697	0.818798953225756
1.2561002545886	1.1933176485516
-0.282072015729321	0.214493074498039
-0.269360789135071	0.146299335790178
0.343497076664467	0.240122862572636
0.722035531763136	0.710409783957104
-0.763964296443944	0.543084989579004
-1.12713161805284	0.896818541705255
-0.426145119573721	0.260008059115723
0.213144645573097	0.14828440184328
1.25729410181216	1.21600452543211
-1.57338340838158	1.96335060691019
-0.636818099084377	0.155245621420264
-1.3416145031643	0.617793207028816
1.42248186635954	0.460999123934144
0.0582980241436758	0.0260685945655562
-1.08681293384492	0.436195432282153
0.936662065549594	0.245987967322767
-0.386519584010834	0.111699409222297
-0.639303808570113	0.155405266784039
-0.311415107159536	0.284544850577834
-0.578153913354734	0.306728260555379
-0.450026943403616	0.519515578314576
-0.698328083037925	0.97490602368093
-0.0107933551106183	0.00808836239350134
-0.302595164231058	0.30684243551208
0.0164415882390483	0.0150833597594214
-0.672454434240491	0.912117753497354
-0.593457625919326	0.963074182225543
0.0739185781305257	0.0394559806908306
-0.0870602421256932	0.0583366471713876
-0.444752124688186	0.424005689257423
-0.0442332462189947	0.0315982200200973
-0.298332061894446	0.279010127212375
-0.71039545750342	0.686004234272618
-0.421028175218659	0.303326490306221
-0.0362616050832444	0.0261942960590123
-0.685632391643303	0.564831112893982
-0.630408955993553	1.05933729547953
-1.00790723776864	1.92093378775259
-0.286672163089394	0.341347100600837
-0.856610079484279	1.53332506973078
-0.479647736788216	0.554900042372941
-0.85074775539458	0.842373415074604
0.311621722676227	0.244460761652229
-0.933485440271349	1.40741713704736
-1.07393074261822	1.73057948181417
-0.474855372161988	0.332972331219127
0.518331551152272	0.456729983430141
-0.649697566368698	1.15079189974136
-0.129393358485629	0.131145595181914
0.215846893709863	0.206996580338911
-0.315364095222964	0.339589366813581
0.251233008523107	0.319916332280696
-0.590684455446098	0.953164161127812
-0.684561495378685	1.04310671133611
-0.916069798890054	1.49469838216674
0.261484628033257	0.269914723599085
0.135144662728184	0.127813190173329
-0.482518960658512	0.497350945378526
-0.489658491738793	0.601386664990673
-0.00138964293430003	0.000947641286533036
-0.285716891517528	0.247313964008579
-0.444195888650838	0.425656191116747
-0.197787206833817	0.140007446403578
-0.370390070595286	0.304652095687818
-1.43295676823359	1.62001399086659
-0.183367296744468	0.134163881966618
0.762371474834328	0.904572312226138
-0.533678842040701	0.576198501936608
-0.865372164986181	0.8743405132744
1.69901059706933	2.20016971710726
-1.09824264081765	1.70832103888356
-0.725606782317087	1.04004075128501
-0.0248384012652205	0.0144963418784625
-0.775127542037212	0.615732143484223
-0.31111216712604	0.206729443800776
-0.37557508511409	0.338839735396717
-0.438156889037503	0.515695051693765
0.129804133248713	0.103036912177808
-0.937631761671764	1.00657174410841
-1.14257779022194	1.41800766110368
-0.801465755805516	0.924402187136346
-0.262073689865075	0.177342971435508
-0.351129275965819	0.317979034031171
-0.15236080405605	0.152179870263207
-0.594140439955866	0.677207421704016
-0.243091895440909	0.233109070852871
-0.117993058310954	0.100958705307115
-0.188261695983398	0.15355506239863
-0.669207803881936	0.489252589946423
-1.18990919335754	1.14057467488821
0.214371852773056	0.134730944612918
0.0664135300594247	0.0327293991842804
-1.91551417429416	1.69408825008436
-0.866171048108747	0.8031270310902
-0.636869510682437	0.58285164506956
-0.414545200245393	0.249489982426331
-0.487103018455255	0.278197751427155
-0.6310842225223	0.405514620123422
-0.464952102581309	0.372303828481859
0.241576549663249	0.122489111201687
0.0681106705793158	0.0276484769722046
-0.79692034264407	0.981151184317076
-0.594937586195686	0.590747156214252
-1.21062657938585	1.3337573267377
-0.61499125919123	0.519955855569983
-1.43438668241558	1.18034337103039
-0.636609651155553	0.408295881902584
-0.131507525014992	0.0841388336909438
-0.48320975426258	0.275156077121526
-0.522029359729156	0.406367529583419
0.0658980557907708	0.0296968582544175
-0.865705245233665	0.476122294804425
-0.234150706671602	0.162919030879387
-0.324278364804154	0.322313388167182
-0.578153913354734	0.306728260555379
0.0631826985755052	0.0286414465992836
-0.761817036120535	0.536090158662045
0.518528974559773	0.362958246891536
-0.342526725000901	0.310706018441758
0.0782677466777042	0.0441340271129649
-0.165190033430538	0.103339568809232
-0.419075904107521	0.342189134576725
-0.23709008158158	0.166407201614943
-0.0303432814274775	0.0177223791430364
-2.0150739263841	1.93565747196059
-0.634038281441677	0.402126049529565
-0.868767395186373	0.479228135367641
0.0647865491470051	0.0292765679578998
0.379452316848154	0.237422981955383
-0.277256259636305	0.150143904577475
-0.990953074201977	0.828100220228228
0.825050378536699	0.657411315728322
0.414287717956377	0.244210530526197
-0.46783858396816	0.1961269388081
-0.426801308765226	0.260544578118643
-2.19437865680577	1.65481075053713
-0.335456168603175	0.168629681069313
-0.114693758615187	0.055305021765532
-0.505392191864279	0.441109902785681
-0.324194458750594	0.165627502319048
-1.60254627746573	1.77951862329287
-0.582707446534197	0.441270411164396
-1.1643947311179	0.348790501536787
1.781861412626	0.684439683958863
0.469854346554944	0.163136844076554
0.623126048257491	0.194216648284533
-0.388186711086283	0.112834812193388
-1.1663387915426	0.353796776180306
-3.47732163847167	1.23267380978759
0.0831434633023487	0.0274562437249086
-1.557132812012	1.08334389222553
-1.17847123792085	2.48793322445162
0.0182822975268757	0.0184961222371113
1.23131819173148	3.02507950817497
-0.728966334156836	1.21208166384501
-0.378172299744153	0.559621520806582
-0.169670382033235	0.193562586503603
-0.326540777143387	0.24748114334398
0.107170002830972	0.0699681473036996
0.533117427430626	0.369626977038436
-0.0375489624264389	0.0314694757271576
-0.169371281696486	0.152833231373063
-0.232315337119736	0.132301956723417
-0.197136625333311	0.192757439302606
-0.277211881644318	0.338280529210629
-0.786245894147713	1.46366096226786
-0.311092821138744	0.367604057307188
0.408247643985957	0.504934000082657
-0.238780855753908	0.278959939893167
0.305911579555859	0.32403893112672
-0.146699834905685	0.131935635030834
0.250372720640705	0.270850175264238
-0.226175237835757	0.263721976533467
-0.484990169722522	0.653639470160219
0.532754391558876	0.782686449494477
-0.240057012593818	0.26177995847574
-0.341729445610851	0.406297057091074
-0.469022720289634	0.549369805867909
-0.114576812123866	0.0973088095017794
0.218000676126466	0.136905729993232
-0.256610309232214	0.200639964547653
0.303192070652385	0.246600749510464
-0.324773827595249	0.299700190422822
0.0156385644382846	0.0128852297584717
-0.15822080791882	0.144838604674802
-0.240737341082126	0.21274110240094
-0.415643798529173	0.297785473769094
-0.161495681745279	0.101037616472035
0.0688075960147018	0.0340546397308964
-0.140627686167175	0.0625033415473576
-0.665088572084446	0.480139720915433
-0.1640036790116	0.101655809773477
0.759072119253023	0.619721229400067
-0.408353513970305	0.421187030603614
0.489028914244311	0.356037130193502
-0.0578698897318859	0.0313409881475526
-0.361732089747114	0.407698714363235
-0.0163758432240064	0.0154523360411405
0.337457867740374	0.246792237946419
-0.430869350915743	0.261329448163333
0.0648453691132321	0.0293136986041004
-0.0996591052123638	0.102779279717685
1.38104373646024	2.3538230990945
-1.05017810133244	1.31963306258489
-0.616159868341462	0.517025183507381
-0.347628279760927	0.292890344859879
-0.22649892530777	0.202915141205858
-0.449157638670881	0.430035251851015
-0.790690687762686	0.9639916482709
0.206080769513679	0.152809386412369
-0.188903241510413	0.154557319420095
-0.29331162361208	0.225875072883445
-0.290090548746142	0.220596636098847
-0.163112582751474	0.121058494412331
0.3030849198373	0.253259804150674
-1.41257952603656	1.9411100513936
-0.20588804018502	0.212377521876189
-0.289170153423096	0.313978227488653
-0.78976198796324	0.867203595446773
-0.531248125576978	0.748599011610652
-0.633638110151526	0.571191622413045
-0.133314393498197	0.0858408881506007
-0.283547466992737	0.154677968865678
-0.293800448770663	0.225309242806557
-0.106815084418177	0.070557448280955
0.115026118338468	0.0842739589975005
-0.0637985381700419	0.0346826349983031
1.94109604730604	1.70685554836354
-0.733766170121436	0.437942412857341
0.115697027728586	0.0852185617706557
-0.09293443160085	0.0479737926588077
-0.587276585421849	0.44455116575301
-0.325279873514473	0.165128750508443
-0.0389611624446748	0.0218810346795136
-0.989892544628767	0.833074168119836
-0.0780043694640945	0.0519366445516221
0.0896714504656152	0.0532206197013895
-0.276269371492304	0.150797919406069
0.229064185765521	0.127717051019381
0.914285813418312	0.687872151656795
-0.589323700491353	0.451732716862941
-0.260807826795049	0.176533164117969
-0.702145410824481	0.635041885712678
-0.5184904247724	0.40206919336193
-0.266507977000778	0.180784617790519
-0.0943708534686718	0.0633682428968995
-0.732141072729225	0.436235011754153
-0.461118618033058	0.36782078532369
-1.03043851563174	0.635839190744002
-0.0877900082879145	0.0455536456682598
-0.420354192127098	0.25748371584762
-0.779374022118994	0.270566801509696
-0.587362233118177	0.227587398386815
4.14265260570077	1.93385952751663
-0.114815193748802	0.0553737606142161
-0.644039115012711	0.156345619732878
-0.389314007007522	0.11306509974214
-3.09616154994407	0.949394332874711
-0.11163604580616	0.128093883315742
-0.212092439534017	0.341377542060542
0.329127132040134	0.595835061309636
0.298227022467836	0.334746881230623
-0.158934649419055	0.217437974662444
0.492808476092552	0.883354163212058
-0.0173502489170174	0.0176773240784158
-0.363250007524549	0.233803577337445
1.7098442821606	0.928861866493538
0.706676825064573	0.608953809575996
0.74501779473911	1.13589817355706
0.135576982226382	0.117992314266273
-1.55150894349967	1.0783443832774
-0.230867117347871	0.13297871967162
-0.873678841328357	0.479146076350239
0.290348917582754	0.242028886682891
-1.78707841532115	0.414309017630871
-0.214655546197595	0.239308357332723
-0.21942855145331	0.222735824418369
-0.342946537000107	0.388520059740564
-0.37944180499865	0.684559808966237
-0.149673845402899	0.177957184020809
-0.356404380217292	0.580569564331359
0.132493947443141	0.142298599503466
0.0296112052866823	0.0282721888210348
-0.198412622123398	0.251572751933013
-0.65281203140398	1.13065425498294
-0.0929438677224148	0.0884720917190584
-0.0974942622894106	0.0949170525589325
0.0453976975743417	0.0547750141601683
-0.514568896062313	0.776048437084904
-0.175612921164594	0.242447245640893
0.104938703496356	0.0994387094148068
-0.481251263908525	0.274179203755496
-0.0284071276074118	0.0166691588711941
0.62064089710646	0.741658220180171
-0.0406494591846877	0.0288565029659818
-0.105358655791005	0.122101718646477
-0.20159795802381	0.209446463222407
-0.150264508481606	0.110763890770087
-0.639498587296487	0.409274896734997
-0.639145838906725	0.406974033825185
-0.164347431757518	0.101914653987847
-1.0577554259712	0.52745801974933
0.0673538497059404	0.0306475226000559
-0.141073756259122	0.0625788151897441
-0.569687292937525	0.30213016201006
-1.40877107838534	0.89285270182065
-0.215734039191936	0.0794186607996413
0.437059291406263	0.483818980824287
-0.236055653894969	0.238496852585803
0.217068852727678	0.151251172281567
0.278024405868376	0.13178413737364
-0.910191404845439	1.26536430764458
0.333180093403715	0.457778544439538
0.323734083817763	0.253660319036821
2.49851279466971	1.34570572203614
-0.387556669637804	0.181907681520492
-1.09328869545801	0.443390423166797
-0.365632529161998	0.543643529806671
-0.10836453278669	0.0818974242262165
-0.554969077388209	0.374998677455266
-0.634167265059097	0.989192733335264
-0.0749463681434488	0.06658452970985
0.268230948913714	0.267177829269027
-0.729127180817503	0.808385101850271
0.645317130054531	0.835439428849239
0.0642833577485098	0.0530387779221858
-0.255653064111573	0.222468111980568
0.141187667793628	0.121947823051124
-0.53015382939352	0.568714379332051
-0.15502860761853	0.154143326992324
0.330968262456812	0.401631316773993
-0.229469449568397	0.265795293045972
0.367250973326673	0.520525829183957
0.0830637924792929	0.0713284497398949
0.217048737328554	0.144560425975934
-0.761560877353673	0.539202358714517
-0.19900509626524	0.163975125711722
0.377782458933482	0.339265663188937
-0.189629368718202	0.114311501802319
-0.318565345876452	0.343263812793612
0.0737433502423336	0.0602882285299959
0.61925306855711	0.737973164665417
0.328240208258567	0.346947314489452
0.772631147728327	0.53043444442215
-0.990267225843951	0.815772114739853
-0.464739722058759	0.36698534551636
-0.868352874262744	0.477691644807203
1.31299474738575	0.948175838216606
0.521252342430109	0.362293624793953
0.341071666215073	0.2457931692888
-0.2099608910084	0.150383100851957
0.285973831633947	0.245330816263413
0.70614019712958	0.400268383730613
0.813370045093335	0.766103439228224
-0.324638610612381	0.164511474075678
-0.376262591416517	0.279615775345074
-0.660364088794849	0.692533721061912
-0.517399086142534	0.594942288699906
0.346580807001985	0.241014320185553
0.211050714321084	0.158360961663592
0.689381981093108	0.867518140346465
-0.313306694846847	0.207338817901216
-0.586900170927205	0.449109109277079
-1.55859357319854	0.559769753604985
0.163198318954765	0.0319050580443516
0.0809835550892783	0.0324252802529192
-0.298028137507787	0.278447995522939
-1.41950489666032	2.14658307664312
-0.0109850326032255	0.00824734783465102
-0.130818815382756	0.11245212022701
0.20092524721897	0.239536266457083
0.178905960239286	0.197540826455486
-0.0242547516826461	0.0225461661753337
-0.553675845662611	0.771845985273191
-0.252656772414257	0.275158429274064
-0.234145967459069	0.281653128186318
-0.175292452491237	0.174411738172882
0.450194423016145	0.356939485579587
0.307124929646306	0.238388337931219
-0.153551307397609	0.113918403093706
0.392781432403854	0.497127151514138
-0.429184675670015	0.470981426328219
0.115456796023144	0.0850171841799188
0.547731764542945	0.611757779119355
-0.374105345254009	0.304482577249123
-0.198528603500108	0.141337068445059
0.396872773710068	0.435402980106262
0.116484601219415	0.0827446368992534
-0.194845795612915	0.117442962410666
0.0640132720088347	0.0289216940363635
-1.78346459010975	0.415096457236971
-0.417022127759164	0.406409125204434
0.0343034231194937	0.0311841363894006
-0.0299438936608362	0.0276079851389113
-0.16777477239717	0.192841898780754
-0.611304216043559	0.980819107865368
-0.667762032760004	0.705036183110226
-1.4250666870163	2.64644890736113
-0.610845721661867	0.880107144082059
-0.460775411862067	0.62333745430642
-0.121445886542882	0.104429916800149
-0.126090846652032	0.117101300685292
0.0187614850437567	0.0144762084463653
-1.25328442652988	1.9185249706261
-0.239877438574646	0.191247105453001
0.414526995187146	0.338925355089491
-0.213446046522123	0.206198420926225
-0.065396794047264	0.0530490045100363
-0.727380891405506	1.12823003075655
-0.168313318077686	0.188171177438963
-0.53966579372908	0.722675440598642
-0.579100388262963	0.697005191696454
-0.431430062697687	0.530203022061907
0.0540124836620976	0.0469261685568673
-0.0189324998486338	0.0139247105867871
0.131750790301931	0.112000212820975
0.362746288604902	0.342628391127135
1.0635981483568	1.61304776374342
-0.592557277330609	0.786115204696298
-0.386379016025707	0.43208584974511
-0.398810048544224	0.404913288315753
-0.34858072044249	0.320353603265777
0.702704382336166	0.789588186903119
0.276540541970196	0.250495198417196
0.758445029352699	0.730325621907037
-1.35925240091029	1.65731761474966
0.0857003536486124	0.0487587283491354
-0.0927832189604856	0.0628557622665271
-0.0580569610556364	0.03146670762006
-0.225764201120731	0.232523863008306
-0.23073793940754	0.183630899082378
1.15418954204216	1.03660489889157
-0.132604592568309	0.085198502092931
-0.843554845023582	1.0761770905476
-0.582824005409561	0.537774348362454
0.283746455840138	0.253668086435984
-0.0117574780980628	0.00870374125481099
0.399262415434343	0.509056119619347
-0.284513220875687	0.244187443122156
0.0781306981813031	0.0414129346944527
-1.42868920710871	1.64063601987994
-0.590146280007233	0.444177694132552
-0.415667730334694	0.29865554303481
-0.630962953748946	0.822914068070124
-0.182129691153844	0.166176186486601
-0.414440402789622	0.432065538500796
-0.849186427666963	0.974018482293539
-0.385131081706175	0.315047818750881
-0.164918450028105	0.103129699013767
0.077917279305626	0.0413557027343525
-0.150464994023703	0.110946919562616
-0.111059304481102	0.073174840143523
-0.26709973100213	0.20941037770625
-0.133478858753092	0.0852012079355666
-0.235877735566966	0.13632021299
0.105735524622476	0.0697617869881596
-0.109838632511622	0.0724668072043767
0.420078422107239	0.357006177250761
0.697608177869455	0.50143753037912
-0.725222865639407	0.756277212330302
-0.532057567505437	0.613700000231101
-0.88405547364207	0.664240559922077
-0.160834903272098	0.119314938921449
-0.570210336913619	0.302892913227831
-0.418825423071588	0.255857244700994
-0.54814469426553	0.37131209424097
-0.0436954881199593	0.0247815367043384
-0.41719829227388	0.29775940216597
-0.188335172678073	0.113328980869647
-0.617658317832711	0.522551945406536
0.20758795579393	0.149551299022025
-0.0291703507531281	0.0169932291345006
-0.376420984578883	0.277395553867805
-0.0294122261323833	0.0170560172747093
-0.881571909328807	0.760167505148309
0.0819052353472357	0.0459466565505333
-1.0278686322175	1.09378360461604
-1.23574932038902	1.06164464848152
0.0723693278614642	0.0326760991324383
0.904437634207526	0.678208517053579
0.41836120940435	0.245783223309499
-1.01242740939041	0.746514175968908
-0.233340404279048	0.135176361488582
-0.107799777293963	0.0519296438644327
0.373822322492925	0.228975233932807
-1.00803625853173	0.73788190921861
-1.82404010464041	1.96744489084402
0.515082901652112	0.357294084446104
-0.27742088298622	0.151388888593108
-0.232245363993887	0.134849938444041
-0.0310433188928851	0.0181370994125919
-0.96869462498546	0.878183527418827
-1.55875747069186	0.561897601836786
-1.5592573014063	0.560959739167039
0.133925459616961	0.0333863221239572
-0.779928198015439	0.271100929587385
-0.48004560928119	0.605532665003386
-0.0688316509671713	0.0554632131507981
-0.310367180273156	0.388537413725307
0.210895609584264	0.231720084338685
-0.391928996436868	0.486837016952509
-0.0807729148988945	0.079467217784084
0.500496282819553	0.744534623482567
-0.0904043530040968	0.0801513177371755
-0.0477649453357623	0.0436696726718834
-0.0404413744951789	0.0333818527627912
-0.541635470565061	0.654653480621426
-0.25518921379806	0.277832532896797
-0.924023101498727	1.05747389474658
-0.560918868234864	0.480863078868347
-0.129674341793309	0.0975864403988886
1.16228967933212	1.51424999078169
1.1102117839871	1.6380643582497
-0.0705207961766151	0.0485367108409907
-0.208646832150968	0.148954771255158
0.341050677980177	0.350704017554497
0.0714429533125436	0.0352890723920292
0.687363583496721	0.694305213565489
0.141942445559564	0.133033999953671
-0.471323109318464	0.374141574948077
0.0960546285777178	0.0574921422937527
0.374745517844302	0.435130780610016
0.0902671534306728	0.083041816073502
-0.277519188362088	0.262565957195231
-0.990256883387143	1.50119550212379
-0.292535964038146	0.324102331928801
-0.355457197672777	0.350874951788485
-0.319892585428956	0.407813790541675
-0.694837089314014	0.860964587921387
-0.172586498180589	0.18294646881548
-0.215355618427848	0.209433993784387
-0.273981601855429	0.234077379901512
-0.478903458774943	0.489350457299487
-0.394362976894923	0.357427776619435
-0.0257889852705846	0.0186724509370277
-1.00561060418988	1.13292468136707
-0.430482083932578	0.503418343489245
-0.380356215899035	0.422995197398463
-0.0199757250849962	0.0169796780586553
0.0909256518221009	0.0781708986713704
0.07429611449062	0.0617178414432316
-0.175935082054785	0.146436031932704
-0.183605655641511	0.187891000668617
-0.884799375832467	1.44389826226704
-0.252673441943564	0.240166546003891
0.598020944147786	0.725572100012218
0.0386664496791872	0.0271048470205219
0.132951731761615	0.104276633796665
0.00650384168115429	0.00506920166009596
-0.181523461195786	0.165919057039124
-0.0483542116866141	0.0346054013192889
-0.528580552887248	0.496860239578045
0.270244386952333	0.249690670544859
0.640573857112193	0.484789205892865
0.110883491629317	0.0726701778411574
0.538295801002151	0.616669308712526
-0.179141127962531	0.130695400182955
-0.373660418308692	0.274188970784078
0.375211238665316	0.347143614785945
0.0615899113335942	0.0488216107118285
-0.264705614957263	0.208091279027284
1.24394079230204	1.34215169133564
-1.09045751876069	1.48719544706354
0.358864075158929	0.34625540690753
1.01422865261425	1.17401593720113
-0.466173580069534	0.371113980532392
-0.355743039958305	0.417584788380134
-0.354895282846969	0.51008320656435
0.123135369735203	0.0937584563297037
-0.644100607914297	0.587993990801146
-0.870272607641507	0.820442278350066
0.46649141479136	0.355851387328248
-1.28825687112204	1.50344513575879
-0.466462422291922	0.369209387635003
-0.860974980479164	0.939904399218198
-1.14020462607046	1.4253705278933
-0.481127429890589	0.27463790253007
-0.238640709341829	0.137805565638622
0.0943292371015028	0.0585935841562396
-0.37264371740421	0.308570593340085
-0.102027103824092	0.0665219074415118
-0.612824715716903	0.516245092638769
0.0831774862882835	0.0473284399017486
-0.407344746877411	0.287385217892136
-0.37759326853385	0.312803232219188
-0.862673160131101	0.810670663007378
-0.118935469443294	0.0783141608028875
-0.294335734832942	0.318157752232063
0.08884631487018	0.0745570438927621
-0.937929310854118	1.01226058806678
-1.60972578768565	1.7880388342333
-1.01722177662167	0.746117645651009
-0.542408173037012	0.363078658528027
-0.642362168328736	0.408505024387594
-0.0491251352361616	0.0278280775047427
-0.768864175872059	0.540336099289442
-0.0790618743855508	0.0424995517232227
1.02927994550566	0.828734888041638
-1.55202334425536	1.08737379881154
-0.116717474046459	0.0568347297721851
-1.18003340368368	0.808772629690157
-2.32075598568062	1.8990441716372
-0.329275836344515	0.168111417317114
-0.362599659038781	0.233292968100521
0.113737280308541	0.0745368043762719
-0.424872662700501	0.260039663406943
-1.31356751069976	0.994969968215826
-0.362838684002301	0.230032996034058
0.708944324943753	0.615848936036729
-1.0552627325403	0.527131242481637
-0.424990836771665	0.258991744554985
-0.755539710163059	0.527690162755267
-0.688949540478823	0.569803560158573
-1.55763793611997	0.796704849914143
-0.287711925853366	0.0950016823367727
0.373514502534244	0.145732055908002
-1.0699559211383	1.53933388248833
0.0696557490124178	0.0672785539635051
-0.610603512530356	0.878743463584014
-0.0576127062832148	0.0472430316696377
-0.190140375163905	0.156204984852973
-0.182916688649313	0.148414897007761
-0.219569301783083	0.194892412806064
-0.72880699334443	0.806268326923683
-0.505368959265324	0.792590591462071
-1.17652527868446	1.11415865963962
0.23233005681772	0.128721191066637
0.100312592858603	0.0633201492734022
0.111281936909332	0.113234959351043
0.0364429804269599	0.0262028250095094
0.988555981524874	0.46356461503939
-0.487880472262686	0.279139741439604
1.02880329989199	0.854303122998746
1.16433728827344	1.16961556869658
0.511684864410785	0.528493746589702
-0.2764457674643	0.152059310852344
-0.0567556814230256	0.0306672608343736
-0.689286291696138	0.333928807784511
0.373313979291618	0.144634483766108
-1.78355593853231	0.415040398756502
-0.198217802696265	0.20771732074216
-0.0925602013298674	0.0818632978607868
0.11320803879881	0.11573673193878
-0.190100711573996	0.155101202710926
-0.387646798453389	0.485214940788826
-0.653799013024804	0.781240822966187
-0.0565117052553387	0.0595871964162866
0.69119588900198	1.05610205639853
-0.219316989668215	0.264579760404969
0.626563515763995	0.826645701478824
1.21519110310749	1.95696794289547
0.460243118911447	0.576548997852864
0.385980348201997	0.470996079707132
0.132496439332459	0.10990590133709
-0.407779586033985	0.392561722839669
-0.7388691082813	0.98741725046424
-0.0275449626212595	0.0254802570085205
-0.556148986167549	0.472163777117882
-0.635956216326445	0.407954205047103
-0.0667744915973851	0.036523553471029
-0.454708242706711	0.395516632581424
0.134170172866546	0.105194173808731
0.140656961841758	0.138620237696869
0.156395441743555	0.143653316744266
0.214895423182218	0.166112218738897
-0.426852765665009	0.344275697510709
1.89708683402169	1.11059660705089
1.88772088957467	1.12546658876702
-0.283700683449066	0.0937434246457278
-1.23661486331406	0.695935558285364
0.0755445911137499	0.0371984437785869
0.0741031355489976	0.0303945592269563
-2.69513503732946	1.64186161653988
0.196652392401496	0.160187108798789
1.56629644824	1.36211207465441
0.701707245213573	0.388862937054745
0.0345342115052844	0.0242035661784312
-1.6882725483659	2.80007741180641
-0.762436362104436	0.541934468265159
-0.869386110266179	0.480247028603009
-0.192513483374206	0.171688188742636
-1.18076082385569	0.81387394370057
0.0889987887714745	0.0503379651115213
-0.41711951970722	0.255210674182525
0.0739936679194959	0.0304074742485796
-1.40753918700217	0.892462503811019
-0.101565333397832	0.0784743720559098
-0.141445424664521	0.0908353417074775
0.76119155868103	0.625280226489142
0.0114192091158893	0.00743059908672001
0.135841730623609	0.106826633573028
-0.36597012001747	0.233764256304954
0.566675525544512	0.472998475134997
-0.0594462098628787	0.0418173066158039
0.788321592650548	1.17331181164038
-0.42371575792038	0.515726615450526
0.0654934252736511	0.0296329150212206
-0.425289806653107	0.378071002814944
-1.74542011657301	1.00151052920249
0.236582705189794	0.132742405085625
-0.876668524139508	0.582839570212448
-0.268207965375734	0.182845206290363
0.0164566884215168	0.0107198870561509
-0.283700683449066	0.0937434246457278
0.822171173632838	0.42260981298521
-0.484685450067608	0.277814935682305
0.231648565076744	0.12956464201604
-1.42800859028909	1.79819741219482
-0.636179632977011	0.582593699458292
-0.236013943353089	0.188087905905366
-0.757453475471623	0.532572491612206
0.0750412100200845	0.0276283558612873
-0.136008720778102	0.170808253907816
-0.0810448269191592	0.0893154396702296
-0.303448994731019	0.434356707670258
-0.355076492127002	0.375304085811254
0.460812575438349	0.443844345945207
0.035907239402157	0.0311292559154121
-0.158882785312465	0.179107753232201
-0.136101212768401	0.199336623789293
-0.297976121113897	0.464364671964644
-0.207681349021092	0.255643314502543
-1.24421010908802	1.07867054684356
-0.491654991056473	0.281990979394514
-0.323500438249406	0.31643790801624
-0.18954884117549	0.187353118824983
0.48099814698932	0.349535213885118
1.89536258080903	2.05920318960175
2.05421628773584	1.37451115135195
-0.177079132557658	0.0719271434887037
-0.599951103969364	0.590000527107198
-0.0944598796641234	0.0488362765984475
-0.841785845266897	0.373660810749392
-1.78355593853231	0.415040398756502
0.34825344940271	0.241759940135822
-0.269990748629664	0.146912696046114
-0.470905623506048	0.769087525112551
-0.133657533941404	0.124360108406228
-0.359770307180967	0.50962572009461
-0.626124774662005	0.825581244526419
-0.263710420127594	0.385785945316237
-0.335477716403242	0.49964799627811
-0.214732991557794	0.223341097291074
-0.28284705309236	0.322249445505914
-0.697906225000959	1.30693211020292
-0.580331980787068	0.979871847821612
-0.286912676493173	0.289910773907377
-0.212945910353737	0.236781015808677
-0.39743241545332	0.464564291528723
-0.607789278177089	0.602534922157698
-0.0618138496367317	0.0722252743761849
-0.786686540327229	0.757487593635234
-0.161700288822112	0.119737841740713
0.12831419558316	0.0972255255706042
0.0123737610603179	0.013170140846951
-0.310458670567377	0.334257595482691
0.929085962608873	1.37267713495526
1.68965689870187	1.23619699400283
0.330707655698872	0.248202310107218
0.0755487891748782	0.0336458985123249
-0.366366272868163	0.235537003715779
1.44253183573156	1.13661719186434
0.0696742174800306	0.0287057071302054
-3.10445560292739	2.44807606154525
-0.52027517541941	0.407902073572916
-0.0834008772819613	0.0737242029097873
-1.1663387915426	0.353796776180306
0.62035659580121	0.280825650264746
0.015609743219412	0.0101781657128492
0.346872777368842	0.409852484884443
0.647830893507103	0.499516484221379
1.15722779840872	0.899509732598326
-0.0155391489950196	0.0144687840805686
-0.257627097821083	0.379500434794366
-0.382733220246773	0.178870712801122
0.869085399925075	0.549730319293176
0.56532130495876	0.370447833339735
-0.638650683410332	0.155084261982669
-0.468524063138772	0.199832219373257
-0.0168232332493645	0.0125722068004892
-0.25978810132823	0.203319705081894
-0.160282011122698	0.119224976269854
0.135124377278712	0.117922062427891
-0.264897766332554	0.269027949327978
-0.638180677104525	0.72252078600963
-0.292860828241	0.31520393202712
0.0362051117350419	0.031275796081846
-0.144235118372128	0.154212396117029
-0.793820024514667	1.53180177123493
-0.508461640847241	0.680988402150626
0.0869054347079695	0.0284112185385816
-0.17901970413642	0.0728532485467444
-1.87232727452828	0.770981043468123
-1.13807020699184	1.17210785200217
-0.585270891096147	0.440287998317414
0.123129355829542	0.090383602956863
-0.476610368100358	0.201596825582816
0.0738507851640948	0.0272505991998173
-0.501694061347975	0.438361063977136
-0.148682788887849	0.109857404798791
-0.143992316580684	0.0624573917121354
-0.463254629610105	0.370450455247062
-0.097606602474297	0.0499129464677353
-0.456202153338542	0.40111934965496
-0.538588599894071	0.582612977054152
0.641159266968149	0.486605958676224
-0.353360596315102	0.347221109887434
-0.171563092370841	0.195003964518075
-0.547930433607857	0.854253681983408
-0.402395976142607	0.503529930283762
-0.193200344990309	0.226912916538241
-0.245234589699627	0.340244029745285
-0.249712537990646	0.433500259366048
0.0799625486574502	0.099454865365512
-0.215486200945573	0.307340978896374
-0.925523420605315	1.05667066497093
-0.451475956080969	0.398342250284891
-0.792542300162701	0.819029716283434
-0.014670615412691	0.00866685863203344
-0.982836008995061	1.25068155477192
-0.466012945746909	0.371883882177376
-0.714676137932895	0.691437777317545
-0.448176990424387	0.431752816267241
-1.36206837668221	1.65438168405781
-0.912743229017489	1.1045964214798
-0.128013021925043	0.110337984662385
-0.0888388082083382	0.106340647664469
0.0458323006195848	0.0482958349654601
0.395066654829905	0.4334492732835
-0.356353854748155	0.353488337937046
0.115345393358286	0.0814507288216209
-1.5199695444078	1.61199524143324
-0.101875342377907	0.0979246854153193
-1.21595218810768	1.33976526274239
-0.105718755514913	0.0822601471870378
-0.576719814844059	0.535686957217284
-1.00792407515817	1.13709979996546
0.12789964816418	0.100447585972826
0.109003298541212	0.0737058176678665
0.221737249228428	0.139402146176603
0.211788119102342	0.159147746686903
-0.483463773077179	0.338003998643469
0.161056325615986	0.0312754627502879
-0.414399488066692	0.489102179605677
-0.424030524225578	0.460172700427294
-0.459921244673398	0.660389844144644
-0.204911788684452	0.239116359345812
-0.165861985293135	0.214465165307408
-0.384192114696019	0.453119494460536
-0.27192614353092	0.294956881945826
-0.55005617123349	0.831910513030845
-0.287917968940354	0.401122808047007
-0.243413523539136	0.345009024253056
-0.281007407509115	0.392485980788921
-0.0813484377402854	0.0763326738767528
-0.0852514810577353	0.0821426270725807
-0.896589825703655	1.25803638082088
0.129208177164518	0.142193777807733
-0.318708973064437	0.488600351015859
-1.26964421379633	2.38776536943949
-0.295154658234267	0.436916760404265
-0.134976399562409	0.171188922137888
-0.802705258966337	1.03363003044332
-0.491143453973362	0.626276875731621
-0.544639128985207	0.663151017125333
0.739765088826849	1.46123338588578
0.0580260324424721	0.060961877411411
-0.0205758802805307	0.0173078456998395
-0.120897580506078	0.0927646738702816
-2.00496196825685	3.63848900290143
0.10008333003639	0.0599704835536265
-0.236312710706914	0.136217690590691
-2.18803828417738	2.96158911511248
0.309048547295336	0.242107319390036
-0.624441856884541	0.523693669531125
-0.998424144079667	1.19298571525203
-0.190760956765758	0.225293328524597
-0.071092898926259	0.0487230792943591
-1.26686548887872	1.27142537408325
-0.284240377145641	0.339862259507102
-0.180599652954215	0.201133849115185
-0.183589029918788	0.167789490795153
-0.58303130316624	0.655178851695892
-0.0977442148756907	0.115048035296563
-0.659447974300551	0.473377716290401
0.523771222720393	0.366991725662418
0.487580864171953	0.352686700187002
-0.285691338432301	0.155132979110738
-0.850097440126859	0.915436504974013
-0.714171436035416	1.22736954513242
-0.18420874360669	0.150474155547801
-0.851576478703363	1.03297901210036
-0.463603580195853	0.41129472984866
-0.449766194110421	0.396240206734948
-0.982611083338724	1.7560548938138
-0.513087380054511	0.518949095503305
-0.0439136331526385	0.0437563366069846
-0.614375661165671	0.518436884461533
-1.13212941904892	0.906630645474784
-0.519564879723603	0.40606364523588
-0.336481108325455	0.281565381599507
-1.71571110676083	2.62220789494528
-0.841230444087005	1.06253152266635
-0.258861873762973	0.226625409187902
-0.401238831665681	0.441130529488249
-0.498933817137158	0.283239099869837
-0.217785028912024	0.193955305367492
-0.52363251430347	0.60243436700753
-0.136869070637534	0.115997621836126
0.136129078506876	0.121441490370437
-0.58001520759393	0.730841725187712
-0.206267975507306	0.145937071197939
-0.00974946398959775	0.00591409442620246
-1.17926796416113	0.809601766261789
-0.869386110266179	0.480247028603009
0.0534476601602417	0.0406866517732269
-1.27291897023418	1.29515319118862
-0.390441693993651	0.182866487571437
-0.0925354044162142	0.0624893775376333
-0.481925379642343	0.338144878216688
-0.15959459105705	0.0987093304691745
0.0379099690355723	0.0264787225780824
-0.876373683024658	0.672939411507289
-0.328631467378665	0.167563739276599
-0.205293934017277	0.146672109312127
-0.421220826112406	0.376907974978419
-0.773879636044481	0.612336486038886
-0.289603612404055	0.223149816367035
-1.6289668611074	2.78701328001073
-0.282624479635988	0.341738275060398
-0.0782545981509424	0.0761071892648342
0.201469719793129	0.213223411028378
0.202039644322343	0.217230804865911
0.103834237769342	0.115365173776152
-0.177526337784365	0.216083373792128
-0.31947003933919	0.407653010553202
-0.0140516740471498	0.0131996933502256
-0.426568457821993	0.664903696683388
-0.198664578400346	0.194258484622165
-0.472825069622437	0.69710006732746
-0.349315225118949	0.441460757499756
-0.400222235450041	0.4618729062651
0.10258979095448	0.0988839221457668
-0.426118854133666	0.649704502234221
-0.557675966228838	0.827545195861174
-0.533691019725089	0.774201291563089
-0.582288422729989	0.836649822530771
-0.405565340829812	0.447319885495306
0.0172534534739029	0.016030196054147
-0.27120820584576	0.354657526920003
-0.450919529181112	0.520584504084017
-0.915203750910751	1.47940561327319
0.40441044877709	0.588176792434372
-0.158916266415296	0.166103319585675
-0.204687830022919	0.229913511049792
-0.438892385643849	0.546046249373378
0.148140478799497	0.150214112837857
0.232835197104274	0.267126421950432
-0.39941937455822	0.465306312718648
0.336384616164571	0.444489383734286
-0.746118103021842	1.21110083506287
-0.161452156592468	0.120363004996663
-1.78355593853231	0.415040398756502
-1.08057000256243	2.00784930119802
-0.185223212491165	0.20119988963476
-0.917481851221751	1.56024036129054
-0.487783614124341	0.678451964829667
-0.378024516652204	0.444291559390173
1.07172624116564	1.122801614906
-0.019940964864495	0.0117821180727842
-0.728297410856735	0.432491463369139
-0.389314007007522	0.11306509974214
-0.0333986836881054	0.0279884328976809
-0.0253614550335134	0.0234799785831411
-0.487637885045853	0.729936206814261
-0.805030694454694	1.14285645733839
-0.334371608462329	0.415114077463681
-0.71652658066575	0.699422763492075
-0.555161826807098	0.947626473541602
-0.369649431941239	0.465461355784243
-0.206196409197726	0.215822528258072
-0.632725699500331	0.894410826326167
-0.557069653658037	0.479153187162505
-0.427138875481693	0.495931589014561
-1.58126889073003	3.53618101856448
-0.164174239962501	0.146992850289181
-0.480607739589797	0.639844726608174
-0.397636169572753	0.514603602380083
-1.00291375645108	1.67313951654779
-0.677043295475421	0.757971092911985
-0.29045810447155	0.294156462934189
-0.562045358025018	0.716070520248714
-1.24486601742931	2.42017053777394
0.135716449238619	0.122078897230811
-0.392076048985693	0.618121166988749
-0.596139639622081	0.784213733716134
0.0940646491436124	0.0894568527035599
0.14706465562578	0.132237678613083
-0.375155508731839	0.364439550736294
-0.127881278456543	0.129398899791858
-0.303549396500069	0.303709691205517
-0.92662200060817	1.39239010834623
-0.723898020495091	1.06595082622281
-0.446398299715491	0.547189619677772
-0.440188282467326	0.455305252800689
-0.517680653525518	0.527648171368937
-0.318836699637781	0.346861329174362
-0.279922385717379	0.361245215482935
-0.198337634924841	0.233078725837832
-0.339472781475285	0.35805701100985
-0.409856460691893	0.523173332684884
-1.2073586669671	2.60118163999066
-0.667570162910646	0.87943968456274
-0.633949431790423	0.988981305007508
-0.846594576659959	1.12598721717649
-0.21420043287497	0.189116980841885
-0.283787707888138	0.303866792939254
-0.383647842217493	0.401877425382539
-0.17481981091557	0.17112397809094
-0.645854643978757	1.02884460259212
-0.300922381359409	0.360751149870459
-0.510634131041603	0.624157923695376
-0.694411799167739	0.824167678864539
-0.0959506770232677	0.0744005523268171
-0.803279446763353	1.09225269579968
-0.220756214638239	0.247009115637528
-0.884360439732186	1.22239346711573
-0.712607853057284	1.04666841524083
-0.867486975155343	1.5274967689095
-0.929372437067429	1.83956797603851
-0.6557189564231	1.00711473626018
-0.302478546580247	0.358018159226932
-0.0763171046461241	0.0744356338457908
-0.78606888648088	0.274941922247046
-0.596904159740726	0.228323045154908
-0.418789615464226	0.255490928531857
-0.847380225488221	0.369361313489374
-0.178301391029978	0.0725302470865035
-0.423819934308637	0.305690044595934
-0.217318119218867	0.194021710402324
-0.45375235673575	0.46915910258343
-0.125671818818623	0.0963994710987994
-1.02134831053788	1.42204204701435
-0.797029587783623	0.8245190154678
-1.06284739574733	1.3310245817391
-0.168769826031129	0.105108370744601
-0.384160802818268	0.178801808667108
-1.02918196279897	0.634512272733925
-0.757193871826366	0.525558926296254
-0.235304377135705	0.136745145973624
-1.55825797222393	0.560915030422003
-0.733499109107916	0.435096729616921
0.0991558512875216	0.0289072234958687
0.219513003267445	0.138153626618873
-0.683264488063638	0.330988943110699
-0.780209704412134	0.269603406986946
-0.390466134450405	0.114207620517753
-1.03061625195783	1.08737515115533
-0.220137191571675	0.080027882638644
-0.389314007007522	0.11306509974214
-0.307100487833793	0.202905457141946
-0.0256398784130732	0.0213514641612583
-0.253378677703565	0.329852984582386
0.185211648571009	0.243283556056393
-0.249198461444761	0.30681417824163
-0.238177289819379	0.309176936445917
-0.499273870578094	0.810358836560581
-0.0223174214451418	0.0255459669865609
0.252407445679179	0.300938046726449
-0.221452782272894	0.259043187540478
-0.278402324182882	0.400684767357579
0.0231452914840107	0.0238823382886622
-0.56249245487469	1.00084309138368
-0.210711337508871	0.259163928901531
-0.424052659240414	0.552304785455883
-0.142726706971281	0.147025997719909
-0.084899037342539	0.081341422487548
-0.623224454681004	0.899301838763195
-0.737561442654934	1.41490891688379
-0.339422023086631	0.489842553134653
-0.375682085108236	0.510619693774044
-0.764167707283524	1.42229094945687
-0.0219349709082803	0.0247556630628603
0.042900059507675	0.0432757743489035
-0.404021770844657	0.624889490792221
-0.659200404679624	1.16196820281825
-0.110871525918951	0.11405345098662
0.318276391451655	0.396719253318799
0.158747120972277	0.176344549446607
-0.0730499023632532	0.0765801053540622
0.227828408624276	0.301522635499812
0.150659648073453	0.131819983183064
-1.78355593853231	0.415040398756502
0.102619711366076	0.0989251020505516
-0.384624808188144	0.480649359745456
-1.00217974176532	1.67503983736595
-0.265330044226296	0.270562702954398
-0.322821129941455	0.387059839868402
-0.90139204792251	1.26245978992621
-0.704524537638755	0.633227267433288
-0.886309304884862	0.590550572422331
-0.323097358548219	0.163510859192372
-0.422062777771458	0.257592726560004
-0.202639629694467	0.14522229994151
-0.0209956652500286	0.0155780431963445
-0.304032343150204	0.30536404822908
-0.327038919369322	0.324144542012582
-0.154447428499239	0.160006287023501
-0.378566550198406	0.560691331343129
0.404665733934217	0.494911765076908
-0.193687605612971	0.186486152580177
-0.221346734996756	0.231852268804616
-0.340779091859029	0.285269113413332
-0.0905736912560291	0.0710274626042577
0.650508203383263	0.995494408029683
-0.217004040743229	0.259450346973353
-0.74571343534864	1.4482943715315
-0.0484500538706711	0.0443083335871867
-0.357176039183635	0.466015566346042
-0.401467886500359	0.573913683963681
-0.950244102710032	1.37310059707546
0.506922604276621	0.691598544899257
-0.635204946419655	0.902905971573994
0.472273080343341	0.527582922556293
0.262996687185922	0.356693730771999
-0.924420007651221	2.00929210114431
0.63416742604101	0.979022535597876
-0.734688950993482	0.811026975751399
-0.282077653250784	0.284754833832078
-0.0699465231706981	0.0610547392544549
-0.940477261748897	1.36517685668753
-0.535771129370856	0.846168068728848
-0.530997973116481	0.833880471785863
-0.576235941032236	0.872518336572543
-0.0835657482863375	0.0741049454392902
-0.835924610401846	1.37724432484855
-0.619533333629772	0.856968033238384
-0.166978751525745	0.191953813833266
-0.591744149722023	0.957558357310729
0.0211188011669092	0.0202754064022232
-0.299191653582867	0.359105982210004
-0.159356434413337	0.179602506987544
0.256210767416757	0.245067086551567
-0.923760933954707	1.51513802315828
-0.372834396162409	0.481383199643123
-0.218144525081169	0.227648297251744
-0.719343014586858	1.06756681272133
-0.52310380436713	0.670411046097363
-0.57805340791349	0.641162453346472
-0.408352345112543	0.558576040847299
-0.674582290446688	1.08953809429082
-1.45064362551091	2.77549566357028
0.00456620662668292	0.00359981508535721
-0.992036391783621	1.76954089368986
-0.381712757869461	0.399603578528146
-0.0222287968560211	0.0187144708902673
-0.449378424514607	0.516098562423732
-0.166992313023377	0.178423488693628
-0.494326549013265	0.723487760002247
-0.202657032503017	0.224680913725337
-0.289066339353215	0.268775009754603
-0.0739836666858694	0.0398267079658848
-0.865828234310902	0.477277005314321
-1.34666612351855	0.620394339358533
-0.73440551883252	0.438241694209542
-0.560621625941953	0.642271721584293
-0.806470151418268	1.04517159260351
-0.537620022673012	0.583065964321624
-1.18062188974758	0.809832541524569
-1.33929532530804	0.611503303249929
-1.55403081647638	1.07592284930377
-0.385631480182645	0.180144804614879
-0.644689815674165	0.156669091829783
-1.55809261738805	0.56070230461001
0.104522548275487	0.030451402882796
0.621559024428721	0.279168557258766
-0.776759344309517	0.269749471617003
-1.08907466473417	0.437143045341756
-0.733436308823475	0.440984433572036
-0.587466526386645	0.227349400651964
-0.386132143301682	0.180457470735018
-0.486353419830257	0.279172208947243
-0.728937245629007	0.434729719445795
0.204472901652725	0.248197817144775
-0.0900601032920229	0.118809778312826
-0.815292739596873	1.7416627575796
-0.296621052158681	0.494872430441429
0.0390818900772157	0.043254297182014
-0.0485287736585443	0.0577635349279565
-0.0222288938650502	0.0261144211543108
-0.0570163408102745	0.0679224449882045
-0.581343115923161	1.24832344215527
0.301285323522095	0.408905539872697
-0.188822267400698	0.248939004453075
-0.229695300802779	0.319390277854714
-0.425913212500461	0.702535234050618
-0.0493506364459732	0.0577016486961763
-0.210550540042348	0.27434273007225
-0.325556965133138	0.323486871419103
-0.378878341907224	0.631533073441444
0.126057210616131	0.152934130940513
-0.148761600959126	0.176598788563867
0.158253519623893	0.231699866500203
0.43334864622	0.819191804736144
0.370711475173509	0.70447395916416
0.0672009045600668	0.0812090499876662
-0.306500904794708	0.476040147381431
0.205058436059431	0.284283945560567
0.257042756727928	0.384825015018017
-0.674120251547244	1.33270627831703
-0.234911398833417	0.312799858271354
0.128416288707637	0.100486255817804
1.9760405399428	0.493213117693187
0.449824259803881	0.670011963589439
0.734572906859417	0.969763475666149
0.636415907549976	0.58599261078172
0.379215339955124	0.34177849589264
-0.659157321380042	0.646227995433405
-0.0180433843627332	0.013336377134651
-0.473272603576049	0.201747431722254
-0.477813183309395	0.489389542863031
0.736127279563272	0.895976940507687
-0.727913680667224	0.875345714278337
-0.140571780507495	0.106212295944718
-0.633708157562646	0.711603163721659
0.105405228701807	0.0667325201950311
-0.188166869157393	0.193824034691848
0.0838552173903793	0.0841951770417965
-0.475204047413326	0.543421515564821
-0.616779259156488	0.64957484054518
0.60076294654832	0.571772964925808
-0.201783219785213	0.144543216266103
0.399547917392925	0.426515652472328
-0.267293890889378	0.30818475523202
-0.63150040541333	1.06422396038697
-0.636961545877572	1.17155788095821
0.274240562168022	0.405166554785792
-0.44666266612771	0.650877418947838
-0.256221585655456	0.391164922808742
0.118502379594217	0.149313605158609
-0.92923597365262	2.02493850368336
-0.0681284521594991	0.0616159013216486
-0.213216347089174	0.260695804523334
-0.28198439110097	0.408581902444178
-0.614752616061542	0.884889048501567
0.0588248671659838	0.0448129602999077
0.26254868014358	0.264861607588526
-1.04523295014651	1.81788427274299
-0.417038469569356	0.618349173228058
-0.735397227578645	1.34235404591196
-0.534388919837135	0.876145382452806
-0.386311034769885	0.181383572889983
-0.538568778555903	0.582820553342669
-0.708249731628397	1.36576574195905
-0.147332967197749	0.124932959921397
-0.278433945133155	0.300788844555734
-0.407958894306189	0.532878377692866
-0.445137051193394	0.427231540760731
-0.236509744260472	0.291748417567467
0.310114830432533	0.344512053152743
-0.427844474498385	0.683758540093104
0.380833454358885	0.498736291177654
0.803186610436183	0.854414627529221
0.301576914369189	0.330542587551444
-0.11044278748889	0.119425718030994
-0.176711462375469	0.201355198729175
-1.1167829023028	2.06329320779477
-0.57046848813911	0.860084319760603
-0.174114850143833	0.18123674306591
-0.668901656121885	1.03805990742957
-0.968118516049005	1.2841291245554
-1.56390564122763	0.562697971919826
-2.57185252800851	0.693041972437165
-1.08808454476495	0.441668138489739
0.0779077110491222	0.0287506178142342
-0.771741606287115	0.616075567893056
-0.390609043378598	0.113594128833838
0.752101165986254	0.305962467537181
1.26617237586217	0.544237689615947
0.0688332521331319	0.0282832559567393
-0.786199580091747	0.273238052886901
-1.78355593853231	0.415040398756502
0.163659914308261	0.0319253139355892
-0.78606888648088	0.274941922247046
-0.644039115012711	0.156345619732878
-0.849134129608869	0.375874028171401
-1.55822382740803	0.799286467017581
0.136032867380314	0.0336051051380813
-0.779374022118994	0.270566801509696
-0.589216673421053	0.227872967084399
-0.219944544617823	0.0809556339123812
-0.853587214848757	1.18803243523569
-0.53034804476227	0.968294896169502
-0.419671167842152	0.674381501864573
0.298665752428417	0.430312537222142
-0.0488835112263987	0.0488146596792067
-0.0342031363362598	0.0361864609408785
-0.637870665417054	1.18360003436868
-0.651860829477066	1.23212137135423
-0.449788531606508	0.765216196064118
-0.528315704864907	0.742803370569094
-0.258304867501002	0.342961190586092
-0.35691277673512	0.526321803649294
-0.908775371441516	1.93120242619097
-0.122880296978239	0.141538420107214
-0.441420384834942	0.511616458358266
-0.242441573305172	0.248290357475972
0.751735957980962	1.1656519461327
0.468885426726784	0.673813030110393
-0.328045446808841	0.413075821202207
0.0923528525501107	0.101715851501784
-0.618852429768668	1.29368113707449
0.00620953371060358	0.0066313936979918
-0.011726850974187	0.0110411900244471
0.344478217083602	0.475178860425341
-0.714297754285439	1.37253950486888
-0.363285052106796	0.475041643241324
0.270165104298193	0.376729202848642
-0.176173681151423	0.199262125817092
-0.160896360163702	0.119264537221749
0.159126058171774	0.0311056421910278
0.790833062134037	1.25454150468381
-0.568269818932949	0.683220657463692
0.215953814031784	0.161353878633972
-0.551468519594579	0.46947010534267
0.218333701343377	0.158459190979862
0.112966279892265	0.0798504930152088
-0.387927529003929	0.351790464758691
-1.08800937961484	0.966120313058824
-0.262027898226456	0.206284694802745
-0.528803294738828	0.491826142710952
-0.129289845803388	0.0829866163528336
1.16222393597625	1.46939402781581
-0.321741711718959	0.164007908389126
-0.240029489142075	0.227974504964579
0.295259655538525	0.245928545991419
0.28525092909789	0.258410174556149
-1.35382469065399	1.79114736406142
-0.420891970428176	0.300387775994566
-0.212552361335875	0.169867289914576
-1.00652162422375	1.43901903090151
-0.202793649722403	0.21274044870708
0.322302078820783	0.358973475920121
-0.238233317754753	0.293982788096604
-0.246287318854481	0.271602566365188
-0.11736049098274	0.127807236866863
-0.316132792542475	0.438991018494821
0.160973408618886	0.17437905960009
0.842753546435622	1.64238591506591
0.296044926111862	0.254215676142438
-0.144810244613349	0.148031690597071
0.203404761768982	0.241512107584734
-1.15959978852299	1.56993359496653
-0.437067345963179	0.447399796830826
-0.656127016244391	0.819253143854802
-0.100007099523512	0.0876416769413449
-0.853233239510189	0.985911505607358
-1.23040524357591	2.2438048833859
0.100950958261033	0.0955187888977523
-0.424794249863466	0.524387566933028
-0.244618045518832	0.231280982557439
-0.719820470108015	1.02620452627131
-0.0868910969387254	0.0585552774350473
-1.05188702245578	1.31242325019841
-0.183989279339154	0.149484771708893
-0.218146213558889	0.155482124343187
-0.254759381107887	0.243315579217072
-0.362544423200832	0.359675411023164
-0.386509220998325	0.456230247150593
0.255848180347666	0.252340207693653
-0.79059006659085	0.967840939607056
-0.141879808280769	0.133073896170478
-0.750739934890349	1.02010160142446
-0.187025868939573	0.185021754358888
0.261444476251852	0.279519126537449
-0.474731836336729	0.579402024693667
-0.688395047625766	0.568006971508582
-0.0288363959278037	0.0236435829765604
-0.36115539715238	0.428675327657879
0.133271254304781	0.0330736858737192
-0.680939194558519	0.330752935526163
-1.01303503049748	0.744251179109286
-1.56375161456735	0.56156516596452
1.26308374314385	0.535890023428446
0.75579845536751	0.305026431010705
-1.05206376630837	0.529530629945918
-1.56339879997311	0.559087917942227
-1.78346459010975	0.415096457236971
-1.56441282117933	0.562758252373258
0.094525300086411	0.0274778470661975
1.26468916500227	0.538325141136017
0.932210207100964	0.245283527884345
0.256253710886767	0.133034960927975
-2.12622700386646	0.979101784127943
1.41753888493787	0.460075319194046
-0.681660455492398	0.333424200731368
-0.405564112123214	0.50197223035119
0.449995080962323	0.822322369033508
-0.310236391756975	0.517395050900029
0.0620863204250946	0.0762019709882124
-0.547839833805959	0.956372198789685
-0.205011907719675	0.285345857963707
-0.319366576903219	0.537879561085645
-0.286456803534605	0.434103465087568
0.151452034336465	0.212362258815715
-0.0945529451387117	0.117572093382902
-0.233625048752821	0.375754126603401
-0.190418060490797	0.27274765334438
-0.26040073100314	0.303741204202303
0.143072874435756	0.144507278719368
-0.371163606300113	0.444825908074755
-0.915641029795487	1.60631196961716
-0.715549228661014	1.38209035263966
0.0628731155635681	0.0749380554568686
0.238069254701027	0.30970415308953
0.152087339765472	0.244078015772158
0.042484801885592	0.0503012630489644
0.0272399055883385	0.0330386917422061
0.74294257855338	1.52200278844681
-0.318714994430228	0.420778678814543
0.703768310091444	1.34051742890467
-0.0104340637776158	0.0121504480114334
-0.167846659686041	0.198005195951949
0.0591627168490738	0.0640447692927098
-0.743451784375549	0.876839912264265
-1.78346459010975	0.415096457236971
-0.301268038696658	0.358281057466398
-0.256970484420701	0.245487541785457
-0.0578604254166389	0.0392954062807569
-0.509965367317273	0.516879026663126
0.102384990657775	0.0674092543335324
-0.221620067361754	0.198587878670237
-0.345569970516461	0.291781767607657
-0.310586621567213	0.264523722127404
-0.577902106368748	0.535058716483661
0.0370756917681209	0.0260366594923822
0.909009069122751	0.686883406510384
-0.380101168864386	0.315430450002117
-0.242186106897002	0.247889050153922
0.47388811254835	0.679361733914229
-0.41208725078478	0.429282660359808
-0.197482581202896	0.178460641816344
0.302294826652966	0.241354679553154
-0.88665970205361	0.682510579569049
-1.30939651780834	1.83109683603539
-0.602921920334949	0.9076314301928
-0.0195108575719169	0.0199518750104729
-0.447116360112171	0.652125045083195
0.417556909876194	0.515889167332523
0.656626865525972	1.08942956827969
-0.256357654630356	0.340874898444049
-0.0313391768827507	0.0357457429972842
0.137411280886815	0.15739251053917
-0.297695581063968	0.27734660679606
0.463249295260862	0.745741811788592
-1.28011312134252	3.39973171975818
-0.174053747119229	0.173381521697204
-0.0266943356833195	0.0222484682928773
-0.266303411490492	0.24849800744003
-0.146720104612909	0.125416967690041
-0.769527729140269	1.27687002349775
-0.20233678007476	0.222707129511168
-0.202399803225435	0.144913480625366
-0.333906857044307	0.169399912567343
-0.479689897195179	0.451345072754971
-0.608484275330713	0.730645192731802
-0.356731580671223	0.471034998103688
-0.116394785761768	0.126699486477593
-0.177586739262645	0.147989273221264
-0.426917509510933	0.55686139383482
-0.307683610280611	0.385647588730007
-0.529906699873655	0.745760001253224
-0.107002692485205	0.0836126284347191
-0.226922113001879	0.264202498795102
-0.0413727965458631	0.0398168329480266
0.0973208332567536	0.104350517499162
-0.323744102968284	0.391506365858961
-0.795913621358794	0.918918908599085
-0.654881258005282	0.641886763997467
-0.728799853880343	0.807462336491292
-0.57568162597314	0.616318291765434
-0.34258470318269	0.355752448045924
-0.281817148341923	0.307242969759262
-0.500958349479151	0.543009441599829
-0.390466134450405	0.114207620517753
-1.23957062399781	0.703858738136818
-0.77731550474039	0.270283019147446
-1.56959733448081	0.559960473687546
-1.55825797222393	0.560915030422003
-0.579678435965351	0.219482191870693
-0.780621338588044	0.27365972431568
-0.289157881285003	0.0949427839529242
-0.733702140760335	0.440668333753999
-3.08716456321314	0.953073801543469
-0.466738555059249	0.198002120394406
-0.236981635184059	0.292134221191942
-0.345938051522791	0.57422691648569
-0.264388204894085	0.403653015585581
-0.205812886474673	0.288804265305585
-0.00394427986741606	0.00506955867291854
-0.18043672178277	0.260458009667388
-0.0590125366845168	0.0711673266109439
0.0973094225213905	0.13419775389977
-0.296112515784777	0.511439502889392
-0.167119988254524	0.236795783956135
-0.26878670671309	0.427722071761301
-0.645139770569911	1.19088148984615
-0.223945527190405	0.276260852299498
-0.184357365313419	0.19615160151856
-0.149482752751352	0.192851972186236
0.0288421993257872	0.0297216270367706
-0.605524751571379	1.28078331521522
-0.0259428837228445	0.0280834566787422
0.0609746091799595	0.0661928841529955
-0.193454965339673	0.264755704655065
-0.0873732001847849	0.0999159440477364
0.702263922120199	1.5362558366839
-0.103519936125552	0.123859494275297
-0.0809941450813513	0.0970482782056803
0.00281021573766394	0.00225357424698236
0.154764406384942	0.179364801685884
-0.590781744504277	0.778130281506947
-0.378839330823974	0.344044139313689
-0.0210820743965543	0.0155368938235277
0.0285714395388311	0.0198553414940474
-0.168066667723353	0.139069969545388
-0.513912524575787	0.393141405250416
0.118482080480595	0.0814235584719962
-0.073465891994381	0.0586115548684913
0.277422092770473	0.243505754554879
0.090447662103739	0.0815639260565614
1.15117287640052	1.04072093862561
-0.128201859251086	0.110017715607434
-0.198225109340677	0.192476819977594
-0.513960138226112	0.768647679030554
-0.648993604756453	0.934116288863067
-0.690318467277826	0.812452870966067
-0.410252025626208	0.331614638639559
-0.372039805166962	0.307856915882005
-0.308146818260928	0.307503316353941
-0.0691830786961622	0.0756702149055046
0.677269710719033	1.27092617754657
-0.0388967630568826	0.0438893374344336
-0.646954494231157	1.30105503202921
0.216345691394228	0.320846425509599
0.0418690737841339	0.0520284770485937
0.143513623019784	0.189691177468692
-0.0293928382613951	0.0297529756093199
-0.25509047632144	0.281543960750635
0.277936098705837	0.425206821165203
-0.163443575717955	0.215497625818275
-0.202672885761906	0.226760493147302
-0.0196339801372029	0.0144793822776882
0.142739295849971	0.130986598801924
-0.719469661300471	1.03053652938803
-0.267130491267602	0.328197249583305
-0.455695188865699	0.4002645047586
-1.6416956299393	1.57459917812063
-0.390423705767169	0.411160899306425
-0.108389318380223	0.118517681486853
-0.308061487046078	0.449661440451888
-0.284640669580859	0.424898014927221
-0.310694039686792	0.264875389178923
-0.302492986228789	0.365804879282334
0.488642471476217	0.686254380083995
-0.153596429494302	0.201222843654134
0.213681680896098	0.248979456700293
-0.616930232130958	0.656559991859781
-0.479768963838944	0.793169291420345
0.0420388549967597	0.0420350438936551
-0.69907207590995	1.32095709263458
-0.261337802894331	0.331560548390399
-0.000242848088685674	0.000349456602721741
-0.117991324941852	0.0898878962956108
-0.837388796950856	0.36906127579228
0.120063849481706	0.0936397979017653
0.256002420500561	0.252345149147895
0.148770159484302	0.150736172816943
-0.358221558325302	0.48814401188989
-0.361201411131689	0.452045991467697
-0.856283147221902	1.04616396150357
-1.55759199477803	0.559723883081557
-0.390609043378598	0.113594128833838
-0.141019837705548	0.0624570142377683
-0.638650683410332	0.155084261982669
-0.683712093168459	0.332225624046413
-0.280450595029981	0.092203603611508
-0.835614207898169	0.369601989334505
-3.08744594535476	0.960811196593325
0.163786424348353	0.0319491236824782
-0.396345440483101	0.115014501577438
-1.03541800185463	0.641888248187579
1.26617237586217	0.544237689615947
-1.34549929264778	0.614358764173469
-0.457057277647314	0.677153900812186
-0.125850801570886	0.169405822645023
-0.727756971193107	1.53107572092793
-0.113016445401469	0.130401496707161
-0.278003137397689	0.389230487799361
-0.206916171686725	0.265290307161309
-0.464436876941099	0.709675816251271
-0.597934910422803	1.05555647718161
-0.900228740480089	1.77352961741541
-0.249878128906555	0.289430696653931
0.0487703903795996	0.050436656594183
-0.00219465597066643	0.00243645484478497
-0.275328420987185	0.387914945778473
0.282365151855099	0.375500024266679
-0.0298740112614799	0.0320832169342317
0.713066432639783	1.43316982901173
-0.00593032820553945	0.00614132253585777
-0.0922882819176269	0.110221349245116
0.171535228892082	0.201673227149827
-0.227621007457706	0.200079112020468
0.16558870151055	0.0320942613353925
0.301295804574105	0.347685179016177
0.0203751915548985	0.0157850165206949
0.112194843646292	0.0823136957754616
-0.928298414160393	0.992031180574573
-0.370794749303714	0.303520234996305
-0.181570059662254	0.132334229111249
0.769193432201162	0.747681784176212
0.0184334731128469	0.0120160359193224
0.211013535170547	0.152582733487037
0.123297864669381	0.0876732971444925
0.447791605154309	0.358321690974499
-0.35121523265188	0.34724221032505
-0.145472784475837	0.134559866220326
0.202168003201778	0.212866121329813
-0.476849147721167	0.567116691558279
-1.87059252716817	3.43425793284353
-1.74849885976686	2.15755888024545
0.121631022383609	0.0944427022738695
-0.450986912959045	0.426267539838596
0.34739690442262	0.401657559451609
-0.140502212451679	0.151540476699438
-0.369035841861157	0.560147335334985
-0.212035672968215	0.275718778721996
-0.309593569121979	0.458086599435732
0.44411481025162	0.801461975270674
-0.396662046747594	0.547906879751614
0.0308506804044121	0.0303820204054915
0.548654341795656	0.75764036417283
-0.334212171425939	0.483829857362255
-0.43487841137094	0.597410560927979
0.0892736293924775	0.0788657269059511
0.314194021081706	0.350247450713895
-0.111723814771625	0.0853190052219484
-0.0544013615944722	0.0486599068493087
-0.443806876807153	0.604149762436771
-0.162936441449881	0.101945576951589
-0.181211183947824	0.228611212119433
0.604815671181622	0.724489819749986
-0.944795710923673	1.3712930666031
-0.600979361777114	0.799263769694713
-0.652776886219402	0.944071793722783
-0.634857455447783	0.57742500093848
-0.406106633744242	0.504139971128357
0.37013206034105	0.40645430287393
0.0101072365108279	0.00923263055957917
0.613477324071031	0.798785670412382
0.326697311812399	0.317262394020746
-0.479074709641872	0.729861229556197
-0.24198272806798	0.295740508720386
-0.666309054461566	1.07559108011195
0.24889305994307	0.281732536456689
-0.235106838173862	0.205790358857566
-0.795071948707709	0.816657104797448
-0.680440773499209	0.331699826392908
-0.788187529414463	0.807171974020157
0.596035020721739	0.634003425232278
-0.130216689061175	0.0973463312416407
0.0455714872225325	0.0419333601861988
-0.480411718767622	0.551669026604453
-0.31377321720211	0.268358934932808
-0.573711027169543	0.305187388034352
1.42204391977515	0.460518488476826
-0.681690410472446	0.330035128277411
-0.134962413354275	0.0871472118151049
-3.08716456321314	0.953073801543469
-3.09193101813948	0.961049195592252
-0.649523124662855	0.156260824569005
-0.59380426311287	0.228549535140423
-1.16590615448339	0.351201143085869
0.16558870151055	0.0320942613353925
-0.395701830802091	0.115534330411752
-0.773027557494941	0.61743376761754
-1.08796005889225	0.437490348287605
-0.46841372657181	0.199132057531372
-0.079738660967716	0.0876728301192685
-0.0869092253752952	0.108248812539778
-0.136072712645143	0.18145574430358
-0.123381361040833	0.168552009789778
-0.294866181136295	0.375574650895653
-0.507822462639085	0.679060320336821
-0.108763726099768	0.130745986137053
-0.238834066998457	0.306897536749399
-0.660938945170975	1.31940896673166
-0.0612633765981894	0.0713249956165036
-0.00781172824061147	0.00846431327175228
0.0869679241734344	0.102762779081102
-0.0139843298083284	0.0156794451134504
0.500720362863973	0.843063659837489
0.397964183209802	0.585129550561941
0.131642158066547	0.156436647169491
0.404467690617348	0.423428629596841
-2.57185252800851	0.693041972437165
0.665134789854883	1.08618198660011
-1.16052673694513	2.28864284165097
0.028558266579238	0.0193164796175559
-0.648509143901508	0.639044611798708
-0.778695007816779	0.736572575449464
-1.09383174356249	1.21143279890027
0.31575625208035	0.238221998989635
-0.511429088878621	0.579287960005352
-0.415695155539337	0.373743694942417
-0.135825785646642	0.101495194751637
-0.364901144019922	0.26875679852222
-0.123851253253148	0.0952975958894497
-0.492824023179483	0.624386023106743
-0.210438965870105	0.215498320866616
-0.181790201373377	0.190403747531822
0.0197603022087238	0.0183640581746058
-0.152700835323009	0.113352240369105
-0.354669616212928	0.322140982390162
-0.155003300473344	0.140799356168332
-0.00273345623702502	0.00249283842762665
-0.172246703304933	0.200581952442065
-0.95239617160345	2.10592338688661
-0.733731142691113	1.37814823261797
-0.471408186765388	0.710774193891455
0.0418742467689932	0.0415447107219924
0.0346495693175069	0.0356120783251819
0.109017074857102	0.109611230648307
-0.158392087943014	0.168924478484647
-0.0604961298193916	0.0601549059158168
-0.0427810340246099	0.0464854258928794
-1.52358432029738	3.2434960677539
-0.130518307674662	0.112608971153548
-0.168983160279879	0.16552778469272
-0.519222032074415	0.609799918824559
-0.620073271867315	1.06200591484869
-0.27721058354027	0.262972186418792
-0.196360539394568	0.177264748717136
-0.372378927407133	0.409744026903068
-0.65954529653799	0.861996998318191
-0.721045021240494	0.7444711320684
0.201674677592184	0.220214691379379
-0.0117077125994657	0.0109311728444478
-0.033004761411172	0.0336290902638487
0.135124080454404	0.128142041235135
-0.327567696589177	0.302792846987256
0.142068676934226	0.147729163824509
-0.643786648648292	1.13779436186257
-0.0340903649059949	0.0319131339681968
-0.630492466892916	0.980808769897486
-0.686803241521308	1.02351001744583
0.346009855853398	0.249885048570802
0.467835554520711	0.164483539903032
0.285214443090336	0.252462149734855
0.47167778735669	0.524066302915905
-0.0886989252373874	0.0836455519203443
-0.156531527417945	0.166563866034474
-0.125961468452681	0.10851886504342
0.207630108132141	0.160568499602271
-0.122703530125734	0.058930319355951
-0.390466134450405	0.114207620517753
-0.491000829944317	0.282256881760003
-0.523153205560433	0.411686219137349
-0.641610233177848	0.155404562226158
-0.639303808570113	0.155405266784039
-0.481701964854272	0.274861477645528
-0.487229865041157	0.278815122102818
-0.779928198015439	0.271100929587385
-1.78346459010975	0.415096457236971
-2.35401396605706	1.19312347160509
-0.260479599887309	0.404709944923983
-0.383550319027954	0.732439109617502
-0.234032396098955	0.3651269828412
-0.34802290420529	0.494953532371699
-0.398533515097213	0.568776195221034
-0.650611942959303	1.01024102618316
-0.490674790086042	0.569350134097477
-0.00523209947611836	0.00607405778341088
-0.143508377697818	0.181725035917808
-0.0937118579030645	0.120609154205675
0.143796884075678	0.175076290426708
0.235295357181902	0.354954911817152
0.0396347937986096	0.0422784190502897
0.0922020597405832	0.119241891664531
0.38873809484672	0.661007508457595
0.101938253980366	0.119691205004818
0.164377327143674	0.175065018059951
-0.265805918187952	0.24884992028293
1.97547028331465	0.493643388518992
-0.257189181989181	0.279299285443179
0.471068425445269	0.600247279436946
-0.315364095222964	0.339589366813581
-0.862957335994099	1.05239484703667
-0.792293164569944	0.965022567263833
-0.33125078600319	0.251854826427515
-0.860159965346999	1.15456043594552
0.377049280161588	0.428563200035519
-0.234825413490984	0.224481806474716
-0.275963389993766	0.261151820168244
-0.777967038425239	0.622563532887608
-0.417573716392785	0.404015814076632
0.630951520497308	1.13154589037934
-0.183344753362897	0.217699555486363
-0.449211460594315	0.600084869501202
0.191145223089578	0.18387688211817
-0.630311453077978	0.665404275539528
0.120126184596395	0.0957620283040279
-0.633287143810006	0.867996405125796
0.0212076412738185	0.021844972441823
0.148569772934291	0.190084569334735
-0.181522972750229	0.244871165179101
0.468334666888373	0.856014755138296
0.178437974588173	0.226369734054963
0.0176541914150167	0.0178045445768744
-0.486568498431894	0.880141450880848
0.0142457300261873	0.0148081552918246
0.767993033937249	1.07046896043579
-0.546651993576039	1.05258751206544
0.413999135348546	0.705206197140786
0.0291335678899499	0.0272029291478809
-0.0860850431172297	0.0672863903175221
-0.615699382225869	0.740783771142168
-0.705544856100224	0.922669653530787
-0.410652343658995	0.677665033573973
-0.263374611119084	0.414739357800225
1.148799506047	2.47858274246605
-0.27742709324091	0.330917658908541
-0.183490268130316	0.181277115269116
-0.336114191812133	0.396325724896461
-0.292723135030564	0.225454545492645
-0.32764750451971	0.408690862235689
0.110154595999917	0.113431471869436
0.265670445674507	0.391943883691231
-0.253391192916152	0.306728258916416
-0.0849392382030511	0.0666877058809428
0.334407740853377	0.510761177902714
-0.212307073977773	0.263298607015305
-0.311866129086468	0.395705563564205
-0.019958130034244	0.0189950806283005
-0.186087062754886	0.184163158548522
0.218787705866055	0.163178813209465
-0.684709585491117	0.335273641449452
0.733690521295305	0.815722682383326
0.990801638317649	1.90561012225233
0.0535881471046104	0.0477789845782591
-0.688682175258181	1.03134109040055
-0.933944618141555	1.46460494241596
-0.372345597232419	0.331665699672104
-0.880564329265317	0.757836929927571
-0.836297929353151	0.372203399815473
-0.3249683431261	0.166518951354365
-0.85318633011016	0.981426972705089
-0.452626606745928	0.396520204797101
-1.1663387915426	0.353796776180306
-0.292930567869432	0.095717767607908
-0.389457563445465	0.113252691370962
-0.398571601453082	0.114409273804131
-0.389961680664391	0.114106955582715
-0.281972984391248	0.092695894956706
-0.151650873286163	0.0662625816455283
-3.47202911181931	1.23103389985516
-2.85254686876056	1.92947502717727
-0.334933099928764	0.530483790400738
-0.463821538429588	0.829584511693307
-0.411099790124369	0.668306190251779
-0.155278803284352	0.173935310761942
-0.516816772336688	0.669551996203248
-0.273471516166987	0.382206440203295
0.493509001195769	0.904211000782494
-0.359648547090515	0.427901832662749
-0.174546440421099	0.231551093597518
0.0928062562826641	0.111252188396572
0.278263905094544	0.36283965549456
0.388027947621465	0.617535158877927
-0.204727295810934	0.268533022292707
0.00101988983734151	0.00114967602783267
-0.20791198770096	0.244219367735637
-0.101870021451436	0.118795386194672
-0.860796790354233	1.04133485069783
0.16558870151055	0.0320942613353925
-0.243839283798468	0.267739329105203
-0.918281675261212	1.4931210476047
-0.210004250977594	0.186861192486295
-0.188254150521888	0.166315559527421
0.063360214481296	0.0488190381535862
0.0159883880415078	0.0124326240812662
-0.281322407712194	0.242100749391324
-0.639329205158772	0.880293894357134
-1.14400186349884	1.63735174962416
-0.195963805561247	0.175248119709611
0.575371294001422	0.374543925861841
0.00613317022214662	0.00480479906150728
-0.628685219426916	0.936687399377426
-0.18449489652637	0.228347316215551
0.0135449897828045	0.0104697926293529
-0.991290171897655	1.48257365698398
-0.411330795120519	0.330969563507005
0.0504604979272113	0.0375086109758118
-0.0843128751276892	0.0674759463167816
-0.524961918556089	0.604766601059414
-0.528974462711497	0.77686537017006
-0.158394206882094	0.192150106482683
-0.361284907817746	0.535010378573436
-0.0436076667809803	0.0512153485168817
-0.0757088647313245	0.0804908552015546
0.497680292615891	0.949398320713897
0.078957915213414	0.0831563074191353
0.0536100803615108	0.0503894699933344
0.281755748974761	0.378558914878732
0.321082724909579	0.478196973020185
0.241995377617443	0.278057868694144
0.412411354480259	0.423959276287155
-0.080310986950614	0.0643359804347332
-0.354166717842703	0.373759836966766
-0.736133841453468	0.820404590519843
-0.0292930918301783	0.0210425528503891
-0.264696276195083	0.270557074845097
0.0326777137922379	0.0269771227049756
-0.497246252089935	0.429434938366862
-0.716020653194046	0.694664649975728
-0.102088801106716	0.104018176718649
-0.411131057046681	0.539840441106072
-0.190688507574445	0.249387127092572
-0.461794827736663	0.703647351419602
-0.14730247043275	0.13216151164711
0.405572790807581	0.507602729994002
-0.0521863193166791	0.0551250831052818
-0.0076228980813795	0.00720319107231846
-0.515060159213349	0.753586814119299
0.321037327915179	0.337546202728268
-0.965684145367378	1.27045603383635
-0.231591023628721	0.134158508531803
-0.148268194528189	0.10888919650696
0.349203877815437	0.413955398909931
0.194156134574244	0.219585759488779
-1.2094446528586	2.72103486756538
-0.787635127410494	0.746588040591746
-0.781175146625666	0.273344967541787
-0.0815898671721157	0.0966861020517923
-0.259654151728452	0.364325021416131
-0.19290385614836	0.260019489448044
-0.347493090421817	0.40673319523075
-0.0672444151163055	0.0758914800449911
-0.0872795673633041	0.114842739032454
-0.365674402507513	0.620610181971815
-0.112276446758667	0.141454741379362
-0.0325192230303335	0.0354192971821405
0.391871000650824	0.64762860683024
0.480163653190385	0.935786092470628
0.625516914941823	1.1336238362937
-0.206023273410145	0.305177846867217
0.0609154779974033	0.0660566184796476
0.0624257158881747	0.0580866894080784
2.76098037058925	0.812188394353738
0.206569815330796	0.243481492044176
0.0451453771449697	0.0392492178749177
-0.276535083669992	0.237308276883647
-0.376266540741598	0.416995630696938
-0.856608805383711	0.983141759252057
0.0251615495167588	0.0207630538520315
-0.0751111516532622	0.0671857802426658
-0.535992513569248	0.649099078455579
0.496646297542483	0.681829548184259
0.863656442449309	0.772785518849142
0.20196223488111	0.179018386347771
-0.322888769550415	0.464920408375003
0.247946468905892	0.286465102567685
-0.619201194131351	0.919874330704502
0.0926975786109267	0.0882789491547809
-0.72847022045714	0.762880618877149
-0.253906758798327	0.219637601581286
-0.198962018827254	0.220632037826622
0.157904994251187	0.165462863844908
0.229946034784805	0.300743583738133
-0.217203219374774	0.301005190292005
-0.316181304364562	0.52895083665028
-0.214874856649912	0.306903782709014
-0.113553099619918	0.137424300070473
-0.118190594988802	0.15322131583101
0.201309575240641	0.29251544860547
0.497666947543882	0.733767347872922
0.0260169378257358	0.0313989525759732
0.107242209957139	0.13479997258277
0.243817678550277	0.294814270450232
-0.295872704709752	0.299803093468964
-0.0993980783287875	0.093226474896676
-0.0238059414953014	0.0197549918200659
0.134587775956151	0.114824295966384
-0.173853928776264	0.199016133594936
-0.255564800026905	0.297811561286072
-0.319779405925526	0.473726092091042
0.192878947087643	0.222562727895287
-0.296747946508641	0.278031327833504
-0.192334374033801	0.228249379884184
-0.311493702273504	0.442232474324138
0.213742192046065	0.255286469262561
-0.665034301915475	1.12166368349171
-0.153060268394121	0.152316350356676
-0.129623499022462	0.108915356809098
-0.224252897124801	0.0824648870882623
-1.0270704800075	1.33048827289885
-0.754246223685283	1.19691511005745
-0.565071574239449	0.822322420822481
-0.351799028900466	0.369404435230255
-0.461662450469443	0.894806688012668
-0.158983560698078	0.201999500812855
-0.200847863583549	0.305945090584941
-0.319573191435692	0.440629829927131
-0.367138624910172	0.438063491664388
-0.19876974969466	0.178736957192723
-0.140870406512356	0.18673904023085
0.332191350180612	0.55704265896522
-0.269854533889671	0.422866328843418
0.116164427119876	0.13298025279647
-0.306694560468452	0.433679060290872
0.643687238938579	1.34899216071992
0.497120133186958	0.531304386488204
0.159126058171774	0.0311056421910278
0.28480448705868	0.364655978360687
-0.13330359501026	0.126302229709284
-0.322770803053885	0.345644557373243
-0.0822680022129623	0.0727164290988828
-0.141717484803062	0.120386333139382
0.488422343785411	0.681206781230577
-0.149662672516508	0.135841770310379
-0.0148676789105088	0.0109531042680342
0.0197262575207533	0.0158390718107301
-0.451349904748379	0.555619528311206
-0.209330717461856	0.186309810863293
-0.610079577585635	0.732821071642403
0.229185431074919	0.136659775673189
-0.204173920999092	0.194874670649087
-1.00311817921189	1.89057350275048
-0.0453125745360598	0.0452156079442119
0.478876877169428	0.670866626256226
-0.592478117910108	0.805161819610392
-0.713535211652346	0.689878945021273
0.0515874827412792	0.0450830135117801
0.152288125925781	0.154594183640889
-0.0571676773127622	0.0608801577117028
-0.164944598106781	0.219969227662545
-0.140564987210841	0.164924590065609
-0.137541685057585	0.172030933878132
-0.0623556507004077	0.0722819797793705
-0.674936191616682	1.48356223090198
-0.0445299137907821	0.05032596338826
0.275752891961771	0.364166092240099
-0.698402338620726	1.1223006586087
-0.170884668299598	0.230700213247282
0.269887541527674	0.405424635016922
-0.868323337675456	1.57051635714727
0.136799662093939	0.122124674625946
0.0277685889810104	0.0233189487690758
-0.441873459404175	0.487675420743382
-0.273675855377927	0.187210570199045
-1.21138785811941	2.04328833800807
-0.422997852586222	0.518810509906162
-0.125201153058537	0.127732671602764
0.504459232645678	0.667687015451976
-0.38254699352828	0.347780216335518
0.39976697666573	0.586076030146051
-0.299658718634688	0.322139165289706
-0.215737649241867	0.275622681016072
0.00520735957004097	0.00519998000345363
0.336829931594397	0.336733689464072
-0.0102753129774444	0.0106423823257109
-0.82399956793346	1.5712866778297
-0.296522328779875	0.427903895352218
-0.157469940077756	0.172888588735145
-0.171943936880509	0.170528493513389
-1.05743244027204	1.31278418826414
0.562256210771223	0.366495171205875
-0.228346055719517	0.216885330028184
-0.134968702273708	0.122920374674528
0.477403366955028	0.585096156244905
-0.308397939423519	0.203283024379767
-0.308633380393623	0.263306880255135
-0.460630894263764	0.863400731846799
-0.176906692367487	0.221054649520973
0.377985718202409	0.643725461264478
0.0883556424129826	0.0980056059692865
-0.293191437794476	0.317200967048974
-0.615318952687061	0.772416501942041
-0.16267132773652	0.205000604943507
-0.336962569448326	0.568998937251477
-0.281531960770094	0.391799692861696
0.350695706221381	0.58464344347364
0.53349522065269	1.06014393458632
-0.0236507560228617	0.0265386117359666
-0.248137164102923	0.332670768466634
0.56592349719654	1.06962910684323
0.139858628390223	0.132600093608444
0.364019064744309	0.522332201663315
-0.429300060025109	0.469165323451908
-0.412006765745098	0.365627897155879
0.150331183918949	0.14441381638486
0.861741552669876	1.05491190782548
-0.135850660836486	0.12708288495981
-0.496739355947888	0.639491008766808
-0.211245315251662	0.168260544626552
-0.350581617859451	0.320174663129103
0.197472862995856	0.173250217737938
-0.176477798514888	0.0714147254242409
-0.147425366552576	0.13655848962465
0.763646442962592	1.37030050956301
-0.919466353535693	1.8488197668842
0.0734163545246521	0.072706344525203
-0.637231562540029	0.741093445655503
0.711155574388975	0.615838759159826
0.958345353936996	1.14290377339283
-0.0609580315334567	0.0491305449951837
-0.0993077883754886	0.106332704964316
-0.193635060920269	0.25388181394016
0.114579950356589	0.143935111347933
-0.142859266041966	0.17775613137066
-0.0112004952314299	0.0116842694638538
-0.284914944247889	0.421389757945062
0.362514994424194	0.594087209198172
0.0529492602312587	0.0537468985616927
0.482224491141408	0.522890167088486
0.482241156088489	0.81460321141289
-0.567978806592594	1.25924302102263
-0.0466197425526444	0.0426313966080401
0.143131244892381	0.127542098985549
0.0149677200583889	0.0119824823051949
-0.112140571010559	0.104446103593306
0.125349400335986	0.1009261737394
-0.343721971350231	0.498225357731932
-0.283537647076684	0.433793057400954
-0.167650196703666	0.228598745393224
-0.866276891540807	1.40950558562433
0.429062989326479	0.59074988779101
0.771847549489496	1.00258104896852
-0.403175728987353	0.385526675360423
-0.0296510739670528	0.0300828810340752
-0.193154235982079	0.205286181733091
0.0100247129763716	0.0102837248223153
-0.0769427963104379	0.079892032289998
-0.0962991102535031	0.0819044875887775
0.13167215454576	0.162089763702304
0.24305896939149	0.293532356065448
-0.527202867974322	0.828159035375186
-0.0598157190247982	0.0532907620890928
0.652728930236585	1.2120663101589
-0.963423355779734	1.26643603249375
0.702841460366638	0.391326316131951
-0.319129553652382	0.295304094191974
-0.158483105817878	0.154551729498399
-0.191102182978387	0.156070395548866
-0.853700838740092	1.15174654174928
-0.52960892048217	0.70525030628443
0.00425768394732712	0.00316468280784137
-0.401925723651513	0.724547799896569
-0.320556389870473	0.537409015373422
-0.297253353014789	0.41285270671882
0.204852201499176	0.260372166976784
-0.115169797586111	0.0980557769725856
-0.299223350990851	0.279882754964056
-0.765248767923928	1.26486270952999
-0.265298734696782	0.417682175058992
-0.0407846699461224	0.0460759154665364
-0.0207015743871629	0.0249083764780135
0.0706983790742805	0.0775358437163628
0.268096972480899	0.401654683638197
0.137529289200124	0.162219077720587
0.562894851549235	0.982806613216182
-0.281378959792938	0.396938073580156
0.352518515899291	0.339460113278185
-2.57185252800851	0.693041972437165
0.4947645141046	0.684770255055448
-0.0871290184558768	0.0774698336812297
-0.487112816119369	0.463692827705029
-0.385374718991263	0.405521356701664
-0.915356546114366	1.10681400662885
-1.59246387083447	2.48980486320763
-0.793674909233348	0.913231389777482
-0.0166027335231211	0.0123851549657683
0.61739391895516	0.278389945638731
0.598744872928512	0.727587588989664
0.494800023447186	0.673334893587273
-0.352051830572242	0.486322184574908
-0.133673095525854	0.123918737080512
-0.0426932842123375	0.0352338049233056
0.662955343318088	0.760455910880246
-0.745633021075999	0.921759400506738
0.0763293635764818	0.0637271723369819
0.0188477955732587	0.0175287073699591
-0.107805320119653	0.117736318803945
-0.169975230817544	0.210783258438092
-0.300008810189887	0.463613582474034
0.230026032695052	0.325450059242901
0.348501235303481	0.59439685310278
0.568143825658846	1.0229087670716
0.284657124283505	0.401706607518046
0.154461629458438	0.148102495115158
-0.28450875436291	0.461414576039459
-0.514767077988792	1.00179276742247
-0.551276699333335	0.73557977953956
-0.566112546776484	0.600587751482714
-0.560420725766935	0.642222035577855
0.170092653024733	0.177847190378874
-0.345879120474278	0.339060619494094
-1.34987571213128	1.45777473165654
-0.544055808195918	0.94787292724569
-0.152968818168538	0.141748109195436
-0.16400429700298	0.181197795573594
0.390227114374156	0.414129855667417
0.116505554447068	0.0878612768680047
-0.858710057410214	1.55098735939932
0.292496481791876	0.347848339183157
-0.326676674187386	0.527629102639616
0.506389998549136	0.669489634762934
0.332799885089395	0.326414410976344
-0.51938330740609	0.953806263711798
0.297425588513782	0.451049581982813
-0.321237810210885	0.403237507317582
-0.55648612829741	0.873269862280331
-0.177140616950487	0.196387826275608
-0.674026009739006	0.708978001098169
-1.40679548439673	0.891014073465948
-0.30136666822039	0.366127580870102
-0.92702023841129	1.51067632451307
-0.279764373000859	0.304199096605954
-0.364195147775787	0.383142058631598
-0.758214042880352	1.19787368251855
-0.342668025423222	0.288264922717984
-0.25347041770976	0.241780739437518
-0.0751199568142732	0.0598265183206782
-0.475038121997743	0.483825981930624
0.0179863310882297	0.0117363705997931
-0.210731915187966	0.170265105983362
-0.37796203511982	0.602430873255901
-0.575105999829489	0.976503280689045
-0.890937224008451	1.35954319318781
0.112033766561926	0.148564763416007
-0.0245049276149076	0.0282903983984324
-0.260618448803599	0.38207570749872
0.403928711666196	0.716122418816062
0.557460941916946	1.06308888323332
-0.302554448602763	0.304031940488415
1.9760405399428	0.493213117693187
0.233315267556852	0.297944965047257
0.251497958526285	0.258737976181003
0.210521414724637	0.163515717933162
-0.183693178117053	0.150757460015216
-0.470054761212273	0.479367590143892
0.289900571179292	0.26194357758801
-0.289594444859885	0.293282698005751
-0.0368966830022642	0.026742315556293
-0.0194465924524868	0.014525290662234
-0.554433273785285	0.632116929770442
-0.11879667176463	0.103702798136395
-0.158815374795508	0.0987703624114866
0.492216579440291	0.60949476586224
-0.0548818945451133	0.0547629811576659
0.647171156259558	1.19394302434521
-0.387402504340719	0.455946939454182
-1.2165574128967	1.91829946167595
-1.05492720283833	1.02502546790812
0.311844476084214	0.252187130212925
0.162152576676288	0.158153340273772
-0.406134083201284	0.603149502294059
-0.0977152397403779	0.111590438818612
0.41091682069833	0.663183256844905
-0.179123989924636	0.243499059058068
-0.312601541249134	0.482918102882149
0.0764513602083729	0.0920437952701392
-0.371544864225487	0.574050077732504
-0.71214290398299	1.50647730691156
-0.793102712353941	1.25390315743801
-0.0433606649431656	0.0486980612658397
-0.340535676840253	0.527568967685265
-0.398968862315698	0.493743464704579
0.646152807594908	0.926457196254446
-0.64911475477395	0.927854537759061
-0.0671346180557351	0.0671616375921051
0.388807293479345	0.340424466905369
0.650220401656771	0.498914905676685
-0.744776221281014	0.96282907624864
-0.467259843171494	0.601538390124634
-0.492029387264831	0.74648241881335
0.00100169909009245	0.00102510279104192
-0.248794743915209	0.350022408399524
-0.0149523776940012	0.0126241458368414
-0.0212942952558612	0.0178369642597308
0.197063234486398	0.194341780099581
0.612193461143145	0.948572996040082
0.121412618767037	0.0913219822220406
0.0105879842769461	0.00917035748142454
0.146654552916256	0.150510706559516
-0.224561634573538	0.292408215159352
-0.324508545897459	0.419213460428258
-0.233402779515488	0.205910961175099
-0.17597418405909	0.211142932057946
-0.377589570188003	0.566326189428175
0.111290689477743	0.135544238970652
-0.332160292424807	0.455790425927647
-0.397650646251868	0.487852056355435
-0.581608175452185	0.62496158973112
-0.387753584852	0.179165158781588
-0.472025605681625	0.51968026694008
-0.625332777216238	0.940447742461107
-0.620139629956984	0.917277358608232
-0.240380417378662	0.230815260536802
-0.264468574914292	0.180189171359878
0.0274691309790892	0.0186232020862735
-1.09263435437426	0.986745139469282
0.712865987600926	0.880242788861218
-0.261308694362208	0.228103644626681
0.20762452253938	0.179389145913937
-0.00528191641748321	0.00389128470897456
-0.0205229196835751	0.0151513190967913
-0.0252835609130658	0.0148792586958495
-0.393013189169791	0.604778697627316
-0.0495213016704442	0.0570604994210716
-0.418302728558403	0.680150034101192
0.0914950828679754	0.109555044853062
-0.209489678828941	0.287707861900492
0.0753879501561773	0.061611551547265
-0.154120891243222	0.162640345195502
-0.184306019819313	0.177506064576063
-0.291599565399623	0.221942626708622
0.768310959553362	0.914201999687869
-0.329232636573032	0.348848615407881
-0.793789550606924	1.11247043036529
-0.337235382852039	0.282463678939744
-0.0789954989226136	0.0630308880568772
-0.188265162711225	0.153800343882879
-0.140017410351503	0.119262086773934
-0.73422118092693	0.815917101953924
0.38228719007237	0.23772305987248
-0.00669428360245396	0.00503013756632244
-0.229009518828884	0.253237273706568
-0.115932797696919	0.119288053967677
-0.295994842349694	0.317367105956824
-0.518697522403332	0.595932298294625
0.015609743219412	0.0101781657128492
0.514592551581751	0.534265133329117
0.624432198362134	0.746829286542542
0.448878309748865	0.591267163020405
-0.736060474774652	1.34478617958287
0.318374249009765	0.472538203384577
-0.310053358733894	0.486438103345252
0.0550606011194237	0.0527991241486836
-0.215375825734411	0.31866997792856
-0.290424752136792	0.403990233104061
-0.329125820249574	0.349173644163659
-0.144521148570571	0.133474112479751
-0.482280373388991	0.764148135177539
0.424835944675705	0.708641133062948
0.276773184076943	0.354174672538401
0.518273633165692	0.52959322862611
0.202363702685213	0.210070485260514
0.31640891909059	0.375682873525083
-0.085161578482979	0.0570876147279647
0.0960546285777178	0.0574921422937527
-0.442018821436455	0.453306147391763
-0.664699248387075	0.901163317138016
-0.0287469103420503	0.0264044204658156
0.0109773779619616	0.0108270530202632
0.224434463812692	0.317964163563863
-0.1143725177741	0.135847914680852
-0.513049215679243	0.918611344142207
0.420263174993438	0.48524835470541
0.0287192690188019	0.0267988549837636
-0.68288332289304	1.0112417372253
-0.906974043397351	1.15372607146072
1.04624806801287	1.48736687136639
-0.753989535292283	1.14201604288323
-0.410848584850902	0.454139469650659
-0.312051100265294	0.407995896028298
0.38971271038545	0.558901887899206
0.13414305556039	0.116500478147897
-0.293057166820904	0.435870469274351
0.484147164901024	0.833950729327674
0.173110413165621	0.205957046264951
-0.286193824870421	0.402019534796719
-1.0602791310814	2.19655458097063
-1.25064887850202	1.68446245915128
1.2660640649717	0.538984141591235
0.118498522655357	0.0871626705227613
0.437943991759377	0.51250128827149
-0.746957957929264	1.33132551606505
-0.591443723720598	0.856029997471695
-0.710946792283991	0.990921127339795
-1.09021631937969	0.984966832415068
-0.668936660606018	0.494145459072597
-0.22164739331868	0.179251842231014
-0.423133873475703	0.346080164611689
-1.18164678018564	1.12291318658528
-0.0566608156784561	0.039537590337299
-0.966578933567617	1.27196860267679
0.374872241987081	0.335719863370967
0.556791424185922	0.559580330244852
0.904294752073133	1.09833787570507
-0.715121827299341	1.30662926885881
-0.188969752253709	0.288835762003184
-0.0463297113172012	0.0526686061987173
-0.389459520085311	0.668248879662035
-0.265253164321676	0.369626736648096
-0.521318755202222	0.789856324201791
-0.405701436488634	0.50309830201537
-0.0499344999068685	0.0563032174832192
0.123837219018068	0.141955024017408
0.0304719783961662	0.0357470795813844
-0.0674311292783695	0.0751565446480512
0.308857644467458	0.453955079580236
-0.0185836115796363	0.0187678160271834
0.384951726170322	0.34305511381853
1.97790917110466	0.492162248022775
-0.0501353000537867	0.0454074008299516
-0.183067570183691	0.193024813692013
-0.262014999913497	0.177652544812954
0.211050714321084	0.158360961663592
-0.600593511241201	0.59512552377697
-0.138854146971263	0.103570354308509
-0.440356968897765	0.41609668809201
-0.954259888291184	0.950601621737326
-0.670055545685568	0.494132420935883
-0.0432334177439741	0.0309110891165077
-0.157060719475669	0.11598350917536
-0.162571498909734	0.101086280157821
-0.17050907638307	0.156524568749189
-0.102904520148638	0.0886928679263948
0.564956717324469	0.89832657109797
-0.355217855051398	0.325295272563509
-0.570415190039799	0.688589505353216
-0.314366743348142	0.265847893802973
0.267058221779649	0.245515765530548
-0.172304277217086	0.154905808824275
0.331798818437353	0.414994527498518
-0.18518455930743	0.207982447967377
-0.20659752680807	0.291059976656283
-0.0441585520240824	0.0480972680604388
0.322327341025814	0.510722121785846
-0.675897085046168	1.4221298583763
0.419217179267277	0.692120453088274
-0.117617812181055	0.146965472876828
-0.891420198393391	1.24403173850205
0.204392683368088	0.276382207002191
-0.903037792525982	2.0360248582886
0.0559309340303259	0.0533585814903485
0.803746255414088	1.19274947029651
-0.634504675273264	0.869485073999481
0.0397718855745431	0.0344519188824402
-0.213113609090422	0.189991617947553
-0.874618896880094	0.662449637798978
-0.843898604110164	1.07695394687582
-0.187774119570445	0.207823431731265
-1.13158658672058	0.911110348361398
0.276602064948433	0.263229734551656
-0.0206659619066444	0.0191062635788712
-0.119450585952277	0.145720609742755
0.469000367902132	0.753082887854276
0.0261389044925524	0.0295193832035536
-0.277145662706043	0.370301974647564
-0.217754793360584	0.193263076283555
0.133527625130494	0.125785487478278
0.0968316593794042	0.0926726056299521
0.206498702278584	0.195033994477526
1.00905277887404	1.16011562011045
-0.223740919169307	0.241881289056806
0.0208443541899897	0.0185163097153694
-0.324815218933113	0.476370721500733
-0.558206841306815	0.737411543595672
-0.38193562722166	0.343131723690942
0.0287263686864955	0.0273587501443253
0.0641162834532474	0.0705055361331044
0.335291025829281	0.417072589682521
-0.262282969310493	0.334935102122851
-0.262731918562716	0.267109223096905
-0.580260449793723	0.221063984213989
-0.853747687142987	1.04501422800323
-0.311681947586317	0.333097786136707
-0.225671435705831	0.249190620095358
0.0655036644800403	0.069121308348047
-0.236494080047157	0.188071952455306
-0.549618669731173	0.693041751055129
-0.35174145499692	0.323631754209664
-0.361532565029361	0.356441955362485
-0.154452910960562	0.153122833313402
-0.149932691839454	0.162557802158827
-0.32864843474061	0.247369684960028
-1.01368614972408	0.74501518507443
-0.329728358900415	0.168175647685744
0.641067145464303	0.490197500104348
-0.333111470938952	0.253174210460808
-0.579635639108127	0.538990167296476
-0.472162384138979	0.37635865593947
-0.173781487505726	0.157722874186271
0.0011020725113339	0.00114508256452484
0.4781930381891	0.531662115611065
-0.553429871938642	0.375292662496304
0.126195812985249	0.101609315099499
0.170691644359849	0.204755591766689
-0.0512484331275923	0.0640123788442464
-0.332302076834584	0.586508618345574
-0.200618224675318	0.313336875890481
-0.585061312859306	1.1955359904476
-0.129924370837192	0.178811315926936
-0.349145017490205	0.580197769951316
-0.155014458581472	0.181686402259888
-0.157636832996432	0.188560531104038
-0.230621767832211	0.32675968686647
-0.0359411470810367	0.0380910776909957
0.223539263433852	0.330870687687269
0.108983458205392	0.126190452567833
0.671361636666798	1.31059045393207
-0.237893583707269	0.344214758727544
-0.183326472706983	0.240496192158818
-0.415057369900743	0.43270732868656
0.137134990538943	0.033631618011293
-0.109290368307695	0.113768470800802
-0.796860608748229	0.980367024811646
-0.471902668167417	0.374416387269864
-0.798081992799291	1.08074309757351
-0.681721015410054	0.762861503790549
-0.526378607966768	0.494974791363844
-0.483293036034097	0.495392444316073
-0.0414893679627263	0.0334170243635596
-0.569579335682613	0.302414062863671
0.44407796171377	0.436539936939479
0.160797439947197	0.16816790465391
0.0533601501218829	0.0567258697026811
-0.584019605094113	0.739382542440239
0.393304487374447	0.428488621524911
-0.59407038972473	0.587823486059129
-0.516279668459958	0.591468453984246
-0.338239731196229	0.336082120323602
0.0638965240411627	0.0673465792676447
0.264441981785207	0.365486406270084
-0.55480427498798	0.772136229837998
-0.50994286555946	0.942201901365728
0.214914940498282	0.281407396704665
-0.624387122772123	1.06620163412284
-0.164944561879062	0.229620265249076
-0.114041087644889	0.133082716080316
-0.30368825116491	0.304709332769789
-0.300207921184246	0.391594118615914
-0.155891466173598	0.187173323791066
0.202524314863648	0.218503253722413
0.0716093177172884	0.0585460086850445
0.503954243132075	0.610465079272567
0.588578324826318	0.792270441363375
0.366239110960005	0.336240980900618
-1.13592867109547	1.18790976595375
-1.11944447301507	1.47484443128884
-0.101340474950484	0.110074438398757
-1.6444713586528	1.56759394729293
-0.205679417138347	0.215746799783958
-0.617957563940621	0.767398803205606
-0.21210048289673	0.24966621386022
0.272871146464547	0.357998113523659
0.491707108159701	0.739089748671074
-0.0845884203306862	0.109464800165256
-0.311189240713225	0.264304817102833
-0.302405676526822	0.345294950561441
-0.600293683575276	0.936831188813294
0.0362459009097237	0.0316802218488425
-0.0466776108577573	0.0334213208229222
0.0851891859855856	0.0880127145658547
-0.881930102427111	1.60298742824057
0.244414866638692	0.306319451989341
0.196755578118526	0.206605693325358
-0.289357217005633	0.223271105841807
-0.247957477529605	0.301730856216627
-0.548461872060347	0.867154489597693
0.451294278010356	0.786766767380407
-0.350764042091538	0.484275320398126
-1.07661648994763	1.72529414081461
-0.209319396963596	0.169255705454648
-0.336587052364748	0.334099533254855
-0.188962885007311	0.207752286708361
-0.0068542445450898	0.00590106782525676
-0.253096116622216	0.324291301898941
-0.719372624352357	0.702770500878823
-0.854985161137519	0.924238582362869
-0.727108552043284	0.757292881512079
0.080972130465762	0.0674147042667232
0.332897526546093	0.336658482753423
-0.206374602812781	0.217182464598601
-0.00110789652620904	0.000847214046931197
-0.673191548243478	0.921835575537294
0.64859871147947	0.819193464703896
0.0829336856155202	0.0741218784047263
-0.675169392349989	1.22659818062625
-0.0689832457418231	0.0472871724491132
0.0945719348869545	0.0567774621553309
-0.651483550232509	0.634374300185719
-0.619648040674083	0.513203015282248
-0.174904805524683	0.069805890796068
0.254203699836253	0.132323557047423
-0.380787497541452	0.279615282253411
-0.265308613930211	0.208220955229721
-0.390441693993651	0.182866487571437
-0.839931367129846	0.374943853029174
0.125300192156614	0.0999150949105997
-1.01743886401698	1.62900837878105
-0.0832740087403323	0.0746803777864619
0.392784073840056	0.437492067942974
-0.377647860683945	0.340862551407449
0.619208571892774	0.654615621312929
-0.00479340140572316	0.00414025924643011
-0.0207563143347816	0.0250279388584538
-0.219472858631519	0.343024154511742
-0.129892841510362	0.139133739951721
-0.137053938095898	0.175436781049174
-0.999178317858346	2.5977136633653
0.036976402984975	0.0401317296656945
-0.26828382423142	0.376331665906505
-0.176153812705095	0.175506533102911
-0.332242345387265	0.428540330144215
-0.11236228772083	0.148269013417951
-0.0427155354211865	0.0543562230442264
0.0718015490670745	0.0862862117477506
0.0337052933081311	0.0386978054291767
0.109232857045399	0.133528509682084
0.0861363418193719	0.102783429429542
-0.155629411373762	0.177227741058305
-0.597181311555162	0.711033010657837
1.97547028331465	0.493643388518992
0.583463252366473	0.880017851334215
-0.464446708105115	0.628023679651776
-0.942861966045259	1.00735989784554
-0.54620447851472	0.619353521014019
-0.471004619511754	0.517554403888072
-0.677709905400539	0.756612866946712
-0.363237080724536	0.454813141896015
-0.526448758455266	0.789265304238005
-0.624114336100213	0.936485132463015
-0.556809281212384	0.699195981743362
-0.661335785683558	0.691328708581996
-0.334200779494584	0.251675584623966
-0.117680841223887	0.110435481670594
-0.155654111235852	0.173391017540084
-0.00765387761483538	0.00833357655390625
-0.23722895158719	0.325847571039991
0.0112843825692419	0.0125521628774875
-0.380264929832769	0.565590899674296
-0.158615906754425	0.248434554851021
-0.00478422978417815	0.00553194656153186
-0.433381300641795	0.668732630168553
0.205654600877433	0.19187784184254
-0.0452460882164265	0.0507452726098344
-0.0180791527733914	0.019538268999699
-0.639969373584319	1.14175371530079
0.944660480474894	1.65324066680257
-0.457436403885867	0.565035356965417
0.243493973418058	0.28536662846898
0.271954818720635	0.251900413989672
-0.0111961232918578	0.00673658354283966
-0.175446743193795	0.159709664068978
-0.239824615202193	0.308242648602142
-0.342626252748011	0.437029617556714
-0.218072755961639	0.228340851972399
-0.441956478021301	0.596681023516595
-0.578176821514925	0.897201025090913
-0.30646327553927	0.441057189886912
-0.658508277875093	1.20319616598439
-0.553316218520236	1.14998864007978
-0.195242383923753	0.159737537021089
-0.278320536005668	0.301356101083056
-0.0041397148497632	0.00309591872149328
-0.187076414838511	0.183251247604637
-0.420872044218583	0.34036400891249
-0.157191664954722	0.169434922522719
0.0422316496315575	0.0447565972340715
-0.122817656621504	0.134037998522983
-0.223715352154754	0.245861931430706
0.335236391627281	0.330086549476427
0.348420969790779	0.516390293643172
-0.143928701013796	0.152951812709307
-0.705108087103437	1.38672115070421
-0.40269280558124	0.498968001109687
-0.485371964700377	0.495823433154711
-0.376622851045936	0.437912884311331
-0.463356959255193	0.59534472414338
-0.575999331624768	0.970807805078115
-0.389705589560891	0.459949344307313
-0.205293652438814	0.164208378858746
-0.459270039165796	0.400716487962596
0.637720321366025	0.825972085491267
-0.0475143516632662	0.039201196784301
0.289390029918735	0.248785735957683
0.365278933024898	0.422653723257436
-0.65827430320104	0.784162855043141
0.064580912770462	0.0534728035327999
0.305869006778852	0.353803323685779
0.326898115402273	0.325059688813326
-0.442214800758957	0.567354236860988
0.0261615320442421	0.0253184878911072
-0.451947248306666	0.399829531473183
0.397852759013662	0.335499785909441
1.31155054909132	0.930794713260409
0.0716354014634391	0.0324397176083515
-0.767788074095027	0.607605816295677
-1.34209419524003	1.24288193738777
-0.270592498555595	0.185364201280108
-0.385688680360117	0.180627142774093
-1.16610275079213	0.35308024748219
0.211301357654102	0.17342289241885
-0.0169098666614933	0.0126351200457122
0.00540822924802847	0.00423869250306252
-0.0663437335616927	0.0524040593073375
-0.713218414762416	0.683602393335782
1.30283937552422	1.74346438182641
-0.68440255214406	1.0133928715867
0.0101108537891422	0.0118470983605208
0.0887918593107035	0.106956750071305
-0.259336018429935	0.332889217640138
0.0723291078501663	0.0833448323536767
-0.165069988987345	0.189747431499795
-0.0993250632718545	0.1091232571066
-0.705353182702175	0.920850954470417
-0.217602687802605	0.253277139210921
-0.0669755509774004	0.0767929464205451
0.134450668693183	0.156932498405522
-0.218358395753072	0.2722226919458
-0.113745889015573	0.106635949378339
-1.78355593853231	0.415040398756502
0.196407256068776	0.185854151889168
-0.180686635347384	0.177659550305899
0.574582609719378	0.476852117415456
-0.938474391034416	1.36384337362239
-0.345771486609185	0.315768681393539
-0.281023267370945	0.322303320784903
-0.114786679155339	0.105813849941062
0.324950920197625	0.325463033524125
-1.06728816075251	1.25174181558043
0.224736551969006	0.14102157662596
-0.0208559329448986	0.0150929585736775
-0.291240224134078	0.295871940189866
0.0271117974688559	0.0232973178675357
0.166913962825842	0.209716944291541
-0.0941666294666085	0.11585396064639
0.820584413823093	1.75458516582369
-0.450688235209131	0.635117871361128
-0.282026337529983	0.338271370512588
0.0144686246769263	0.0162128747607951
-0.0398144135210132	0.0416886179628014
0.261860517374556	0.25071113180068
-0.0475058496760515	0.0473657648603196
0.364562494649793	0.582486286641851
0.206493448876348	0.208147818968959
-0.146992786027285	0.110971229196114
0.302114586857963	0.332509981586043
0.215188523860967	0.229116358862265
-0.481232756163907	0.456357052677372
-0.202447161246569	0.144405238556804
0.204917415285362	0.19026246332573
-0.645936430452449	1.07293803385937
-0.367698011780824	0.607593671580335
-0.561545367708918	0.713455959781163
-0.799979528670492	0.930350139757122
-0.69946969634611	0.628166667009811
-0.619171812257452	0.658881900536133
-0.366562371513341	0.504532892064055
-0.527656809441373	0.804831520705473
-0.208090815037127	0.181195621566569
0.0253028279800113	0.0213464362756415
-0.0287268432342609	0.0263678813297493
-0.179619563860318	0.163886984060677
-0.170938631688371	0.142286533040463
0.516070954530993	0.705476920264787
-0.255273757613896	0.278530653907598
-0.0757841431480035	0.0735556995718999
0.0128438884678685	0.0113803515976665
0.200746539894205	0.154388819368988
-0.0896432298200949	0.0928410434825226
0.238553597976121	0.300508997242832
-0.908460127316591	1.83158049549137
-0.582937444520299	0.704778811765046
-0.0240232125987128	0.0223308253799103
-0.329504183578736	0.397695025905509
-0.487285361665781	0.338840624218487
-0.069726606083047	0.047772609741777
-0.445328481827433	0.46277344419809
-0.655392428294132	0.815773113120093
0.372565852780427	0.344599390597305
-0.381618120752857	0.316090507569951
-0.419461290454197	0.377049740944429
0.00194467870447092	0.00145904514301878
-0.251451436626129	0.258832084876376
0.734894064052303	1.13278780476096
-0.552510833862298	0.62451710246933
-0.208456006030332	0.205048156972796
-0.112462538372199	0.0967550835271716
0.215410807439692	0.148867115365738
0.0864551406504936	0.0517927343471435
-0.137882679201492	0.0884893067967823
-0.874301406578154	0.478977275367572
-0.112032844462903	0.0543261375053288
-0.173936514348121	0.0707520766428087
-0.581244206964258	0.535736073387099
-0.517043595601056	0.594725990018322
-0.513967778477292	0.523051640479998
-0.175399921479901	0.194174137774781
0.130726151490688	0.173139352255749
-0.403423659462574	0.71814635349702
-0.203454341162868	0.307749579327138
0.147082413332209	0.189042786404644
-0.375303136656704	0.668143814203908
-0.0996689013689067	0.12316285334481
-0.673668366166479	0.960043095070091
-0.0788944247045008	0.0688312530437564
0.0329590589519336	0.0358718626441496
0.118330122232651	0.152335594598958
0.0553446068137426	0.0639727931204799
-0.00313059180906868	0.00345801503964028
-0.162832937317247	0.205819511401551
-0.0987077140396849	0.108305993517024
-0.220104916627002	0.197312074652826
-1.78355593853231	0.415040398756502
-0.0366751731028045	0.0343285294602391
-0.424083189919092	0.579406556585664
-1.01291171350959	1.14511977569776
-0.0446127444462891	0.0401006876818183
-1.59376417563991	1.7322756031475
0.323986729351835	0.333628558152692
0.250782827982217	0.280489694438481
-0.480976281407472	0.734556987243869
-0.273042185185143	0.316104889708953
0.253800162462967	0.255077340914481
0.0764759393111864	0.0635538395344054
-0.000552657261109058	0.000274475325443326
-0.0512905796546388	0.0491275595658137
0.211115983666602	0.265659359400332
0.527709713103642	0.852439416283893
0.260305745516338	0.410488585208763
-0.17708082633382	0.226718499922826
0.357128115124701	0.574575286673152
-0.00285034794889212	0.00313987526831522
0.281968986624484	0.452575978184615
0.152922847407976	0.19736044266623
-0.658190174284181	0.987270186935512
-0.314275627547841	0.483737458858586
-0.12551450751935	0.161069629069684
-0.410539191659475	0.559972699172666
-0.192056640831546	0.190587164631451
-0.200837328343168	0.204939050317583
0.0950866547827153	0.0910290747993419
-0.243676386490198	0.215599318964822
0.573049628040565	0.560856428039272
-0.286101276613995	0.289835480426024
-0.0730555521158192	0.0800265360600842
-0.286311869137467	0.412677987661767
-0.328711157876331	0.495874392661351
-1.00459288837821	1.45132084515122
-0.628835664427389	0.40267818304254
-0.362129853708331	0.380351133343227
-0.154997039181341	0.196180744329358
0.681127276112396	0.855368105799332
-0.0187381511909273	0.015771019034373
0.151954774496307	0.15773442955308
-0.202780119271993	0.182462301201053
-0.249054930377971	0.236365931287704
0.0869335272085312	0.0749924313876705
0.284450714399674	0.346312154730872
-0.171028756929728	0.222590353373813
0.0115910404048523	0.0113172618134867
-0.305849498150481	0.260067777391493
-0.0529909188697855	0.0557540539570468
-0.236038378496793	0.301354252435097
-1.30182303689849	3.13819527724737
-0.571346599901054	0.525841776007086
-0.916736084621929	1.02126784695016
-0.0534816147289232	0.0438578092534772
0.5270190324674	0.768463453679943
-0.438727336401027	0.65044280685727
-0.56211678104487	0.640895311871992
-0.412441426878287	0.457999845013977
-0.648125800908064	0.798765502340022
-0.186301330623908	0.196695261860712
0.200345154564966	0.182322804686442
0.132573237706581	0.112703834582943
0.027436552921067	0.0265018549140753
0.25890287162192	0.254477971484785
-0.0640060634574995	0.0564654349899511
0.0958555815861779	0.0866330749908408
-1.4806810390529	1.92211835884282
0.0519865361922696	0.0398888620239219
-0.46885558892736	0.374108384615194
-0.489998871305748	0.46358124148115
-0.0186070624102307	0.0109559582743037
0.252205054350125	0.130266527574203
-0.0314476952912318	0.022777401543682
-0.253688138529414	0.295447505388396
-0.225136050912004	0.362369531420092
-0.519263046184455	0.973188017685421
0.112203567087126	0.148119238546724
0.142834966513465	0.164522712326656
-0.48414968909823	0.859446245190347
-0.37014270268407	0.499334153725656
-0.353923438385027	0.416816893903935
-0.188630750494075	0.16903043430148
-0.278401205130511	0.280609056476276
-0.0123263986297008	0.0132228658304405
-0.0713311469758292	0.0706641682874307
0.0977153038157787	0.113847853485189
-0.208564021942022	0.24789830724462
-0.568781820171088	0.887426465973709
-0.566612811908445	0.571964235762062
-1.78355593853231	0.415040398756502
0.124461779299469	0.128307669282845
0.0469155380057843	0.0349860947981474
-0.355328563776204	0.350741542343515
-0.302258418563436	0.301241258837275
-0.536234576785312	0.505073440887797
-0.879654303858081	0.588882626722746
-0.846998030361703	1.33677602006843
-0.429118012665039	0.614099412682992
-0.283165760050924	0.346694273944006
0.381084244418191	0.425995325709546
-0.328382397858189	0.375650800362105
-0.0148242536692958	0.00891488296532905
0.0354107848131691	0.024660300605457
0.423048470420186	0.516359393913194
-0.128456796440306	0.131423419705383
0.18475712000307	0.224715579379177
-0.858937224740456	1.93665610322858
-0.0464628921956153	0.0464599541630883
-0.12342398654653	0.14918096668367
-0.0327127348495742	0.0392026348449529
0.121780804652716	0.160605697951316
-0.216871749105713	0.268972727038156
0.723183803241823	0.971431986234971
-0.257119251231747	0.35931168362542
-0.339074340424613	0.545978028858241
0.784300355563354	1.23926556798587
-0.642808564888151	0.726295228635823
-0.358773607750735	0.379706047883172
-0.414292822490114	0.489607989850545
-0.553915702680512	0.559139569587704
-0.683021658269468	0.556255598631155
-0.875892442040874	1.37868687380402
-0.255118301003058	0.315440700859606
-0.238422917877004	0.320488933759465
-0.177612283909221	0.211409847222788
-0.386051976284514	0.481666003821095
-1.20578602675248	2.13922303061318
-0.286302302670953	0.345574431479586
-0.962575523274145	1.83011395147659
-0.282424246142936	0.241676830843225
0.368723752937262	0.340351093160152
0.436174460837167	0.580368801035255
0.102307780475001	0.0964640431850531
0.118448465735023	0.129197469060681
0.380812310355062	0.485116902572936
0.866791133469975	1.3268482970991
-0.703720716494061	1.17087454358291
0.48734589538862	0.667737532209322
-0.446766261853251	0.634600879975319
-0.386552692956367	0.433845491419276
-0.182724659571452	0.148801571116608
-0.568732722299695	0.298616491171185
-0.4173951136073	0.375169438782777
-0.197591813853755	0.244583171803508
-0.313219674340033	0.354658508443933
-0.231496380232991	0.270958261156226
-0.117202449874843	0.100416270769112
-0.172253654920154	0.0687114617232877
-0.217697726431449	0.211529139882804
-0.280583905226894	0.282454788131722
-0.141589944455172	0.116607227320337
0.0064280981644091	0.00556979313683235
-0.568028613319431	0.682004227849864
0.530848707369464	0.540498530270173
-0.11083487471131	0.0720782691615285
0.443949325082058	0.354434910064634
-0.316327860382679	0.209836028711305
-0.870248134846763	0.480818781781257
0.0607373367080858	0.0273799706407787
-1.54340888606771	1.37498869588125
-0.000451791873665354	0.000514952258601102
-0.142002044342005	0.205399062487882
0.158393899473965	0.206012620754378
-0.416846464025511	0.689848785554124
-0.0129736023515742	0.0159067307523961
0.136645122763096	0.163003859003203
-0.415099640562253	0.661559779312098
-0.0320386747282344	0.0382983327164553
-0.238982123368545	0.335351068190889
-0.28718465875532	0.352521556639959
-0.306869971849596	0.408650870868511
-0.50985500833673	0.776697352233299
-0.254131079788453	0.328578926433168
-0.9057434792278	1.64637622049999
-0.310948737418475	0.391906542850748
-0.00208267502603412	0.00182789677047843
-0.0872732110118258	0.0838194564109503
0.19876405904202	0.180621153698624
0.0882108432879893	0.0742596270290542
-0.2605672959027	0.249864258900294
-0.747410361561425	0.927334506558603
-0.948110432803816	0.953333101015157
-1.30271025996291	2.61110567882319
-0.744185383304501	0.854576974914453
0.696794755044092	0.78759735210919
-0.567580851320114	0.674819700161121
-0.0869650417156381	0.0682425317648476
0.137517614222809	0.155506306550765
0.991374358047716	1.842741104758
0.201319872583653	0.239112001210642
-0.274445816479095	0.414544048750161
-0.406017419875631	0.529687787420656
-0.186096651899561	0.244593088364803
0.0415787447950202	0.0457581186787027
-0.0510288391466259	0.0528011442167363
-0.201359461594662	0.196921016685912
-0.0476624967896718	0.0559623142052629
0.274181919789602	0.382887170895139
-0.696458627454868	0.855992050576433
-0.179925096697629	0.145647421756155
0.0966009679497195	0.0889895926461884
-0.460726255347775	0.618243857649717
0.364831969001671	0.34502648006502
-0.639741166772191	0.58506652418721
0.209936042544306	0.176640703327001
-1.37197906030062	3.07966949774286
-0.220780437716267	0.257659323052481
-0.33639826542473	0.484076149951511
-0.0616680148124434	0.0608870291531367
-0.456150213167236	0.530023023779943
0.473720262342254	0.446302644232143
0.303507913879352	0.366515882255961
-0.631757706253777	0.980465040026687
-0.451277423915949	0.664906168366036
-0.514542460997984	0.774174008270698
0.853004028995816	0.884794854358151
-0.225302382260447	0.306728197320638
-0.185815872620493	0.210909842593119
-0.611402323798743	1.0396490310106
-1.15191224467277	1.76498644788604
-0.469230200188835	0.199930655367864
-0.40941513767039	0.529371492012302
-0.342592860803926	0.455673450111564
-0.0965973823286987	0.0836335862391377
-0.138632652466622	0.0888448321227582
-1.23975118110323	0.704655106482344
-0.374187286843319	0.30934820686137
0.399085168148399	0.437219006376389
-0.095267338807453	0.0847528318726273
-0.799645652422347	1.08146754521874
-0.294324110140928	0.324685543817005
-0.454076465276324	0.435308989924577
-0.132183583397656	0.0847562782357192
-0.278415553107658	0.152753882738522
-0.484434539114127	0.339853060577097
-0.330631005945006	0.250948078741648
-0.241316874316616	0.192105652151136
-0.280914885397132	0.283474158413883
0.253261704966248	0.375670724405527
0.33013695098463	0.564216574382492
-0.528819291927588	0.975595897536585
-0.124407859374269	0.147389187999217
-0.173987492925723	0.236780619205108
-0.413261372364031	0.796642181499063
0.0557163750560864	0.0645213090979203
0.352897849546504	0.546646652299326
-0.181534003772109	0.247628312683578
-0.98280414932767	2.56786933812162
0.0410644350208565	0.0472486545494777
-0.355935681963082	0.541170689385416
-0.125930799996904	0.108181552203693
0.163786424348353	0.0319491236824782
-0.912237367675363	1.54644175595188
0.622192227728135	1.02207400257656
-0.616522980732172	0.653708048287321
-0.656541132313438	0.823495016623533
-0.419348885408739	0.376558661341071
-0.799932817985977	0.985984405469885
-0.378551506994905	0.489510808926691
-0.43590218441489	0.640587193242017
-0.0442328995844263	0.0398805394284737
0.133739044631429	0.104513734084522
0.688439378468417	0.70185201321103
-0.0351889277025395	0.0293413251791698
-0.388882783481535	0.546823569551746
-0.397532631119922	0.56602026177376
0.136410468918672	0.157268625421575
-0.611047340898974	0.989792618150083
0.132322626077608	0.164932130757941
-0.104853164377112	0.120898493076007
-0.472652645604662	0.743429768288234
-0.563800524127933	0.911112582470482
-0.317559212281838	0.361306543003953
0.533035219079358	0.936537897142539
-0.451462928104846	0.766074400145571
-0.00178725198745777	0.00156505236918405
0.0713775752369071	0.0594849267366875
0.265951922551084	0.264340016808749
-0.160678586451617	0.147671755020909
-0.617509617312581	0.656402401580876
0.0654446207167664	0.029445826058
-0.212835287330516	0.188593383044128
-0.315589995368825	0.419105817664828
-0.216733698717381	0.284103745003683
-0.649762672052281	1.25891740209038
-0.3005863603482	0.360847627832529
-0.362017297606696	0.45431254995254
0.0102360868112212	0.00794156385571333
0.372483904429029	0.431731196739187
-0.0433401749374302	0.0391042529118784
-0.527538601248791	0.853972953025031
-0.730563189301735	1.12317573952696
0.129608676835709	0.149046167007021
-0.185138174870272	0.15058330668636
-0.615915658588446	0.927039802053792
-3.4724489022409	1.23315077833711
-1.09400830347944	0.440538324318664
-1.55875747069186	0.561897601836786
-0.846090916774774	0.373926586360546
-1.09256045381056	0.439069529521533
0.0817438495561464	0.0269368955091815
-0.114902937747135	0.0982254390768027
-0.104022529219987	0.09958330485422
0.139955388230412	0.127551430749467
0.288093341942391	0.353110294936047
-0.533958611286883	0.708022035563668
-0.86944168139606	0.742647052553863
-0.65440345293091	0.648110236505665
-0.246391519768594	0.233595075616385
-0.270587711503877	0.254506754214705
-0.813160219128458	1.28421892388507
0.0729948514034687	0.0957914679240381
0.234475202768835	0.354213896899317
0.00062276343322516	0.000657264993890999
-0.181498983620748	0.240978625775966
0.0151050169262877	0.0152852089238489
-0.378853011425084	0.602418828068038
0.101979314522558	0.114344849162053
0.212338706465918	0.273682947136454
-0.344489708115629	0.541413922512807
-0.190086805634822	0.255241133799615
-0.409320608807606	0.726368981100794
-0.358145256373492	0.557294890455213
-0.22290882442931	0.252962144586466
-0.30114665438828	0.301608818978103
-0.027344756378867	0.0247297873664866
-0.226661674891998	0.232081444001242
-0.156058515640552	0.207625133353596
-0.0926596209067981	0.11370664890248
0.026346231523716	0.0275402802917315
-0.329028334087983	0.484397634409028
-0.235011013909581	0.3336722964111
-0.0733600716281011	0.0822905045843175
0.653989765817714	1.30925776176169
0.29213685960418	0.243489833693539
0.163198318954765	0.0319050580443516
-0.544306890274799	0.687803807484205
-0.333984481655959	0.334541534250735
-0.97287678674744	1.2280733035042
-0.190517949634586	0.156369436730124
-0.699379118660053	0.627189049602466
-0.395701830802091	0.115534330411752
0.102481452037923	0.0293358202343509
-0.496611823701943	0.27858256069879
-0.674968088828678	0.324438248639118
-0.884279057981136	1.37436773346181
-0.44947983856219	0.54759564256787
0.0103351365814057	0.00635609896510539
0.288168774261681	0.252704498354915
0.138678676230733	0.120894279886142
-0.23418213950957	0.254872629217737
-0.165776632879867	0.196635431070848
0.464909411483228	0.666336098430366
-0.104857484236097	0.112646733216033
0.583095020501752	1.00741202208794
0.0641525757147268	0.0697722608456973
0.240956364152869	0.333089059446097
-0.272638984141633	0.364636906595151
-0.143454451359866	0.121428453399119
0.0915350591602963	0.0992024914615067
-0.320021748564408	0.486126397744258
-0.199918545501538	0.179048470596656
-0.857445449944023	0.990225556391705
-0.296792661508543	0.291322426943207
0.149261536082753	0.146259426852195
-0.207906844869493	0.16799418577069
-0.771428937859318	0.540930863090837
-0.221392868665964	0.209282750812665
-0.112801677315968	0.114709188330508
-0.618340075500748	1.1732814016311
0.327989046112187	0.451865345691716
-0.395503357341895	0.51320839153338
-0.623590591785626	1.01261296880964
-0.121067420783507	0.124051505936621
-0.255327151595156	0.343716409351323
-0.348369341148456	0.418751661337743
-0.379381470454038	0.393467284786767
1.06918428718283	1.10538018223785
0.0102074195036786	0.00993361178717813
-0.503828509529103	0.613172094622034
-0.383890241462895	0.579341561364465
-0.326516053177291	0.436174375692117
-0.370367523867211	0.465853855174676
-0.709002402202044	0.988159274909192
-1.87533985700744	0.771516887980316
0.467113117241736	0.163361716762765
-0.780621338588044	0.27365972431568
-1.87604485354972	0.773191975340068
2.29431606357237	1.11723829078737
-1.1663387915426	0.353796776180306
-0.246942392173054	0.254695705149036
-0.00500969219577423	0.00477753860897444
-0.438428432214584	0.450036865429418
-0.258804882744875	0.299017456579502
0.409007421794471	0.516130872001437
-0.342558771959506	0.430802791273306
-0.594028573730852	0.669892589849061
-0.793090994210192	0.972381027370662
0.0960273030821311	0.117304929066793
-0.223501791725623	0.317276302357317
-0.13890690970898	0.203228755232105
-0.374193176049162	0.696801190853244
-0.300511622004604	0.496020262132655
0.108660773322358	0.139770346517795
0.170735808418036	0.223470338586249
0.256361887455945	0.379585912377124
0.315006714589079	0.472595635064008
-0.565826243098161	1.02011953389798
-0.0203233555219626	0.0210318034676933
0.335852113959691	0.50733217163717
-0.152710048538577	0.187543400691322
-0.0318116180961702	0.0288973925464403
0.142932189135603	0.125319691448419
-0.654432994965819	0.813685806365743
-0.181333140028474	0.219652284684085
-0.100208982570206	0.125915183311422
-0.295063354848934	0.425040826306093
0.0812347193166166	0.0821806531458749
-0.106655737871404	0.127908333230981
0.549353670643659	0.916726370517105
-0.130030411017647	0.150412021499588
-0.556389292347501	0.866804651434796
-0.696916390286486	0.86451032026877
1.97547028331465	0.493643388518992
-0.059285588724696	0.0533702282750459
-0.757528098753172	0.93989887779556
0.111196434613602	0.0720542026644717
0.0655198650080117	0.0531990312560691
-0.374018515475105	0.36379146194825
-0.860041270225349	0.929190882679691
-1.275504517624	1.2847708472377
-0.0465289172069144	0.0263150228948596
0.36844109197394	0.142407142261639
0.0861240597616357	0.0283812447522542
0.215616037222375	0.149170818392235
-0.140433656517969	0.0624697609550847
-0.278501587752701	0.152597404383723
-0.752222353543787	1.00863108120714
-1.01677382392232	1.40955498879008
0.113709130780896	0.0811573390834335
-0.581801423658786	0.536507110315206
-0.397520341371756	0.558962658591554
-0.166299783760255	0.164411701145834
0.165089096405032	0.187478060282225
-0.415402603441464	0.687086496147005
0.253585986046121	0.329874874481388
-0.164491563452646	0.225320672311573
-0.0398172123230202	0.0399836434332112
-0.317381915321146	0.453635185176443
0.159732911118062	0.166918083362265
0.0782770295205465	0.0651923286501771
0.0172673316318189	0.0195402231352975
-0.2211698846716	0.293774047468744
0.559102496575461	0.696814723215875
0.259478056534131	0.268072952223687
0.525452730436735	0.694492214047826
0.610402856501793	0.82203825359111
-0.314841286439079	0.26860309313046
-0.359240917069001	0.507014148244105
-0.329825961989808	0.434831655446389
-0.572549027989715	0.304245307302857
-0.195845318778784	0.17843224072127
-0.0968176362528871	0.100979991348814
-0.330262999875753	0.417011069619021
0.995602697108271	2.56100642281814
-0.281196052201405	0.403815496582391
-0.24216284869147	0.299873278166527
-0.554998889215899	0.553405576079047
-0.138483617016217	0.104789419795887
0.286383354594174	0.252762946288597
-0.178588123886732	0.175159261708262
-0.261806285617715	0.315558419752339
-0.216724372332882	0.25652420367975
-0.244588135427224	0.310759466117638
-0.516315195676031	0.724251102285236
-0.250879339735324	0.290875541078361
-0.211176124760481	0.250958144299657
-0.218352640061879	0.253985203324521
-0.350843161051496	0.430226451576324
-1.09936813520025	0.431560852626813
-0.613014765925804	0.513086949697939
-0.491954497433072	0.561724948836114
-0.575518266927513	0.88241459930558
-1.17170273836896	0.352528986232316
-0.779514597120396	0.271131822768959
-2.1284607184698	0.975935709141482
0.62326313623548	0.195382080165285
-1.78355593853231	0.415040398756502
1.77756779398868	0.678378627324389
2.05926724925634	0.900482160133906
-0.790867272495138	0.274544160007734
-1.16956146623535	0.350678247521957
-0.389314007007522	0.11306509974214
-1.08964934648613	0.43791966465954
-0.0892682506968841	0.0463161998963946
-0.0872909248023712	0.0756570198252589
-0.239970046272545	0.230282892921235
0.0681340232300697	0.0555300694806385
-0.291058197587188	0.336893709486907
-0.313254761488727	0.302096914739237
-0.125366184697259	0.116088215015179
0.378969630752394	0.481916707354473
-0.206102894363551	0.239526886561362
0.31260185561196	0.325795275746012
0.767770230476796	1.0018933932025
-0.0519344818123558	0.041671597148407
-1.05740031682552	0.534077196878771
-0.267787049774406	0.309380674218885
-0.27139092503215	0.293566965226018
0.319033399854625	0.343288105220511
-0.334270128133973	0.25271061123041
-0.0628186161958042	0.0562603815721535
-0.096067990677568	0.133672498496486
-0.00661602668495441	0.00754488197635551
-0.564523452064554	1.16670133615326
0.295199926474722	0.441484150545177
-0.224719296688574	0.344104067876739
-0.197799761324751	0.27989239079457
0.0178144351162783	0.0179865494408833
-0.155971978016734	0.202338843424953
-0.14531768324416	0.195049680226438
-0.266045578921683	0.426733233539843
-0.0967029625525684	0.126878731337583
0.0752006034514153	0.0847486865758795
0.0337245797847992	0.0331840492933589
0.479078802998672	0.779792057136089
0.701846211198764	0.865170098827794
0.793330235897524	1.16734478282143
-0.362055234948234	0.384976094193445
-0.210468459161941	0.305088499291291
0.375789715990721	0.575346731405502
0.529520493966861	1.00752293737853
-0.335048018079981	0.536267075226782
-0.23240514241505	0.315598233019775
0.0507369897694388	0.0578362296839872
0.350753992681585	0.550324843205543
0.0105396848811338	0.0108156495341019
0.0159818198141346	0.0170166958612969
-0.196083519156357	0.234612198465297
-0.165671486407839	0.152818406049606
3.2565918874831	1.1050644302855
0.191813718849086	0.215644938101607
0.155209452285402	0.149316568887574
-0.794536214029629	0.86068249011923
-0.296879351085562	0.278628206905446
0.0060707877047618	0.00377809512697596
-0.795860967352727	0.878110959375795
-0.67964172033502	0.330716643179201
-0.630254968139774	0.404637012667326
-0.121209134722837	0.058291178543182
-0.000393378800119942	0.000181267700625106
-0.782325198541867	0.270060300390934
-0.331743965666422	0.165430561413784
-0.724372290086107	0.703372466167677
-0.303130508143209	0.302604400928767
0.0278145589840824	0.0187871294174881
-0.410217078469696	0.426153974617672
-0.505147524507009	0.769496919702534
-0.346457976859801	0.512892867071946
-0.199747438133447	0.235234825575125
-0.496163463768759	0.937097277997228
-0.102849406601652	0.128278874544358
-0.0671890600064433	0.0802867877573775
0.171553821088876	0.210832648491184
0.00891644371333443	0.0069619262557268
-0.163806765188479	0.204155329387586
-0.504916790528604	0.974757345851514
0.489218170596069	0.582086393196129
-0.1770312308574	0.147700065161703
0.077637695244366	0.0659918205011542
-0.590859005647358	0.669632160844499
-0.341573088757094	0.288086857818497
-0.168571788033742	0.0680575180876044
-0.29312578546984	0.297595827940713
-0.0615621629627699	0.0605968158334954
0.0701464715508652	0.0776908972819203
-0.102867577856648	0.126262244677549
-0.0922114685128635	0.112667938369331
0.0118370832525128	0.0130482652602472
-0.144305529382976	0.120068866598499
-0.191223101587263	0.198957566582852
-0.689645993761218	1.06096361874369
-0.35454177104438	0.349977259903666
0.116100650329047	0.0853448308213051
-0.611208657647463	0.957468093492562
-0.340852537528969	0.45453181960255
-0.125841324619674	0.137254468769944
-0.053058027380585	0.0550949010764615
-0.450276048147832	0.397679243142215
-0.210366629215378	0.271994823530961
-0.51999685060833	0.76137539261177
-0.626269990321666	1.18649238223555
-0.272072082289687	0.148911057074887
-0.683581643700477	1.0520801080483
-0.165878445419943	0.174839802232085
-0.389961680664391	0.114106955582715
-1.05740031682552	0.534077196878771
-1.31651637328015	0.990735897440927
-1.87177717005934	0.772948358215421
0.461165063750906	0.160791774044423
1.50828334195859	0.725250770819157
-1.05324956927174	0.530751565527528
2.50007242997955	1.34692027541715
0.937014825487275	0.247501391945126
0.103404700031786	0.0299484694478879
-0.384217380047609	0.109953795448363
-0.42088592062864	0.574479213331107
0.777377442362767	1.00945882634884
0.729975736262426	1.05932146941234
0.438668221990208	0.501315205030132
-0.617527150857224	0.765298735366102
0.0299388715843483	0.0285139532457503
-0.235085104001618	0.274885722314221
-0.713807031427577	1.26318626131673
0.084279200768708	0.0740172311965624
-0.63093009699525	0.861487541237727
-1.07363977827078	1.28163714287815
-0.947492142914064	0.952389567956852
-0.68664858602839	0.335752020175109
0.0419088216741517	0.0371003975801813
-0.111310254921274	0.106088724390365
-0.472468631145884	0.519714852536929
0.309725261635493	0.252211409920678
0.456184122069687	0.718881873111378
-0.306614464840748	0.557773217141551
-0.12154894189404	0.16565046283241
-0.309068665678593	0.544922435893902
-0.102892665903596	0.136880424067717
-0.134119194787846	0.195642483270887
-0.10974559331839	0.156042635307629
-0.743870892425064	1.42612574800262
-0.274372934995612	0.442233983272117
-0.498979161035154	0.899920150747442
0.166455305857977	0.242931204074482
-0.51496234667755	0.944748740192904
0.317606833497583	0.518973682839495
-0.66138835063995	1.21649482847269
0.454348456376568	0.671396486590042
-0.224516764772109	0.245527647792395
0.45955587127102	0.648449772511034
-0.396674760366041	0.56491941953531
-0.00913600842328078	0.0100508361414198
-0.126486099149117	0.160100797820348
0.158512231019169	0.212596247278575
-0.138072899505018	0.193644434952653
-0.215457810662912	0.281370070990105
-0.610387966915192	1.11836862131366
0.151153847084843	0.203577867858966
-0.109768996701397	0.12417994634179
-1.06497260094537	2.37823891518305
0.0798334866564483	0.0976426331103524
-0.1158186776313	0.108339282721464
0.0371287465959712	0.0362048678647995
0.316323182936114	0.360295087103588
-0.924828792192021	1.12409093177863
0.47238281914098	0.526817060061152
-0.0646227691822419	0.0522946037841942
-0.14337409963791	0.11943190066111
-0.101258004254798	0.0785499342795347
-0.218087388523012	0.0802373753364199
0.414167598453234	0.241504047769944
0.119671731833211	0.0952419487033944
-0.166553786142072	0.175978861092722
-0.521715318182603	0.662441903938655
-0.729577390268302	0.436181445187626
-0.798994358516222	0.983322086205164
-0.0631974685139088	0.065384236393651
-0.402103566250012	0.580537033271066
-0.385666668176562	0.50451258354354
-0.324685048615184	0.371189840411597
-0.259015943047577	0.202454002469962
-0.42564355313129	0.693470902111515
-0.0452995757308691	0.0532934330902771
-0.114635727431803	0.134063129568346
-0.0491082869484346	0.0625618460662293
-0.451867391353956	0.810379113306476
-0.423112606641878	0.699067336094643
-0.24740520000577	0.370602763480314
0.10797092016177	0.12891116287955
0.206463317725449	0.188852393479567
-0.761737637088923	1.58112659049971
-0.0652518921747285	0.0827871280712224
-0.0124149545119374	0.0116090302897084
0.335326204414654	0.335834813146075
-0.451651502992658	0.520445400830274
-0.432339089442315	0.504390223442714
-0.171975161429892	0.167227260968672
-0.132700213464955	0.149694099301071
-0.625253030697286	1.22904391366221
-0.290324533105834	0.406608416592216
-0.178898965132163	0.239610268647632
-0.577712654993557	1.17591895503455
0.473521856343302	0.512744676644879
-0.345644503816466	0.370476674508701
-0.309716082270876	0.413421847198769
-0.359040166909964	0.377571015966267
0.663006981212967	0.751410600971789
-0.392564954122447	0.53756606027828
0.00794948936623941	0.00726611846066141
-0.299282645558794	0.453701218136688
-0.11172948200329	0.122174477019685
-0.536537785077372	0.650014315642058
-0.581076897489949	1.00279792118857
-0.419936449634981	0.254584752563023
-0.253850177658668	0.287090061403561
-0.217666118325432	0.26626689292879
-0.144170967721239	0.156481370462686
-0.349698623468323	0.441709645675708
-0.216414409687242	0.0792559007301172
-0.171498410727533	0.0698197819619669
0.102474476101686	0.0297923181105043
0.0848555180901583	0.0278086846492656
0.623126048257491	0.194216648284533
-0.218675014975353	0.0805964287254102
-0.211526293466635	0.0770948399498692
-0.863043828061706	0.471328496344517
-0.588155110513034	0.226078124122884
0.101786250320483	0.0296355349486725
0.0780094395620446	0.0287317627796464
-0.584576783406069	0.224521446912907
1.2681771097803	0.534607449452278
-0.390507645615052	0.181729754342456
0.614643300592067	0.273806014888215
-1.88085881574311	0.764396040563448
-0.0422717732319906	0.0423613478691225
0.35141446305158	0.419929808267568
-0.321312719603154	0.36566065308137
-0.470870010536148	0.571174932548212
-0.36555346352754	0.386194253352782
-0.430169009662837	0.531316679892915
-0.122393421101549	0.114348779248055
-0.0066049266276449	0.00680392901783262
-0.805269404804879	1.47507896937417
-0.0853441335846201	0.0953343299492595
0.147442199811315	0.135480543618721
-0.0236061373879512	0.0173979241008998
-0.513515339953981	0.399900571508003
-0.781190688537131	0.614876521602723
-1.04836501381965	0.523207094480559
-1.17573698428448	1.11239317979773
-0.384704601215381	0.347303030608821
-0.382193658870782	0.401147363353446
-0.157503881812291	0.146068833390995
0.00115619667566965	0.00109140033117786
-0.0240737977065639	0.0176822422070852
0.0873980720038935	0.0798284707179251
-0.365929627999286	0.459359293977399
-0.100374018499085	0.134069968596002
0.00641538733856053	0.0071307568256332
-0.0545996350333588	0.064953413909826
-0.688045371815989	1.22521094103299
-0.134619378013704	0.165011656961566
0.202154331981754	0.265644582486314
-0.377355574743822	0.590137043319616
-0.854069563807914	1.88288070322146
-0.354834894639563	0.519573569074369
-0.253647092422124	0.325206062344856
-0.0151770015945328	0.0155875533818414
0.319267233937154	0.404272211771451
-0.550437727576559	0.834314074677183
-0.514017364525379	0.747153352296308
-0.656537645159293	0.983400339931252
0.747077312598636	1.14272534281613
-0.29091352927114	0.335424957015299
-0.190776728093005	0.222308573604171
0.390042605665255	0.579790227324135
-0.563341522451682	0.821261091814401
-0.430340319545688	0.676637990769305
-0.792130420917145	1.35213993953565
-0.583706466867367	0.917431387591246
-0.439071497648554	0.588764398526813
-0.38709307077319	0.505433745549257
0.0101493326154005	0.0100369552628029
-0.72777144915943	1.24610396535856
-0.0944091127597705	0.105540884473352
-0.067079302708407	0.0722311977159612
0.0923143992245215	0.0794255474770707
-0.643736593348132	0.156287938793396
0.103918770835802	0.100236511507062
-0.212653670322524	0.220866488803085
0.0150413188034207	0.00977130300661485
-0.435598820073421	0.532905582551925
0.521214742975922	0.691552075663271
-0.367698271841233	0.461185075097308
-0.534066107343499	0.645866413551091
0.082558098902597	0.0273014951400138
-1.34230899665532	0.613420184707873
0.134324341036685	0.108151705263148
-0.145401599588266	0.0648914426818067
-0.956930305990941	1.67576323261138
-0.871616501848265	1.95518362994004
-0.547852315072898	0.758902440816476
-0.246190581367118	0.300421437510574
-0.57111326197998	0.896969923614434
-0.646200682642224	1.10743613864363
-0.581736644100276	0.937220382398285
-0.209342222812699	0.249370926081244
-0.603266232164446	0.861274862188314
-0.571706887296222	0.85180945775462
0.00853654637675965	0.0083176515579966
-0.147672994258847	0.158693650429389
-0.853895771333435	1.15354816294998
-1.07306461508553	1.53259505350307
-1.030459987642	2.42530241300825
-0.483276036798328	0.706192762749194
-0.171627294441577	0.167230852543077
-0.227438403645997	0.217472470262575
-0.7550185567714	1.07352702132204
-0.257549866958441	0.244732447408752
-0.950775823488042	1.83770718206893
-0.518180626487962	0.698941980686048
-0.31195991534498	0.395087033372327
-0.298468469088415	0.341990596904134
-0.517807100785599	0.405970020387558
-0.282158293247074	0.338135016939058
0.399042341854915	0.63308886211223
-0.478525348524853	0.836670166993985
-1.05151395952686	2.55720504483081
-0.804030956568606	1.38076666606731
-0.474574156788131	0.809483966921372
-1.30785566185662	1.68273840885983
-0.68147516722136	1.01556608894859
0.0726055668136798	0.0718911576467009
-0.308165511821619	0.352218541400644
0.20177255963426	0.197807845063695
-0.513280571271803	0.643884918008996
-0.195521040353616	0.219756895409563
0.0116992738824078	0.0104388760812031
-0.793033971244785	1.53181005151881
-0.184949689916993	0.182502387104975
-0.275782046959849	0.149426339323556
-0.38152801751764	0.451603050648076
-0.183877258741967	0.202398854697318
-0.444932645469763	0.770467774893319
-0.43185529287277	0.699486001740113
-0.0918933806917032	0.101665275796176
-0.452258905820398	0.520323739322388
0.0902280582534896	0.0291264956694324
-0.151650873286163	0.0662625816455283
0.367842724915711	0.141998884313043
0.0697531346568329	0.0286436318521398
0.464318818128795	0.16335416808787
0.0939120474746409	0.0272018772762654
0.0654934252736511	0.0296329150212206
-0.315348984122818	0.157834808860834
0.280974880200065	0.133980729637091
-0.139017811840861	0.062053296972884
-1.23763913393849	0.700301842815124
0.752101165986254	0.305962467537181
0.756620518332715	0.305227283840682
0.074234472888677	0.0274305829074115
0.280974880200065	0.133980729637091
-0.682900119435447	0.330994525088681
-0.184894244111307	0.168512221818245
-0.284603044796703	0.288108947971998
-0.472053335964778	0.515678193155878
-1.06139021052624	1.78272067964724
-0.0212043821410578	0.0156815749347247
0.269951073314972	0.2624251663403
-0.321017969211305	0.313348960751776
-0.127908935318611	0.109918287376995
-0.215540807990335	0.223556170704305
0.58638018017423	0.650092986750045
-0.250912994707383	0.235125584275971
-0.803413602732756	1.02992066821087
-0.523997961938502	0.488244073661148
-0.266013505604249	0.209452981106136
0.433984428933337	0.338727903109265
-0.489119523812606	0.283001845485799
-0.783204510262895	0.739452475407854
-0.274077413285664	0.298225423468994
0.159428486991008	0.168798020351352
-0.575522594053298	0.795218055603255
-0.28187927522271	0.365262018236885
-0.425520320168767	0.605949546173788
-0.597526470279342	0.99948008241655
-0.488681109397767	0.797458818103966
-0.460107487641981	0.758677758094516
0.27816742891034	0.379064860602882
0.279165318645639	0.387773342359397
-0.0872510726973111	0.0898169512973569
-0.845788384898126	1.28471039281247
0.0795216123978765	0.06646729077251
-0.999316031158584	1.42055697128561
-1.48557073995159	1.97420812968561
-0.251176882969189	0.257797121246873
-0.0731688953207731	0.0499482395710806
-0.537781353016517	0.651464587659427
-1.56705337190263	2.80042367092728
-0.633663541680284	0.715418694322487
-0.339678044403124	0.340645066363524
-0.409570534188238	0.455476286261737
-0.414275240642961	0.335271884543849
-0.157831335858292	0.0975864985975531
-0.0368120119877974	0.03073737170807
-0.50494241826609	0.609997574542062
-0.00901042335741449	0.00856366989896813
-0.105689685482027	0.0913623537885282
-0.887237619087806	1.35301525751019
-0.318425591809839	0.291791965346985
-0.482820746194699	0.455377126710786
0.5572428393322	0.780568565963263
-0.0633017167619719	0.0442776296628006
-0.151745577312398	0.127372294401381
-0.114327078330145	0.0969606102223917
0.0179863310882297	0.0117363705997931
-0.199105283740205	0.163276944638833
-0.478519494712906	0.490937947664424
-0.378275808647776	0.368675113463558
-1.25497144774054	1.68965639662995
-0.204051185916862	0.145633493945064
-1.78355593853231	0.415040398756502
0.199562091614652	0.198873132423201
-0.528324214793045	0.764678038558218
-0.264903653339718	0.269518595146508
-0.279683312618006	0.320089898596199
-0.421781005590686	0.575771370369893
0.0599701514425728	0.062894920861134
-0.294112794694639	0.354336900481117
-0.667742729745106	0.996070653875619
-0.0979469401141294	0.103422507123305
-0.234403175166274	0.185571057596139
-0.103222751648051	0.0997822608265545
-0.0797443975504311	0.0687323029599393
-0.477409173297301	0.582330325914968
-0.693619847644009	1.20266287220234
-0.164983423124446	0.17412903079786
-0.580058765163018	0.727108850310887
-0.705945901900435	0.961145378808101
-1.17520707742808	1.94122140211473
-1.5483086239738	2.14553670098171
-0.158281912986846	0.129677561602511
-0.616526742106635	0.653060026062637
-0.650508763328059	0.639895772572953
-0.38469770033056	0.405256684805529
0.0892257656903397	0.0784836403365375
-0.521904171872876	0.60287690274811
-0.589999246590022	0.661261669017457
-0.850948591757965	1.04104154074508
-0.238959616276081	0.249356988573885
-0.138057854423786	0.129721175408152
-0.498555396997286	0.543256174684109
-0.661493174393113	1.02229030146098
-0.445120172729815	0.540933365432609
-0.291160494144383	0.251279120972989
-0.799658851475356	0.978704277988166
-1.47181306804183	2.46656970298064
-0.697818222038922	1.10962967857339
-0.184247961396288	0.167909817949093
-0.467365820126389	0.412021875909191
-0.788686695510838	0.903507948928528
-0.850634385730938	1.0386775879148
-0.734616929223082	0.814029572199187
-0.977864304826562	1.23810410397768
-0.196092732500395	0.203932232722637
0.150498899905058	0.14361077828017
0.2039141955455	0.194960889229247
-0.16963065637175	0.168833334589818
-1.04683583066128	1.3102750134166
0.20566290680267	0.161210537198445
-0.728458416000234	0.759429572409363
-0.449220147337782	0.431385660068106
-0.79238831658349	0.874531265042696
-0.986134055057805	1.48686402367738
-0.756752693182975	1.1182161367087
-0.342128730103727	0.333661477555795
0.197515199928766	0.223368932795802
-0.135631460805869	0.124867637695158
-0.793056890800702	1.16737595534797
-0.418748199149205	0.543141073662114
-1.01185954416941	2.0132045870376
-0.385194314924972	0.453642766298037
-0.000445490781999017	0.000414624298671902
-0.161682698072365	0.120343853976229
0.625065959423257	0.383522628646435
0.547422514341169	0.473818025254327
0.23211487827744	0.129492318799202
-0.139058860244855	0.0619847220152223
-0.112806461229402	0.0546795473487029
0.443092502790193	0.354426130689689
0.224511584591036	0.133508450374341
-0.710038600350565	0.686687236408134
-0.633645444017812	0.405294350666272
0.629586769810029	0.385118352207336
0.821776712971878	0.652433726240852
0.0782948251418787	0.0442750426592473
-0.630078757780153	0.404092702557847
0.090548868914709	0.0511063479949693
0.225382430817228	0.134167225116574
-0.109083205683878	0.0517832154767328
-0.0916641126895293	0.0476163473689297
0.0480929909395053	0.0359604134342931
-0.510947732776338	0.519391489253979
-0.448671659498253	0.432685110747385
0.115219590577724	0.0816969736763632
1.98581995429988	2.29077842247169
-0.517528168488933	0.405253343363328
-0.236397994705274	0.165880202861865
-0.553656049493713	0.374538323816506
-0.54936209006946	0.369899418841485
-1.05394788164694	1.03341574674942
-0.161380095091581	0.100989415497673
-0.311136831281201	0.261844042236322
-0.433652877560011	0.477135361374819
-0.210970603725041	0.170509527840094
-0.849509408566219	1.1347022954845
-0.221561833591219	0.345233303631768
-0.185909994174273	0.233800342621431
-0.226613499076597	0.428272410775724
0.368919944207766	0.643366471033823
-0.202254787586562	0.251904551275362
-0.290967034416914	0.316842079836654
0.0635237686063308	0.0781375116926265
-0.316353688366914	0.665002066519324
-0.277318466602609	0.496076371450812
0.374670638227888	0.703389310451037
0.87359254905283	0.794014706284121
-1.73969386025551	1.77515966394944
1.14665368661047	1.15142999055267
-0.287847546777074	0.15502790795207
0.0607373367080858	0.0273799706407787
0.61685375874191	0.373678303544943
-0.188335172678073	0.113328980869647
0.319227374738493	0.137596217609858
-0.86649071082245	0.479365492301103
0.316342447581535	0.136971796751973
0.315041336294643	0.511054296211708
-0.278018643319924	0.384992661198767
-0.708647095058097	0.64093386944795
-0.238640709341829	0.137805565638622
-1.75335389229349	0.989242199048582
-0.081229432148746	0.0558781939160355
0.0712770891881	0.0349938057616006
0.0807192266688336	0.0457433866020748
-1.68885670223505	1.29984871720487
1.16836042330645	0.763655036896072
-0.183497737194384	0.0740035857983911
-0.0465389628979579	0.0263068987857548
0.62321688242638	0.279474083640534
-0.551746730627519	0.472848166446075
-0.341237319149349	0.287208163320254
-0.354163817883188	0.683023841831728
-0.448065115554353	0.818664569783601
-0.540088078306139	1.21681787449853
-0.107486070914056	0.103529765736843
-0.656698911211581	0.970172248621347
-0.522167794445589	0.849367820999454
-0.185707513010635	0.240403190763577
-0.362326636854916	0.496102410784693
-0.107283684235429	0.159298741941076
0.289308986766235	0.50159289103467
-0.0331253690024239	0.0454328676487522
-0.0650290759127458	0.0776911164995988
-0.491602075279442	0.754181799708858
0.228257041104601	0.377591725731287
-0.084244380697449	0.116323962165154
-0.166723029567834	0.198384429428975
-0.397702605970792	0.648317800364927
0.0349517072020887	0.0496253792232481
-0.643927152919939	1.04927896360922
-0.65647491395084	0.984298616388416
-0.283261375639554	0.308968287413551
-0.262488369411226	0.487947997762509
-0.440777233998837	0.535853533677297
-0.234035419027577	0.16304704109378
-1.35802504180474	1.62479349155467
0.519766488524946	0.362905236347012
-0.170888934750394	0.0696466408768564
0.32304168485645	0.138276200061871
-0.378999581262024	0.175751282484182
-1.24414912440068	0.702940541318399
-0.941293659255881	1.00945348916068
-0.585088699274849	1.00992487841335
-1.08878364673912	0.438810891064875
-0.867349927999724	0.476269971095725
0.326210178968267	0.416460766587048
-0.280007123963265	0.371079036065554
-0.0428636500436526	0.0241646196187143
-0.616666508552693	0.943766441569889
-0.873921440810741	0.741404824698766
0.70614019712958	0.400268383730613
-0.115080005709182	0.0559848225061805
-0.173936514348121	0.0707520766428087
-0.238853113663583	0.137254010787467
0.134742464610738	0.0990478394917671
-0.343237878485746	0.450097372793092
-0.327213923169801	0.166366352539163
-0.618459331526633	0.520674667771049
0.102183011789043	0.124083836337977
1.15012483407773	0.880109621284305
0.259762175835851	0.134233975815796
-0.565301557528043	0.297873659560573
-0.471968863819731	0.201005767264039
-0.318297947195718	0.237230097683817
-0.243032064145364	0.297297517087641
-0.00944369517289832	0.0135168713376319
-0.308814075466628	0.327113771487272
-0.386234700182406	0.319902656496554
-1.21507100529012	1.32268809522878
-0.137364881805372	0.104047415510121
-0.380470679046517	0.345102356213382
-0.662413789820819	0.696487129097262
-0.16806778416611	0.215622537722931
-0.0356335910363486	0.0393850004021799
0.141026316794055	0.175153787071019
0.0306923518145316	0.0340588520858929
-0.00305742696816186	0.00266593462600312
0.0738835999630212	0.0765410763352226
-0.0102738939517594	0.00962979633546576
0.15283852099477	0.158222542213805
0.175042676530349	0.191021939278996
0.531872949725784	0.45411342811644
-0.606142730668989	0.719211062572525
-0.280876598636359	0.343404130749082
0.0294219123101792	0.0248325614482868
-0.478487646017745	0.54360361463468
-0.415430478608212	0.403804825721824
0.208924979674448	0.251045872450938
-0.263025778535731	0.308118568686156
-0.237294634901672	0.262611658353016
-0.168774097988383	0.262614197845525
0.106300682469969	0.120581152028769
-0.95693394146764	0.952648467704449
-0.41180470537423	0.484347831327974
-0.316094508271231	0.207764618166334
-0.13818514577867	0.0617491277599037
0.0637441806552137	0.0258770777342701
-1.87067782435373	0.770898391840456
0.518249563382419	0.253250823311973
2.49219498049437	1.33096018987071
0.0689865725021668	0.0255026192095195
0.27812000835583	0.1320371005728
0.464429236846016	0.16346936705331
1.44659745922541	1.15566266525012
-0.101148129355153	0.0661958675731754
-0.138350982647493	0.117738366439481
-0.37127619202405	0.27437773960403
-0.442172872797275	0.486091951989469
-0.294406809794651	0.518206030605303
-0.118963941211477	0.137301744811328
-0.298642973500653	0.548668274256241
-0.340325035822919	0.631224801348345
0.0305232999120125	0.0355614170627798
-0.267150045197693	0.422137487973658
-0.282254474956302	0.465911800181619
-0.401934464111125	0.909422391079338
-0.553733347204084	1.37428649517264
-0.571527536147405	1.40728106707265
0.723959488756381	0.797974519631196
0.108926547023702	0.0747821420542291
0.870535622249697	0.774826432069282
0.207977027485232	0.149401655788388
0.0765268280695781	0.0404911418466524
0.211631204367673	0.158469178539606
-0.375346168608053	0.279569671706942
-0.766240829748122	0.541749147726313
-0.601857887450772	0.590303284613987
0.202422313976945	0.175223843482235
0.330937905578345	0.59158178431456
-0.00177771336273367	0.00188814436485081
-0.368186873436662	0.387008140096084
-0.0415729045544618	0.0302349865420057
0.0841028654439261	0.0471426353251277
-0.0925114600451717	0.0796235836163653
-1.05640724169418	1.0349213262237
0.366728207025633	0.243924511492971
-0.703743207827404	0.632822828527245
-0.364668464247399	0.232905741144108
0.489480320695338	0.356845911686144
-0.425634578459477	0.307217429928157
-0.30231247069621	0.23185031437153
-0.228616028675573	0.132202630065606
-0.541027273115698	0.658203026264377
-0.302072063020021	0.52159395842031
-0.30659329877169	0.556063545647613
-0.424500209913773	0.907554095712024
-0.113729816987164	0.149912178582989
-0.0793554041238854	0.0956266642442437
0.413958533665374	0.72351659016681
-0.771648141014286	1.98490758135477
-0.649265168020189	1.20220913545237
-0.222612070213297	0.389829878949358
-0.255318249918256	0.413819537355336
-0.423858144315759	0.785490137205322
-0.0940651949130362	0.103864787971167
-0.155808571252074	0.175276128079937
0.154377598504835	0.183001345902255
-0.423016696687052	0.65281450981487
-0.163315690312169	0.203839730205203
-0.305088395613619	0.383571826773403
0.00762071763289252	0.00838093389483647
-0.333533956705178	0.503401488849561
-0.29662637693372	0.276607292699731
0.208827751877239	0.15036484821573
-0.179109858000883	0.131140699540646
0.568301361925104	0.370724010982028
-0.620456187018007	0.522365302110695
-0.328249855807245	0.247927496658686
-0.666845952244702	0.483416861286237
-0.0249956652560015	0.0210616720688107
-0.21695192258732	0.291629526713174
-0.212791691874523	0.172620129916174
-0.183394164319728	0.134160994957306
-0.25468116063013	0.242513491673191
0.207837642941241	0.176073729894031
-0.483528985567958	0.3391320932178
-0.48715637684009	0.28140839802914
-0.179541899999497	0.179491560233532
0.200133012187835	0.167541061683752
0.67073853042734	0.600786306910016
-1.9894240707959	2.34622460642935
-0.511623030253089	0.443643343499408
-0.45854908942883	0.532460094884507
-0.572912591868487	1.05317291783988
0.484738546711506	0.527072491669199
-0.389684789856299	0.446717542903069
0.175063052684631	0.233550602364624
0.203951816850402	0.1765919992398
-0.515200595401245	0.400455998606952
-0.491669625149801	0.282678341777583
-0.0990317739407407	0.0504605924355432
-0.416394723986721	0.401603349835138
-0.404334488705133	0.62457775000929
0.111946669644522	0.165604342698918
0.437213862945747	0.652617070422445
-0.795929094068004	1.34821186930025
-0.462593764496308	0.535403346698743
0.149817870375137	0.152546367709519
-0.904979916759757	1.63875410500341
-0.104852499823616	0.115188469440336
-0.242429519496482	0.386601358814914
-0.549604537043156	0.985686491328002
0.302069720517096	0.387327842055639
0.12420272800249	0.138819410776334
0.200690579645795	0.19115197265844
0.335635073009809	0.336517385831385
0.927123723215893	1.6438296546175
-0.254170072664961	0.294861592535858
-0.133581706486176	0.145935569809583
0.289174732400943	0.239494500861841
-0.174814968378888	0.157616953272378
-0.701365562606432	0.94632602455675
0.0451085746097107	0.0315309362643199
0.475834711244317	0.516588841902286
0.511271354710745	0.753294748031661
0.520776945089435	0.681609991022832
-0.354941558290679	0.373912585468664
-0.184665538434837	0.182097972280392
0.500492025463739	0.895999464891536
-0.18462721157979	0.254389058873505
0.366266049025315	0.401944631985889
0.0333969435703988	0.0313481568442868
-0.11275058655546	0.0741316814090114
-0.948110432803816	0.953333101015157
-0.0204663262962608	0.0118203639822716
-0.360457050706048	0.229767064895419
0.0774098988428949	0.0284533149610014
0.760123976929143	0.309432958586382
0.644409678229726	0.496500355146048
0.253546900300812	0.131903644030945
-0.486452161727582	0.277873345599755
-1.03827091788788	0.641026499254321
-0.271889877779674	0.148371907318664
0.0615537493557655	0.0461849902301596
-0.137472599940097	0.136316445633004
-0.855602033784641	1.10440117660131
-0.25390049823264	0.323031884026754
-0.272712096261069	0.387270780634061
0.0577789316385372	0.0630066699736579
0.268697585252617	0.397583428089931
-0.605709754062873	1.26750455503858
-0.450801141487094	0.947629127360183
-0.214046995607992	0.345018522394982
-0.527007576693436	0.948128381936204
-0.207726601847366	0.305323185100175
-0.102018668818348	0.119186183857702
-0.267355275195602	0.309255386686298
0.253188487433742	0.28373763942622
0.0290213960919398	0.0244564279560919
-0.191816988314899	0.115250493119997
0.15461233710276	0.157841002901273
-0.52710699066345	0.63122062129697
0.468956030935068	0.612157559462219
-0.477590154269704	0.584296893094726
-0.664082303342685	0.829950160592134
0.0272750908629942	0.0263016099703421
-0.353467769323297	0.468933891805055
-0.177388148290282	0.161486482697951
-0.341159618433696	0.385580743834151
-0.375241318655405	0.311707503958939
0.0402313406139672	0.0353756546404599
-0.0119614161267107	0.00894630833917864
0.260040476658925	0.263496524567161
-0.246388159875722	0.272026671715454
-0.0987681084718866	0.0866426516782841
-0.154765873166031	0.157048012763334
-0.30504886675633	0.30654103010875
0.214897191590399	0.155859251275884
-0.723398388604616	1.1472490413051
-0.178106663863417	0.201419784656979
-0.103338298987351	0.117460670310842
-0.326728848526166	0.520391020574034
-0.186994579735738	0.268550949536499
-0.178388008003226	0.266146099624805
-0.400611269587447	0.656593022236928
-0.0756055134630973	0.0789355313933401
-0.10596907514123	0.109856985728774
-0.457385654051716	0.441110678323603
1.00189087307298	1.07400623190751
0.115176748789189	0.0843440745519111
0.354462219314281	0.333000638292516
-2.31769889563654	1.93611872037531
0.109611695914788	0.0680836568032928
-0.163847892443314	0.175499926433386
-0.410193905542679	0.47820666770648
-0.00244929579122239	0.00211054356869599
-0.430784339684042	0.662419206545268
-0.62668146057933	1.33097564049013
-0.497521589833317	0.995920555321715
-1.05396587454541	2.33266244452067
-0.132085387715235	0.123434049410978
-0.5636863145068	0.769639342876273
-0.600333709548616	0.814774203047645
-0.311146491289439	0.396633121347597
-0.239851403419732	0.247788416235263
-1.28108609163286	2.03415630063033
-0.27978652476037	0.240870326768917
-0.25879204983162	0.240608376729821
0.0535691373414255	0.0410691498252492
-0.590391196875385	0.666950153028602
-0.411261993396033	0.454572342504538
-0.604668662860959	0.835192972338488
-0.313227959033246	0.431247527888851
-0.45430166681553	0.620251490450254
-0.212147760343435	0.204968957094604
-0.541121579133153	0.586660751670085
-0.25873998731704	0.225640172164256
-0.66192433302242	0.864898236777074
-0.042395471917534	0.0308236628790326
-1.12598434966433	1.96876323114535
-0.309763133857492	0.312561571931921
-0.7225484226679	1.07542269383388
-0.204276670429287	0.23811952862168
-1.14993628019929	2.17785611300766
-0.656160583363657	0.822480462533059
0.593560294003713	0.810336177708423
0.201227263039094	0.196181128033597
-0.174496192376855	0.145250143916723
-0.169670340102391	0.212513799631969
0.129944370813324	0.13444537956829
-1.1665509510584	2.32642921760541
0.20396570161293	0.235990611454294
-0.525583638169853	0.73826183345358
-0.152094087623571	0.141247207716263
-0.94722024345322	0.950539140221641
-0.191357347423522	0.202953190370553
-0.269800607092296	0.315342079314453
0.209825193112112	0.171981616386472
-0.249420199953542	0.295926417741221
-1.17414516320226	3.12308789537846
-0.205684015321705	0.280938533264654
-0.567577995661672	0.986411307044141
-0.163550100900574	0.203852604113701
-0.640191785012508	1.16666846940083
0.11567291842687	0.112385200233928
0.609164327421429	0.485077858326263
1.04798566983036	0.987097949521649
-0.319893202051965	0.212512955778965
0.221615582918309	0.131940759407836
0.230305834453376	0.137606682389703
0.71259274253702	0.401596536411972
1.05184783489351	0.984278389261296
0.300508772190352	0.242688571232034
-0.213825057505832	0.173497524266602
-0.240923910612405	0.168454008456594
-0.313995508205012	0.207392346569552
1.67986714548432	1.57203931251744
0.522679357547713	0.463389551717341
0.909388556863675	0.906553112387532
-0.458084216407805	0.360408137374769
0.56718324100884	0.545691439979638
0.222180245043275	0.132979094767722
-0.139836513712301	0.0898230328589103
0.245072842518595	0.242980282673656
0.404489443995182	0.509836144686918
0.118046370379314	0.119435739554581
-0.325753826268717	0.392268773652282
-0.212630357190503	0.189194519585485
0.444847105003922	0.354229515112662
1.15875581941591	1.29512972206219
-0.47919276402007	0.337855118926867
0.00306202139731387	0.00195305416972062
0.210454121045135	0.155984001350373
-0.72185655416893	0.755251431291559
-0.696886582322419	0.623012473330566
-0.161515906778228	0.14988699648213
-0.317842921348622	0.309825533313696
-0.850560855715229	1.08268376130849
-0.782975469314504	0.945360007506682
-0.853818725140152	1.0937864778555
0.108348050447761	0.130221674446043
-0.344866884611301	0.642993661315621
-0.368874496514711	0.527663002341119
-0.525992063653555	1.15567582224855
-0.274624857770395	0.478146800339922
-0.449370646943363	1.03493329751295
-0.184288063066594	0.298121658191118
0.0309725313699754	0.0348014883185685
-0.0425055152678029	0.0475511371932782
0.46588770549238	0.869589732008263
-0.0804685659333237	0.0887607355239062
-0.100228406243673	0.108624526553005
0.246191027408939	0.292809352143156
-0.275710195396773	0.260393848559709
-0.00307824713666447	0.0029517417338856
-0.161513090644284	0.16920119900116
0.212712685707463	0.239377868498482
-0.0952978719029342	0.0910397961879323
-0.45223597600679	0.55168098709115
-0.181129293884772	0.178441597447797
-0.478897170001028	0.586323397580695
-0.272045669043263	0.33370070637142
-0.0126345414648424	0.0120328632109231
-0.0903816470116348	0.0786135258970636
-0.040942891361169	0.0338665238883403
-0.224157393284952	0.230043257564892
-0.161468826442576	0.14323474032736
-0.0653896849164052	0.0597350021994098
-0.0458748059817416	0.0327088529588139
-1.78355593853231	0.415040398756502
-0.510579500575424	0.812863737777594
-0.26594756142334	0.426733431598376
-0.754648059051592	2.07272505132065
-0.0543075911400166	0.0646884923699188
-0.599182772872862	1.28744305545698
-0.127200200443879	0.160829773105848
0.4812062680506	0.608001287677437
0.0343019555330329	0.0240209536486934
-0.0884925017503931	0.0597812106582257
-0.236189123579076	0.227771481186764
0.678255370053675	0.940105382172665
-0.422845375588516	0.256943121739217
-0.485081033320007	0.339882080598886
0.0275138722230502	0.0304479426818884
0.260905944168229	0.276422320318323
-0.121889536336943	0.112552681804421
-0.414987694557796	0.714312097290038
-0.237778447056794	0.387643818452392
-0.443082189194722	0.936665853350306
-0.514030975214196	1.08401011752604
-0.72734518916684	1.85837598623754
-0.402052618071262	0.631765729317554
-0.472564733252403	0.725246023975524
-0.220821516340515	0.246541944622266
-0.196248540628393	0.218790180339535
-0.0734067002322798	0.0766547146250928
-0.516795378594983	0.867317625357273
-0.342874457566295	0.431305454606315
-0.0412399008926952	0.0339834718875098
-0.232227280428753	0.18440024204651
0.0689971802009645	0.0680653631801402
-0.683915573290822	0.943745070245009
-0.563472821795456	0.889186702270005
-0.465330006500152	0.758072961161486
-0.115085603448442	0.114016892267743
-0.276804513216719	0.300254941160328
-0.760106627563708	1.12796855465391
-0.154724780843403	0.165872689443978
-0.219488014988688	0.207842223735588
1.16640417728722	1.80748640221499
-0.386278287970631	0.405034216042233
-0.568092770747048	0.828656879831714
-1.38452717275842	3.11755922947376
-0.0293936995589833	0.0245149023347975
-0.0189420066077418	0.020573445850427
-0.0418101423402457	0.0472554056624353
-0.178919364038928	0.222306095233814
0.243841541361463	0.314236641518201
-0.326088656783846	0.410658724316533
0.019082579798685	0.0176975717075625
-0.303940841759505	0.305750682971283
0.0434996803211058	0.0443646429136737
-0.000659883063193152	0.000544956176680261
-0.399482598466496	0.49465942027601
-0.222275203351536	0.248725129691404
0.398050106883512	0.665180642283053
-0.252133569413882	0.239455442384535
0.0312535471081204	0.0263422427209856
-0.256876862285121	0.244510435624455
-0.147205599027032	0.177309550249139
-0.499613445993843	0.660718505169505
-0.319935647812777	0.294228226754231
-0.207538989167867	0.306168206055216
-0.196732689366881	0.312053979402925
-0.648372547049188	1.49572885080839
0.0827191315685863	0.1056078637501
-0.627013986344079	1.62062126397789
0.0812649072080336	0.100901860879486
-0.535058829488553	0.66504562448022
0.217068852727678	0.151251172281567
-0.785081110247848	0.691814740477968
1.39049650072809	1.28316881919678
-1.42737515278438	1.17571884027536
1.50675356865316	0.731963105910918
-1.53996049291106	1.35871085979463
-0.201010361758408	0.121304116744917
0.115371865203146	0.0823972727447721
0.136307421421298	0.106894642650024
1.15761079742903	1.40082718851208
-0.136259351993306	0.0601873353802553
0.412805737712847	0.242283402981372
0.767896373017023	0.835248593573189
0.0988228035435286	0.0623394657911428
-0.274238987568211	0.187021100353769
-0.426582812581175	0.25996192382463
-1.68821929011635	1.30056366484339
-0.0403232794104589	0.0278332065980518
-0.349075818111627	0.387357015996433
-0.425956877207421	0.651425700668605
-0.645742188071843	1.04380889718409
-0.0172219036805508	0.0127226166990924
-0.156464015353816	0.13119222071515
-0.339054977676553	0.284851918403928
0.691048870451936	0.868606017237466
-0.294672347499787	0.227868193919517
-0.0126089705920006	0.00936626554061577
-0.082247770395069	0.073626375770036
0.370836949134398	0.498158428683968
-0.335487119718575	0.336038280385321
-0.659495672157216	0.825537661151527
-0.134617031175016	0.172492015805405
-0.279066604327163	0.497782855953887
-0.00906044994528166	0.011741747041377
-0.202005746555216	0.322499979144244
-0.134887220560061	0.204890779659965
-0.538718884605054	1.14385686377409
-0.321436925116564	0.587948358858712
-0.0391498927251816	0.0543132002372251
-0.564936979932676	1.37953902029901
0.0629072003014072	0.106125967346548
-0.130778897351937	0.228574991078885
0.126902206496136	0.189018169420919
0.382350851488633	0.345142482291491
0.98597528987116	1.25463143615871
0.725128515377376	0.720096634582858
0.494714793959549	0.453616507864391
0.864869953629808	1.06698456189015
0.0733875573333567	0.0598922170503731
0.210409929601623	0.155790426364067
-0.144450008495969	0.120488107067196
-0.0801585137106989	0.0544963679409581
-0.23512231560877	0.186684248212834
0.304866216530492	0.248360729270024
-1.78355593853231	0.415040398756502
-0.126425607762132	0.168036975632968
-0.191617163105804	0.296837729512626
0.0203662756570688	0.0252590093401844
0.0247580288807457	0.0319222434742378
0.13292824930666	0.200308444159224
-0.228621113955017	0.360888829214956
-0.78339815441244	1.78126323556684
-0.0121198004934516	0.0131811050219697
-0.244975430439328	0.351884868785104
-0.44544493667842	0.728036828529314
-0.208487568697122	0.244077649490056
-0.469527079843285	0.76706972670537
-0.101360230649826	0.121007975274458
-0.345319986407544	0.573311277904937
-0.219899225068093	0.386302458162262
-0.503586115749698	0.969705073820277
-0.088505591485719	0.119707315548797
-0.588392837694275	1.13572181322265
-0.454715358584847	0.779481151727397
-0.0698330709379432	0.0922583981805678
-0.733845462695007	1.72981121727674
-0.686508368086924	1.47218137677686
-0.21508090119635	0.251985801189216
-0.0342810485800929	0.0342124319751509
-0.641499098838781	1.39174866222964
-0.650096500933019	1.23567642953245
0.302592997833086	0.370500682169392
-0.473801821868947	0.484519716201466
-0.28064719731121	0.241779771067602
-0.96862393811396	0.886002945745273
-0.43497627698073	0.475424506219651
0.0854233264889345	0.104389676389621
-0.111086832902605	0.131220842100715
-0.254738000611778	0.281927637398132
-0.794759197068433	0.757154573557537
-0.128448093562899	0.0961263144870319
-0.220349784474258	0.177646204807305
-0.298387644845586	0.500521982011733
-0.242172744863624	0.397875626247332
0.101984790497465	0.125649862866338
0.241422181018174	0.332143094634076
-0.50415509782399	0.549599801056594
-0.239054005134799	0.191177511330655
0.00730727347229847	0.00453715292621228
0.300008394107872	0.249771370615483
0.267159925576998	0.263510297867547
-0.259481295511657	0.381787836826635
0.99692599996009	1.69987688106004
0.131417670350737	0.111752539822733
0.447119071560184	0.68029848614729
0.764901271537788	1.07531268722293
-0.424956551378286	0.343570786226746
-0.496521131996283	0.429341130856263
-0.406877302730547	0.72786981644482
-0.0164499442860447	0.0121657189994449
-0.877524076369083	0.58172398598101
-0.0890485149013129	0.103778480652109
-0.308245950210045	0.457902747384303
-0.0463986695177089	0.0501664972177918
-0.0229972356687849	0.0228086757204972
-0.279611996604263	0.340507088147723
-0.173032995032692	0.193161314587072
-0.135298719568768	0.153126276412734
-0.228886393971242	0.343208940061313
-0.958725529116244	2.97274330830298
0.602940274728831	1.01906727426001
-0.767761178507916	1.22398273902931
0.294079879229749	0.336962026886529
0.242915923038904	0.267293355854577
-0.197889320482522	0.177046139561277
-0.298358633655785	0.357410495091039
0.0619356232798286	0.0668229186369239
-0.588587331039035	0.928460561863912
-0.116155869832843	0.135751652165858
-0.671500942891355	0.920204179401006
-0.294792204418365	0.274491814641017
0.419495095597772	0.510475520505838
-0.65947581318762	0.952694968189445
-0.199371201016467	0.218108239293292
0.260341098017617	0.245105686272351
-0.619072997044903	0.926898540398559
-0.645755523554438	0.926430665834155
-0.349345286858785	0.55116377013587
-0.0146298012927348	0.0159649928122434
-0.371233290827663	0.465101256604049
-1.17637790773504	1.37140519707135
-0.734272502109897	0.437169030103695
-0.585643003572703	0.225890124229474
-0.273194814799705	0.187337992263436
-0.384338382147988	0.430370786469042
0.0415849639679336	0.0418445770490688
-0.539278368325501	0.742748311631534
-0.0716097161579701	0.0748012274201429
-0.0217601436021888	0.0201050952783052
-0.304622325474134	0.348290148686567
-0.200219570197823	0.333416423305484
-0.157858139457876	0.28830453096952
-0.360476595193581	0.707328547373826
0.211959566711836	0.262354950048067
0.0236763650023402	0.0357260422890212
-0.213619479338344	0.291795351266598
0.161747648716087	0.175568884027844
0.134328122658813	0.114355928652528
0.0674890808155864	0.07555384449031
-0.196902569764254	0.370412771596426
0.0219989269948957	0.0296506535743067
0.0655223891003634	0.0858447549511705
0.0602842219450306	0.024629395705181
0.823593630304247	0.425325766771612
-0.284392038770571	0.094028916343425
0.822980735327691	0.423964046056738
-1.2472720471025	0.704386332837361
1.71082472110195	0.917763521631695
-0.465934389028765	0.196588746546393
-1.2472720471025	0.704386332837361
-1.74825891494891	1.00553319508733
0.0660180484706766	0.0508648598923038
-0.176971317214622	0.0718217476297503
0.465802790052283	0.162509667613469
-0.283816265891262	0.0940046780297161
-1.08923141279672	0.440851756420907
-0.159002403168746	0.156259403556813
0.860535870521443	1.1585922887889
-0.57999427659676	0.910627939223734
0.348532431494746	0.531482920370251
-0.154192593066108	0.165349702100635
-0.164204670482869	0.305497083781894
0.0953975581659517	0.151167474069067
-0.0156946945442077	0.0228132181327552
-0.266442885726797	0.47319727664964
-0.245562663390714	0.424683607143505
-0.180259378304261	0.369735587295974
0.0895530808255528	0.148472962210989
-0.378095994965406	0.469293453622763
-0.286014828911874	0.464925381263122
0.153742264215394	0.291082055075014
-0.733266459066496	1.62150838790107
-0.235209657182968	0.330424441222094
0.1259893156879	0.101623232745838
0.126818400662766	0.135631003903108
-0.619571102597193	1.219109377226
0.120147680739294	0.185482209175146
0.249220344307318	0.292241625122991
-0.416214942341984	0.251242234237068
-0.437622338582644	0.44927677588939
0.406034310966992	0.498827473260887
0.265824750198087	0.403606823678994
0.377190957494343	0.51561102463691
0.508427115123039	0.520066960666139
-0.481127429890589	0.27463790253007
-1.34092091631456	0.611542143490278
-0.543368837994811	0.7537663611521
-0.0809703190376774	0.0971018092512142
-0.882908498519619	0.680234706055648
-0.652583952693237	0.776162179153831
0.483357918069385	0.353886557843342
0.37333650545295	0.1446268731375
-1.03561087164701	0.635045871193675
0.0725115965458498	0.0356579167772062
1.88684738390464	1.11960094896759
-0.704345916003388	0.672332114865882
0.0515104759688634	0.0466559901797931
0.629570500237138	0.380813014560878
-0.169410686652573	0.105492115601583
0.22756944538231	0.295525110878588
-0.55331175775949	0.373009915965552
0.468557085842939	0.164670323898188
-0.386933697773998	0.181796345605486
-0.724574989169685	0.422762180923051
0.377836149274909	0.602524882732275
-0.386933697773998	0.181796345605486
-0.182631160940966	0.204202483610023
-0.446298213023935	1.24153863381792
-0.0966709219047798	0.100921399289023
-0.131418864533866	0.0847713664869259
0.709717668512509	0.612963841654982
-0.131254673682356	0.0838522541456536
-1.00512502011318	0.726639198975296
-0.853948251555064	0.854663146865049
-0.065645237544238	0.0913737620495167
0.201600016063991	0.337685513509839
0.0307987139165473	0.0408432353303727
-0.0757634397823896	0.128167542596267
-0.33675239334244	0.616760252195235
-0.00609562972927718	0.00748079344381983
0.246051234137595	0.435242813502888
-0.684776378672324	1.48640374059753
0.0381841649995921	0.0459940629301646
-0.0241377395579131	0.020615196495411
-0.470236346422489	0.83483636477188
0.12170634646939	0.172214746493546
-0.373428918467841	0.618358187193878
0.228480825988631	0.324261483636607
0.27422896812677	0.458287744116587
-0.586761140196013	1.38708226444356
-0.156350815738874	0.253814432884741
-0.11941841442449	0.174442467894325
0.266677800535786	0.622114545178536
-0.184360564076703	0.281145667146609
-0.589216673421053	0.227872967084399
-0.389819593414635	0.113165790285367
-0.925464717589283	1.77344537345135
-1.02849834800552	1.09678407161676
-0.081600029874473	0.111274458129896
-0.390649278146303	0.929975676375668
-0.339670547469953	0.692263840644905
-0.225898434434037	0.424991565647739
-0.416574200769294	0.974580930372145
-0.351422821164936	0.782159469710296
-0.743470775920158	2.42187637121228
-0.239968177901993	0.499204719158842
-0.157047760302784	0.246750681800919
0.167052960540148	0.252445086876244
0.344314092966076	0.668877067365817
-0.100591671943264	0.0782379450629735
-0.0558012098251261	0.0391509899802015
0.788770583314154	0.999898100448178
-0.0184252893789438	0.0136284317487555
0.36087725177334	0.342183449012892
1.30447816415331	1.74126598905465
-0.384923265004944	0.374310791245355
0.447713285329885	0.513188527310832
-0.582637384494291	0.737828008004857
-0.62241718671255	0.656867181028208
-0.550320085921948	0.468724462562073
0.11967118025285	0.0874650734842633
0.115483576210511	0.0791720752958575
-0.763311188400363	0.543072398105719
-0.182641259434653	0.250110810300025
0.180376124325779	0.28574513163146
-0.262751199154059	0.391553191240272
-0.0689126786227986	0.0894880051453258
-0.424652393517936	0.90659358102544
-0.399092361223889	0.760280012910407
0.175269655057017	0.225138386380083
-0.251210811482542	0.309291366880254
-0.339243084355338	0.421846886415297
0.206920712358841	0.26659956678729
1.08986630443135	2.671944081424
0.438820326300254	0.605205222780745
0.00919866688832481	0.0092345947114994
-0.632008536123595	1.62278854247887
0.172118670923725	0.244192800345862
-0.126003111431254	0.170053297311013
-0.475429851774169	0.973665160066797
0.0107628963877396	0.0130688211238441
-0.472391230737637	0.991531696297755
-0.179791018775264	0.249474100969818
-0.121949734055144	0.179237655248807
-0.124613308786925	0.15123758635224
-0.315805704751517	0.482787031118963
-0.298252277508239	0.30363822636142
-0.222504553315965	0.279232160943924
-0.41427190617607	0.607183454338142
0.517349581459386	0.826715748759326
0.688607273362661	1.10660706257209
-0.0726986633785552	0.0760651194834797
-0.196233345455628	0.176175366409377
0.129034529945938	0.102973450364958
-0.134624042807562	0.0866594775370854
-0.200980310175697	0.121603123459844
-0.872360732183317	0.752840189824049
-0.235542006744442	0.16381537149219
-0.525158482256544	0.492867718484162
-0.739384678443219	1.31402483075757
-0.147094016758623	0.16629152018734
-0.424459185882196	0.377216459089436
-0.44063500159841	0.671479022695508
-0.355345635612271	0.419667157171937
-0.537005772645374	0.578623717190358
-0.102020988946799	0.0789782558256286
-0.425195431777069	0.378334964301749
0.402811698754628	0.342543654131365
-0.246537746917559	0.231946134564713
-1.03771356237176	2.5527154223965
-0.249501853086105	0.256696137665974
0.511412485698964	0.60791306476702
-0.211710951113051	0.244647134953007
-1.07817910103519	1.74570362719334
-0.618657632979482	0.522270670683639
0.20765763284885	0.148746794729398
0.296735128557176	0.340877634039416
-0.623343825675769	1.01070056402354
-0.462624036337899	0.36998340605149
-0.751358037876053	1.0589535999339
0.0734003680190277	0.0837912574646061
-0.0966476062432485	0.118645810137922
0.216797301918385	0.330792378515674
-0.23165570629269	0.281485246928267
-0.496003323904289	0.922014904146111
-0.285719010095499	0.414321554896683
0.00864615845656851	0.00874978332740738
-0.412422887246705	0.859538349966496
-0.0676311189978741	0.0885379528310607
0.0220084951423088	0.0208092270126038
0.371731992065807	0.420963534170191
-0.878946295998542	1.38456546563017
-0.379185727272572	0.396408345626984
0.468500381709411	0.452311487071079
0.688366712122255	0.928446984982988
0.781639365977754	1.23144789957226
0.714242817888318	1.34053314975959
-0.439341642584713	0.567007199298833
0.136558442380685	0.110054414345919
-0.261641122596139	0.22909507111549
0.997550839184075	1.3493573096519
-0.360686509160515	0.381878994420325
0.00941023518156788	0.00702317610408826
0.73635075397914	1.14803303008097
-0.584041419237821	0.940055069787048
0.211265919756841	0.183243065566489
-0.752317749491737	1.10562734243895
-0.231869404784659	0.328503899165812
0.11030446922659	0.110800952595256
0.0174323807444202	0.0162571875830719
-0.357910425365484	0.645298948108504
0.315522666003936	0.606212844314453
-0.0455904399706764	0.0613124690659192
-0.164429543749942	0.248135790776539
-0.48270550294413	1.36437375663413
-0.26137080527486	0.592903288632526
-0.495057372019042	1.68344064577266
-0.0745455923910081	0.124665034392856
0.350971996664779	0.61861590123929
0.107026539362963	0.15402910056539
-0.101731519241218	0.120752672100847
-0.341681487226732	0.431158725934181
0.309690437313553	0.45222416954702
0.255527799170735	0.269742662301433
0.48542085798133	0.665552122498017
-0.0627129299658104	0.0624995517754792
0.0674315175600555	0.0643263510135199
-0.713023167542794	0.975289123249627
0.190235025775438	0.187247062027467
-0.0109203686734691	0.00935977815208539
-0.480686327545747	0.587079533019904
-0.549556861472711	0.620729130511333
-0.182799971205987	0.197275405604775
0.294469567653959	0.343927082571212
-0.643284982031378	0.763356030264768
-0.506683188421061	0.610871281069396
-0.37169491957679	0.395292670603455
-0.357025829368773	0.422923691522595
-0.0820273398037618	0.0799072060641727
-0.0222455462709423	0.0232892597151801
-0.147707142626239	0.226761080371092
-0.684001278328305	2.06269056711772
-0.495129584328048	1.16603607942113
0.241742241767923	0.424599502621813
-0.0348601631080388	0.0440101798313402
-0.226120869909342	0.249476676508047
-0.285277576150205	0.244469707472054
-0.216738991208081	0.176126844280936
-0.391238798011672	0.412325805438102
-0.271056657663701	0.306901968900789
0.0692410503607411	0.0311540119241469
-0.941327388262221	0.999444569135006
-0.20546496202235	0.321577354500486
-0.328412880624183	0.455363849665391
-0.142859540259634	0.152000393260031
-0.529699589109277	1.00225375899747
-0.542350600742552	1.32274306982223
0.0622063300706138	0.0971801571549896
-0.134239447623306	0.214724639693888
0.158364532710421	0.252642437021563
0.209050831518162	0.221660730651959
0.198204230097842	0.297344530292003
-0.106521987562587	0.148126622848381
-0.230763976060907	0.312875924597671
-0.208638320592045	0.276701394093234
-0.381596692029539	0.395614909067893
-0.109690256946708	0.103381364721545
0.041641068052236	0.0349526146584583
-0.325212034555513	0.395734535343126
-0.0226665304867493	0.0228111555219633
-0.0978240965446399	0.0937679762713817
0.0432374070459083	0.0380625191760015
-0.253507852049219	0.196910900647028
-0.428331520287394	0.469106133642875
-0.358991746129672	0.356512013543689
-0.295856354199171	0.374807440065072
-0.322003533256146	0.366482514011687
-0.405828407366657	0.578665850014372
0.255591729790132	0.290102472299934
-0.027108964388586	0.0225263955367019
-0.0790159896371007	0.0819442374464615
-0.222223552027072	0.231095668394956
-0.336267762470452	0.447063266412189
-0.22757112731981	0.269628487648554
-0.171388571416327	0.17027869898289
-0.106890768420081	0.110906406196505
-0.0474279616891995	0.0390546529181253
-0.384011286531535	0.421661454529217
-0.677265212662873	0.933241628318883
-0.282559346097709	0.373013989187024
-0.476153667997315	0.583803214776892
-0.348013977218151	0.482519107958421
-0.185378749820945	0.218852235835996
0.198144009714022	0.140216698456426
-0.279901185455469	0.463310204080423
-0.0919019584272896	0.134421867177769
-0.288084354390701	0.581570634446615
-0.380464088441788	0.790239103537876
-0.394531909932334	0.892440776701632
-0.33579326464853	0.651427037022519
0.0934073226771427	0.0998259736710017
1.09508641960275	1.33366741995203
0.216187506012612	0.150096285347422
0.623913136616253	0.28012882664238
-0.0905507524094083	0.0467633929397034
-1.06677834277171	0.523160536908802
-1.59902981072453	1.76898034820449
-0.54166086988905	0.508168576967067
0.827865400129128	1.03219412719305
0.117393793524884	0.130112170619728
0.00467913931267133	0.00293293434895043
-1.00756466774563	0.736224735201272
-0.48859011944053	0.282255566783139
0.0145458798279925	0.0095160782313429
0.902873826757851	0.895523374718643
-0.207425230182461	0.124246073927319
-0.0008752026021827	0.000447374327889029
-0.163868628343643	0.102163413719507
-0.00469898734911886	0.00291245483272329
-0.216232308288275	0.236238801501731
0.121632675752306	0.151897218188996
-0.0870188632448965	0.105884958371757
-0.419727547941616	0.536934893431238
-0.268664844105337	0.426857172531602
-0.139547136148091	0.219054974326733
-0.34942981739597	0.722607265788917
-0.118756839289191	0.170417957305888
-0.0768654655629296	0.111106254196451
-0.198401607133753	0.414992930200666
-0.0789769746390484	0.135775309857571
0.0551659246258496	0.0822979145008534
0.0852807238465722	0.106753198599895
-0.408305789326539	0.707947805561531
-0.378928004892244	0.544962362031081
-0.192409039589235	0.216183481849462
0.67358802326606	0.99020419231208
0.488683847941538	0.618475353130544
0.141716476053118	0.11990696332578
0.0829906137307586	0.0756885797680466
0.32630117313858	0.34177911172871
0.488271585726187	0.584246829961802
-0.0943666483822268	0.0747387287053467
-0.683608335452044	0.941748779401323
0.0709601548396181	0.0579873668033021
-0.058669375202989	0.041244607502025
-0.0317900073097156	0.0231297524662638
-0.0259367376648582	0.0221583186965393
-0.234093932675083	0.206977468944192
-0.0774262481828154	0.0677717316099516
-0.124823176090502	0.106656212296238
0.204990729733519	0.177906083504968
0.135465905532795	0.115099181667149
-0.7987581227045	1.45663944855906
-0.444962826472366	0.483359067694486
0.0268476699017307	0.0230553131166423
0.290750897162967	0.438342310286772
-0.249506401118391	0.421441450889389
-0.0213339666608833	0.0288221992575269
-0.0966561040569315	0.131856730336114
0.0119239825281627	0.0157388721032051
-0.0714867897309366	0.0981695018716493
-0.343178280764763	0.451212930126683
-1.03545911713282	1.36911507885037
0.0126747591536279	0.00828199180838912
-0.455657191736957	0.529679404168657
0.435171719148721	0.589755756622311
1.35152508870019	1.54449032710382
-0.249814097528861	0.192892202144213
-0.423754921758262	0.797076848397254
-0.433940508102739	0.64200670993747
-0.367371024413504	0.483156240989461
-0.0966850445575171	0.12655196157472
0.00686635241289385	0.00825241508783321
-0.142383282248957	0.229653155419854
-0.13473234927622	0.194497912048856
0.438535629912989	0.853542767570455
0.356279391661008	0.414669513898439
0.166970928926915	0.230240206736584
-0.276360050855895	0.450629710391339
-0.369876958643931	0.589800083727441
-0.602339808085739	0.90817144522736
-0.177133639189988	0.161199587294311
0.102297125563791	0.0985204631917397
-0.228657760472783	0.269165410732798
0.468613961033845	0.65701495673916
-0.0442871258277287	0.0360074051711287
-0.42461432682699	0.550563564683194
-1.12630231515382	1.84572779552431
0.18967527925146	0.208959025381105
-0.119088381527226	0.118843688523376
-0.149710825377392	0.160355877095321
-0.928946230339924	1.40090372882031
-0.986806776370826	1.18181763881399
-0.129947184004967	0.13898482835283
-0.0786775551509502	0.0751492406046275
-0.23979529119011	0.260742878240665
-0.0131764598814405	0.0113298561767485
-0.16513894915357	0.165878727829843
-0.567220883393319	0.851883320588151
-0.204287109605616	0.196000822193508
0.590909334068544	0.805090546242307
-0.111505627106495	0.124091456232319
-0.11180422960636	0.105739652615825
-0.0129269717196214	0.0133585904573991
-0.285686509119945	0.354183934518982
-0.449992746096145	0.427702400219274
-0.266535244893841	0.421363484594325
-0.0533571912783432	0.0716906714679241
-0.516400544331406	1.21216692733636
-0.102089696092332	0.139815828045798
-0.230765642461726	0.436563432777035
0.0754516210842957	0.111089359839732
-0.0823446185192423	0.0871059336440416
0.218067217213383	0.129290439210808
-0.369755973111862	0.272806306425024
0.994051409057523	0.464591064504225
0.41346742608578	0.243594007736527
0.0714702876233502	0.0380510464567625
0.706287585254576	0.397486298482717
0.734068890867082	0.818067975922007
0.19789111445573	0.179134825251815
-0.0265688633462984	0.0252558047154321
0.722901495785394	0.792156544777849
-0.462000596089625	0.369051628856624
-0.224165007049779	0.0823923664621569
0.418809519047613	0.345207526811176
-1.64299069484753	1.57475522151403
0.27587694080814	0.130764637696911
-0.374112520610613	0.277747252474837
0.348678513627494	0.2424823784044
-0.592120478366851	0.450294795747336
-0.403280600295188	0.550905986958875
-0.153642065969556	0.193558320070601
0.246482751621654	0.304236208530478
-0.107264176620983	0.118511001244832
-0.845790300748087	1.01504035355501
-0.361256491524197	0.792221804892754
-0.0899967199833738	0.139268410931459
-0.200578309332845	0.374249744252374
0.0748742432156704	0.109585730398571
-0.0719535568249468	0.110430092250036
-0.146063717049539	0.248985618095525
-0.265010728489589	0.501084722055398
-0.023625557505648	0.0336137156483509
0.116613988189461	0.166080608569828
0.0534334552865966	0.0680740576267958
0.207936047982744	0.165905706748261
-0.700010431647438	0.630282195315102
-0.32858080449925	0.249156663585836
-0.539551294491854	0.50207442697334
0.882977686773542	0.9965581170366
0.308577016281912	0.249946446501648
-0.300231910921497	0.230814016739621
-0.22900158176223	0.159316004363234
-0.512944344010636	0.445623773026366
-0.132165900541162	0.0845087227732597
0.208805034075022	0.207586341773576
-0.197685528696104	0.205882412569383
0.555943712100819	0.625900844964122
-0.613932864960617	0.514995744914463
0.0297710198216995	0.0200516449975859
-0.0266001708563033	0.0156670618966156
0.275630578523402	0.255330038113632
0.913146551560262	0.924593365186429
0.101891365874553	0.0607977198350262
-0.0326373226064137	0.01889869578025
-0.664957886435193	0.491395879357907
-0.0481539131182792	0.0343095539092126
-1.61377642885474	2.31145309805923
-0.225681557427566	0.339297802970607
-0.175008079846752	0.257034226137855
-0.208494647094445	0.316617358395396
-0.0444525903177043	0.0557853778964929
0.0358786795481671	0.0468468856988689
0.110540599349619	0.148081259733155
-0.0118324943832304	0.0149465858049915
0.161404611760256	0.235029151644529
-0.281981211229845	0.44291375047757
0.21218168498685	0.277806127291035
0.0939032098664535	0.119246581960432
0.13030031316295	0.155849601235154
-0.206888771440616	0.290879197148451
0.0131055892570805	0.0159249915986255
-0.265494530708069	0.426205725166328
-0.11312283536952	0.176620606909404
-0.0582049099440272	0.0737262296784865
-0.523375780504745	1.27619643444408
0.0988314874253083	0.124958678897192
-0.0844169213770977	0.0976796208574872
0.269428936993071	0.446836578519754
-0.353922783605206	0.551762398164419
-0.589266596075531	1.2338072949349
-0.712251002745905	1.08700197892187
-0.298975916284399	0.356206618675884
0.337263039046738	0.417538844097181
0.284630189433815	0.38915514079268
-0.116726942144261	0.133250154044975
-0.0925319380434139	0.0822388301527943
1.03814024625061	1.3934154289236
-0.725592363564685	0.759504921754256
-0.667504913750856	0.492231794384899
-0.011759915443757	0.00710492120951243
-0.860696489397512	1.21362801467451
-0.839304534506176	1.00877238589149
-0.715499144322978	0.696378663526667
-0.636447862526444	0.84133078287612
0.524322460829107	0.534295867880867
1.01731257661175	1.17794120934263
0.621358758099212	0.658802375419649
0.52031339965798	0.916267167985043
-0.0737701892112593	0.0508762393005382
-0.308385628984652	0.204330515736221
-0.0672718939989034	0.0463462464540901
-0.286007693986943	0.290455063627002
0.0428507244349943	0.0465898921762104
-0.0518472881174052	0.0651796493975445
-0.0480988890714931	0.0573011490302583
-0.0161228091587731	0.0177186210075397
-0.306389208603386	0.369985145455522
0.0327438457466224	0.0321222938074467
-0.715153007913699	1.48293722492081
-0.274883781942738	0.444008121683195
-0.0911441982176018	0.125796146217126
0.00286854557200401	0.00293529712994482
0.0719051942584635	0.0845763169694513
0.503165738057298	0.763972353298756
-0.63114327213827	1.00973042015587
-0.0692748362699526	0.0753787426010266
0.83012474291695	1.62814168181303
0.697668192754182	1.2500037895629
-0.151804906499866	0.172547285237384
-0.166239126581858	0.194827528128548
-0.142374088876392	0.150121313080358
-0.172705571805214	0.183922853946305
0.0456192193983516	0.0460517288010385
0.547880357337205	0.923721299913817
-0.130861222828963	0.156284313178308
-0.152675971207892	0.173348177377122
-0.199207460579468	0.230811516152933
-0.0685315154973144	0.0775044366101728
-0.420799522885749	0.729778149695228
0.284094242259239	0.481648309422317
0.0658624485798735	0.0627219182585182
0.0540341813465652	0.0508423619995296
-0.0758827811443455	0.0602835068663663
-0.267556631905877	0.486480539525334
-0.137207068939814	0.198792001657409
0.342817937956551	0.438645656574035
-0.36613209879087	0.714024908491746
-0.567125872248329	0.922530674756404
0.089496108373113	0.0807491794990363
0.561532521180295	0.78760966457596
-0.621356250179782	0.899191291859711
0.138350424673088	0.195622939983199
-0.329080568573707	0.547283047112106
0.465574552892259	0.524897285493923
0.0957688983643984	0.0280872494074502
1.54710001412767	1.01883433867815
-0.325614712694763	0.166821577293185
0.0658412961474302	0.0268362627536572
0.0787519864950948	0.0260563179245945
-1.05300302165117	0.526910388601099
-0.784952004958393	0.273079517790807
-0.112925676054035	0.0545959426279206
-0.283816265891262	0.0940046780297161
0.615896367859951	0.276796805866574
-0.680130185908512	0.331604380927299
0.127917947751163	0.104689153877324
-0.0943033375689211	0.0634102557653342
-0.171843298246386	0.0694733603958305
1.00405618480196	0.581632616145823
-1.34033990737278	0.609563942842024
-0.417679148251289	0.302463935586615
-0.182883493107152	0.0738596223574824
-1.87051791418744	0.771246750584204
0.372721640715564	0.145161318248194
0.074837630600667	0.0365010005813911
-0.352438064479851	0.376899400302279
-0.268536510977515	0.324400950521597
0.939893051777306	1.22579941874794
0.124015662423851	0.0940963024158133
-0.570826124120357	0.834499946993195
0.422632949313039	0.601059685880063
0.811436016691187	1.43427392323513
-0.317958343105717	0.610366801105625
0.204854080152606	0.300166516539754
0.0117003154684424	0.0161471561472641
0.0615665924650076	0.0816743000559132
-0.314486937046141	0.530354679989151
0.217604658031981	0.38975251469023
-0.607435940820806	1.43077904804672
0.0714269691938539	0.0803328531060675
-0.340342927203044	0.544559925296927
0.178201522103422	0.324931298444514
-0.34586140358586	0.453674968033776
0.341547751933974	0.418636147748318
-2.02305086656229	2.90920045037624
0.273847848180243	0.266970933831013
-0.239482372801399	0.273524260349762
0.0140906678496717	0.0157882411456713
-0.290748501565908	0.155663057014416
-0.119122954870791	0.0779297997945369
-0.484379227765672	0.460636914986778
-0.034227285721286	0.0344509956164063
0.029044118830852	0.0269108268719042
-0.201852821697081	0.14385539549896
-0.624624009077754	0.395964333415997
0.0699608660670186	0.0346705355964943
0.0873919099750194	0.0287339321083739
-1.55757893406072	0.80682923037613
-1.55859357319854	0.559769753604985
-0.589008688296037	0.224982753040313
-0.782881732326074	0.271747952719405
-2.53898850837204	1.43136581753235
-1.09328869545801	0.443390423166797
-1.08865784704363	0.441789748849559
-0.476584365399051	0.193087663643816
-0.47267481491258	0.201101509799722
-0.680968673530225	0.332069052227357
-0.592534427483149	0.229347002712227
0.828552851438305	0.429269860305914
0.257308792504413	0.291120123681442
0.518946184099242	0.361096779406709
0.105769244360977	0.0304573870679322
-0.182883493107152	0.0738596223574824
-0.84481990320661	0.377025193866205
-0.178684789690466	0.18713294596473
-0.0878683079477883	0.120038830677324
0.280443315422068	0.254472957526216
1.44186862667896	1.13519860705874
-0.419480822438161	0.255897764623239
-0.690157402544121	0.564432930966144
0.603627506908845	0.484175881361623
-0.445025120279016	0.427613713664783
0.518323405364071	1.02703223923467
0.215555784087811	0.360696706118657
-0.397785905300041	0.848615371602364
-0.699822415467	1.79352096959413
0.171815448556624	0.267095153430576
-0.363249116234626	0.680207598738811
0.15522085727035	0.234311981160146
-0.785326966085328	1.93677250831377
0.100737913604937	0.112766839990069
-0.453801938268375	0.607267565502402
-0.216005472860919	0.307867381193444
-0.395365489773431	0.738113446178603
0.134314394870032	0.155810510605135
0.845142901512012	2.03975837816123
0.537843837769465	1.09729978226135
0.190945821014391	0.2918714231277
-0.400421159720528	0.63973699644895
-0.261900915967599	0.457450583830591
-0.292655050366546	0.452089026568168
-0.12383014895031	0.0594932733090708
-0.180889484140899	0.329214609935712
-0.244814655589683	0.482290974062544
-0.389843840983256	0.799067784163509
-0.111081668077086	0.125116437844062
-0.0952518003929917	0.132219976156202
-0.12541928743419	0.154440189178541
-0.638315082276514	1.19690290840052
-0.399057923979293	0.61692028780081
-0.501003030732398	0.94247438094503
-0.148426342581409	0.242649645539335
-0.139315595442532	0.201213021257765
-0.210205729281308	0.247281635850852
0.0694218615090746	0.0314250772724684
-0.46770801940019	0.197371296008551
0.282193769962672	0.133935114883282
0.0723371468870804	0.0266452267759741
-0.120386925385748	0.0578672938610017
-0.690002855804821	0.330809434484815
-0.389315139255012	0.182046289772326
1.94399441332475	1.71433367389361
0.0767625711047799	0.0312345387757975
0.312563657960933	0.133912185561675
-1.00732468881583	0.731270258997588
0.505484817414443	0.617470180899799
0.135272063259842	0.122238085494277
-0.48859011944053	0.282255566783139
-0.758982095161813	0.53594518093047
-0.466627350273262	0.197949563128434
-0.283240759595836	0.0937144526238611
0.0732624209407264	0.0301241896140021
-0.780067822171114	0.273115694343224
-0.132256180930057	0.151442688323691
0.599970445066376	0.797571673802252
-0.175566695599982	0.146095228720832
-0.0443690733538936	0.0412190287948101
-0.140135010561284	0.175342908825827
0.325832750367297	0.433036397417275
-0.436451522049574	0.849382385075059
-0.0193741718403899	0.0238572698885558
-0.267895639223619	0.47010860473159
0.310943577591308	0.551492822329984
-0.13477264059999	0.179391336744003
0.268547623362612	0.44955112593595
-0.36461559425426	0.617258649782141
-0.0698959888400607	0.0736596026226928
0.155489501914044	0.22269589419315
-0.0154643066020526	0.0211109323692529
-0.141170754901192	0.171740071695632
-0.992913862002576	2.01941663212649
-0.15287057119061	0.128179629545746
-0.161129295543651	0.160866009141864
-0.298439967656024	0.360270419443104
-0.0797762739179746	0.097095003039461
-0.583581695338647	0.835656468876277
-0.290436793271474	0.328824324188619
-0.615944022344236	0.653195947560617
-1.18869379204353	0.807348791716601
-0.330540793115702	0.166263604836931
-1.55809261738805	0.56070230461001
-0.58804965889281	0.228034778047064
-0.870866169597612	0.481841730583833
0.234964627717742	0.130411602091215
-0.571151811847093	0.305078881614287
-0.568928913943322	0.301545445468813
-0.489307900153222	0.279513154237954
-0.222113542653919	0.233051889935054
0.0701258894973549	0.0347751231716306
-0.141890811299239	0.0629713551579725
-0.0269870154090635	0.030460055812855
-0.407133334779026	0.472551439618654
-0.423719545307041	0.304591502986103
1.01218333842472	1.18330692371118
0.882094082242557	0.991281404713011
-0.0456991604173348	0.0326279519691371
-0.454442598302188	0.561086719302397
-0.126591470259455	0.190943041298482
-0.254331029453309	0.407411362760495
-0.0682016892423711	0.0860419456527856
-0.221360256293564	0.326047003582657
0.00290443293237201	0.00339284498960847
-0.428244754505467	0.758531426944916
0.402215144378617	0.705071887667159
0.176662634790102	0.241513928125867
-0.178463313923254	0.266213419642708
-0.380109402660682	0.614887422519299
-0.051666624609069	0.0629008898282489
-0.274530408957474	0.416308980138604
-0.44045560208275	0.727131609174236
-0.0558825077771122	0.0676757681360809
0.293709253138577	0.510237647248404
-0.101160527755282	0.120677618249747
-0.484033442324371	0.942198470451863
-0.221307522816122	0.340908985749291
-0.23297959753388	0.329126157499993
-0.328596536538894	0.612206607090611
-0.278930555410972	0.382273254021942
-0.108943652997783	0.119581759974533
-0.229349944402474	0.280405163081535
0.143208291233224	0.18284286127108
-0.0443177484721609	0.0543813176859941
-0.00606533327804129	0.00752044857810889
0.0722652572870595	0.0381304089906123
-0.281972984391248	0.092695894956706
-0.589008688296037	0.224982753040313
0.0652463197092963	0.0295059558695612
-3.47689322920378	1.23280103827797
-0.14190290926896	0.0635982083010046
-1.74635753217643	0.982522893438061
-0.212026936385487	0.0770848516293301
-1.33871363523482	0.610811455530862
0.0780094395620446	0.0287317627796464
0.501297506957055	0.586897257231753
0.0919360460081339	0.0552104654101599
-0.470664881774646	0.198808962367751
-0.219356834667488	0.0807642610649521
-0.49745202420057	0.28233118385796
-0.520911753958491	0.663844661564448
-0.419575899281615	0.436502175752972
-0.157515468833898	0.167839495925275
-0.803223050667364	1.28162469189
0.618941778373434	0.812818797895827
-0.52171279877995	0.762787093198814
0.13373568171633	0.153064280004093
-0.295286998755216	0.396120654536533
-0.20741114448093	0.336694693876304
-0.0994656923401945	0.14164520552208
-0.562929272712204	1.24040727439178
-0.537665651923391	1.15477306862001
-0.10030105570881	0.128422142014122
-0.461669655774349	1.00847362416124
-0.258462071531463	0.42519827802782
0.536946153308424	0.921460354365293
-0.0212953905989983	0.0248820874014748
0.340667235016718	0.713201336645154
0.728517991963317	1.20096597994598
0.381717423042441	0.50910216713545
0.354823023377638	0.344281291407042
-0.16399878156329	0.135212147455206
-0.434540625821348	0.613730199452452
-0.321593127921181	0.462809635368036
-0.707134698449162	0.919528611948778
-0.841203779304063	0.372350828516206
-1.09328869545801	0.443390423166797
-0.390441693993651	0.182866487571437
-1.09328869545801	0.443390423166797
0.0531168370045572	0.0471496713087279
0.0623810177635389	0.0254944714616375
-0.780621338588044	0.27365972431568
0.0467450222993105	0.0558525374169277
-1.05388104748614	1.576995314235
0.43437863849431	0.337735804912862
0.653815709240947	0.682730743441743
-0.368665238907386	0.235078455417003
1.49846196079494	1.49854819031878
0.283849439219495	0.250396788554403
-0.257549971622557	0.41283402362067
-0.0532615410476925	0.0666462628132599
-0.418382071341467	0.824276134918577
-0.256055421464058	0.429743316662192
-0.201703126474534	0.30097153627765
0.454909643277587	0.962887128080649
-0.360349588487905	0.598943290947357
-0.306831090424888	0.542904269346681
-0.121215600662829	0.157916265110773
-0.289915427243629	0.455131358848206
0.45280099692414	0.874843019654208
0.233959099649193	0.350642137570264
0.0343992781241556	0.0375690041826883
0.138626987253613	0.180007072634823
-0.08329912342839	0.113556417439666
-0.493823570788965	0.969943955383684
-0.277843865629729	0.493001832915322
-0.460813571885895	1.19799745133076
-0.233102682394705	0.399571201288951
0.289270334902376	0.381091043458858
-0.154764863585582	0.187892092660086
0.0249174588188323	0.0264065536553762
-0.268291418751929	0.367372969203105
0.0750762077844174	0.098477871532585
-0.612339405992874	1.38376803011162
-0.141265138548194	0.0631658655313475
-0.325921449441299	0.165527742904189
-0.597361701086428	0.229388000554856
-0.486112264304416	0.2770029701848
1.1976290472266	0.634652736516412
-0.292930567869432	0.095717767607908
-1.87232727452828	0.770981043468123
1.01912667742396	0.717240220678733
0.270422888171208	0.268616911460475
0.764819618859991	0.915341903629898
0.827842011676406	0.429370920090642
-0.390609043378598	0.113594128833838
-1.08935655759627	0.438933068712187
-0.218087388523012	0.0802373753364199
-0.584474130413975	0.226044658568199
0.315628588459467	0.136398646227853
-1.05265653204335	0.530556549962529
-0.607151340814912	0.868253681311661
0.251275446130623	0.269792842871315
-0.664743213863582	1.03503248445394
-0.545067543034743	0.888907507284411
-0.185680610987241	0.218608982614009
-0.0581370948880767	0.0829239961874439
-0.181146881752865	0.250117212864793
-0.0832044435110476	0.113134171802642
-0.323379202640834	0.633568700867939
-0.198807742252317	0.350326044421934
-0.892872507698845	1.82715989969559
-0.0132666148244612	0.0142228679182683
-0.26118757625223	0.470355345223858
-0.0497612731715768	0.0533513996727168
-0.48978968575058	0.717785597588737
-0.488398568020851	0.56327568867116
0.200668521986806	0.203905463688962
-0.37321781765361	0.532955484258407
0.0753610940751803	0.0876134492754307
-1.08012507492014	1.26631240756034
-1.12810817068395	0.903333671771882
-0.782146453645927	0.271404367851447
-0.469230200188835	0.199930655367864
-0.283240759595836	0.0937144526238611
0.363607248556449	0.139585403231631
-0.142273674576381	0.151980743679054
-1.33813219231377	0.608833221359507
-0.639596283054735	0.156460136265019
-1.01807277536207	1.64951331226284
-0.302316549596884	0.554695942422573
0.0599758093392587	0.0554465688238389
0.63855397112933	0.593541779672666
1.61781628732844	1.98188823710219
-0.971160857408316	0.902745603895954
-0.0299177344531691	0.0174459266516032
0.0694583818336988	0.0552417641602421
-0.184828346657428	0.278164848204523
-0.0317044066848621	0.0412952477428437
-0.561582266190296	1.38750782008827
0.285038947153084	0.566102229482587
0.374542259316205	0.728084199819178
0.0701300430541553	0.0887673128614069
-0.142526397033191	0.206244549665652
-0.0984623974645089	0.126001997782047
0.0986117559272081	0.124397684010811
-0.151767367091523	0.184025488796278
-0.129631371251687	0.179635276146831
0.879576125914986	2.24384270734223
-0.0131298172103164	0.0151640702548502
0.0331052141847527	0.0399235404320022
-0.645578555478966	1.56073254030171
-0.104260811750914	0.154739138022857
-0.361014789356202	0.600535088356911
-0.214596688875356	0.335881708402286
-0.941955533518101	1.74513074929555
-0.702889637985098	1.91612745814895
-0.498572618782406	1.14391656977315
-0.097860888227779	0.151054806673367
0.0104823249221502	0.0125067571831694
-0.437363511349167	1.09077568980868
-0.242938916840512	0.463566758761432
-0.173985325738532	0.325335761033346
0.269480481727528	0.479862337493436
-0.158380725640692	0.209497642826519
-0.562073388640308	1.07866937367518
-0.455815108667139	0.401433971454058
-0.0159242585586514	0.00941898548600101
-1.01077925509479	0.736122581438463
0.770794881424289	0.643876010662792
0.27812000835583	0.1320371005728
-0.637775403242097	0.58704323363508
0.566490100218702	0.471982486843258
-0.175952961181066	0.127889018613486
-0.250325562556583	0.215656306123551
-0.476657110395671	0.33310950203205
-0.546259171617541	0.362064095935966
-0.736981060093317	0.442565017867148
-0.529991722705553	0.499303280550019
-0.37164737310726	0.275309255220493
-1.5404255392845	1.36649059232071
-0.535762577648466	0.716594775492653
-0.530740532687796	0.981677893302771
-0.228698905696988	0.308372112364471
-0.51309455211104	0.914232561214378
-0.173507257896955	0.248375740518266
-0.200334024972195	0.28536238274643
-0.454098738944271	0.672401329354338
-0.440951632059498	0.454932146116917
-0.217675075047522	0.341951772715839
0.0393554301501353	0.0460409867631815
0.42697272059934	0.586972833094416
-0.236015966422613	0.335756646480318
-0.03310937916816	0.0354172458157873
-0.279466531280651	0.401928857693219
-0.93107778689989	1.89495972928163
-0.209668031949082	0.26030312304151
-0.213756145706998	0.206479348105125
-0.396084165747833	0.444492616490634
-0.0309504944912818	0.0258313357140494
0.0580465784183293	0.0458147331563989
-0.28622989110255	0.219103429406021
-0.610292888870207	0.510453443256281
-2.32072504784302	3.3410246030663
-0.96031064604232	0.959061654889457
-0.291943002702648	0.271235512878074
-0.130097678520316	0.109850999097604
-0.998516134682853	1.20346937957748
0.680947954088444	1.09419576038412
-0.473326896419911	0.575348537784516
0.309002478997239	0.356360227116177
-0.0555856728692005	0.0447370632205586
-0.201436854049019	0.263115127132897
-0.509792422659499	0.942620677641722
-0.0660847478348688	0.0695404387768385
-0.080932041793982	0.0552343186267285
-0.412010522994655	0.398809642494947
-0.456501498592085	0.405285519169416
-0.543721388254889	0.613222509747502
-0.177639182376217	0.147331486486336
-0.251550439683971	0.218923065943108
-0.802615323719733	1.40499574388616
0.262504913330466	0.356236563056611
-0.218614822020618	0.357383129755269
0.0226591444531565	0.0202221900343301
-0.108068247667362	0.0839393527268623
-0.68859416229087	0.771589073758971
-0.147102334691061	0.136421013649794
-0.00492000620653673	0.00422020220427865
0.144143893617038	0.135266071976285
-0.536934395879977	0.781463861572982
-1.15556240139756	2.18937588642296
-0.391023271606185	0.574911636591371
-0.62318382753912	1.27315474070315
-0.575679240999028	1.24508213919449
-0.403134682282001	0.705784743066707
-0.0578769972544453	0.0748114534509198
-0.418914589701972	0.850056396192975
-0.331210323563311	0.523486333068723
-0.640216649227195	1.44687364753069
-0.661484512569974	1.27541788943516
-0.30048630551808	0.458885074618232
-1.18792051806393	3.12553732115753
0.111231261911701	0.137909988142904
-0.478921049475129	0.965285547342794
-0.354531067777644	0.526039522623037
-0.238599987844873	0.209492520074999
-0.0898926345518179	0.0462926177490059
-0.084119489760819	0.043283699140371
-0.496623826939748	0.281929379326093
-0.173826227316092	0.0707120984295597
0.273131490084097	0.129485994094099
-0.519564879723603	0.40606364523588
-0.579637242943831	0.304694050619058
0.663496930730673	0.688858633013653
-0.71367715297788	0.685953604498803
-0.338834747247366	0.166956615334116
-1.24221196129582	0.704433316663311
-0.170996987486736	0.0695869593109789
-0.177187637534694	0.0716022108406671
-1.34103373816986	0.615768971195047
-0.43552163775713	0.474353701238016
-0.24085974678212	0.31002018387117
-0.545787100154144	0.818545953463812
-0.42792787003913	0.628714187544853
-0.169369937175577	0.222180218047259
-0.502691920536145	0.72545080935027
-0.160548824713862	0.171812193530757
-0.232990929234963	0.348247816032703
-0.116647023421711	0.135114373000938
0.409572054687232	0.673372582691997
-0.219492168206064	0.26994263894099
-0.254013205593778	0.340743525169243
0.477124160582086	0.600247889002739
-0.401031260483946	0.497451389700867
0.473579373383614	0.670958028806865
0.437521218450559	0.591834083991322
0.696531456162784	0.948991839045957
0.806757823736406	0.750756060921633
0.027413892447189	0.0185263037727497
0.0675963986762396	0.0307145424541572
-0.571047739344874	0.305755299443432
0.013483273274627	0.010831909288717
-0.0836146068433725	0.0671093752875903
-0.293838318877683	0.298352563686831
-0.29182992196872	0.295165394888784
-0.797385086979488	0.981982664059194
-0.879377294444399	0.757813668969199
0.775860609399652	1.09462843082277
-0.123076385029175	0.123774158908047
-0.17805911861808	0.23509028997451
0.510161980739587	0.758631825823177
-0.599955608335048	0.873639648607815
0.0325188056927363	0.0281077117096954
-0.314900824669883	0.362546085004278
-0.551887732361799	0.724268000799001
0.0434629816658465	0.0385425412855433
-0.0442686918150079	0.0473410505611951
0.0289240373859634	0.0294837258387787
0.414890114028412	0.644787274295033
-0.0863407022094278	0.0903694292380402
0.19871188920357	0.221363672649201
0.0162675210209036	0.0137473966842773
-0.466126872301314	0.680436990227954
-0.0618654086258856	0.0649161531214967
0.306464443367459	0.337933127787185
0.00137629524914904	0.00142778741843569
0.34239248544732	0.47868783024696
-0.547483501403201	0.762705214632206
-0.530959942719609	1.17936708495227
-0.750252375588698	2.15118812356431
-0.427606291527654	0.748392161868292
-0.440194030433948	0.875474326918506
-1.18560995643874	4.01560275454423
-0.331880875432567	0.571238037328701
-0.1550710283362	0.212001486046449
-0.627092995117737	1.27089524407292
-0.168208425273375	0.231233357068175
-0.480413172780143	0.920290230474664
-0.324638610612381	0.164511474075678
-0.876373926014509	0.757737866405671
-0.23687712562819	0.137618245891804
0.770135247604448	0.522165825749809
-0.114162661749609	0.054974485260701
-0.729710508155173	0.434739834905438
-0.44074056538741	0.42186377517982
-0.774158993364738	0.621211847445467
-0.200390100285791	0.11924919456306
-0.42011005055026	0.254814708767557
-1.55575037954404	1.065835335649
0.0783766153973827	0.0350780324284119
-0.472975246836277	0.727621979833081
-0.360380291215081	0.615320458406853
-0.470829759751044	0.741109682587697
-0.506489502821675	0.793527301757872
-0.0264192222301176	0.0331495092507169
-0.4038602044435	0.645898688725929
0.300189639442155	0.358129104034847
0.876071521942309	1.48821726622129
0.0866090590441014	0.075617336077488
0.210416620683419	0.223078121889858
-0.337208679760992	0.400792340250021
-0.357333683148741	0.400234330779456
-0.526510203023025	0.492590214420215
0.0660619133842915	0.0271850450494382
-1.18781046512191	1.14159525257904
-0.022625324918661	0.0166472362294526
-0.593120355642737	0.229842126042555
-0.529350470905606	0.702131653818869
-0.414221441768235	0.402323472561571
-0.798897082108556	0.924343570001055
0.0406664010256616	0.0283113279030472
0.194343682673461	0.166374072174563
-0.280351267936885	0.26437592658643
0.210312175993437	0.183196377899367
-0.94859130158835	2.10588358127642
0.574452007313531	0.875239672643407
0.19521112741751	0.202976049218452
-0.277536717608522	0.316954564213789
-0.111387035969997	0.121990382692232
-0.0271585992699174	0.0269441359771194
0.396158848790718	0.54474936584939
0.0757139728868016	0.0827788574446121
-0.0795719685780395	0.0877785822392973
-0.375455215533641	0.592869290515865
-0.193669813719876	0.227777665897409
-0.346650930412933	0.413495651972829
-0.177432271758762	0.173196169006718
-0.436551359179277	0.619275124273297
-0.0154899702990183	0.0144716083710425
-0.516303895315886	0.656829896770199
-0.295991553188465	0.411566099784926
0.00649792181620876	0.00692458915769226
-0.492727909350756	0.717318354594228
-0.547318298448536	0.892476860052337
-0.692589731291147	1.75960517320304
-0.297597830374739	0.509570578376998
-0.742064961137585	1.66742946745774
-0.301333006640377	0.422875610627327
-0.3397477506131	0.168941956485176
-0.17901970413642	0.0728532485467444
-1.32004725703361	0.978878233518519
-0.537642541107233	0.581148386269255
-0.665721660366848	0.480796753230447
-0.216322364283445	0.0796101409174183
-0.677862526544496	1.45073642987278
0.0831923502854424	0.110770963444969
-0.609681836033311	1.27199268775058
0.24173305842179	0.287698375859195
0.769194784893579	0.999950935032401
-0.276349185652369	0.262195303131551
-0.286979103062503	0.347500367282948
-0.431529134251318	0.58907070891477
-0.762658360651307	0.542394976273773
-0.520957263898314	0.595186429828507
-0.331104539222438	0.307548224457974
-0.796365600954523	0.879718573884046
-0.452276408208841	0.399926911711582
0.240338263768944	0.13280746041951
-1.00575536852915	1.12358842841426
-0.408716661322835	0.424460609510598
0.188386375430064	0.265520800182168
-0.158502193659192	0.201851739397217
-0.42364438869596	0.594313973050172
0.038256758899631	0.0378710334207516
0.0259954729587514	0.0243132056095593
-0.344251882437295	0.495457064212641
-0.278895630967403	0.352598491658253
-0.0985872004738701	0.122857653989495
-0.10901024146386	0.144685194899299
0.0239417582432693	0.0253663623158379
-0.0348961667927267	0.0363903255331736
-0.374691946523983	0.493648753581659
-0.146467639877343	0.167915085166103
-0.547376616518695	1.03743824450193
-0.181699948217316	0.22039265316958
0.0464198812587442	0.052980660001963
0.0869510321567727	0.0964840643086987
-0.158394206882094	0.192150106482683
-0.17194170496396	0.184291604742123
-0.345709185186617	0.501087592653185
-1.31227185238163	0.991915508716717
-0.47994943043887	0.199559059205734
-1.34373843420381	0.613375843518545
-0.394350904510759	0.182921060022808
-0.325868449239792	0.166569345850404
-0.681240256277863	0.762809235992471
-0.220640861070362	0.0811231369281859
-0.420133520929091	0.257927453617237
-0.386425174120001	0.180798026975609
0.0779747858594981	0.0255358514072203
-0.281857407552882	0.09255522316438
-0.469119502299956	0.199881428567635
-0.17486747387033	0.0710936266324822
-0.17684349907875	0.233623037860504
0.204234427059252	0.285570999205926
-0.0859871478644995	0.114707407494051
0.20643689835677	0.220316036632897
-0.404367372280578	0.555237717698464
-0.196921472075089	0.177908263602108
-0.0530304047650475	0.0369815050895836
-0.113318641145125	0.107687799868561
-0.349684082693198	0.489905619268569
-0.151664223773968	0.127214783239897
-0.881537228725848	0.674301011804282
0.0200115537395879	0.0129379307827328
1.01488527557466	0.719606171494384
-0.213536488582269	0.15225650388953
0.517001887692641	0.542701132514867
-0.171438626329035	0.206237628042238
0.653459671425729	1.15854518183088
0.204570173738338	0.261678088269212
0.742438208774345	1.53575585076922
0.203852321396394	0.251063443820623
-0.901277464045663	1.6676141608991
-0.291390014810144	0.368595796579712
0.543821611352156	0.89816594518414
0.202398248018281	0.257730640535971
-0.298570299771817	0.431706292244576
-0.777446415881999	1.62704407401631
-0.357168708395952	0.625430327836586
-0.147713654643182	0.177510858271193
-0.0770190996002629	0.0913033949298196
-0.324634483109886	0.461345363242404
-0.17887466918628	0.201594699696784
-0.0681224620594634	0.0724793072547662
-0.684709585491117	0.335273641449452
-0.328287218455649	0.165542264121915
-0.586778855676222	0.226903688715173
-0.142654180744352	0.0630869406767464
-0.576774141599911	0.304945250317357
-0.319557350119026	0.162022969980599
-0.284810697804214	0.093930912507878
-0.592534427483149	0.229347002712227
-0.60305653451119	1.17697002653568
-0.170083068690967	0.201134579968245
-0.21219016845442	0.273017093660869
0.255702275231615	0.275318145662338
0.312305401866927	0.348296708514589
0.326040275063368	0.246654285931093
0.0239120728452521	0.01920263580488
-0.130847931227775	0.110703682226866
-1.16677175880733	0.353813253690907
-0.635452301404179	0.407031327591357
-0.490950580821025	0.720680279749764
0.32218795321674	0.244402437217925
-0.668155031506852	0.493024401680941
0.00854287188120376	0.00528002712856336
0.702778902140171	0.600705675136616
0.675334514338178	0.607935668066275
-0.90682601159379	1.21745343560242
0.333390065637672	0.431733142488862
0.326059294793303	0.441579063323517
0.18053021434033	0.238104612914934
-0.226302816422376	0.319219275699761
0.0749742929520805	0.0784116176792908
-0.235095889760615	0.312503241323193
-0.396658462446042	0.595707244001921
-0.418956963849804	0.661394929478175
-0.191207950744088	0.261032473339772
-0.608594957455503	1.10745859364802
-1.02691135601783	0.633133010900801
-1.02013936603746	1.5759113439485
-0.591948751244404	0.227812106984222
-0.283124516934905	0.0937185339860193
-3.08716456321314	0.953073801543469
-0.283240759595836	0.0937144526238611
-1.12070880238685	2.78597352306921
-0.502200358300163	1.01020223782777
-0.395051599195556	0.561394316018567
0.205415272321475	0.238978526265463
0.462122525398735	0.728911688007101
0.391391028512587	0.485865180137339
0.383756160451171	0.406159646915848
0.360187357964759	0.240244149680184
-0.134117597309924	0.0860241986244884
-0.154211014626864	0.129653403801011
0.0293682554403106	0.0263070100947257
-0.233409724411536	0.162437161561068
-0.780621338588044	0.27365972431568
-1.1723691622214	0.353254771284329
-0.223574805971743	0.0822999127273226
0.133050672448484	0.174144524941649
0.272763190070004	0.252992838374997
-0.0406382947862955	0.0230842199762596
-1.54727817393017	1.06631355896211
0.230166406512469	0.128715114393349
0.526772503979915	0.260772031611633
0.0175598694805221	0.0113541056495544
0.000502416515325841	0.000372178429673947
0.0926553919544796	0.107213253873141
0.155664170877262	0.206328545105267
-0.279621658182581	0.390075409496601
-0.736902923326846	1.60334940383629
0.294333460913882	0.463851653947387
0.00671206772486889	0.00747365036348937
-0.0598740286270038	0.071571430580187
0.0191620372140313	0.0193855595601166
-0.349557609120984	0.482187077535375
-0.327990628781125	0.474523096235131
-0.145693059787861	0.178395146691036
-0.254789723593153	0.326331060844009
-0.40516673459498	0.627250657308608
-0.119888385429386	0.150425522691128
-0.197233718178217	0.206825877117285
-0.195678319532139	0.117079344739498
-0.192608247314999	0.114798135717442
0.0776100857434569	0.0347046978485506
-0.383237383789086	0.17946805851323
-0.983290311693375	1.53673636778742
-0.781315129447024	0.272091885430255
-1.55825797222393	0.560915030422003
-0.117899835204799	0.156496355767567
-0.197321333439354	0.326714629638574
-0.224126477142115	0.279771095440047
0.477521687425907	0.850973528575047
0.300709616927217	0.618150023690594
-0.104455561063229	0.140261029171194
-0.0352201581479462	0.0328839808137744
-0.670193939836215	1.33071026259621
-0.0105679979345069	0.0119715705172495
-0.0276019400892196	0.0230108240471247
0.685483772523671	1.01938955121924
0.224811282212822	0.162153364527928
-0.274156063267039	0.187041808436886
-0.959501032973714	1.33291410443713
-1.87659941150928	0.774465327119428
-3.48136441727241	1.21666339205686
0.620957951596701	0.280788197797856
0.0151052360493585	0.0120730446569337
-0.405489233545605	0.819062618930031
-0.109731408425885	0.0724492829403142
-0.834540276963117	0.367641495289301
0.280882084466602	0.134036754662528
0.997069063863235	0.470868177372939
-0.14242252326903	0.0634034617358416
-0.413705153866027	0.402238679786249
0.0430953515638105	0.0487129977002571
0.451775875032184	0.859920150548765
-0.596937907288139	1.40100074256139
0.365215451436582	0.774290189381368
-0.094899631457247	0.124368484911591
-0.281135243274158	0.464468476080106
0.313279697177812	0.532723604325878
0.111190810685099	0.129363380099431
-0.473718672466531	0.828454529774413
-0.4286459027484	0.819781153191634
-0.370731242679364	0.642319576957988
-0.143869177004225	0.217536417072576
0.271446881227728	0.417121244188852
-0.212195305710592	0.289522737434499
0.259305195459903	0.381232169476648
0.0533421791563778	0.0235432351522648
1.15648591588613	0.901725636655809
-0.84540796850372	0.376379892436343
1.42380936571803	0.464332625195306
-2.57196810381088	0.687583434747214
0.163786424348353	0.0319491236824782
-0.389961680664391	0.114106955582715
-0.639889036078419	0.155465657511814
-0.696050032622015	1.11927030375736
-0.47981600199715	0.777369485952532
-0.415434695441948	0.401264837138026
-0.27284863429672	0.435794663266063
0.180865089205164	0.244762226335714
-0.374780435123266	0.686575158475876
-0.657501731269022	1.44137684366777
0.0472308533159022	0.058011676163157
0.284388286418509	0.493238252082369
-0.561541877028694	1.15843656992646
-0.104917385550641	0.0993529076623335
0.36367322258247	0.490607482977625
0.0669843811360298	0.085558347638871
-0.55666784616916	0.80763299300463
-0.228305445807559	0.239942604048381
-1.19159012007768	1.13744725427321
-0.300639766437323	0.230665022092627
-0.379226590824412	0.174323990785958
-0.555124130900597	0.472368451564917
-0.678019838277437	0.328535490113502
-0.870911246528687	0.478349490932685
-0.0584245096162012	0.0699850637229732
-0.234029864178577	0.206707859198632
-0.0789982132409482	0.0402447274668456
-1.24563732336836	1.07250591028341
-0.333131114196363	0.169051583700914
0.606465256497307	0.488779233753731
1.22168839173737	1.64930985397369
0.0279062753277157	0.0308166128247753
-0.380893475223797	0.645242175368817
-0.0967619845294386	0.130720886165727
0.0833065697882853	0.104639973036878
0.16006820281135	0.205479569840707
0.209415450294776	0.303210622600493
-0.347899728849714	0.514186939190616
-0.0346558363173268	0.0371135245618037
-0.179485213669914	0.234915759681147
-1.06062032596723	1.93216614260697
-0.234800905499647	0.332975924621425
-0.00251807157324085	0.00297121140864715
-0.417602993107954	0.657215036109622
-0.385053252037921	0.617810377707226
-0.383676872819531	0.662238704469911
-0.414683457976438	0.745510742595997
0.0557891192791231	0.0630331365171127
0.516559505747562	0.359712021319142
0.0693022940333923	0.0343826701645144
0.276847406312312	0.130816102111924
-0.278329441513605	0.152459692382885
0.0879782002267184	0.0287566091839648
-0.782421718713389	0.270135277882134
-1.55875747069186	0.561897601836786
0.101786250320483	0.0296355349486725
-0.57221239033496	1.12057611828178
-0.131544888372138	0.149538543548449
-0.0712878020699821	0.0993634013590797
-0.133078955822374	0.172764792022931
-0.293863771033222	0.516113331223848
0.372776465894215	0.626536813980857
-0.480518789747012	0.904766792027098
-0.0251840356211897	0.0320723494653948
-0.224163314860937	0.323773650107058
0.0740599410472231	0.0854401885080338
0.0612463343757702	0.0684096068696861
-0.0288530121034264	0.035026055133005
-0.208023659677733	0.269705086194828
0.058094577633937	0.0628108715023249
-0.630574806643693	0.826982914290953
-0.444605264434058	0.575436681055877
-0.396994950923106	0.794301357783707
-0.552552477959387	0.771686279327533
-0.207613962255413	0.149069349495915
-0.664202854118157	0.69132847090006
0.227165399693737	0.163603359382913
-0.185850321871024	0.135969318126759
-0.747406927754459	0.969479647042125
-0.244120271963248	0.405982098816852
-0.118953685877509	0.154004028280568
-0.592177361881031	1.21191344008991
-0.113723380937299	0.140118576585485
-0.504880026933703	0.876904796660837
-0.595662384602414	1.12184474576127
-0.0761134458320897	0.0882715466133876
-0.201207828557997	0.266283036804627
-0.0541271995222845	0.0614552773263709
-0.640845407945104	1.09822831810058
-0.217491751951846	0.310288019689107
0.0105419867799151	0.0112363361309068
-0.636661114304731	1.19633222759065
-0.131496895075058	0.167622821919658
-0.40095448406642	0.668835038992956
-0.424412044078366	0.786222285338559
-0.0245797226738832	0.0287157787442557
0.114054928702808	0.0785293943079161
0.435633426184866	0.345494429762524
-0.270199253788378	0.211498357343701
-0.18206027682872	0.0732053067411661
0.0730391036321189	0.0269364233219268
0.622619267673717	0.19534691993008
-1.74377578066965	0.986598202498995
-0.287135845984045	0.0943423798307996
-0.473272603576049	0.201747431722254
-0.661015301508285	1.69520404790095
-0.263183869405504	0.465369725562617
-0.120432985745368	0.15750770061369
-0.255527707678265	0.3124624335212
-0.611207149078793	0.766060807028756
-0.202512818356409	0.182561587312483
-0.402450350990067	0.525840789709837
0.160558103305437	0.176032844264267
-0.487510481036697	0.465742474210836
-0.408518189774054	0.450313583627846
-0.62614910364773	1.34074630951979
0.178014873277335	0.22596937133689
0.0115119559153979	0.0116212977416101
-0.265519568234964	0.351817585397612
-0.334002752567388	0.537412309355194
-0.399034237094319	0.690475593996745
-0.353764494306013	0.487377424048925
-0.275509811888411	0.382852333049388
-0.482679383611978	0.585790720968473
-0.644893710530091	0.768309968473184
-0.100351903122985	0.0864254949041242
-0.288604688043657	0.30937804018251
-0.742718519240104	1.23594793786787
-0.18246599048536	0.213357202194755
-0.450627275003401	0.522455787476092
-0.0641950371491673	0.0633605133859878
-0.440105066974621	0.723640552636054
-0.623169859119857	0.656306218104363
0.207245655241635	0.16514083808535
-0.313450212984715	0.348829740110556
-0.0731547734762245	0.0578296076396929
-0.493228597855495	0.572922624382382
0.110354053668018	0.107883752901036
-0.261549747270932	0.300401083235779
0.302134956629809	0.34994617559102
-0.804293448062888	1.14164524760329
1.78211326788979	2.46115334740198
1.39041536451139	1.27914804730988
0.0719104258498749	0.0295456508300402
-0.885356307115602	0.681831404637098
-0.877899106638819	0.675702494159608
-0.782683307665375	0.696216079804477
-0.883430587526334	0.679072427459412
-0.776989509447846	0.682833708197097
-0.737415151549753	0.441190159577759
-0.513746883994022	1.05267848503692
-0.248764368095763	0.479906050892741
-0.216597716820194	0.288416394917623
-0.0850017026582761	0.117531439300786
-0.14835014383601	0.210392732038882
-0.0116489790437415	0.0149810077697979
0.228158630327336	0.359789988860158
0.0565986436951687	0.0723650804112274
0.152317169250753	0.235813210418164
-0.480088415326156	1.00625534210937
-0.264991715190465	0.390459028952928
-0.308018017991362	0.415806724661539
0.0513881389708203	0.0743421765008272
-0.162061980878107	0.215242740820081
-0.264554509089498	0.401017612338134
-0.292458960187273	0.315164314377321
-0.235457844040762	0.2902897167644
-0.182712049184892	0.271211896212039
-0.14110473974577	0.0901456590007316
-0.281942989515601	0.360049914251462
-0.189044102444968	0.317479044900008
-0.493837988420019	0.810489138868562
0.0897258719323458	0.0807563837315674
0.405968025925621	0.342188670855389
-0.0658879749240746	0.0461931492626458
-0.103911217554822	0.0820600989308247
-0.573239258397127	0.889199767001498
0.241773953519566	0.34203935332327
-0.124360881813523	0.152931016096337
0.0118012712452598	0.013858651419527
-0.511202456097825	1.05025496653798
0.000914300667790519	0.000988401169981132
-0.42675656432044	0.446840130761953
0.217127397112113	0.202193206623219
-0.137882679201492	0.0884893067967823
-0.242886586708945	0.169969439814762
-0.694341185806308	0.570153268425991
-0.284863290495657	0.155115617083454
-1.08401158914004	0.435106570533574
-0.469296143186099	0.195456698877269
-0.86360702539157	0.472489470831289
-0.323868340386761	0.164161395834974
-2.067653705201	1.40319170110982
-2.71156890917685	2.88663204765175
-0.229289646320431	0.484734294320757
-0.159200159648689	0.253903710121134
-0.409297247283991	0.714827409015903
-0.0288778651406199	0.026584938811509
-0.152762814326528	0.142229060393161
0.998575481630713	1.07912170718824
0.0499725934698964	0.0432808982175427
-0.0607407443201826	0.0596399723417986
-0.476472609121985	0.331011451158013
0.210023780129363	0.156226852904993
-0.484793747066448	1.02207178971691
0.214614118836196	0.250099026724691
-0.200308859782569	0.209675557011979
0.0305791722526638	0.0367292726609439
-0.325868260702607	0.582892700432634
-0.49191484476659	0.874985842131096
-0.121491366032052	0.141173103534402
-0.228595565710981	0.374185103026874
-0.0883162910106018	0.119166458751776
0.0519168058745641	0.064739624992905
-0.318941016155704	0.553583847734968
-0.0744208151443819	0.0922174043105094
-0.593211888861121	0.448881186267597
-0.965349874796641	0.884964429987637
-0.320625255872153	0.212146236127523
-0.110952262429866	0.0729111636896107
-0.559511607581538	0.5647029358505
-0.114441918380655	0.123174675201503
-0.511749961918929	0.765175358259822
0.313952912542431	0.361105275904553
0.250371156323983	0.249283181170868
-0.682810291289682	0.765845677427397
-0.573583626528449	0.527582229405438
-0.744117052516502	0.922238632552861
1.50551283532904	1.93449175527668
0.529249421609595	0.540771571056291
-0.262400035662697	0.203489910313633
-1.361019319719	1.98319257758017
-0.397576949635683	0.995360186952638
-0.00469432220193831	0.00546833513561643
-0.1777091663028	0.177181200645794
0.204349302029082	0.156679842657235
0.763397144161013	0.737639063891662
0.221967982860228	0.211511258859957
-0.075870377858092	0.0731519484529574
0.249707177363301	0.130170388401473
0.121402998933565	0.0862891582295375
-0.688564332734021	1.79764255561862
-0.243505033138833	0.300333183498461
-0.350502235111597	0.409780572260995
-0.359083991993376	0.651136450058531
-0.718147884665272	1.14309022701342
-0.329130852061903	0.248996282877133
-0.167781011774907	0.208938992475647
-0.413377624306052	0.829439423292854
-0.105212628023349	0.154551730819579
0.212804500543804	0.348234336181313
0.161130014436126	0.257897835074177
-0.615271017406895	1.62600782119367
-0.283110248551023	0.381398192134847
-0.0957485152966869	0.0494542847366459
-0.878745340995636	0.578411479488794
0.0124818321716628	0.00770602053179098
-0.547780319135224	0.465397129005044
-0.157149053341264	0.142687040856714
0.532089231602787	1.00044108312031
-0.450333566388183	0.554383703510657
-0.0150050642567017	0.0126755800174571
-0.119685438999636	0.102542778237102
-0.452954387993372	0.437375392506934
-0.202418624510147	0.180705906788378
0.656696718708277	0.680277147595359
-0.126692613573574	0.0968851543359548
-0.258789227411164	0.246124501908565
-0.898460377366034	1.19782418459757
-0.487615813739245	0.780114404837593
-0.259085330575034	0.327632538055503
0.0763718646152302	0.0652740902260178
-0.102471982888151	0.0941525605100573
0.320007547167647	0.343702218147439
0.171343220197375	0.185861044542203
0.214443440557813	0.18997626943963
-0.0475264589516268	0.0387466691546786
-0.351743685101888	0.492054486208809
-0.247590710039311	0.420110177495228
-0.335462102310572	0.585204160463097
-1.16931871610922	1.59744580932076
-0.878071698404202	1.55036534332433
-0.515171679606266	0.590913163512905
-0.135043818338658	0.134432728719666
-0.18060941665859	0.22780993520957
-0.49391058771656	0.777914623315142
-0.149117921579094	0.181591023336441
-0.286622943624908	0.368036696767084
0.0200261152715074	0.020976678784624
-0.333997974289697	0.543804928454756
-0.577077015515512	0.8708868084189
0.216787629494152	0.168497550714972
-0.556813156148794	0.562243598665509
-0.83514309500497	1.05087496759918
-1.16571404299734	1.33771307358532
-0.446045681262364	0.491673483937414
-0.436457799842863	0.4820220892355
-0.261798340708384	0.203038413283167
-0.000901301043501538	0.000663785768679882
0.0241895832301755	0.0233159024891674
-0.372238300542499	0.4344703341173
0.352167373928765	0.44114351764618
-0.0737991729919206	0.0588899684884205
-0.0897643021814473	0.0599593004525403
-0.591077540647299	0.548055638409796
-0.715298074075831	0.686280943543693
-0.20390036074672	0.145116702162382
0.060614377726438	0.0273439131241859
-0.280726160703175	0.416498131195702
-0.423735991192896	0.492164007857625
0.200633238086209	0.215502970625023
-0.0948811489586005	0.0831775039429452
0.124641805907071	0.130850612071687
-0.43231384145936	0.443185704789467
-0.637617389863739	1.05590821420416
-0.161472278871166	0.191350006680786
-0.131731370501333	0.160083054208384
-0.134551565381699	0.1801809894176
-0.599685247049629	0.714207861848621
-0.408824929989229	0.481303819848722
-0.289215653689439	0.250721201345368
-0.189952474632487	0.200735762071993
-0.301600820855466	0.345779521514161
-0.305163452537366	0.44365450296735
-0.107252207753868	0.109638365027433
-0.224007689124628	0.250024616587715
0.0566674588634801	0.0533913344427926
-0.177342266207029	0.211151678939578
-0.201545567857688	0.25230474922806
0.197471956947552	0.239269311570818
-0.310049962161635	0.26476711582014
-0.346582135096645	0.317109483489595
-0.580509671554924	0.536922220919937
-0.701221322859413	0.624023023489154
0.0374332031075711	0.0262256666252139
-0.228814544890904	0.237277526543127
0.413065207751583	0.422615707464489
-0.261329098536903	0.278534649657541
-0.186781444115466	0.136316594642877
-1.05646241183718	1.04078375242663
-0.512373520004038	0.394503882905539
-0.680431445358299	0.714437906360837
-0.455783947822803	0.359303246940498
-0.0532259126233385	0.0490710975957967
-0.451468335940724	0.554151756126586
-0.344839817716614	0.288561452241169
1.06775494906002	1.11754766926093
-0.415094340591002	0.3380682370838
-0.631562576719177	0.406967902391561
0.701466852559905	0.513768484935314
-0.552311638915364	0.36751180622217
0.075823156386611	0.0399529503529545
-0.334982578659247	0.525995394196323
-0.150088922704355	0.213207343561998
0.092188450038437	0.107602066166376
-0.209797088146941	0.273442985483187
-0.358069249183221	0.622066759941705
-0.766363720708096	1.79533629978138
-0.120928709883207	0.161182246232726
-0.254369101705586	0.325830091729088
0.0177692931889885	0.0164518757002843
-0.42241735990525	0.575877578755811
-0.554038168915375	1.22727229160231
-0.0214594593655361	0.0214896061657643
-0.0188856946715811	0.0156183401006849
0.321191505698458	0.338035211028824
1.25883789841879	2.06485454725789
0.653730768202636	0.999967717394381
-0.182064018468498	0.217743832305585
-0.0342174885525755	0.0395329449174727
-0.480817919222686	0.792806857364863
-0.117475793763878	0.143601371761744
0.0590668106076014	0.0667220834911995
-0.169410850147758	0.199824155354249
-0.618636292045183	0.776380340921966
0.0684391445945016	0.0663607671682252
0.293297212419029	0.332058832526107
-0.383290811438089	0.503458386742845
-0.840550178683809	1.47353386881351
-0.525334437233545	0.817844999691802
0.122986061064592	0.128666368926636
-0.110206290144725	0.072333481390412
-0.0467990322277734	0.0265778484007888
-0.0223206214129983	0.0131641415440338
0.0789565707626599	0.0319225618053044
0.212609852180999	0.13308447491585
-0.215734039191936	0.0794186607996413
-0.408295709669433	0.454196562743061
-0.40140312092183	0.469536946046827
0.246179189805585	0.263160027549461
-0.204354903645264	0.229279759629816
-0.428876951334276	0.30942737674241
-0.187640176105324	0.128760253361549
-0.84378290255443	1.96981658365903
-0.563147868490282	1.27783133569098
-0.747781038636314	0.973182921072785
-0.00029598457818186	0.000289257523277057
-0.344734475072913	0.287631691956405
-0.40527567011289	0.477943693925314
-0.553014019898598	0.554869569942406
-0.4384556893927	0.620008765408409
-0.227366216322651	0.281283318792108
-0.243015603161184	0.348334227629758
0.174212829320489	0.241684395978374
-0.255288945874707	0.385291712972612
-0.0810574489801762	0.112243535769881
-0.472980648310773	0.628618138765303
-0.2623632925397	0.20599407498391
0.211091493822517	0.139877789067813
0.655816684219473	0.502812947637211
-0.128728393482886	0.0824215926703535
-0.244552140843035	0.139821970414436
1.25187554986482	1.35740570782195
-0.0623921131599628	0.0437485544011036
-0.21549318040094	0.192825643492092
-0.375983815619128	0.462642097273523
0.329255923781194	0.415408969437197
0.196782414340503	0.182515455787728
-0.454858003186802	0.402120801034158
-0.276266837149715	0.150290393697853
-1.00740881964793	1.14007807565515
-0.442821010971212	0.540968703339817
-0.299222340188958	0.342693026912672
-0.209350382439993	0.231198972558903
-0.802772759922154	1.17231210177683
-0.30630192597212	0.467419893986818
-0.151926521172228	0.141360450273803
-0.152279085330913	0.154250264522568
-0.0478855870968013	0.0343265786269703
-0.0506517016652908	0.0363095945131357
-0.156163683969613	0.115772184860268
0.0362355352189502	0.0423807603530969
-0.298551759861143	0.411303403474881
0.0497824419606953	0.0514674982205796
0.0317759776799685	0.0318813434489967
0.307335941829021	0.459741686052336
-0.63618925638307	1.17657013230063
-0.17563163632299	0.186957591080275
-0.101502703349233	0.0789111824993441
0.126792038248184	0.0987153518388628
-0.514721848329921	0.400944538532014
-0.171125109400486	0.141329280735028
1.09196369825779	1.34860815820142
-0.546255972717179	0.542239592553204
-0.671532635075044	0.49828346537206
-0.203002877237992	0.198205582235491
0.760819682877793	0.973690463901676
0.0740702613645482	0.0601655234670795
0.112701229595777	0.082372912707767
-0.426743766019129	0.680994962442882
-0.0610633061536004	0.0597326218701637
-0.670517613869321	1.120215493618
-0.104526455885448	0.133447682652648
-0.0469466374342222	0.0462796618244215
-0.132518041158007	0.175561845063203
-0.156832814149524	0.189338680747801
-0.161763318099514	0.101334825323309
-0.0541504215258605	0.0374214104841949
0.0664135300594247	0.0327293991842804
0.215331569216698	0.149745617705196
0.0696316799822369	0.0343980238376558
0.344523491892588	0.347674898170537
-0.255515112123616	0.316286764858886
-0.152173858434651	0.183749946164558
-0.338742169541397	0.403159607918446
-0.38123617650715	0.521243708928863
-0.496987597557192	0.693559558905539
-0.17089665318913	0.169683813279911
0.0268913394400802	0.0258515053640256
0.158980579219439	0.183305600712365
0.109425585843439	0.111059317951412
0.201815872982674	0.189538424631153
0.0106547289356515	0.00879835459653767
-0.341027432863687	0.338173423522581
0.622501465979136	0.742655516302728
0.42209978157475	0.422331301587012
-0.105645817888738	0.0818125020838874
-0.679790355979393	0.931552713168841
-0.904063245076995	1.19670522431952
-0.545366290489311	0.61661843066502
-0.64338210611198	0.626938944148099
-0.0439567753545261	0.024998312230449
-1.35398461264414	1.45989513993862
-0.573816999062577	0.306335260844085
0.136767294617271	0.188655723936013
-0.162104631502147	0.238247455635485
-0.259853305306178	0.375902974354822
-0.215145956501995	0.0790627122176415
-0.786199580091747	0.273238052886901
-0.0645690590514457	0.0350853183280006
-0.36129278484947	0.401826898969689
-0.125178291836127	0.188468075939014
-0.527818989044225	0.678641378397828
0.567755814738301	0.552585147004871
0.940900334130152	1.03436935778138
0.577068257424145	0.566233523149863
0.431505556237439	0.355299395122317
0.121071673242039	0.0890865671971008
-0.18070768483224	0.262611563280409
-0.185915926201038	0.247001219124205
-0.122680664283873	0.152236702474825
0.492378672937953	0.830680122267883
-0.263817493184136	0.35296414093321
-0.201431893145384	0.253850503758592
-0.0112129664096157	0.011344037281089
-0.134433277832029	0.136452686273319
-0.318639818210986	0.406795716980319
0.0935995084974736	0.104344831452967
-0.0373577599543664	0.0340432757043013
-0.228671373711069	0.265874699324129
-0.35231209681138	0.484528486735272
-0.882514148454537	0.752993161365373
1.38514922109825	0.830603494479094
-0.280321014485851	0.0926837226912554
-0.266251578439542	0.327232324193929
-0.33192105943029	0.637622435699757
-0.638679267656236	1.31075250541532
-0.230395176175879	0.132411378808245
-1.31614221735654	0.993325864732235
0.628528740833084	0.385542964186515
-0.362091512822259	0.232063042437652
-0.336109753991876	0.37726501232392
-0.0311964308572349	0.0411832325786849
-0.265150884723387	0.318479071369955
-0.110985151490267	0.0734871429521274
-0.720695662823276	0.750509703176449
-1.00658969327279	1.14322598071189
0.130513021860941	0.102411998113983
0.0434924314194309	0.0384384684781816
-0.0528853728007902	0.0668718029590005
0.293926616350944	0.536964142768553
-0.104220337734516	0.132951070232499
0.0126409308362723	0.0141704454621666
-0.0170283970022663	0.0177095503701711
0.616582536954541	1.04912652526255
0.317990308594705	0.441066180701355
0.247813058019507	0.343272169948562
-0.211335879082961	0.290072367456298
0.0994578667688308	0.0960580944524624
-0.103218772685433	0.115776115863069
-0.47956320916906	0.331778299578223
-0.874421056611058	0.480861343107826
-1.05442024132635	0.528054586760851
-0.943261706196027	1.90584241537813
-0.333236353826451	0.476159467470294
-0.767062911833782	1.60576160635501
-0.360294892354555	0.552407134843418
-0.57022888696568	1.12642965223143
-0.0622470611560431	0.0724195337231233
-0.345879120474278	0.339060619494094
-0.774593460114221	0.539859136284576
0.0940420996143479	0.0566090278810428
-0.235657758534822	0.136126361348616
0.368093038078577	0.347245597146635
0.0210857168334065	0.0210084847056315
0.332635547800599	0.536760349821914
0.130975746248812	0.145680168616328
0.269703779621534	0.278940741085751
0.202200264008061	0.155542465755748
0.498587613730494	0.534729546719584
-0.280682776672199	0.32230658553046
-0.415673487660459	0.606930977812627
-0.267136966789939	0.377264767133799
0.353730339413779	0.512729640115012
-0.136879400906829	0.128200749209509
-0.0633589412372698	0.0561390479636367
-0.052311141806287	0.0428574079161309
0.979344001795758	1.51850655097618
0.18896058375328	0.193412233259558
0.106020365375952	0.0962066577714438
-0.451228657107112	0.636432190351783
-0.377404212423067	0.426705561124403
0.605014263592279	0.81082583804442
0.104331616134119	0.0987923413088814
-0.844524160400695	1.07568479186904
-0.209251586546394	0.1499496132499
-0.549737226773477	0.367553546249064
-1.13150068698105	0.900074022830298
-0.503680526336346	0.439778452507895
-0.0960664970458479	0.125884286412128
0.190253388374595	0.229583290922688
-0.68378252365438	1.21653497227327
-0.151195375454086	0.193211191703576
-0.157092459144869	0.217063789665116
-0.169910602689023	0.122139423081443
-0.781659543405866	0.626555010454423
-0.416257199705047	0.25220398071787
-0.519071520954973	0.406428681735864
-0.63791741925523	0.40734318680168
-0.111636046954522	0.0541656275587832
0.249050506120022	0.129383770192823
-0.0651437425410341	0.051035655921047
0.272614220244456	0.359689992216776
-0.108735927890206	0.166092951371804
-0.478038875284693	0.759257237134487
-0.349799959010702	0.344742019174908
0.344915584428755	0.340131801239497
-1.55172364020097	2.13653521066665
-0.24979392767346	0.216585491501719
-0.400566208255747	0.644800080465309
-0.459182457097869	0.648011970768118
-0.173011186424377	0.192994661078936
-0.677265306432774	1.15508017877027
0.817333261981921	1.56935228338746
0.694531892389823	1.1159006482895
-0.28900610983078	0.360934524022588
-0.293538816077262	0.332781480500566
0.38027595507172	0.486618839998138
0.40611692390301	0.427269376854061
-0.509211834670423	0.853734580064054
0.155241538548892	0.15605788280493
-0.254842539352	0.24312352410815
-0.172620050900817	0.12344466333902
1.06135718030491	1.09914771354348
0.224744135873815	0.141791647195366
-0.862681079485451	0.471120824128085
-0.0913129234564001	0.106693624266724
-0.289489156445789	0.479044875133723
0.00589732426692231	0.00666402680889137
-0.131665359994341	0.16987057998979
-0.0501260951573818	0.0639048623628122
-0.539505764636073	0.7233975059577
-0.599370981802453	0.713399824659061
-0.492185784426775	0.68668484313578
-0.433114345058674	0.682793326600114
-0.837792820431795	1.38133238094706
0.382969995536956	0.416792464744141
-0.182582914247481	0.164905440550243
-0.429220694570338	0.470046575132293
-0.45195267078217	0.661465564917302
-0.0585472259364564	0.0575649993370188
0.206726931667157	0.201685197823236
-0.194235867323735	0.286151790044632
-0.272086456636734	0.428023136363212
-0.559327897693632	1.00604861525319
-0.268975105116864	0.344117790549077
-0.0046617688048467	0.00289947246331531
-0.105833350902084	0.0694169386878533
-0.292663664495479	0.250660350393127
0.339949312004217	0.247278512899849
-0.073248203490006	0.0395504209807512
-0.473821463488499	0.376922569533538
0.00131047750203058	0.000872486686929226
-0.772844230134182	0.67187746893838
-0.0278611932169711	0.0232265773720173
0.576214066627217	0.481686245899696
0.0683155899405159	0.0337327972701066
-0.416939537246746	0.299494417976322
-0.605363017009517	0.825341224238635
-0.667116311227068	0.867915319521793
-0.350465622676498	0.345066254615511
0.423375245500393	0.424269335369457
-0.750863467227213	0.881433915734679
-0.699209384115837	1.93004820898468
-0.277486515554442	0.495347665297002
-0.220907337244987	0.340713777189291
-0.0953173390832026	0.130025300037111
-0.439848892695005	0.805893804167599
-0.371163606300113	0.444825908074755
-0.75218683289584	1.15268506116454
-0.274158958324417	0.390929935378377
0.328183876836998	0.628335995673665
-0.0779311871856968	0.0684277732801546
-0.748399988101596	1.0557600639842
-0.0429444171460071	0.035936462836204
-0.271794213238438	0.277669922591669
0.159781399354693	0.162862707520497
-0.165422283759449	0.209702912923532
-0.0800933825291911	0.11418201615538
-0.560526425895295	1.28829524896967
-0.382351134058818	0.556666496229997
-0.479487609770445	0.771863858652828
-0.0104838235917351	0.0107739609789777
-0.376390359042144	0.574779272566444
-0.790509868799268	2.01576424200004
-0.155784229986836	0.155004426547527
-0.558205184864277	0.797241205406591
0.617715556668475	0.736411377977516
0.204306177783799	0.182010008994972
0.523835739203239	0.533828525577074
0.0788828929089055	0.0698514549562134
-0.121578729407282	0.103303187965107
0.0612709616135574	0.0591551537622443
-0.0372422255634524	0.0270944158645187
-0.217269751852718	0.175043104994278
-0.257783294918466	0.330061149730914
-0.803353939611326	1.0876334606233
-0.0535178692549788	0.0601575215207757
-0.102568030748817	0.119324151132107
-0.463674352785147	0.645157318692123
-0.345585399432981	0.509840494700343
-0.480223611689619	0.906779678528568
-0.224281841739821	0.302187679843659
0.533277192021925	0.70079791809571
-0.155710455139026	0.215756417428253
-0.603987858378441	1.23625338935979
0.08477775577871	0.104474801006487
-0.205626884152601	0.25404234684612
-0.370898157265481	0.645413871374122
-0.966628158294448	1.56375034915318
0.620486000077688	0.378401114264371
-0.260622198849708	0.316105586757396
-0.000914325285874615	0.00111202142429534
-0.496811037930152	0.973373500581792
0.313901655477089	0.492860624767799
-0.297559583361203	0.457896397226869
-0.232627888642272	0.300025619143148
-1.55875747069186	0.561897601836786
0.165719814080059	0.032118911098423
1.54002613524122	1.01869891010591
-1.08470982729867	0.435546391307148
-0.277271080225141	0.152159942397252
0.134141369892695	0.0329755067389848
-0.160833036906915	0.211284004398456
-0.4414950618428	0.568557142682943
0.0805350020538671	0.106737428372969
-0.0359593324042312	0.0476499592029398
-0.273326684890442	0.477902138672542
-0.775839870543671	1.6652974422339
-0.220500654805249	0.257027994611834
-1.54049812723099	2.7163151871476
-1.55989497477867	1.07896222408607
-0.397506663343533	0.566751068366593
-0.214602895852171	0.2953121415899
-0.17270837505187	0.214667519116114
-0.466516237013276	0.196944349359333
-0.584373148640493	0.224681008157042
-2.13139600006214	0.982362217179854
-1.08894227401291	1.69203071035786
-0.0352913152456945	0.0357157920729075
-0.252623425091258	0.352768296331621
-0.287801023467061	0.389512282359943
-0.412010966567014	0.719017201799609
-0.411957547408134	0.727275144669781
-0.603714683269438	1.14058122500866
-0.385712946918356	0.562523053223225
-0.166820747699628	0.176067329092813
-0.183351614920403	0.167629792009816
-0.780067822171114	0.273115694343224
0.0868053659238649	0.0285797585746745
-1.23788733798052	0.687033007871913
-3.08744594535476	0.960811196593325
-1.16866688029137	0.350488964511777
-0.292427738664957	0.383516667848316
-0.0288271326428104	0.0268878650043932
0.250314440701179	0.238044093155174
-0.128921412996459	0.172954497810218
-0.764629733610585	1.81276375476293
-0.510850836018646	1.0925622315628
-0.129491584514967	0.187210527471454
-0.114022698441955	0.162920265014479
-0.386566784298457	0.715083916193482
-0.473946103691361	0.82873005413238
-0.135209094160057	0.126546460215971
-0.331348256814547	0.251305199254655
-2.12679705311446	0.9822805572415
-0.684823890707479	0.334070270864504
-0.24461043140137	0.298893231091759
-0.20447645052244	0.275095301041141
-0.344655045201745	0.4138104504221
-0.234979329019489	0.226072485920353
-0.163505836058153	0.194956113228222
-0.572396525979217	1.27550486002995
-0.731931287223109	1.50386749340652
0.0399640375496428	0.0557963514974556
0.0676079224442019	0.0770270057236474
-0.605742319994237	0.83788360818661
-0.438870124549357	0.708627233864322
-1.32451999268046	2.17575849337158
-0.556664485036373	0.932213265129491
