x	y
-1.08964934648613	0.43791966465954
1.23644651326531	1.44383786750002
-0.681457614952445	0.333037669649154
0.479845475301731	0.347742546156354
0.073431908123437	0.0387052661218141
-1.87051791418744	0.771246750584204
0.0428782859763879	0.0310097640250492
0.191782952256382	0.168664517612221
0.207263526015315	0.142378065607634
0.231485860056846	0.145783221121616
0.500974377494582	0.536233162364319
0.456956169355212	0.347938627081354
0.893768985767181	1.00636093337979
0.0919360460081339	0.0552104654101599
0.699122576947286	0.504136740605503
0.502906310195562	0.458885924158641
-0.604857640835316	0.606050724752099
0.0025628397056953	0.00165005866598173
-0.0929711085170829	0.073537485059446
0.601533676343021	0.575125189001523
0.701995209857944	0.509952191356139
-0.0984123962015914	0.0763034971570331
0.0651327187422484	0.0292812211356136
0.905454461051461	0.915139993195191
0.672610295497606	0.606588059279584
1.30463652888522	0.920616536345455
1.02359290849044	0.723328186652418
0.0319144842631946	0.022837008703328
0.129035416957259	0.109180381152265
0.0817006945053996	0.0463311157434845
0.864963011440676	0.545589376874516
0.869496466057196	1.07632009810204
0.318145057794829	0.333241864902296
0.545553438554316	0.539620971726071
0.622015301010767	0.822515393101804
0.089412912650647	0.0530112081449288
0.209231475704004	0.181161053842867
-1.60971801406548	3.2215954864161
0.706066152719801	0.862618795655409
0.369674571498155	0.393299354318415
0.341839640055505	0.248660940496092
0.108282835004719	0.108084334000811
0.460053741685067	0.444494546476437
0.161249931535706	0.162324220853738
0.69282813696632	0.783682856505143
0.278094701083216	0.350409490217803
0.36046772251173	0.236526769902965
0.62321688242638	0.279474083640534
0.213458031386271	0.199308870737296
0.145681829547507	0.144846411617848
-0.768991428093687	1.30400710340725
0.480609989735304	0.349333962790614
0.349912660902986	0.441736925450247
0.988538549437436	1.96225043699366
0.0716025329778087	0.07587276551138
0.499101347435453	0.515895252155355
0.106788605598081	0.0704653832636085
0.136032867380314	0.0336051051380813
3.61951558331876	1.38249504606301
0.615689716804824	0.277633042349534
1.00000330477145	0.467688648809361
2.67665745710702	1.58298768746601
0.982700209031034	0.363989286150721
1.78420478138159	0.678695687668025
2.49587199938301	1.33647323351796
0.163786424348353	0.0319491236824782
0.828218106190581	0.939521806953449
0.528029421938048	0.697145628754658
0.700599540072833	0.512502233478648
0.318896312208244	0.137597099436978
0.0525068797986816	0.049471458601953
-0.975635228282771	1.8188609651007
-0.0327920963070253	0.0301702586619001
-0.407446148958382	0.391625905100804
-0.0825505807709328	0.0948968714627846
-0.504623038889697	0.991015613344832
-0.0713206855057042	0.0766127789368053
-0.011341201487987	0.0107804155528251
-0.309561047255876	0.205666958644654
-0.78675750307229	0.273371828721461
2.76098037058925	0.812188394353738
1.54226450486572	1.02598956059218
0.756544151716899	0.310645399934827
-0.844232078712079	0.376830839866029
1.38302600897967	0.829866755816836
0.992749057136318	0.464348055701468
-0.844915345099719	0.374362240024889
-0.678512128839688	0.331176419233809
1.26035343578504	0.53525164055728
1.14881888602062	1.03709273601694
0.138546982421992	0.120353034652327
-0.253952885645986	0.276802595766358
-0.0212043821410578	0.0156815749347247
0.0350720714051623	0.0294569176293574
-0.00103743616747219	0.000867694683352121
0.146591044153945	0.145195217353498
0.953510796461014	1.67048142977931
1.00571107176707	1.15387720345853
-0.323873980872919	0.243419046752719
0.25014358041967	0.261984966144583
0.637661992512979	0.961476512481036
-0.161730868462755	0.162284756086902
-0.210419911035304	0.185756724057191
-0.544764537375267	0.724469239314918
-0.0422313074491292	0.0386439462262874
0.00105534011481663	0.000930140036654974
0.434099382379705	0.520973991461964
-0.649834104810521	0.638790673246691
1.7810590229939	0.680897698501377
0.937310940021799	0.247681996839871
0.280336722292147	0.133228146853929
0.289104729132609	0.13605767779819
1.89345406975284	1.11823965441697
0.0850950615844485	0.0278758262028037
1.505133756116	0.725661881665558
-0.83983128279799	0.374159788211206
-1.86996773031939	0.769222955735338
0.550764799122824	0.54711576515963
0.957733882378697	1.32297412865387
0.679548612432814	1.00741755587903
-0.224552929623109	0.263871249931499
-0.0947144467530691	0.0905327218154179
-0.17440965689932	0.16039147737751
0.33202806899362	0.421226166264254
-0.496091164163522	0.6365345217616
-0.131117855283139	0.142038266295903
0.129563657121147	0.153091338257522
0.167907335491715	0.202742790647681
0.00434931367437997	0.00323813736963473
0.471096973002765	0.589785441152629
0.134914450588197	0.114611256868351
-0.498215166640291	0.471969738227813
-0.714535561172214	0.695660004060117
-0.206946903210862	0.186756236100979
-0.487501190633525	0.727670329371251
-0.253109095364659	0.29403751392385
-0.971220953088921	1.28609447654724
0.0887007160017437	0.0970655205855687
0.145540677305547	0.141500990006412
0.701510124972913	0.503448620545226
1.41753888493787	0.460075319194046
0.102474476101686	0.0297923181105043
0.101230426961354	0.0296586789627306
-0.780067822171114	0.273115694343224
0.977899804058601	0.358970935388093
-1.55859357319854	0.559769753604985
-1.40705228955456	0.878617943695821
-0.500207517506633	0.543527951271168
-0.62276634109899	0.66222447024862
-0.750189507426902	1.01301953069327
0.014989391748911	0.0162834142808051
0.646933416520216	0.497949911883067
-0.261852338958333	0.363830843462679
-0.698500811475926	0.627315255591087
-0.34065324354975	0.450477730344426
0.088850801418127	0.0812161934357185
-0.0798010798504908	0.104432932568798
0.210590977270847	0.144206415817108
0.201251125621702	0.162749073869229
-0.090706055491275	0.125326866381897
0.0651186004811475	0.0699299423108653
1.01352167953553	0.588392053836809
-0.594371202873042	0.227814772638369
-0.715073673666965	1.26626020930627
-0.290516006724563	0.453951017055709
0.0412926446099704	0.0484326351581894
-0.782826798370904	0.689976877390973
-0.768593139300234	1.3197970059919
0.0370228223528028	0.0481068000680473
0.937310940021799	0.247681996839871
-0.223663099670944	0.0821661755551311
1.71203119088556	0.927553809260798
0.377717317531447	0.147754653807085
1.42336872762447	0.463841960726504
0.129357809157683	0.0318962640243527
0.752339787821601	0.305702581482458
-1.78355593853231	0.415040398756502
-0.289010527972478	0.0954623470694033
0.62026020438342	0.280522434534129
0.129357809157683	0.0318962640243527
-0.329920520965365	0.168412378099194
0.115193889963713	0.0864938002503956
0.583370041179602	0.647851662723124
-0.215435083998393	0.223618955158688
0.164240272305621	0.168677573026401
0.303543996569809	0.236330894525168
0.0128044101034751	0.0129424295041229
0.292193366588815	0.249235055365361
0.0920760570638598	0.0999885020570747
0.204638142265542	0.203885214764091
0.198370284039911	0.25305208603878
0.206018407751189	0.152953527827194
0.115482980377182	0.0817776435406846
-0.111498853184038	0.0539477156313941
0.138098090756973	0.169578959872429
0.365840534667557	0.345212182060333
-1.01599913906134	0.745093104941668
0.247199367928001	0.127642710800522
-0.165959296068519	0.187809970861531
-0.462387118088842	0.699698426423323
0.427531602450546	0.688624605374253
0.0350851297367909	0.0237505135704865
-0.0520366068349779	0.0550486120380854
-0.361814334502799	0.516706161039843
0.907831607605826	0.918876942522355
-0.181844960359831	0.132209700877373
0.383358188912657	0.239322245452046
0.599979208554222	0.731023184091121
0.0916903600483643	0.0573077655751073
-0.358280186175176	0.227391012852578
0.528852003285197	0.363226996545873
-0.572549027989715	0.304245307302857
0.465770161651593	0.252492641412443
0.222019635442246	0.130761753495598
-0.31572513313449	0.209103215288861
-0.393497756292802	0.183103296244003
0.0156343334749447	0.0102229500318331
0.135854885024202	0.123283072183598
-0.760721026303571	1.16828500610473
0.152513788107577	0.207694397971083
-0.525039767083182	0.735700182728816
-0.274995490296597	0.381093655818104
-0.0934625072729303	0.107172566416352
-1.02966152363651	2.99089157395286
-0.152527481924966	0.179160103892152
-0.514864893842105	0.751522942652421
-0.133097214554801	0.144986170876421
-0.0531836285676003	0.0480816096023562
-0.14176210070259	0.141499605189806
0.305265209582019	0.328168121169462
-0.00426951281254605	0.0036603335491969
-0.859816376913194	1.61271594883624
-0.440725189589514	0.569971435525187
-0.315925599042594	0.338538973611336
-0.385625398392432	0.378296393393377
-0.445905263338305	0.545312182650815
-0.744995535044076	1.43350339294262
-0.371021811588983	0.44387329416903
0.059502450436197	0.0463698895247983
0.294924753358475	0.338897062661049
0.231332213534673	0.127526822051099
0.376507358923425	0.248682815005155
0.846246126349864	1.12435078734517
0.482698357574168	0.348326706212974
0.220537122396532	0.139014161844667
0.252007164035651	0.13051828867802
0.0734259820452331	0.0269021545430357
-0.58804965889281	0.228034778047064
0.867158579777366	0.551166797448939
0.0824550112908889	0.0271452271987853
-0.219170328198474	0.0804099411378192
0.217166482738688	0.128703049616124
0.0878795880573133	0.0788852479528713
0.566881598699836	0.713779399146968
-0.2410313710287	0.231821082642775
-0.368290885823495	0.484946807990436
-0.362182023976212	0.453899198240637
-0.287542124424684	0.383672750726627
-0.171960440886597	0.172887447760421
-0.096405165258158	0.0987442905195038
0.242905322126622	0.283197192397835
-0.218218980649783	0.228007660006461
0.257692846226009	0.277608234505196
-0.357197745393784	0.329039695612449
0.594815891981928	0.642077656946919
-0.297702997791584	0.277908797171961
0.205072308810386	0.152119418183208
-0.26725495950199	0.207812855229415
0.0650731296765	0.0617034453964094
-0.205022524916809	0.165272951870885
-0.581209238639947	0.829762746581746
0.0368008561339995	0.0316617377761315
-0.0688278996076212	0.069430569808416
-0.44841138113808	0.51731976724427
0.0806916441170523	0.0704735393251825
0.853497388670375	0.871274078194958
0.752395655029035	0.306376687805518
0.0667885766546756	0.0301262477552606
0.528198462262815	0.262151593184314
0.52913316741033	0.263611332106486
-1.33813219231377	0.608833221359507
0.615996072663699	0.27788426628617
0.20596470003459	0.296120544931523
0.571877732046996	0.711271657887703
0.0819814446932777	0.0857545435287539
0.219428307872196	0.130414503855894
1.1731732634002	0.754724534097264
-1.78355593853231	0.415040398756502
0.997741689418776	0.471063603228369
0.101230426961354	0.0296586789627306
-0.674856588092068	0.325755512018835
0.133271254304781	0.0330736858737192
0.0771309562281569	0.0309218375776187
0.817582837465031	0.85980529486234
-0.066972530661795	0.0669296614211956
0.252100548817996	0.287268072786003
0.129855095053681	0.143815023545701
0.420246172120357	0.644423978486133
0.0116900016866993	0.00937853098906837
-0.400263567975262	0.599570020595003
0.493615814803534	0.607933255899253
0.258199880554842	0.283772735714887
-0.0553954069865919	0.0586048390807317
-0.0207145036854151	0.0220824528093807
0.0465125899278466	0.0427771259409086
-0.410213132048548	0.419801460160141
-0.048773176205633	0.0348686609049368
0.317594888040076	0.250801010670508
-0.0214133447028527	0.023379126414775
0.109030968878041	0.105582112644641
-0.17116320893415	0.106798451623205
-0.793866649722788	0.806161427870954
-0.150589524156806	0.149990126636977
0.0703646973912312	0.0794911672435094
0.214014104602739	0.269259962317193
0.137990973521676	0.120013365096728
-0.271473509401039	0.313668483043357
-0.913914747961626	1.78233810333436
0.12824851652107	0.151581372143798
0.64064934076115	0.598278666716246
0.0749369475930201	0.027667789793538
-0.218582058514606	0.0803830659595794
-3.10432125315101	2.44628521880974
0.369116695546333	0.143550009098403
1.04798207251083	0.979937985133348
0.2299153477471	0.152024210210401
-0.792160854533356	0.81801289670907
-0.0209564134191414	0.0189851051679215
0.304246107436107	0.342472857221965
0.685352243676789	1.09548337235685
0.273770481524023	0.129853082519751
0.56532130495876	0.370447833339735
0.0939193909698307	0.0553651704065277
0.379961782081192	0.238402548427861
0.911586310826892	0.690008353936809
0.0847299492376715	0.0481155698197607
-0.516961733908775	0.524916131418663
0.412668403348964	0.421328027859043
-0.475644417201739	0.520793119094193
-0.0290257466694904	0.0297760909226324
0.146782688406909	0.140060186850487
0.194600198448704	0.204857729011386
-0.427635383971569	0.559184859027352
-1.4988196776224	2.76435686404489
-0.334612578742777	0.332484346683024
-0.480313275365289	0.590115904217403
0.833522242724581	1.0429532839183
0.3574453839534	0.33731842051233
0.556649456750666	0.55861955560016
0.115382120933606	0.0822798621863339
0.112653877943343	0.0800664138335653
-0.153430800192764	0.128608058430575
0.102106065275468	0.064585168123995
-0.235497702132057	0.207040591911862
0.474880540686924	0.441017256744112
-1.04742343009948	1.5771237029978
-0.616764634945429	0.77137165818126
0.0490076885937576	0.0373450991400165
-0.0985099239252937	0.0763836657840252
-0.84633576342459	1.08145447482099
0.205386727860875	0.168476434346562
-0.161467490867679	0.101047154226863
-0.389314007007522	0.11306509974214
-1.01513553282733	0.747351918039152
0.772032532562094	0.527338464007177
0.22002338755211	0.15265328068221
1.59829220457872	1.70046776229607
0.0114253707801623	0.0111893079626015
0.192837050612101	0.184928763505075
1.07731936796017	1.22555799750531
0.0730045682798238	0.0360814622696392
0.4564315396301	0.348980511686002
0.713723786617064	0.624751177231439
-0.162218486519005	0.101087517357168
0.64886878414221	0.599231900302698
-0.0437395729530271	0.0356477664896405
0.0838161221375312	0.0833741887225654
-0.0378778057124581	0.0373885477471278
0.156896956307024	0.181015975159303
0.10367993578396	0.0978550239163122
-1.03053132799434	1.8221149497055
-0.514240495317115	0.691911414637871
-0.0215285705533366	0.0185242007283516
-0.149549761284881	0.162486953895636
0.0288069154554324	0.0247407588590668
-0.0101687534510031	0.00873980792198415
-0.350699633094324	0.420762726676423
-0.127193674389318	0.119914400580626
-0.743709310666633	0.876791756461477
0.203377640523074	0.184369690656593
-0.10996545926243	0.0954535027561168
0.292269603386105	0.354767588576895
-0.143996882738252	0.120059733711144
-0.00875265099640939	0.0065671001554169
-0.252349868524575	0.241259068463399
-0.211808960237015	0.204741243316459
0.0757107960344812	0.0646630261269426
0.355075788040768	0.333937211823346
-0.0765535924929033	0.0594549070629996
0.205397793236761	0.163810904362478
-0.0284071276074118	0.0166691588711941
0.0751574520218219	0.0423700547121038
0.0813735248892388	0.0462755851438309
0.10150905579596	0.0636498338747568
0.310850877267624	0.244199036509511
1.37152935217705	1.90671906452855
0.21075054519857	0.173403163268386
0.422342024122909	0.345257865499044
0.393603843490522	0.421076345698646
-0.0347178791036478	0.0353230778907361
-0.0285365441658503	0.0210412346441972
0.0459456685825664	0.0406937295445938
0.128682262646456	0.106502534766147
0.145799809709649	0.139315140459591
0.49917656939328	0.675118215592607
-0.301314904017326	0.341336935457343
-0.0240413157469008	0.0203251254209211
-0.175805806169242	0.189844698429601
0.0720479236141756	0.0597611947200071
-0.0163332549010297	0.00978262967939513
-0.232899987129791	0.135366173439228
-0.786930566111098	0.853642253476785
-0.666815351395318	0.872698453806947
-0.463593027978919	0.368530738674762
-0.423736310465594	0.258618668970153
0.0723755179883867	0.0356675642317927
0.0821573534478258	0.0487213931527217
0.380531217210644	0.237875323433451
0.0944987511965044	0.0566089086148045
0.0822757964280341	0.046755601292451
0.321145491941231	0.242100250329667
0.403754197767875	0.524529416187082
0.00266584660856926	0.00227563293612959
0.513754238554029	0.614610579335057
-0.235169270794624	0.227030733858912
0.260022317681999	0.249771266554147
0.321679473448461	0.351957663524042
-0.0104061603829319	0.00779587603988203
-0.142617317076578	0.107815358695886
-0.572359540635722	0.689725390541651
0.209582156823019	0.15677886180125
0.206479487165735	0.173495447181763
-0.0131907200698478	0.00793049293549862
-0.134330255104008	0.0866367074666424
0.463709887038331	0.430834840140381
-0.14372821033961	0.121884060316145
0.611855685114934	0.664952744182211
-0.611048407151469	0.513647411429228
0.775137102006574	0.530157629930873
0.11105489269509	0.0760675779301962
0.601283268676993	0.5695956837207
-0.214466273514909	0.0787872059162844
-0.00186560109008227	0.00106181010043751
0.00817825082377581	0.00637884274595281
-0.0937276401275005	0.0723202790434317
-0.0442702910583078	0.0360762230968319
0.401240598994143	0.430552921862323
0.0822108482236957	0.0691286798421833
-0.0679583189649813	0.0477802607157495
0.391886629200681	0.427861174942818
-0.385050168099597	0.378348042458303
-0.0407509990460884	0.0329200935475542
-0.701335838998297	0.62944589388769
0.205655581946479	0.146578104812619
-0.466218978824645	0.511599786726334
-1.00673544188857	1.13297095023591
-1.01047261875889	0.744171054882392
1.16980986460019	0.766650376923694
0.761280494559105	0.726009365528416
0.316887096570993	0.362912377652198
0.287779417883151	0.252909438223928
0.0895531582778297	0.0537455508352904
-0.329416714324174	0.349612595320642
0.277077573489182	0.254116640893488
-0.469757039367042	0.377604953798934
1.04667888498776	1.84002718306559
0.375128264583109	0.401400739420401
-0.183236191382623	0.206119733831502
-0.0556928491226644	0.0506707083012611
-0.198206300758317	0.141073518282786
0.980775883816089	0.36599399400451
0.0737409865014652	0.0271727618595232
-0.00724604841815943	0.00430865092046643
0.143320712604486	0.125664814506953
-0.0227876737668774	0.0168042599022168
0.531461377646836	0.545444238162167
-0.0137810166985541	0.0102628202348871
0.513643636258308	0.457450636055173
-0.111790121361933	0.0737571872148135
-0.296496641364324	0.276770525847132
1.15144951524494	1.25041142718741
-0.320328543004327	0.162894232670649
0.604493688164991	0.573372575001647
-0.789684718698925	0.750799782381441
0.937262430139516	1.02888778290026
0.992696317109654	1.04693155878365
0.557202027421826	0.361937680833674
-0.0678441472509575	0.0367446134172445
0.747813371500537	0.305311762022531
0.704126964879302	0.395902848200686
0.0650974937835093	0.0321106371782086
0.365412799887234	0.430892503643899
0.203093068298319	0.148700249441997
0.115894689734446	0.0822612320432772
0.574340361921676	0.477479654547749
0.509549346454928	0.529238044109395
-0.110341141830962	0.0960791740207894
0.778347985048181	0.531785259653121
0.875416793112157	0.550832587599391
-0.319629802433426	0.161733124913979
0.373827217619104	0.334811778949174
0.369873070726338	0.144003268924923
-0.639303808570113	0.155405266784039
2.76098037058925	0.812188394353738
0.346405093874907	0.243032122885749
-0.557074174356666	0.375371350152741
0.30292611699908	0.235152753051726
0.420374009051344	0.345695738689099
-0.193944323740414	0.116874767348733
1.15387746710711	0.898591575099844
0.0715557182572896	0.0352790312717289
0.625833465415678	0.384201440843606
1.54280091509617	1.01370842506206
0.0397212666987377	0.028588773883915
1.14431543712181	1.13592740389039
-0.196431665661328	0.19214023035625
0.0160049960897966	0.0124790744184871
0.566070161133808	0.366336933761369
1.27252573787823	0.534709423362296
-0.236970521056223	0.136482854685416
0.000644359653512419	0.000211456158784947
-0.8820545596	0.759208455308744
-0.219944544617823	0.0809556339123812
0.704126964879302	0.395902848200686
0.521027943495529	0.362146533828422
0.290328974378158	0.25684696485781
0.367009570443358	0.338084313882379
0.536627010324674	0.456178372512451
-0.531891932656397	0.568804214646376
-0.181604399319838	0.131690410375873
-0.0928130432690836	0.0475281972194771
0.298086966463334	0.239240781595036
0.0680123674067163	0.0333454855857441
0.0981771347414655	0.0639970111273553
0.365987026361859	0.336099980224578
0.0200526867417831	0.0129991732064106
-0.28832975577122	0.220873719524471
-0.639019763922381	0.406799043686221
0.210370989400023	0.145151749677461
1.14629566203618	1.35992345181941
-1.08591675575426	0.958189334650705
-0.0243259451258898	0.0142039527916874
-0.0102794020336007	0.00621274002880031
-0.0469116483873944	0.0266616811759908
-0.514140932227703	0.523529273887558
-0.0701885546933875	0.0483259378954012
-0.0905176266676715	0.0601050377965522
-0.496474439602124	0.433142281799707
-0.133344227602171	0.0852949424212631
-0.420526432961702	0.302972972669098
1.44539271717564	1.14054269771983
0.0675963986762396	0.0307145424541572
0.711692172999259	0.614847724587084
1.54775830939163	1.81249066182216
-0.0116374639881664	0.00870122647840207
0.0644605398447142	0.050717599785251
-0.0526872557925825	0.0369267736678144
0.520328721778624	0.461316316393564
-1.42944471822789	1.41596596856545
0.511291857345408	0.454305821333883
-0.200138059908321	0.142895889734544
-0.145210500187328	0.106688783917853
0.383029831343166	0.23933119312117
-0.868911151459302	0.821599106095705
-1.49752920546664	1.78306686164003
1.14981680529153	1.15524180566443
0.442461931162053	0.353851162393728
-0.989831546117665	0.819257202796788
-0.111067847013535	0.096583456995746
0.673276196386205	0.610362737745618
0.215758049977616	0.136448624350559
-1.42659822017148	1.16875695338162
-0.371627825298089	0.273180118299308
0.0672365917693448	0.0331375816113933
0.71489958972313	0.614996929915582
0.571425542969079	0.473812540884513
-0.0273367182142279	0.0160207681831192
0.432189908556866	0.430630140223417
-0.172466821015529	0.155980815837953
-0.0609780934365571	0.0492642840232742
0.0259681780231309	0.0181204290832956
-0.117116015748036	0.102166399170893
0.338648638773845	0.349693794987104
0.572959327589787	0.723667085185791
-0.13876277934699	0.118209245392383
0.283024676159969	0.240251975160202
0.406883601564313	0.234662023335714
0.702665703576254	0.395213951763048
-1.42030217168771	2.13124092049929
0.0666639228874761	0.0299455393009567
-0.389254799314376	0.180822776989578
0.0762468842880215	0.0311401320891568
0.622619267673717	0.19534691993008
0.69947534711909	0.507481820325312
0.694255096617678	0.502683270654142
0.0305625250765858	0.0205661227477712
0.760783527025595	0.628439805972453
-0.277365023503664	0.238286253844642
1.28887110825272	1.78951801862788
0.302112375105195	0.245228216989859
0.0736894306413491	0.0363387284253166
-0.674851805853808	0.750597660493257
0.651242358862177	0.661469246006445
0.122880548294601	0.0935031254041299
0.525178491256449	0.535938141519041
-0.0538746549892593	0.0438745272428306
0.464673493840572	0.252459671357484
0.235504165425908	0.131363856977947
-0.0905499078249061	0.0608871970836578
-0.635606430060733	0.406318679825018
0.62296926515137	0.379451670515644
0.257799649492058	0.133777190901315
0.823593630304247	0.425325766771612
0.445167357636655	0.439158084544524
0.289340017988982	0.255145764852296
-0.2266936604869	0.157235460440262
0.847452724092654	0.874776465138001
0.763930057088673	0.633010340075463
0.871077495502489	0.78562974155839
-0.58482430450964	0.444126871877521
0.523712586798333	0.364941559839942
-0.870462720426738	0.732318912243373
-0.26119218651032	0.20562346108659
0.707114716262543	0.610120165654607
0.240939574993223	0.13297472551242
-0.0931898386774015	0.0482921419739145
-0.779520772516085	0.688618967160096
-0.191816988314899	0.115250493119997
-0.199524082054773	0.120365810183172
0.0682266623642331	0.0335476536132995
-1.82092323132876	2.33100558252023
0.699596934408965	0.511217314200787
0.100826583395934	0.0602285960201224
0.599295115838989	0.652669694383985
1.38302600897967	0.829866755816836
0.520276985143712	0.256145919048024
0.713689755376988	0.400185343122137
0.623907306534403	0.194112599022884
0.86770251593067	0.551084297143373
-0.161470982137666	0.119456936243181
0.115720880563526	0.0819759187356146
-0.153534180721176	0.114136579348046
0.123896719730282	0.0916044455426682
-0.784633379791342	0.753920802846833
-0.900555651180405	1.18268843964388
-0.995060055342507	1.10645467306287
0.80679779802353	0.752265049047166
0.711136782020848	0.403509729686404
0.355372769374609	0.23471356140771
0.219335037099385	0.137239479843163
0.714419649624374	0.619238845550773
1.70924991541577	0.919367565429147
0.822171173632838	0.42260981298521
0.520267699440164	0.256253040568721
1.38963828918029	1.28349552694874
1.37464591763697	0.807953353627167
1.16296446993803	0.744807938511416
1.01707312322119	0.703793941600776
-0.280895487934329	0.0927097168423295
0.464673493840572	0.252459671357484
-0.176971317214622	0.0718217476297503
0.110436607905736	0.078406503706897
0.0194086372300117	0.0126197548012975
-0.874386603949867	0.888936149788065
0.113114400388057	0.0801861234055911
-1.09392575015296	1.21229662725258
0.817345741561982	0.768631400481481
0.307315105709861	0.241418300082316
0.838159033835046	0.664520134545904
1.0365931801734	0.858731935843696
0.601531009475572	0.482784351023939
0.364209015528889	0.241386969223916
0.209348605158479	0.156116993188443
0.484906938718345	0.356328118948048
0.360954637440733	0.238567869904421
0.226676028518141	0.142767495796405
-0.419936449634981	0.254584752563023
0.280098477351241	0.13305573633033
1.01379869901775	0.711685787901028
-0.0598582729065321	0.0323528727914734
0.620162841809073	0.278020698406362
0.56257217158174	0.365392593999486
0.385151756118936	0.243033867491424
-0.0661225206560737	0.0360967914203248
0.642293369680388	0.488273803512312
1.01807036278596	0.721721386450204
0.994808869855531	0.468170594411037
0.756454115222154	0.310445711889242
-0.593023803741619	0.22926907871397
2.6796847400851	1.58901995949391
0.0800041331248725	0.0452205901290642
0.129553567600596	0.122335932146814
-1.0467339507425	1.30218700539718
-0.37250097493478	0.333828414909218
-0.0606128017001588	0.0328641426047536
0.201147251670441	0.169192508384189
0.754785571257654	0.812506851452945
0.824435954785515	0.64071422899519
0.282896329880646	0.13315664590756
-1.55207325541213	1.07104940312036
0.0908686003434408	0.0513446217966692
0.70555994163788	0.396299341907404
0.216012974398775	0.143636376858185
0.00471121563244895	0.00295921634889804
0.703948583025463	0.392910036848781
0.220525778331279	0.130678932437685
1.50478486522386	1.49626910153077
0.62326313623548	0.195382080165285
0.937310940021799	0.247681996839871
-0.840517117216908	0.374798385934513
-1.40741161901141	0.891864198931823
-0.166328764506725	0.104082122861643
-0.160832074337757	0.134281251671108
-0.788939982886084	0.696573028542611
-0.551000184905408	0.554616993818919
0.528740065662892	0.542293346785752
0.976901603473024	1.23520917191927
0.496826555779443	0.452540627897277
0.350879017426388	0.32806695387282
0.0629518077668049	0.0282413707091687
1.26917630288726	0.540777679389135
-0.17901970413642	0.0728532485467444
-0.27559641278115	0.185887045435526
0.27885163233485	0.132356018576167
-0.524419660680918	0.411666693353815
-0.704336121843149	0.624865905060938
-0.870866169597612	0.481841730583833
-0.703389772896859	0.63450960397061
0.317221150546055	0.239536771068128
0.359327714879822	0.236536813857783
2.05131320277501	1.37829691814662
1.77938594611081	0.68549536418416
-0.58704690541455	0.223576521206924
0.0738758794445752	0.0387654464223314
0.353416701760174	0.332425364569852
-0.327783530625272	0.244087229550929
-0.544228708762433	0.542698415925243
0.421916491833966	0.432240756640941
1.22997025361867	1.77243640622552
-0.416023163956026	0.333939451505326
1.10413038643627	1.55836004080078
0.597337044291058	0.56674764455986
0.0739936679194959	0.0304074742485796
-0.273367485462674	0.1493965594236
-0.385514131258978	0.180201700951996
-0.468040734765052	0.198794101048303
-0.871484507688789	0.482097505889392
-0.700075768155407	0.626604475895966
0.312093405824781	0.134356647460201
-0.877317441333276	0.583491441712552
-0.556050150648531	0.371467411517185
0.223097790156875	0.141330594904006
0.54623408550191	0.541689401196537
0.313522983413382	0.134904072527799
0.937310940021799	0.247681996839871
-0.283700683449066	0.0937434246457278
-0.148064149469469	0.0653675400141193
0.492789747801889	0.449986411249175
0.267069743154552	0.244786827669842
-0.0784713990895088	0.068944605132437
-0.685308711538192	0.80694078978281
0.456656683289867	0.434069048361343
-0.941536782056285	1.00695089807133
-0.294893773588748	0.226284758280753
0.108544900532982	0.0744117556626945
0.112824672201943	0.0745240807113329
1.13730021584649	0.847589137278946
-0.276920654600604	0.150620099007267
-0.330989507151083	0.251439818703753
0.982700209031034	0.363989286150721
-0.524658696082272	0.405368770537727
1.15254464078888	1.16114199459184
0.0764393225896926	0.0404798163679507
-0.367944588843687	0.270557706364849
0.222902105120367	0.131707220494237
0.527559975679554	0.261556161262736
0.69907230045614	0.502866144362517
0.495554847830205	0.59946466768094
0.711688032740945	0.400046195638897
0.98394802826387	0.363984610542907
1.37836363742217	0.811541781707049
1.1654577600894	0.756555240904903
4.14343064056139	1.93856751013874
-2.13153078367383	0.977264552191724
-2.02718543723896	1.92732334004022
1.52332929976948	2.14501440983175
-0.676560746408949	0.92944126984727
-0.166841690040213	0.137108187483593
-0.416395021677622	0.435069729168539
-0.0400737912515792	0.0325386825639981
-0.479174422438853	0.453706488964251
0.438073806471691	0.430976487298852
0.377798077498648	0.339934055904428
0.330034097839427	0.241149251768825
-0.400967075683135	0.11581170254107
1.38505782370817	0.824973448793675
-0.00333285728462135	0.00195273355479534
-0.138919040410829	0.0621003003250773
-0.20154285704618	0.14407750513788
-0.207160805283805	0.148720176661081
-0.283547466992737	0.154677968865678
0.605267868359187	0.484568236536116
0.329550404924479	0.240249694930098
1.56921236690559	1.36302953945848
0.754158908243701	0.307549234515271
0.415196902736106	0.241506156139516
-0.553534823627766	0.371387481908004
1.00696288534038	0.580100534684568
1.27324516241524	0.537871829171885
0.463629307286172	0.162104107938766
-0.87358942165234	0.740975477035982
-0.198244521875609	0.118846336597213
-0.850383051914905	1.03176391268597
0.21005064485963	0.157281669150595
-0.63240339121215	0.57958487553781
-0.857449535139307	0.984408835925807
0.215522698791118	0.185842426840756
0.971297930881385	0.942691516956203
-0.0499427142602113	0.0281096053048436
0.767481599325723	0.522421069101254
-0.70577097647616	0.633522981284234
-0.416307778797599	0.249442840270443
0.461571269939934	0.249017697662826
-0.952635056680812	0.947973743514094
0.546310425437751	0.470795847092414
0.0823058021480076	0.0462506279548729
-0.0162223466169453	0.00971966921195389
0.856789683741872	0.889309195375762
-0.22605019213106	0.178358673278393
-0.0857534120315152	0.0675796466186093
1.06750643071435	1.11084756231497
-0.214974296200214	0.19208284533368
-0.32064934187686	0.296073822374157
0.186150759267481	0.165947406472517
0.652178507777567	0.497626368669469
0.235144247001217	0.131371912171976
0.0832108955419485	0.0730343734034434
1.69079006539224	1.57825762304947
-0.229778003228304	0.132534817609772
-0.12401984019045	0.0594163693979384
0.458050285347981	0.346256218024587
0.866266301854687	0.543558311168191
-0.172610468096185	0.0700239240651277
0.56495654200915	0.46803421182095
0.350757300807064	0.339004225297868
-0.38702420113018	0.350812235983535
0.420568365504266	0.247180528524666
0.567886227843164	0.47122602468358
-0.988434651050778	0.822950208022417
0.252278930083307	0.129516489171336
-1.32573204954699	1.87208533872693
-0.235143956788018	0.134853979655651
2.06274546205155	0.902931253229983
0.752395655029035	0.306376687805518
0.43920114213682	0.350341157539834
0.614597909803952	0.274630566273289
0.823593630304247	0.425325766771612
-1.7574969085162	0.98953293779572
0.25101959349738	0.131003896274538
0.0182947250858121	0.0123488138404886
0.134541044050901	0.113559546716127
0.199803105382422	0.168210648009346
0.498756772122524	0.453104075705396
0.28613965840409	0.245349558761235
-0.16574173413161	0.137210095903351
0.550398812121702	0.550619959403718
0.122126658746462	0.0926276029737032
0.0667605429894571	0.0497274178156428
0.0419727929562515	0.0311102457838864
0.0994058726485678	0.0653234209298924
1.05776653740411	1.09057784547882
-0.17963097353752	0.0729392863324897
0.0879076467071442	0.0524586669115108
-1.68259316703963	1.2803870487275
-0.0436925815011234	0.0247763976468007
0.0997351127205451	0.0652361379449921
0.467153407242985	0.435625815204063
-0.398420956518747	0.183105803949551
0.907831607605826	0.918876942522355
0.995731379315757	1.06789823080478
0.373601398228286	0.144726736376855
-2.57185252800851	0.693041972437165
-0.222984848817832	0.0820010323139345
-0.415603216772901	0.251985853879163
-0.231647840390599	0.161249189619645
1.04896574610286	1.84617277169675
-0.410136750522608	0.393876267818042
0.458970533764005	0.450486637621401
0.685279036975073	0.864601202890582
0.211833367683771	0.164093403007343
-0.062768319484138	0.0439274017124317
-0.886783293555119	0.586469433970477
0.320934732296339	0.139094817121576
0.521027943495529	0.362146533828422
0.807928097253307	0.758030214615371
0.628376775506871	0.38553463082235
-0.0246474038360419	0.0145089138016841
1.22285893721622	1.76200695729251
0.76325038924728	0.741782818344804
0.521490159152872	0.548002208353548
0.390816292607466	0.340280336669081
-0.0239049349981604	0.0138296135346035
0.76538443823312	0.833045835751931
1.05666065812492	0.9870310127854
-0.501487660970725	0.438408221838261
0.275530591366898	0.260686759935393
-0.585720908978638	0.447046848204979
-0.86952222197936	0.810590522620468
-0.196950328721083	0.177738726039233
0.0381256890270594	0.0268057444359431
0.227846253096183	0.150625364518641
0.495965739083206	0.36307456759113
0.078598317490352	0.0444280178461324
0.352774634201184	0.246512673668876
1.00548699175563	0.57300612262007
0.34139311622866	0.238353187914146
0.230136482443585	0.128151398700322
-0.166778202616709	0.1039213380836
0.216391965741641	0.134501712858465
0.754550865941154	0.718944437673637
0.134674821782756	0.109149700161528
-0.323442295744587	0.299539312265283
0.204544610225323	0.146321432152835
0.104276145325725	0.0708708124724004
-0.853839002085273	1.0444436066292
0.113746913287953	0.0830938710504955
0.0607003875422625	0.0469295268397761
-0.41536134265923	0.372528637456734
0.0720500738885273	0.0355107528572745
-0.289471296830982	0.265242464698732
0.229172754491803	0.126814182432373
-1.31633935141268	0.97667678912886
-0.115899099966781	0.0564569485105296
0.0797501420892378	0.0450311650431127
0.0814114240091497	0.0397080738911774
0.211065751222353	0.168304447340693
-0.233620963390567	0.133962657788936
-0.0918312817913753	0.0471212454470932
0.902991891556037	0.681711615593989
0.716197088384872	0.708072633281059
0.827842011676406	0.429370920090642
0.254779250062822	0.132694893288726
0.554859561242355	0.558937630524696
-0.0429719954614337	0.0243631273254064
0.903209022103508	0.907095747461469
0.35884161628483	0.235589142666999
-0.0289652345071464	0.0168823146823482
0.115087089661667	0.0846188005198839
-0.421882611881765	0.258176047411599
-0.146782740593167	0.0647060676037482
-0.568169495697615	0.302349593235155
-0.278751739909566	0.15202075707315
-0.464997796400463	0.367849008107155
1.10360332717109	1.54812927477414
1.34677263377385	1.37629003549078
0.770330425886327	0.744805229771879
-0.133477063976726	0.0861431085344049
-0.362297578301616	0.229804099770776
1.1512641379065	1.02827625038253
0.0679532085813264	0.0306970195614157
0.279583783682704	0.132484753705599
0.769247441948818	0.643133550240649
0.700805097701749	0.512321063120474
-0.269199223079651	0.143419460344379
0.100796269578628	0.0602637501266603
0.0684739445697538	0.0307844449776122
0.770557871844868	0.522645948852782
1.50024056318658	1.49175163555196
0.525315420089609	0.25975101011921
-0.472566947998232	0.201652567172695
0.48099814698932	0.349535213885118
0.072247518965061	0.0327287914916185
0.0886021295008237	0.0498540091694648
-0.176600040221134	0.0713903226430434
1.15992603501739	0.73778409511663
1.05863732525732	1.09070270103182
0.312093405824781	0.134356647460201
0.31861691251463	0.137580075785141
0.313319981010303	0.134999683936299
-0.729507755776047	0.807937122573319
-0.497357964551976	0.282599692901627
0.0643680859351111	0.0287641904017841
0.468700819218951	0.163693269937157
-0.109346282282889	0.0525063113336948
0.204209036900312	0.162243876435355
-0.0920613825124136	0.0622633613530081
-0.276485173768768	0.18868449718605
0.599822407155703	0.718402915341465
0.48633692286765	0.354216357903394
-1.43567281040893	1.42435589010306
-0.732271890108412	0.437090886925906
0.525421214488514	0.260651582132445
-1.54288153053262	1.37598463418028
-0.728226961935487	0.428829008336636
-0.42242269508198	0.255342792944245
-0.00164818637228375	0.00112800719682461
0.456946605734174	0.245445631596187
0.868324636921228	0.548638843589748
0.416886214219323	0.244668041085591
1.38302600897967	0.829866755816836
0.876083630754596	0.55791598854381
0.230136482443585	0.128151398700322
1.20368513575766	0.642741413337426
-1.24494403706867	0.697522068554393
1.50327542339675	0.72323220136473
0.0695660868841871	0.0286237648847791
-0.636412255156975	0.407811820574875
-0.135333990089834	0.0599436765837152
0.37438596739115	0.230729811775994
0.557831480755347	0.363320573534796
0.0118069091871076	0.00724660346358736
-0.316242255468432	0.234714881632765
-0.097294962529893	0.0655489773993682
-0.425869878833795	0.259487128077319
0.295107589835844	0.237882006121113
-0.613150257315216	0.648392543198149
0.0776982136963664	0.0438664615865272
0.345724262487496	0.240736267108341
0.218715195139344	0.138640821471314
-0.634251351337985	0.573993423735868
2.05032731976737	1.35671039853713
0.618256847258816	0.37105330958322
0.381917230186652	0.147907633908956
0.0833374925807494	0.0274653619700873
0.754341674864498	0.308640642869206
1.33735974741326	1.54327925521816
0.00218452974436588	0.00140574598193628
0.464537658059953	0.162016368124545
0.698410884790798	0.387869325324899
0.375458639995223	0.146353031873487
1.2506325967683	1.20444448324538
-0.636793108934286	0.584677318182528
-0.638135296870263	0.399149778115902
-1.91340513137436	1.21020415004294
-0.170781579334519	0.0694125508896681
0.627921134217042	0.385700912489043
2.04778220589239	1.34974407486365
-0.19475678646103	0.137984041625623
0.373472638679995	0.145314030844487
1.56892926623401	1.36459154842111
0.421802487606528	0.244836724029837
-0.0845640059527917	0.0436413914170073
0.996476567092237	0.470257234277615
0.279364293485506	0.133091874734042
-0.390609043378598	0.113594128833838
0.163198318954765	0.0319050580443516
0.827589713544025	0.664750775924104
0.255964465612852	0.286289503300192
-0.37536627187954	0.386517099129055
0.252546538895724	0.247251976621211
-1.20094174133923	1.55564284898274
1.01373497240816	1.45479547722401
0.52801187116936	0.694126078554054
-0.234754260736006	0.224751867179284
0.411449364836693	0.503033140178865
0.943708807001997	1.03541767070657
-0.326569921036367	0.16488560046235
2.29571687273215	1.12179632784823
0.2299786188842	0.137721208982507
2.29442873951501	1.11913760335961
0.0674308452192833	0.0303923804213055
0.749233019536078	0.306404529636127
1.42314513115208	0.464520674256509
-0.77731550474039	0.270283019147446
-0.580363858633457	0.541631996053548
0.021920080355546	0.014196488380308
0.27812000835583	0.1320371005728
1.38382451433764	0.830684994706267
0.0709244185462526	0.0289984942460054
0.36979145085905	0.144079676335978
0.378983020869658	0.14785262569313
2.49661970855135	1.33999033056056
0.622754877518999	0.193758888404047
0.622619267673717	0.19534691993008
-0.0702874184195035	0.0383922220028914
1.50420765342546	2.6235207464532
-0.869075240315029	0.743452998945574
0.704679611471066	0.39351748681713
-0.0498572670415742	0.0279868497260179
2.29361969661975	1.11417804713834
-3.47160964728376	1.22118152659824
-0.56694646859874	0.564997149095004
-0.677403052753931	0.32603710178431
0.0641351161779878	0.0290371619142981
0.0792403413017168	0.0449780018522544
0.825149965874831	0.656970041712845
2.50161752495105	1.34914339244887
0.110652479211704	0.0313170153486463
0.0924444476893114	0.0266897604046836
-1.78355593853231	0.415040398756502
0.599480853650477	0.47978872302296
-1.18663443836363	0.790545598578881
1.23737108036907	1.45477627224864
0.476591934503783	0.44521437573972
-0.706237599525614	0.637469914539234
-0.385014418032646	0.179315631449421
0.0845094585033182	0.0278486404260499
0.0817720252700811	0.0462891642578068
1.55745241356412	1.31723920082571
0.381330652421218	0.239773737989562
0.106089796339002	0.0721781623065349
-0.420612519608826	0.338635494619652
-0.370077190988919	0.304173702999461
-0.526377781517584	0.489528784062218
1.68700474124586	1.24198907771164
-0.883890211036825	0.685479345949958
0.563077256686731	0.367176322384377
0.944325897260383	0.821227274138499
0.213845401008287	0.146812744754975
1.26999948095192	1.06731530562932
0.613944711078289	0.274318795618447
0.237424357122528	0.132239304531096
0.758425492447115	0.308921895316039
0.711781115159282	0.51613902359138
-0.0864866628482972	0.0446221070386076
-0.42462418716633	0.308597420001442
0.755209800156126	0.306304987435101
-0.204628350221774	0.123182844816117
-0.114040656237079	0.0549746059029414
0.82636942547965	0.655317307308851
-2.34521636280808	1.19937106553257
-0.574557209879889	0.306956936809278
-0.283240759595836	0.0937144526238611
0.0668262456255112	0.0304056128764771
0.70605384732385	0.399210490437781
0.246868163429212	0.127922674441974
-0.575191339660369	0.307244610575221
0.0648453691132321	0.0293136986041004
1.31352479910452	0.942858042485372
0.769365444701365	0.522515111803542
0.134580624513602	0.0332822882767434
-1.78346459010975	0.415096457236971
0.116470519729678	0.0851676251567197
0.0727493872046302	0.0298889195466464
0.98338732932609	0.366366127152252
0.0676879484570455	0.0330607142044335
0.821834708086282	0.766932890379562
0.753753172995754	0.306004744599059
-1.09704853601344	0.436989784253576
-1.40082096268112	0.881146505282554
1.14411710907062	0.870345908867939
-0.556463925226282	0.474271577975624
-0.45689442769825	0.403896939639276
-0.253143954685425	0.195857425055041
0.291216241837372	0.248785236540272
-0.117701829896609	0.089442117740003
-0.515912288136221	0.402287986196952
-0.288081436514238	0.220408179455428
0.110440934538847	0.075628336064991
0.317251385720819	0.237080348397672
0.0633493914807591	0.0259729121139909
1.01771261294135	1.26202085758365
0.0976814895001366	0.0617036669439746
0.62307935077028	0.380053701178781
-0.6309294296527	0.577948845822354
1.00138752039399	0.579854893664442
0.753571413536895	0.309463972555086
0.0721267816011331	0.0295556335559887
0.827352610272206	0.664887431751933
1.31700527744619	0.952179604245163
0.216406177844556	0.136861503817437
-1.5117959489176	1.56592403345214
0.0713935019333362	0.0351969384013629
-0.00756679925479688	0.00460448901531111
-0.270865160954198	0.185674792951352
0.706287585254576	0.397486298482717
-0.194385252055159	0.11543553035242
-0.482945099263967	0.339256106518538
-0.583277466645547	0.441723402620531
-0.589216673421053	0.227872967084399
0.444546148301709	0.439415935305423
-0.858673124978307	0.466544070807669
-0.58804965889281	0.228034778047064
0.278081917242567	0.132642568744946
1.1503865331546	1.03566378816892
-0.580842701896874	0.221719876449501
1.20238704175539	0.641069787889058
-0.587362233118177	0.227587398386815
-0.83757828065281	0.367286504522321
-0.862620031112544	0.995501720669116
0.525410717052013	0.615648073604909
-0.384953665741812	0.431673806476521
-0.26002125784119	0.203804572580205
-0.381577164905081	0.373640721657942
0.697538475550748	0.786805418262883
-0.0852869500646713	0.0574961665237208
0.206534567783287	0.178349975893797
-0.0992793906761113	0.0770186924362378
0.0554435983510277	0.041330705978178
-0.56055543888688	0.586947196486846
-0.097288589388649	0.0658887381872384
1.24884474323543	1.19943002157609
-0.736768257732673	0.440880478134594
-0.419522581656791	0.303866727202507
-0.776331761639442	0.615459081704623
-0.275449504841189	0.151360628532227
-0.198579668841146	0.141799768073176
0.0238530521256448	0.0160488755111674
0.3806525851881	0.147602196113053
-0.381149554854031	0.313839138408593
-0.17031420171972	0.105671265250906
1.01437326427572	0.718062636805519
1.38415138066692	1.26010896644273
-0.233190263486568	0.163078354109634
0.220612734060714	0.165107685770039
1.77887649352479	0.684635676036224
0.381923644628808	0.23824692162223
0.0998843906002151	0.0289585358968038
-0.333828302777806	0.168350915147394
1.38152441499461	0.823870185922236
-0.488532763950275	0.279832466621332
-0.395701830802091	0.115534330411752
-1.16566845088931	0.353063396931639
-1.40388981236758	0.888142200810888
0.00463043328996708	0.00342204996631915
0.153056673321098	0.155487449984328
-0.599460654436236	0.680505169811833
0.494775715847091	0.65382562164649
-0.193692350540066	0.174654254557746
-0.10236041903711	0.0903048948595403
-0.060501194783169	0.0484168570835583
-0.0506165974994234	0.0358537320283766
-0.160184306441052	0.118840550396648
-0.00616880000434601	0.00378331216386497
-0.0450592060345501	0.0322364801603475
0.00265438513008465	0.00169421400879785
0.426132755207719	0.428395336104636
-0.170289900593437	0.141178134270914
0.30819384468969	0.248911951756975
0.237242624853491	0.133402047167884
0.216299521448993	0.142075671776155
-0.0390098795974231	0.0220385622121922
-0.836982493050569	0.370518175141821
-0.385476459893314	0.347144252369181
0.0365822690418506	0.025626905859387
0.0800681949476016	0.045265204466992
0.108704448265731	0.074712407656252
-0.528987647127281	0.41281380268834
-0.419936449634981	0.254584752563023
-0.118717854248502	0.0575484815928524
-0.0648924904810382	0.035143352244962
0.0237773511055453	0.0161244235270922
1.25250075849044	1.20764201690625
2.29442873951501	1.11913760335961
1.00560735796226	0.586173084074506
2.04461572125431	1.34478965351156
2.05532197479066	0.893805623916587
-0.395701830802091	0.115534330411752
1.55345879863494	1.00007364257583
-0.690008976556953	0.331903577189875
-0.778680536408185	0.684073667152695
0.999368549141326	1.70935051634857
0.451628562145008	0.432583954010322
0.109862862593432	0.0746960963577198
0.717996501395866	0.784923885280241
-0.708975490508909	0.637170110748277
-1.04859827727698	1.30625773905588
-0.206267975507306	0.145937071197939
0.389307497761015	0.335701829045764
1.94426637935432	1.69052676006249
0.106065374228687	0.0667186960662091
0.00192960910905925	0.00124976430619343
0.313154547518181	0.245012198182563
0.481012506624956	0.349304332766287
0.0648358598622505	0.0238404558100632
-0.635956216326445	0.407954205047103
-0.134199916759167	0.0863867053635216
0.420254866282134	0.245722712447756
-0.525267644864174	0.41047396285624
-0.646447867906078	0.629133365539886
0.472183477589206	0.163916244595573
-0.315461769969066	0.208432592768872
-1.24263918884126	1.0781295165083
0.623737305214201	0.380332833501124
0.522592118036805	0.254651957390354
-0.601881338403653	0.594706987858785
0.688249372248147	0.483834485023833
0.756454115222154	0.310445711889242
0.824918026386795	0.425420350735163
0.599174792441487	0.471486600290013
-0.113926399596969	0.0737447802015828
1.32309420055026	0.946197371677841
0.240685227493067	0.13506513017323
1.27322046769767	1.0865187963997
0.696737209821402	0.501637050867512
-0.479633565737524	0.545898240110949
0.194230208563015	0.171515234897481
0.113123440431791	0.0853569779925991
-0.200683561026273	0.181472776149344
-1.3529389970549	1.63241019829833
0.208523407456318	0.160260989795455
-0.947490309447668	0.951687751868169
0.42204566341547	0.248187518783132
-0.234212397020714	0.187241208568512
0.209890712112016	0.144514580606066
-0.091685112673732	0.0472326970401329
0.321685041872268	0.244926270226077
-0.0666318892585154	0.0362289507670248
-0.0486349633023311	0.0273628941722734
0.256986508519671	0.133484949629406
-0.952559031176227	0.948798783291318
0.223669952306634	0.133735398833152
0.444520445319797	0.353137574594607
0.911400930400869	0.914641069896501
0.0697531346568329	0.0286436318521398
-0.273156065094582	0.184919152637204
0.597424225777566	0.474239166216314
-1.01299182291052	0.745000949769603
0.233976323037437	0.130052704499648
-0.55010251332257	0.373103573918902
0.226284689416523	0.142608621746983
-0.112582951197823	0.0739647456710981
0.0968002887739959	0.06109950044372
-0.137553592502871	0.0875492882319394
-0.473272603576049	0.201747431722254
-0.0163357472214745	0.0163108044467858
0.264639159613873	0.256653556481694
0.328238930571255	0.437198243226772
-0.194233571586585	0.228291636869777
0.211734104805871	0.258539679019354
-0.213540182572892	0.23966637074881
-0.146599720856818	0.178666320999963
0.36446261637888	0.237220512314962
-0.12383014895031	0.0594932733090708
-0.42181792593786	0.342954322077451
-2.07039731930181	1.41574209567154
-0.116061836056295	0.0565318577116739
0.623626639608091	0.378829106617774
-0.634952468552629	0.406499560444927
0.23253088281168	0.129262071848478
0.205687113939029	0.197170781375331
-0.181245603676839	0.192248107992964
0.229270121528193	0.12768738609914
0.828649193042425	0.428469922754834
0.465206053404536	0.253504457555541
0.409185848176241	0.237282343427383
1.02874608966084	0.841713373486412
-0.117494806555229	0.0570807087354886
1.50395400550654	0.724000730214971
0.0924716094451942	0.0578538594602419
0.770763340197101	1.23868401681524
0.0721908443920684	0.0320860853847342
0.199223378195898	0.175641089827859
0.0692782021869086	0.0367509885754423
1.50616311918023	0.72481807174305
-0.3548289891526	0.419862631345364
0.218343922357256	0.13693510050654
-0.33005771497863	0.247186476761168
0.0504535398643596	0.0360419658740269
-0.791290091406544	0.906257449254228
-2.05790559318003	1.41774758479118
0.827842011676406	0.429370920090642
-0.674643315053546	0.323117436733737
0.451379428109252	0.742420615307032
0.39849757627062	0.674027441797761
0.017394572520496	0.0135602926239978
0.169032119725941	0.196037571391265
0.249430224428061	0.36023713299864
-0.0498843090766721	0.0600942250893514
0.196701214900442	0.256572366989085
-0.517981043474538	0.817961930634624
1.27033331802101	0.54202324251247
-0.843549652094389	0.37619342222366
-0.858884615744482	1.04688308586694
0.713149792223703	0.403231847516325
0.98338732932609	0.366366127152252
1.54505942289481	1.03060043826884
2.04320213161582	1.34635693843435
0.759659955917691	0.306619279516656
-0.440480445441421	0.61122794298528
0.444059164139552	0.524477497586646
1.38602416983423	0.827408068616722
0.752983662535768	0.309028918061035
0.620957951596701	0.280788197797856
0.979402295133191	0.362606708885901
0.463741052737693	0.163066696140039
0.370642997501293	0.43819781710103
0.937310940021799	0.247681996839871
0.617385432607574	0.192162315231533
0.214107006480914	0.180753076881783
0.0728400667336302	0.0360550627505276
-1.33873757522219	1.24896429137986
-0.0787240542850974	0.0628028605465139
0.6724403059295	0.604550387184393
-0.568931484384256	0.30124015713448
-3.78352389634761	1.5074133028632
-0.563296889910897	0.29676007990772
-0.14409100156158	0.131688244047835
0.0669174269233549	0.0531915092403021
0.389250591099749	0.339620648488123
0.207223379917822	0.168348560170126
0.112876170849098	0.0823533611381987
0.143023267244697	0.125391713654738
-0.111025278066335	0.07312074474358
0.413885748304282	0.436296854954947
0.226775190071458	0.136045578539158
-0.14355919503955	0.0918149646307759
-0.791241789510744	0.695463125935201
-0.09293443160085	0.0479737926588077
0.383870700082007	0.238101245430721
-1.48338911949649	2.14666086746545
-0.178050310995341	0.130056861580306
0.195621566628308	0.154171310624667
0.605564335644849	0.488132694364454
0.123215491009171	0.0873872762574069
-0.342920822657204	0.289110205459544
0.111602110016231	0.0789718780753894
0.0704719858408643	0.0344380702204029
0.280220263528964	0.132741989945335
-0.223487924529932	0.0819864308343905
0.348309900361215	0.446896350004711
0.766516032389187	1.31988893076992
-0.231950559455848	0.20250245681937
0.135647506580457	0.118141598893612
-0.190763564093114	0.155411691904056
-0.308802140398123	0.310380630573427
-0.0939776684927233	0.0820773049439252
-0.118839614499618	0.0913221619650227
0.414493463160638	0.339670787032104
1.1495747009432	1.15204183415504
0.121631249901946	0.0869747009329942
0.109424054386128	0.0800259058843827
0.31602667314259	0.239298841653894
0.296788703096305	0.238977217163876
0.362091940497029	0.33981428494612
0.573286292139584	0.479044921897933
0.683362615541233	0.756544535020625
-1.18538336253822	1.13718568451233
-0.577323187357649	0.536157748120243
0.0730391036321189	0.0269364233219268
0.176733603918592	0.251616864812624
0.596320408914159	0.648532499776572
0.434952184985989	0.670082036594995
0.241441999227212	0.323839174534756
0.892654043357016	1.17152580129929
4.3425109071184	2.17873853390778
0.526255239714853	0.260424728276403
0.0525744150094074	0.0389682249030192
-0.00584536621288504	0.00503142907594521
-0.348301778703059	0.341863488827968
0.202839863038737	0.173786335591192
0.448797760512393	0.503473187196719
-0.449436872009029	0.395749295002772
0.645788274576344	0.807620796331628
0.321431117876703	0.327942120740953
0.0851016899623203	0.0509058085948276
0.648636344849769	0.673340062840019
-0.0681587732363612	0.0369387507444062
0.213510339699489	0.133901096564002
-0.138541164624939	0.0895157772250734
0.215371089582562	0.155109050937277
0.768223929451319	0.835118705856721
0.622754877518999	0.193758888404047
0.479174204762242	0.810285236978469
0.606776869112568	0.581853420306441
0.264620562364045	0.255463386281738
0.192508628252437	0.185563443074944
-0.31689071047127	0.489812334112899
0.0629909037692421	0.0793969538794121
0.554019670293578	0.90928674689875
0.56760379170909	0.4744613919953
0.747935802202099	0.304247887044627
0.518249237771072	0.459964905810609
0.321737031225376	0.241845904502782
0.777176138359558	0.531218214895985
0.528189222865552	0.261611118788403
0.314137011705216	0.135411290408104
-0.331210184788353	0.325520118885651
0.841487117103919	1.30768125040237
-0.196958997494696	0.232246545603857
-0.66994122582967	0.741977542061656
-0.550369084117774	0.625918751472062
-0.166984561920419	0.163427319208642
-0.800558506052564	0.930505617470305
0.0370044751298653	0.0259650092201171
0.632554567451549	0.583405388115705
0.965015846809927	0.92321379510505
0.216732037435704	0.172905457223487
0.217731084961098	0.148356227420352
-0.314808361732857	0.206977140863778
0.215772178746063	0.14350206159999
0.280756071204033	0.349581490653652
0.174601176200296	0.23680498201106
0.0708157404357303	0.0872502872147861
0.444980391408051	0.73631766856842
0.303648894861753	0.451860456173463
0.706783504188088	0.400208511146091
-0.284810697804214	0.093930912507878
0.524798430142462	0.260188639694358
0.600924819436157	0.654216476768461
-0.415591375668952	0.253796486172723
0.753663132968624	0.309194895580188
0.465007396929331	0.163757650783096
0.0706362316203346	0.0343131031560173
0.25664208371294	0.26398963887633
0.08358172255691	0.0873989920572342
0.871777250361746	1.48772593648174
0.0635726898786609	0.0584431082832107
0.199058927686623	0.172161349838939
-0.245865903169771	0.249840260941228
-0.108752114983976	0.0944678192582673
0.904245561232855	0.683255069545139
0.571099787766571	0.556153650129629
-0.4635275909377	0.508318403109633
-0.0193058395876451	0.0114110693819327
0.872297944292338	0.789901536891243
0.208586284284167	0.18108515050467
0.181443514829185	0.259986528192856
0.309757524092628	0.526661701339638
0.206221113822989	0.311608831085291
0.225201991904817	0.319579897765403
0.108503808580658	0.147706633514413
0.196678208892727	0.187151175667498
0.170221678508585	0.225460390890338
0.133040475585394	0.187882535384602
0.186504802802555	0.242195232392754
0.252260821438398	0.390784628864045
0.37830771099079	0.147829593240572
1.26961298119583	0.541081832282185
0.386198674995	0.24241938914638
-0.255449650262598	0.198741623214697
-0.272881205915648	0.148985540444827
-2.34848276950955	1.19790647671987
0.0963298213773749	0.0281188395565234
1.05250083020388	0.987862537777642
0.774886302764098	0.923809439555607
-0.0478144221589792	0.0470233792732438
0.401543910678313	0.502413393105748
-0.0646026709077497	0.0451612543701316
0.830704708109681	0.661464413340935
0.632060623761308	0.587424225335973
-0.0410777364019919	0.0232453628033171
0.129914246294535	0.109820969384522
0.2011214730999	0.184841350788302
1.54065339377532	1.00991903856181
1.9760405399428	0.493213117693187
0.161162397080767	0.174580135445563
-0.122795424134261	0.127075979555847
-0.130261240982955	0.12122877292008
-0.39198171111794	0.42309196598695
0.11090988840272	0.111541639803348
-0.0126493661234061	0.0108710373025283
0.340748651783665	0.435225902674862
0.252287082617002	0.2766906332344
0.188809603026774	0.179899762396012
0.709050142003215	1.00065933680987
0.314565205810609	0.319238140476625
0.138774280598775	0.128903126201169
0.0779804169927242	0.0690765008415386
-0.0348364895957358	0.034876525818303
0.372349835012709	0.422795573637199
0.504141394885567	0.539900571327055
0.605703185011576	0.581523282079025
0.524024920872045	0.363638813141691
0.854122704813785	0.872049351035156
-1.24175787264442	1.07609897669877
-0.572525697429201	0.304212054808442
0.614067668548619	0.492680030316118
0.764120079524079	0.99320683345613
0.570389274231135	0.468045287075277
0.253749922681651	0.13067981629398
-0.715000028775187	0.699783192494291
-0.700635380527062	0.630534981909783
-0.609040357215421	0.508288796772913
0.0667438793373724	0.0328878576503372
0.604761560456875	0.484885854686196
-0.148262626330402	0.0656411385544517
1.9760405399428	0.493213117693187
-1.78346459010975	0.415096457236971
1.97547028331465	0.493643388518992
0.204157985331177	0.240454205554066
0.164981867520874	0.177517457414984
-0.827701593803023	1.23855788496899
-0.299531716884316	0.379754062691708
0.056338722776974	0.0541140270209445
0.159177129744265	0.169588102959229
-0.0269109115228076	0.0272725421045739
0.0731973812439642	0.0969033584337057
0.228679536914293	0.322435432182647
0.0215379833744814	0.0207101303001175
0.098234160119324	0.0970206685427546
0.0173806997809786	0.0155469217206727
0.206872233199957	0.233267721635223
0.20290331495939	0.198364587634515
-0.0178301970348114	0.0169671102219514
0.266836068835868	0.407929996125669
0.235917405842834	0.332287034524989
0.278658706795324	0.351705953455161
-0.213021214703996	0.276423982961865
0.322471422094807	0.34475294184616
0.0450747348426938	0.0325022008281772
0.0646510844640158	0.0524923934354862
0.626953673226439	0.666388033961178
0.357652410908012	0.337439561079926
0.151523297271119	0.139145390799282
0.974978602288692	1.86902159495571
0.855519455641189	1.14165774963211
0.120671650685744	0.0964394602047116
0.100388682839635	0.0959231316795012
0.306090483148042	0.238539510906769
0.688105366985205	0.703765579611378
0.129250718420833	0.0973902733829474
-0.231994621339158	0.223372936993911
-0.575355181373854	0.695051456074873
-0.300490242166452	0.300087791613365
0.214485949003135	0.165775646270674
0.100079063999376	0.0631796216464593
-0.389935751756475	0.182803702118908
1.97790917110466	0.492162248022775
1.71151359937248	0.926395460293649
0.557383254958864	0.916174838295042
0.148390917404856	0.148145648284756
0.1669116973785	0.19389541285773
-0.241468242448281	0.263263956951973
0.200246098527329	0.213090704234064
-0.00976325451417342	0.00989074105848153
-0.352201078946745	0.504589163799097
0.374118584086235	0.425220581035864
0.0837704294314196	0.0888213522522455
0.120144031966264	0.128084072334313
0.196596370597698	0.225614264475526
0.0911157892714348	0.0942813279795814
-0.200907938857968	0.211016308901135
0.213963332814278	0.223713842691194
0.347843542848363	0.431340734666136
-0.297664206725643	0.368617785455052
0.508970841456246	0.773312505414608
-0.895679008403808	1.55202346978386
0.254792245430462	0.363112039408771
-0.493681114548132	0.634101054366926
0.329632549844703	0.408307177895779
0.362457379875969	0.427854314874344
-0.120834311558143	0.0921364465544303
-0.0454218501004608	0.0413760719636167
-0.0378061481552039	0.0269142133590353
0.791326037043975	1.17889518126252
0.608837662886345	0.809701112094063
0.517485667992638	0.602346862018076
0.332303999784442	0.32370603284001
0.566748480435263	0.466316259742881
0.825050378536699	0.657411315728322
-0.203387549260303	0.160217871887789
-0.45817376465683	0.498802507601654
0.571445444950665	0.475054781745622
0.0710586999741868	0.0285756153302089
0.419800927739589	0.247067254167298
-0.230801857483003	0.133803120056332
1.00363715184578	1.70033700776018
0.569170221872832	0.622404284759338
0.409342325200207	0.410023742363018
0.359401815987415	0.422101149890255
0.722139229015064	0.797030117049824
0.307547714936239	0.240505034658356
0.436236459402615	0.347108684983926
0.309067960964384	0.251856078117902
0.208600585889399	0.181332655211727
0.196831345303731	0.154886949126607
-0.000181552064644193	0.0000366307777596651
0.52901886753521	0.261654046625981
0.163198318954765	0.0319050580443516
0.749111169427629	0.304920914577757
0.372801280336918	0.145288309234292
0.979959664940194	0.360274384606939
0.206919824184602	0.215821146272406
0.0958555815861779	0.0866330749908408
0.391735285298411	0.414904741101024
-0.471669757673425	0.482370426469286
0.245365158835182	0.267013377443831
-0.627921575268537	0.829750610528825
0.679122818205393	1.17210328255641
-0.46627722088463	0.631680812823038
-0.00707656532066074	0.00604850865392138
0.243252516474516	0.348856676305045
0.250582025531499	0.254942280265908
-0.792831809514102	1.0135938257384
-1.00244447317276	1.49498616946996
-0.415370990284549	0.403875107118439
-0.383994764320943	0.430292161669669
-0.326207024848197	0.373017386438769
-0.26139589163337	0.250712869223867
-0.299135253590829	0.364205315547866
-0.562469214852537	0.749064350490326
-0.296440732901223	0.24807644608717
-0.23974485529824	0.24449513038257
0.561348557512779	0.696485798373552
0.138038740136375	0.111129074491471
-0.235077759022804	0.226975391100597
0.517119889005097	0.543920693980181
-0.128964416469825	0.108455165253146
-0.850004606916796	1.1984374908831
-0.57431465954382	0.533041954393795
0.726608132823464	0.800334715234523
0.133220545598448	0.107174241322633
0.940058178474632	1.03374238813721
0.865100520161074	0.776586355005084
0.515529249317298	0.357180416654411
-0.28095598922659	0.241815354523
0.494733350182771	0.529103075348528
-0.556378297662811	0.479347341525902
-0.982245534606371	0.803162480260176
-0.141156362359126	0.0627909609661346
0.111499837848313	0.0814348417007033
0.604866946414764	0.660083156678851
1.22901400780646	1.53815234282665
0.0987815375643725	0.064769213883107
0.334086575777697	0.335555633923488
0.221679043960681	0.153254960606781
0.567365674613481	0.473584946726801
1.56475896874646	1.34913449116443
0.5646602346024	0.368293420556623
0.613714942941795	0.579136626453629
-0.419247880570994	0.298426223491422
2.05490078273513	1.95509109140288
1.16570622597071	1.41336510301653
-0.837568696657375	0.370381312260512
0.163198318954765	0.0319050580443516
1.27324516241524	0.537871829171885
1.20377570585964	0.641567406860707
0.514072313204437	0.538603846111468
-0.0350547623133461	0.0255341908162951
0.339704029686951	0.334272658262263
-0.550851246491179	0.701153129461929
0.197408040132022	0.165721729520397
0.47621874412617	0.516849940754476
0.0576011322800662	0.0464828909926699
-0.0351104175557765	0.0435196800156084
0.0558786216494424	0.0646849727731421
-0.0095686325551763	0.011615949339178
-0.159034154471454	0.134310444664826
0.440521943227623	0.431862030597196
0.512131126928833	0.449339088599384
-0.688753614381125	0.563781923597816
-0.0285097142668194	0.0167582941880693
-0.195647195640945	0.161132477524954
0.432249798489975	0.436325911839932
0.408068958230154	0.426563163976722
-0.0604254977042093	0.0682164221875739
0.430421010585714	0.732970037115337
-0.233688705882382	0.296490761004263
-0.0559566195848883	0.0602690849412483
-0.109848688367601	0.12611157636207
-0.375401816156763	0.441557404178668
-0.104441477407784	0.108217837439845
0.0833344355982578	0.0716615820306108
-0.222111381419937	0.259373303935865
0.271679393393604	0.254404646222612
0.538735571447581	0.858782894321964
0.258243903803432	0.284649829593986
-0.116700001639706	0.0909557613771895
0.365016895261371	0.328904020696498
-0.0892577967487941	0.0773878060069002
-0.345233181618958	0.369646767056372
0.0457510444698954	0.039501029725883
-0.370905018485777	0.51182869025212
-0.680534834457676	1.0125739420856
-0.631568813548609	0.575247664282002
-0.0150932879225109	0.00903218498291101
-0.293802814030322	0.316178511347245
0.231669700920748	0.128357580579345
0.487085218448301	0.352190749824841
0.254974843488922	0.132702163480869
0.767209368054774	0.637853163325738
0.901736277887771	0.676080493255558
0.100419398123794	0.0996728196846773
0.763116636496606	0.634736482176903
-0.312056336126558	0.207562541827471
-0.278700966177553	0.27986680214018
0.551937487051215	0.555277421336308
0.377041313631491	0.147334365665277
0.526887565553032	0.366799705803257
0.0804458680477757	0.0264031460773778
-0.638650683410332	0.155084261982669
2.76098037058925	0.812188394353738
0.600519662262399	1.09641159434087
0.125168831648593	0.14043791048657
0.246485886832902	0.313474055278461
-0.715581551287558	0.979956776247965
0.133569983363882	0.150687820664926
-0.233442508328278	0.286337178313146
-0.11064485619654	0.136030065737749
0.143316351136271	0.134510317795166
0.0963729372261309	0.0925303201436591
-0.197973594759507	0.233973373812676
0.343240851425242	0.45562336052993
0.511365094121233	0.809246930713718
0.29465344400563	0.343953981351689
-0.0797901661401657	0.0784536851404706
0.0215024805529953	0.0191647740134623
0.067852409487805	0.0747016834182319
0.349544770553691	0.510386444153694
0.124809947968045	0.136984346733753
0.290604904068339	0.371346168007197
0.334202318890753	0.330663020849923
0.207335102843802	0.188090878793138
0.0687636021846716	0.0570803310716186
1.27256816299014	1.08104658164324
-0.693052674050452	1.03790016807655
-1.09477357308463	0.97814144084318
-0.0441152463992508	0.0409160291911441
0.38537639724655	0.333893758101052
0.388945228684111	0.340211258958512
0.468557085842939	0.164670323898188
0.299372525200015	0.25139273660436
-0.181814536580564	0.14802942712837
0.464221676351647	0.357528473864299
1.38580702478411	0.811665896975772
-0.147423284450223	0.0651000358422433
-0.776070550236559	0.616288245454378
0.0750776249484427	0.0614060308420314
0.929526876899225	1.37271382361058
0.413878417926125	0.423166038230563
0.250972582972139	0.273744450694699
0.386683701969084	0.348997517207398
-0.0636214633865982	0.0513537329329177
0.118844859035292	0.0868651219977257
0.6622193861458	0.689975202731642
0.11054703234719	0.0784988766171434
0.32182907289029	0.241828872528685
0.209830286497464	0.176720101117415
0.654617784861163	0.68524282421061
1.2312375755833	1.57141012793488
0.868994260684083	0.776136876209116
0.821862343465573	0.770960894307721
-0.694134650172533	0.622089340668588
-1.9919478657204	2.33480307807865
0.359279016945437	0.238509519845395
1.02900323058728	0.854612119179127
-0.77747100179101	0.687040226652033
0.908938389422078	1.10610466498692
0.0670514797868132	0.027388904483761
0.163786424348353	0.0319491236824782
3.61699457579572	1.39046393901408
0.471860739993366	0.83789802289024
-0.0445614699931553	0.0503458052080583
-0.0224196824854378	0.0226023771240241
0.0367422638339231	0.0379511172710948
0.41429666061512	0.595949318460714
0.306679003932871	0.429680477400028
-0.232749378872926	0.310135289600537
0.099335705375212	0.0949790397047435
0.0266563862410917	0.0172149100048386
-0.00520122613631002	0.00391591098188396
-0.344654293557533	0.337384928060357
0.322412341313672	0.452769737309909
0.609374068349954	1.07905743315877
0.442620361260375	0.602931821587241
-0.49596501240213	0.728642524165893
0.34948516218001	0.416503089649583
0.00263135197018227	0.00275444736577708
-0.102622488343471	0.111741286164853
-0.11533863626378	0.12891745044999
-0.443168380820705	0.572985843013866
0.113496332403098	0.0803955981696909
0.197580553388092	0.165579318126642
0.45759977355867	0.440672282815808
-0.123361531041558	0.0592325530401411
-0.504469954210061	0.430507318313124
0.458985403728253	0.24661706530818
0.124584866444235	0.106766415724152
-0.385769672659575	0.319287133907246
1.05654000418951	0.99158337817517
0.554603591216339	0.358435197585071
-0.738399662726463	0.443397762958864
-0.771302414229281	0.605322440936816
-0.618322286257651	0.519405749545005
-0.091663396256418	0.0471354099052527
-0.870288236402955	0.476664011080592
-0.382925620043129	0.176498799817622
0.0844273661385857	0.0477611434356857
-0.0818259716534666	0.0643258321940687
-0.161684443947549	0.148630875952568
0.729299685386341	0.95501837373217
1.08790762621802	1.41125303928666
-0.158240930345116	0.133330880252898
0.655078008274015	0.685937836718679
0.219739555201872	0.156837003918974
0.383549307790841	0.345954782881375
0.626164715671261	0.276448434200945
1.02783167422859	1.29463659997864
-0.779927397184158	0.748177338154597
0.867158579777366	0.551166797448939
0.60096399483929	0.475107313011178
1.01372694267291	1.17305717466662
1.42551433969465	0.464150673012566
-1.33987726272824	0.611073422158008
1.71210826884356	0.936046716989843
0.601505680230705	0.93658506238232
0.215529603968704	0.301243027538883
0.185552033957754	0.258011982130279
0.070619782543798	0.0818478518011997
0.0634508333128239	0.0705507148135199
0.26777058894509	0.397685735810607
0.098407229455177	0.132776820225028
-0.0850859603703047	0.109048712107765
0.372486188020586	0.654334219765407
1.09787724347042	1.45347003684734
0.440072781571952	0.411527840649606
-0.53755048671908	0.580726972497779
-0.622884500785224	1.19961248539409
0.230180060098398	0.326928081535191
-0.308056217377645	0.436292243695604
0.0904442290108011	0.106908191655995
0.628605082697386	1.19921385537681
0.0543798591423177	0.0559963229027917
0.471827912025174	0.851377863841721
-0.500744372739265	0.918135297701212
-0.111785573047074	0.123005140216669
0.83756073788082	0.96258048604921
-0.0233551625092259	0.0196668306443132
-0.103366160551505	0.0778512855431286
-1.55949652293201	0.800842126394733
-0.80171702471295	0.928815667836948
0.124620823339383	0.100262989443101
-0.999118275545281	0.831132248537839
0.64654807797596	0.669044861473733
0.252977143743809	0.130559986708555
0.468557085842939	0.164670323898188
-1.31388823817892	0.995474313782076
0.415537952303272	0.336423436300748
1.31462262506936	0.945524447719171
-1.1663387915426	0.353796776180306
0.0964512701931012	0.0282434359701024
-0.311413305842329	0.206954397034829
-0.0276288139141165	0.0230478635316236
-0.365600554292887	0.459187466768234
0.101144686530621	0.0967936059606117
0.293480928869998	0.335747593088078
0.195646393410305	0.198284621370664
0.323514594302846	0.244340005536039
0.0966137729842642	0.0575330534436343
0.611959228754699	0.716196518409518
0.555366755756146	0.689520033708266
0.261266761353659	0.275911380735848
0.379375080619526	0.34189192852463
0.667050809064115	0.602083207845005
1.19949675823727	0.610928870404652
0.106065374228687	0.0667186960662091
1.23156877554425	1.78879951170837
-0.0643640080685083	0.0349730509174712
-1.07627020148915	1.28444660115502
0.503289793503275	0.460062332870641
1.54504325250998	1.82912392266824
0.0725642213606439	0.0385904805920423
0.613246033967951	0.27430184274171
0.0826554483187954	0.0273070224947341
0.614900426988512	0.276887306123846
0.151164086633571	0.189957584708837
0.370915328303759	0.539809467370425
0.10490620799697	0.121556051729335
0.123580673735859	0.136076826298814
0.2950138702295	0.364953719882642
-0.0768054744019973	0.0873775915758957
0.275633741931926	0.364596351543536
-0.610918875952153	1.1827306078434
-0.146720104612909	0.125416967690041
-0.0433999031603513	0.0390612038862153
-0.0224021256255596	0.0211930559018654
-0.342527738895587	0.496077689543636
-0.292613539322889	0.385229400576074
0.00410417996955833	0.00369196716202173
0.0690895896718458	0.0702312039296143
0.0749026152066197	0.0766766329684789
-0.181393977104028	0.201449911683252
-0.0561931472487853	0.0549701809979357
0.0935291096089471	0.108499392111843
-0.0595360222133274	0.0666770672255424
-0.438497628029242	0.451291346238899
0.133373989487717	0.113392018737464
0.00063529394832379	0.000581515408487995
-1.26280837455962	1.28062277196326
-1.32851428708692	2.02035489833326
-0.332514076528136	0.25155479507448
0.0100570201249198	0.00898112044955406
0.280703621807826	0.246410967804514
0.525251200572878	0.367848690624161
0.0657556653693458	0.0324425596479774
0.727773452745441	0.728282612526904
-0.787298160318199	0.758645595723753
0.391198685222342	0.341549731961534
-0.170996987486736	0.0695869593109789
0.565982080825407	0.3718183788001
0.21689184679976	0.135584563465634
0.41814646986928	0.42408675549838
-0.388470499615019	0.436150576724861
0.118282460095124	0.0890989935495917
0.90875192603461	1.70984636632184
0.472155688936349	0.442807737527028
0.888911000814475	1.17513954329737
0.44233023834094	0.416461129271755
0.555364831449317	0.624421915595723
1.78718326209692	2.69398445937476
0.127700088038408	0.100475183766059
0.278176237863065	0.251633738300309
0.765594228311256	0.641124052777023
0.226295529832401	0.125206438965219
0.651169407247688	0.678497819650265
0.544774688503678	0.468142114890667
0.599480853650477	0.47978872302296
0.43856959524167	0.348905418756585
0.0316045801281371	0.0213888939381485
-0.370389249541774	0.30539065062818
-0.973004992972679	0.897547897022804
0.219187358888435	0.158905294883841
0.489489151749799	0.447229405908867
0.621751209299246	0.278964179258532
0.830141033517896	0.428418363334735
0.325201602231085	0.525884960526543
0.294681694667926	0.579706208394692
0.734359482340873	1.13287528703094
-0.183311793819622	0.160926126110391
0.842057840179577	1.21411901913578
0.651868979442023	0.67474429319377
-0.705544856100224	0.922669653530787
0.0382594373302656	0.0323364850538894
0.580343042448449	0.645058756230988
0.195976993715865	0.192404020207412
-0.0767979874137355	0.116072884741615
-0.0251725968606268	0.0301473854464197
-0.151081891858176	0.268192782802827
-0.753342122958389	1.09819250494165
-0.283096070966907	0.316740195567566
0.664129749758209	0.908829850276706
-0.00630341697294697	0.00473961691122487
0.118832849344127	0.0895217287903685
-0.217505603979715	0.218932845969447
-0.0666982535604969	0.0540714498717218
0.126312596724173	0.100650863734689
0.0555339064698	0.0618726552020913
-0.0835041910169165	0.097485593416741
-0.326092456996957	0.51240309059177
-0.272814035217068	0.413555496037713
0.691348104889627	1.3061839842095
-0.07174077562847	0.0702257183458179
-1.22138912962453	3.41381058016417
-0.159956229692512	0.194646257810055
0.196452258932054	0.241112375572557
0.780985942282282	1.09944633567396
-0.221358435965741	0.247628500343322
0.11201814330293	0.110827139915449
0.51677215230093	0.764038883112525
0.149206617208272	0.143401499810836
0.203999944679937	0.208081394303056
0.198921315862205	0.184681893989922
0.0613231504106313	0.0631313556624934
-0.838484789891816	1.53196952658367
-0.43268007859915	0.53577574579026
0.847826274042968	0.868692700366798
0.813261602239634	0.759038664232767
-0.141715651109264	0.132866602208476
0.960826951405457	1.14943501383593
0.801449907411887	0.850240548157285
-0.226961929963054	0.157480831987991
-0.0897643021814473	0.0599593004525403
-0.254857008408467	0.243521274285526
-0.332601897456966	0.411285710020928
0.3810227368626	0.405769849803651
0.221927565391517	0.140225468813935
0.670860561139202	0.607143855025875
0.397197302016224	0.426176234467078
0.381884140970754	0.42509122750464
0.241388858151255	0.133645130012285
-0.324236713416381	0.388154585435614
0.405391500362215	0.345866897001409
-1.26548672769458	1.83725213882699
-0.167261675198304	0.16570937157576
0.205009298685584	0.172983689156443
0.932210207100964	0.245283527884345
0.551425927387019	0.959007033361187
0.171687175988071	0.244267546886007
0.239103364053133	0.324287240636565
0.0776621447825598	0.0889529369708603
0.0165834297149802	0.0167614743103111
0.241610797872334	0.314973554661944
-0.154293340173722	0.195495042130137
-0.509810350008669	0.961127609259999
0.37505865681967	0.592759793862164
0.608737975263437	0.580682713687022
-0.270115258599317	0.25489123538788
-0.226035000426958	0.232787988541565
-0.272814054477331	0.383619059531949
0.483469005406724	0.903863564588198
-0.794940416076181	1.56897455179867
0.125116475410199	0.13591496905637
-0.116896111448958	0.110717219806217
0.365646306983147	0.517854958802563
-0.468553317622676	0.809189622713902
0.255281349726328	0.364125848338732
0.158304938906015	0.167009768304484
0.189425773060738	0.161536506794561
0.618676865571026	0.737602567840233
0.250264262653674	0.253792337985545
-0.668330321855977	0.489057913079452
0.121520178606281	0.0890909952247879
-0.0692924911571573	0.0376742968915672
0.379793002238885	0.432682997766268
0.295462251387656	0.246355389007051
0.386943656509328	0.421624143346602
0.319900370013754	0.242552605821966
0.592054431515456	0.884924438907486
0.253227422132801	0.271143109670456
0.455417441463174	0.346213900060634
-0.836297929353151	0.372203399815473
-0.532271966071961	0.414826005850142
1.16749496314302	1.91580845814851
-0.0461126163978396	0.0261212225278018
-2.1263703317556	0.973486018890802
0.463165384957411	0.252091911666047
-0.157536569613542	0.098293378628715
0.128104591465926	0.105901321650954
0.906971662664895	1.69314142379387
0.676560384436677	1.00340349748276
0.279767486742717	0.260273020055019
-0.106977582509631	0.100764677183957
0.0226705391031823	0.0206915132323354
-0.0101458337692145	0.00761010469977046
-0.228622872635579	0.217477988157595
-0.299616603332757	0.280805357443843
0.560912625683216	0.460915102272825
0.325789881147436	0.246911865991383
0.312956446249177	0.341798966495361
0.424817833922173	0.422329333419716
0.276982827878598	0.262476427386061
0.665913997009901	0.592026645959089
0.122470771912282	0.0904250307067384
0.438559837912855	0.430794174291133
-0.196928000731421	0.119116986302235
-0.786393769328089	0.813323332832555
-1.43102236826231	1.62520759420629
0.00048542200850568	0.000337013073317755
0.212678472007966	0.147706246174183
0.282635700999113	0.249515257260079
-0.0521518901899659	0.0508464196831232
0.258875049668442	0.383488162178415
0.490234837307666	0.919309772957719
0.244683671588583	0.334009782967017
0.164116146266342	0.226362928042504
0.668038928168832	1.48454854566008
0.50437297875767	0.895507526881964
-0.601881551029967	1.13821386863356
0.348510460560814	0.242483342666499
0.718344431786422	0.714907122479044
0.729087615272162	0.810264314125564
-0.214709186358904	0.262993390460694
0.216048498678696	0.321548818732082
0.010810270559963	0.0100090128881747
0.270468244444329	0.371999161944443
0.499100153918941	0.821778937699984
-0.0544971122730098	0.0580140935725061
-0.100852845596387	0.11895463203443
0.139749994102952	0.176055820153112
-0.315786284001338	0.434624894833807
0.290534501933301	0.248276591393591
0.397934313962846	0.348384226048065
-0.131678855734123	0.0845651373075108
-1.06187699545039	1.03372914073669
-0.0909987618097106	0.0796246137268043
0.254203699836253	0.132323557047423
0.513259900754101	0.456701289369366
0.438239240517736	0.423594645820062
0.307412121063994	0.248433692248839
0.704800086440792	0.51309882242262
0.0358914531737198	0.0251802272751947
0.0548293123685616	0.0476875847903138
0.505191335303231	0.61696484566243
0.941010851301879	0.807276363466088
0.382216558246475	0.466821824784378
1.26845646886772	0.539839872432159
-0.490219573255942	0.280664080834055
0.909099926188947	0.914398499426051
1.49682004238234	0.705326614129475
0.937961312100273	0.245882544650772
-0.166634498128562	0.0673004322031903
0.769351027442142	0.521450055685976
-0.195479585628139	0.175885333813775
0.158071122840306	0.1718979381591
0.235015061767473	0.257037269081792
0.637567076510141	0.823627947667726
0.199380499658145	0.210508521386164
0.585318963551548	0.7265065950401
0.203196286136488	0.210740866104594
-0.334353049654814	0.252844435332252
0.45768624981285	0.247981239611158
0.386078787250023	0.41753250916814
0.128048734252029	0.100481567704364
0.107773035394816	0.107842218190615
0.0556462815157652	0.0417436408699751
-0.062788300754164	0.0569068625622353
0.710117836500599	0.945686559262511
-0.0406669435351223	0.0290491468115346
0.229957427471894	0.128317928418087
0.0672365917693448	0.0331375816113933
0.112284030789902	0.0793085895135273
0.279878774008561	0.237568300916258
1.30872697195946	1.73680431090898
0.23413984059812	0.130123832419268
-0.0726637662065634	0.0580169271117635
0.643424862249619	0.492256380794354
-0.416870874962687	0.299367023904791
0.281705702322227	0.134192132727232
0.297555781615303	0.24664151169235
0.465695039429514	0.163664307663245
1.42204391977515	0.460518488476826
0.902269080211955	1.07183494877582
0.151039887641174	0.150676926492553
0.242425299719474	0.370491095132886
0.142370848839813	0.16545804729196
0.210150316621984	0.303353651842911
-0.17157856301802	0.227169741567442
0.333882873739075	0.243414613852726
0.124347191617646	0.0850177783468909
-0.0959301692440046	0.0647530867373343
0.366041384585247	0.579142426771278
0.146679666572526	0.189259659971198
0.125656630052478	0.161701139759637
-0.114283971463092	0.148278111952218
-0.510771025535674	0.982999839058005
-0.010350758685287	0.0105642935197714
-0.607158051569808	0.604886728923595
0.125617399559938	0.101242285775296
-0.173683289508289	0.125121439349906
0.232566046432536	0.128522602365466
-0.65683110890005	0.633854562750201
-1.05786416698424	0.521184362542401
0.327069382536409	0.246374615070679
-0.294802206365623	0.225878908782241
0.93893844150927	0.815795545898137
0.0813735248892388	0.0462755851438309
0.446002749713175	0.356662257616629
0.320833089172739	0.243790536685164
0.383112068022462	0.418132822279821
0.486765649544767	0.357393916789592
0.163198318954765	0.0319050580443516
1.01269966518705	0.585807247827418
-0.0340107167292066	0.0197361819901517
-1.05669029578144	0.533230191034513
1.26527037832677	0.538718320722548
-1.34092091631456	0.611542143490278
0.244891814480712	0.125369054668564
0.369839807481911	0.329334979715797
-0.233141410101442	0.244755139409756
-0.0139916921670207	0.0118963306978356
0.124091787637227	0.127814848471003
0.193747787848968	0.203404592282508
-0.0104768523850732	0.00892271241579108
-0.455601295899505	0.560786523961228
0.119069203166525	0.0905517480548494
0.0392815403211079	0.0332984146386998
-0.154074017879345	0.166105745993239
-0.176590912697028	0.174693450527425
-0.373982646740087	0.307073307301526
-0.650158838003313	0.936253772559001
0.0559558824700634	0.0431654601961286
-0.0393177342104002	0.0356380477269499
-1.42142427941602	1.77929175677157
-0.487880472262686	0.279139741439604
-0.0689092132100678	0.0372685104353525
0.202191747143593	0.144577632794852
0.0873453639936427	0.0490193518283916
-0.0213309336101942	0.0154836927060353
-0.482401163950365	0.497000707933901
-1.30926420451776	0.965948090492528
0.538919744366422	0.466169144231968
-0.280001224457604	0.240862020820882
0.670105966782795	0.602897862449749
0.77205051182616	0.524052384454045
0.125684717337239	0.0929297899102286
0.273131490084097	0.129485994094099
1.9760405399428	0.493213117693187
0.28118103853953	0.240012467990179
0.423092665684942	0.590039691318659
0.368064236943389	0.597399878730544
0.251911875625934	0.301489600565948
0.368205532034481	0.244624946238931
0.755962062320528	0.968236315640356
-0.232261216606378	0.204803705868632
0.0453777153879127	0.0457885347421229
0.206026710226643	0.274460218099999
0.106215045202155	0.12430509147241
-0.400415939471125	0.617137916220307
-0.123742408421354	0.1424326351583
-0.417765926299844	0.341101316448864
0.317360556887585	0.250072002142728
0.447690294103479	0.427316531818792
0.25167533891675	0.131040721216498
-0.2948819231878	0.228128654239487
-1.54275810384161	1.37405062786775
-0.609519242039453	0.642602346261178
-0.196095431931887	0.119053371696411
0.105925579128122	0.0667831340775559
0.608519811004189	0.48485611049873
1.07860621047864	1.31686919789849
0.346628035279476	0.342978036545342
0.00899677982238174	0.00821156855717538
0.263343568551566	0.261865111958777
0.333270796285902	0.243726556947254
0.231248549934942	0.129027415042929
2.83608045653905	1.81624837234704
-0.274292483046905	0.149069610384468
0.0422043009120794	0.0294494552733493
0.065328659257227	0.0268822629817022
0.064933421007363	0.02390705738522
-0.577306326979152	0.305255962345193
0.0660619133842915	0.0271850450494382
0.19666661751989	0.190588040215582
-0.4977595414297	0.671446641306925
0.328836854077543	0.329365806136976
0.693068114235848	0.945231483195234
-0.0660979380133893	0.053639938298168
0.0135695835582699	0.0105529409340546
-0.558065840956174	0.560699168370847
0.41301632828839	0.421318234379967
0.21573912532343	0.155003628758631
0.450299492699177	0.421546999528176
0.487535340132926	0.598638884153549
-0.124147728311101	0.106433726100056
-0.424000831036243	0.492025481835807
0.331198282522943	0.342534568193532
-0.257958850825943	0.260818910086806
-0.740397804456217	0.852056665818283
0.62026020438342	0.280522434534129
-0.526922304190944	0.409119070375903
0.292381010700993	0.252199309225572
0.0675963986762396	0.0307145424541572
-0.407287427912707	0.39054669078704
-0.0635110360799021	0.0502489470680931
-0.421111695626651	0.25407706338742
-0.140611206870138	0.10586844342344
0.0232086625519212	0.0150173065917692
-0.523211282379695	0.406418958551078
0.225271444512917	0.150094740822282
0.514394084478477	0.592526151296026
1.00191773024639	0.577172963466181
1.97547028331465	0.493643388518992
1.9760405399428	0.493213117693187
2.29716425084426	1.11675794793443
0.345202287008054	0.474383165984999
0.155065864994671	0.175035452487038
0.349502370570471	0.486634682664888
-0.298781878934402	0.340785403292338
-0.361124363829541	0.523387000490233
-0.105400153762818	0.108992942946768
-0.0520511284900497	0.0514716564142395
-0.0161537122363741	0.0154028321314767
-0.559432865643439	0.561644624542681
-0.0568110947283813	0.0638975279087129
0.469730714189542	0.434718453023109
0.323557610236878	0.419887733432404
-0.38805552976739	0.483783948096497
0.670077582491839	0.772020439948668
-0.0135036849173642	0.0100913806049165
0.345317529202292	0.426141555974686
0.296336766757241	0.332829341800277
0.664305828902242	0.995975560042028
0.435077173694858	0.445680655968898
0.650389333918406	0.495190313920502
0.366249856415507	0.336734934489631
0.0212044055159382	0.0169671684613056
0.517794070799469	0.458648174165488
0.41123943605215	0.240687337268441
1.25276761762723	1.22040930281887
-0.0915854617269618	0.0616285449978375
0.845202796193859	1.22160342762581
-0.0109203686734691	0.00935977815208539
-0.704990212355081	0.996768422819444
0.448858931014682	0.505445225897053
-0.0810880822732414	0.0648753229738224
0.765857205968046	0.639026739145015
0.325539432525772	0.320653530869133
0.318649680565462	0.241226295638061
-1.24062417849687	1.53567497817834
-0.0937716928289703	0.0632617103883602
0.11379468352726	0.0803751034830845
0.949170959784741	1.11317619854942
0.418394372115735	0.341824382056531
0.160581034978036	0.147443732147495
0.0226506058398084	0.0152446718492121
-0.420117699984518	0.340836774744248
0.387317547999293	0.241138804943404
0.363410446253632	0.327697714366641
0.214050845529369	0.148758429195109
0.304519160208666	0.24811171543313
0.0344721195220179	0.0232724146101279
0.627821853570563	0.668408549919509
0.292031796717732	0.240104325492135
-0.0555411652360398	0.0390143437138983
0.526772503979915	0.260772031611633
1.97547028331465	0.493643388518992
0.164919666257246	0.216411217385096
0.333960739687775	0.244912552406291
0.0766357851180275	0.0431801067545587
0.11936050757237	0.0901967221928153
0.127572827495835	0.0910789175376195
-0.41003144689443	0.397311582771765
-0.264934297426811	0.20794214069247
-0.0490301584782074	0.048476302896094
0.0107951922516746	0.0107320331464132
0.439849316969386	0.778635798196399
0.355551212456749	0.505236783409872
-0.112129463203336	0.131888125062536
0.25549402223102	0.343683248446459
-0.0566101094672212	0.062659950703755
0.0827728837324181	0.0848530692480576
-0.303605176899178	0.404934921085334
-0.243276618677386	0.279546120354621
-0.311015879294645	0.450138821878791
-0.526207510170908	0.735369558214039
0.0417171698740885	0.0410305829056503
0.210626159920215	0.232080843611774
0.349519826208973	0.465718256229312
0.19636947372668	0.238789497367032
0.308773031033086	0.3368146764258
0.195311838608988	0.176317740620843
-0.0390474346842682	0.0365057290094281
0.703191416581741	1.03436061251401
0.445704802559508	0.599628003782901
0.0539251472691423	0.0516991271052615
-0.0542434588769935	0.053724688297841
0.687526003222066	1.08302681888886
-0.9294284566206	0.994470998330289
-0.552462422340761	0.554873256529226
0.0210641039982479	0.0172976202604284
0.0801450731508098	0.0455290576850218
1.54284288796243	1.02298539614826
-0.192139589192358	0.115271169965359
-0.386248846514272	0.180659211235652
0.706287585254576	0.397486298482717
-0.879654303858081	0.588882626722746
0.197648879073572	0.160960226989756
-0.474099832373682	0.484373779583071
0.469471848722015	0.439817945426621
-0.0260388240621909	0.0153064930430182
-0.289896504290281	0.270108556774878
-0.311532716136818	0.205837627908284
-0.281357627409774	0.152826107512242
0.352231811431269	0.341997281351204
0.0739490191455059	0.0272677517221955
-0.26577223351121	0.209549979889355
0.559542240995053	0.633571883939075
1.97547028331465	0.493643388518992
1.97790917110466	0.492162248022775
0.0425118066334615	0.0554866288739562
1.38221695837177	0.817372681214975
-0.680246734667009	0.332066059109218
1.37985340594875	0.820618144321973
0.743493981607829	0.299630006025218
-0.469009735911528	0.198812255001472
0.318896312208244	0.137597099436978
-0.144664734628246	0.0645887510789491
-0.182924655765699	0.207966039694876
-0.104883443912375	0.142274865373135
-0.367675894433748	0.608507828369037
0.093943367861549	0.119461134829027
-0.209186929097572	0.410890751020235
0.145333626374357	0.124351395185956
0.114562985111048	0.182884149977756
0.256306591429187	0.281937993832846
0.157580982570368	0.235108058445404
0.220658434599736	0.331283307895996
-0.177865138355718	0.33961211870537
-0.0318393858420151	0.0270252196968358
0.0884801943878196	0.0808916911878107
0.126305479308118	0.209745370841088
-0.0941146544523166	0.133289761000847
0.880980582597573	1.25567003342639
-0.177277755206409	0.283240624828344
-0.122619418172087	0.213842008664391
-0.532824517355372	1.48949653703495
-0.0336733451132816	0.0420664572160952
-0.0775373675417152	0.0887907721717733
0.0756393472684119	0.0278486743977225
0.621469716638925	0.192291266459957
0.675535148218586	0.845714806769654
-1.34735619803472	0.615998685416403
-0.17901970413642	0.0728532485467444
0.36979145085905	0.144079676335978
0.832269547656882	0.425556770736087
0.983512110240855	0.363213938331089
-2.57185252800851	0.693041972437165
1.42314513115208	0.464520674256509
0.0766079690770658	0.0282543091890972
4.52398936162728	2.44867516664804
-1.78346459010975	0.415096457236971
-0.790683142068166	0.812651198962269
0.0795103766857004	0.0911654155218579
0.572871618403349	0.787056932890362
0.0802699015492865	0.0293367916396709
0.272900647238739	0.3750047950238
0.0696879575801437	0.0257387140951234
-0.780762271527563	0.271555244817602
0.046146433228251	0.0408196309032593
0.0694879250852517	0.0341014163886834
-0.125669923450741	0.0966169203584141
0.517066996091761	0.824280510517048
0.440638208040561	0.507525881526946
0.204664165981092	0.151786222462121
0.208622950658536	0.175370185464194
0.121483706063116	0.0896812631457527
-0.177989847546046	0.129613243778607
0.0646159788948324	0.0523668102610764
-0.38561381460199	0.624348952574116
-0.36823074700613	0.646612230215473
-0.182561446938176	0.261653144367416
-0.349100799662033	0.652976786144861
-0.0751574530524949	0.0740484183437013
-0.873310003386679	2.2397538531622
0.081681992972589	0.102130588190818
0.209621103869499	0.29444841004141
0.384374354434585	0.648959923490855
-0.0655527247240724	0.0726999919828029
0.344222417054082	0.440863376845717
-0.369079816750756	0.61300272501375
0.270731079838994	0.405080298945859
0.278657201398261	0.345917636469739
0.0711144766935872	0.0712642451041516
0.0874358754862775	0.0763021277728811
1.0215901872636	1.833756932713
-0.0414622770921833	0.038442306336155
0.33842990880055	0.351109130789997
0.511890554889184	0.537662603308013
-0.46882152194255	0.373717773111515
0.107959931171845	0.102577571293077
-0.361534866473002	0.230525413080172
0.762967194464387	0.738644905146834
0.489853682082824	0.360444210037463
0.627336674758686	0.580780616875567
0.519918534086842	0.359806616132704
0.10624554179584	0.0702609046237536
-0.0439495345531662	0.0248953196042061
-1.68409383696684	1.28385056197202
-0.114115354266975	0.0551456485258289
0.0994791156497651	0.0624662441065837
0.390737750514752	0.245420241655562
0.358813464462671	0.339343921457015
0.608932718970329	0.737184436160663
-0.0302118521623455	0.0177086264193153
0.511965382096464	0.353068498358258
0.272973988120469	0.229453037485044
0.0101145182840923	0.0081136221077354
0.2990193134762	0.319596618526789
0.196258415411809	0.190734506560463
-0.0590198967651961	0.0483061933125159
0.0447882487731155	0.0459385294861287
-0.25360767083907	0.278410743388821
-0.220202653259465	0.2147520778562
-0.321124790030703	0.440439583072814
0.215113526522381	0.267565716161902
0.103791445081573	0.128774925460924
-0.621906746510817	1.24864802551654
0.525502580378244	0.53537777122538
-0.57385153593498	1.26154381815485
-0.466427893251874	0.6339670582932
0.140721354465856	0.215050435692809
-0.219049764591181	0.287098239251122
0.118421937710623	0.12524171343391
-0.124976499453052	0.107366934125478
0.0619950343081989	0.072475971731758
0.101561608134547	0.130045236498306
-0.152195495051461	0.140777655932652
-0.0868615344182314	0.0448053867704557
0.569755431834693	0.47485152228863
-0.133159808519811	0.0998641483634555
-0.109037269387639	0.103210992593246
-0.306757089753736	0.307645522469302
-0.0693142268401448	0.0552376078965803
-0.637705989427745	0.881811611620427
0.580870521835309	0.647149158739307
0.267761954342146	0.260243580234409
-0.139156456040014	0.105010784576073
1.0504702681556	1.49782966492907
0.541878150771933	0.464818289891974
0.389769849320501	0.340768744718545
0.127842767103617	0.0937813718232413
0.382409141181	0.241166264405286
0.111724706298565	0.076319532657705
-0.231052316748534	0.161521882378913
0.302112375105195	0.245228216989859
0.698248230244009	0.782596790027099
-0.238742853591458	0.190034254070382
0.520942469726737	0.530087546042586
1.01114900958572	1.53941960914687
0.126647474559116	0.135490881744355
0.727898211890508	1.25078422192946
0.183570643579207	0.207759737192852
-0.0351425217790879	0.0351464953290698
0.166775968560738	0.206764810003758
0.247895239702198	0.301308749730144
-0.119402268434748	0.121360445468103
-0.378509175417383	0.626930264326467
-0.701373768199265	1.26852608792813
0.526044077389063	0.90693856089031
-0.594187261648999	1.07713147969966
-0.201531780496058	0.197955766164141
-0.601736396813703	1.41737154190421
0.0213251106130937	0.0178622026443583
-0.060655161664704	0.0725259436496076
0.245850566564452	0.304163693160787
-0.880128746512205	1.44866214701624
0.0830444880352949	0.0729922702333058
0.0742387358392813	0.0855679426874575
0.101371535666981	0.114542541748419
0.0736436107515427	0.0388295378930825
0.106998782152929	0.137518629515332
1.00138047431439	1.43790929806726
0.0179437522074474	0.0179314543591727
0.203393028517446	0.171869102421371
-0.477301879527909	0.333997845189011
0.57861120221841	0.483724203902057
0.19922887126099	0.171831833460634
0.151358769622584	0.159392105149916
0.586776795058623	0.813913900675878
-0.303509492766855	0.304856246916355
-0.0963327522123752	0.0919020635034983
0.449473675709682	0.517202332347368
0.394439322707311	0.419799295561663
0.448393637644349	0.421862161697242
0.606980241916937	0.663896846395688
0.425157470362555	0.423892601031673
0.323878592140562	0.348745524226823
0.658228106911756	1.12886198676296
0.393640114795311	0.60954230841606
0.256829839179501	0.371477645682322
0.331533473941525	0.587210258593874
0.198126997287057	0.247981996747007
0.722131146979553	1.49128667104032
0.438587980074724	0.785916288959947
0.332929856785047	0.421554445300604
0.143414588821033	0.171313472150578
0.107910630840994	0.136698051084853
0.0868023475715525	0.0796155728346511
0.449108697391341	0.669195590806338
-0.0426033325008321	0.050535840152895
0.19992277603049	0.23608373763788
-0.0115018008685174	0.0118709691606099
0.175935366637485	0.202139828816172
-0.193966195939303	0.174454021734204
-0.503930324563062	0.886623736643255
-1.01648217071595	1.41162462176856
0.0612428419625363	0.0749578041770922
0.207532431669349	0.238264220809412
-0.139636823309914	0.148762324521225
0.342217582261506	0.338344762122962
0.151200750127895	0.214506387402415
-0.0640792872941107	0.0805324677723992
-0.165103548806084	0.118794451532123
-0.0637261196350903	0.066894188360189
-0.0135634658861149	0.0172890046212364
-0.0694196503893063	0.0841192092787115
-0.100193527981413	0.0864893967699265
0.623312088840466	0.37975429482495
0.0995327477053512	0.0919742790431458
0.0701602460730569	0.0748626162924702
-0.258272179121589	0.225266007090862
-0.431307551635422	0.260396367050639
-1.19639539670731	1.53285877413355
-0.335770994600491	0.253850796404031
0.111109333464946	0.111367432947765
0.704147213828736	1.24918795600021
0.165305207153625	0.181558328263195
-0.157904890773658	0.167477150283698
-0.449129199276253	0.431558302000424
0.140810393384095	0.12596237678984
0.215781668659066	0.268140103068794
-0.408846653237857	0.574851710188265
0.161944524157882	0.200154220300838
0.153075620371456	0.164303051416545
0.367867549296661	0.607649139949688
0.0430083998550547	0.0372859781808343
0.181416280081858	0.254134862138928
0.0796921945713755	0.0924610748036457
-0.5734060910004	0.692732997642434
-0.269504302768096	0.466905163475226
-0.689117354566947	1.09917242751561
-0.191631474513313	0.273511160356417
-0.500831010244345	0.759620869710956
-0.418487739654791	0.552017885754063
-0.136902279761936	0.135748683819084
-0.468908839008064	0.999966412315034
0.268464139832238	0.408554731055918
0.0244829379960218	0.030659159126989
-0.018364161879098	0.0223351409390371
-0.0104344652804862	0.00615060948019524
-0.124243932346523	0.134338770794664
-0.521645553261943	1.16385081588238
-0.765831655679757	2.08317876838907
-0.0002419187618509	0.000181717313725674
0.662381857662633	0.590919382000043
-0.52122601503426	0.761180663518456
0.225977113025963	0.336686389980024
0.0186863703973732	0.0149193633646848
-0.157340710342036	0.0979788681936137
0.864668522153212	0.769777640629095
0.376221605144285	0.426161297777007
0.380632631476491	0.424310586926965
-0.0688226028019242	0.071767482423153
-0.0256443187920125	0.0213119183715567
0.205134378389161	0.220008404604942
0.399663045978664	0.413784772175569
0.112915142624162	0.117189464410444
-0.12527444180823	0.106942749709871
1.17980520408829	2.13806463017567
0.603310552543487	0.72884684473924
0.666742383359899	1.00668117077311
0.158203972669708	0.172648143767323
0.0856930879823277	0.0931482842428996
0.0161878989673665	0.0178038759945116
0.0029129807795304	0.00305402765509004
0.332785346368932	0.343774290013316
0.0186827221894737	0.0202566313692128
0.191696605858967	0.272158659525564
-0.0203445127827615	0.026203666077422
0.161292139129949	0.194614594935771
-0.405413136666573	0.873230725044288
-0.444114339475856	0.84397826558915
-0.384680830801133	0.79322434881134
-0.737686310538807	1.72323106485351
-0.0422927102132997	0.0483280714130623
-1.00865250593282	2.15699956736252
0.0344391419554788	0.0465833120462749
0.000261679913839758	0.000238847502511395
-0.12082402316765	0.162247802029512
-0.274322246097675	0.452334512058655
0.199820964995976	0.168189219536397
-0.107685472032917	0.124751510887404
0.0349741822280944	0.0450834466556942
-0.205632168174935	0.332224333606656
-0.261349955951389	0.362876655199309
-0.0788355136188546	0.0687482417310055
0.0965438738257593	0.120250540610194
-0.830421432988833	2.38652176338001
-1.05249061484347	2.15991541970183
-0.602219362081419	0.600523954722283
0.212897092691389	0.164547255603044
0.261244049561508	0.291917796923296
0.235236317195993	0.276781945037472
-0.491724439954793	0.56638977379846
0.343779246177394	0.339256261012769
-0.722497631077776	1.18925247115901
-0.0103894522000769	0.00769747220869964
0.766814378381988	0.832226894910643
0.722042415535274	0.713218956370197
0.0768362448691273	0.0406788603668497
-1.68069409496036	1.96483184762826
0.391163247382673	0.246215654935295
0.51168455361849	0.453022375321848
2.06185991712357	1.9609479257858
-1.03129202955967	0.630420622803999
0.326192234603091	0.236177857820014
0.0790723893671601	0.112580804318551
-0.272511337050574	0.445568922065174
0.15904285592074	0.237681680355311
0.623228566796362	0.383044127157884
0.52913316741033	0.263611332106486
0.238285289325669	0.408410879695626
-0.0618659621799254	0.0832497391678337
-0.187931926593425	0.319294890188561
-0.0128996690270214	0.0162967988288734
-0.203303066128151	0.290750203345427
-0.420044633821185	1.02133147902954
-0.0884747550100844	0.114668547953005
-0.278997818605161	0.51394566450101
-0.22548785037827	0.356278974537952
-0.295239472880125	0.655400837641721
0.459266633728316	0.734525117908517
-0.0164201359351134	0.0180399252433284
-0.545056580308617	0.969363533966453
-0.974626858963585	1.80631310886112
-0.177260532219255	0.304676710632298
-0.0163929289178766	0.0196438832179233
0.111746729988757	0.11307401781112
-0.605454609379035	0.835817031277244
0.109919892969822	0.170303675451002
-0.235092803270398	0.394376660611873
-0.226336339738885	0.400875349603142
-0.338612060844516	0.611728342707171
0.174846404575838	0.30142176329804
0.315019941247467	0.573845495238135
0.11028271615885	0.114254370007408
-0.422903664667131	0.258331750474408
0.0732205883067461	0.038493791778403
0.638705310506996	0.744666515173333
0.465089514033258	0.252836709263901
-1.01466252309331	0.747565971031562
0.0631826985755052	0.0286414465992836
0.506851097403503	0.75950472797059
0.0748317400036176	0.0275952637707166
-1.55747083666982	0.798374988609893
0.368556107931245	0.142423781691762
-0.17901970413642	0.0728532485467444
-1.05371159407796	0.530772124745951
0.457677582733114	0.158511278170701
0.996415186482987	0.462209452597082
0.249616563881085	0.12824607332675
-0.094248615071671	0.144734225636849
0.0898846011154671	0.0942911655582893
0.116918321178013	0.142194540931415
-0.224931833247677	0.0822138849172817
2.06274546205155	0.902931253229983
0.808062479389234	1.5800447572375
-0.12473475676943	0.153463180339707
0.0965968634419277	0.144703626113223
0.667238166248182	1.05852242369175
0.312058231807714	0.683425717494228
-0.360847038164316	0.358691680876313
0.0250396018313974	0.0316784063857874
-0.592558281389402	1.39863123539935
-0.303297590148273	0.75177811673498
0.0190589600652062	0.0156502677288489
-0.24065585499594	0.280959853432083
0.128479122416979	0.0980644225684278
0.286893900963004	0.244968066729581
-0.103977366578906	0.184425251575704
-0.0159119903130344	0.0198164276980444
0.337501894241865	0.2477644619337
-0.266115176651362	0.20966998432793
0.0624276834239098	0.0877922183176503
0.168860649143369	0.303421250674405
-0.672165185623159	1.87202151540373
0.19747820612771	0.204347114643075
0.162928234406304	0.291592977364023
0.00626527543222341	0.00545005591485344
0.136032867380314	0.0336051051380813
0.0861240597616357	0.0283812447522542
-0.4205857737261	0.341447540749378
-0.281972984391248	0.092695894956706
0.0691883127443481	0.0254149217585439
0.464318818128795	0.16335416808787
0.376364458929799	0.146246027832389
0.122182633803478	0.157795189991586
0.220621235009437	0.230216764523133
0.0854460073255212	0.0278533765603429
0.0746153435697346	0.0305888049554565
0.101097367816232	0.0292900508131344
0.623397908215768	0.192519078919056
-0.582725230426773	0.221842040305055
-0.838659705397213	0.373789470849522
-0.844915345099719	0.374362240024889
1.01861453880929	0.722646169802589
-0.0448368982201376	0.058044658467014
-0.334479997033246	0.377271561870262
0.214596846453541	0.218026028886552
0.0735319248615249	0.0271371945758418
0.102474476101686	0.0297923181105043
0.0787519864950948	0.0260563179245945
0.1803129870955	0.211029644725349
-0.405206627723979	0.577354310936089
0.133032419246191	0.145040731707223
0.221536702104691	0.363124270636649
0.136542409768505	0.121957002296246
0.333061237336587	0.608489851102419
-0.0398018069020598	0.032828996570896
-0.428669820135938	0.816121455168567
-0.365254387535426	0.647737287427951
-0.228270655827518	0.469606416399899
-0.0139775654402272	0.0119930712884369
0.133654379331765	0.110736305395629
0.0816564529458409	0.0458858175118604
-0.00939802318940168	0.00569379887443057
-0.339118918802629	0.787774291423405
0.036541210710661	0.0410296415672597
0.698935260903996	0.509778529641891
0.235231147608806	0.140425084846538
-0.166665600815384	0.243667348903356
-0.026958253173758	0.0388412818560095
0.199422038469495	0.314189753758171
-0.390007806883141	0.512692799386722
0.0732172478708158	0.111700838801563
0.0685686615632828	0.0840596910162102
0.20100496378405	0.220234226177625
0.0991558512875216	0.0289072234958687
0.133271254304781	0.0330736858737192
0.211308461881507	0.152092849247986
0.465007396929331	0.163757650783096
0.98407377907783	0.366453047925217
-0.389819593414635	0.113165790285367
0.749353467643793	0.303914885545992
0.280175237493987	0.132850274384936
0.151983417981497	0.15164624501243
-0.179127142069189	0.0727845373499876
1.2662786845119	0.53920821418515
0.623913136616253	0.28012882664238
-0.59380426311287	0.228549535140423
-1.05740031682552	0.534077196878771
0.0720188280434704	0.0296062458777047
0.98407377907783	0.366453047925217
0.474572409538995	0.925855947612542
0.520194281317824	0.621244257755994
0.21525047892519	0.233342965425693
0.377631547004968	0.14740968509311
0.62197570105732	0.193886107986901
0.613944711078289	0.274318795618447
0.466965281077598	0.161498780434234
0.0822125157245568	0.046509460152088
0.163360032920637	0.17395260302992
0.0583893643149854	0.0601473533987469
0.0457431566417418	0.0455418743109248
0.0580049805031455	0.0791813452935967
1.06309200213202	1.61205720130273
0.496219959133059	1.10340904558201
-0.182489685469393	0.148923166361497
-0.297761727904309	0.47470430759176
-0.220101160944615	0.301093407629864
-0.311204377092565	0.717912149176052
1.01739306670126	1.74810116381363
0.743970789172161	1.05203807500033
-0.0180329717731807	0.0107616565489161
-0.053947149654308	0.030432139144375
-0.277941223811159	0.587407719557712
0.436392763851881	0.750152528837674
0.822777693353706	0.65906024160322
0.243463500516429	0.135925082963132
0.399716659271645	0.793701424295658
0.165407809505746	0.30931861746915
0.0738741490227206	0.112153669464263
-0.393090382778741	0.435625948613412
0.113296722729767	0.174296164317131
-0.0972990369850644	0.091283970140199
0.468557085842939	0.164670323898188
0.603257468601451	0.475628540221674
0.31695705897609	0.137107793098675
1.78237568108603	0.685305417622692
-0.643736593348132	0.156287938793396
1.42314513115208	0.464520674256509
0.0557607514862924	0.0590703561449895
0.0164972796006379	0.0107358788732609
-0.389314007007522	0.11306509974214
0.370545958144235	0.143900405819216
-0.173440622457493	0.0698465963718804
0.136691698731902	0.0337280912386556
-3.47202911181931	1.23103389985516
-0.639596283054735	0.156460136265019
-0.0622160891337766	0.0655581948901399
0.211953837545768	0.169402572615686
0.127672296517195	0.097526777799305
0.983260240509633	0.361648141884026
0.98338732932609	0.366366127152252
3.25585177993415	1.10585266920525
1.42336872762447	0.463841960726504
0.372157345061234	0.144040048011482
0.671777316707441	0.600994098226605
-0.0296523081871602	0.0278008447152372
0.549680179845684	0.719133397393824
-0.217082494833967	0.252799227918121
0.0600944646650484	0.0681423556149132
0.320426532655209	0.34558924805182
-0.278801885249992	0.444363172101127
0.0405691388193977	0.0349847913821697
0.0957443551099828	0.117887342156676
0.315477992923804	0.466723235391996
-0.254734119626582	0.47142583886175
-0.11975870799562	0.104602104433752
0.0625297827860683	0.0493209453157361
-0.216940789864537	0.175292002508042
-0.500138909554708	0.435951464208582
0.0900836535975801	0.140228246095278
0.32353776867986	0.456806004222106
0.337997291454134	0.247695705331821
1.05017931739961	0.982377671324246
0.494642745116441	1.08156649145617
-0.105337613769853	0.16914915318158
0.117487379712973	0.180751578022338
0.0882904168995313	0.0755069438996854
0.0471723490904471	0.0648799623087547
0.320934732296339	0.139094817121576
0.0868053659238649	0.0285797585746745
0.455365596415458	0.157956481643586
-0.780621338588044	0.27365972431568
0.998145494228127	0.459901799507796
0.0708898011188004	0.0261764793382678
0.546306744896335	0.465581752371144
0.200027772533281	0.206914602186302
-0.136490154095208	0.101588322006104
-2.12510534866693	0.975951799413829
-0.387678621621037	0.112733540232719
0.234457550943965	0.276468884250945
-0.492319997347709	0.418943206048751
0.784365807124544	1.14899296035509
0.317902022971291	0.137420696679332
0.621053950473521	0.28046950031276
-0.546692302159471	0.369392915795193
0.375324536305523	0.345941808144268
0.253116580017031	0.25505077164696
-0.232870518487204	0.257354989556291
-0.371621955929035	0.533018168952133
0.214187584407836	0.154853784605816
-0.0143651788511882	0.0174567101753967
0.20746051501983	0.18796441204
-1.11142180078356	2.84119464661106
-0.275053988428499	0.313795889150597
0.13722030814514	0.193634343496883
1.01247527827027	1.4562073789751
-0.711817866908504	0.690335832433045
0.222981755765931	0.159990151895711
0.213258094258014	0.133740725783096
0.207058315662737	0.331130099999214
0.15300233144069	0.145685014024277
0.30449047814557	0.245073379490298
0.307620269025743	0.576634807409223
0.155556496556893	0.212832197988763
0.622619267673717	0.19534691993008
0.753663132968624	0.309194895580188
-0.387678621621037	0.112733540232719
1.49956127974254	0.721218899436236
0.133707491985628	0.0329789895417372
0.649371134575378	1.2450841192089
-0.328455127757389	0.345782212164686
0.470743158575293	0.163456200201837
0.350495228468044	0.504815143527426
0.124223917558241	0.0945437625258792
0.0991558512875216	0.0289072234958687
2.49851279466971	1.34570572203614
0.461165063750906	0.160791774044423
0.00427515560727997	0.00268454270287771
0.523367607790831	0.704991848707277
0.339838610266003	0.344569444796065
0.371740297037935	0.421878499195517
-0.0414283352786773	0.0443349626193017
0.478188565252587	0.521024847839263
0.18571693555686	0.29858504503942
0.444283057420357	0.435410991040372
-0.15199004963425	0.204149526863769
0.139112390198527	0.170491903559102
0.0397262305611138	0.0567657349050062
0.679126482836294	0.936782556353752
0.400430777715997	0.416780575294135
0.941520470142678	1.04160618662816
-0.611697187068704	0.513612462808036
-0.00932990929600512	0.0126588441113628
-0.00992173767772193	0.0101732275791873
0.272399048310283	0.128748562910245
0.0601348593965558	0.0809011245822756
3.25511333794459	1.09678833621524
1.23587728240234	1.31409318101653
0.0903576343408612	0.0294247896843387
1.42551433969465	0.464150673012566
0.226164511221549	0.327123414398419
0.281452211587328	0.458603034350701
-0.16911134623207	0.204225083248869
-0.0221724469658631	0.0162039670018619
0.53113405681825	0.261083650683063
0.465007396929331	0.163757650783096
-0.139017811840861	0.062053296972884
-0.207398361566292	0.14905488392053
0.0711661832868318	0.0679949793017026
0.341267113659451	0.336577019360004
0.311556809722639	0.441037002697616
-0.0425693048129155	0.0448952916042826
-0.132345276099146	0.143513094262585
0.0682700446650386	0.0814996910242295
0.292705778374868	0.367879426508956
-0.110366260953664	0.145174865257319
-0.3589632489997	0.606650145485287
0.183739522137947	0.266169560461283
0.159254162482439	0.151641350857009
0.215065615951197	0.214583720438171
-0.149450194414667	0.125159747112332
0.204232270501284	0.171903173589822
-0.169937312591918	0.213520487790108
0.376185493457436	0.5353822563056
-0.578430560772221	0.723131089078857
0.272644107633125	0.238088626940163
0.587460640048377	1.26346494258149
0.104843262256936	0.135158146736527
1.35454997413238	1.40058700520044
1.20802111741512	0.638741950915108
0.818298531177503	0.419110840059967
0.159969734610475	0.237741706281626
-0.266908662687555	0.41339818536108
0.0332795369554497	0.0285395704813525
-0.270979994436326	0.146176428604329
-1.34288976447951	0.614114746971278
-0.593120355642737	0.229842126042555
0.61978851016507	0.192439142212925
1.26845646886772	0.539839872432159
0.863658526221798	0.54403903709587
-0.223663099670944	0.0821661755551311
0.391223906765875	0.245003738860865
0.705410871263565	0.399269105064805
-0.782075672323052	0.851426567236624
-0.24812688786958	0.234162637161483
0.19503416889225	0.205129177676405
-0.0912938221810251	0.0931075463064058
0.650646196442887	1.45763601616325
-0.172426844861355	0.208277612402914
0.0589701614517695	0.084670898911203
-0.417790938700807	0.651005440819267
-0.186030714648755	0.252682500528117
0.0530542203375018	0.07066466460235
-0.337709425501565	0.689625401493529
0.230008960939828	0.305079060994982
0.291800148121166	0.400592515163052
-0.346905328947394	0.456401589618633
0.0202092180118025	0.0160967452292794
-0.216097465324008	0.31585865872775
-0.167559302904778	0.200485733877342
-0.450403443414471	0.581844424012176
0.101417894831039	0.101780140110257
0.552092177152305	0.934440643620818
0.566675525544512	0.472998475134997
-0.0636825259342576	0.0855133638917623
0.278755890618502	0.455556044459635
-0.0461666936366489	0.0375965804609523
-0.58163375870985	0.305272341170503
-0.0951169973807349	0.0491908460597548
1.31005196818334	0.950084863135146
-0.089676950250036	0.046327411806308
0.456269354450138	0.246937649921582
0.448990296219733	0.506365191722308
-0.479985189023346	0.676086208692152
-0.187342530541823	0.232809713312748
-0.0697638764870732	0.0785232131936038
0.0987594970436418	0.109451294453702
0.460537553714981	0.951666770871098
-0.579581318146976	1.24668389614054
-0.487837921175932	0.972464286665828
-0.185353213008184	0.271052747473204
0.0721045665449179	0.0981327959584474
-0.224097992431415	0.330304543638191
-0.0881425834354666	0.121390551457375
0.145165429991247	0.183521804169949
-0.333437486904068	0.513344961242564
-0.264690072316404	0.371676922969554
-0.0408793819123425	0.0379022667035768
0.208447495117438	0.23722488951587
-0.164903946589136	0.207522349119892
-0.223666233015082	0.30112383674375
-0.00302825969820064	0.00285617621360755
0.947374539391443	1.03164845335352
0.0239564500378044	0.0267638776758926
0.168127795551937	0.235783859516305
0.207503521860592	0.308348113420797
0.347145803952774	0.343907289136135
0.524693291675457	0.259942760347575
0.30750859272098	0.130938320731187
1.38743677130818	0.827954037268072
-1.87380175254273	0.766831618612011
0.0608714661218949	0.0465712056964756
1.06254348412084	1.88830718684991
-0.135686941929301	0.146077231790674
0.250543332137843	0.300929338682187
0.329389130824055	0.433094421520829
0.70816047559697	1.17269565928866
-0.203584983026706	0.303473168524039
0.276561378972897	0.534785362655895
-0.492346107183175	1.01538059837368
0.248778520635811	0.34353205545035
0.0519703649103239	0.073416798463875
1.17740389595302	2.22480289274924
0.65479172684939	0.994243012837943
0.436038848050634	0.426926597186418
-0.486868799570525	0.463623207239757
0.122272412192031	0.156081493660388
0.0412094688489724	0.0433563863112228
1.15929030116801	1.60607128739232
0.312438242865648	0.246043930560066
0.162738801351376	0.20531824837071
0.0619128764610105	0.085258766272151
0.112885620777687	0.150923039036102
0.197329524546886	0.228062225322765
0.0366138930051437	0.0396645433064349
0.079039203758023	0.07853633735685
0.141654886795715	0.127037320231264
-1.55475324561414	0.552382251224157
-0.391112366168209	0.113694348973874
0.09520767585846	0.0278096122609245
-0.639303808570113	0.155405266784039
0.255845564024752	0.236130742176621
0.464429236846016	0.16346936705331
0.622619267673717	0.19534691993008
0.0703733748218045	0.0288783052212046
0.0808717082747302	0.045609822202733
-0.441020237663248	0.488483550958739
0.823702757931854	1.21152989802956
0.138134326631418	0.11497412151967
0.352187231267492	0.646752786227696
-0.198613838068803	0.120174169344508
0.618546221323162	1.26816344472228
-0.119103898375725	0.0902662317722231
0.152905935584374	0.189770987133035
0.100721639942836	0.062693123146393
0.219009663331321	0.168466063817242
-0.183476360124146	0.278711730418556
0.232497611637111	0.300768857122207
0.224252266966662	0.146908113818479
0.617195059867311	0.276258716786844
0.132481396792513	0.20311710303137
0.402532383849832	0.489811554639033
0.0202186525460644	0.0179782709278726
0.325069635056213	0.334054067803371
0.9753180046391	0.360574182878169
-0.593023803741619	0.22926907871397
-0.389961680664391	0.114106955582715
0.133925459616961	0.0333863221239572
-3.77903324332789	1.50600997385697
-1.55641272803696	0.802317919916879
0.105210100420114	0.0304829186567695
0.307931813865922	0.241837374575707
-0.00685440693735315	0.00407104812470235
0.993459780892794	0.467818299067991
0.939134676375762	0.246428972725703
1.27194691098085	0.538401877211758
3.2565918874831	1.1050644302855
-0.139698969621551	0.0622042682931226
0.419645492728687	0.431915864882482
0.32886209770793	0.329273890813705
0.770737079976929	1.08721297047426
0.247957438872151	0.307216588958499
0.592876309906611	0.635549888175535
-0.693809697539254	1.37977448461689
-0.147993990895304	0.122829264390558
-0.269004493761499	0.331001560897052
0.343912974302806	0.415795194686494
0.587598998740529	0.652228009197482
0.121406629146113	0.0940984449131624
0.114834451977894	0.0789380213832937
0.905494630157147	0.677885271878808
-0.209293846455016	0.303703835975825
0.0606079243466768	0.0571151931658657
0.935099796426187	0.807509364378044
0.21612122770079	0.297325401620642
0.553985535431063	0.709396246516839
0.375730121535905	0.145158677195268
-0.681690410472446	0.330035128277411
0.0732488751293303	0.0270631288953272
-1.09256045381056	0.439069529521533
1.01912667742396	0.717240220678733
0.0831434633023487	0.0274562437249086
0.322769626346159	0.13883695766874
1.3800126946488	0.814706170713407
0.271222947009198	0.251327463181872
0.476376379863062	0.51519616185248
0.27789749073236	0.132438650966335
0.614806755651681	0.27354086821737
0.0749369475930201	0.027667789793538
1.37836363742217	0.811541781707049
0.820434239065344	0.42208187424271
0.320832871735918	0.139148002813198
-0.587466526386645	0.227349400651964
-0.544023221917583	0.460970844530731
0.695503151854853	1.10919788516558
0.406621533469593	0.591323064444874
-0.207152453629524	0.256335389195332
0.838156505953643	1.86067480186514
0.566745080021109	0.775045448440164
-0.368169012633863	0.673811076143437
0.36714557880144	0.492189986939801
0.660502307812188	1.54886997158978
0.143333461343686	0.138539944041749
0.356213738314399	0.430967040678083
0.758899031341292	0.820254698886536
0.648880149187293	1.45900362222913
-0.140210319817719	0.171190822744917
-0.00647820791399713	0.00487348736204557
0.580884331261093	0.570104536794295
0.471128771363662	0.745922595261306
0.876492434447771	2.10972889581689
0.452421444560444	0.524859945859978
0.519745461783104	0.25654486868141
0.62035659580121	0.280825650264746
1.50616311918023	0.72481807174305
0.711688032740945	0.400046195638897
-1.56390564122763	0.562697971919826
-0.840113835759486	0.368790358912353
0.0731527127103888	0.0299631095958885
0.379243215892596	0.236692994780545
0.593108943667597	1.03494304493353
0.688192777719057	0.952626740436492
1.01154263316128	1.74472968261273
1.37552607843324	0.810596563539561
0.627841522543988	0.194084718523273
0.997069063863235	0.470868177372939
0.13624806764299	0.0334168593092027
-0.218182140439343	0.0797276437815378
-1.34230899665532	0.613420184707873
1.19993582428858	0.631584306445599
0.213705268701217	0.141908353651874
0.577046281400848	0.799445624749798
0.143966919970672	0.135154209210682
0.0628785302901189	0.0619720574137923
0.00842186060030978	0.00868024513073416
0.377571113657726	0.419609356018689
0.0719893099308556	0.101236062885673
-0.0504280867147484	0.0349366246494942
0.328058378765706	0.543206954341267
0.136691698731902	0.0337280912386556
0.101230426961354	0.0296586789627306
2.19035189485425	1.59429094539684
1.41820054505868	0.459890984284061
2.06534553710464	0.890264270171904
-0.784821679690783	0.272251756501701
0.132175985458235	0.155327631444985
-0.860243546725266	0.936863657716447
0.127905150850649	0.103078961405164
-0.287858623362124	0.0946377502524253
0.754251130764505	0.309630028134212
0.0831653344700419	0.027221527256504
-0.780067822171114	0.273115694343224
4.14422800089266	1.93795209193351
0.102481452037923	0.0293358202343509
0.626192457683071	0.194952303748009
0.133707491985628	0.0329789895417372
-0.016524002416276	0.00984062953929115
0.584310368739626	0.812141988399016
-0.557116682290931	0.781953002646763
0.528208539764644	0.852660141995291
-0.0756544096181264	0.0852034019209225
0.206287433861179	0.164313826277937
-0.0605441521976129	0.0729020474446318
1.7091722979954	0.930348979498921
0.707105044779997	0.396464914792523
2.30302404970936	1.11368603968036
0.622754877518999	0.193758888404047
0.0748317400036176	0.0275952637707166
1.82478009271292	1.47349802312899
-0.0431474963881765	0.0500231956931698
-0.0354607070658988	0.0292802541903497
0.458195326467488	0.593202691460447
0.0787100429489991	0.0288200466611711
1.16642164773254	0.758944917818951
0.46511648404163	0.163376575467926
0.13436303694843	0.0332886519978548
0.754223258276044	0.304774498591047
1.17391178569482	0.761014781717388
0.76083359130147	0.309662508031632
2.06135081217216	0.89997766608553
0.21708817637672	0.15140986291301
0.302942908593316	0.357061450436977
-0.227195909938016	0.306915023484182
0.708823851560733	1.25563510547816
-0.110466366343384	0.146079241178601
-0.249316824035578	0.274879573504883
0.00703921851138357	0.00848382089095233
0.48580665136642	0.357332913425114
0.832885697706852	0.425384786573067
-4.24830474088058	2.01697520562806
-0.596775857760419	0.22919559229251
-1.0521823423341	0.528333864286944
1.88523045560358	1.1246004494665
-1.9077598638515	1.19628111294467
-0.644689815674165	0.156669091829783
-0.0945157490159367	0.111187011432051
0.0451643429437424	0.040855166373621
-0.0802979358059369	0.0706600961945647
0.0832413116588062	0.0275358424390173
0.322872544488082	0.139427268058759
0.995400816906766	0.464945099537785
0.375371937183409	0.146537881804372
0.753571413536895	0.309463972555086
-2.57584548566592	0.689261699424094
0.617510971176847	0.192010662028043
-0.383323518307964	0.178321558197738
0.0991626080679587	0.0627463401775987
0.380634397670035	0.526907867051306
0.24843080564237	0.312422222405689
-0.102274308264128	0.113614074413988
0.234693888225821	0.36051508883187
0.61550543447396	0.809596540820316
2.25763048206251	2.45164480031233
0.274409151613912	0.129933668003023
-0.395701830802091	0.115534330411752
-0.865991082712003	0.477114629614965
-1.05989727692952	0.529266453406064
-0.589592246775957	0.22648133625989
-0.737890798525464	0.442312455166066
0.320119264114808	0.138570079246603
-0.481688823646786	1.35540405039112
0.0855203943875121	0.0913701591152137
-0.19931042328839	0.289870117273882
1.54433691784598	1.03111792691154
2.06608300874816	0.895650961917344
2.05351226756172	1.37188869013471
-1.1663387915426	0.353796776180306
-2.54208403964076	1.42102368568529
0.319405834160419	0.137425017547853
-0.483793533708308	0.496130093817411
-0.82021326852153	1.84517045650307
-0.255624515017047	0.417144509847727
0.0333554079851558	0.0414622562846037
-0.134282412449148	0.210707152264617
0.195920371047547	0.201398963832603
0.153108827069116	0.235139061177858
0.400515132324089	0.339376866078327
-0.10060166010639	0.0676624070330457
0.417808860305682	0.338972870202921
-0.901928264570261	1.21102772654368
-0.210914608586724	0.151013356415673
0.0698516861098606	0.0369477596679407
-0.369755973111862	0.272806306425024
0.102636537241788	0.0675227162480336
-0.0247090608675449	0.0368063174289044
-0.0714248923481728	0.0967137284062457
0.930633284045409	1.02197112826301
0.622878806927989	0.381960620946111
-0.480674561978845	0.338357687850263
-0.0261005219240171	0.0189751283728589
0.0333642213475358	0.0345650385569972
-0.28437346629375	0.495115882147284
0.301866877202081	0.622200406397268
0.130080532013707	0.21200426393196
-0.0125436999522876	0.0117286997939638
0.873967383579311	1.24667277428654
0.35421919325531	0.49608078371221
0.243619527968132	0.382691748050959
-0.0575564340417601	0.072987946972218
0.25104708333839	0.353737767313569
-0.108719992384464	0.12643684915155
0.131153637723355	0.143680131065605
-0.513794630097223	0.845073719463907
0.550411772894763	0.780953520304018
-0.562432441430054	0.888047690528053
-0.472326804965358	0.691592969777483
0.275422525166972	0.370089323847261
0.0629823413725997	0.0687573788129506
0.156650852025452	0.169255618216757
0.145487256212631	0.150050429033512
-0.265014262215259	0.425400107561535
0.690749909835433	1.38301054532225
0.315344031622717	0.497367685072988
0.113399398589833	0.11600628725671
0.0498467338054517	0.0519632679117181
-0.0379544108512806	0.0318821513510487
0.243723356071502	0.3090235543331
0.0444345106346079	0.0520774381626957
0.034120389307665	0.0466758084230832
0.0681093612561297	0.0942495814722402
0.232045301574074	0.340164228973945
-0.631619523531256	0.978553268339729
0.0289735421082753	0.0268858916744879
0.709518852039025	1.10681728347082
0.0789521891759049	0.079085281262257
-0.148718160378028	0.176903093443342
-0.133648171912298	0.143729152394956
-0.0378220818161257	0.0449896614236577
0.137633343863755	0.199862996056216
0.234012596593247	0.40429313433918
-0.528328960615775	0.497176167843237
-0.0143590731441285	0.010567303616435
-0.321960032917884	0.4113711293879
0.291718663241921	0.449651142041499
0.27210823973621	0.463062129073932
-0.0849083768092712	0.100255283615438
-0.101969163776067	0.135262668545451
0.323869208219168	0.53077085498917
-0.0128100663676795	0.0137444994263157
-0.0232605962035777	0.0255310976829656
0.361798033950408	0.635823924356359
-0.0733363584012846	0.0874500981928192
0.0430836894520971	0.0364590877541118
-0.219997568689652	0.255980392982567
-0.206031031616514	0.198354503035648
0.413243297297408	0.55834792786874
-0.140219806877409	0.166096628198541
-0.151116722414447	0.219070261125069
0.274998047058058	0.500569440246498
-0.0622608156302512	0.0845875606059916
-0.014138514634878	0.0154334099012715
-0.200725963839208	0.264959095711888
0.304474299879947	0.53196927660694
-0.202944153383327	0.336705672276587
-0.311046702223099	0.476388855249201
0.491983293006819	0.686685283278498
0.482075026919853	0.672341359500427
0.372951108132127	0.576156372432931
0.0170306326359587	0.013618913437796
0.0265396917708935	0.025268488756151
0.514337618328242	1.15645005829765
0.248675262722474	0.399894437247134
-0.0191688968013381	0.0219895141183564
-0.0352020634176404	0.038258402505066
-0.00566429348532365	0.00586540362769906
-0.0404059901007084	0.0491034662690331
-0.335361748644395	0.572207237823515
0.277489464614601	0.400101208069071
-0.114180532118611	0.0873775585547833
0.201653374949947	0.208304026418424
-0.209889874291221	0.231824339935342
0.234611087133789	0.320289452328431
0.538410705964233	1.1692160040367
0.0318303372418555	0.0221733498232063
-0.0504336180072368	0.0505293993665826
-0.00679873122204941	0.00824361710358614
0.086714768035094	0.115782333009892
-0.466803397284556	0.961537350680867
-0.384595769342626	0.697779784110949
0.132972251074992	0.179644467961149
0.189405153284359	0.298095372016673
-0.178480575562491	0.269635638284248
-0.366280876208856	0.601577129417722
-0.00532566800067501	0.0032811534439322
0.213738612369614	0.185400929456481
0.321452085635171	0.368064346531555
-0.839931367129846	0.374943853029174
-0.767730963577872	0.541454217082985
-1.3516517648811	1.43809790071818
-0.482877369035191	0.340953187915112
-0.0947210901246735	0.0640421982032318
-0.434430263116978	0.477174483025843
-0.02150791456719	0.0217743057640056
0.433499556836511	1.01006146688405
0.0286714002592635	0.0363163636833804
0.0688036603153856	0.0978847920293017
0.488648244712041	1.06442252838045
-0.673561509109715	1.49018493918979
-0.12975891917554	0.19805123970883
-0.116140252176258	0.154011522067388
-0.352760575313776	0.55115237415105
0.334196780060594	0.333609709571252
-0.176449583784085	0.160320529875753
-0.404023876247919	0.499943810547583
0.16021192620186	0.237651735281295
0.408499571804092	0.736561161550476
0.715021639863735	1.7798887099075
-3.09193101813948	0.961049195592252
-0.170279747579482	0.0693650303907704
0.0932183983043582	0.0556467083798032
-0.0876097998180714	0.0450158826499624
-0.153770415891055	0.129217014286441
0.526642247986234	0.694412389290092
0.443310938680862	0.856404617759822
0.501332227467412	1.11645900477227
-0.168239826674353	0.260915760158183
-0.0366979279435869	0.0460863539946573
0.805682092793733	1.98003520168719
-0.439532183392012	0.801385758973864
-0.110377138587376	0.163931546300941
0.192452681001415	0.278325635023758
0.838164838038819	0.965323630178845
0.425880299505129	0.510014507209356
-0.820079509532516	1.66535759484315
0.31794646673551	0.568494276420999
-0.213984069365828	0.362524988548105
0.290620172550143	0.473629182459011
0.165677793407249	0.240938592659757
0.474764466924708	0.866448331113121
-1.55677086027798	0.552634765693309
-0.389961680664391	0.114106955582715
-1.7442392569766	1.00127660480125
0.285214443090336	0.252462149734855
0.109285076151382	0.0721558852068816
-0.225550880270435	0.264023321902396
0.150096926851844	0.24739526950038
0.194729907988369	0.335317534681641
0.433216200836297	0.997679208380783
-0.0109496615245662	0.0133539488401481
-0.104952174819314	0.150513812715533
0.0199809876022256	0.0277263631797137
0.2568464216312	0.47655795277817
-0.199805073255012	0.304128757419514
0.342065652723193	0.328178425013819
0.259287929959868	0.274020428349037
-0.0976131596692641	0.100566696983203
0.417679313841789	0.830110255050516
0.419083489102628	0.941919285803322
0.509234102701088	1.23893598385392
0.306205342276805	0.530865432800479
0.171807776667905	0.262639933167771
0.319869012050778	0.137319855177847
0.236618640212315	0.132035618271015
0.332053436297921	0.242515281786662
0.287621619021902	0.247000724986872
0.980647452713659	0.362963151381075
-0.639596283054735	0.156460136265019
-0.775217247305859	0.679598320576096
0.328209991715957	0.248970239561217
-0.214964488342103	0.0786486187566384
-0.442997431673155	0.572201117905038
0.176848224950368	0.208620610989172
0.0267560221084339	0.0358708202490018
-0.0734218168917366	0.105497150865762
0.243789703777128	0.43195725954836
0.157941307602466	0.249787335174068
0.316317021326481	0.604669534705812
0.288004946058158	0.548516193735799
0.448559042739074	1.06296577686743
-0.0214002300706703	0.0268337089791638
0.353596868311172	0.333768962524907
-0.35169525769799	0.323382673545283
0.456465853901057	0.6866150680875
0.173780045983101	0.290988264964906
0.340534857439839	0.601374072117165
0.724646340994461	0.63126450001076
-0.577516952607851	0.305555744253448
2.44217256577674	2.10825861273033
0.0872963994903979	0.0285591243296695
0.622112146922877	0.193722380790939
0.187605726927967	0.157994407024578
0.997741689418776	0.471063603228369
0.982021046962427	0.363053655165164
2.06330834065533	0.904215395141773
2.06009607993176	0.901279670990857
0.936662065549594	0.245987967322767
-1.34288976447951	0.614114746971278
-2.57584548566592	0.689261699424094
0.0845094585033182	0.0278486404260499
0.118593967541469	0.0875434604100789
0.0773087476816271	0.0285285176364431
0.479569083663138	0.359681723959492
-0.192141196789556	0.158120085819044
-0.20469128109711	0.183647872221753
0.0486934069775538	0.049973389178194
0.309001713664755	0.668027241897626
0.0738218879451149	0.110690312943596
0.156934210126071	0.249771272581544
0.128025545358542	0.214411264882928
0.387076127249761	0.827680440109446
0.157841204162041	0.278265094788838
0.0302338323691516	0.0451794912579129
0.416881338370388	0.893105402615374
0.0778308103696101	0.0651947840887897
0.201353264555045	0.211055989504202
0.424207639492593	0.593153016392146
0.0661715666521362	0.0271893448494526
-0.732488400451193	0.435653822984786
1.32092184619994	0.95524882305931
0.532523767797437	0.263880408579206
1.42034491184431	0.46018446512664
1.26743963238372	0.540452730302901
0.5175698818385	0.461555056223881
0.749820743140374	0.305103989441613
0.62326313623548	0.195382080165285
1.37694451164104	0.813444568398379
0.0741288966992	0.0273019571630374
1.42336872762447	0.463841960726504
0.748523608683393	0.306221588451572
1.41753888493787	0.460075319194046
0.0904858053739874	0.029381864379665
0.6106435575151	0.27365586355768
0.0773087476816271	0.0285285176364431
-0.644388682715615	0.156611606851412
0.377155226397891	0.144972203014628
0.336867166798744	0.247248769320393
0.338976345901347	0.334675540925095
-0.260731588406701	0.299161364967849
0.336245249335767	0.522063773819973
0.237305263778463	0.455815871671316
0.349513495454864	0.777520783222406
0.197492261996596	0.358880557809165
0.105167634296144	0.16631270023667
-0.388539257071839	0.837701460201737
-0.0655257089291073	0.106105296549438
0.0601700476309879	0.0941244639672184
-0.0388598626214039	0.0519280665724261
0.572091164585041	0.558014010105744
0.825714126580788	1.03911844436149
0.332335827888872	0.241041570925084
0.699024345283001	0.508025222783343
0.0652463197092963	0.0295059558695612
-1.09647200112377	0.434525943438357
0.133925459616961	0.0333863221239572
0.082558098902597	0.0273014951400138
-0.000161480520598557	0.0000247574817006677
2.05857142180283	0.893475363865258
0.459868627727569	0.161415329046465
0.752890772068621	0.308559001730058
0.37339402759439	0.145575931370138
1.2660640649717	0.538984141591235
0.467259169041621	0.164195900844227
-0.638944530069775	0.156134678840522
1.03239840668274	0.859562011837399
-0.171229969314637	0.0691083285577146
1.78538408410715	0.6765180553611
-0.636519747219715	0.154206502671366
0.0902280582534896	0.0291264956694324
0.213983172461731	0.139863651479113
-0.970431519226254	1.21314460683231
0.216740297755521	0.149883469285214
-0.170557721663805	0.141473815802102
0.519811012050086	0.753980152386544
0.333538422009384	0.525618395338272
0.0262955822847963	0.0387613706118748
0.204953315432689	0.354177528860523
-0.229726079808238	0.400877098488606
0.49214436680309	1.15476450236954
-0.0569713628135411	0.0773186155809449
0.339969925989122	0.62328023504373
-0.179251808648775	0.309701679629939
0.602559887972448	1.03564334883533
0.255772936104959	0.269078507899021
0.22086798725849	0.210781441393329
-0.509911328266675	0.516148021629138
0.209343649848957	0.171278238633534
0.310557068775413	0.253245777364721
0.716147880814986	0.71141639600214
0.619754956801837	0.279927116906326
0.212095657151333	0.145512012877474
-0.446561706398357	0.427507308474243
-0.169449167601144	0.125390192099399
0.729478078451264	0.882579542960938
0.126383029021314	0.096092714255764
-0.632124453234418	0.575919241697261
-0.124835641491367	0.0794960415936489
0.306501084307336	0.324762208334745
0.0260741041633736	0.0260320403509204
0.308878231377758	0.365205493288005
0.17153550106909	0.199717294347531
-0.03962845058067	0.0484014558079024
-0.251357245158787	0.453792935415703
-0.0118424606196017	0.0157809411372324
0.254100485108973	0.377294319337694
-0.0719630913429602	0.0856876634976632
0.17695491692806	0.215936407919992
-0.143837212748276	0.174122703315158
0.46042237368865	0.737653475666801
0.146338375748966	0.17701650678092
-0.0976030846088682	0.108099369251463
0.345626884266764	0.508051214332907
0.112921360765121	0.113817686165698
-0.0898637019120334	0.0867164161696901
0.200669969231934	0.173351100468362
0.0527788474046517	0.039042820554833
0.379252081077291	0.421980202031166
0.204577933643667	0.168107409871712
0.114089461866627	0.0784273119181582
-0.527296137131335	0.48654759598548
1.16022697408264	1.28602601003404
-0.378570640384736	0.313068155849053
-0.468482958489016	0.373481665046458
0.11722622571762	0.0802192028033967
-0.510248903953433	0.706310363223499
0.60531693590194	0.733884432848725
0.76653403576824	0.915006009010618
0.882428546533731	0.989137003196736
0.257293409668263	0.237366039952037
-0.161017762003562	0.171359791529552
0.182459034261467	0.22953606003861
0.240315625827489	0.330451181619984
0.626627108266277	0.998689134110787
0.221157619720377	0.326452337832256
-0.0506513382472073	0.0641041510184107
-0.121113815095999	0.192744279970665
-0.166159875671949	0.271823270997424
-0.310442861787358	0.449520017405832
0.356314304343761	0.487118587719678
0.112017314294692	0.115469907572213
0.71677576879882	1.31046192851839
-0.0223068773300471	0.0206734527677293
1.12618771424853	2.13603703623801
0.157489386808564	0.177241467531859
0.137964629601896	0.160021233641773
0.909249703430188	1.60175074397961
0.159810534073758	0.153624099727448
0.253036272473363	0.35087838897623
0.164202962574832	0.216012351362315
0.193608184590515	0.166489483226115
0.371533784509869	0.48079084879177
-0.282483461900193	0.286215263201552
0.40230996477625	0.351231395566299
0.419807523565948	0.432925604907886
0.880518861791731	1.07653375232594
-0.181267206526103	0.146291094132876
0.0821876825656549	0.043561836455117
0.209635805668248	0.167173342246179
-0.0199919995125753	0.0117087990412099
-0.372168989825706	0.306738086976893
-0.12319533761409	0.128542520018859
0.0340710208656284	0.0286494300466898
0.443851257791465	0.436545537404273
-0.0533988155368639	0.0374268787541183
-0.614665133901128	0.76323005010022
0.515457267393259	0.890648998792343
-0.283063958112858	0.434699510638832
0.337612417348911	0.529000176031
0.0620050473902569	0.061594252849831
-0.513955469093115	1.0436547249926
-0.300859310546074	0.523464621018182
-0.191660889850275	0.358793403206967
-0.0677246046392619	0.0880214776832232
-0.0461720119541698	0.0512869048258109
0.540539945603167	0.697545443204163
-0.191039448616642	0.202783182224735
-0.34148592518833	0.407110782964905
-0.0156604670185834	0.013322753582914
0.204705217002157	0.195388010194069
0.557656499145839	1.24693110373587
0.0404737569505794	0.0495198385877775
0.378641471926278	0.504676200533325
0.536540909110171	0.695231205667724
-0.230786099115999	0.238841529662298
0.275126567536442	0.240647354470824
0.217865332318961	0.246203439348934
0.65426877461359	0.936603844856919
0.441316893816644	0.508561091825603
0.23939401184481	0.317381725758784
0.625115667216662	1.06940236440316
0.200106891019812	0.219622902823714
0.0579741183108334	0.0820706967066537
0.213635487885227	0.394848834556518
0.797240765505535	1.90854231505706
0.204961612461062	0.173130648211179
0.272255411824099	0.538435592202994
0.0450122434972506	0.0611527042299087
0.0103922224295518	0.0125455212316745
-0.334862166845045	0.512273905563339
-0.624632499768928	1.25811182282818
-0.421905266162625	0.600061618547675
0.426459263438695	0.573240985265997
0.226583739923318	0.337860726090623
0.0166203652976421	0.0194009763385495
0.370395042669777	0.48859064217655
0.594257930861305	0.809324343557396
0.197930088478756	0.170977267759063
0.389918057028025	0.50317062661375
0.334550343993688	0.418383830806231
-0.250271234665938	0.255936757145232
-0.276731078962956	0.300921037468475
0.2898773617572	0.3745940461945
0.122816522644366	0.146196476864986
-0.125733119212928	0.116014753326339
0.168500460959716	0.191120291035578
0.329162260089407	0.594066011425545
-0.0926992110937924	0.132594923354537
0.553423604013669	1.11817272404283
-0.056424193163868	0.0785282679306621
0.531467146857955	1.21771620709358
0.0402057168529126	0.0522700933318358
-0.35125773180894	0.798418087279639
0.254549789645093	0.56111179446046
0.274571740673197	0.527352182748982
0.156745345280257	0.162599830542137
0.969181520479865	1.66871593939763
0.516686698783308	0.461263803688778
-0.119837745792737	0.0917438685737061
-0.630952046760968	0.67134979174098
0.136929900936634	0.11679728100921
0.0340162842170265	0.0230139933041256
0.261415183359764	0.264955098814246
0.0887706622033562	0.144358390526483
0.0960337991528375	0.133840391737491
0.343231763520144	0.329579401787794
0.284863121681356	0.251595883372096
0.0555113867388242	0.0424471411032218
0.516949883181541	0.456897605696278
0.255357263980677	0.245264705118429
0.398180703774443	0.434355273748328
1.17815798785146	2.57496224534717
0.369641343426313	0.513662361524852
0.298760531776389	0.351281357992177
0.094006818086805	0.123879438625457
0.0171742684147365	0.0235794807020947
0.00865538412307082	0.00948756227330523
-0.107956045301877	0.0521199767469454
0.41792995895601	0.836758168954914
0.114020665368616	0.181842748333902
-0.0718985869519214	0.0878666776587359
0.38180497065341	0.752900832145176
-0.113140605713203	0.146070455896753
-0.106687803298973	0.135806397728245
-0.137238154361526	0.174699251878422
0.155880355692234	0.197842367942227
0.296679393580263	0.526092230397391
0.540781734258819	0.988911341381368
0.14786451808648	0.15042544488179
-0.244956085507127	0.298531422824344
-0.0839392340623669	0.0872579908948463
0.048384932496392	0.0439026191882219
-0.0271384383159469	0.025082767925111
0.0927297129530616	0.0972471397291686
-0.134006851339427	0.151556834647885
0.417425047584415	0.56911906847797
-0.254744922960914	0.310027601335998
0.628335526317744	1.40196759474871
-0.312504155707825	0.512611067152999
-0.210469044922321	0.344776425469369
-0.110391205654464	0.14459238706323
-0.409443709268964	0.683425987300649
0.444565457858104	0.863648804508196
0.0668451322299735	0.0895181254148176
-0.137113296840573	0.18957913756726
-0.22262641605429	0.418090112280826
0.222391519024023	0.407802361688149
0.4443819961058	0.891808525644701
0.781714577435749	1.06706730055598
0.427204194006851	0.352901474281756
0.653653623481774	0.684303558106275
0.57319563521095	0.562193426096611
-0.459071188429656	0.365632994908399
0.982418903010711	1.30829196755454
-0.37755264046489	0.313502544907799
0.212963127206672	0.151956028354639
0.27691490469239	0.569252179776475
0.287574841386442	0.494408550557221
0.113242327802766	0.161305842797335
0.207285424914935	0.148511316285099
0.0190414326202153	0.0124096836688637
-0.910377940781548	1.08746406421528
-0.787959947460849	0.690914767240754
0.346161504131126	0.237376642142115
0.605378415056144	0.476359233832802
0.553820377439141	0.55705598659775
0.909320145422097	1.43376463159302
-0.0916483479519579	0.095206528763587
0.36657244383062	0.409588041488786
0.25720470093195	0.361711196039742
-0.192001453235909	0.254423595899128
0.278645299128633	0.352243547079588
0.601437086220963	0.575317600492542
-0.00479338990681614	0.00525196808573632
0.155593937784803	0.224436860273239
-0.208602490914202	0.273641796011342
-0.0415471570053547	0.0421972898944644
-0.0638035447457794	0.0512524195245899
-0.0898018485865556	0.0853483907016897
0.271327009523597	0.372212223498646
0.301031412596667	0.353163327895332
-0.0762870967917306	0.0595476417569847
0.462652358922996	0.52544806010211
-0.146584131913485	0.124650958430651
0.016858449939086	0.0137702221319498
-0.346121969707186	0.312797509472661
-0.0189428640866841	0.0138991243714642
-0.005286063366404	0.00501955795677389
-0.215014300911093	0.252650207535798
0.679003116605075	0.849032560853633
0.439141188473418	0.5031663820338
0.0843015711736231	0.0931021266187435
-0.0271567202357204	0.0301893644208476
0.162525405172232	0.22836699219229
0.0804892697695569	0.102575750672808
-0.286232331445068	0.399628984455866
0.0843501006328124	0.10991919292401
-0.288272326329308	0.460783511912474
-0.318960231640748	0.645820242682869
0.570475916399877	1.01081028843226
0.603952706104324	0.731659913521774
0.365335161975767	0.435068900743902
-0.164394075549805	0.135577476327415
0.134045122722728	0.108368077624362
-1.77319687650293	2.81140020772743
-0.295671151044449	0.276196045591209
0.343211561879153	0.326040660755006
0.632660980017921	0.819722432549849
-0.390643658138565	0.715068675834656
-0.276322110152166	0.404136165875472
0.169922775651992	0.244309206638304
0.856615032004212	1.28108394962365
-0.0541964090119196	0.0434976646366085
0.60622446377031	0.578971190374334
-1.10426011411754	1.8160732063444
0.404836434681379	0.42500594082805
0.828461080682445	1.0445265704499
0.763917773047424	0.913474082794563
0.748359377778959	1.63442866316262
0.251141649449044	0.296303541318906
0.160196618429655	0.17608841732439
-0.36292787738903	0.448507229049791
0.416305438180163	0.597884484028037
0.75925096242205	1.39260058522799
0.563762009265692	0.638059351641329
0.1192173232937	0.130608591621695
0.126512168600638	0.196136929787267
-0.0302436448981255	0.0368882205452159
0.148889616526914	0.136201925831338
-0.00240945733051427	0.00224939106314305
0.697301313906419	0.710241887397913
0.294228372338415	0.245842235902992
0.263102606464474	0.433346769835022
0.250145907377953	0.39727023773855
0.247477003576081	0.253073781367571
0.418581186113672	0.418044406700373
0.0908936238429031	0.0862433851312668
-0.293325686481869	0.372299174607894
-0.454118012732897	0.439027074792522
0.489588400672868	0.447067645844116
-0.268141762075467	0.209225119015013
0.289469590713124	0.238302796972824
0.554474436853239	0.558191233204007
0.396886940113974	0.55609426275657
-0.119969736681535	0.138972816830587
-0.411876758786103	0.366780531083867
-0.19043647519366	0.133980029597751
0.760269382155029	1.31511468161397
0.249756856628488	0.382022401299034
0.650673651755265	1.54425627137231
-0.0788325700364516	0.105803506803598
0.330086736674122	0.451894835475837
0.379070515465761	0.721599095590993
0.167569294217578	0.22893951584972
-0.276935643187453	0.487050789558757
0.257678088518521	0.371684740185466
0.0477758945561753	0.0527854192290386
0.0969811639175831	0.108941718796174
0.0246313630184944	0.0230422868151824
0.314077690016898	0.335973898906918
0.143624395647954	0.129131442767265
-0.00973896749018334	0.00926556859998296
0.303447739833949	0.344728075392833
0.883065680773299	1.76963737370085
0.158490063804919	0.170989911906054
0.0110437869880441	0.0104483073625954
0.0822082026598583	0.0860963206025753
0.215323415920234	0.211379197861641
0.0851134174279271	0.0750351856302793
-0.302056768817195	0.299568043872658
0.204563959593936	0.191276490578788
0.0890895585364784	0.0763966417248722
0.268557698142272	0.254780853288758
0.255654298496824	0.263936799367776
0.202437226796007	0.253472465494096
0.518670351917243	0.780529079811544
1.07758490956043	3.04891660444351
0.974380399085631	1.96453565746276
0.28697848374263	0.352068268451797
0.255356050614351	0.326759469803235
-0.00316807261809423	0.00324882137546817
0.0297316943414357	0.0301752823829553
0.592244895090999	0.891063182203148
0.386238182909314	0.659450073215262
0.0805759044747039	0.135346372160562
0.0866133979292581	0.0936726310963562
0.105564507824555	0.160212648756217
0.0990092119316852	0.130444150669152
-0.065886300436302	0.0686598834627277
-0.183364441734673	0.251879933176681
-0.154469502154638	0.113801635486584
1.05169894788562	1.41408618738319
0.0768673128799982	0.118765619734788
0.00833661635969168	0.0105927659457055
0.34237075222736	0.441155986971125
-0.298900987692138	0.279437279951373
0.137285901096811	0.155200008515133
0.168030101678024	0.186143171473017
0.129876897234772	0.0980617848077324
0.353185247358766	0.34248164986263
0.307447053222824	0.249978832293
0.0848294026321994	0.0747077439738254
-0.263315945175387	0.228221976689653
0.894921731391727	1.34910653985997
-0.00920585754045802	0.00947933427467461
-0.471173476506862	0.850175641839196
0.347926621751841	0.336186680612523
0.125317965126709	0.0973422020769323
-0.000335767312292667	0.000359362238368371
-0.583139473925056	1.45726868724502
-0.509529586821301	1.25202594508414
-0.435258052898012	1.06423142230257
0.48932136006815	0.734011517569209
-0.382845996588024	0.854557902332427
-0.0766919687954029	0.10758411889477
-0.27302210244393	0.618755269583599
-0.00783945521912787	0.00945862287155409
-0.0385435711420627	0.0414305035820978
-0.294208130862418	0.347189269151488
0.870667655127277	1.47692034449529
0.293337548868199	0.334471507711654
-0.155268807549384	0.153046784647932
0.353776130933589	0.429046180506359
0.520927979788132	0.732908512816303
0.0706280337188216	0.0708503813761769
0.01530509770398	0.0133160310243031
0.56997959442679	1.22066980077548
-0.0226372501097386	0.0251166041147735
0.91447549601408	1.45772649430198
0.563091110333806	0.850445810023751
0.320107133704369	0.326005370838502
0.283607573179707	0.255160638580305
0.555767031652658	0.710850009890025
0.930809061170083	1.5610887535719
-0.190364885262165	0.169860519250461
0.443103601089869	0.510046570043731
0.0696986962758874	0.0779840052270274
0.763561661322447	1.06700600670224
0.633901812169723	0.676716736665469
0.881316305776754	0.992209350563739
0.410874648109159	0.419080907165258
0.19905473273309	0.189699550632657
-0.225312303752362	0.264148935030807
0.207206514644897	0.19361133899916
0.474201452855369	1.12914045331716
0.0637368957247597	0.0997453602264478
0.765086819745305	1.61236669050862
-0.955856407737639	0.963210464434695
0.148854328855476	0.242954194590451
0.492627242368309	0.986025626057163
0.146151659825563	0.229459640291458
-0.387267966637035	0.976799848650157
-0.16984328743276	0.268808380611994
-0.0172500442536348	0.0238547382577108
0.30164558426902	0.573443882894892
-0.316648759222564	0.552006488704761
0.0229310168709713	0.0315390932331965
0.0903045134533078	0.130384526866134
0.225643982297204	0.343822874598661
0.25729970205968	0.293879430512226
-0.146564907287953	0.18421887080103
0.0673019344685815	0.107426008675805
-0.301257296864378	0.574572178643243
-0.258900788301207	0.406724190916305
-0.0741425548329444	0.0866226407760484
0.0400560561942771	0.0457531702740019
0.423239911754779	0.82170688428372
0.390203409672595	0.670230594307827
-0.13537290575716	0.182867747190911
-0.0306579359385999	0.0347619562061843
-0.235306191892641	0.401725592089798
-0.290686451606626	0.404017241064867
0.537605972288472	0.928186347185185
0.0439831418309766	0.0619879285801609
-0.258278084814868	0.509000201143085
-0.128422838538754	0.210328389326692
0.244199513747389	0.460358628648381
-0.37398768749036	0.679678374589264
0.108519402355009	0.164661456836825
0.231629841615449	0.506022418830257
0.545064352655339	1.13630582926544
-0.274981361497304	0.591588508040425
-0.00545074510669917	0.00734537405683364
0.027656854725772	0.0328798857831992
-0.0670237647430057	0.0365855117003924
1.94639802338433	1.71134756151954
-0.378174356611703	0.279355044497557
-1.80937766594426	1.51438912404011
-0.117588842417617	0.0568376532129833
1.00776058721908	0.588930565379961
2.05139909617373	1.36159046835244
0.213301757883055	0.165724940741817
0.099404220748222	0.148935574420589
0.182910349770048	0.256920053797274
0.306954833318491	0.538553747839336
0.646523216757518	0.498656155447759
-1.03043851563174	0.635839190744002
-0.267767159829895	0.1442761985849
0.0761317946549055	0.0278872576785143
-0.423736310465594	0.258618668970153
-0.085390149948006	0.0440976494694071
1.31472779502482	0.955336405326788
1.02597343727312	0.834127972441047
0.574718244198754	0.859497460608813
0.408667604563852	0.800145804020275
1.50804178234093	0.728388309702657
0.513693973639226	0.451339707910289
0.711730488585091	0.614143238392607
0.911119667922439	0.688377189917769
0.57269997878375	0.474432507004413
0.351805673876513	0.24526344227751
-0.66434180310812	0.699503554425182
0.390866147900493	0.341554930660887
0.976678707892015	1.43184262105333
0.593290057173317	1.57954063368537
0.098645372113763	0.162883628144003
1.12140303208023	2.73048587717719
-1.16590615448339	0.351201143085869
0.474846145427869	0.913111333760219
0.614258251870015	0.964952578976018
0.424406151326392	0.494094838831354
0.325627048805614	0.465610365391106
-0.30907578332306	0.767942033631262
0.758398644404602	1.96497767175389
-0.0487087221646092	0.0663523473710758
0.0887196720945237	0.139570353519645
-0.0674717042719681	0.0905809984165799
0.199669244024813	0.416893694277349
0.28194188195554	0.646137792156773
0.185657867669904	0.346646210861696
-0.141290140612012	0.15473465053729
0.0260132684330694	0.0175883377243817
0.378406399846205	0.519943109949016
0.537810862878074	1.55905047617791
0.0535395855271519	0.0789080325210513
0.245843218702764	0.432129780967824
-0.0549228709147547	0.0688828039872076
0.0595916966004316	0.0796478503035653
-0.127233043091978	0.207818807613802
-0.239398468465855	0.393254893082211
0.220080444319347	0.373193514640634
-0.251145559243975	0.433947761884851
-0.408646081459381	0.964405879827485
0.490087124147372	0.873593883663182
0.135159059276025	0.156305248783494
0.0148817741427429	0.0215400887022072
-0.0467111762670704	0.0758050742415954
-0.0283167383566559	0.0454578370046102
0.273149198683165	0.497999722023408
-0.252857225531125	0.311050682113571
0.204948979948305	0.32154975302927
0.289550986826663	0.680341164976386
-0.0917065316941347	0.101395732329367
-0.128679806239879	0.207600503300251
0.265968068735582	0.401166484253087
-0.304838253624188	0.430634946378432
-0.220627038373156	0.0807145257385107
0.0745512279799134	0.0274549848670125
-0.28335898254768	0.0926296422532306
0.626057398278677	0.194690437073751
0.31779719093561	0.13704953791404
1.26548451956171	0.542796260351392
0.287687140173443	0.134410074980271
0.0438708179420003	0.0623984527841844
-0.00916861436254849	0.00856260820912827
0.595644398429903	1.08210228603838
-1.05669029578144	0.533230191034513
0.380100203569109	0.145189215075118
0.760246896077538	0.309232502972249
-0.779374022118994	0.270566801509696
0.0868053659238649	0.0285797585746745
1.37939826194867	0.821327298216983
-1.23957062399781	0.703858738136818
0.464318818128795	0.16335416808787
0.51630395277807	0.54228296526301
1.19201389992416	0.621178193459724
0.83721154528987	0.960320692048893
0.444775944952081	0.346304790202995
0.663523750961258	0.596505172577345
0.243720399608882	0.124716100095416
-0.301873698471558	0.282693139818692
0.217397923410801	0.186625322677747
0.367873165058119	0.243775365214718
-0.30064792963238	0.468363044361122
0.305073440304674	0.621103107086408
0.299429616474729	0.388841332412644
1.27338433366604	0.541781692948465
-0.160575908515171	0.207477076231308
-0.185708980840636	0.207744761012512
-0.42989162591803	0.498565717797144
0.281958850849689	0.391199487207183
-0.0695682474225353	0.120133232472732
0.222289677435278	0.383507656240026
0.0962827383178754	0.153186222888665
0.495437744676999	1.24089345079591
0.194859508593629	0.323394999482558
-0.13765498321012	0.265596486854692
-0.165853382881301	0.309678559040316
0.0503208522496944	0.0708791445636016
-0.342747351676492	0.457524801566017
0.552938047973532	0.633164877766017
-0.197496440731652	0.236344793865221
0.0646322125194583	0.0988938048618652
0.14611746953592	0.24762127177305
0.203042132526784	0.3235983132657
0.585034637219536	1.32379969599172
0.205030073186997	0.325554147107771
0.250430663399206	0.46977130228621
0.358148129844521	0.762623159082563
0.0108842242092446	0.014628690827012
0.529618900332425	1.44963631452087
0.439512205088054	1.12333390380517
0.0324085685546074	0.0348486129434734
0.166860717233944	0.227319160202724
-0.229892799780667	0.454725185387225
0.527549343648193	1.72479398036504
0.258505938319982	0.651420738056495
0.297472818248417	0.562048566512372
0.127680377134342	0.156538522544389
-0.393299617701964	0.688116593378403
-0.27558702345851	0.621316014904051
-0.493304095444711	0.893338180086135
-0.776406692620263	2.23467853748302
-0.224283115598239	0.362927826677491
-0.175845031238671	0.198394145296737
0.0708251224609267	0.0256636581981686
0.0730326272606839	0.0360242612421702
0.752983662535768	0.309028918061035
1.50675356865316	0.731963105910918
1.0071341530565	0.58930067628041
0.326587583779742	0.596853162620966
-0.0846101109752218	0.0891799578224968
-0.00905464957453876	0.009321108607316
0.996476567092237	0.470257234277615
0.101361210294962	0.029653942309968
0.081873967870621	0.0269399899837952
0.324466760812789	0.139800965814163
-0.778009319790352	0.270609365801523
0.0812885959586035	0.026714302291967
0.979355101933745	0.361417741562922
0.689037018199683	0.695616169290566
0.758615814572609	0.723141180488288
0.442523574099855	0.351424755148601
0.943148601715698	0.821143133082274
0.0938176433275162	0.0588931128739274
0.640556434501223	0.750372447491347
0.50736726854089	0.604209271700213
0.0765904239887934	0.0623537250034063
0.527658865480878	1.16959746262796
-0.136530912302645	0.223570122629395
0.158190845040266	0.196696485260402
-0.867129357146185	0.819816708204549
0.173250748771767	0.277684342337806
0.349051882908243	0.648731897664082
0.469594862260502	0.898096134337017
0.324873505630171	0.670998102102375
0.211468176609351	0.498023831668471
-0.0420507375779517	0.0666607009765313
0.0104497773239474	0.0160973576586651
-0.0654528779127583	0.10536994469811
-0.133267466812084	0.216446701506698
-0.0977784921080999	0.189300703637651
0.137336059736518	0.248723556382159
-0.0943317463285794	0.173241346237102
-0.411966363850596	0.919725161767353
-0.329890439318002	0.576159542267226
-0.466824340428758	0.969434460277099
-0.0482312210535646	0.0806758893453446
-0.325964419892361	0.774955483188795
-0.448227563474787	1.04893472462414
0.261380253338743	0.502167419230784
-0.0326099583957058	0.0448187171723161
0.378967231710224	0.92430803151158
0.39697124139174	0.863402267442529
0.0946367595067273	0.156176644030563
0.428275708154521	1.09943598408183
0.131749150646353	0.227230767978901
0.291981007172742	0.550894710454775
-0.311332028869317	0.630971887049596
-0.450319691019032	1.21499462299992
0.316073603408163	0.827044332363392
-0.0874783847355515	0.173658992142262
-0.0724126854766292	0.117322716153763
0.057920891928615	0.0839403865914802
-0.0165519440193759	0.0244729397243469
0.0258351592412398	0.0443115315736131
-0.518086897624564	1.38609712259895
-0.172736904147512	0.312368429325339
-0.159628412439851	0.274459754208241
-0.0422008876874999	0.0481182684743204
-0.685022246330539	0.329803893330294
0.907955193301942	0.686130870438057
2.32575611174659	1.84896512754265
-0.64098531148783	0.408742648972782
1.0071341530565	0.58930067628041
0.0702953306776257	0.0372756270226649
-0.114162661749609	0.054974485260701
1.01407560766511	0.718161916594596
0.711021165986809	0.395256488243057
-0.64015418225369	0.40932607735641
0.239001271873633	0.133547059129859
0.65292520122175	0.827937261412762
0.397105813894592	0.348493801293445
0.138763515956822	0.11871424210043
0.255802375332573	0.301835316976796
0.139153061030884	0.129749457224425
0.0403467988623572	0.0292046306663198
-0.245535448376026	0.233262888612301
-0.456751332831177	0.693167541836789
-0.531179912893783	0.972603126049753
-0.798862558708955	1.50160168870555
0.269265069008447	0.254473744187318
0.0619459406033184	0.0785375765362696
-0.043409436850812	0.0715426246925415
0.0142543336081617	0.0224191041555954
-0.0297854612324391	0.0493031569718708
-0.804307530151363	2.12185342819316
-0.687737760664106	2.17659043025842
0.12760627939418	0.209319037366374
-0.311851059074942	0.600717335886506
-0.20806187402158	0.393884409243572
0.748827013384667	1.38861964304039
0.142286846306689	0.152103855638667
-0.353314834719513	0.617375309755155
-0.263303047265914	0.663161126788695
0.233110031408346	0.561129002032441
0.168035950723421	0.323605509846824
0.275611530445758	0.475898490458905
-0.186857233392772	0.231126254272914
0.0109884973044779	0.0128964174567151
0.236177969063634	0.311409008255771
-0.325046051602277	0.508884275215533
0.281950958500866	0.38119787468039
0.518006076740151	0.692847476437343
0.468105107355636	0.839281412870755
-0.0317526255846554	0.0300313643138305
-0.368329384451565	0.555670376718509
-0.102107144270218	0.157203379170407
-0.36140474452966	0.844577201728337
-0.233318301593778	0.296160737147195
-0.184961499562858	0.228273265836603
0.22539134445574	0.363512832519966
0.229654910765132	0.519261330675455
-0.0767441028125151	0.130502276137163
-0.133827154300846	0.264835308250061
-0.233399483661091	0.419522132628642
-0.53359756000099	1.63338674813458
-0.524830831249383	1.40948603549327
0.117318681703969	0.20005662375695
0.646198742873306	1.33107314325603
-0.148102074036859	0.137228300764687
0.214343805002544	0.142358318771126
0.498482030613869	0.455609203873675
-0.324411969263059	0.243197534966283
1.09175862164218	1.23923601394831
0.0502347621570422	0.0362921180919307
0.399948514465242	0.335351761190788
0.209110936365078	0.166291125531114
-0.073381445411319	0.0398841566889249
0.291966710434069	0.23948795621548
-0.00824097353175983	0.00498729687911227
0.475845223145414	0.592345671676599
0.670341804891247	1.4455273917838
0.512290832254069	0.537099246402929
0.903641043102813	1.35741802302453
0.195431579984944	0.19917708834145
-0.352481331350429	0.370684242173009
0.751626125225304	1.14582192926434
0.0225672038377438	0.0179733507919931
0.601249760494839	0.802607221302207
0.118861817888975	0.146801626556306
0.422924005838143	0.739007279792065
0.532994128448237	0.783240711902895
0.407265989109088	0.415674390251087
0.179427209638114	0.262166902291813
-0.294801143406624	0.693276881475904
0.175591225937349	0.343521048086786
-0.102355155481548	0.180656742910157
-0.285389009848831	0.530611726812201
-0.628751141497024	2.03040059965674
-0.502565612659112	1.1503884319571
-0.410185066790514	0.80374367100411
-0.132867221677439	0.223122934397143
-0.125739144819743	0.128589242782637
0.14988346394765	0.154042877679393
-0.167671798754602	0.256799340779901
-0.237252357900081	0.581867927115678
-0.175236817467615	0.367434521986305
0.0358012009657982	0.0593906113845243
0.0150566487530059	0.0182614833370867
0.0896525556206483	0.112621654542046
0.121613917872164	0.156961166351153
0.317231956502028	0.548434585237551
0.0957718526410462	0.104066283789524
0.0687980972530123	0.0743860425556767
-0.0995368327662323	0.100920157605195
-0.782579321889601	1.61441924505432
-0.872224016221262	1.63898613867472
-0.292335717977664	0.421669752084667
-0.00676617637975884	0.00946080548853102
-0.229070376401196	0.44053358926305
0.10212976770564	0.124694957836246
0.206025759119666	0.242236898493589
-0.28866750627336	0.543346252910455
-0.0126379941081641	0.0201430805864497
-0.164311334860558	0.317754453519864
-0.549477063132738	1.8705910419733
0.00172151665839113	0.00225109592730656
-0.474901397474851	1.4757937393364
0.142817238806809	0.240658568421951
-0.396744687995448	1.0094996199161
0.27524766380286	0.395083130969364
-0.0708270128222092	0.0561093847896274
0.959652715577371	1.32787338456352
0.299627862980897	0.251318041449048
0.077780744665891	0.0437962670741394
-0.408637228004678	0.287388420838887
0.511054961737434	0.5440744248991
0.583901061047659	0.571001955318112
0.567922540324356	0.470259174051975
1.24207996245913	1.45751004358275
-0.0759063373174806	0.0521100574887983
0.725578000321732	0.725150165137856
0.9168209349218	1.08919409314978
-0.448548341968753	0.430636601971351
0.561353552639927	0.565517466592997
0.766208835957355	1.13281095485679
0.0497749528985762	0.0539099129707928
0.652925606502577	1.59458002674282
1.44436222867556	1.57021248403701
0.336059339940852	0.244218491697865
0.539054459090812	0.461762902378353
0.295651970444363	0.237321683384693
0.454268048600465	0.434493015323806
-0.202074211613679	0.144222017907795
-0.332605291645722	0.3522083884602
0.679326359150487	0.939119157876708
0.600208030683669	0.648725785112307
-0.0769396575923114	0.092165584600255
0.417390030973545	0.741856209389118
-0.333855600935941	0.39582275242255
-0.280306399935431	0.152727528287784
0.0243012824194748	0.025467414640349
0.180936263289717	0.277603271564734
0.179141213378514	0.25493549265639
0.201797989015816	0.356144374176941
-0.278043308788661	0.551668355720265
-0.127102071071549	0.202926770749992
0.554304736522817	1.50605609932323
-0.301050905751004	0.611359304925527
0.200444764903062	0.313932286186212
0.0848971423053558	0.113682414534843
-0.135371096280588	0.188063951856643
-0.122525786588205	0.173086617763416
0.200831636460669	0.325261611669348
-0.224762581349057	0.385187329129414
-0.170490136964194	0.283207017042724
0.435548668320456	1.03777122508942
-0.336377533491655	0.624770791933867
0.354123030812368	0.671446838479985
0.434761170434319	0.725533449191749
0.371588570890194	0.597890874354954
0.0156680010452526	0.0180037114066087
0.22908886171569	0.306887462654217
-0.304935706556618	0.533077614033217
-0.473769505625376	0.863399049879011
-0.040066769471826	0.0476669633994437
0.0749587432284114	0.103624298476576
-0.114141641795584	0.174140609037658
0.783243122462401	1.84720003859083
-0.0228935329658058	0.027949025867723
0.429174993899624	1.04167780385084
-0.0385180336396607	0.0582193981300049
-0.227080869223983	0.366340231349289
-0.140709043264845	0.211478200019841
0.0309281618811614	0.0424334955231463
-0.0262819602610236	0.0319808478692849
-0.00903190133171041	0.011719190624871
0.0889865351140209	0.131778301657746
0.244184040438968	0.30048914125266
0.558693509919173	0.36497301766597
-0.198483325983215	0.119709683157733
0.100017730373204	0.0598018074517077
0.414949208511648	0.244999864893426
0.77054754592353	0.643067664410703
0.241579354600589	0.134649479159783
0.220813969969475	0.138941904801784
0.333960739687775	0.244912552406291
0.255631568880429	0.13292017991812
0.710232259544852	0.397307990079718
0.259109235256188	0.134411900730144
0.365495893410049	0.241552705941023
0.270897467001365	0.256495773967071
0.72154428739303	1.42917499543011
0.462311202234845	0.352750882833046
0.367031714180781	0.338095099338728
1.42234371818835	1.71787268861522
0.059500402266388	0.0457691573760178
0.0804369020570303	0.0690737003441133
0.596494438614203	0.647366313911821
-0.0676052722021394	0.0826786503802943
-0.169415635079874	0.256902137921069
-0.455028114764449	0.673606660914658
0.76083359130147	0.309662508031632
0.157541656328109	0.23316618719648
0.103189515020944	0.134971890717828
0.236037671416429	0.340026265319523
-0.159474112422415	0.261069811105354
0.212668554089417	0.398479353537469
-0.120023731471765	0.177229665317205
-0.321872608721292	0.724623399139617
-0.339195486230366	0.763565934952995
0.0138354402756456	0.0185046163852208
-0.100767119171394	0.165657327997079
-0.340338186753273	0.763591735929626
-0.0396400684515257	0.0589957815271544
-0.0368031413869694	0.0482077415213068
-0.424705998147998	0.719404433798466
-0.457358153866429	0.918104297837698
-0.118279247824339	0.218232226948694
0.0663271779364971	0.0975130487199946
0.170582306593095	0.269669685748256
-0.0533315713684838	0.0677195116521451
-0.203225653696493	0.293390576981258
0.321023433539963	0.652012279688573
0.221167686435386	0.330500624291304
-0.000650076801328513	0.000848170950522652
0.491764164983896	1.08919953860627
0.195682504504966	0.306793312976642
-0.171166928584304	0.299842497020489
-0.0828355261313915	0.133679221027749
0.083424886630305	0.13853590871925
0.0576908967306677	0.0903071751941848
-0.483891969493311	0.92277498203855
0.184908981315971	0.315391895546271
-0.0206088844300051	0.0295482364095617
0.0229377849663721	0.0290654636695598
0.4310842526715	0.853622590603484
-0.173666762880395	0.262706307698261
0.673413474618798	1.34839048584086
-1.26623425118016	1.2654762124124
0.691592397863843	0.494792460378132
-1.24330347553766	0.707661196276393
-0.782887171568596	0.69270045886521
0.0885683082754136	0.049303999750259
0.508522135190274	0.449786465882336
0.324387169701174	0.244979341708888
1.63490314225672	2.02881807812251
0.763694051000578	0.631071419032844
0.483500774693099	0.353696691085286
-0.390672072698808	0.182808903941664
-2.43180811980959	3.05011120067679
-0.843456212182798	0.37288570948345
0.430512136495963	0.504584799753346
0.541311410093652	0.535196686374026
1.03478015814385	1.30286465201271
0.669134272399253	0.763863995918435
0.297994861490689	0.244500349958045
1.00829402415109	1.46456509294631
-0.330096689973109	0.278359341540733
0.411252604553809	0.490466364296495
-0.377231904846371	0.338502465618139
0.262731625551111	0.278280742636447
0.244551701366163	0.311770324937851
0.279920826688458	0.383280345381839
0.714264673147239	1.02867224468169
-0.208878655990405	0.168600659739913
-0.507478216234524	0.803004787258086
0.0544172041397983	0.0751440239163445
0.315498075422456	0.665368962260898
0.0892449432074014	0.143665314440086
0.369992456318977	0.664600988105499
0.274754497821447	0.534566159570875
0.150118597542851	0.246405242472214
0.0218877163368388	0.0289217545761888
-0.100741886762945	0.152979222873964
0.172173674894796	0.214894687847983
0.310027285578581	0.447035788621056
-0.047701183950291	0.0575155179785505
-0.518824212552817	1.55272861284231
-0.0246685222967135	0.0384713468126791
0.170609456398819	0.303502006679984
0.383209060357464	0.730539378179133
0.156097689762117	0.201718423555957
0.454049633630078	0.843393347396688
0.440557731570265	0.73599177004292
0.466343898261751	0.857506091288214
0.412253553624547	0.611521867837237
0.271883703017922	0.300474524160372
-0.331745515706989	0.495609574853741
0.0768975020720218	0.0909073221121307
0.0722258569956851	0.110837461127873
-0.170011436625549	0.2198250597925
-0.217152000126901	0.227530078575825
0.385368746681459	0.778483426587923
0.247025833505675	0.50888814978208
0.319845456048096	0.647904233802262
-0.143494278801243	0.2388001439086
0.177776777384871	0.258980426541541
-0.104430365270765	0.163702149931918
-0.0265106256278585	0.0323584721745148
0.459265105220937	0.907935812491603
-0.21308363100147	0.264492060139967
-1.19322647947869	1.73287979139693
0.455237013512133	0.345649491381075
-0.527574864880717	0.495005404392856
0.623254010526551	0.744367522680614
-0.184994698804745	0.133834242497882
0.457273970797987	0.439236252565499
-0.625053571809061	0.78436162749316
0.605481305941758	0.658254088225472
0.646808399764387	1.15476479651053
0.420280176589525	0.346678493480337
1.16210623825382	1.39864668656399
0.72031552960156	0.711445509553028
0.469019953234503	0.439100375071587
0.2561379182936	0.275424785834243
0.732781123387329	0.813748298091366
0.575485912163712	0.63407697876989
-0.524030856414941	0.605324064707105
-0.359762146043796	0.378654141414047
0.207654215549507	0.170324831351994
0.224309264857222	0.147692079865553
0.467526270003466	0.499183447210541
0.198544385064034	0.209623928171692
0.0593266338915017	0.0546240520366765
-0.247557261555398	0.213634528476145
0.222938834963295	0.139942884028855
0.269871197406015	0.348857854188433
0.0976166621167549	0.150157846203928
0.0359361194989017	0.052375991080944
-0.303160124108003	0.628893248785484
0.36878245984609	0.652221340400467
-0.247783339076002	0.444646851058045
-0.118696002541153	0.156308963005037
0.036992891522429	0.0401429516416453
0.524800150316402	1.09285112166459
0.197516701568914	0.187433402020558
-0.0861019356448097	0.0690012146626822
0.686093498099442	1.16618305921359
-0.129365572127353	0.244740809311939
0.0906104966987768	0.167612722083231
0.319141755440059	0.701343819780371
0.320435695928586	0.46355308145584
0.632306736400512	1.04815199816829
0.19193972176051	0.261983274605448
-0.198987556316084	0.255882850352015
0.0059950998096543	0.0047002555892182
-0.169835948290829	0.152339688109334
0.445201882896888	0.51473719319001
-0.587184808037277	0.869698860245511
0.354765803546726	0.441436984711955
0.261580880335564	0.574753384404182
0.200045130908858	0.354240327369851
-0.182620454957609	0.299175830222562
0.208768791082504	0.279082127882381
-0.587485271307202	1.62444537121503
-0.200972607352751	0.305973450770606
-0.00434166145327659	0.00544620246649675
1.07308633627202	2.24211051649336
0.968721250213582	1.41092222109732
-0.189711416354395	0.155193367178331
0.199840184116635	0.15326150856864
0.742753082431423	0.895948327255494
-0.23663649974154	0.188393539794732
-0.280187715729675	0.240936304276928
0.44407796171377	0.436539936939479
-0.0135277853055284	0.010168656214536
-0.168708750631625	0.166958212760298
0.281011267852695	0.349379434813158
1.36036882453643	1.41360516597738
0.326664584767633	0.247435384765613
0.272357326000192	0.251760288743187
-0.0537222146416073	0.0381785237223993
0.134767571366201	0.114622936788046
0.417138511711008	0.355677611738465
0.129232107072625	0.107157858673421
0.574941244095579	0.937075089805164
0.310394280497327	0.51676413259643
0.333055731238105	0.436592624975298
1.52785056697527	2.19032932590334
0.318042198013175	0.551117312729551
0.175568473010829	0.286457670056898
0.0662760036837381	0.0925949083821232
-0.144601134256155	0.2306753307198
0.127627947889428	0.214752986062092
-0.0413987829075816	0.0561747499601258
0.204447969279604	0.358175632027479
0.138091821164968	0.215657868155511
-0.0994034107104886	0.152463689403686
0.296681289152639	0.452179601583879
-0.0430024248093655	0.0421191917388921
-0.060458515180307	0.0840388521380868
-0.401980778157901	1.01135645284716
-0.265518559367264	0.534732767475855
-0.448791110122532	1.14641257805277
0.117141544051335	0.176862328951319
0.789500765859821	1.65872613020556
0.512798364820967	0.986060025624304
0.254377706956522	0.426470833337329
0.472964546703461	0.894289637719301
-0.139357279952239	0.182536187364862
0.630409426966218	1.06782095098114
0.123628530199621	0.156912756437699
-0.431540027670089	0.827167555472937
0.266470840358791	0.403413737172489
0.377874859261687	0.80518121173629
-0.0784314257504113	0.112327069482359
0.16182411203839	0.192392130421316
-0.0832229811994586	0.118053856359094
-0.216089975931108	0.394529692688659
-0.0921722667470503	0.133241906250495
0.0399006435585197	0.0542241993248853
0.169671649181186	0.20306911145459
0.319949766106874	0.251872663319885
0.0091877957453874	0.00569240012343306
-0.265513830114978	0.180230614970233
-1.68479644088006	1.28585425773255
0.416300028012636	0.242046789315229
0.563207533263499	0.46588358652916
0.0248399398559141	0.0261898482160521
0.380197948274997	0.412402589667274
0.665391936238871	1.21955470942222
0.727747622376639	0.872716733153779
0.307050574961093	0.35752808952076
0.449380918740096	0.438741115660791
0.255236692535924	0.263863803477447
0.519649125371579	0.462148587991587
0.114644399577012	0.136493739964739
0.22511673655262	0.317021503780928
0.296617574082167	0.358079982886037
-0.586105459028319	0.445352989890803
0.216082415713534	0.294894645708225
-0.531739246079406	1.0749262640814
0.40227508192625	0.77125189639107
0.0700756944944469	0.0937227635922505
-0.048518195859748	0.0702836480195285
-0.254503565553257	0.440610169290914
0.00650315194437697	0.00909249745009048
-0.178122531476732	0.303206071360567
-0.287120669535154	0.573776766706132
-0.327257054282046	0.592269536692595
0.102429841926897	0.136708718471273
-0.224140697939529	0.388235579335862
0.0938507747503454	0.12941930227723
-0.00706116543645655	0.00953114205705906
-0.507043346258211	1.27617901019378
0.159148473598773	0.239424064659962
0.109469784263606	0.151359594869289
-0.403315734917366	0.85231979014969
-0.0243223878081878	0.0296281528706928
0.41385152622958	0.786827909933773
0.184423674512706	0.252406999086589
0.0091000255648964	0.010324674817643
0.0409452009505418	0.0519816699889448
0.0350229373088922	0.0454462024113646
0.338961905813702	0.609165210212791
0.0190636394702154	0.0261281008628014
0.0490539310186285	0.0719961134626909
0.138066257740442	0.19138979304261
-0.0288651544946348	0.0394179534782318
-0.0221511131785603	0.0311011835661983
0.225291359765871	0.363941865466752
0.14874644658169	0.220883466075761
0.513543766181094	1.29371192684017
0.0482952500016571	0.0513500551181833
-0.194727750549625	0.159858096595855
-0.167579221572219	0.104608919967862
0.779564737334294	0.531739446534633
1.35651521924384	1.40019122795938
0.310968475062679	0.244650948981771
0.218995612715225	0.129782614921927
0.105664151382133	0.0722861212727291
0.224892380224073	0.292133355857089
0.58957797083388	0.882251223519507
0.370084222004869	0.428805738156083
0.820717735960751	0.769342448760566
0.610499779503599	0.489520820595846
-0.0965347900973115	0.0839651320980648
0.914551567762067	0.691328947398542
0.108845829313479	0.0714964613440246
0.81232807567902	0.750728945904941
0.299716432239352	0.241714750812001
0.0507253298409349	0.037934716599784
-0.285934622827228	0.21671269676258
0.263068734426102	0.328195702911107
-0.296507049987878	0.397066564695823
-0.536743588584315	0.581111607998012
0.415642077999623	0.242385763363292
0.176853642008926	0.23499129918104
0.786630031891992	1.40056998554038
0.482997127805181	0.52444532839415
0.0917153270548287	0.117041303794136
0.243457988267755	0.420803178757481
-0.572351460977381	1.31571613636138
0.193187798652442	0.31614804572821
0.0410222320979093	0.055744084427567
-0.0207395615156763	0.0277107356434536
-0.167996432815608	0.28742947979686
-0.0141669029340667	0.0168052867016507
-0.0777771193462868	0.107655839723423
0.453991005926952	0.877753087612329
-0.0108657369945726	0.0118171322368243
0.230999034216938	0.368192844119776
-0.191752299817493	0.328355824200804
-0.102805766239834	0.147599027155797
0.0197015209505705	0.0249133593900619
0.260934264898622	0.372635794125236
0.389768710951187	0.774100398846287
-0.272888201719523	0.462848161018062
0.297518645105884	0.477020367528527
-0.211651686314517	0.353170582440158
0.118979984876494	0.166938405992791
-0.0205891417872173	0.0250573792757357
0.154948133518744	0.234206171818713
0.315757137216308	0.528172490340874
-0.105309674459925	0.163787863268678
0.0454530086423482	0.0591297499257398
0.130568616163372	0.182672290799009
0.325361921758989	0.412796119494436
0.445044812818204	0.350150102901291
0.524202981367491	0.365072593880864
0.770440685465074	0.527569897318593
0.0699472285487307	0.0316521952191096
0.362644728401228	0.241249826864944
1.54298560024841	1.02869092299929
0.752681761592358	0.615935337083042
0.403757964763021	0.525417500470139
0.326015559868446	0.332390273671981
0.636097354285299	0.757637300588995
1.38505782370817	0.824973448793675
1.26961298119583	0.541081832282185
-1.03763592226728	0.640757991749042
0.0371954557380717	0.0361822460993665
0.0707132921201738	0.0320659967517744
-0.0715357549311983	0.0387654866732401
0.115782078883574	0.0820229022352472
-0.875965271891734	0.759482356574183
-0.996143528688023	0.822087909230275
-0.467584445275642	0.873733102583886
0.211407153483737	0.302295013612511
0.106379469669402	0.11172561478179
2.4972390417237	1.34372996378797
0.250938935606664	0.332244632179946
0.0856023378938508	0.0795858479156742
0.366426191962337	0.335162884006614
0.466960542820729	0.783063004623999
-0.00857049623946412	0.0124525320573186
-0.31578248005131	0.510464370336986
-0.604716728603237	1.66245599244177
-0.837419338591834	2.67236923922052
-0.263768777236273	0.376147291916794
0.257745121332206	0.579069342079149
0.0615140388672898	0.0997199429776492
-0.358288893988387	0.799298566090048
0.873602682472447	1.49072026489085
0.198694983441869	0.162334666019344
-0.307157867977813	0.350671053461101
-0.0326131186964955	0.0512976768414698
0.0356400708415467	0.0514402692922
-0.240498372891721	0.411228702891095
0.161330792565245	0.224324749141069
-0.190274626328121	0.260914906169853
0.0263109545115745	0.0396565107541143
0.0662115667018497	0.0928361463614784
-0.140515514401984	0.233920910301654
-0.118582484410886	0.197689378948506
0.28729487210866	0.612350193691021
0.573093559209608	1.01273494968434
0.21072499825339	0.426547380374124
0.220227489117515	0.337854647360317
0.161343359038227	0.190299493420351
0.0283588649482179	0.0318543806158024
0.171018465267807	0.312802825518042
-0.0150843531144982	0.0154583645530451
0.701294260885976	0.392778843056388
-0.58646224177532	0.223690031130743
0.136691698731902	0.0337280912386556
0.374065547568243	0.145601251955631
0.372129054807722	0.144874346608988
0.0749369475930201	0.027667789793538
0.994134747743035	0.468425688789262
1.16836042330645	0.763655036896072
0.571334423881786	0.374502898312311
-0.870255759814372	0.736231703932403
-0.00811961007243986	0.00492582817903788
-0.384258290798331	0.531999625069462
0.478393479280746	0.344292383864539
0.211412500549932	0.152149375018099
0.378881386330454	0.337607508452641
1.00760667253082	1.08142139629085
0.359676770749052	0.512306311679195
0.0438087266470707	0.0514094105198631
0.331364208614116	0.365347639978526
0.0758531332850667	0.0839024232192623
-0.0114062594194165	0.0124248387132203
-0.0503899166130788	0.0768685896809183
0.0921620354921936	0.128378392717645
-0.0500972838977623	0.0687409887990409
0.030290346839421	0.0428056408994707
-0.6418074012728	1.32862671088867
0.217486763267515	0.430638516960997
-0.168078751016973	0.298728049419837
0.30136322227183	0.58542530043087
0.0777169403413294	0.0908814376457186
-0.820920369726253	1.56696258300795
-0.664863911383899	1.1161779399965
-0.316984406219575	0.689220837830224
0.333329021272515	0.68807248920801
0.246323161560514	0.413709081396078
0.020388975606892	0.0218844289554916
0.524511539061134	1.12768289507051
-0.013739250723433	0.0188021937117319
0.134040038385329	0.198838332384151
0.168236532344643	0.291573333301828
0.397396990061244	0.761626906999302
0.0446852011257138	0.0630804908665616
0.1931995760606	0.360852042377342
0.418979707755651	0.246612872221478
0.0741288966992	0.0273019571630374
0.0736369275090234	0.027210195538483
-0.237600415319352	0.166494248319804
0.217691999868555	0.150748954638896
-0.625890120842347	0.666299558719431
-0.600883241318247	0.600724951795229
-0.0125629136006251	0.00753825882149794
0.30971657853785	0.25183069278141
-0.101214135493155	0.0786730882857912
0.571304301432528	0.626884160985485
-0.147728293124876	0.108168145726545
0.736381893384073	1.03977637202357
0.206355382585346	0.230748083281233
0.085868253905949	0.111806892544375
0.106762377934571	0.147920393340912
0.339023744879959	0.509687084297025
0.242756599715293	0.26807839168071
0.0928207997113797	0.105780095868183
-0.49193685181133	1.27739359742385
0.0618849219131152	0.0936722696620322
-0.459864525937488	0.939059729056661
0.291507641275116	0.500365450077569
0.0704065697291842	0.0769645414810239
0.714886219107981	1.46901866985574
-0.663342092875236	1.41213698711184
0.316935305233432	0.458790347463241
0.191183647669699	0.22083524150534
0.136398186554642	0.162569742492781
-0.0204902897667497	0.0221372011375185
0.584366446216627	1.08111537473072
0.165482888922654	0.208690568596499
0.210275775443623	0.145145529466431
0.219416451821265	0.252744562179574
0.489060408139244	0.443546022747092
1.49013830580029	1.45883231134683
-0.104117444170687	0.0491997330033679
0.210767707966639	0.168845571921711
0.206543167472261	0.154020977746524
0.424163918275888	0.347000662910822
0.245711980374373	0.253821770463968
0.665864319755443	0.845623729839117
1.03881291209076	1.38550153734264
-0.451731534508251	0.665729565109639
0.148574629376289	0.193151024187964
0.950982613310367	1.04162488669076
0.0307288387509099	0.0394644242761563
0.130447211097657	0.198525154926943
0.0634728312689603	0.0897784906787809
-0.121517886055122	0.182348049831425
-0.07633898869805	0.109190654716511
0.0899396145177051	0.118361856928804
0.377798680047579	0.658763928313364
0.378742261438428	0.710772771452866
0.116345540073269	0.170935936937705
-0.230541979354138	0.400295402738237
-0.211112440944575	0.335849132351664
0.271300802318747	0.510075230850389
0.216691760501923	0.326798619653367
-0.429648689894326	0.776426954523773
0.0747416633935649	0.0822005287227429
-0.172957577605567	0.217063518521785
-0.200577783014145	0.272896238919121
0.240632023427225	0.313837788571356
0.0778945150384485	0.101052069240151
0.172069945038649	0.230222087679167
-0.103929344910866	0.162000894189217
0.0633443183334083	0.0817242725525664
3.34081082993812	2.96953927991824
0.242879077973505	0.122202909014404
0.531519802079407	0.761593022620308
0.532087415731166	0.777650279503898
0.206664457768026	0.226619072922435
0.084328934328948	0.047064959385575
0.290125979981254	0.241155536330917
0.83848779126282	1.37512928564762
0.0820233668485389	0.0466158161307614
0.216875729580941	0.182749409773826
0.101989017463367	0.101249183131959
0.109643752567108	0.108184431156633
0.649568761220824	0.759834760688909
0.0334964583546157	0.0235073861133999
0.221917956830546	0.277729503012918
0.0611049665239636	0.0685626916779186
0.192104017170529	0.201452350249796
-0.419545625157037	0.620013216114716
-0.5017679862065	1.4570718979317
-0.0537299931525418	0.0933833308492387
-0.419572557291	1.03987634852876
-0.0601599766639022	0.063101763016487
0.0708563286944464	0.0785779301572867
-0.0074652466897446	0.00867496236200581
0.0226787035595822	0.0264694337531202
0.348093288406273	0.483871813253977
0.459312006205865	0.606779104443006
-0.140735532569901	0.14135844388341
0.0379886142134537	0.0413026482732049
0.0987517490252349	0.115344823663486
0.50230452101831	0.681070832930955
0.607286660080297	0.904209076441904
0.697258506409002	1.10343681772967
0.100121713042754	0.136045823741621
-0.0851462673107319	0.139351742213916
0.49658045027152	0.856641382727279
0.135551405883431	0.194218925725886
0.241805148477304	0.276596280287955
0.210363392991379	0.165933279222385
0.423196440137217	0.417372991470425
0.802570919261432	0.852450921535295
0.764491610562718	0.639950667142123
0.536019443313171	0.46170436437697
-1.08832636229319	0.976827722486482
-0.928543818165087	0.976444586148147
0.200439803907345	0.190768443686803
0.431184398538516	0.506153288692198
0.298322248904445	0.332817098053067
0.207284271594966	0.154726633505019
0.0722084321379857	0.0564268180312311
0.489693297148267	0.521459586272352
0.825654849641849	1.01674689971253
-0.20911961378192	0.267650744766248
0.580222760198735	1.22973788587584
0.131542996509991	0.141452355312789
0.0952133013214777	0.0572244496939164
0.698396886410981	1.45746859632501
0.262544023033612	0.390753570176324
0.136772834674114	0.234777595625644
-0.0924090533638626	0.138778768066115
0.00684309658705397	0.00851305367121295
-0.0556325876772312	0.0773432451304738
0.60426594042335	1.31118197408402
-0.42489871670136	0.869327380604389
-0.303797464399142	0.514455722194979
-0.0690310229172122	0.111066364325442
0.222396272634236	0.382225963885478
0.169381462105012	0.241606028020983
0.103949725523066	0.133677057706569
0.0830367732848566	0.0970698028477478
0.302035181882473	0.608879410638746
-0.00976385217897081	0.0119901123132313
0.322072498881571	0.625151110934621
0.0760550106785504	0.109096480934038
0.000313026619994412	0.000495258580944972
0.0124758652508857	0.0177954308141065
-0.0820166538705744	0.134977997820167
0.159034983211278	0.251945630093704
0.0350062772501858	0.0485583483433102
-0.0182795032194784	0.024544039228361
-0.00499118196216351	0.00619191462498291
-0.678119089737868	1.19814302639018
0.768317338151696	0.634197881179681
-0.988596939142236	0.83054645066474
-0.876240558330721	0.757556418057896
0.227069454676294	0.143871247695462
-0.486502633145734	0.279957934191137
0.870537642861012	0.553412894800111
0.0612643880068879	0.027583603854998
-0.269990748629664	0.146912696046114
0.371177148346647	0.62217079355691
0.200998950436564	0.151549986374815
0.669504923684472	0.604511603495726
1.78872080193811	2.70016950711026
0.3557665965268	0.517631110864242
0.128865415184839	0.19447433603743
0.00270722406427424	0.00257062870690374
0.0475822384416681	0.0444137089920154
0.130627802356801	0.140935846260445
0.244953985381764	0.561175872154174
-0.533936742957759	1.66313759886533
0.0695188623039063	0.112051070991791
-0.104306831406692	0.121095106307919
-0.435412101905544	0.588141129820027
-0.50017698747319	0.867361153929175
-0.175050019243923	0.36014969450387
0.18808426642662	0.358519910569852
-0.014182020028554	0.0188399457978626
-0.275176558661909	0.490707924014004
0.0984721271764148	0.139597907236888
-0.548837272597344	1.53096341110213
0.0659716801567387	0.100755862296574
0.0455867722475001	0.0759793471167867
0.395290303892642	1.21894962196798
-0.0106967537921079	0.0163080165425553
-0.446317288514477	1.10327746877187
0.239779190216867	0.337276673045027
0.0128272924539586	0.0164875762868511
0.232768310515195	0.510182199274623
0.0509617924406974	0.0709940987431574
0.329158118464437	0.578392524316575
-0.174022101558767	0.216170291519221
0.468595048633883	0.254218447682668
-0.680363951766183	0.330722043017054
-0.284392038770571	0.094028916343425
0.825807368829933	0.427294746951602
1.42879600467533	0.459397393845691
-1.55768840130858	0.799241607063026
0.0701878216149851	0.0259399817102988
2.29217930867981	1.10316474184248
0.141583182421492	0.192685099030959
0.473067564844091	0.590279439467115
0.805286260658369	1.31626527413932
0.626255783775484	0.278116537863021
2.0492842617119	1.35799360508501
0.326696360932113	0.247029044819031
0.937242199270101	2.08228132431733
0.767100865866466	1.84686614581095
0.0290411247041398	0.0271610258204485
0.229341279267403	0.43816526195064
-0.223284320549962	0.445457021314452
0.145829987627334	0.182536437768249
-0.254537194653337	0.339024269582837
-0.0290506967120432	0.0315376744487871
-0.334429675095618	0.8317262558305
-0.0119513504898806	0.0170075115524189
-0.0186723921513099	0.0256177250171122
0.157129268771943	0.251861211588685
0.0411726223517974	0.0613759834982382
-0.0750392307354777	0.113562156944977
0.151432245139761	0.256218402051187
0.207991267633254	0.434879721861548
0.0916346395725969	0.127359550639558
-0.10173531904733	0.17504135368641
0.0102569355910507	0.0161235095411235
-0.0403932058028506	0.066029595460882
-0.61152784944715	1.73460095894994
0.363317408715506	0.610691759250234
0.0507953376048447	0.0756453935858169
0.137029782642327	0.220460887921428
-0.144186739461432	0.152943783516258
0.515082901652112	0.357294084446104
0.824106623265997	0.421423511321387
-2.71651156232893	1.60531893602617
-1.17870141380999	0.809074291634371
0.455365596415458	0.157956481643586
-2.54219430014648	1.41934389226993
-0.380354181556904	0.176425451859437
0.706696496857674	0.396909024876031
0.157786451027138	0.20176792738551
-0.216100399994876	0.21914735804432
0.396303509916729	0.506581966650052
0.642098891726898	0.745661170769127
-0.176457064063528	0.311234070602114
-0.034797525134881	0.0477381273198059
-0.321963541996066	0.64592663020458
0.126744855206773	0.161538354149011
-0.0996210446932338	0.116019522284354
-0.217812569184711	0.319878555158112
-0.134331040956368	0.220419312240519
-0.0805829189496606	0.126223006211764
-0.0564723093849312	0.077876614620713
0.387138228322599	0.83124919849436
-0.407462734532002	0.979178160933351
0.127363242813657	0.199838085645009
-0.399342285705985	0.757777135137573
0.479979859103709	1.16306746141391
0.329694693800664	0.683229436473963
0.27937122011675	0.597324359839658
-0.0321373704230621	0.0461488573285526
-0.148959549070374	0.223322822367651
0.15151590057425	0.171356904906522
-0.0773807351329707	0.0410182873622271
0.714431789098391	0.400137824256957
0.225081394112603	0.132480234178749
-0.220050443315259	0.080826216952502
1.19572720493574	0.623682469857207
0.0775803705633346	0.0255563265722586
0.618360564197279	0.278770610344554
0.100419632979723	0.125834077219065
0.28945393098432	0.328048120116862
0.252227180952271	0.290590757230556
0.461689080669354	0.249829416274766
0.356068494829189	0.858415577116226
-0.165842660715707	0.277430551031587
-0.0929889055294608	0.14720276701773
0.166625415076203	0.213589773310714
0.0115040121786616	0.0110118425893326
-0.116554274496113	0.153686300452149
-0.291774705017103	0.707232061279812
-0.346362560620369	0.749037420121255
-0.144570429606861	0.22644381321868
0.0258990107973959	0.0301238642452758
-0.162541768485253	0.255316111959575
-0.0140209065231384	0.0184719499540646
0.156320724395401	0.241358664237579
0.282187686422734	0.616374672592534
0.0549622902383882	0.0850356111713418
-0.100282598261702	0.154038796150599
0.117980425792731	0.164595815303332
0.440226856951623	1.18400844182819
0.0799553068444046	0.11238606937465
0.322043577884168	0.604386431585343
0.031910777783737	0.0304950252828787
0.773203472193683	0.5260232055094
0.531171249681569	0.263158929167696
-0.168953130171205	0.0685552005005776
1.68414385100137	1.58705106666239
0.867812421106737	0.552955863579205
0.624850446118647	0.381621052632751
-0.261755641141827	0.445082274677572
-0.286735020307727	0.382421292872051
0.473744871478313	0.692410262953648
0.154487780364036	0.324028030547367
-0.0603460579414396	0.106241320437584
0.183007700365779	0.337946349240454
-0.256720541097872	0.350796924542201
-0.167351530118926	0.162191934297464
-0.320549116124178	0.406336220731049
-0.239782390244205	0.517079369605484
-0.235521294552645	0.494615135678296
0.133339885898574	0.204828450060353
0.349504759389474	0.628827755833636
0.309821381138481	0.581085941347707
0.0851808820696273	0.14184437317728
0.462303016410575	1.01803150506869
-0.102112596706713	0.195425274325917
-0.236650027907937	0.56956643931263
0.21216400573254	0.39972422691695
0.000389350483710806	0.000363984862287964
0.000513270451521647	0.000745947915546654
0.0977684958617856	0.183077635198619
0.827131342027728	0.428689146778807
0.0662988811791571	0.0296375813736245
0.494929368985182	1.19816842270407
0.0536713846185019	0.0523335166228813
0.186567703476486	0.231907964094107
0.0236975895040994	0.0312312556615465
0.00101547642196599	0.00121081253603744
-0.0530887659408566	0.064779645450296
0.119376167432932	0.149268376102706
-0.412006520496272	0.773365389822205
-0.353279995547201	0.706026164358347
-0.49087007204182	1.04824364785307
0.188631127977498	0.295615043094456
-0.230837572229464	0.364492084389782
-0.180501036155095	0.275871052947096
0.123762193939243	0.179443434927563
-0.0344663186163925	0.0375229939409227
-0.16348812620681	0.203757032102305
0.210607087242687	0.28618013503018
0.232509258375573	0.345853445243258
-0.125200312277345	0.15624999910262
-0.362975799965475	0.743295124837001
-0.414353667340651	1.05838607557266
-0.408207373299563	0.927266035791607
-0.658888691132335	2.04396455143047
-0.0838776748223158	0.130562760641715
0.742258862669305	0.893602092077579
0.234247197657269	0.131822873440055
-0.222002404673034	0.197331726929444
-0.0444661193198374	0.0316938170327685
0.0365042564997767	0.0450063104990776
0.375865018593716	0.459680331711037
0.459867347572133	0.522146617309743
0.167148587318134	0.202356013232832
-0.576301425741243	1.97060375989909
-0.480415885978375	1.58902299599323
-0.513847389384535	1.49951579759739
0.432762228452183	0.718822710963339
0.231197069101955	0.287466274474334
0.220997872878467	0.3067603173994
0.139929398156788	0.177413056903578
1.09378662451005	2.31029648248666
0.480073089820913	0.522548131836801
0.659625892617145	0.688902376498295
0.772465676833915	1.18054342852468
0.774024015532983	1.24973811736461
0.794963974049975	1.01688611350233
0.965247808600231	1.77923147246734
0.521831799212491	0.940314753170686
0.138436100731737	0.258621317514115
-0.735804350317744	2.85447427745633
-0.540890410653317	1.81858802519254
0.314459992888762	0.551258546671272
0.106143203434405	0.159463669217026
0.201303246976212	0.296727173680077
-0.10083378062282	0.0784273479604902
-0.0346393727516178	0.0522336972028974
-0.627130783152304	1.6875305182761
-0.425439063626399	0.940798186409778
-0.322955895858517	0.451038676305165
-0.77183720146357	1.41148397957917
-0.582783371763379	1.1491850515869
0.204184365563866	0.372289487793956
-0.197312881959886	0.298636787945335
-0.144689241354727	0.196106496889491
-0.0327045017264688	0.0370415125764985
0.23619553138916	0.32326875132319
0.0230742704525053	0.0285493295992085
0.147791375843172	0.200829084207259
0.597983734513512	1.02287175144059
0.656053953332013	1.60729335537425
0.18398814611435	0.32358468015683
0.187182272574827	0.351811780837887
-0.021083348822614	0.0284832204616939
-0.10670007273085	0.154267096198299
-0.0959202178753174	0.107637185196221
0.0697904082736729	0.0968657048709512
-0.0936122265927964	0.166780300718022
0.206405744225919	0.320578980095588
-0.430278946851031	0.966347924713718
-0.210105896135345	0.392363097968609
0.0864048310108718	0.102439901686824
2.50161752495105	1.34914339244887
0.0690220459803635	0.0283406372769482
0.128830923564264	0.190694720168583
0.0904123375532197	0.111745559270782
0.161444134093833	0.246443158748803
-0.455832958791921	0.938088564717724
-0.680651044447921	1.62988062296542
-1.09565381747098	3.40346581540005
0.0337817231932609	0.0400780193353051
0.0550011524943407	0.073539282284569
-0.103976890996895	0.138512464766157
-0.764405050489943	1.55712621836264
0.328041835118622	0.557673816433672
0.991497545955392	2.58878354851894
0.33783754652304	0.487010816396802
0.443359329061439	0.858235873957635
0.0413570170336914	0.044992588805607
0.257342152711092	0.413479940103793
0.247149715965818	0.419775962032753
0.103884661820044	0.136096447553357
0.320515002941618	0.528358384152469
0.0493669029309459	0.0701588824671332
0.0511932225404168	0.0798749757541476
-0.0576624929818937	0.0795189407519377
0.163307787963068	0.285698301017434
-0.199607282046786	0.393966066735205
-0.0703554430263277	0.106101499775715
-0.183872983739147	0.340278681612167
-0.0245769591287498	0.0285289883509597
-0.00218918138115409	0.00271577397149034
0.0567224422419313	0.069100821799276
0.473862668246169	0.935646989376656
-0.285014620234007	0.490437288790396
-0.409861953114737	0.74342592774855
-0.396266334134953	0.789365960519219
0.482186538019942	1.1082355816356
0.0305943933250243	0.0360006716111891
0.175275392472025	0.230707776950992
-0.126389589471598	0.14592440587961
0.587308023387541	0.993739189975154
0.237424231563965	0.321997749220915
0.0267929420449431	0.0267891279574495
0.201782105638854	0.22928227732154
0.144866449946323	0.173911236911135
0.32069942393156	0.431688661626964
-0.144392285890185	0.196610681066892
-0.0924161007556668	0.100750026179889
-0.293467524893816	0.441763725843795
-0.247680300703522	0.358013475700251
-0.303051715004386	0.535085722933549
0.19010605501637	0.343197777922815
-0.0429589125681168	0.0552993044790571
-0.0117966575273286	0.015394198534165
0.0743591506639718	0.113970820692472
0.310361690067082	0.542509097773768
0.0334089031849056	0.0401038173047307
0.0159143640598901	0.0176720987912653
-0.0626488132068693	0.0666893163534243
-0.440303673248127	0.819466952952466
-0.376888487692265	0.649832749743019
-0.0064253995824664	0.00709374400365286
-0.363634471088656	0.624819773812931
-0.273454016708995	0.330428494015284
0.171901947029319	0.20213097303065
0.251846662242201	0.346046225310276
0.428037551333133	0.564292688512131
-0.466795628109709	0.661617255145437
1.41561353828664	3.0706245177016
0.853982717766042	1.57442717021977
0.806548977335172	1.41265035719102
0.251106461620227	0.282052828538682
0.24227596494116	0.29658073428302
-0.173797115142693	0.212892786483666
0.178749670992621	0.237269563807584
-0.103213830935313	0.113771492541913
0.126273911393997	0.167613800197222
0.286577689877301	0.468092812200947
0.110805932917983	0.149623794744135
0.0562584718893432	0.0787315552043715
0.0660880017795341	0.0914938104584111
0.0140475010244131	0.0173453064751845
0.532959716679747	0.366690596619258
0.171578526497548	0.275308922798966
-0.150024135666705	0.228615038584681
0.16637464390991	0.2572127656033
-0.107889711312854	0.16610251353706
-0.0340520077292251	0.0454936424620268
0.0198015111774056	0.0275725808131177
0.408109641349777	0.650407752953695
-0.121304550116464	0.125068070804525
-0.213923882156595	0.276433445923456
0.345176572639103	0.755217026843997
0.265335919226092	0.431568937264871
0.871660647893114	1.9015352664233
0.146523269579587	0.18347197468265
0.329430418278862	0.452572190289857
0.376416603535048	0.58266559004428
0.153799756691319	0.197611659682344
-0.0251263898139267	0.0291742073299786
-0.0846240535390297	0.103276532179421
0.806618593772861	1.94499452680358
0.502405925389782	0.902980356909169
0.373342836001384	0.578962210056834
0.140679051563122	0.188694109358522
-0.0576048947474875	0.0775225012592266
0.187097504383548	0.333260050811579
-0.321186966393374	0.576433266479528
-0.322832519094395	0.482292353594273
-0.763138996994171	1.99896044850335
0.609124929010456	1.94091113739845
0.12551388576162	0.0953027373206861
0.219764670196995	0.387293322383388
0.166808238998928	0.217649877729014
-0.0150328977202032	0.018312704085861
-0.131748791484398	0.133033440352137
-0.011872165893476	0.0101940392361837
-0.199377354567222	0.224548537996834
-0.054715212596288	0.0497156656880884
-0.253256283105497	0.355264306733261
0.240379469130752	0.335111877147873
0.43354496480789	0.695418232498635
-0.0148622884007629	0.0151379982276076
0.368757611477578	0.484986174821761
0.309014507283838	0.355506001400505
-0.163484945554203	0.174107781352013
-0.15872223201079	0.155587786651909
-0.245554123989518	0.230468441098273
-0.156726026191541	0.14195352497974
-0.271377299855652	0.255479841792031
0.320374908347707	0.334592474258019
-0.2479160723002	0.29029670236277
0.566845163795825	0.708834788756579
-0.380500936117383	0.393048580813181
-0.0917493107247948	0.0870272310128693
0.154256430625246	0.148787839976547
0.405341587854672	0.505380385251934
-0.209838843988276	0.30542560735305
-0.106898907800619	0.141352417790098
0.24317124975689	0.342500068086333
0.712813943565807	1.66608364898004
0.621449353683245	1.33518961659786
0.690232569176834	0.866833530437278
0.162612379700363	0.179214317231107
0.521229906257339	1.2362896953352
0.00414528809567311	0.00504942652039667
0.373318977960897	0.505801155360092
0.0329460344292787	0.0229326638088729
-0.712560414872355	1.00590364784055
-0.602943089278947	0.602471576758758
-0.0478047785103067	0.0333860440544992
0.127438356573522	0.0972881270971448
0.76083359130147	0.309662508031632
-1.87659941150928	0.774465327119428
0.771258088268544	0.528751165102119
0.678991510879352	1.00526009375177
0.127262581740725	0.138180396507799
-0.450506674693153	0.554003305523963
0.464513394328869	0.248237460503391
-0.778597494670359	0.688196882442882
0.331676447971081	0.238166789097446
0.631378115832573	0.586698138317752
1.38673039345445	0.828484301249648
2.19238622486855	1.5821147965807
0.528925970940343	0.263232633414496
-0.681162436709499	0.332251498724824
-0.587362233118177	0.227587398386815
-0.329275836344515	0.168111417317114
0.672375886747054	0.605568015668553
0.908663028781165	0.905947247315628
-0.867796048712168	0.477641853274461
2.05870771407042	0.899213345938946
1.06370516369804	1.11076502328805
0.437081785564093	0.42801308432219
0.518526165645435	0.696843697390332
0.473569153172176	0.607704736307145
0.962297626139455	1.14332959930244
0.852329301251152	1.38773462296048
0.839031377950858	1.52071979609744
0.495453376754621	0.452580105939233
0.138858572987065	0.121329077577142
0.520079136708033	0.753518444970415
0.0150562823262385	0.0149615335980467
0.359642815688576	0.429902060080537
0.912052432182796	0.681429579548132
0.0184519957944707	0.0119689428850634
-0.0497454174143715	0.027985819178697
-0.572549027989715	0.304245307302857
-0.573397345230404	0.302107201092815
-0.224370983533317	0.0814708918303178
0.278024405868376	0.13178413737364
0.0688855762692862	0.0254633538895808
0.429096817337813	0.513648361946403
0.151412495389195	0.147694526568458
-0.27445820266196	0.234992701987812
0.370475953970375	0.245566148506833
0.775644976124149	0.529590949359132
1.3881649658671	1.28562918026609
0.317571375542802	0.136606550142843
-0.390619638264848	0.18217103607981
0.0824550112908889	0.0271452271987853
0.749111169427629	0.304920914577757
2.49783040452532	1.34581874629571
-1.55775880570834	0.55671962166184
0.995415588688298	0.564084312934926
-0.325223241967625	0.165721663447437
0.237301037239663	0.132651178982569
0.754158908243701	0.307549234515271
1.42618191837161	0.461642678393369
0.211766781035397	0.146636155871611
-0.789382917550708	0.807626013259023
0.208151842820775	0.165992403780813
0.437223472582131	0.346784776914114
0.349602719475754	0.338060031364667
0.241875892084706	0.288453343616221
-0.74410132490118	0.915676417530821
1.33735974741326	1.54327925521816
-0.0587237983990932	0.0409679695792719
-0.0152865294458901	0.00915419976908436
0.224055926915688	0.141518274115583
0.524766301783585	0.366368892404458
1.71076474429266	0.931935039904377
1.42314513115208	0.464520674256509
0.130442375945493	0.117758356118689
0.253975079338383	0.131127284002147
-0.179235267444532	0.0722605787699597
1.53782970268344	1.01559565074618
-0.183602235910131	0.0740188150475035
-1.74838160299249	0.993505879235856
1.00059601650487	0.464504501064133
-0.469341826114402	0.19853729902227
-0.283512963778685	0.0925848114621674
0.101489709094233	0.0293014816515659
0.0658928862320171	0.0296168160588484
0.969060637924518	0.946143653750215
1.31486369003841	1.59849387426884
0.360684377851189	0.341899196200813
-0.389296736492908	0.381867586015723
-0.415993871459074	0.251798935502646
0.315879507236261	0.236892873155825
0.211903266195847	0.197903150369395
0.345266851646896	0.417915688334487
0.388818775168658	0.78315323062183
0.152660439749362	0.310986568415547
0.325016694275707	0.322881322429148
-0.173196834687906	0.124813017146701
-0.782164024475194	0.622214811789046
-0.0482957748408866	0.0272198411617152
1.20862628391247	0.634009611253144
1.9760405399428	0.493213117693187
1.00415287539825	0.586485828071169
0.25408946203807	0.131966562537528
-1.23528608785542	0.699173586912727
0.466619336308599	0.253201694926617
-0.281972984391248	0.092695894956706
-0.780621338588044	0.27365972431568
-1.16566845088931	0.353063396931639
0.607892659978958	0.269477339207724
-1.16677175880733	0.353813253690907
-1.55875747069186	0.561897601836786
1.27599018027706	1.09120178535857
0.215690401200723	0.149463993588961
0.987883883622542	0.461985570770376
0.465762839372385	0.358069149536407
-0.133185966306295	0.0997150570098331
-0.63535500282852	0.581497412036953
1.14534759970428	1.01511262869284
-0.948213659796939	1.0172461497692
1.01289166704086	1.17290779376267
0.539728242678768	0.758073913448548
0.212060319074287	0.157211279387625
0.411731341744709	0.239508125502758
0.125240623168905	0.105785784737486
1.03082156258086	0.848708107871284
0.524589521276538	0.257210291625181
1.00363570868998	0.582130650081228
-1.87604485354972	0.773191975340068
-0.0903353421452183	0.0467187585280845
-0.888632277923943	0.586825578789971
0.46489631380229	0.162505252822639
0.254860174065063	0.132541678993871
0.122994386052321	0.0304121699637936
0.936662065549594	0.245987967322767
1.0092104198012	0.59055428911251
0.62326313623548	0.195382080165285
0.827227941132473	0.429558706524943
0.328847108841711	0.240145260490186
0.377648498163864	0.339618229076809
-0.262060115415704	0.205977159223113
0.278596448313831	0.130870526119707
0.60748226798996	0.577616462595929
0.259529255234341	0.279640317283465
0.409962391350907	0.43206867747319
0.403323685254796	0.342425576257218
0.460146047199543	0.597307279929837
0.509512283031545	0.623073802468305
0.702877506814135	0.797229505542419
0.814006266254104	0.85775769655337
0.768704748192554	0.64043047683084
0.455619233677025	0.245846011722535
-0.323868340386761	0.164161395834974
-0.146150715363407	0.0650669134328263
0.625833465415678	0.384201440843606
0.491810232496283	0.522797483176076
0.990793625058738	1.04805332706927
-0.573182856731271	0.305576500086335
1.04834349370797	0.987661568472509
0.769777418343887	0.528243136768199
0.616793408413798	0.277502572634063
1.03026913085142	0.844066668198588
0.754158908243701	0.307549234515271
1.71210826884356	0.936046716989843
0.230292041501707	0.137590337034401
0.426798228637755	0.359351906431711
-0.0727291212308682	0.0500365600152551
0.491053393937361	0.537998821560889
1.05380598695469	0.988688692128958
0.61645501974547	0.82940669471307
0.773507807822874	0.529957822778585
0.123443880089696	0.0877897445306378
0.291553686727586	0.373321697855617
-0.00423547245690747	0.0036248524302354
0.771994365791191	0.64428593145439
0.418935867230273	0.245020341780397
0.321444206171853	0.139160939525151
0.753571413536895	0.309463972555086
0.388729933186586	0.243264397786022
0.774777388442828	0.531480118439237
1.0071341530565	0.58930067628041
0.936662065549594	0.245987967322767
0.869197083006757	0.549291072063039
1.2530009419111	1.21919926006336
1.36997789915984	1.41173780102825
0.337645962771657	0.321684798964366
0.958902323114905	1.14112914861029
0.280695113725529	0.132378589857091
0.616982001077626	0.652867609258951
0.42550890426886	0.421188899925641
0.285425931674749	0.345210379325931
0.274195716226744	0.418447654012866
0.301814426850659	0.243427558933063
0.32534622905065	0.508934364179424
0.331420298529586	0.469631985108618
0.213383435370028	0.147284033653836
0.624855252417249	0.383945143951316
0.104005381205832	0.0657220114659882
0.2211764172849	0.170816119025193
0.0762073229714422	0.0428842507215419
0.465089514033258	0.252836709263901
0.769982730196183	0.522828825587288
0.62326313623548	0.195382080165285
2.05321051775568	1.3464881592501
0.0685117282615944	0.02803899768516
0.811665729957187	0.749248683067874
0.468690720365812	0.521675071035653
-0.178673195517171	0.160646157410655
0.434224699415188	0.509943873172755
2.06199581272055	1.95362141079123
0.477670806469637	0.519723189503897
1.6848933500348	1.22593617613223
0.327373433729402	0.519924873908226
0.164409150829697	0.172437302209019
0.206107951232339	0.238894285170001
0.533819893329419	0.688006050184401
0.353943832851666	0.34333484931209
0.329573771052071	0.34041427533283
0.438370010859379	0.346500803951942
0.429343139623127	0.426346760174354
0.0917899826319706	0.0576533671578261
0.334335382062596	0.243804669081157
0.0779725059446105	0.063734745899137
0.46600586097611	0.447986984151137
0.818626729141236	1.00857696299003
0.335228639125751	0.416784971640739
-0.201442859894895	0.18186813057998
0.453586824088306	0.435336346844433
0.72287363653998	1.3440124616849
0.44373399633182	0.590321874250589
0.509004868937093	0.684785510893613
0.0748815032513769	0.0392619572181617
0.368873946467052	0.611946603398142
0.737221515587436	1.35704410768951
0.202422911104381	0.195887287519443
0.482195148588515	0.606911658867227
0.378271262413061	0.493299434963116
-0.139257589453005	0.150031875096314
0.563432371947247	0.769114529641305
0.155245266583233	0.152528676576242
0.13068210109761	0.13163556674507
0.246983992024697	0.318019834339829
0.282345180903053	0.349813171681521
0.162260621029981	0.187516794377398
0.107731795680997	0.113073730539385
0.288118004904736	0.464738458723651
0.0579634330299483	0.0649084652793279
0.105067498080657	0.162417445288355
-0.0679805366621116	0.10187276242853
1.142606295979	2.18865422384694
0.381059075889017	0.815986988579974
0.312874166027339	0.440419443119458
0.246867390973668	0.1264017425096
0.229231119777516	0.36819728722551
0.027489422992962	0.0300713150062055
0.282734931162872	0.332412376189856
0.459413584658822	0.717232343877658
-0.553599394657244	0.867462880131533
0.167934466021788	0.187541012490493
0.285189442753249	0.244471176005849
0.200045174611589	0.207343507095257
0.262579255151287	0.275711822638241
0.594447208415855	0.803861284785867
0.492772266415344	0.60552525627651
1.04772757676541	1.481531542976
0.204830894878734	0.211205787893493
1.06463019364181	2.33569008655974
-0.458379571859553	0.617444363071643
-0.103128731147013	0.106689011142
0.368935182378754	0.735177302624375
0.242985193241485	0.28964180075768
0.249323005748314	0.450997606941224
0.12242017660796	0.20725732510842
0.41075927163455	0.528466708697987
0.19553502813731	0.21738364936191
0.655768838583566	0.837339572414811
0.107532069379877	0.0708080086720487
0.391061279146369	0.760658306509173
0.0906580522957328	0.103431592435501
0.0740702613645482	0.0601655234670795
-0.948302084265023	0.947629961904883
-0.0453573419705287	0.0256899076377388
0.0817464802400676	0.0432623686534925
0.705427208063178	0.609251893931931
0.592644866415503	0.784345184206029
0.0473562525324479	0.0427625931446783
-0.000471781417990807	0.000376397494420972
0.255060673102529	0.263140922957502
0.0108874342297738	0.013444464835439
0.321671864835543	0.60461208079206
0.555702717058984	1.14213015727333
0.463145275338138	0.252095342217369
0.117523393969814	0.0865103439003959
0.204397337728078	0.146272577710102
0.214899002415899	0.242121533247301
0.467980449379951	0.164382558502621
0.823964978349933	0.423697021517906
0.830141033517896	0.428418363334735
0.47883947813731	0.446322954175838
-0.0144094034562867	0.00864658569747243
-0.686040067835272	0.335801701154906
-0.084202571820154	0.0567482541184202
0.121928440223324	0.0837042858688274
0.0680008932353512	0.0671199665135609
0.0939859836326501	0.0587383193769924
1.505133756116	0.725661881665558
0.743610698138803	0.300263476622545
1.14981680529153	1.15524180566443
-0.0249880780057335	0.0146469034658666
-0.391913536074903	0.183329676116835
-0.064024563278703	0.034785157398829
1.31246079798591	1.61419973772902
0.705470566940659	0.394998592844348
0.971049144743944	0.942200862932621
-0.939202970368329	1.01458242601886
0.432423363854367	0.342293216805887
0.280882084466602	0.134036754662528
1.4213720411299	1.73517700170642
0.330322583965708	0.238805609130174
0.721248446776838	0.713322951831655
-0.1758353043428	0.1274554514108
0.22469766794993	0.132848968043307
0.210962281879641	0.173843084111539
0.913146551560262	0.924593365186429
1.56102489085215	1.34019527116951
0.645313517323057	0.595785363271447
0.48205418783349	0.452219807574648
0.512968184679428	0.658117555664022
0.80615662506522	0.854867393431378
0.406614652922461	0.346763071678231
0.670540506194331	0.667091226558653
0.918543280690145	1.89716263597177
1.97547028331465	0.493643388518992
0.650321917292766	1.48810294745977
0.29584514412054	0.470763143884761
0.931716992069118	1.20566515717376
0.41540269391689	0.90891904752878
0.313186314642802	0.540657975692349
0.521642549371884	0.995712628663869
0.64903954094123	0.818811716510492
0.439029737538963	0.792220774291104
0.339783411601886	0.559134431102123
-0.346830420599791	0.317814746319462
0.294972779496946	0.253323980594604
0.596574365303588	1.45581141232177
0.672307218724131	1.44131908296222
-0.141581439643829	0.191485092225224
0.410654627665017	0.350147868663239
0.464822865698643	0.44869307660407
0.252933679588668	0.499730318388055
0.369656773845745	0.81543807935202
0.431692756115863	0.727960007932242
0.292858009748599	0.49243901624642
0.565173501931432	1.02373037690116
0.392713243287117	0.342501746185898
0.295361420947473	0.61590550397318
0.261013746513441	0.516246429127091
0.44329278277155	0.855530739763954
0.56872703365001	1.98785412869796
0.148098855037938	0.229048347383469
0.300057577566845	1.09535477768175
0.240800861638646	0.739477556139292
0.145818657118399	0.328381144059536
0.988632823422658	0.461037986879321
0.430945823530523	0.970799546742661
0.370780610054239	1.28909350569179
-0.104559914783989	0.211941755132047
0.324211307514891	0.901816751451397
0.283036543109649	0.642467993878844
0.357786890561874	0.805834435704926
0.283646110848794	0.568030756124654
0.447382946358035	0.678858255661806
0.266619667062152	0.462505693240773
0.188133922733226	0.44983757124088
0.351958779839477	1.06274604238487
0.000102302102621631	0.000114553145194179
0.0956439993810199	0.157362161900158
0.216586473019402	0.381382607147827
0.0657330916479761	0.0541947736134889
0.400916022768004	0.81945311126087
0.158538842469227	0.0310613719570749
0.0522993271104949	0.0398623740606897
0.282103419353143	0.133962592012297
0.503270789889953	1.46739775070513
0.300517684303889	1.13801100695509
0.65675346032617	2.89705293085457
0.135444637633517	0.330877911667827
0.0934685069419649	0.188677652329066
0.309643055238251	0.837091478041068
0.0659883373441805	0.115766732512845
0.122967919707199	0.261597050016127
0.0571397200218881	0.0994141175880255
0.368596574958033	0.939358149497182
-0.477639601184857	0.335513678246539
0.430005760951037	0.652313045037607
0.373403587164736	0.951768415651923
0.54391234012286	1.55051994591184
0.30166269972132	0.477594735142548
0.232884546870562	0.372955200840364
-0.0668881002267601	0.0888285213567533
-0.218776123050849	0.177279277369572
0.409112583199017	0.238396461834687
-0.576336901280791	1.13306615589317
0.242397685541362	0.327920977806311
1.97547028331465	0.493643388518992
0.708003304790181	0.515114615516942
0.413804769892757	1.3175176997623
0.617757540034905	1.0562366968711
0.309153522185859	0.831306789463115
0.454936482343128	1.30097619008972
-0.50083568595353	0.96833161195793
0.304045419907849	0.483990167442991
-0.0655976950512313	0.0849874142418794
0.362604417838917	0.416734148097704
0.150352856123273	0.128599893503525
-0.0560736662196968	0.0683492286337389
0.409161510456445	0.571787227015556
1.27386542926324	2.01956374473644
0.412835926189751	0.42054567226805
-0.104323813140772	0.237997787532868
-0.0712096698523045	0.224848191387114
-0.0543316204473988	0.142319738400511
0.0671030287736215	0.153500945892615
0.156485694872651	0.399181006033654
0.193102561722668	0.476154884579336
0.230257954161205	0.622950225037625
0.219207398402626	0.508456714351544
-0.0990191001757204	0.163476712287943
0.124874880833014	0.242968895075254
0.167721873622191	0.33772169043852
-0.0453089466129054	0.0654910077850327
0.629080477639394	0.385645318053262
0.622390403136025	0.660789982119781
0.202087707981364	0.402536808744061
0.255099062318556	0.55109958771182
0.160795710960414	0.537252595426413
0.0910363041761258	0.269818705752678
0.159169896436873	0.549519928458516
0.0203534878845235	0.0486123237369509
0.241537443168483	0.980339325183557
0.203502569571882	0.550430252913729
-0.0554546806720821	0.0657572711005239
0.0907674716261301	0.173877998926012
0.812784376727975	3.01419076289042
0.319142995869416	0.587387729408433
0.201861225592892	0.324578479386938
0.459888882280409	1.05252038216178
-0.0244104525391329	0.0202351217632653
-0.241147720027181	0.233311924545466
0.101686628742648	0.154140794660556
0.435293128812236	0.71807675470524
1.9760405399428	0.493213117693187
0.273578476208813	0.246393090351678
0.617294967403163	0.278345231473078
0.320081720951801	0.69797004631298
0.260107271467946	0.688337564715692
-0.0981990641534724	0.186737725074171
0.611295596661916	1.46613057926151
0.551132964447127	1.79906808385611
0.166113632786925	0.551297083043786
-0.0167350898812002	0.0383720756255117
0.136961482257492	0.429987414074894
0.0644243707123477	0.175131223855337
0.0682295824232551	0.176652952055135
0.181809381783302	0.608822304228892
-0.0796806079954366	0.221041564192015
0.0920123284685109	0.224202308753984
0.333924813717496	1.21467338024267
0.473445243751475	1.80849528192203
0.0304980720103646	0.0502940324888623
0.0599544148847858	0.102351452443726
0.379561348809398	1.07623118475742
0.0426459403476605	0.0519464054056959
0.0284025534363446	0.03943353742629
-0.16184970141143	0.319680993666123
0.0657017333829022	0.0888144527667567
1.97547028331465	0.493643388518992
1.9760405399428	0.493213117693187
0.145386713104681	0.161763594324744
0.62974056390044	0.38631331065708
0.359780646073399	1.10010854201143
0.188837877285222	0.513004988327568
0.379482226896549	0.998899970594532
0.422080295555871	0.992891677009166
0.320450063837153	1.04074080278509
0.154365941006942	0.440660127756927
0.135170767690731	0.3581978796733
0.0786721572509943	0.186414792565074
0.123316762490626	0.299704952333039
0.0764893432132512	0.170812762040909
0.17740272282707	0.518482194640253
0.183218335227158	0.511335825214535
-0.00176916070103282	0.00387833169163002
0.0366067451148513	0.112642654072751
0.492110209319699	3.64407338363866
0.332972026010905	1.45173248538309
0.529960102029762	2.77723787547539
-0.00219219861224679	0.00423056655735401
0.201837476971514	0.613144579838806
0.41479164216216	1.65114317838299
0.0531375137853189	0.106113761241297
0.469719544831931	1.82094484929256
0.108837526269109	0.225961497847952
0.253178819866829	0.580956190737084
1.9760405399428	0.493213117693187
0.94967655119926	1.84989398438583
-0.701244592030877	0.633861668942711
0.410636414200315	1.37850131744982
0.592760979543308	3.09513384316389
0.234750201354876	0.572993372009196
0.636145037262122	2.02230748470007
0.152466669751166	0.35474588527498
0.0547275373228221	0.137342822940727
0.0717973728843165	0.178054335962003
0.318138831745761	1.28849935006702
0.360408825615756	1.63944542208283
0.440488310938237	2.11697998007856
0.233644575350096	0.799589482711326
0.294366764305844	1.14924458305804
0.208656740635943	0.672218896279698
0.241252319294809	0.885678758211579
0.248376280868146	1.21012484367325
0.100121056642237	0.298986012161005
0.618229329622561	3.898749096713
0.468242315442009	2.17950130363094
0.221151456931345	0.629443264949397
0.0549336623667942	0.120103402828526
0.305106752603099	0.935708869161109
0.0620911453245794	0.111716494778002
0.15213335492123	0.28805223563263
0.0182785220074365	0.0298674990029498
0.234079878541663	0.436485104058004
1.9760405399428	0.493213117693187
-0.989516101699305	1.7189909877365
0.466434042723506	0.357688365936629
1.01675985419076	4.14654105520111
0.702249784260112	3.46366223932669
0.240267492586244	0.721700897002489
0.343541000005434	0.681397325744837
0.53186221945325	1.50008229624006
0.548223162898964	4.34118084525377
0.263563508275931	1.37533713035678
0.535149770095009	4.36644397233316
0.294682122741082	1.59550073543606
0.406907147416295	2.75249578921574
0.556520857078638	4.72923557216535
0.30484622673264	1.73932127583736
0.415713215878204	2.77413942893541
0.291167144629663	1.53848057122307
0.254805237236555	0.859347949729399
0.263992125471216	0.483047786641486
0.36319877768142	1.25276978243312
0.624630221219256	2.78726231279149
0.441518404361575	0.99222552324522
0.567588495849217	1.47863706394826
0.1196618247331	0.196169890827564
0.294558094230558	0.335944562242809
0.0862143583167857	0.0754572364798645
0.479905370998701	1.14716346124313
0.704604936869743	1.52825152190691
0.875106962363992	1.67932698972059
1.9760405399428	0.493213117693187
0.771623900445588	1.39644008375367
1.15276446075953	1.28121619048466
0.371356084762637	1.13381085792891
0.251816309728118	0.91833958293408
0.298347573186054	1.16548709498067
0.481918317002651	1.40591070167082
0.679112696485829	2.66738700382689
0.217407540899434	1.12632105416503
0.463519910760804	3.80487189005222
0.345356487773508	2.43382610879663
0.506343311909996	4.37540468656743
0.437516022641473	3.30305037991175
0.353404548695317	2.45130744549544
0.269356003601252	1.5108167330679
0.228031108151091	1.13581449976609
0.154400865526007	0.645517476144528
0.251255943684119	0.782970181627453
0.360197203173403	1.0945908102935
0.138944144225878	0.219807647948674
0.106820908018034	0.167955246033873
0.201250935475948	0.363934935317743
0.260754838265987	0.274965039408698
-0.149068843658244	0.13760763363541
0.123509953312713	0.193678124735167
0.295160623206292	0.46964587427652
-0.111401765874892	0.258117674053753
-0.0568401890321339	0.120050409695658
0.421802566131066	1.19610716676356
0.118553449042616	0.161307543261299
0.159218485328717	0.285580673789574
0.201207210531247	0.552903608620792
0.222825705646172	0.60411443203223
0.275229328568456	0.827923462405294
0.120481934513315	0.260546327271478
0.0894852813274275	0.187277227373138
0.273028384295691	0.744116896416464
0.268297076941625	0.708984962373566
0.159606510660627	0.344474678824804
0.248848413985084	0.593799576442888
0.241418590116381	0.506209417433063
0.643114357626366	2.0145707742902
-0.008155311173687	0.0100101959677679
0.468513956610011	0.905041167617947
0.717697273704522	1.19217083301316
0.832656034572159	1.70089917014535
0.435215499799229	0.529118040193165
0.489929374678457	0.650250625563691
-0.455185785353566	0.77310165184573
0.439698683044716	0.505841432046498
0.564038807935921	0.56356803201402
0.579842842102924	0.567752728542659
-1.08738636458277	0.437367629354033
0.70114593319204	0.39181984232835
-0.203064272882532	0.122234455938913
0.531999249532345	0.263943788853173
-1.55827146507443	0.800664919137366
-0.0912398066731183	0.047382915411091
-2.53898850837204	1.43136581753235
0.827131342027728	0.428689146778807
0.464429236846016	0.16346936705331
1.01064374208953	0.710787899536635
2.6783393311619	1.59201531428475
0.481262373103108	0.447699657375367
0.827352610272206	0.664887431751933
1.16989229868714	0.766988342617137
0.531898131124714	0.264078494797168
0.0902694483402976	0.0261744523134183
0.136032867380314	0.0336051051380813
1.97790917110466	0.492162248022775
1.9760405399428	0.493213117693187
1.97547028331465	0.493643388518992
0.16307322360636	0.0318815003319474
-1.78355593853231	0.415040398756502
1.97790917110466	0.492162248022775
1.00185486433589	2.17510595240634
-0.358414264204407	0.425011747723787
0.637439132335415	0.594422689977011
-0.882368358588892	0.472630288262373
0.208640957485132	0.155850419059529
0.933108259632524	1.2134673084014
1.46944768393245	2.02524775821719
0.630873621422318	0.573191809556741
1.37911910601927	1.91580012102494
0.647830893507103	0.499516484221379
1.26034790046503	1.22071643645948
0.964694157445709	0.931021854179773
0.707426484428514	0.397894887089439
0.484407903521706	0.613269105210931
0.219148958466194	0.14629759199725
-0.318016281812037	0.208634910578837
0.706783504188088	0.400208511146091
0.622570316148265	0.38340675632896
1.50548459572377	0.719542116694175
0.760082412981123	0.728995738657394
-0.282890012232892	0.154113014608335
-0.679119154386832	0.330915005943018
0.82288231131435	0.42437824958488
0.0647584655600468	0.029196404289018
1.51104016294551	0.72234347373097
1.57256616125864	1.37312710618778
0.252889775172683	0.131285709720146
1.78420478138159	0.678695687668025
0.987513749208342	0.362851415286184
0.374143126208347	0.144722362837972
0.133271254304781	0.0330736858737192
2.06274546205155	0.902931253229983
1.42662830143714	0.462133777671899
0.931562386845422	0.243619932940969
-0.0268798607942279	0.109473971063162
-0.000833136465257623	0.00266495093022317
0.106628913250398	0.295355861590254
-0.284218156069447	0.719767295498122
0.0776259811720394	0.181236650945658
0.36216003744496	1.45055350120136
0.544127302076222	2.32343056208445
0.423789422352598	1.50669253766435
0.454606641357058	1.43827449629539
0.315086186114445	0.773833664212022
0.581782825042005	2.02158551806501
0.553268739359778	1.81535560522228
0.381607155933377	0.836938045079161
0.310406985009573	0.626073358973822
0.302199761623994	0.534008515316293
1.14854624664834	3.58429386549482
0.204643014670745	0.270058844013584
0.471793538608833	0.930004470518808
0.376611174429374	0.592672335654164
0.0441864172890956	0.0451416314800468
0.0904784897569064	0.487766521498155
-0.0963804061955081	0.385674715411721
0.08451851602091	0.198139788000287
0.0727624209387176	0.195440367643494
0.108123426804472	0.375667144534013
0.560822942803214	3.85758918762512
0.24874416704093	0.967801946690826
0.369832285739775	1.59164570396837
0.400192095442697	1.59921955765874
0.247063858367644	0.702424461497352
0.273854857573868	0.745062098273273
0.476031955951051	1.38297840608438
0.329146202785291	0.664557648957879
0.100605604706875	0.148866298535734
0.214318695686243	0.379715458597151
0.510178525539671	0.759799457150728
0.103125811175714	0.113044803976869
-0.0184337706063478	0.0215622358803135
-0.416216995928961	0.614049137708433
0.0178073773274357	0.0710327472042761
-0.12768988055714	0.350611997759411
-0.166132044223052	0.503508620514649
0.0615185094843405	0.218151299042164
0.503664329133362	4.02492474573103
0.570780496824163	4.62126978199178
0.45393914037839	2.74004332553615
0.414591055970832	1.16145679359994
0.711907026686453	2.11242501856616
0.276917415252595	0.405008434346463
0.513923998159213	0.842220181821862
0.244298261908492	0.323073286343598
0.0669699139517993	0.0532077649532666
0.362157372993431	0.340488354871033
0.0902438322994983	0.096363290323845
0.0656105195891284	0.0531974538739926
-0.056034992302194	0.231296792827965
-0.204262230755614	1.15559801339346
0.230642890693187	1.290893460736
0.424214959785554	2.66146122652388
0.367451097467699	1.7826591251931
0.407413958324109	1.10631509153186
0.833971934402613	2.38259332896207
0.0443740489498085	0.052050245840507
-0.257014879213906	0.333479977688734
-0.0174743886311885	0.0191229856479968
-0.0963210227725069	0.0850859649941216
0.583023176882411	0.773461002093266
0.0301607575960458	0.0300534446643882
-0.126690653196292	0.1173127225668
-0.156762659188046	1.10389100239061
0.550746982745661	7.42321107642668
0.873962089740518	10.0347484241879
0.514693583262698	3.15826247643352
0.0295477056379833	0.0618798322812621
0.510152445147662	1.77149728049045
0.318833738502605	0.809567881391428
0.0481373306033729	0.070569460307929
0.0965096221154053	0.157073092508651
0.424118189509663	0.926840492976196
-0.19026957451679	0.326465678169067
-0.226634466830021	0.382769336967332
-0.0553208232002856	0.068883493080973
0.244528613545499	0.860156177249378
-0.246468828364667	0.640108753375886
0.0368474694302921	0.065769768383327
0.25949154627584	0.611450695939332
0.40703865037245	0.560183884615399
-0.466546837441861	0.597898786074823
-0.213718873976607	0.418996008317171
0.169721308149845	0.242700981501584
0.199718310498551	0.741743518155313
0.0157441925046014	0.0315020413848716
-0.216131666452286	0.476541360580931
0.139801905301974	0.260569828732806
-0.154396191847661	0.284053631415963
0.64911666265275	0.989340356036624
0.27418768991689	0.266392852164813
0.0773991720102006	0.121093493022729
0.374327463723168	0.681758637967548
0.0342373265451201	0.0931435095444561
0.396658329162746	1.84205225988919
0.18634946115376	0.457586061784744
0.26751685378573	0.690162293786252
0.257715588228283	0.647699555398512
0.704035478481665	1.1846608378593
-0.288287424364507	0.347384469373101
-0.103944024560068	0.174562223382311
0.0564081231022732	0.0724922813061793
0.566730460572466	4.43210227493218
0.251617924543564	0.997409705602491
0.120651267266345	0.266496607279573
0.148738868733909	0.32834468507686
0.0553492045250075	0.100326533040899
0.67248771768298	0.988195559342312
0.388595217086937	0.564873321488049
0.114337903814242	0.200780678821656
-0.0552371443619211	0.0785208742414234
0.276907023961477	1.40783151547659
0.182160835976235	0.631416277433573
0.177104294465608	0.443860430827615
0.287730339037105	0.817330176739635
0.259907658602408	0.72718829587324
0.292034588875002	0.347844381668214
0.60634238132813	1.02765655623079
0.0823178448287014	0.143734668195507
-0.00379181508962628	0.00483673016374985
0.395731048075326	1.44821299091468
0.311308678883621	1.804224395356
0.514551247301051	3.46609496908949
0.306697974063663	1.06728421272889
0.309578043987819	1.06557164056286
0.331063387528313	1.03351277491998
0.496152712472864	0.765041935246422
0.256246599213228	0.313195459334222
0.226784744634054	0.505490889640968
0.548699450448837	1.22411419182345
0.12407168633319	0.575182103140048
0.280056891111299	0.922186414496655
0.485010678418406	3.86216900864801
0.552301731253779	3.84844463991956
0.439324814831424	1.82454730062397
0.125456024705511	0.301910195472903
0.0955418536879167	0.2068230694059
0.284660479087795	0.400915587882962
0.110171709657163	0.108911919654304
-0.170146527563778	0.373032572669054
-0.269139166665451	0.474586016533758
0.147706122988266	0.781197538519234
0.493544971294542	2.42034604030507
0.385907759383382	2.80290338313703
0.50541721746545	3.53707913452993
0.132836412594579	0.347990689422026
0.29951461482282	1.03846731581522
0.307347428530332	0.967457123912556
-0.12768457257057	0.144238288369804
-0.233603480553808	0.287095154905528
0.156227011893483	0.323873642489036
0.0509163422741149	0.0697953141245202
0.216615503601145	1.7282999772826
0.404009843870598	2.48024252970701
0.441589433424439	4.19649621614994
0.499017113395234	4.09876885065747
0.454269262198973	2.50947597615433
0.180744766747494	0.592291144035184
0.42203855918456	1.76426534089517
0.0196396702151732	0.0207314740713473
0.155243872753673	0.187105260770505
0.0226863239752349	0.0405896598701356
-0.0378586229199552	0.0506957076208877
-0.0976562482705789	0.706727352782669
-0.0689707627022215	0.406225793887135
0.260749930809455	2.33162103819541
0.472824557603569	5.33160515072775
0.247956018963427	1.58412744123055
0.0624566369010534	0.231386235471821
0.515633954076662	4.34546141592656
0.191478819447963	0.774334727402226
0.0599899357561323	0.16925082230386
0.124353457995617	0.385758784527928
-0.17559376320555	0.438802828350395
-0.0562026480521442	0.349816869612066
0.0289307634680949	0.13520941744273
0.182252235375351	1.1921304332646
-0.12210991753679	0.660395404371437
-0.012495799158479	0.0424552326964143
0.245623583397539	1.51257630070951
0.113237194913431	0.518881690109056
0.086248497257042	0.354882031962654
0.107266678144067	0.33112989876186
-0.0195986411951414	0.0413749365957478
-0.0791070158976433	0.525068513051507
-0.0834756468580097	0.520013508864144
-0.498811352411502	7.67679697598809
-0.300231820315254	3.06943993598657
-0.235348307120225	1.94126864464224
-0.320341553453243	2.08182597595633
-0.230546767029635	0.998108376653202
-0.26798365578975	1.6001160206914
-0.433728485710793	1.75079779997273
-0.0301341999397524	0.161015448590096
-0.565473416262072	10.9644434143585
-0.164163944383394	1.24423461671313
-0.0996897391997474	0.56692775559284
0.0735778569473006	0.29306977735802
0.0421094066595716	0.132410041567222
-0.0101506039563222	0.0318839381063628
-0.0703715152920336	0.175363765215056
-0.0243444797618031	0.125814032749825
0.0732972722864899	0.440061100864986
0.188597649261619	1.50906306690571
0.259102021744339	1.94381677956669
0.175768948079036	0.940275766084853
0.100476905703011	0.436821710231662
0.150728074281892	0.470675023012316
-0.0779768847896272	0.528304410419123
0.0716794485100334	0.437785506998848
0.203043143133424	1.58342789392163
-0.176871025098716	1.07400865496478
-0.0930798558989023	0.447084655101551
-0.086802911575595	0.27981579018004
0.0204169157050875	0.105650189550991
-0.457106535478313	7.57227710445489
-0.590979871567018	9.56847653948782
-0.26198206387131	2.18672888994843
-0.190984383250008	0.913343786949725
0.0808874721555914	0.551154521479593
-0.32977100816017	4.51205689465919
-0.135974661583732	0.856108792861677
-0.0656253785402037	0.26232543678882
0.0692923777487206	0.452940470606984
-0.0667820563671822	0.380479901831134
-0.0108102882914284	0.0412518132392596
0.0287874968518633	0.153947766848062
0.173876317828194	1.43044178428683
-0.0131265932828914	0.0618710632010286
